province,source,sheet,year,period_type,period,category,value_millions,category_normalized
Buenos Aires,informacion_consolidada2025_5.xlsx,enero,2025,month,2025-01,C.F.I. | Neta De | Ley Nº 26.075,939983.6231,CFI | Neta
Buenos Aires,informacion_consolidada2025_5.xlsx,enero,2025,month,2025-01,Compensación | Consenso Fiscal | II. a y b; II. d y e | (2),115238.39665800001,Compensación Consenso Fiscal
Buenos Aires,informacion_consolidada2025_5.xlsx,enero,2025,month,2025-01,F.E.D.E.I.,0.0,F.E.D.E.I.
Buenos Aires,informacion_consolidada2025_5.xlsx,enero,2025,month,2025-01,F.E.D.E.I.,0.0,F.E.D.E.I.
Buenos Aires,informacion_consolidada2025_5.xlsx,enero,2025,month,2025-01,Financ. | Educativo | Ley Nº 26.075,0.0,Financiamiento Educativo
Buenos Aires,informacion_consolidada2025_5.xlsx,enero,2025,month,2025-01,Fondo | Compens. | de | Desequilib.,0.0,Fondo | Compens. | de | Desequilib.
Buenos Aires,informacion_consolidada2025_5.xlsx,enero,2025,month,2025-01,I.V.A. | Ley Nº 23.966 | Art. 5 | Punto 2,15987.4904,I.V.A. | Ley Nº 23.966 | Art. 5 | Punto 2
Buenos Aires,informacion_consolidada2025_5.xlsx,enero,2025,month,2025-01,Impuesto a los Combustibles Líquidos | Ley Nº 23.966 y Nº 24.699 | Obras de | Infraestr.,1602.5312,Impuesto a los Combustibles Líquidos | Ley Nº 23.966 y Nº 24.699 | Obras de | Infraestr.
Buenos Aires,informacion_consolidada2025_5.xlsx,enero,2025,month,2025-01,Impuesto s/ | Los Activos | Fdo. Educ. | Ley Nº 23.906,0.0,Impuesto s/ | Los Activos | Fdo. Educ. | Ley Nº 23.906
Buenos Aires,informacion_consolidada2025_5.xlsx,enero,2025,month,2025-01,Impuesto sobre los | Bienes Personales | Ley | Nº 24.699,5593.504599999999,Impuesto sobre los | Bienes Personales | Ley | Nº 24.699
Buenos Aires,informacion_consolidada2025_5.xlsx,enero,2025,month,2025-01,Ley Nº 23.966 | Art. 30,1331.65,Ley Nº 23.966 | Art. 30
Buenos Aires,informacion_consolidada2025_5.xlsx,enero,2025,month,2025-01,Ley Nº 24.464 | FO.NA.VI.,5261.9705,Ley Nº 24.464 | FO.NA.VI.
Buenos Aires,informacion_consolidada2025_5.xlsx,enero,2025,month,2025-01,Reg.Simplif. | P/Peq.Contrib. | Ley Nº 24.977 | Aart. 59 Inc. A,1864.5871000000002,Reg.Simplif. | P/Peq.Contrib. | Ley Nº 24.977 | Aart. 59 Inc. A
Buenos Aires,informacion_consolidada2025_5.xlsx,enero,2025,month,2025-01,Régimen de la Energía Eléctrica | L E Y Nº 2 4 . 0 6 5 | Fdo. P/Comp. | Tarifa Elect.,0.0,Régimen de la Energía Eléctrica | L E Y Nº 2 4 . 0 6 5 | Fdo. P/Comp. | Tarifa Elect.
Buenos Aires,informacion_consolidada2025_5.xlsx,enero,2025,month,2025-01,Subtotal,939983.6231,Subtotal
Buenos Aires,informacion_consolidada2025_5.xlsx,enero,2025,month,2025-01,Subtotal,940018.6315,Subtotal
Buenos Aires,informacion_consolidada2025_5.xlsx,enero,2025,month,2025-01,Total | (1) + (2),1090258.445758,Total | (1) + (2)
Buenos Aires,informacion_consolidada2025_5.xlsx,enero,2025,month,2025-01,Total | Recursos | Origen Nacional | (1),975020.0491000001,Total | Recursos | Origen Nacional | (1)
Buenos Aires,informacion_consolidada2025_5.xlsx,enero,2025,month,2025-01,Transfer. | De Servicios | Ley | Nº 24.049,35.008399999999995,Transfer. | De Servicios | Ley | Nº 24.049
Buenos Aires,informacion_consolidada2025_5.xlsx,enero,2025,month,2025-01,Vialidad | Provincial,3359.6838,Vialidad | Provincial
Buenos Aires,informacion_consolidada2025_5.xlsx,febrero,2025,month,2025-02,C.F.I. | Neta De | Ley Nº 26.075,866688.8415,CFI | Neta
Buenos Aires,informacion_consolidada2025_5.xlsx,febrero,2025,month,2025-02,Compensación | Consenso Fiscal | II. a y b; II. d y e | (2),104762.17878,Compensación Consenso Fiscal
Buenos Aires,informacion_consolidada2025_5.xlsx,febrero,2025,month,2025-02,F.E.D.E.I.,149.78904740000002,F.E.D.E.I.
Buenos Aires,informacion_consolidada2025_5.xlsx,febrero,2025,month,2025-02,F.E.D.E.I.,89.76723187308667,F.E.D.E.I.
Buenos Aires,informacion_consolidada2025_5.xlsx,febrero,2025,month,2025-02,Financ. | Educativo | Ley Nº 26.075,0.0,Financiamiento Educativo
Buenos Aires,informacion_consolidada2025_5.xlsx,febrero,2025,month,2025-02,Fondo | Compens. | de | Desequilib.,0.0,Fondo | Compens. | de | Desequilib.
Buenos Aires,informacion_consolidada2025_5.xlsx,febrero,2025,month,2025-02,I.V.A. | Ley Nº 23.966 | Art. 5 | Punto 2,13999.742199999999,I.V.A. | Ley Nº 23.966 | Art. 5 | Punto 2
Buenos Aires,informacion_consolidada2025_5.xlsx,febrero,2025,month,2025-02,Impuesto a los Combustibles Líquidos | Ley Nº 23.966 y Nº 24.699 | Obras de | Infraestr.,2056.4866,Impuesto a los Combustibles Líquidos | Ley Nº 23.966 y Nº 24.699 | Obras de | Infraestr.
Buenos Aires,informacion_consolidada2025_5.xlsx,febrero,2025,month,2025-02,Impuesto s/ | Los Activos | Fdo. Educ. | Ley Nº 23.906,0.0,Impuesto s/ | Los Activos | Fdo. Educ. | Ley Nº 23.906
Buenos Aires,informacion_consolidada2025_5.xlsx,febrero,2025,month,2025-02,Impuesto sobre los | Bienes Personales | Ley | Nº 24.699,7758.1889,Impuesto sobre los | Bienes Personales | Ley | Nº 24.699
Buenos Aires,informacion_consolidada2025_5.xlsx,febrero,2025,month,2025-02,Ley Nº 23.966 | Art. 30,1846.998,Ley Nº 23.966 | Art. 30
Buenos Aires,informacion_consolidada2025_5.xlsx,febrero,2025,month,2025-02,Ley Nº 24.464 | FO.NA.VI.,6628.4625,Ley Nº 24.464 | FO.NA.VI.
Buenos Aires,informacion_consolidada2025_5.xlsx,febrero,2025,month,2025-02,Reg.Simplif. | P/Peq.Contrib. | Ley Nº 24.977 | Aart. 59 Inc. A,2719.2284,Reg.Simplif. | P/Peq.Contrib. | Ley Nº 24.977 | Aart. 59 Inc. A
Buenos Aires,informacion_consolidada2025_5.xlsx,febrero,2025,month,2025-02,Régimen de la Energía Eléctrica | L E Y Nº 2 4 . 0 6 5 | Fdo. P/Comp. | Tarifa Elect.,124.44429463948171,Régimen de la Energía Eléctrica | L E Y Nº 2 4 . 0 6 5 | Fdo. P/Comp. | Tarifa Elect.
Buenos Aires,informacion_consolidada2025_5.xlsx,febrero,2025,month,2025-02,Subtotal,866688.8415,Subtotal
Buenos Aires,informacion_consolidada2025_5.xlsx,febrero,2025,month,2025-02,Subtotal,866723.8499,Subtotal
Buenos Aires,informacion_consolidada2025_5.xlsx,febrero,2025,month,2025-02,Total | (1) + (2),1011091.3029539125,Total | (1) + (2)
Buenos Aires,informacion_consolidada2025_5.xlsx,febrero,2025,month,2025-02,Total | Recursos | Origen Nacional | (1),906329.1241739126,Total | Recursos | Origen Nacional | (1)
Buenos Aires,informacion_consolidada2025_5.xlsx,febrero,2025,month,2025-02,Transfer. | De Servicios | Ley | Nº 24.049,35.008399999999995,Transfer. | De Servicios | Ley | Nº 24.049
Buenos Aires,informacion_consolidada2025_5.xlsx,febrero,2025,month,2025-02,Vialidad | Provincial,4232.1671,Vialidad | Provincial
Buenos Aires,informacion_consolidada2025_5.xlsx,marzo,2025,month,2025-03,C.F.I. | Neta De | Ley Nº 26.075,694053.8868,CFI | Neta
Buenos Aires,informacion_consolidada2025_5.xlsx,marzo,2025,month,2025-03,Compensación | Consenso Fiscal | II. a y b; II. d y e | (2),94285.96090199999,Compensación Consenso Fiscal
Buenos Aires,informacion_consolidada2025_5.xlsx,marzo,2025,month,2025-03,F.E.D.E.I.,86.89461845000001,F.E.D.E.I.
Buenos Aires,informacion_consolidada2025_5.xlsx,marzo,2025,month,2025-03,F.E.D.E.I.,152.26435066181008,F.E.D.E.I.
Buenos Aires,informacion_consolidada2025_5.xlsx,marzo,2025,month,2025-03,Financ. | Educativo | Ley Nº 26.075,90690.13827112,Financiamiento Educativo
Buenos Aires,informacion_consolidada2025_5.xlsx,marzo,2025,month,2025-03,Fondo | Compens. | de | Desequilib.,0.0,Fondo | Compens. | de | Desequilib.
Buenos Aires,informacion_consolidada2025_5.xlsx,marzo,2025,month,2025-03,I.V.A. | Ley Nº 23.966 | Art. 5 | Punto 2,13095.9135,I.V.A. | Ley Nº 23.966 | Art. 5 | Punto 2
Buenos Aires,informacion_consolidada2025_5.xlsx,marzo,2025,month,2025-03,Impuesto a los Combustibles Líquidos | Ley Nº 23.966 y Nº 24.699 | Obras de | Infraestr.,1878.227,Impuesto a los Combustibles Líquidos | Ley Nº 23.966 y Nº 24.699 | Obras de | Infraestr.
Buenos Aires,informacion_consolidada2025_5.xlsx,marzo,2025,month,2025-03,Impuesto s/ | Los Activos | Fdo. Educ. | Ley Nº 23.906,0.0,Impuesto s/ | Los Activos | Fdo. Educ. | Ley Nº 23.906
Buenos Aires,informacion_consolidada2025_5.xlsx,marzo,2025,month,2025-03,Impuesto sobre los | Bienes Personales | Ley | Nº 24.699,3547.6395,Impuesto sobre los | Bienes Personales | Ley | Nº 24.699
Buenos Aires,informacion_consolidada2025_5.xlsx,marzo,2025,month,2025-03,Ley Nº 23.966 | Art. 30,844.5893000000001,Ley Nº 23.966 | Art. 30
Buenos Aires,informacion_consolidada2025_5.xlsx,marzo,2025,month,2025-03,Ley Nº 24.464 | FO.NA.VI.,6053.8966,Ley Nº 24.464 | FO.NA.VI.
Buenos Aires,informacion_consolidada2025_5.xlsx,marzo,2025,month,2025-03,Reg.Simplif. | P/Peq.Contrib. | Ley Nº 24.977 | Aart. 59 Inc. A,2925.3355,Reg.Simplif. | P/Peq.Contrib. | Ley Nº 24.977 | Aart. 59 Inc. A
Buenos Aires,informacion_consolidada2025_5.xlsx,marzo,2025,month,2025-03,Régimen de la Energía Eléctrica | L E Y Nº 2 4 . 0 6 5 | Fdo. P/Comp. | Tarifa Elect.,211.0840372577422,Régimen de la Energía Eléctrica | L E Y Nº 2 4 . 0 6 5 | Fdo. P/Comp. | Tarifa Elect.
Buenos Aires,informacion_consolidada2025_5.xlsx,marzo,2025,month,2025-03,Subtotal,784744.02507112,Subtotal
Buenos Aires,informacion_consolidada2025_5.xlsx,marzo,2025,month,2025-03,Subtotal,784779.03347112,Subtotal
Buenos Aires,informacion_consolidada2025_5.xlsx,marzo,2025,month,2025-03,Total | (1) + (2),911726.1547794895,Total | (1) + (2)
Buenos Aires,informacion_consolidada2025_5.xlsx,marzo,2025,month,2025-03,Total | Recursos | Origen Nacional | (1),817440.1938774895,Total | Recursos | Origen Nacional | (1)
Buenos Aires,informacion_consolidada2025_5.xlsx,marzo,2025,month,2025-03,Transfer. | De Servicios | Ley | Nº 24.049,35.008399999999995,Transfer. | De Servicios | Ley | Nº 24.049
Buenos Aires,informacion_consolidada2025_5.xlsx,marzo,2025,month,2025-03,Vialidad | Provincial,3865.316,Vialidad | Provincial
Buenos Aires,informacion_consolidada2025_5.xlsx,abril,2025,month,2025-04,C.F.I. | Neta De | Ley Nº 26.075,480844.1324,CFI | Neta
Buenos Aires,informacion_consolidada2025_5.xlsx,abril,2025,month,2025-04,Compensación | Consenso Fiscal | II. a y b; II. d y e | (2),113812.225717,Compensación Consenso Fiscal
Buenos Aires,informacion_consolidada2025_5.xlsx,abril,2025,month,2025-04,F.E.D.E.I.,109.58215049572523,F.E.D.E.I.
Buenos Aires,informacion_consolidada2025_5.xlsx,abril,2025,month,2025-04,F.E.D.E.I.,131.33269372811878,F.E.D.E.I.
Buenos Aires,informacion_consolidada2025_5.xlsx,abril,2025,month,2025-04,Financ. | Educativo | Ley Nº 26.075,362760.5530844802,Financiamiento Educativo
Buenos Aires,informacion_consolidada2025_5.xlsx,abril,2025,month,2025-04,Fondo | Compens. | de | Desequilib.,0.0,Fondo | Compens. | de | Desequilib.
Buenos Aires,informacion_consolidada2025_5.xlsx,abril,2025,month,2025-04,I.V.A. | Ley Nº 23.966 | Art. 5 | Punto 2,13989.0761,I.V.A. | Ley Nº 23.966 | Art. 5 | Punto 2
Buenos Aires,informacion_consolidada2025_5.xlsx,abril,2025,month,2025-04,Impuesto a los Combustibles Líquidos | Ley Nº 23.966 y Nº 24.699 | Obras de | Infraestr.,2085.5081999999998,Impuesto a los Combustibles Líquidos | Ley Nº 23.966 y Nº 24.699 | Obras de | Infraestr.
Buenos Aires,informacion_consolidada2025_5.xlsx,abril,2025,month,2025-04,Impuesto s/ | Los Activos | Fdo. Educ. | Ley Nº 23.906,0.0,Impuesto s/ | Los Activos | Fdo. Educ. | Ley Nº 23.906
Buenos Aires,informacion_consolidada2025_5.xlsx,abril,2025,month,2025-04,Impuesto sobre los | Bienes Personales | Ley | Nº 24.699,6633.8547,Impuesto sobre los | Bienes Personales | Ley | Nº 24.699
Buenos Aires,informacion_consolidada2025_5.xlsx,abril,2025,month,2025-04,Ley Nº 23.966 | Art. 30,1579.3268999999998,Ley Nº 23.966 | Art. 30
Buenos Aires,informacion_consolidada2025_5.xlsx,abril,2025,month,2025-04,Ley Nº 24.464 | FO.NA.VI.,6722.0048,Ley Nº 24.464 | FO.NA.VI.
Buenos Aires,informacion_consolidada2025_5.xlsx,abril,2025,month,2025-04,Reg.Simplif. | P/Peq.Contrib. | Ley Nº 24.977 | Aart. 59 Inc. A,2997.0549,Reg.Simplif. | P/Peq.Contrib. | Ley Nº 24.977 | Aart. 59 Inc. A
Buenos Aires,informacion_consolidada2025_5.xlsx,abril,2025,month,2025-04,Régimen de la Energía Eléctrica | L E Y Nº 2 4 . 0 6 5 | Fdo. P/Comp. | Tarifa Elect.,182.06648566799663,Régimen de la Energía Eléctrica | L E Y Nº 2 4 . 0 6 5 | Fdo. P/Comp. | Tarifa Elect.
Buenos Aires,informacion_consolidada2025_5.xlsx,abril,2025,month,2025-04,Subtotal,843604.6854844802,Subtotal
Buenos Aires,informacion_consolidada2025_5.xlsx,abril,2025,month,2025-04,Subtotal,843639.6938844803,Subtotal
Buenos Aires,informacion_consolidada2025_5.xlsx,abril,2025,month,2025-04,Total | (1) + (2),996173.618831372,Total | (1) + (2)
Buenos Aires,informacion_consolidada2025_5.xlsx,abril,2025,month,2025-04,Total | Recursos | Origen Nacional | (1),882361.393114372,Total | Recursos | Origen Nacional | (1)
Buenos Aires,informacion_consolidada2025_5.xlsx,abril,2025,month,2025-04,Transfer. | De Servicios | Ley | Nº 24.049,35.008399999999995,Transfer. | De Servicios | Ley | Nº 24.049
Buenos Aires,informacion_consolidada2025_5.xlsx,abril,2025,month,2025-04,Vialidad | Provincial,4291.8922999999995,Vialidad | Provincial
Buenos Aires,informacion_consolidada2025_5.xlsx,mayo,2025,month,2025-05,C.F.I. | Neta De | Ley Nº 26.075,722031.6801,CFI | Neta
Buenos Aires,informacion_consolidada2025_5.xlsx,mayo,2025,month,2025-05,Compensación | Consenso Fiscal | II. a y b; II. d y e | (2),119802.34286,Compensación Consenso Fiscal
Buenos Aires,informacion_consolidada2025_5.xlsx,mayo,2025,month,2025-05,F.E.D.E.I.,211.25900365667474,F.E.D.E.I.
Buenos Aires,informacion_consolidada2025_5.xlsx,mayo,2025,month,2025-05,F.E.D.E.I.,488.74226440980135,F.E.D.E.I.
Buenos Aires,informacion_consolidada2025_5.xlsx,mayo,2025,month,2025-05,Financ. | Educativo | Ley Nº 26.075,374096.8203683703,Financiamiento Educativo
Buenos Aires,informacion_consolidada2025_5.xlsx,mayo,2025,month,2025-05,Fondo | Compens. | de | Desequilib.,0.0,Fondo | Compens. | de | Desequilib.
Buenos Aires,informacion_consolidada2025_5.xlsx,mayo,2025,month,2025-05,I.V.A. | Ley Nº 23.966 | Art. 5 | Punto 2,13115.874800000001,I.V.A. | Ley Nº 23.966 | Art. 5 | Punto 2
Buenos Aires,informacion_consolidada2025_5.xlsx,mayo,2025,month,2025-05,Impuesto a los Combustibles Líquidos | Ley Nº 23.966 y Nº 24.699 | Obras de | Infraestr.,2269.1846,Impuesto a los Combustibles Líquidos | Ley Nº 23.966 y Nº 24.699 | Obras de | Infraestr.
Buenos Aires,informacion_consolidada2025_5.xlsx,mayo,2025,month,2025-05,Impuesto s/ | Los Activos | Fdo. Educ. | Ley Nº 23.906,0.0,Impuesto s/ | Los Activos | Fdo. Educ. | Ley Nº 23.906
Buenos Aires,informacion_consolidada2025_5.xlsx,mayo,2025,month,2025-05,Impuesto sobre los | Bienes Personales | Ley | Nº 24.699,4580.5455999999995,Impuesto sobre los | Bienes Personales | Ley | Nº 24.699
Buenos Aires,informacion_consolidada2025_5.xlsx,mayo,2025,month,2025-05,Ley Nº 23.966 | Art. 30,1090.494,Ley Nº 23.966 | Art. 30
Buenos Aires,informacion_consolidada2025_5.xlsx,mayo,2025,month,2025-05,Ley Nº 24.464 | FO.NA.VI.,7314.0302,Ley Nº 24.464 | FO.NA.VI.
Buenos Aires,informacion_consolidada2025_5.xlsx,mayo,2025,month,2025-05,Reg.Simplif. | P/Peq.Contrib. | Ley Nº 24.977 | Aart. 59 Inc. A,3145.8088,Reg.Simplif. | P/Peq.Contrib. | Ley Nº 24.977 | Aart. 59 Inc. A
Buenos Aires,informacion_consolidada2025_5.xlsx,mayo,2025,month,2025-05,Régimen de la Energía Eléctrica | L E Y Nº 2 4 . 0 6 5 | Fdo. P/Comp. | Tarifa Elect.,310.52708001370746,Régimen de la Energía Eléctrica | L E Y Nº 2 4 . 0 6 5 | Fdo. P/Comp. | Tarifa Elect.
Buenos Aires,informacion_consolidada2025_5.xlsx,mayo,2025,month,2025-05,Subtotal,1096128.5004683703,Subtotal
Buenos Aires,informacion_consolidada2025_5.xlsx,mayo,2025,month,2025-05,Subtotal,1096163.5088683702,Subtotal
Buenos Aires,informacion_consolidada2025_5.xlsx,mayo,2025,month,2025-05,Total | (1) + (2),1253162.2090764504,Total | (1) + (2)
Buenos Aires,informacion_consolidada2025_5.xlsx,mayo,2025,month,2025-05,Total | Recursos | Origen Nacional | (1),1133359.8662164505,Total | Recursos | Origen Nacional | (1)
Buenos Aires,informacion_consolidada2025_5.xlsx,mayo,2025,month,2025-05,Transfer. | De Servicios | Ley | Nº 24.049,35.008399999999995,Transfer. | De Servicios | Ley | Nº 24.049
Buenos Aires,informacion_consolidada2025_5.xlsx,mayo,2025,month,2025-05,Vialidad | Provincial,4669.891,Vialidad | Provincial
Buenos Aires,informacion_consolidada2025_5.xlsx,junio,2025,month,2025-06,C.F.I. | Neta De | Ley Nº 26.075,566084.1489,CFI | Neta
Buenos Aires,informacion_consolidada2025_5.xlsx,junio,2025,month,2025-06,Compensación | Consenso Fiscal | II. a y b; II. d y e | (2),113812.225717,Compensación Consenso Fiscal
Buenos Aires,informacion_consolidada2025_5.xlsx,junio,2025,month,2025-06,F.E.D.E.I.,120.89180451545191,F.E.D.E.I.
Buenos Aires,informacion_consolidada2025_5.xlsx,junio,2025,month,2025-06,F.E.D.E.I.,140.11588322263276,F.E.D.E.I.
Buenos Aires,informacion_consolidada2025_5.xlsx,junio,2025,month,2025-06,Financ. | Educativo | Ley Nº 26.075,362760.5530844803,Financiamiento Educativo
Buenos Aires,informacion_consolidada2025_5.xlsx,junio,2025,month,2025-06,Fondo | Compens. | de | Desequilib.,0.0,Fondo | Compens. | de | Desequilib.
Buenos Aires,informacion_consolidada2025_5.xlsx,junio,2025,month,2025-06,I.V.A. | Ley Nº 23.966 | Art. 5 | Punto 2,15214.8074,I.V.A. | Ley Nº 23.966 | Art. 5 | Punto 2
Buenos Aires,informacion_consolidada2025_5.xlsx,junio,2025,month,2025-06,Impuesto a los Combustibles Líquidos | Ley Nº 23.966 y Nº 24.699 | Obras de | Infraestr.,2450.7122999999997,Impuesto a los Combustibles Líquidos | Ley Nº 23.966 y Nº 24.699 | Obras de | Infraestr.
Buenos Aires,informacion_consolidada2025_5.xlsx,junio,2025,month,2025-06,Impuesto s/ | Los Activos | Fdo. Educ. | Ley Nº 23.906,0.0,Impuesto s/ | Los Activos | Fdo. Educ. | Ley Nº 23.906
Buenos Aires,informacion_consolidada2025_5.xlsx,junio,2025,month,2025-06,Impuesto sobre los | Bienes Personales | Ley | Nº 24.699,133544.0145,Impuesto sobre los | Bienes Personales | Ley | Nº 24.699
Buenos Aires,informacion_consolidada2025_5.xlsx,junio,2025,month,2025-06,Ley Nº 23.966 | Art. 30,31792.9268,Ley Nº 23.966 | Art. 30
Buenos Aires,informacion_consolidada2025_5.xlsx,junio,2025,month,2025-06,Ley Nº 24.464 | FO.NA.VI.,7899.129900000001,Ley Nº 24.464 | FO.NA.VI.
Buenos Aires,informacion_consolidada2025_5.xlsx,junio,2025,month,2025-06,Reg.Simplif. | P/Peq.Contrib. | Ley Nº 24.977 | Aart. 59 Inc. A,3210.9056,Reg.Simplif. | P/Peq.Contrib. | Ley Nº 24.977 | Aart. 59 Inc. A
Buenos Aires,informacion_consolidada2025_5.xlsx,junio,2025,month,2025-06,Régimen de la Energía Eléctrica | L E Y Nº 2 4 . 0 6 5 | Fdo. P/Comp. | Tarifa Elect.,664.5490795477737,Régimen de la Energía Eléctrica | L E Y Nº 2 4 . 0 6 5 | Fdo. P/Comp. | Tarifa Elect.
Buenos Aires,informacion_consolidada2025_5.xlsx,junio,2025,month,2025-06,Subtotal,928844.7019844803,Subtotal
Buenos Aires,informacion_consolidada2025_5.xlsx,junio,2025,month,2025-06,Subtotal,928879.7103844803,Subtotal
Buenos Aires,informacion_consolidada2025_5.xlsx,junio,2025,month,2025-06,Total | (1) + (2),1242773.4572687661,Total | (1) + (2)
Buenos Aires,informacion_consolidada2025_5.xlsx,junio,2025,month,2025-06,Total | Recursos | Origen Nacional | (1),1128961.2315517662,Total | Recursos | Origen Nacional | (1)
Buenos Aires,informacion_consolidada2025_5.xlsx,junio,2025,month,2025-06,Transfer. | De Servicios | Ley | Nº 24.049,35.008399999999995,Transfer. | De Servicios | Ley | Nº 24.049
Buenos Aires,informacion_consolidada2025_5.xlsx,junio,2025,month,2025-06,Vialidad | Provincial,5043.467900000001,Vialidad | Provincial
Buenos Aires,informacion_consolidada2025_5.xlsx,julio,2025,month,2025-07,C.F.I. | Neta De | Ley Nº 26.075,579529.4341000001,CFI | Neta
Buenos Aires,informacion_consolidada2025_5.xlsx,julio,2025,month,2025-07,Compensación | Consenso Fiscal | II. a y b; II. d y e | (2),131076.068442,Compensación Consenso Fiscal
Buenos Aires,informacion_consolidada2025_5.xlsx,julio,2025,month,2025-07,F.E.D.E.I.,130.66376590925566,F.E.D.E.I.
Buenos Aires,informacion_consolidada2025_5.xlsx,julio,2025,month,2025-07,F.E.D.E.I.,224.15389299292323,F.E.D.E.I.
Buenos Aires,informacion_consolidada2025_5.xlsx,julio,2025,month,2025-07,Financ. | Educativo | Ley Nº 26.075,396769.35493615037,Financiamiento Educativo
Buenos Aires,informacion_consolidada2025_5.xlsx,julio,2025,month,2025-07,Fondo | Compens. | de | Desequilib.,0.0,Fondo | Compens. | de | Desequilib.
Buenos Aires,informacion_consolidada2025_5.xlsx,julio,2025,month,2025-07,I.V.A. | Ley Nº 23.966 | Art. 5 | Punto 2,15311.3415,I.V.A. | Ley Nº 23.966 | Art. 5 | Punto 2
Buenos Aires,informacion_consolidada2025_5.xlsx,julio,2025,month,2025-07,Impuesto a los Combustibles Líquidos | Ley Nº 23.966 y Nº 24.699 | Obras de | Infraestr.,2189.9272,Impuesto a los Combustibles Líquidos | Ley Nº 23.966 y Nº 24.699 | Obras de | Infraestr.
Buenos Aires,informacion_consolidada2025_5.xlsx,julio,2025,month,2025-07,Impuesto s/ | Los Activos | Fdo. Educ. | Ley Nº 23.906,0.0,Impuesto s/ | Los Activos | Fdo. Educ. | Ley Nº 23.906
Buenos Aires,informacion_consolidada2025_5.xlsx,julio,2025,month,2025-07,Impuesto sobre los | Bienes Personales | Ley | Nº 24.699,12130.1298,Impuesto sobre los | Bienes Personales | Ley | Nº 24.699
Buenos Aires,informacion_consolidada2025_5.xlsx,julio,2025,month,2025-07,Ley Nº 23.966 | Art. 30,2887.8294,Ley Nº 23.966 | Art. 30
Buenos Aires,informacion_consolidada2025_5.xlsx,julio,2025,month,2025-07,Ley Nº 24.464 | FO.NA.VI.,7058.568,Ley Nº 24.464 | FO.NA.VI.
Buenos Aires,informacion_consolidada2025_5.xlsx,julio,2025,month,2025-07,Reg.Simplif. | P/Peq.Contrib. | Ley Nº 24.977 | Aart. 59 Inc. A,3246.5166,Reg.Simplif. | P/Peq.Contrib. | Ley Nº 24.977 | Aart. 59 Inc. A
Buenos Aires,informacion_consolidada2025_5.xlsx,julio,2025,month,2025-07,Régimen de la Energía Eléctrica | L E Y Nº 2 4 . 0 6 5 | Fdo. P/Comp. | Tarifa Elect.,349.9077562487436,Régimen de la Energía Eléctrica | L E Y Nº 2 4 . 0 6 5 | Fdo. P/Comp. | Tarifa Elect.
Buenos Aires,informacion_consolidada2025_5.xlsx,julio,2025,month,2025-07,Subtotal,976298.7890361504,Subtotal
Buenos Aires,informacion_consolidada2025_5.xlsx,julio,2025,month,2025-07,Subtotal,976333.7974361505,Subtotal
Buenos Aires,informacion_consolidada2025_5.xlsx,julio,2025,month,2025-07,Total | (1) + (2),1155445.6862933014,Total | (1) + (2)
Buenos Aires,informacion_consolidada2025_5.xlsx,julio,2025,month,2025-07,Total | Recursos | Origen Nacional | (1),1024369.6178513013,Total | Recursos | Origen Nacional | (1)
Buenos Aires,informacion_consolidada2025_5.xlsx,julio,2025,month,2025-07,Transfer. | De Servicios | Ley | Nº 24.049,35.008399999999995,Transfer. | De Servicios | Ley | Nº 24.049
Buenos Aires,informacion_consolidada2025_5.xlsx,julio,2025,month,2025-07,Vialidad | Provincial,4506.7825,Vialidad | Provincial
Buenos Aires,informacion_consolidada2025_5.xlsx,agosto,2025,month,2025-08,C.F.I. | Neta De | Ley Nº 26.075,766810.5244,CFI | Neta
Buenos Aires,informacion_consolidada2025_5.xlsx,agosto,2025,month,2025-08,Compensación | Consenso Fiscal | II. a y b; II. d y e | (2),119160.06221999999,Compensación Consenso Fiscal
Buenos Aires,informacion_consolidada2025_5.xlsx,agosto,2025,month,2025-08,F.E.D.E.I.,116.54650086873703,F.E.D.E.I.
Buenos Aires,informacion_consolidada2025_5.xlsx,agosto,2025,month,2025-08,F.E.D.E.I.,154.6391624833038,F.E.D.E.I.
Buenos Aires,informacion_consolidada2025_5.xlsx,agosto,2025,month,2025-08,Financ. | Educativo | Ley Nº 26.075,226725.34567779885,Financiamiento Educativo
Buenos Aires,informacion_consolidada2025_5.xlsx,agosto,2025,month,2025-08,Fondo | Compens. | de | Desequilib.,0.0,Fondo | Compens. | de | Desequilib.
Buenos Aires,informacion_consolidada2025_5.xlsx,agosto,2025,month,2025-08,I.V.A. | Ley Nº 23.966 | Art. 5 | Punto 2,15629.8416,I.V.A. | Ley Nº 23.966 | Art. 5 | Punto 2
Buenos Aires,informacion_consolidada2025_5.xlsx,agosto,2025,month,2025-08,Impuesto a los Combustibles Líquidos | Ley Nº 23.966 y Nº 24.699 | Obras de | Infraestr.,2589.0121,Impuesto a los Combustibles Líquidos | Ley Nº 23.966 y Nº 24.699 | Obras de | Infraestr.
Buenos Aires,informacion_consolidada2025_5.xlsx,agosto,2025,month,2025-08,Impuesto s/ | Los Activos | Fdo. Educ. | Ley Nº 23.906,1.0403860999999999,Impuesto s/ | Los Activos | Fdo. Educ. | Ley Nº 23.906
Buenos Aires,informacion_consolidada2025_5.xlsx,agosto,2025,month,2025-08,Impuesto sobre los | Bienes Personales | Ley | Nº 24.699,12518.1424,Impuesto sobre los | Bienes Personales | Ley | Nº 24.699
Buenos Aires,informacion_consolidada2025_5.xlsx,agosto,2025,month,2025-08,Ley Nº 23.966 | Art. 30,2980.2038,Ley Nº 23.966 | Art. 30
Buenos Aires,informacion_consolidada2025_5.xlsx,agosto,2025,month,2025-08,Ley Nº 24.464 | FO.NA.VI.,8344.8973,Ley Nº 24.464 | FO.NA.VI.
Buenos Aires,informacion_consolidada2025_5.xlsx,agosto,2025,month,2025-08,Reg.Simplif. | P/Peq.Contrib. | Ley Nº 24.977 | Aart. 59 Inc. A,4624.3542,Reg.Simplif. | P/Peq.Contrib. | Ley Nº 24.977 | Aart. 59 Inc. A
Buenos Aires,informacion_consolidada2025_5.xlsx,agosto,2025,month,2025-08,Régimen de la Energía Eléctrica | L E Y Nº 2 4 . 0 6 5 | Fdo. P/Comp. | Tarifa Elect.,314.32690987624335,Régimen de la Energía Eléctrica | L E Y Nº 2 4 . 0 6 5 | Fdo. P/Comp. | Tarifa Elect.
Buenos Aires,informacion_consolidada2025_5.xlsx,agosto,2025,month,2025-08,Subtotal,993535.8700777988,Subtotal
Buenos Aires,informacion_consolidada2025_5.xlsx,agosto,2025,month,2025-08,Subtotal,993570.8784777989,Subtotal
Buenos Aires,informacion_consolidada2025_5.xlsx,agosto,2025,month,2025-08,Total | (1) + (2),1165332.0282571272,Total | (1) + (2)
Buenos Aires,informacion_consolidada2025_5.xlsx,agosto,2025,month,2025-08,Total | Recursos | Origen Nacional | (1),1046171.9660371271,Total | Recursos | Origen Nacional | (1)
Buenos Aires,informacion_consolidada2025_5.xlsx,agosto,2025,month,2025-08,Transfer. | De Servicios | Ley | Nº 24.049,35.008399999999995,Transfer. | De Servicios | Ley | Nº 24.049
Buenos Aires,informacion_consolidada2025_5.xlsx,agosto,2025,month,2025-08,Vialidad | Provincial,5328.0832,Vialidad | Provincial
Buenos Aires,informacion_consolidada2025_5.xlsx,septiembre,2025,month,2025-09,C.F.I. | Neta De | Ley Nº 26.075,731673.0558999999,CFI | Neta
Buenos Aires,informacion_consolidada2025_5.xlsx,septiembre,2025,month,2025-09,Compensación | Consenso Fiscal | II. a y b; II. d y e | (2),131076.068442,Compensación Consenso Fiscal
Buenos Aires,informacion_consolidada2025_5.xlsx,septiembre,2025,month,2025-09,F.E.D.E.I.,137.9683294040183,F.E.D.E.I.
Buenos Aires,informacion_consolidada2025_5.xlsx,septiembre,2025,month,2025-09,F.E.D.E.I.,192.53846488687938,F.E.D.E.I.
Buenos Aires,informacion_consolidada2025_5.xlsx,septiembre,2025,month,2025-09,Financ. | Educativo | Ley Nº 26.075,249397.88024557763,Financiamiento Educativo
Buenos Aires,informacion_consolidada2025_5.xlsx,septiembre,2025,month,2025-09,Fondo | Compens. | de | Desequilib.,0.0,Fondo | Compens. | de | Desequilib.
Buenos Aires,informacion_consolidada2025_5.xlsx,septiembre,2025,month,2025-09,I.V.A. | Ley Nº 23.966 | Art. 5 | Punto 2,16342.4041,I.V.A. | Ley Nº 23.966 | Art. 5 | Punto 2
Buenos Aires,informacion_consolidada2025_5.xlsx,septiembre,2025,month,2025-09,Impuesto a los Combustibles Líquidos | Ley Nº 23.966 y Nº 24.699 | Obras de | Infraestr.,2677.9576,Impuesto a los Combustibles Líquidos | Ley Nº 23.966 y Nº 24.699 | Obras de | Infraestr.
Buenos Aires,informacion_consolidada2025_5.xlsx,septiembre,2025,month,2025-09,Impuesto s/ | Los Activos | Fdo. Educ. | Ley Nº 23.906,0.0,Impuesto s/ | Los Activos | Fdo. Educ. | Ley Nº 23.906
Buenos Aires,informacion_consolidada2025_5.xlsx,septiembre,2025,month,2025-09,Impuesto sobre los | Bienes Personales | Ley | Nº 24.699,11219.2625,Impuesto sobre los | Bienes Personales | Ley | Nº 24.699
Buenos Aires,informacion_consolidada2025_5.xlsx,septiembre,2025,month,2025-09,Ley Nº 23.966 | Art. 30,2670.9785,Ley Nº 23.966 | Art. 30
Buenos Aires,informacion_consolidada2025_5.xlsx,septiembre,2025,month,2025-09,Ley Nº 24.464 | FO.NA.VI.,8631.5864,Ley Nº 24.464 | FO.NA.VI.
Buenos Aires,informacion_consolidada2025_5.xlsx,septiembre,2025,month,2025-09,Reg.Simplif. | P/Peq.Contrib. | Ley Nº 24.977 | Aart. 59 Inc. A,4880.1372,Reg.Simplif. | P/Peq.Contrib. | Ley Nº 24.977 | Aart. 59 Inc. A
Buenos Aires,informacion_consolidada2025_5.xlsx,septiembre,2025,month,2025-09,Régimen de la Energía Eléctrica | L E Y Nº 2 4 . 0 6 5 | Fdo. P/Comp. | Tarifa Elect.,336.1346025589845,Régimen de la Energía Eléctrica | L E Y Nº 2 4 . 0 6 5 | Fdo. P/Comp. | Tarifa Elect.
Buenos Aires,informacion_consolidada2025_5.xlsx,septiembre,2025,month,2025-09,Subtotal,981070.9361455776,Subtotal
Buenos Aires,informacion_consolidada2025_5.xlsx,septiembre,2025,month,2025-09,Subtotal,981105.9445455776,Subtotal
Buenos Aires,informacion_consolidada2025_5.xlsx,septiembre,2025,month,2025-09,Total | (1) + (2),1164782.1102844274,Total | (1) + (2)
Buenos Aires,informacion_consolidada2025_5.xlsx,septiembre,2025,month,2025-09,Total | Recursos | Origen Nacional | (1),1033706.0418424275,Total | Recursos | Origen Nacional | (1)
Buenos Aires,informacion_consolidada2025_5.xlsx,septiembre,2025,month,2025-09,Transfer. | De Servicios | Ley | Nº 24.049,35.008399999999995,Transfer. | De Servicios | Ley | Nº 24.049
Buenos Aires,informacion_consolidada2025_5.xlsx,septiembre,2025,month,2025-09,Vialidad | Provincial,5511.129599999999,Vialidad | Provincial
Buenos Aires,informacion_consolidada2025_5.xlsx,octubre,2025,month,2025-10,C.F.I. | Neta De | Ley Nº 26.075,801126.7517,CFI | Neta
Buenos Aires,informacion_consolidada2025_5.xlsx,octubre,2025,month,2025-10,Compensación | Consenso Fiscal | II. a y b; II. d y e | (2),132781.417758,Compensación Consenso Fiscal
Buenos Aires,informacion_consolidada2025_5.xlsx,octubre,2025,month,2025-10,F.E.D.E.I.,142.73409719188612,F.E.D.E.I.
Buenos Aires,informacion_consolidada2025_5.xlsx,octubre,2025,month,2025-10,F.E.D.E.I.,188.87399573877684,F.E.D.E.I.
Buenos Aires,informacion_consolidada2025_5.xlsx,octubre,2025,month,2025-10,Financ. | Educativo | Ley Nº 26.075,260734.14752946753,Financiamiento Educativo
Buenos Aires,informacion_consolidada2025_5.xlsx,octubre,2025,month,2025-10,Fondo | Compens. | de | Desequilib.,0.0,Fondo | Compens. | de | Desequilib.
Buenos Aires,informacion_consolidada2025_5.xlsx,octubre,2025,month,2025-10,I.V.A. | Ley Nº 23.966 | Art. 5 | Punto 2,17080.2182,I.V.A. | Ley Nº 23.966 | Art. 5 | Punto 2
Buenos Aires,informacion_consolidada2025_5.xlsx,octubre,2025,month,2025-10,Impuesto a los Combustibles Líquidos | Ley Nº 23.966 y Nº 24.699 | Obras de | Infraestr.,2573.1497999999997,Impuesto a los Combustibles Líquidos | Ley Nº 23.966 y Nº 24.699 | Obras de | Infraestr.
Buenos Aires,informacion_consolidada2025_5.xlsx,octubre,2025,month,2025-10,Impuesto s/ | Los Activos | Fdo. Educ. | Ley Nº 23.906,0.0,Impuesto s/ | Los Activos | Fdo. Educ. | Ley Nº 23.906
Buenos Aires,informacion_consolidada2025_5.xlsx,octubre,2025,month,2025-10,Impuesto sobre los | Bienes Personales | Ley | Nº 24.699,11076.6014,Impuesto sobre los | Bienes Personales | Ley | Nº 24.699
Buenos Aires,informacion_consolidada2025_5.xlsx,octubre,2025,month,2025-10,Ley Nº 23.966 | Art. 30,2637.015,Ley Nº 23.966 | Art. 30
Buenos Aires,informacion_consolidada2025_5.xlsx,octubre,2025,month,2025-10,Ley Nº 24.464 | FO.NA.VI.,8293.77,Ley Nº 24.464 | FO.NA.VI.
Buenos Aires,informacion_consolidada2025_5.xlsx,octubre,2025,month,2025-10,Reg.Simplif. | P/Peq.Contrib. | Ley Nº 24.977 | Aart. 59 Inc. A,5122.3585,Reg.Simplif. | P/Peq.Contrib. | Ley Nº 24.977 | Aart. 59 Inc. A
Buenos Aires,informacion_consolidada2025_5.xlsx,octubre,2025,month,2025-10,Régimen de la Energía Eléctrica | L E Y Nº 2 4 . 0 6 5 | Fdo. P/Comp. | Tarifa Elect.,358.1614701727824,Régimen de la Energía Eléctrica | L E Y Nº 2 4 . 0 6 5 | Fdo. P/Comp. | Tarifa Elect.
Buenos Aires,informacion_consolidada2025_5.xlsx,octubre,2025,month,2025-10,Subtotal,1061860.8992294676,Subtotal
Buenos Aires,informacion_consolidada2025_5.xlsx,octubre,2025,month,2025-10,Subtotal,1061895.9076294675,Subtotal
Buenos Aires,informacion_consolidada2025_5.xlsx,octubre,2025,month,2025-10,Total | (1) + (2),1247445.647050571,Total | (1) + (2)
Buenos Aires,informacion_consolidada2025_5.xlsx,octubre,2025,month,2025-10,Total | Recursos | Origen Nacional | (1),1114664.2292925708,Total | Recursos | Origen Nacional | (1)
Buenos Aires,informacion_consolidada2025_5.xlsx,octubre,2025,month,2025-10,Transfer. | De Servicios | Ley | Nº 24.049,35.008399999999995,Transfer. | De Servicios | Ley | Nº 24.049
Buenos Aires,informacion_consolidada2025_5.xlsx,octubre,2025,month,2025-10,Vialidad | Provincial,5295.4392,Vialidad | Provincial
Buenos Aires,informacion_consolidada2025_5.xlsx,noviembre,2025,month,2025-11,C.F.I. | Neta De | Ley Nº 26.075,839309.603,CFI | Neta
Buenos Aires,informacion_consolidada2025_5.xlsx,noviembre,2025,month,2025-11,Compensación | Consenso Fiscal | II. a y b; II. d y e | (2),102603.82281299999,Compensación Consenso Fiscal
Buenos Aires,informacion_consolidada2025_5.xlsx,noviembre,2025,month,2025-11,F.E.D.E.I.,0.0,F.E.D.E.I.
Buenos Aires,informacion_consolidada2025_5.xlsx,noviembre,2025,month,2025-11,F.E.D.E.I.,0.0,F.E.D.E.I.
Buenos Aires,informacion_consolidada2025_5.xlsx,noviembre,2025,month,2025-11,Financ. | Educativo | Ley Nº 26.075,192716.54382612818,Financiamiento Educativo
Buenos Aires,informacion_consolidada2025_5.xlsx,noviembre,2025,month,2025-11,Fondo | Compens. | de | Desequilib.,0.0,Fondo | Compens. | de | Desequilib.
Buenos Aires,informacion_consolidada2025_5.xlsx,noviembre,2025,month,2025-11,I.V.A. | Ley Nº 23.966 | Art. 5 | Punto 2,16001.2044,I.V.A. | Ley Nº 23.966 | Art. 5 | Punto 2
Buenos Aires,informacion_consolidada2025_5.xlsx,noviembre,2025,month,2025-11,Impuesto a los Combustibles Líquidos | Ley Nº 23.966 y Nº 24.699 | Obras de | Infraestr.,2725.1386,Impuesto a los Combustibles Líquidos | Ley Nº 23.966 y Nº 24.699 | Obras de | Infraestr.
Buenos Aires,informacion_consolidada2025_5.xlsx,noviembre,2025,month,2025-11,Impuesto s/ | Los Activos | Fdo. Educ. | Ley Nº 23.906,0.0,Impuesto s/ | Los Activos | Fdo. Educ. | Ley Nº 23.906
Buenos Aires,informacion_consolidada2025_5.xlsx,noviembre,2025,month,2025-11,Impuesto sobre los | Bienes Personales | Ley | Nº 24.699,6692.5873,Impuesto sobre los | Bienes Personales | Ley | Nº 24.699
Buenos Aires,informacion_consolidada2025_5.xlsx,noviembre,2025,month,2025-11,Ley Nº 23.966 | Art. 30,1593.3093999999999,Ley Nº 23.966 | Art. 30
Buenos Aires,informacion_consolidada2025_5.xlsx,noviembre,2025,month,2025-11,Ley Nº 24.464 | FO.NA.VI.,8783.6601,Ley Nº 24.464 | FO.NA.VI.
Buenos Aires,informacion_consolidada2025_5.xlsx,noviembre,2025,month,2025-11,Reg.Simplif. | P/Peq.Contrib. | Ley Nº 24.977 | Aart. 59 Inc. A,5052.3703,Reg.Simplif. | P/Peq.Contrib. | Ley Nº 24.977 | Aart. 59 Inc. A
Buenos Aires,informacion_consolidada2025_5.xlsx,noviembre,2025,month,2025-11,Régimen de la Energía Eléctrica | L E Y Nº 2 4 . 0 6 5 | Fdo. P/Comp. | Tarifa Elect.,0.0,Régimen de la Energía Eléctrica | L E Y Nº 2 4 . 0 6 5 | Fdo. P/Comp. | Tarifa Elect.
Buenos Aires,informacion_consolidada2025_5.xlsx,noviembre,2025,month,2025-11,Subtotal,1032026.1468261282,Subtotal
Buenos Aires,informacion_consolidada2025_5.xlsx,noviembre,2025,month,2025-11,Subtotal,1032061.1552261283,Subtotal
Buenos Aires,informacion_consolidada2025_5.xlsx,noviembre,2025,month,2025-11,Total | (1) + (2),1181121.4743391282,Total | (1) + (2)
Buenos Aires,informacion_consolidada2025_5.xlsx,noviembre,2025,month,2025-11,Total | Recursos | Origen Nacional | (1),1078517.6515261282,Total | Recursos | Origen Nacional | (1)
Buenos Aires,informacion_consolidada2025_5.xlsx,noviembre,2025,month,2025-11,Transfer. | De Servicios | Ley | Nº 24.049,35.008399999999995,Transfer. | De Servicios | Ley | Nº 24.049
Buenos Aires,informacion_consolidada2025_5.xlsx,noviembre,2025,month,2025-11,Vialidad | Provincial,5608.2262,Vialidad | Provincial
Buenos Aires,informacion_consolidada2025_5.xlsx,diciembre,2025,month,2025-12,C.F.I. | Neta De | Ley Nº 26.075,846604.573,CFI | Neta
Buenos Aires,informacion_consolidada2025_5.xlsx,diciembre,2025,month,2025-12,Compensación | Consenso Fiscal | II. a y b; II. d y e | (2),126745.89876899999,Compensación Consenso Fiscal
Buenos Aires,informacion_consolidada2025_5.xlsx,diciembre,2025,month,2025-12,F.E.D.E.I.,282.3821113334942,F.E.D.E.I.
Buenos Aires,informacion_consolidada2025_5.xlsx,diciembre,2025,month,2025-12,F.E.D.E.I.,404.69740668966665,F.E.D.E.I.
Buenos Aires,informacion_consolidada2025_5.xlsx,diciembre,2025,month,2025-12,Financ. | Educativo | Ley Nº 26.075,238061.61296168773,Financiamiento Educativo
Buenos Aires,informacion_consolidada2025_5.xlsx,diciembre,2025,month,2025-12,Fondo | Compens. | de | Desequilib.,0.0,Fondo | Compens. | de | Desequilib.
Buenos Aires,informacion_consolidada2025_5.xlsx,diciembre,2025,month,2025-12,I.V.A. | Ley Nº 23.966 | Art. 5 | Punto 2,16376.8436,I.V.A. | Ley Nº 23.966 | Art. 5 | Punto 2
Buenos Aires,informacion_consolidada2025_5.xlsx,diciembre,2025,month,2025-12,Impuesto a los Combustibles Líquidos | Ley Nº 23.966 y Nº 24.699 | Obras de | Infraestr.,3876.6942000000004,Impuesto a los Combustibles Líquidos | Ley Nº 23.966 y Nº 24.699 | Obras de | Infraestr.
Buenos Aires,informacion_consolidada2025_5.xlsx,diciembre,2025,month,2025-12,Impuesto s/ | Los Activos | Fdo. Educ. | Ley Nº 23.906,0.030145130000000003,Impuesto s/ | Los Activos | Fdo. Educ. | Ley Nº 23.906
Buenos Aires,informacion_consolidada2025_5.xlsx,diciembre,2025,month,2025-12,Impuesto sobre los | Bienes Personales | Ley | Nº 24.699,11135.5129,Impuesto sobre los | Bienes Personales | Ley | Nº 24.699
Buenos Aires,informacion_consolidada2025_5.xlsx,diciembre,2025,month,2025-12,Ley Nº 23.966 | Art. 30,2651.0402000000004,Ley Nº 23.966 | Art. 30
Buenos Aires,informacion_consolidada2025_5.xlsx,diciembre,2025,month,2025-12,Ley Nº 24.464 | FO.NA.VI.,12495.3512,Ley Nº 24.464 | FO.NA.VI.
Buenos Aires,informacion_consolidada2025_5.xlsx,diciembre,2025,month,2025-12,Reg.Simplif. | P/Peq.Contrib. | Ley Nº 24.977 | Aart. 59 Inc. A,5338.6437000000005,Reg.Simplif. | P/Peq.Contrib. | Ley Nº 24.977 | Aart. 59 Inc. A
Buenos Aires,informacion_consolidada2025_5.xlsx,diciembre,2025,month,2025-12,Régimen de la Energía Eléctrica | L E Y Nº 2 4 . 0 6 5 | Fdo. P/Comp. | Tarifa Elect.,555.4308863714402,Régimen de la Energía Eléctrica | L E Y Nº 2 4 . 0 6 5 | Fdo. P/Comp. | Tarifa Elect.
Buenos Aires,informacion_consolidada2025_5.xlsx,diciembre,2025,month,2025-12,Subtotal,1084666.1859616877,Subtotal
Buenos Aires,informacion_consolidada2025_5.xlsx,diciembre,2025,month,2025-12,Subtotal,1084701.1943616876,Subtotal
Buenos Aires,informacion_consolidada2025_5.xlsx,diciembre,2025,month,2025-12,Total | (1) + (2),1272541.8009802122,Total | (1) + (2)
Buenos Aires,informacion_consolidada2025_5.xlsx,diciembre,2025,month,2025-12,Total | Recursos | Origen Nacional | (1),1145795.902211212,Total | Recursos | Origen Nacional | (1)
Buenos Aires,informacion_consolidada2025_5.xlsx,diciembre,2025,month,2025-12,Transfer. | De Servicios | Ley | Nº 24.049,35.008399999999995,Transfer. | De Servicios | Ley | Nº 24.049
Buenos Aires,informacion_consolidada2025_5.xlsx,diciembre,2025,month,2025-12,Vialidad | Provincial,7978.0815,Vialidad | Provincial
Buenos Aires,informacion_consolidada2025_5.xlsx,CONS,2025,consolidated,CONS,C.F.I. | Neta De | Ley Nº 26.075,8834740.254899997,CFI | Neta
Buenos Aires,informacion_consolidada2025_5.xlsx,CONS,2025,consolidated,CONS,Compensación | Consenso Fiscal | II. a y b; II. d y e | (2),1405156.6690780001,Compensación Consenso Fiscal
Buenos Aires,informacion_consolidada2025_5.xlsx,CONS,2025,consolidated,CONS,F.E.D.E.I.,1488.7114292252431,F.E.D.E.I.
Buenos Aires,informacion_consolidada2025_5.xlsx,CONS,2025,consolidated,CONS,F.E.D.E.I.,2167.1253466869994,F.E.D.E.I.
Buenos Aires,informacion_consolidada2025_5.xlsx,CONS,2025,consolidated,CONS,Financ. | Educativo | Ley Nº 26.075,2754712.9500000007,Financiamiento Educativo
Buenos Aires,informacion_consolidada2025_5.xlsx,CONS,2025,consolidated,CONS,Fondo | Compens. | de | Desequilib.,0.0,Fondo | Compens. | de | Desequilib.
Buenos Aires,informacion_consolidada2025_5.xlsx,CONS,2025,consolidated,CONS,I.V.A. | Ley Nº 23.966 | Art. 5 | Punto 2,182144.7578,I.V.A. | Ley Nº 23.966 | Art. 5 | Punto 2
Buenos Aires,informacion_consolidada2025_5.xlsx,CONS,2025,consolidated,CONS,Impuesto a los Combustibles Líquidos | Ley Nº 23.966 y Nº 24.699 | Obras de | Infraestr.,28974.529400000003,Impuesto a los Combustibles Líquidos | Ley Nº 23.966 y Nº 24.699 | Obras de | Infraestr.
Buenos Aires,informacion_consolidada2025_5.xlsx,CONS,2025,consolidated,CONS,Impuesto s/ | Los Activos | Fdo. Educ. | Ley Nº 23.906,1.0705,Impuesto s/ | Los Activos | Fdo. Educ. | Ley Nº 23.906
Buenos Aires,informacion_consolidada2025_5.xlsx,CONS,2025,consolidated,CONS,Impuesto sobre los | Bienes Personales | Ley | Nº 24.699,226429.98410000006,Impuesto sobre los | Bienes Personales | Ley | Nº 24.699
Buenos Aires,informacion_consolidada2025_5.xlsx,CONS,2025,consolidated,CONS,Ley Nº 23.966 | Art. 30,53906.3613,Ley Nº 23.966 | Art. 30
Buenos Aires,informacion_consolidada2025_5.xlsx,CONS,2025,consolidated,CONS,Ley Nº 24.464 | FO.NA.VI.,93487.32749999998,Ley Nº 24.464 | FO.NA.VI.
Buenos Aires,informacion_consolidada2025_5.xlsx,CONS,2025,consolidated,CONS,Reg.Simplif. | P/Peq.Contrib. | Ley Nº 24.977 | Aart. 59 Inc. A,45127.3008,Reg.Simplif. | P/Peq.Contrib. | Ley Nº 24.977 | Aart. 59 Inc. A
Buenos Aires,informacion_consolidada2025_5.xlsx,CONS,2025,consolidated,CONS,Régimen de la Energía Eléctrica | L E Y Nº 2 4 . 0 6 5 | Fdo. P/Comp. | Tarifa Elect.,3406.6327,Régimen de la Energía Eléctrica | L E Y Nº 2 4 . 0 6 5 | Fdo. P/Comp. | Tarifa Elect.
Buenos Aires,informacion_consolidada2025_5.xlsx,CONS,2025,consolidated,CONS,Subtotal,11589453.204899998,Subtotal
Buenos Aires,informacion_consolidada2025_5.xlsx,CONS,2025,consolidated,CONS,Subtotal,11589873.305699999,Subtotal
Buenos Aires,informacion_consolidada2025_5.xlsx,CONS,2025,consolidated,CONS,Total | (1) + (2),13691853.935953911,Total | (1) + (2)
Buenos Aires,informacion_consolidada2025_5.xlsx,CONS,2025,consolidated,CONS,Total | Recursos | Origen Nacional | (1),12286697.266875912,Total | Recursos | Origen Nacional | (1)
Buenos Aires,informacion_consolidada2025_5.xlsx,CONS,2025,consolidated,CONS,Transfer. | De Servicios | Ley | Nº 24.049,420.1008000000001,Transfer. | De Servicios | Ley | Nº 24.049
Buenos Aires,informacion_consolidada2025_5.xlsx,CONS,2025,consolidated,CONS,Vialidad | Provincial,59690.16030000001,Vialidad | Provincial
CABA,informacion_consolidada2025_5.xlsx,enero,2025,month,2025-01,C.F.I. | Neta De | Ley Nº 26.075,105586.2345,CFI | Neta
CABA,informacion_consolidada2025_5.xlsx,enero,2025,month,2025-01,F.E.D.E.I.,0.0,F.E.D.E.I.
CABA,informacion_consolidada2025_5.xlsx,enero,2025,month,2025-01,F.E.D.E.I.,0.0,F.E.D.E.I.
CABA,informacion_consolidada2025_5.xlsx,enero,2025,month,2025-01,Financ. | Educativo | Ley Nº 26.075,0.0,Financiamiento Educativo
CABA,informacion_consolidada2025_5.xlsx,enero,2025,month,2025-01,Fondo | Compens. | de | Desequilib.,0.0,Fondo | Compens. | de | Desequilib.
CABA,informacion_consolidada2025_5.xlsx,enero,2025,month,2025-01,I.V.A. | Ley Nº 23.966 | Art. 5 | Punto 2,0.0,I.V.A. | Ley Nº 23.966 | Art. 5 | Punto 2
CABA,informacion_consolidada2025_5.xlsx,enero,2025,month,2025-01,Impuesto a los Combustibles Líquidos | Ley Nº 23.966 y Nº 24.699 | Obras de | Infraestr.,0.0,Impuesto a los Combustibles Líquidos | Ley Nº 23.966 y Nº 24.699 | Obras de | Infraestr.
CABA,informacion_consolidada2025_5.xlsx,enero,2025,month,2025-01,Impuesto s/ | Los Activos | Fdo. Educ. | Ley Nº 23.906,0.0,Impuesto s/ | Los Activos | Fdo. Educ. | Ley Nº 23.906
CABA,informacion_consolidada2025_5.xlsx,enero,2025,month,2025-01,Impuesto sobre los | Bienes Personales | Ley | Nº 24.699,0.0,Impuesto sobre los | Bienes Personales | Ley | Nº 24.699
CABA,informacion_consolidada2025_5.xlsx,enero,2025,month,2025-01,Ley Nº 23.966 | Art. 30,0.0,Ley Nº 23.966 | Art. 30
CABA,informacion_consolidada2025_5.xlsx,enero,2025,month,2025-01,Ley Nº 24.464 | FO.NA.VI.,471.7629,Ley Nº 24.464 | FO.NA.VI.
CABA,informacion_consolidada2025_5.xlsx,enero,2025,month,2025-01,Reg.Simplif. | P/Peq.Contrib. | Ley Nº 24.977 | Aart. 59 Inc. A,0.0,Reg.Simplif. | P/Peq.Contrib. | Ley Nº 24.977 | Aart. 59 Inc. A
CABA,informacion_consolidada2025_5.xlsx,enero,2025,month,2025-01,Régimen de la Energía Eléctrica | L E Y Nº 2 4 . 0 6 5 | Fdo. P/Comp. | Tarifa Elect.,0.0,Régimen de la Energía Eléctrica | L E Y Nº 2 4 . 0 6 5 | Fdo. P/Comp. | Tarifa Elect.
CABA,informacion_consolidada2025_5.xlsx,enero,2025,month,2025-01,Subtotal,105586.2345,Subtotal
CABA,informacion_consolidada2025_5.xlsx,enero,2025,month,2025-01,Subtotal,105586.2345,Subtotal
CABA,informacion_consolidada2025_5.xlsx,enero,2025,month,2025-01,Total | (1) + (2),106057.99740000001,Total | (1) + (2)
CABA,informacion_consolidada2025_5.xlsx,enero,2025,month,2025-01,Total | Recursos | Origen Nacional | (1),106057.99740000001,Total | Recursos | Origen Nacional | (1)
CABA,informacion_consolidada2025_5.xlsx,enero,2025,month,2025-01,Transfer. | De Servicios | Ley | Nº 24.049,0.0,Transfer. | De Servicios | Ley | Nº 24.049
CABA,informacion_consolidada2025_5.xlsx,enero,2025,month,2025-01,Vialidad | Provincial,0.0,Vialidad | Provincial
CABA,informacion_consolidada2025_5.xlsx,febrero,2025,month,2025-02,C.F.I. | Neta De | Ley Nº 26.075,97353.4017,CFI | Neta
CABA,informacion_consolidada2025_5.xlsx,febrero,2025,month,2025-02,F.E.D.E.I.,0.0,F.E.D.E.I.
CABA,informacion_consolidada2025_5.xlsx,febrero,2025,month,2025-02,F.E.D.E.I.,0.0,F.E.D.E.I.
CABA,informacion_consolidada2025_5.xlsx,febrero,2025,month,2025-02,Financ. | Educativo | Ley Nº 26.075,0.0,Financiamiento Educativo
CABA,informacion_consolidada2025_5.xlsx,febrero,2025,month,2025-02,Fondo | Compens. | de | Desequilib.,0.0,Fondo | Compens. | de | Desequilib.
CABA,informacion_consolidada2025_5.xlsx,febrero,2025,month,2025-02,I.V.A. | Ley Nº 23.966 | Art. 5 | Punto 2,0.0,I.V.A. | Ley Nº 23.966 | Art. 5 | Punto 2
CABA,informacion_consolidada2025_5.xlsx,febrero,2025,month,2025-02,Impuesto a los Combustibles Líquidos | Ley Nº 23.966 y Nº 24.699 | Obras de | Infraestr.,0.0,Impuesto a los Combustibles Líquidos | Ley Nº 23.966 y Nº 24.699 | Obras de | Infraestr.
CABA,informacion_consolidada2025_5.xlsx,febrero,2025,month,2025-02,Impuesto s/ | Los Activos | Fdo. Educ. | Ley Nº 23.906,0.0,Impuesto s/ | Los Activos | Fdo. Educ. | Ley Nº 23.906
CABA,informacion_consolidada2025_5.xlsx,febrero,2025,month,2025-02,Impuesto sobre los | Bienes Personales | Ley | Nº 24.699,0.0,Impuesto sobre los | Bienes Personales | Ley | Nº 24.699
CABA,informacion_consolidada2025_5.xlsx,febrero,2025,month,2025-02,Ley Nº 23.966 | Art. 30,0.0,Ley Nº 23.966 | Art. 30
CABA,informacion_consolidada2025_5.xlsx,febrero,2025,month,2025-02,Ley Nº 24.464 | FO.NA.VI.,594.276,Ley Nº 24.464 | FO.NA.VI.
CABA,informacion_consolidada2025_5.xlsx,febrero,2025,month,2025-02,Reg.Simplif. | P/Peq.Contrib. | Ley Nº 24.977 | Aart. 59 Inc. A,0.0,Reg.Simplif. | P/Peq.Contrib. | Ley Nº 24.977 | Aart. 59 Inc. A
CABA,informacion_consolidada2025_5.xlsx,febrero,2025,month,2025-02,Régimen de la Energía Eléctrica | L E Y Nº 2 4 . 0 6 5 | Fdo. P/Comp. | Tarifa Elect.,0.0,Régimen de la Energía Eléctrica | L E Y Nº 2 4 . 0 6 5 | Fdo. P/Comp. | Tarifa Elect.
CABA,informacion_consolidada2025_5.xlsx,febrero,2025,month,2025-02,Subtotal,97353.4017,Subtotal
CABA,informacion_consolidada2025_5.xlsx,febrero,2025,month,2025-02,Subtotal,97353.4017,Subtotal
CABA,informacion_consolidada2025_5.xlsx,febrero,2025,month,2025-02,Total | (1) + (2),97947.6777,Total | (1) + (2)
CABA,informacion_consolidada2025_5.xlsx,febrero,2025,month,2025-02,Total | Recursos | Origen Nacional | (1),97947.6777,Total | Recursos | Origen Nacional | (1)
CABA,informacion_consolidada2025_5.xlsx,febrero,2025,month,2025-02,Transfer. | De Servicios | Ley | Nº 24.049,0.0,Transfer. | De Servicios | Ley | Nº 24.049
CABA,informacion_consolidada2025_5.xlsx,febrero,2025,month,2025-02,Vialidad | Provincial,0.0,Vialidad | Provincial
CABA,informacion_consolidada2025_5.xlsx,marzo,2025,month,2025-03,C.F.I. | Neta De | Ley Nº 26.075,73967.5195,CFI | Neta
CABA,informacion_consolidada2025_5.xlsx,marzo,2025,month,2025-03,F.E.D.E.I.,0.0,F.E.D.E.I.
CABA,informacion_consolidada2025_5.xlsx,marzo,2025,month,2025-03,F.E.D.E.I.,0.0,F.E.D.E.I.
CABA,informacion_consolidada2025_5.xlsx,marzo,2025,month,2025-03,Financ. | Educativo | Ley Nº 26.075,14181.434698000001,Financiamiento Educativo
CABA,informacion_consolidada2025_5.xlsx,marzo,2025,month,2025-03,Fondo | Compens. | de | Desequilib.,0.0,Fondo | Compens. | de | Desequilib.
CABA,informacion_consolidada2025_5.xlsx,marzo,2025,month,2025-03,I.V.A. | Ley Nº 23.966 | Art. 5 | Punto 2,0.0,I.V.A. | Ley Nº 23.966 | Art. 5 | Punto 2
CABA,informacion_consolidada2025_5.xlsx,marzo,2025,month,2025-03,Impuesto a los Combustibles Líquidos | Ley Nº 23.966 y Nº 24.699 | Obras de | Infraestr.,0.0,Impuesto a los Combustibles Líquidos | Ley Nº 23.966 y Nº 24.699 | Obras de | Infraestr.
CABA,informacion_consolidada2025_5.xlsx,marzo,2025,month,2025-03,Impuesto s/ | Los Activos | Fdo. Educ. | Ley Nº 23.906,0.0,Impuesto s/ | Los Activos | Fdo. Educ. | Ley Nº 23.906
CABA,informacion_consolidada2025_5.xlsx,marzo,2025,month,2025-03,Impuesto sobre los | Bienes Personales | Ley | Nº 24.699,0.0,Impuesto sobre los | Bienes Personales | Ley | Nº 24.699
CABA,informacion_consolidada2025_5.xlsx,marzo,2025,month,2025-03,Ley Nº 23.966 | Art. 30,0.0,Ley Nº 23.966 | Art. 30
CABA,informacion_consolidada2025_5.xlsx,marzo,2025,month,2025-03,Ley Nº 24.464 | FO.NA.VI.,542.7631,Ley Nº 24.464 | FO.NA.VI.
CABA,informacion_consolidada2025_5.xlsx,marzo,2025,month,2025-03,Reg.Simplif. | P/Peq.Contrib. | Ley Nº 24.977 | Aart. 59 Inc. A,0.0,Reg.Simplif. | P/Peq.Contrib. | Ley Nº 24.977 | Aart. 59 Inc. A
CABA,informacion_consolidada2025_5.xlsx,marzo,2025,month,2025-03,Régimen de la Energía Eléctrica | L E Y Nº 2 4 . 0 6 5 | Fdo. P/Comp. | Tarifa Elect.,0.0,Régimen de la Energía Eléctrica | L E Y Nº 2 4 . 0 6 5 | Fdo. P/Comp. | Tarifa Elect.
CABA,informacion_consolidada2025_5.xlsx,marzo,2025,month,2025-03,Subtotal,88148.95419799999,Subtotal
CABA,informacion_consolidada2025_5.xlsx,marzo,2025,month,2025-03,Subtotal,88148.95419799999,Subtotal
CABA,informacion_consolidada2025_5.xlsx,marzo,2025,month,2025-03,Total | (1) + (2),88691.71729799999,Total | (1) + (2)
CABA,informacion_consolidada2025_5.xlsx,marzo,2025,month,2025-03,Total | Recursos | Origen Nacional | (1),88691.71729799999,Total | Recursos | Origen Nacional | (1)
CABA,informacion_consolidada2025_5.xlsx,marzo,2025,month,2025-03,Transfer. | De Servicios | Ley | Nº 24.049,0.0,Transfer. | De Servicios | Ley | Nº 24.049
CABA,informacion_consolidada2025_5.xlsx,marzo,2025,month,2025-03,Vialidad | Provincial,0.0,Vialidad | Provincial
CABA,informacion_consolidada2025_5.xlsx,abril,2025,month,2025-04,C.F.I. | Neta De | Ley Nº 26.075,38034.7362,CFI | Neta
CABA,informacion_consolidada2025_5.xlsx,abril,2025,month,2025-04,F.E.D.E.I.,0.0,F.E.D.E.I.
CABA,informacion_consolidada2025_5.xlsx,abril,2025,month,2025-04,F.E.D.E.I.,0.0,F.E.D.E.I.
CABA,informacion_consolidada2025_5.xlsx,abril,2025,month,2025-04,Financ. | Educativo | Ley Nº 26.075,56725.738792000004,Financiamiento Educativo
CABA,informacion_consolidada2025_5.xlsx,abril,2025,month,2025-04,Fondo | Compens. | de | Desequilib.,0.0,Fondo | Compens. | de | Desequilib.
CABA,informacion_consolidada2025_5.xlsx,abril,2025,month,2025-04,I.V.A. | Ley Nº 23.966 | Art. 5 | Punto 2,0.0,I.V.A. | Ley Nº 23.966 | Art. 5 | Punto 2
CABA,informacion_consolidada2025_5.xlsx,abril,2025,month,2025-04,Impuesto a los Combustibles Líquidos | Ley Nº 23.966 y Nº 24.699 | Obras de | Infraestr.,0.0,Impuesto a los Combustibles Líquidos | Ley Nº 23.966 y Nº 24.699 | Obras de | Infraestr.
CABA,informacion_consolidada2025_5.xlsx,abril,2025,month,2025-04,Impuesto s/ | Los Activos | Fdo. Educ. | Ley Nº 23.906,0.0,Impuesto s/ | Los Activos | Fdo. Educ. | Ley Nº 23.906
CABA,informacion_consolidada2025_5.xlsx,abril,2025,month,2025-04,Impuesto sobre los | Bienes Personales | Ley | Nº 24.699,0.0,Impuesto sobre los | Bienes Personales | Ley | Nº 24.699
CABA,informacion_consolidada2025_5.xlsx,abril,2025,month,2025-04,Ley Nº 23.966 | Art. 30,0.0,Ley Nº 23.966 | Art. 30
CABA,informacion_consolidada2025_5.xlsx,abril,2025,month,2025-04,Ley Nº 24.464 | FO.NA.VI.,602.6625,Ley Nº 24.464 | FO.NA.VI.
CABA,informacion_consolidada2025_5.xlsx,abril,2025,month,2025-04,Reg.Simplif. | P/Peq.Contrib. | Ley Nº 24.977 | Aart. 59 Inc. A,0.0,Reg.Simplif. | P/Peq.Contrib. | Ley Nº 24.977 | Aart. 59 Inc. A
CABA,informacion_consolidada2025_5.xlsx,abril,2025,month,2025-04,Régimen de la Energía Eléctrica | L E Y Nº 2 4 . 0 6 5 | Fdo. P/Comp. | Tarifa Elect.,0.0,Régimen de la Energía Eléctrica | L E Y Nº 2 4 . 0 6 5 | Fdo. P/Comp. | Tarifa Elect.
CABA,informacion_consolidada2025_5.xlsx,abril,2025,month,2025-04,Subtotal,94760.474992,Subtotal
CABA,informacion_consolidada2025_5.xlsx,abril,2025,month,2025-04,Subtotal,94760.474992,Subtotal
CABA,informacion_consolidada2025_5.xlsx,abril,2025,month,2025-04,Total | (1) + (2),95363.13749200001,Total | (1) + (2)
CABA,informacion_consolidada2025_5.xlsx,abril,2025,month,2025-04,Total | Recursos | Origen Nacional | (1),95363.13749200001,Total | Recursos | Origen Nacional | (1)
CABA,informacion_consolidada2025_5.xlsx,abril,2025,month,2025-04,Transfer. | De Servicios | Ley | Nº 24.049,0.0,Transfer. | De Servicios | Ley | Nº 24.049
CABA,informacion_consolidada2025_5.xlsx,abril,2025,month,2025-04,Vialidad | Provincial,0.0,Vialidad | Provincial
CABA,informacion_consolidada2025_5.xlsx,mayo,2025,month,2025-05,C.F.I. | Neta De | Ley Nº 26.075,64928.6509,CFI | Neta
CABA,informacion_consolidada2025_5.xlsx,mayo,2025,month,2025-05,F.E.D.E.I.,0.0,F.E.D.E.I.
CABA,informacion_consolidada2025_5.xlsx,mayo,2025,month,2025-05,F.E.D.E.I.,0.0,F.E.D.E.I.
CABA,informacion_consolidada2025_5.xlsx,mayo,2025,month,2025-05,Financ. | Educativo | Ley Nº 26.075,58196.54937686,Financiamiento Educativo
CABA,informacion_consolidada2025_5.xlsx,mayo,2025,month,2025-05,Fondo | Compens. | de | Desequilib.,0.0,Fondo | Compens. | de | Desequilib.
CABA,informacion_consolidada2025_5.xlsx,mayo,2025,month,2025-05,I.V.A. | Ley Nº 23.966 | Art. 5 | Punto 2,0.0,I.V.A. | Ley Nº 23.966 | Art. 5 | Punto 2
CABA,informacion_consolidada2025_5.xlsx,mayo,2025,month,2025-05,Impuesto a los Combustibles Líquidos | Ley Nº 23.966 y Nº 24.699 | Obras de | Infraestr.,0.0,Impuesto a los Combustibles Líquidos | Ley Nº 23.966 y Nº 24.699 | Obras de | Infraestr.
CABA,informacion_consolidada2025_5.xlsx,mayo,2025,month,2025-05,Impuesto s/ | Los Activos | Fdo. Educ. | Ley Nº 23.906,0.0,Impuesto s/ | Los Activos | Fdo. Educ. | Ley Nº 23.906
CABA,informacion_consolidada2025_5.xlsx,mayo,2025,month,2025-05,Impuesto sobre los | Bienes Personales | Ley | Nº 24.699,0.0,Impuesto sobre los | Bienes Personales | Ley | Nº 24.699
CABA,informacion_consolidada2025_5.xlsx,mayo,2025,month,2025-05,Ley Nº 23.966 | Art. 30,0.0,Ley Nº 23.966 | Art. 30
CABA,informacion_consolidada2025_5.xlsx,mayo,2025,month,2025-05,Ley Nº 24.464 | FO.NA.VI.,655.7406,Ley Nº 24.464 | FO.NA.VI.
CABA,informacion_consolidada2025_5.xlsx,mayo,2025,month,2025-05,Reg.Simplif. | P/Peq.Contrib. | Ley Nº 24.977 | Aart. 59 Inc. A,0.0,Reg.Simplif. | P/Peq.Contrib. | Ley Nº 24.977 | Aart. 59 Inc. A
CABA,informacion_consolidada2025_5.xlsx,mayo,2025,month,2025-05,Régimen de la Energía Eléctrica | L E Y Nº 2 4 . 0 6 5 | Fdo. P/Comp. | Tarifa Elect.,0.0,Régimen de la Energía Eléctrica | L E Y Nº 2 4 . 0 6 5 | Fdo. P/Comp. | Tarifa Elect.
CABA,informacion_consolidada2025_5.xlsx,mayo,2025,month,2025-05,Subtotal,123125.20027686,Subtotal
CABA,informacion_consolidada2025_5.xlsx,mayo,2025,month,2025-05,Subtotal,123125.20027686,Subtotal
CABA,informacion_consolidada2025_5.xlsx,mayo,2025,month,2025-05,Total | (1) + (2),123780.94087686001,Total | (1) + (2)
CABA,informacion_consolidada2025_5.xlsx,mayo,2025,month,2025-05,Total | Recursos | Origen Nacional | (1),123780.94087686001,Total | Recursos | Origen Nacional | (1)
CABA,informacion_consolidada2025_5.xlsx,mayo,2025,month,2025-05,Transfer. | De Servicios | Ley | Nº 24.049,0.0,Transfer. | De Servicios | Ley | Nº 24.049
CABA,informacion_consolidada2025_5.xlsx,mayo,2025,month,2025-05,Vialidad | Provincial,0.0,Vialidad | Provincial
CABA,informacion_consolidada2025_5.xlsx,junio,2025,month,2025-06,C.F.I. | Neta De | Ley Nº 26.075,47307.448200000006,CFI | Neta
CABA,informacion_consolidada2025_5.xlsx,junio,2025,month,2025-06,F.E.D.E.I.,0.0,F.E.D.E.I.
CABA,informacion_consolidada2025_5.xlsx,junio,2025,month,2025-06,F.E.D.E.I.,0.0,F.E.D.E.I.
CABA,informacion_consolidada2025_5.xlsx,junio,2025,month,2025-06,Financ. | Educativo | Ley Nº 26.075,57027.60754438998,Financiamiento Educativo
CABA,informacion_consolidada2025_5.xlsx,junio,2025,month,2025-06,Fondo | Compens. | de | Desequilib.,0.0,Fondo | Compens. | de | Desequilib.
CABA,informacion_consolidada2025_5.xlsx,junio,2025,month,2025-06,I.V.A. | Ley Nº 23.966 | Art. 5 | Punto 2,0.0,I.V.A. | Ley Nº 23.966 | Art. 5 | Punto 2
CABA,informacion_consolidada2025_5.xlsx,junio,2025,month,2025-06,Impuesto a los Combustibles Líquidos | Ley Nº 23.966 y Nº 24.699 | Obras de | Infraestr.,0.0,Impuesto a los Combustibles Líquidos | Ley Nº 23.966 y Nº 24.699 | Obras de | Infraestr.
CABA,informacion_consolidada2025_5.xlsx,junio,2025,month,2025-06,Impuesto s/ | Los Activos | Fdo. Educ. | Ley Nº 23.906,0.0,Impuesto s/ | Los Activos | Fdo. Educ. | Ley Nº 23.906
CABA,informacion_consolidada2025_5.xlsx,junio,2025,month,2025-06,Impuesto sobre los | Bienes Personales | Ley | Nº 24.699,0.0,Impuesto sobre los | Bienes Personales | Ley | Nº 24.699
CABA,informacion_consolidada2025_5.xlsx,junio,2025,month,2025-06,Ley Nº 23.966 | Art. 30,0.0,Ley Nº 23.966 | Art. 30
CABA,informacion_consolidada2025_5.xlsx,junio,2025,month,2025-06,Ley Nº 24.464 | FO.NA.VI.,708.1979,Ley Nº 24.464 | FO.NA.VI.
CABA,informacion_consolidada2025_5.xlsx,junio,2025,month,2025-06,Reg.Simplif. | P/Peq.Contrib. | Ley Nº 24.977 | Aart. 59 Inc. A,0.0,Reg.Simplif. | P/Peq.Contrib. | Ley Nº 24.977 | Aart. 59 Inc. A
CABA,informacion_consolidada2025_5.xlsx,junio,2025,month,2025-06,Régimen de la Energía Eléctrica | L E Y Nº 2 4 . 0 6 5 | Fdo. P/Comp. | Tarifa Elect.,0.0,Régimen de la Energía Eléctrica | L E Y Nº 2 4 . 0 6 5 | Fdo. P/Comp. | Tarifa Elect.
CABA,informacion_consolidada2025_5.xlsx,junio,2025,month,2025-06,Subtotal,104335.05574438999,Subtotal
CABA,informacion_consolidada2025_5.xlsx,junio,2025,month,2025-06,Subtotal,104335.05574438999,Subtotal
CABA,informacion_consolidada2025_5.xlsx,junio,2025,month,2025-06,Total | (1) + (2),105043.25364438999,Total | (1) + (2)
CABA,informacion_consolidada2025_5.xlsx,junio,2025,month,2025-06,Total | Recursos | Origen Nacional | (1),105043.25364438999,Total | Recursos | Origen Nacional | (1)
CABA,informacion_consolidada2025_5.xlsx,junio,2025,month,2025-06,Transfer. | De Servicios | Ley | Nº 24.049,0.0,Transfer. | De Servicios | Ley | Nº 24.049
CABA,informacion_consolidada2025_5.xlsx,junio,2025,month,2025-06,Vialidad | Provincial,0.0,Vialidad | Provincial
CABA,informacion_consolidada2025_5.xlsx,julio,2025,month,2025-07,C.F.I. | Neta De | Ley Nº 26.075,47948.9406,CFI | Neta
CABA,informacion_consolidada2025_5.xlsx,julio,2025,month,2025-07,F.E.D.E.I.,0.0,F.E.D.E.I.
CABA,informacion_consolidada2025_5.xlsx,julio,2025,month,2025-07,F.E.D.E.I.,0.0,F.E.D.E.I.
CABA,informacion_consolidada2025_5.xlsx,julio,2025,month,2025-07,Financ. | Educativo | Ley Nº 26.075,61716.39313802998,Financiamiento Educativo
CABA,informacion_consolidada2025_5.xlsx,julio,2025,month,2025-07,Fondo | Compens. | de | Desequilib.,0.0,Fondo | Compens. | de | Desequilib.
CABA,informacion_consolidada2025_5.xlsx,julio,2025,month,2025-07,I.V.A. | Ley Nº 23.966 | Art. 5 | Punto 2,0.0,I.V.A. | Ley Nº 23.966 | Art. 5 | Punto 2
CABA,informacion_consolidada2025_5.xlsx,julio,2025,month,2025-07,Impuesto a los Combustibles Líquidos | Ley Nº 23.966 y Nº 24.699 | Obras de | Infraestr.,0.0,Impuesto a los Combustibles Líquidos | Ley Nº 23.966 y Nº 24.699 | Obras de | Infraestr.
CABA,informacion_consolidada2025_5.xlsx,julio,2025,month,2025-07,Impuesto s/ | Los Activos | Fdo. Educ. | Ley Nº 23.906,0.0,Impuesto s/ | Los Activos | Fdo. Educ. | Ley Nº 23.906
CABA,informacion_consolidada2025_5.xlsx,julio,2025,month,2025-07,Impuesto sobre los | Bienes Personales | Ley | Nº 24.699,0.0,Impuesto sobre los | Bienes Personales | Ley | Nº 24.699
CABA,informacion_consolidada2025_5.xlsx,julio,2025,month,2025-07,Ley Nº 23.966 | Art. 30,0.0,Ley Nº 23.966 | Art. 30
CABA,informacion_consolidada2025_5.xlsx,julio,2025,month,2025-07,Ley Nº 24.464 | FO.NA.VI.,632.8371,Ley Nº 24.464 | FO.NA.VI.
CABA,informacion_consolidada2025_5.xlsx,julio,2025,month,2025-07,Reg.Simplif. | P/Peq.Contrib. | Ley Nº 24.977 | Aart. 59 Inc. A,0.0,Reg.Simplif. | P/Peq.Contrib. | Ley Nº 24.977 | Aart. 59 Inc. A
CABA,informacion_consolidada2025_5.xlsx,julio,2025,month,2025-07,Régimen de la Energía Eléctrica | L E Y Nº 2 4 . 0 6 5 | Fdo. P/Comp. | Tarifa Elect.,0.0,Régimen de la Energía Eléctrica | L E Y Nº 2 4 . 0 6 5 | Fdo. P/Comp. | Tarifa Elect.
CABA,informacion_consolidada2025_5.xlsx,julio,2025,month,2025-07,Subtotal,109665.33373802998,Subtotal
CABA,informacion_consolidada2025_5.xlsx,julio,2025,month,2025-07,Subtotal,109665.33373802998,Subtotal
CABA,informacion_consolidada2025_5.xlsx,julio,2025,month,2025-07,Total | (1) + (2),110298.17083802998,Total | (1) + (2)
CABA,informacion_consolidada2025_5.xlsx,julio,2025,month,2025-07,Total | Recursos | Origen Nacional | (1),110298.17083802998,Total | Recursos | Origen Nacional | (1)
CABA,informacion_consolidada2025_5.xlsx,julio,2025,month,2025-07,Transfer. | De Servicios | Ley | Nº 24.049,0.0,Transfer. | De Servicios | Ley | Nº 24.049
CABA,informacion_consolidada2025_5.xlsx,julio,2025,month,2025-07,Vialidad | Provincial,0.0,Vialidad | Provincial
CABA,informacion_consolidada2025_5.xlsx,agosto,2025,month,2025-08,C.F.I. | Neta De | Ley Nº 26.075,76092.4195,CFI | Neta
CABA,informacion_consolidada2025_5.xlsx,agosto,2025,month,2025-08,F.E.D.E.I.,0.0,F.E.D.E.I.
CABA,informacion_consolidada2025_5.xlsx,agosto,2025,month,2025-08,F.E.D.E.I.,0.0,F.E.D.E.I.
CABA,informacion_consolidada2025_5.xlsx,agosto,2025,month,2025-08,Financ. | Educativo | Ley Nº 26.075,35509.06854271,Financiamiento Educativo
CABA,informacion_consolidada2025_5.xlsx,agosto,2025,month,2025-08,Fondo | Compens. | de | Desequilib.,0.0,Fondo | Compens. | de | Desequilib.
CABA,informacion_consolidada2025_5.xlsx,agosto,2025,month,2025-08,I.V.A. | Ley Nº 23.966 | Art. 5 | Punto 2,0.0,I.V.A. | Ley Nº 23.966 | Art. 5 | Punto 2
CABA,informacion_consolidada2025_5.xlsx,agosto,2025,month,2025-08,Impuesto a los Combustibles Líquidos | Ley Nº 23.966 y Nº 24.699 | Obras de | Infraestr.,0.0,Impuesto a los Combustibles Líquidos | Ley Nº 23.966 y Nº 24.699 | Obras de | Infraestr.
CABA,informacion_consolidada2025_5.xlsx,agosto,2025,month,2025-08,Impuesto s/ | Los Activos | Fdo. Educ. | Ley Nº 23.906,0.11715813,Impuesto s/ | Los Activos | Fdo. Educ. | Ley Nº 23.906
CABA,informacion_consolidada2025_5.xlsx,agosto,2025,month,2025-08,Impuesto sobre los | Bienes Personales | Ley | Nº 24.699,0.0,Impuesto sobre los | Bienes Personales | Ley | Nº 24.699
CABA,informacion_consolidada2025_5.xlsx,agosto,2025,month,2025-08,Ley Nº 23.966 | Art. 30,0.0,Ley Nº 23.966 | Art. 30
CABA,informacion_consolidada2025_5.xlsx,agosto,2025,month,2025-08,Ley Nº 24.464 | FO.NA.VI.,748.1632,Ley Nº 24.464 | FO.NA.VI.
CABA,informacion_consolidada2025_5.xlsx,agosto,2025,month,2025-08,Reg.Simplif. | P/Peq.Contrib. | Ley Nº 24.977 | Aart. 59 Inc. A,0.0,Reg.Simplif. | P/Peq.Contrib. | Ley Nº 24.977 | Aart. 59 Inc. A
CABA,informacion_consolidada2025_5.xlsx,agosto,2025,month,2025-08,Régimen de la Energía Eléctrica | L E Y Nº 2 4 . 0 6 5 | Fdo. P/Comp. | Tarifa Elect.,0.0,Régimen de la Energía Eléctrica | L E Y Nº 2 4 . 0 6 5 | Fdo. P/Comp. | Tarifa Elect.
CABA,informacion_consolidada2025_5.xlsx,agosto,2025,month,2025-08,Subtotal,111601.48804271,Subtotal
CABA,informacion_consolidada2025_5.xlsx,agosto,2025,month,2025-08,Subtotal,111601.48804271,Subtotal
CABA,informacion_consolidada2025_5.xlsx,agosto,2025,month,2025-08,Total | (1) + (2),112349.76840084,Total | (1) + (2)
CABA,informacion_consolidada2025_5.xlsx,agosto,2025,month,2025-08,Total | Recursos | Origen Nacional | (1),112349.76840084,Total | Recursos | Origen Nacional | (1)
CABA,informacion_consolidada2025_5.xlsx,agosto,2025,month,2025-08,Transfer. | De Servicios | Ley | Nº 24.049,0.0,Transfer. | De Servicios | Ley | Nº 24.049
CABA,informacion_consolidada2025_5.xlsx,agosto,2025,month,2025-08,Vialidad | Provincial,0.0,Vialidad | Provincial
CABA,informacion_consolidada2025_5.xlsx,septiembre,2025,month,2025-09,C.F.I. | Neta De | Ley Nº 26.075,70930.51759999999,CFI | Neta
CABA,informacion_consolidada2025_5.xlsx,septiembre,2025,month,2025-09,F.E.D.E.I.,0.0,F.E.D.E.I.
CABA,informacion_consolidada2025_5.xlsx,septiembre,2025,month,2025-09,F.E.D.E.I.,0.0,F.E.D.E.I.
CABA,informacion_consolidada2025_5.xlsx,septiembre,2025,month,2025-09,Financ. | Educativo | Ley Nº 26.075,39270.847287509976,Financiamiento Educativo
CABA,informacion_consolidada2025_5.xlsx,septiembre,2025,month,2025-09,Fondo | Compens. | de | Desequilib.,0.0,Fondo | Compens. | de | Desequilib.
CABA,informacion_consolidada2025_5.xlsx,septiembre,2025,month,2025-09,I.V.A. | Ley Nº 23.966 | Art. 5 | Punto 2,0.0,I.V.A. | Ley Nº 23.966 | Art. 5 | Punto 2
CABA,informacion_consolidada2025_5.xlsx,septiembre,2025,month,2025-09,Impuesto a los Combustibles Líquidos | Ley Nº 23.966 y Nº 24.699 | Obras de | Infraestr.,0.0,Impuesto a los Combustibles Líquidos | Ley Nº 23.966 y Nº 24.699 | Obras de | Infraestr.
CABA,informacion_consolidada2025_5.xlsx,septiembre,2025,month,2025-09,Impuesto s/ | Los Activos | Fdo. Educ. | Ley Nº 23.906,0.0,Impuesto s/ | Los Activos | Fdo. Educ. | Ley Nº 23.906
CABA,informacion_consolidada2025_5.xlsx,septiembre,2025,month,2025-09,Impuesto sobre los | Bienes Personales | Ley | Nº 24.699,0.0,Impuesto sobre los | Bienes Personales | Ley | Nº 24.699
CABA,informacion_consolidada2025_5.xlsx,septiembre,2025,month,2025-09,Ley Nº 23.966 | Art. 30,0.0,Ley Nº 23.966 | Art. 30
CABA,informacion_consolidada2025_5.xlsx,septiembre,2025,month,2025-09,Ley Nº 24.464 | FO.NA.VI.,773.8664,Ley Nº 24.464 | FO.NA.VI.
CABA,informacion_consolidada2025_5.xlsx,septiembre,2025,month,2025-09,Reg.Simplif. | P/Peq.Contrib. | Ley Nº 24.977 | Aart. 59 Inc. A,0.0,Reg.Simplif. | P/Peq.Contrib. | Ley Nº 24.977 | Aart. 59 Inc. A
CABA,informacion_consolidada2025_5.xlsx,septiembre,2025,month,2025-09,Régimen de la Energía Eléctrica | L E Y Nº 2 4 . 0 6 5 | Fdo. P/Comp. | Tarifa Elect.,0.0,Régimen de la Energía Eléctrica | L E Y Nº 2 4 . 0 6 5 | Fdo. P/Comp. | Tarifa Elect.
CABA,informacion_consolidada2025_5.xlsx,septiembre,2025,month,2025-09,Subtotal,110201.36488750996,Subtotal
CABA,informacion_consolidada2025_5.xlsx,septiembre,2025,month,2025-09,Subtotal,110201.36488750996,Subtotal
CABA,informacion_consolidada2025_5.xlsx,septiembre,2025,month,2025-09,Total | (1) + (2),110975.23128750996,Total | (1) + (2)
CABA,informacion_consolidada2025_5.xlsx,septiembre,2025,month,2025-09,Total | Recursos | Origen Nacional | (1),110975.23128750996,Total | Recursos | Origen Nacional | (1)
CABA,informacion_consolidada2025_5.xlsx,septiembre,2025,month,2025-09,Transfer. | De Servicios | Ley | Nº 24.049,0.0,Transfer. | De Servicios | Ley | Nº 24.049
CABA,informacion_consolidada2025_5.xlsx,septiembre,2025,month,2025-09,Vialidad | Provincial,0.0,Vialidad | Provincial
CABA,informacion_consolidada2025_5.xlsx,octubre,2025,month,2025-10,C.F.I. | Neta De | Ley Nº 26.075,78504.4689,CFI | Neta
CABA,informacion_consolidada2025_5.xlsx,octubre,2025,month,2025-10,F.E.D.E.I.,0.0,F.E.D.E.I.
CABA,informacion_consolidada2025_5.xlsx,octubre,2025,month,2025-10,F.E.D.E.I.,0.0,F.E.D.E.I.
CABA,informacion_consolidada2025_5.xlsx,octubre,2025,month,2025-10,Financ. | Educativo | Ley Nº 26.075,40771.62475675001,Financiamiento Educativo
CABA,informacion_consolidada2025_5.xlsx,octubre,2025,month,2025-10,Fondo | Compens. | de | Desequilib.,0.0,Fondo | Compens. | de | Desequilib.
CABA,informacion_consolidada2025_5.xlsx,octubre,2025,month,2025-10,I.V.A. | Ley Nº 23.966 | Art. 5 | Punto 2,0.0,I.V.A. | Ley Nº 23.966 | Art. 5 | Punto 2
CABA,informacion_consolidada2025_5.xlsx,octubre,2025,month,2025-10,Impuesto a los Combustibles Líquidos | Ley Nº 23.966 y Nº 24.699 | Obras de | Infraestr.,0.0,Impuesto a los Combustibles Líquidos | Ley Nº 23.966 y Nº 24.699 | Obras de | Infraestr.
CABA,informacion_consolidada2025_5.xlsx,octubre,2025,month,2025-10,Impuesto s/ | Los Activos | Fdo. Educ. | Ley Nº 23.906,0.0,Impuesto s/ | Los Activos | Fdo. Educ. | Ley Nº 23.906
CABA,informacion_consolidada2025_5.xlsx,octubre,2025,month,2025-10,Impuesto sobre los | Bienes Personales | Ley | Nº 24.699,0.0,Impuesto sobre los | Bienes Personales | Ley | Nº 24.699
CABA,informacion_consolidada2025_5.xlsx,octubre,2025,month,2025-10,Ley Nº 23.966 | Art. 30,0.0,Ley Nº 23.966 | Art. 30
CABA,informacion_consolidada2025_5.xlsx,octubre,2025,month,2025-10,Ley Nº 24.464 | FO.NA.VI.,743.5794000000001,Ley Nº 24.464 | FO.NA.VI.
CABA,informacion_consolidada2025_5.xlsx,octubre,2025,month,2025-10,Reg.Simplif. | P/Peq.Contrib. | Ley Nº 24.977 | Aart. 59 Inc. A,0.0,Reg.Simplif. | P/Peq.Contrib. | Ley Nº 24.977 | Aart. 59 Inc. A
CABA,informacion_consolidada2025_5.xlsx,octubre,2025,month,2025-10,Régimen de la Energía Eléctrica | L E Y Nº 2 4 . 0 6 5 | Fdo. P/Comp. | Tarifa Elect.,0.0,Régimen de la Energía Eléctrica | L E Y Nº 2 4 . 0 6 5 | Fdo. P/Comp. | Tarifa Elect.
CABA,informacion_consolidada2025_5.xlsx,octubre,2025,month,2025-10,Subtotal,119276.09365675002,Subtotal
CABA,informacion_consolidada2025_5.xlsx,octubre,2025,month,2025-10,Subtotal,119276.09365675002,Subtotal
CABA,informacion_consolidada2025_5.xlsx,octubre,2025,month,2025-10,Total | (1) + (2),120019.67305675002,Total | (1) + (2)
CABA,informacion_consolidada2025_5.xlsx,octubre,2025,month,2025-10,Total | Recursos | Origen Nacional | (1),120019.67305675002,Total | Recursos | Origen Nacional | (1)
CABA,informacion_consolidada2025_5.xlsx,octubre,2025,month,2025-10,Transfer. | De Servicios | Ley | Nº 24.049,0.0,Transfer. | De Servicios | Ley | Nº 24.049
CABA,informacion_consolidada2025_5.xlsx,octubre,2025,month,2025-10,Vialidad | Provincial,0.0,Vialidad | Provincial
CABA,informacion_consolidada2025_5.xlsx,noviembre,2025,month,2025-11,C.F.I. | Neta De | Ley Nº 26.075,85789.3578,CFI | Neta
CABA,informacion_consolidada2025_5.xlsx,noviembre,2025,month,2025-11,F.E.D.E.I.,0.0,F.E.D.E.I.
CABA,informacion_consolidada2025_5.xlsx,noviembre,2025,month,2025-11,F.E.D.E.I.,0.0,F.E.D.E.I.
CABA,informacion_consolidada2025_5.xlsx,noviembre,2025,month,2025-11,Financ. | Educativo | Ley Nº 26.075,30135.548733249998,Financiamiento Educativo
CABA,informacion_consolidada2025_5.xlsx,noviembre,2025,month,2025-11,Fondo | Compens. | de | Desequilib.,0.0,Fondo | Compens. | de | Desequilib.
CABA,informacion_consolidada2025_5.xlsx,noviembre,2025,month,2025-11,I.V.A. | Ley Nº 23.966 | Art. 5 | Punto 2,0.0,I.V.A. | Ley Nº 23.966 | Art. 5 | Punto 2
CABA,informacion_consolidada2025_5.xlsx,noviembre,2025,month,2025-11,Impuesto a los Combustibles Líquidos | Ley Nº 23.966 y Nº 24.699 | Obras de | Infraestr.,0.0,Impuesto a los Combustibles Líquidos | Ley Nº 23.966 y Nº 24.699 | Obras de | Infraestr.
CABA,informacion_consolidada2025_5.xlsx,noviembre,2025,month,2025-11,Impuesto s/ | Los Activos | Fdo. Educ. | Ley Nº 23.906,0.0,Impuesto s/ | Los Activos | Fdo. Educ. | Ley Nº 23.906
CABA,informacion_consolidada2025_5.xlsx,noviembre,2025,month,2025-11,Impuesto sobre los | Bienes Personales | Ley | Nº 24.699,0.0,Impuesto sobre los | Bienes Personales | Ley | Nº 24.699
CABA,informacion_consolidada2025_5.xlsx,noviembre,2025,month,2025-11,Ley Nº 23.966 | Art. 30,0.0,Ley Nº 23.966 | Art. 30
CABA,informacion_consolidada2025_5.xlsx,noviembre,2025,month,2025-11,Ley Nº 24.464 | FO.NA.VI.,787.5006,Ley Nº 24.464 | FO.NA.VI.
CABA,informacion_consolidada2025_5.xlsx,noviembre,2025,month,2025-11,Reg.Simplif. | P/Peq.Contrib. | Ley Nº 24.977 | Aart. 59 Inc. A,0.0,Reg.Simplif. | P/Peq.Contrib. | Ley Nº 24.977 | Aart. 59 Inc. A
CABA,informacion_consolidada2025_5.xlsx,noviembre,2025,month,2025-11,Régimen de la Energía Eléctrica | L E Y Nº 2 4 . 0 6 5 | Fdo. P/Comp. | Tarifa Elect.,0.0,Régimen de la Energía Eléctrica | L E Y Nº 2 4 . 0 6 5 | Fdo. P/Comp. | Tarifa Elect.
CABA,informacion_consolidada2025_5.xlsx,noviembre,2025,month,2025-11,Subtotal,115924.90653325,Subtotal
CABA,informacion_consolidada2025_5.xlsx,noviembre,2025,month,2025-11,Subtotal,115924.90653325,Subtotal
CABA,informacion_consolidada2025_5.xlsx,noviembre,2025,month,2025-11,Total | (1) + (2),116712.40713325,Total | (1) + (2)
CABA,informacion_consolidada2025_5.xlsx,noviembre,2025,month,2025-11,Total | Recursos | Origen Nacional | (1),116712.40713325,Total | Recursos | Origen Nacional | (1)
CABA,informacion_consolidada2025_5.xlsx,noviembre,2025,month,2025-11,Transfer. | De Servicios | Ley | Nº 24.049,0.0,Transfer. | De Servicios | Ley | Nº 24.049
CABA,informacion_consolidada2025_5.xlsx,noviembre,2025,month,2025-11,Vialidad | Provincial,0.0,Vialidad | Provincial
CABA,informacion_consolidada2025_5.xlsx,diciembre,2025,month,2025-12,C.F.I. | Neta De | Ley Nº 26.075,84611.43029999999,CFI | Neta
CABA,informacion_consolidada2025_5.xlsx,diciembre,2025,month,2025-12,F.E.D.E.I.,0.0,F.E.D.E.I.
CABA,informacion_consolidada2025_5.xlsx,diciembre,2025,month,2025-12,F.E.D.E.I.,0.0,F.E.D.E.I.
CABA,informacion_consolidada2025_5.xlsx,diciembre,2025,month,2025-12,Financ. | Educativo | Ley Nº 26.075,37226.26608225001,Financiamiento Educativo
CABA,informacion_consolidada2025_5.xlsx,diciembre,2025,month,2025-12,Fondo | Compens. | de | Desequilib.,0.0,Fondo | Compens. | de | Desequilib.
CABA,informacion_consolidada2025_5.xlsx,diciembre,2025,month,2025-12,I.V.A. | Ley Nº 23.966 | Art. 5 | Punto 2,0.0,I.V.A. | Ley Nº 23.966 | Art. 5 | Punto 2
CABA,informacion_consolidada2025_5.xlsx,diciembre,2025,month,2025-12,Impuesto a los Combustibles Líquidos | Ley Nº 23.966 y Nº 24.699 | Obras de | Infraestr.,0.0,Impuesto a los Combustibles Líquidos | Ley Nº 23.966 y Nº 24.699 | Obras de | Infraestr.
CABA,informacion_consolidada2025_5.xlsx,diciembre,2025,month,2025-12,Impuesto s/ | Los Activos | Fdo. Educ. | Ley Nº 23.906,0.00339465,Impuesto s/ | Los Activos | Fdo. Educ. | Ley Nº 23.906
CABA,informacion_consolidada2025_5.xlsx,diciembre,2025,month,2025-12,Impuesto sobre los | Bienes Personales | Ley | Nº 24.699,0.0,Impuesto sobre los | Bienes Personales | Ley | Nº 24.699
CABA,informacion_consolidada2025_5.xlsx,diciembre,2025,month,2025-12,Ley Nº 23.966 | Art. 30,0.0,Ley Nº 23.966 | Art. 30
CABA,informacion_consolidada2025_5.xlsx,diciembre,2025,month,2025-12,Ley Nº 24.464 | FO.NA.VI.,1120.2729,Ley Nº 24.464 | FO.NA.VI.
CABA,informacion_consolidada2025_5.xlsx,diciembre,2025,month,2025-12,Reg.Simplif. | P/Peq.Contrib. | Ley Nº 24.977 | Aart. 59 Inc. A,0.0,Reg.Simplif. | P/Peq.Contrib. | Ley Nº 24.977 | Aart. 59 Inc. A
CABA,informacion_consolidada2025_5.xlsx,diciembre,2025,month,2025-12,Régimen de la Energía Eléctrica | L E Y Nº 2 4 . 0 6 5 | Fdo. P/Comp. | Tarifa Elect.,0.0,Régimen de la Energía Eléctrica | L E Y Nº 2 4 . 0 6 5 | Fdo. P/Comp. | Tarifa Elect.
CABA,informacion_consolidada2025_5.xlsx,diciembre,2025,month,2025-12,Subtotal,121837.69638225,Subtotal
CABA,informacion_consolidada2025_5.xlsx,diciembre,2025,month,2025-12,Subtotal,121837.69638225,Subtotal
CABA,informacion_consolidada2025_5.xlsx,diciembre,2025,month,2025-12,Total | (1) + (2),122957.9726769,Total | (1) + (2)
CABA,informacion_consolidada2025_5.xlsx,diciembre,2025,month,2025-12,Total | Recursos | Origen Nacional | (1),122957.9726769,Total | Recursos | Origen Nacional | (1)
CABA,informacion_consolidada2025_5.xlsx,diciembre,2025,month,2025-12,Transfer. | De Servicios | Ley | Nº 24.049,0.0,Transfer. | De Servicios | Ley | Nº 24.049
CABA,informacion_consolidada2025_5.xlsx,diciembre,2025,month,2025-12,Vialidad | Provincial,0.0,Vialidad | Provincial
CABA,informacion_consolidada2025_5.xlsx,CONS,2025,consolidated,CONS,C.F.I. | Neta De | Ley Nº 26.075,871055.1256999999,CFI | Neta
CABA,informacion_consolidada2025_5.xlsx,CONS,2025,consolidated,CONS,F.E.D.E.I.,0.0,F.E.D.E.I.
CABA,informacion_consolidada2025_5.xlsx,CONS,2025,consolidated,CONS,F.E.D.E.I.,0.0,F.E.D.E.I.
CABA,informacion_consolidada2025_5.xlsx,CONS,2025,consolidated,CONS,Financ. | Educativo | Ley Nº 26.075,430761.0789,Financiamiento Educativo
CABA,informacion_consolidada2025_5.xlsx,CONS,2025,consolidated,CONS,Fondo | Compens. | de | Desequilib.,0.0,Fondo | Compens. | de | Desequilib.
CABA,informacion_consolidada2025_5.xlsx,CONS,2025,consolidated,CONS,I.V.A. | Ley Nº 23.966 | Art. 5 | Punto 2,0.0,I.V.A. | Ley Nº 23.966 | Art. 5 | Punto 2
CABA,informacion_consolidada2025_5.xlsx,CONS,2025,consolidated,CONS,Impuesto a los Combustibles Líquidos | Ley Nº 23.966 y Nº 24.699 | Obras de | Infraestr.,0.0,Impuesto a los Combustibles Líquidos | Ley Nº 23.966 y Nº 24.699 | Obras de | Infraestr.
CABA,informacion_consolidada2025_5.xlsx,CONS,2025,consolidated,CONS,Impuesto s/ | Los Activos | Fdo. Educ. | Ley Nº 23.906,0.12060000000000001,Impuesto s/ | Los Activos | Fdo. Educ. | Ley Nº 23.906
CABA,informacion_consolidada2025_5.xlsx,CONS,2025,consolidated,CONS,Impuesto sobre los | Bienes Personales | Ley | Nº 24.699,0.0,Impuesto sobre los | Bienes Personales | Ley | Nº 24.699
CABA,informacion_consolidada2025_5.xlsx,CONS,2025,consolidated,CONS,Ley Nº 23.966 | Art. 30,0.0,Ley Nº 23.966 | Art. 30
CABA,informacion_consolidada2025_5.xlsx,CONS,2025,consolidated,CONS,Ley Nº 24.464 | FO.NA.VI.,8381.622599999999,Ley Nº 24.464 | FO.NA.VI.
CABA,informacion_consolidada2025_5.xlsx,CONS,2025,consolidated,CONS,Reg.Simplif. | P/Peq.Contrib. | Ley Nº 24.977 | Aart. 59 Inc. A,0.0,Reg.Simplif. | P/Peq.Contrib. | Ley Nº 24.977 | Aart. 59 Inc. A
CABA,informacion_consolidada2025_5.xlsx,CONS,2025,consolidated,CONS,Régimen de la Energía Eléctrica | L E Y Nº 2 4 . 0 6 5 | Fdo. P/Comp. | Tarifa Elect.,0.0,Régimen de la Energía Eléctrica | L E Y Nº 2 4 . 0 6 5 | Fdo. P/Comp. | Tarifa Elect.
CABA,informacion_consolidada2025_5.xlsx,CONS,2025,consolidated,CONS,Subtotal,1301816.2045999998,Subtotal
CABA,informacion_consolidada2025_5.xlsx,CONS,2025,consolidated,CONS,Subtotal,1301816.2045999998,Subtotal
CABA,informacion_consolidada2025_5.xlsx,CONS,2025,consolidated,CONS,Total | (1) + (2),1310197.9477999997,Total | (1) + (2)
CABA,informacion_consolidada2025_5.xlsx,CONS,2025,consolidated,CONS,Total | Recursos | Origen Nacional | (1),1310197.9477999997,Total | Recursos | Origen Nacional | (1)
CABA,informacion_consolidada2025_5.xlsx,CONS,2025,consolidated,CONS,Transfer. | De Servicios | Ley | Nº 24.049,0.0,Transfer. | De Servicios | Ley | Nº 24.049
CABA,informacion_consolidada2025_5.xlsx,CONS,2025,consolidated,CONS,Vialidad | Provincial,0.0,Vialidad | Provincial
Catamarca,informacion_consolidada2025_5.xlsx,enero,2025,month,2025-01,C.F.I. | Neta De | Ley Nº 26.075,117897.3795,CFI | Neta
Catamarca,informacion_consolidada2025_5.xlsx,enero,2025,month,2025-01,Compensación | Consenso Fiscal | II. a y b; II. d y e | (2),634.54248,Compensación Consenso Fiscal
Catamarca,informacion_consolidada2025_5.xlsx,enero,2025,month,2025-01,F.E.D.E.I.,0.0,F.E.D.E.I.
Catamarca,informacion_consolidada2025_5.xlsx,enero,2025,month,2025-01,F.E.D.E.I.,0.0,F.E.D.E.I.
Catamarca,informacion_consolidada2025_5.xlsx,enero,2025,month,2025-01,Financ. | Educativo | Ley Nº 26.075,0.0,Financiamiento Educativo
Catamarca,informacion_consolidada2025_5.xlsx,enero,2025,month,2025-01,Fondo | Compens. | de | Desequilib.,2.2,Fondo | Compens. | de | Desequilib.
Catamarca,informacion_consolidada2025_5.xlsx,enero,2025,month,2025-01,I.V.A. | Ley Nº 23.966 | Art. 5 | Punto 2,0.0,I.V.A. | Ley Nº 23.966 | Art. 5 | Punto 2
Catamarca,informacion_consolidada2025_5.xlsx,enero,2025,month,2025-01,Impuesto a los Combustibles Líquidos | Ley Nº 23.966 y Nº 24.699 | Obras de | Infraestr.,204.7632,Impuesto a los Combustibles Líquidos | Ley Nº 23.966 y Nº 24.699 | Obras de | Infraestr.
Catamarca,informacion_consolidada2025_5.xlsx,enero,2025,month,2025-01,Impuesto s/ | Los Activos | Fdo. Educ. | Ley Nº 23.906,0.0,Impuesto s/ | Los Activos | Fdo. Educ. | Ley Nº 23.906
Catamarca,informacion_consolidada2025_5.xlsx,enero,2025,month,2025-01,Impuesto sobre los | Bienes Personales | Ley | Nº 24.699,701.5649000000001,Impuesto sobre los | Bienes Personales | Ley | Nº 24.699
Catamarca,informacion_consolidada2025_5.xlsx,enero,2025,month,2025-01,Ley Nº 23.966 | Art. 30,0.0,Ley Nº 23.966 | Art. 30
Catamarca,informacion_consolidada2025_5.xlsx,enero,2025,month,2025-01,Ley Nº 24.464 | FO.NA.VI.,762.0785,Ley Nº 24.464 | FO.NA.VI.
Catamarca,informacion_consolidada2025_5.xlsx,enero,2025,month,2025-01,Reg.Simplif. | P/Peq.Contrib. | Ley Nº 24.977 | Aart. 59 Inc. A,233.86929999999998,Reg.Simplif. | P/Peq.Contrib. | Ley Nº 24.977 | Aart. 59 Inc. A
Catamarca,informacion_consolidada2025_5.xlsx,enero,2025,month,2025-01,Régimen de la Energía Eléctrica | L E Y Nº 2 4 . 0 6 5 | Fdo. P/Comp. | Tarifa Elect.,0.0,Régimen de la Energía Eléctrica | L E Y Nº 2 4 . 0 6 5 | Fdo. P/Comp. | Tarifa Elect.
Catamarca,informacion_consolidada2025_5.xlsx,enero,2025,month,2025-01,Subtotal,117897.3795,Subtotal
Catamarca,informacion_consolidada2025_5.xlsx,enero,2025,month,2025-01,Subtotal,117899.16279999999,Subtotal
Catamarca,informacion_consolidada2025_5.xlsx,enero,2025,month,2025-01,Total | (1) + (2),120790.54058,Total | (1) + (2)
Catamarca,informacion_consolidada2025_5.xlsx,enero,2025,month,2025-01,Total | Recursos | Origen Nacional | (1),120155.9981,Total | Recursos | Origen Nacional | (1)
Catamarca,informacion_consolidada2025_5.xlsx,enero,2025,month,2025-01,Transfer. | De Servicios | Ley | Nº 24.049,1.7832999999999999,Transfer. | De Servicios | Ley | Nº 24.049
Catamarca,informacion_consolidada2025_5.xlsx,enero,2025,month,2025-01,Vialidad | Provincial,352.35940000000005,Vialidad | Provincial
Catamarca,informacion_consolidada2025_5.xlsx,febrero,2025,month,2025-02,C.F.I. | Neta De | Ley Nº 26.075,108704.3867,CFI | Neta
Catamarca,informacion_consolidada2025_5.xlsx,febrero,2025,month,2025-02,Compensación | Consenso Fiscal | II. a y b; II. d y e | (2),576.8568,Compensación Consenso Fiscal
Catamarca,informacion_consolidada2025_5.xlsx,febrero,2025,month,2025-02,F.E.D.E.I.,225.75387858000002,F.E.D.E.I.
Catamarca,informacion_consolidada2025_5.xlsx,febrero,2025,month,2025-02,F.E.D.E.I.,135.2922734802973,F.E.D.E.I.
Catamarca,informacion_consolidada2025_5.xlsx,febrero,2025,month,2025-02,Financ. | Educativo | Ley Nº 26.075,0.0,Financiamiento Educativo
Catamarca,informacion_consolidada2025_5.xlsx,febrero,2025,month,2025-02,Fondo | Compens. | de | Desequilib.,2.2,Fondo | Compens. | de | Desequilib.
Catamarca,informacion_consolidada2025_5.xlsx,febrero,2025,month,2025-02,I.V.A. | Ley Nº 23.966 | Art. 5 | Punto 2,0.0,I.V.A. | Ley Nº 23.966 | Art. 5 | Punto 2
Catamarca,informacion_consolidada2025_5.xlsx,febrero,2025,month,2025-02,Impuesto a los Combustibles Líquidos | Ley Nº 23.966 y Nº 24.699 | Obras de | Infraestr.,257.9386,Impuesto a los Combustibles Líquidos | Ley Nº 23.966 y Nº 24.699 | Obras de | Infraestr.
Catamarca,informacion_consolidada2025_5.xlsx,febrero,2025,month,2025-02,Impuesto s/ | Los Activos | Fdo. Educ. | Ley Nº 23.906,0.0,Impuesto s/ | Los Activos | Fdo. Educ. | Ley Nº 23.906
Catamarca,informacion_consolidada2025_5.xlsx,febrero,2025,month,2025-02,Impuesto sobre los | Bienes Personales | Ley | Nº 24.699,973.0703000000001,Impuesto sobre los | Bienes Personales | Ley | Nº 24.699
Catamarca,informacion_consolidada2025_5.xlsx,febrero,2025,month,2025-02,Ley Nº 23.966 | Art. 30,0.0,Ley Nº 23.966 | Art. 30
Catamarca,informacion_consolidada2025_5.xlsx,febrero,2025,month,2025-02,Ley Nº 24.464 | FO.NA.VI.,959.9842,Ley Nº 24.464 | FO.NA.VI.
Catamarca,informacion_consolidada2025_5.xlsx,febrero,2025,month,2025-02,Reg.Simplif. | P/Peq.Contrib. | Ley Nº 24.977 | Aart. 59 Inc. A,341.0643,Reg.Simplif. | P/Peq.Contrib. | Ley Nº 24.977 | Aart. 59 Inc. A
Catamarca,informacion_consolidada2025_5.xlsx,febrero,2025,month,2025-02,Régimen de la Energía Eléctrica | L E Y Nº 2 4 . 0 6 5 | Fdo. P/Comp. | Tarifa Elect.,189.68170154157454,Régimen de la Energía Eléctrica | L E Y Nº 2 4 . 0 6 5 | Fdo. P/Comp. | Tarifa Elect.
Catamarca,informacion_consolidada2025_5.xlsx,febrero,2025,month,2025-02,Subtotal,108704.3867,Subtotal
Catamarca,informacion_consolidada2025_5.xlsx,febrero,2025,month,2025-02,Subtotal,108706.17,Subtotal
Catamarca,informacion_consolidada2025_5.xlsx,febrero,2025,month,2025-02,Total | (1) + (2),112811.87645360187,Total | (1) + (2)
Catamarca,informacion_consolidada2025_5.xlsx,febrero,2025,month,2025-02,Total | Recursos | Origen Nacional | (1),112235.01965360188,Total | Recursos | Origen Nacional | (1)
Catamarca,informacion_consolidada2025_5.xlsx,febrero,2025,month,2025-02,Transfer. | De Servicios | Ley | Nº 24.049,1.7832999999999999,Transfer. | De Servicios | Ley | Nº 24.049
Catamarca,informacion_consolidada2025_5.xlsx,febrero,2025,month,2025-02,Vialidad | Provincial,443.86440000000005,Vialidad | Provincial
Catamarca,informacion_consolidada2025_5.xlsx,marzo,2025,month,2025-03,C.F.I. | Neta De | Ley Nº 26.075,94191.16059999999,CFI | Neta
Catamarca,informacion_consolidada2025_5.xlsx,marzo,2025,month,2025-03,Compensación | Consenso Fiscal | II. a y b; II. d y e | (2),519.17112,Compensación Consenso Fiscal
Catamarca,informacion_consolidada2025_5.xlsx,marzo,2025,month,2025-03,F.E.D.E.I.,130.96282729,F.E.D.E.I.
Catamarca,informacion_consolidada2025_5.xlsx,marzo,2025,month,2025-03,F.E.D.E.I.,229.4845205963606,F.E.D.E.I.
Catamarca,informacion_consolidada2025_5.xlsx,marzo,2025,month,2025-03,Financ. | Educativo | Ley Nº 26.075,4235.30323352,Financiamiento Educativo
Catamarca,informacion_consolidada2025_5.xlsx,marzo,2025,month,2025-03,Fondo | Compens. | de | Desequilib.,2.2,Fondo | Compens. | de | Desequilib.
Catamarca,informacion_consolidada2025_5.xlsx,marzo,2025,month,2025-03,I.V.A. | Ley Nº 23.966 | Art. 5 | Punto 2,0.0,I.V.A. | Ley Nº 23.966 | Art. 5 | Punto 2
Catamarca,informacion_consolidada2025_5.xlsx,marzo,2025,month,2025-03,Impuesto a los Combustibles Líquidos | Ley Nº 23.966 y Nº 24.699 | Obras de | Infraestr.,235.58010000000002,Impuesto a los Combustibles Líquidos | Ley Nº 23.966 y Nº 24.699 | Obras de | Infraestr.
Catamarca,informacion_consolidada2025_5.xlsx,marzo,2025,month,2025-03,Impuesto s/ | Los Activos | Fdo. Educ. | Ley Nº 23.906,0.0,Impuesto s/ | Los Activos | Fdo. Educ. | Ley Nº 23.906
Catamarca,informacion_consolidada2025_5.xlsx,marzo,2025,month,2025-03,Impuesto sobre los | Bienes Personales | Ley | Nº 24.699,444.9624,Impuesto sobre los | Bienes Personales | Ley | Nº 24.699
Catamarca,informacion_consolidada2025_5.xlsx,marzo,2025,month,2025-03,Ley Nº 23.966 | Art. 30,0.0,Ley Nº 23.966 | Art. 30
Catamarca,informacion_consolidada2025_5.xlsx,marzo,2025,month,2025-03,Ley Nº 24.464 | FO.NA.VI.,876.7711999999999,Ley Nº 24.464 | FO.NA.VI.
Catamarca,informacion_consolidada2025_5.xlsx,marzo,2025,month,2025-03,Reg.Simplif. | P/Peq.Contrib. | Ley Nº 24.977 | Aart. 59 Inc. A,366.9156,Reg.Simplif. | P/Peq.Contrib. | Ley Nº 24.977 | Aart. 59 Inc. A
Catamarca,informacion_consolidada2025_5.xlsx,marzo,2025,month,2025-03,Régimen de la Energía Eléctrica | L E Y Nº 2 4 . 0 6 5 | Fdo. P/Comp. | Tarifa Elect.,323.29670226509666,Régimen de la Energía Eléctrica | L E Y Nº 2 4 . 0 6 5 | Fdo. P/Comp. | Tarifa Elect.
Catamarca,informacion_consolidada2025_5.xlsx,marzo,2025,month,2025-03,Subtotal,98426.46383351999,Subtotal
Catamarca,informacion_consolidada2025_5.xlsx,marzo,2025,month,2025-03,Subtotal,98428.24713351998,Subtotal
Catamarca,informacion_consolidada2025_5.xlsx,marzo,2025,month,2025-03,Total | (1) + (2),101962.98110367145,Total | (1) + (2)
Catamarca,informacion_consolidada2025_5.xlsx,marzo,2025,month,2025-03,Total | Recursos | Origen Nacional | (1),101443.80998367145,Total | Recursos | Origen Nacional | (1)
Catamarca,informacion_consolidada2025_5.xlsx,marzo,2025,month,2025-03,Transfer. | De Servicios | Ley | Nº 24.049,1.7832999999999999,Transfer. | De Servicios | Ley | Nº 24.049
Catamarca,informacion_consolidada2025_5.xlsx,marzo,2025,month,2025-03,Vialidad | Provincial,405.3895,Vialidad | Provincial
Catamarca,informacion_consolidada2025_5.xlsx,abril,2025,month,2025-04,C.F.I. | Neta De | Ley Nº 26.075,88867.84509999999,CFI | Neta
Catamarca,informacion_consolidada2025_5.xlsx,abril,2025,month,2025-04,Compensación | Consenso Fiscal | II. a y b; II. d y e | (2),381.983315,Compensación Consenso Fiscal
Catamarca,informacion_consolidada2025_5.xlsx,abril,2025,month,2025-04,F.E.D.E.I.,165.15623754593628,F.E.D.E.I.
Catamarca,informacion_consolidada2025_5.xlsx,abril,2025,month,2025-04,F.E.D.E.I.,197.93746946013843,F.E.D.E.I.
Catamarca,informacion_consolidada2025_5.xlsx,abril,2025,month,2025-04,Financ. | Educativo | Ley Nº 26.075,16941.212934080006,Financiamiento Educativo
Catamarca,informacion_consolidada2025_5.xlsx,abril,2025,month,2025-04,Fondo | Compens. | de | Desequilib.,2.2,Fondo | Compens. | de | Desequilib.
Catamarca,informacion_consolidada2025_5.xlsx,abril,2025,month,2025-04,I.V.A. | Ley Nº 23.966 | Art. 5 | Punto 2,0.0,I.V.A. | Ley Nº 23.966 | Art. 5 | Punto 2
Catamarca,informacion_consolidada2025_5.xlsx,abril,2025,month,2025-04,Impuesto a los Combustibles Líquidos | Ley Nº 23.966 y Nº 24.699 | Obras de | Infraestr.,261.5787,Impuesto a los Combustibles Líquidos | Ley Nº 23.966 y Nº 24.699 | Obras de | Infraestr.
Catamarca,informacion_consolidada2025_5.xlsx,abril,2025,month,2025-04,Impuesto s/ | Los Activos | Fdo. Educ. | Ley Nº 23.906,0.0,Impuesto s/ | Los Activos | Fdo. Educ. | Ley Nº 23.906
Catamarca,informacion_consolidada2025_5.xlsx,abril,2025,month,2025-04,Impuesto sobre los | Bienes Personales | Ley | Nº 24.699,832.0508000000001,Impuesto sobre los | Bienes Personales | Ley | Nº 24.699
Catamarca,informacion_consolidada2025_5.xlsx,abril,2025,month,2025-04,Ley Nº 23.966 | Art. 30,0.0,Ley Nº 23.966 | Art. 30
Catamarca,informacion_consolidada2025_5.xlsx,abril,2025,month,2025-04,Ley Nº 24.464 | FO.NA.VI.,973.5317,Ley Nº 24.464 | FO.NA.VI.
Catamarca,informacion_consolidada2025_5.xlsx,abril,2025,month,2025-04,Reg.Simplif. | P/Peq.Contrib. | Ley Nº 24.977 | Aart. 59 Inc. A,375.9111,Reg.Simplif. | P/Peq.Contrib. | Ley Nº 24.977 | Aart. 59 Inc. A
Catamarca,informacion_consolidada2025_5.xlsx,abril,2025,month,2025-04,Régimen de la Energía Eléctrica | L E Y Nº 2 4 . 0 6 5 | Fdo. P/Comp. | Tarifa Elect.,291.74661230109814,Régimen de la Energía Eléctrica | L E Y Nº 2 4 . 0 6 5 | Fdo. P/Comp. | Tarifa Elect.
Catamarca,informacion_consolidada2025_5.xlsx,abril,2025,month,2025-04,Subtotal,105809.05803408,Subtotal
Catamarca,informacion_consolidada2025_5.xlsx,abril,2025,month,2025-04,Subtotal,105810.84133407999,Subtotal
Catamarca,informacion_consolidada2025_5.xlsx,abril,2025,month,2025-04,Total | (1) + (2),109743.06556838716,Total | (1) + (2)
Catamarca,informacion_consolidada2025_5.xlsx,abril,2025,month,2025-04,Total | Recursos | Origen Nacional | (1),109361.08225338715,Total | Recursos | Origen Nacional | (1)
Catamarca,informacion_consolidada2025_5.xlsx,abril,2025,month,2025-04,Transfer. | De Servicios | Ley | Nº 24.049,1.7832999999999999,Transfer. | De Servicios | Ley | Nº 24.049
Catamarca,informacion_consolidada2025_5.xlsx,abril,2025,month,2025-04,Vialidad | Provincial,450.12829999999997,Vialidad | Provincial
Catamarca,informacion_consolidada2025_5.xlsx,mayo,2025,month,2025-05,C.F.I. | Neta De | Ley Nº 26.075,120011.2138,CFI | Neta
Catamarca,informacion_consolidada2025_5.xlsx,mayo,2025,month,2025-05,Compensación | Consenso Fiscal | II. a y b; II. d y e | (2),402.0877,Compensación Consenso Fiscal
Catamarca,informacion_consolidada2025_5.xlsx,mayo,2025,month,2025-05,F.E.D.E.I.,318.39804237404655,F.E.D.E.I.
Catamarca,informacion_consolidada2025_5.xlsx,mayo,2025,month,2025-05,F.E.D.E.I.,736.6056713312398,F.E.D.E.I.
Catamarca,informacion_consolidada2025_5.xlsx,mayo,2025,month,2025-05,Financ. | Educativo | Ley Nº 26.075,17470.62583826998,Financiamiento Educativo
Catamarca,informacion_consolidada2025_5.xlsx,mayo,2025,month,2025-05,Fondo | Compens. | de | Desequilib.,2.2,Fondo | Compens. | de | Desequilib.
Catamarca,informacion_consolidada2025_5.xlsx,mayo,2025,month,2025-05,I.V.A. | Ley Nº 23.966 | Art. 5 | Punto 2,0.0,I.V.A. | Ley Nº 23.966 | Art. 5 | Punto 2
Catamarca,informacion_consolidada2025_5.xlsx,mayo,2025,month,2025-05,Impuesto a los Combustibles Líquidos | Ley Nº 23.966 y Nº 24.699 | Obras de | Infraestr.,284.61670000000004,Impuesto a los Combustibles Líquidos | Ley Nº 23.966 y Nº 24.699 | Obras de | Infraestr.
Catamarca,informacion_consolidada2025_5.xlsx,mayo,2025,month,2025-05,Impuesto s/ | Los Activos | Fdo. Educ. | Ley Nº 23.906,0.0,Impuesto s/ | Los Activos | Fdo. Educ. | Ley Nº 23.906
Catamarca,informacion_consolidada2025_5.xlsx,mayo,2025,month,2025-05,Impuesto sobre los | Bienes Personales | Ley | Nº 24.699,574.5146,Impuesto sobre los | Bienes Personales | Ley | Nº 24.699
Catamarca,informacion_consolidada2025_5.xlsx,mayo,2025,month,2025-05,Ley Nº 23.966 | Art. 30,0.0,Ley Nº 23.966 | Art. 30
Catamarca,informacion_consolidada2025_5.xlsx,mayo,2025,month,2025-05,Ley Nº 24.464 | FO.NA.VI.,1059.2733,Ley Nº 24.464 | FO.NA.VI.
Catamarca,informacion_consolidada2025_5.xlsx,mayo,2025,month,2025-05,Reg.Simplif. | P/Peq.Contrib. | Ley Nº 24.977 | Aart. 59 Inc. A,394.56890000000004,Reg.Simplif. | P/Peq.Contrib. | Ley Nº 24.977 | Aart. 59 Inc. A
Catamarca,informacion_consolidada2025_5.xlsx,mayo,2025,month,2025-05,Régimen de la Energía Eléctrica | L E Y Nº 2 4 . 0 6 5 | Fdo. P/Comp. | Tarifa Elect.,498.88707871765627,Régimen de la Energía Eléctrica | L E Y Nº 2 4 . 0 6 5 | Fdo. P/Comp. | Tarifa Elect.
Catamarca,informacion_consolidada2025_5.xlsx,mayo,2025,month,2025-05,Subtotal,137481.83963826997,Subtotal
Catamarca,informacion_consolidada2025_5.xlsx,mayo,2025,month,2025-05,Subtotal,137483.62293826998,Subtotal
Catamarca,informacion_consolidada2025_5.xlsx,mayo,2025,month,2025-05,Total | (1) + (2),142244.54723069296,Total | (1) + (2)
Catamarca,informacion_consolidada2025_5.xlsx,mayo,2025,month,2025-05,Total | Recursos | Origen Nacional | (1),141842.45953069296,Total | Recursos | Origen Nacional | (1)
Catamarca,informacion_consolidada2025_5.xlsx,mayo,2025,month,2025-05,Transfer. | De Servicios | Ley | Nº 24.049,1.7832999999999999,Transfer. | De Servicios | Ley | Nº 24.049
Catamarca,informacion_consolidada2025_5.xlsx,mayo,2025,month,2025-05,Vialidad | Provincial,489.7723,Vialidad | Provincial
Catamarca,informacion_consolidada2025_5.xlsx,junio,2025,month,2025-06,C.F.I. | Neta De | Ley Nº 26.075,99559.06820000001,CFI | Neta
Catamarca,informacion_consolidada2025_5.xlsx,junio,2025,month,2025-06,Compensación | Consenso Fiscal | II. a y b; II. d y e | (2),381.983315,Compensación Consenso Fiscal
Catamarca,informacion_consolidada2025_5.xlsx,junio,2025,month,2025-06,F.E.D.E.I.,182.20153098019918,F.E.D.E.I.
Catamarca,informacion_consolidada2025_5.xlsx,junio,2025,month,2025-06,F.E.D.E.I.,211.1750133878319,F.E.D.E.I.
Catamarca,informacion_consolidada2025_5.xlsx,junio,2025,month,2025-06,Financ. | Educativo | Ley Nº 26.075,16941.21293407998,Financiamiento Educativo
Catamarca,informacion_consolidada2025_5.xlsx,junio,2025,month,2025-06,Fondo | Compens. | de | Desequilib.,2.2,Fondo | Compens. | de | Desequilib.
Catamarca,informacion_consolidada2025_5.xlsx,junio,2025,month,2025-06,I.V.A. | Ley Nº 23.966 | Art. 5 | Punto 2,0.0,I.V.A. | Ley Nº 23.966 | Art. 5 | Punto 2
Catamarca,informacion_consolidada2025_5.xlsx,junio,2025,month,2025-06,Impuesto a los Combustibles Líquidos | Ley Nº 23.966 y Nº 24.699 | Obras de | Infraestr.,307.38509999999997,Impuesto a los Combustibles Líquidos | Ley Nº 23.966 y Nº 24.699 | Obras de | Infraestr.
Catamarca,informacion_consolidada2025_5.xlsx,junio,2025,month,2025-06,Impuesto s/ | Los Activos | Fdo. Educ. | Ley Nº 23.906,0.0,Impuesto s/ | Los Activos | Fdo. Educ. | Ley Nº 23.906
Catamarca,informacion_consolidada2025_5.xlsx,junio,2025,month,2025-06,Impuesto sobre los | Bienes Personales | Ley | Nº 24.699,16749.7486,Impuesto sobre los | Bienes Personales | Ley | Nº 24.699
Catamarca,informacion_consolidada2025_5.xlsx,junio,2025,month,2025-06,Ley Nº 23.966 | Art. 30,0.0,Ley Nº 23.966 | Art. 30
Catamarca,informacion_consolidada2025_5.xlsx,junio,2025,month,2025-06,Ley Nº 24.464 | FO.NA.VI.,1144.0119,Ley Nº 24.464 | FO.NA.VI.
Catamarca,informacion_consolidada2025_5.xlsx,junio,2025,month,2025-06,Reg.Simplif. | P/Peq.Contrib. | Ley Nº 24.977 | Aart. 59 Inc. A,402.7338,Reg.Simplif. | P/Peq.Contrib. | Ley Nº 24.977 | Aart. 59 Inc. A
Catamarca,informacion_consolidada2025_5.xlsx,junio,2025,month,2025-06,Régimen de la Energía Eléctrica | L E Y Nº 2 4 . 0 6 5 | Fdo. P/Comp. | Tarifa Elect.,872.4318081213783,Régimen de la Energía Eléctrica | L E Y Nº 2 4 . 0 6 5 | Fdo. P/Comp. | Tarifa Elect.
Catamarca,informacion_consolidada2025_5.xlsx,junio,2025,month,2025-06,Subtotal,116500.28113408,Subtotal
Catamarca,informacion_consolidada2025_5.xlsx,junio,2025,month,2025-06,Subtotal,116502.06443407999,Subtotal
Catamarca,informacion_consolidada2025_5.xlsx,junio,2025,month,2025-06,Total | (1) + (2),137284.88810156944,Total | (1) + (2)
Catamarca,informacion_consolidada2025_5.xlsx,junio,2025,month,2025-06,Total | Recursos | Origen Nacional | (1),136902.90478656944,Total | Recursos | Origen Nacional | (1)
Catamarca,informacion_consolidada2025_5.xlsx,junio,2025,month,2025-06,Transfer. | De Servicios | Ley | Nº 24.049,1.7832999999999999,Transfer. | De Servicios | Ley | Nº 24.049
Catamarca,informacion_consolidada2025_5.xlsx,junio,2025,month,2025-06,Vialidad | Provincial,528.9526,Vialidad | Provincial
Catamarca,informacion_consolidada2025_5.xlsx,julio,2025,month,2025-07,C.F.I. | Neta De | Ley Nº 26.075,103922.7549,CFI | Neta
Catamarca,informacion_consolidada2025_5.xlsx,julio,2025,month,2025-07,Compensación | Consenso Fiscal | II. a y b; II. d y e | (2),1133.776578,Compensación Consenso Fiscal
Catamarca,informacion_consolidada2025_5.xlsx,julio,2025,month,2025-07,F.E.D.E.I.,196.92929795978728,F.E.D.E.I.
Catamarca,informacion_consolidada2025_5.xlsx,julio,2025,month,2025-07,F.E.D.E.I.,337.83251593971886,F.E.D.E.I.
Catamarca,informacion_consolidada2025_5.xlsx,julio,2025,month,2025-07,Financ. | Educativo | Ley Nº 26.075,18529.451646650054,Financiamiento Educativo
Catamarca,informacion_consolidada2025_5.xlsx,julio,2025,month,2025-07,Fondo | Compens. | de | Desequilib.,2.2,Fondo | Compens. | de | Desequilib.
Catamarca,informacion_consolidada2025_5.xlsx,julio,2025,month,2025-07,I.V.A. | Ley Nº 23.966 | Art. 5 | Punto 2,0.0,I.V.A. | Ley Nº 23.966 | Art. 5 | Punto 2
Catamarca,informacion_consolidada2025_5.xlsx,julio,2025,month,2025-07,Impuesto a los Combustibles Líquidos | Ley Nº 23.966 y Nº 24.699 | Obras de | Infraestr.,274.6757,Impuesto a los Combustibles Líquidos | Ley Nº 23.966 y Nº 24.699 | Obras de | Infraestr.
Catamarca,informacion_consolidada2025_5.xlsx,julio,2025,month,2025-07,Impuesto s/ | Los Activos | Fdo. Educ. | Ley Nº 23.906,0.0,Impuesto s/ | Los Activos | Fdo. Educ. | Ley Nº 23.906
Catamarca,informacion_consolidada2025_5.xlsx,julio,2025,month,2025-07,Impuesto sobre los | Bienes Personales | Ley | Nº 24.699,1521.4207,Impuesto sobre los | Bienes Personales | Ley | Nº 24.699
Catamarca,informacion_consolidada2025_5.xlsx,julio,2025,month,2025-07,Ley Nº 23.966 | Art. 30,0.0,Ley Nº 23.966 | Art. 30
Catamarca,informacion_consolidada2025_5.xlsx,julio,2025,month,2025-07,Ley Nº 24.464 | FO.NA.VI.,1022.2754,Ley Nº 24.464 | FO.NA.VI.
Catamarca,informacion_consolidada2025_5.xlsx,julio,2025,month,2025-07,Reg.Simplif. | P/Peq.Contrib. | Ley Nº 24.977 | Aart. 59 Inc. A,407.2004,Reg.Simplif. | P/Peq.Contrib. | Ley Nº 24.977 | Aart. 59 Inc. A
Catamarca,informacion_consolidada2025_5.xlsx,julio,2025,month,2025-07,Régimen de la Energía Eléctrica | L E Y Nº 2 4 . 0 6 5 | Fdo. P/Comp. | Tarifa Elect.,464.10076721180917,Régimen de la Energía Eléctrica | L E Y Nº 2 4 . 0 6 5 | Fdo. P/Comp. | Tarifa Elect.
Catamarca,informacion_consolidada2025_5.xlsx,julio,2025,month,2025-07,Subtotal,122452.20654665005,Subtotal
Catamarca,informacion_consolidada2025_5.xlsx,julio,2025,month,2025-07,Subtotal,122453.98984665005,Subtotal
Catamarca,informacion_consolidada2025_5.xlsx,julio,2025,month,2025-07,Total | (1) + (2),128287.06690576137,Total | (1) + (2)
Catamarca,informacion_consolidada2025_5.xlsx,julio,2025,month,2025-07,Total | Recursos | Origen Nacional | (1),127153.29032776137,Total | Recursos | Origen Nacional | (1)
Catamarca,informacion_consolidada2025_5.xlsx,julio,2025,month,2025-07,Transfer. | De Servicios | Ley | Nº 24.049,1.7832999999999999,Transfer. | De Servicios | Ley | Nº 24.049
Catamarca,informacion_consolidada2025_5.xlsx,julio,2025,month,2025-07,Vialidad | Provincial,472.6657,Vialidad | Provincial
Catamarca,informacion_consolidada2025_5.xlsx,agosto,2025,month,2025-08,C.F.I. | Neta De | Ley Nº 26.075,114025.9082,CFI | Neta
Catamarca,informacion_consolidada2025_5.xlsx,agosto,2025,month,2025-08,Compensación | Consenso Fiscal | II. a y b; II. d y e | (2),1030.70598,Compensación Consenso Fiscal
Catamarca,informacion_consolidada2025_5.xlsx,agosto,2025,month,2025-08,F.E.D.E.I.,175.65252643439578,F.E.D.E.I.
Catamarca,informacion_consolidada2025_5.xlsx,agosto,2025,month,2025-08,F.E.D.E.I.,233.06370738026362,F.E.D.E.I.
Catamarca,informacion_consolidada2025_5.xlsx,agosto,2025,month,2025-08,Financ. | Educativo | Ley Nº 26.075,10588.25808380005,Financiamiento Educativo
Catamarca,informacion_consolidada2025_5.xlsx,agosto,2025,month,2025-08,Fondo | Compens. | de | Desequilib.,2.2,Fondo | Compens. | de | Desequilib.
Catamarca,informacion_consolidada2025_5.xlsx,agosto,2025,month,2025-08,I.V.A. | Ley Nº 23.966 | Art. 5 | Punto 2,0.0,I.V.A. | Ley Nº 23.966 | Art. 5 | Punto 2
Catamarca,informacion_consolidada2025_5.xlsx,agosto,2025,month,2025-08,Impuesto a los Combustibles Líquidos | Ley Nº 23.966 y Nº 24.699 | Obras de | Infraestr.,324.73159999999996,Impuesto a los Combustibles Líquidos | Ley Nº 23.966 y Nº 24.699 | Obras de | Infraestr.
Catamarca,informacion_consolidada2025_5.xlsx,agosto,2025,month,2025-08,Impuesto s/ | Los Activos | Fdo. Educ. | Ley Nº 23.906,0.07786488,Impuesto s/ | Los Activos | Fdo. Educ. | Ley Nº 23.906
Catamarca,informacion_consolidada2025_5.xlsx,agosto,2025,month,2025-08,Impuesto sobre los | Bienes Personales | Ley | Nº 24.699,1570.0871000000002,Impuesto sobre los | Bienes Personales | Ley | Nº 24.699
Catamarca,informacion_consolidada2025_5.xlsx,agosto,2025,month,2025-08,Ley Nº 23.966 | Art. 30,0.0,Ley Nº 23.966 | Art. 30
Catamarca,informacion_consolidada2025_5.xlsx,agosto,2025,month,2025-08,Ley Nº 24.464 | FO.NA.VI.,1208.5713,Ley Nº 24.464 | FO.NA.VI.
Catamarca,informacion_consolidada2025_5.xlsx,agosto,2025,month,2025-08,Reg.Simplif. | P/Peq.Contrib. | Ley Nº 24.977 | Aart. 59 Inc. A,580.0182,Reg.Simplif. | P/Peq.Contrib. | Ley Nº 24.977 | Aart. 59 Inc. A
Catamarca,informacion_consolidada2025_5.xlsx,agosto,2025,month,2025-08,Régimen de la Energía Eléctrica | L E Y Nº 2 4 . 0 6 5 | Fdo. P/Comp. | Tarifa Elect.,322.6082224714347,Régimen de la Energía Eléctrica | L E Y Nº 2 4 . 0 6 5 | Fdo. P/Comp. | Tarifa Elect.
Catamarca,informacion_consolidada2025_5.xlsx,agosto,2025,month,2025-08,Subtotal,124614.16628380006,Subtotal
Catamarca,informacion_consolidada2025_5.xlsx,agosto,2025,month,2025-08,Subtotal,124615.94958380006,Subtotal
Catamarca,informacion_consolidada2025_5.xlsx,agosto,2025,month,2025-08,Total | (1) + (2),130622.46878496616,Total | (1) + (2)
Catamarca,informacion_consolidada2025_5.xlsx,agosto,2025,month,2025-08,Total | Recursos | Origen Nacional | (1),129591.76280496616,Total | Recursos | Origen Nacional | (1)
Catamarca,informacion_consolidada2025_5.xlsx,agosto,2025,month,2025-08,Transfer. | De Servicios | Ley | Nº 24.049,1.7832999999999999,Transfer. | De Servicios | Ley | Nº 24.049
Catamarca,informacion_consolidada2025_5.xlsx,agosto,2025,month,2025-08,Vialidad | Provincial,558.8027,Vialidad | Provincial
Catamarca,informacion_consolidada2025_5.xlsx,septiembre,2025,month,2025-09,C.F.I. | Neta De | Ley Nº 26.075,111403.6689,CFI | Neta
Catamarca,informacion_consolidada2025_5.xlsx,septiembre,2025,month,2025-09,Compensación | Consenso Fiscal | II. a y b; II. d y e | (2),1133.776578,Compensación Consenso Fiscal
Catamarca,informacion_consolidada2025_5.xlsx,septiembre,2025,month,2025-09,F.E.D.E.I.,207.93833746456747,F.E.D.E.I.
Catamarca,informacion_consolidada2025_5.xlsx,septiembre,2025,month,2025-09,F.E.D.E.I.,290.1834678995689,F.E.D.E.I.
Catamarca,informacion_consolidada2025_5.xlsx,septiembre,2025,month,2025-09,Financ. | Educativo | Ley Nº 26.075,11647.083892180053,Financiamiento Educativo
Catamarca,informacion_consolidada2025_5.xlsx,septiembre,2025,month,2025-09,Fondo | Compens. | de | Desequilib.,2.2,Fondo | Compens. | de | Desequilib.
Catamarca,informacion_consolidada2025_5.xlsx,septiembre,2025,month,2025-09,I.V.A. | Ley Nº 23.966 | Art. 5 | Punto 2,0.0,I.V.A. | Ley Nº 23.966 | Art. 5 | Punto 2
Catamarca,informacion_consolidada2025_5.xlsx,septiembre,2025,month,2025-09,Impuesto a los Combustibles Líquidos | Ley Nº 23.966 y Nº 24.699 | Obras de | Infraestr.,335.88779999999997,Impuesto a los Combustibles Líquidos | Ley Nº 23.966 y Nº 24.699 | Obras de | Infraestr.
Catamarca,informacion_consolidada2025_5.xlsx,septiembre,2025,month,2025-09,Impuesto s/ | Los Activos | Fdo. Educ. | Ley Nº 23.906,0.0,Impuesto s/ | Los Activos | Fdo. Educ. | Ley Nº 23.906
Catamarca,informacion_consolidada2025_5.xlsx,septiembre,2025,month,2025-09,Impuesto sobre los | Bienes Personales | Ley | Nº 24.699,1407.1752,Impuesto sobre los | Bienes Personales | Ley | Nº 24.699
Catamarca,informacion_consolidada2025_5.xlsx,septiembre,2025,month,2025-09,Ley Nº 23.966 | Art. 30,0.0,Ley Nº 23.966 | Art. 30
Catamarca,informacion_consolidada2025_5.xlsx,septiembre,2025,month,2025-09,Ley Nº 24.464 | FO.NA.VI.,1250.0918000000001,Ley Nº 24.464 | FO.NA.VI.
Catamarca,informacion_consolidada2025_5.xlsx,septiembre,2025,month,2025-09,Reg.Simplif. | P/Peq.Contrib. | Ley Nº 24.977 | Aart. 59 Inc. A,612.1002,Reg.Simplif. | P/Peq.Contrib. | Ley Nº 24.977 | Aart. 59 Inc. A
Catamarca,informacion_consolidada2025_5.xlsx,septiembre,2025,month,2025-09,Régimen de la Energía Eléctrica | L E Y Nº 2 4 . 0 6 5 | Fdo. P/Comp. | Tarifa Elect.,406.7028267681187,Régimen de la Energía Eléctrica | L E Y Nº 2 4 . 0 6 5 | Fdo. P/Comp. | Tarifa Elect.
Catamarca,informacion_consolidada2025_5.xlsx,septiembre,2025,month,2025-09,Subtotal,123050.75279218005,Subtotal
Catamarca,informacion_consolidada2025_5.xlsx,septiembre,2025,month,2025-09,Subtotal,123052.53609218005,Subtotal
Catamarca,informacion_consolidada2025_5.xlsx,septiembre,2025,month,2025-09,Total | (1) + (2),129276.59260231229,Total | (1) + (2)
Catamarca,informacion_consolidada2025_5.xlsx,septiembre,2025,month,2025-09,Total | Recursos | Origen Nacional | (1),128142.81602431228,Total | Recursos | Origen Nacional | (1)
Catamarca,informacion_consolidada2025_5.xlsx,septiembre,2025,month,2025-09,Transfer. | De Servicios | Ley | Nº 24.049,1.7832999999999999,Transfer. | De Servicios | Ley | Nº 24.049
Catamarca,informacion_consolidada2025_5.xlsx,septiembre,2025,month,2025-09,Vialidad | Provincial,578.0003,Vialidad | Provincial
Catamarca,informacion_consolidada2025_5.xlsx,octubre,2025,month,2025-10,C.F.I. | Neta De | Ley Nº 26.075,121007.33140000001,CFI | Neta
Catamarca,informacion_consolidada2025_5.xlsx,octubre,2025,month,2025-10,Compensación | Consenso Fiscal | II. a y b; II. d y e | (2),1359.675196,Compensación Consenso Fiscal
Catamarca,informacion_consolidada2025_5.xlsx,octubre,2025,month,2025-10,F.E.D.E.I.,215.1210425960789,F.E.D.E.I.
Catamarca,informacion_consolidada2025_5.xlsx,octubre,2025,month,2025-10,F.E.D.E.I.,284.6605799460913,F.E.D.E.I.
Catamarca,informacion_consolidada2025_5.xlsx,octubre,2025,month,2025-10,Financ. | Educativo | Ley Nº 26.075,12176.496796370055,Financiamiento Educativo
Catamarca,informacion_consolidada2025_5.xlsx,octubre,2025,month,2025-10,Fondo | Compens. | de | Desequilib.,2.2,Fondo | Compens. | de | Desequilib.
Catamarca,informacion_consolidada2025_5.xlsx,octubre,2025,month,2025-10,I.V.A. | Ley Nº 23.966 | Art. 5 | Punto 2,0.0,I.V.A. | Ley Nº 23.966 | Art. 5 | Punto 2
Catamarca,informacion_consolidada2025_5.xlsx,octubre,2025,month,2025-10,Impuesto a los Combustibles Líquidos | Ley Nº 23.966 y Nº 24.699 | Obras de | Infraestr.,322.7421,Impuesto a los Combustibles Líquidos | Ley Nº 23.966 y Nº 24.699 | Obras de | Infraestr.
Catamarca,informacion_consolidada2025_5.xlsx,octubre,2025,month,2025-10,Impuesto s/ | Los Activos | Fdo. Educ. | Ley Nº 23.906,0.0,Impuesto s/ | Los Activos | Fdo. Educ. | Ley Nº 23.906
Catamarca,informacion_consolidada2025_5.xlsx,octubre,2025,month,2025-10,Impuesto sobre los | Bienes Personales | Ley | Nº 24.699,1389.2819,Impuesto sobre los | Bienes Personales | Ley | Nº 24.699
Catamarca,informacion_consolidada2025_5.xlsx,octubre,2025,month,2025-10,Ley Nº 23.966 | Art. 30,0.0,Ley Nº 23.966 | Art. 30
Catamarca,informacion_consolidada2025_5.xlsx,octubre,2025,month,2025-10,Ley Nº 24.464 | FO.NA.VI.,1201.1667,Ley Nº 24.464 | FO.NA.VI.
Catamarca,informacion_consolidada2025_5.xlsx,octubre,2025,month,2025-10,Reg.Simplif. | P/Peq.Contrib. | Ley Nº 24.977 | Aart. 59 Inc. A,642.4813,Reg.Simplif. | P/Peq.Contrib. | Ley Nº 24.977 | Aart. 59 Inc. A
Catamarca,informacion_consolidada2025_5.xlsx,octubre,2025,month,2025-10,Régimen de la Energía Eléctrica | L E Y Nº 2 4 . 0 6 5 | Fdo. P/Comp. | Tarifa Elect.,400.2229659774146,Régimen de la Energía Eléctrica | L E Y Nº 2 4 . 0 6 5 | Fdo. P/Comp. | Tarifa Elect.
Catamarca,informacion_consolidada2025_5.xlsx,octubre,2025,month,2025-10,Subtotal,133183.82819637007,Subtotal
Catamarca,informacion_consolidada2025_5.xlsx,octubre,2025,month,2025-10,Subtotal,133185.61149637008,Subtotal
Catamarca,informacion_consolidada2025_5.xlsx,octubre,2025,month,2025-10,Total | (1) + (2),139558.5422808897,Total | (1) + (2)
Catamarca,informacion_consolidada2025_5.xlsx,octubre,2025,month,2025-10,Total | Recursos | Origen Nacional | (1),138198.8670848897,Total | Recursos | Origen Nacional | (1)
Catamarca,informacion_consolidada2025_5.xlsx,octubre,2025,month,2025-10,Transfer. | De Servicios | Ley | Nº 24.049,1.7832999999999999,Transfer. | De Servicios | Ley | Nº 24.049
Catamarca,informacion_consolidada2025_5.xlsx,octubre,2025,month,2025-10,Vialidad | Provincial,555.379,Vialidad | Provincial
Catamarca,informacion_consolidada2025_5.xlsx,noviembre,2025,month,2025-11,C.F.I. | Neta De | Ley Nº 26.075,120441.78709999999,CFI | Neta
Catamarca,informacion_consolidada2025_5.xlsx,noviembre,2025,month,2025-11,Compensación | Consenso Fiscal | II. a y b; II. d y e | (2),1050.6581059999999,Compensación Consenso Fiscal
Catamarca,informacion_consolidada2025_5.xlsx,noviembre,2025,month,2025-11,F.E.D.E.I.,0.0,F.E.D.E.I.
Catamarca,informacion_consolidada2025_5.xlsx,noviembre,2025,month,2025-11,F.E.D.E.I.,0.0,F.E.D.E.I.
Catamarca,informacion_consolidada2025_5.xlsx,noviembre,2025,month,2025-11,Financ. | Educativo | Ley Nº 26.075,9000.019371230042,Financiamiento Educativo
Catamarca,informacion_consolidada2025_5.xlsx,noviembre,2025,month,2025-11,Fondo | Compens. | de | Desequilib.,2.2,Fondo | Compens. | de | Desequilib.
Catamarca,informacion_consolidada2025_5.xlsx,noviembre,2025,month,2025-11,I.V.A. | Ley Nº 23.966 | Art. 5 | Punto 2,0.0,I.V.A. | Ley Nº 23.966 | Art. 5 | Punto 2
Catamarca,informacion_consolidada2025_5.xlsx,noviembre,2025,month,2025-11,Impuesto a los Combustibles Líquidos | Ley Nº 23.966 y Nº 24.699 | Obras de | Infraestr.,341.80559999999997,Impuesto a los Combustibles Líquidos | Ley Nº 23.966 y Nº 24.699 | Obras de | Infraestr.
Catamarca,informacion_consolidada2025_5.xlsx,noviembre,2025,month,2025-11,Impuesto s/ | Los Activos | Fdo. Educ. | Ley Nº 23.906,0.0,Impuesto s/ | Los Activos | Fdo. Educ. | Ley Nº 23.906
Catamarca,informacion_consolidada2025_5.xlsx,noviembre,2025,month,2025-11,Impuesto sobre los | Bienes Personales | Ley | Nº 24.699,839.4173000000001,Impuesto sobre los | Bienes Personales | Ley | Nº 24.699
Catamarca,informacion_consolidada2025_5.xlsx,noviembre,2025,month,2025-11,Ley Nº 23.966 | Art. 30,0.0,Ley Nº 23.966 | Art. 30
Catamarca,informacion_consolidada2025_5.xlsx,noviembre,2025,month,2025-11,Ley Nº 24.464 | FO.NA.VI.,1272.1163000000001,Ley Nº 24.464 | FO.NA.VI.
Catamarca,informacion_consolidada2025_5.xlsx,noviembre,2025,month,2025-11,Reg.Simplif. | P/Peq.Contrib. | Ley Nº 24.977 | Aart. 59 Inc. A,633.7029,Reg.Simplif. | P/Peq.Contrib. | Ley Nº 24.977 | Aart. 59 Inc. A
Catamarca,informacion_consolidada2025_5.xlsx,noviembre,2025,month,2025-11,Régimen de la Energía Eléctrica | L E Y Nº 2 4 . 0 6 5 | Fdo. P/Comp. | Tarifa Elect.,0.0,Régimen de la Energía Eléctrica | L E Y Nº 2 4 . 0 6 5 | Fdo. P/Comp. | Tarifa Elect.
Catamarca,informacion_consolidada2025_5.xlsx,noviembre,2025,month,2025-11,Subtotal,129441.80647123003,Subtotal
Catamarca,informacion_consolidada2025_5.xlsx,noviembre,2025,month,2025-11,Subtotal,129443.58977123002,Subtotal
Catamarca,informacion_consolidada2025_5.xlsx,noviembre,2025,month,2025-11,Total | (1) + (2),134171.67367723002,Total | (1) + (2)
Catamarca,informacion_consolidada2025_5.xlsx,noviembre,2025,month,2025-11,Total | Recursos | Origen Nacional | (1),133121.01557123003,Total | Recursos | Origen Nacional | (1)
Catamarca,informacion_consolidada2025_5.xlsx,noviembre,2025,month,2025-11,Transfer. | De Servicios | Ley | Nº 24.049,1.7832999999999999,Transfer. | De Servicios | Ley | Nº 24.049
Catamarca,informacion_consolidada2025_5.xlsx,noviembre,2025,month,2025-11,Vialidad | Provincial,588.1836999999999,Vialidad | Provincial
Catamarca,informacion_consolidada2025_5.xlsx,diciembre,2025,month,2025-12,C.F.I. | Neta De | Ley Nº 26.075,124926.5087,CFI | Neta
Catamarca,informacion_consolidada2025_5.xlsx,diciembre,2025,month,2025-12,Compensación | Consenso Fiscal | II. a y b; II. d y e | (2),7797.871778,Compensación Consenso Fiscal
Catamarca,informacion_consolidada2025_5.xlsx,diciembre,2025,month,2025-12,F.E.D.E.I.,425.59090924279263,F.E.D.E.I.
Catamarca,informacion_consolidada2025_5.xlsx,diciembre,2025,month,2025-12,F.E.D.E.I.,609.9378479356404,F.E.D.E.I.
Catamarca,informacion_consolidada2025_5.xlsx,diciembre,2025,month,2025-12,Financ. | Educativo | Ley Nº 26.075,11117.670987990052,Financiamiento Educativo
Catamarca,informacion_consolidada2025_5.xlsx,diciembre,2025,month,2025-12,Fondo | Compens. | de | Desequilib.,2.2,Fondo | Compens. | de | Desequilib.
Catamarca,informacion_consolidada2025_5.xlsx,diciembre,2025,month,2025-12,I.V.A. | Ley Nº 23.966 | Art. 5 | Punto 2,0.0,I.V.A. | Ley Nº 23.966 | Art. 5 | Punto 2
Catamarca,informacion_consolidada2025_5.xlsx,diciembre,2025,month,2025-12,Impuesto a los Combustibles Líquidos | Ley Nº 23.966 y Nº 24.699 | Obras de | Infraestr.,486.2415,Impuesto a los Combustibles Líquidos | Ley Nº 23.966 y Nº 24.699 | Obras de | Infraestr.
Catamarca,informacion_consolidada2025_5.xlsx,diciembre,2025,month,2025-12,Impuesto s/ | Los Activos | Fdo. Educ. | Ley Nº 23.906,0.0022561300000000003,Impuesto s/ | Los Activos | Fdo. Educ. | Ley Nº 23.906
Catamarca,informacion_consolidada2025_5.xlsx,diciembre,2025,month,2025-12,Impuesto sobre los | Bienes Personales | Ley | Nº 24.699,1396.6708999999998,Impuesto sobre los | Bienes Personales | Ley | Nº 24.699
Catamarca,informacion_consolidada2025_5.xlsx,diciembre,2025,month,2025-12,Ley Nº 23.966 | Art. 30,0.0,Ley Nº 23.966 | Art. 30
Catamarca,informacion_consolidada2025_5.xlsx,diciembre,2025,month,2025-12,Ley Nº 24.464 | FO.NA.VI.,1809.6716000000001,Ley Nº 24.464 | FO.NA.VI.
Catamarca,informacion_consolidada2025_5.xlsx,diciembre,2025,month,2025-12,Reg.Simplif. | P/Peq.Contrib. | Ley Nº 24.977 | Aart. 59 Inc. A,669.6093000000001,Reg.Simplif. | P/Peq.Contrib. | Ley Nº 24.977 | Aart. 59 Inc. A
Catamarca,informacion_consolidada2025_5.xlsx,diciembre,2025,month,2025-12,Régimen de la Energía Eléctrica | L E Y Nº 2 4 . 0 6 5 | Fdo. P/Comp. | Tarifa Elect.,846.4785477135532,Régimen de la Energía Eléctrica | L E Y Nº 2 4 . 0 6 5 | Fdo. P/Comp. | Tarifa Elect.
Catamarca,informacion_consolidada2025_5.xlsx,diciembre,2025,month,2025-12,Subtotal,136044.17968799005,Subtotal
Catamarca,informacion_consolidada2025_5.xlsx,diciembre,2025,month,2025-12,Subtotal,136045.96298799006,Subtotal
Catamarca,informacion_consolidada2025_5.xlsx,diciembre,2025,month,2025-12,Total | (1) + (2),150926.9688270121,Total | (1) + (2)
Catamarca,informacion_consolidada2025_5.xlsx,diciembre,2025,month,2025-12,Total | Recursos | Origen Nacional | (1),143129.0970490121,Total | Recursos | Origen Nacional | (1)
Catamarca,informacion_consolidada2025_5.xlsx,diciembre,2025,month,2025-12,Transfer. | De Servicios | Ley | Nº 24.049,1.7832999999999999,Transfer. | De Servicios | Ley | Nº 24.049
Catamarca,informacion_consolidada2025_5.xlsx,diciembre,2025,month,2025-12,Vialidad | Provincial,836.7312,Vialidad | Provincial
Catamarca,informacion_consolidada2025_5.xlsx,CONS,2025,consolidated,CONS,C.F.I. | Neta De | Ley Nº 26.075,1324959.0130999999,CFI | Neta
Catamarca,informacion_consolidada2025_5.xlsx,CONS,2025,consolidated,CONS,Compensación | Consenso Fiscal | II. a y b; II. d y e | (2),16403.088946000003,Compensación Consenso Fiscal
Catamarca,informacion_consolidada2025_5.xlsx,CONS,2025,consolidated,CONS,F.E.D.E.I.,2243.7046304678042,F.E.D.E.I.
Catamarca,informacion_consolidada2025_5.xlsx,CONS,2025,consolidated,CONS,F.E.D.E.I.,3266.173067357152,F.E.D.E.I.
Catamarca,informacion_consolidada2025_5.xlsx,CONS,2025,consolidated,CONS,Financ. | Educativo | Ley Nº 26.075,128647.3356,Financiamiento Educativo
Catamarca,informacion_consolidada2025_5.xlsx,CONS,2025,consolidated,CONS,Fondo | Compens. | de | Desequilib.,26.4,Fondo | Compens. | de | Desequilib.
Catamarca,informacion_consolidada2025_5.xlsx,CONS,2025,consolidated,CONS,I.V.A. | Ley Nº 23.966 | Art. 5 | Punto 2,0.0,I.V.A. | Ley Nº 23.966 | Art. 5 | Punto 2
Catamarca,informacion_consolidada2025_5.xlsx,CONS,2025,consolidated,CONS,Impuesto a los Combustibles Líquidos | Ley Nº 23.966 y Nº 24.699 | Obras de | Infraestr.,3637.9466999999995,Impuesto a los Combustibles Líquidos | Ley Nº 23.966 y Nº 24.699 | Obras de | Infraestr.
Catamarca,informacion_consolidada2025_5.xlsx,CONS,2025,consolidated,CONS,Impuesto s/ | Los Activos | Fdo. Educ. | Ley Nº 23.906,0.08020000000000001,Impuesto s/ | Los Activos | Fdo. Educ. | Ley Nº 23.906
Catamarca,informacion_consolidada2025_5.xlsx,CONS,2025,consolidated,CONS,Impuesto sobre los | Bienes Personales | Ley | Nº 24.699,28399.9647,Impuesto sobre los | Bienes Personales | Ley | Nº 24.699
Catamarca,informacion_consolidada2025_5.xlsx,CONS,2025,consolidated,CONS,Ley Nº 23.966 | Art. 30,0.0,Ley Nº 23.966 | Art. 30
Catamarca,informacion_consolidada2025_5.xlsx,CONS,2025,consolidated,CONS,Ley Nº 24.464 | FO.NA.VI.,13539.543899999999,Ley Nº 24.464 | FO.NA.VI.
Catamarca,informacion_consolidada2025_5.xlsx,CONS,2025,consolidated,CONS,Reg.Simplif. | P/Peq.Contrib. | Ley Nº 24.977 | Aart. 59 Inc. A,5660.1753,Reg.Simplif. | P/Peq.Contrib. | Ley Nº 24.977 | Aart. 59 Inc. A
Catamarca,informacion_consolidada2025_5.xlsx,CONS,2025,consolidated,CONS,Régimen de la Energía Eléctrica | L E Y Nº 2 4 . 0 6 5 | Fdo. P/Comp. | Tarifa Elect.,4616.157200000001,Régimen de la Energía Eléctrica | L E Y Nº 2 4 . 0 6 5 | Fdo. P/Comp. | Tarifa Elect.
Catamarca,informacion_consolidada2025_5.xlsx,CONS,2025,consolidated,CONS,Subtotal,1453606.3487,Subtotal
Catamarca,informacion_consolidada2025_5.xlsx,CONS,2025,consolidated,CONS,Subtotal,1453627.7482999999,Subtotal
Catamarca,informacion_consolidada2025_5.xlsx,CONS,2025,consolidated,CONS,Total | (1) + (2),1537681.2120438246,Total | (1) + (2)
Catamarca,informacion_consolidada2025_5.xlsx,CONS,2025,consolidated,CONS,Total | Recursos | Origen Nacional | (1),1521278.1230978246,Total | Recursos | Origen Nacional | (1)
Catamarca,informacion_consolidada2025_5.xlsx,CONS,2025,consolidated,CONS,Transfer. | De Servicios | Ley | Nº 24.049,21.399599999999996,Transfer. | De Servicios | Ley | Nº 24.049
Catamarca,informacion_consolidada2025_5.xlsx,CONS,2025,consolidated,CONS,Vialidad | Provincial,6260.2291000000005,Vialidad | Provincial
Chaco,informacion_consolidada2025_5.xlsx,enero,2025,month,2025-01,C.F.I. | Neta De | Ley Nº 26.075,213534.4146,CFI | Neta
Chaco,informacion_consolidada2025_5.xlsx,enero,2025,month,2025-01,Compensación | Consenso Fiscal | II. a y b; II. d y e | (2),5509.6702319999995,Compensación Consenso Fiscal
Chaco,informacion_consolidada2025_5.xlsx,enero,2025,month,2025-01,F.E.D.E.I.,0.0,F.E.D.E.I.
Chaco,informacion_consolidada2025_5.xlsx,enero,2025,month,2025-01,F.E.D.E.I.,0.0,F.E.D.E.I.
Chaco,informacion_consolidada2025_5.xlsx,enero,2025,month,2025-01,Financ. | Educativo | Ley Nº 26.075,0.0,Financiamiento Educativo
Chaco,informacion_consolidada2025_5.xlsx,enero,2025,month,2025-01,Fondo | Compens. | de | Desequilib.,0.5,Fondo | Compens. | de | Desequilib.
Chaco,informacion_consolidada2025_5.xlsx,enero,2025,month,2025-01,I.V.A. | Ley Nº 23.966 | Art. 5 | Punto 2,1372.4874,I.V.A. | Ley Nº 23.966 | Art. 5 | Punto 2
Chaco,informacion_consolidada2025_5.xlsx,enero,2025,month,2025-01,Impuesto a los Combustibles Líquidos | Ley Nº 23.966 y Nº 24.699 | Obras de | Infraestr.,370.86379999999997,Impuesto a los Combustibles Líquidos | Ley Nº 23.966 y Nº 24.699 | Obras de | Infraestr.
Chaco,informacion_consolidada2025_5.xlsx,enero,2025,month,2025-01,Impuesto s/ | Los Activos | Fdo. Educ. | Ley Nº 23.906,0.0,Impuesto s/ | Los Activos | Fdo. Educ. | Ley Nº 23.906
Chaco,informacion_consolidada2025_5.xlsx,enero,2025,month,2025-01,Impuesto sobre los | Bienes Personales | Ley | Nº 24.699,1270.6665,Impuesto sobre los | Bienes Personales | Ley | Nº 24.699
Chaco,informacion_consolidada2025_5.xlsx,enero,2025,month,2025-01,Ley Nº 23.966 | Art. 30,114.3189,Ley Nº 23.966 | Art. 30
Chaco,informacion_consolidada2025_5.xlsx,enero,2025,month,2025-01,Ley Nº 24.464 | FO.NA.VI.,1669.3148,Ley Nº 24.464 | FO.NA.VI.
Chaco,informacion_consolidada2025_5.xlsx,enero,2025,month,2025-01,Reg.Simplif. | P/Peq.Contrib. | Ley Nº 24.977 | Aart. 59 Inc. A,423.5802,Reg.Simplif. | P/Peq.Contrib. | Ley Nº 24.977 | Aart. 59 Inc. A
Chaco,informacion_consolidada2025_5.xlsx,enero,2025,month,2025-01,Régimen de la Energía Eléctrica | L E Y Nº 2 4 . 0 6 5 | Fdo. P/Comp. | Tarifa Elect.,0.0,Régimen de la Energía Eléctrica | L E Y Nº 2 4 . 0 6 5 | Fdo. P/Comp. | Tarifa Elect.
Chaco,informacion_consolidada2025_5.xlsx,enero,2025,month,2025-01,Subtotal,213534.4146,Subtotal
Chaco,informacion_consolidada2025_5.xlsx,enero,2025,month,2025-01,Subtotal,213537.21459999998,Subtotal
Chaco,informacion_consolidada2025_5.xlsx,enero,2025,month,2025-01,Total | (1) + (2),224734.05093199998,Total | (1) + (2)
Chaco,informacion_consolidada2025_5.xlsx,enero,2025,month,2025-01,Total | Recursos | Origen Nacional | (1),219224.38069999998,Total | Recursos | Origen Nacional | (1)
Chaco,informacion_consolidada2025_5.xlsx,enero,2025,month,2025-01,Transfer. | De Servicios | Ley | Nº 24.049,2.8,Transfer. | De Servicios | Ley | Nº 24.049
Chaco,informacion_consolidada2025_5.xlsx,enero,2025,month,2025-01,Vialidad | Provincial,465.4345,Vialidad | Provincial
Chaco,informacion_consolidada2025_5.xlsx,febrero,2025,month,2025-02,C.F.I. | Neta De | Ley Nº 26.075,196884.16890000002,CFI | Neta
Chaco,informacion_consolidada2025_5.xlsx,febrero,2025,month,2025-02,Compensación | Consenso Fiscal | II. a y b; II. d y e | (2),5008.79112,Compensación Consenso Fiscal
Chaco,informacion_consolidada2025_5.xlsx,febrero,2025,month,2025-02,F.E.D.E.I.,201.40573319,F.E.D.E.I.
Chaco,informacion_consolidada2025_5.xlsx,febrero,2025,month,2025-02,F.E.D.E.I.,120.70064845479655,F.E.D.E.I.
Chaco,informacion_consolidada2025_5.xlsx,febrero,2025,month,2025-02,Financ. | Educativo | Ley Nº 26.075,0.0,Financiamiento Educativo
Chaco,informacion_consolidada2025_5.xlsx,febrero,2025,month,2025-02,Fondo | Compens. | de | Desequilib.,0.5,Fondo | Compens. | de | Desequilib.
Chaco,informacion_consolidada2025_5.xlsx,febrero,2025,month,2025-02,I.V.A. | Ley Nº 23.966 | Art. 5 | Punto 2,1201.844,I.V.A. | Ley Nº 23.966 | Art. 5 | Punto 2
Chaco,informacion_consolidada2025_5.xlsx,febrero,2025,month,2025-02,Impuesto a los Combustibles Líquidos | Ley Nº 23.966 y Nº 24.699 | Obras de | Infraestr.,467.1742,Impuesto a los Combustibles Líquidos | Ley Nº 23.966 y Nº 24.699 | Obras de | Infraestr.
Chaco,informacion_consolidada2025_5.xlsx,febrero,2025,month,2025-02,Impuesto s/ | Los Activos | Fdo. Educ. | Ley Nº 23.906,0.0,Impuesto s/ | Los Activos | Fdo. Educ. | Ley Nº 23.906
Chaco,informacion_consolidada2025_5.xlsx,febrero,2025,month,2025-02,Impuesto sobre los | Bienes Personales | Ley | Nº 24.699,1762.414,Impuesto sobre los | Bienes Personales | Ley | Nº 24.699
Chaco,informacion_consolidada2025_5.xlsx,febrero,2025,month,2025-02,Ley Nº 23.966 | Art. 30,158.56029999999998,Ley Nº 23.966 | Art. 30
Chaco,informacion_consolidada2025_5.xlsx,febrero,2025,month,2025-02,Ley Nº 24.464 | FO.NA.VI.,2102.8226,Ley Nº 24.464 | FO.NA.VI.
Chaco,informacion_consolidada2025_5.xlsx,febrero,2025,month,2025-02,Reg.Simplif. | P/Peq.Contrib. | Ley Nº 24.977 | Aart. 59 Inc. A,617.73,Reg.Simplif. | P/Peq.Contrib. | Ley Nº 24.977 | Aart. 59 Inc. A
Chaco,informacion_consolidada2025_5.xlsx,febrero,2025,month,2025-02,Régimen de la Energía Eléctrica | L E Y Nº 2 4 . 0 6 5 | Fdo. P/Comp. | Tarifa Elect.,171.19329479778642,Régimen de la Energía Eléctrica | L E Y Nº 2 4 . 0 6 5 | Fdo. P/Comp. | Tarifa Elect.
Chaco,informacion_consolidada2025_5.xlsx,febrero,2025,month,2025-02,Subtotal,196884.16890000002,Subtotal
Chaco,informacion_consolidada2025_5.xlsx,febrero,2025,month,2025-02,Subtotal,196886.9689,Subtotal
Chaco,informacion_consolidada2025_5.xlsx,febrero,2025,month,2025-02,Total | (1) + (2),209286.40899644268,Total | (1) + (2)
Chaco,informacion_consolidada2025_5.xlsx,febrero,2025,month,2025-02,Total | Recursos | Origen Nacional | (1),204277.61787644267,Total | Recursos | Origen Nacional | (1)
Chaco,informacion_consolidada2025_5.xlsx,febrero,2025,month,2025-02,Transfer. | De Servicios | Ley | Nº 24.049,2.8,Transfer. | De Servicios | Ley | Nº 24.049
Chaco,informacion_consolidada2025_5.xlsx,febrero,2025,month,2025-02,Vialidad | Provincial,586.3041999999999,Vialidad | Provincial
Chaco,informacion_consolidada2025_5.xlsx,marzo,2025,month,2025-03,C.F.I. | Neta De | Ley Nº 26.075,168350.1031,CFI | Neta
Chaco,informacion_consolidada2025_5.xlsx,marzo,2025,month,2025-03,Compensación | Consenso Fiscal | II. a y b; II. d y e | (2),4507.912008,Compensación Consenso Fiscal
Chaco,informacion_consolidada2025_5.xlsx,marzo,2025,month,2025-03,F.E.D.E.I.,116.83814434,F.E.D.E.I.
Chaco,informacion_consolidada2025_5.xlsx,marzo,2025,month,2025-03,F.E.D.E.I.,204.7340157205321,F.E.D.E.I.
Chaco,informacion_consolidada2025_5.xlsx,marzo,2025,month,2025-03,Financ. | Educativo | Ley Nº 26.075,9918.806927520003,Financiamiento Educativo
Chaco,informacion_consolidada2025_5.xlsx,marzo,2025,month,2025-03,Fondo | Compens. | de | Desequilib.,0.5,Fondo | Compens. | de | Desequilib.
Chaco,informacion_consolidada2025_5.xlsx,marzo,2025,month,2025-03,I.V.A. | Ley Nº 23.966 | Art. 5 | Punto 2,1124.2525,I.V.A. | Ley Nº 23.966 | Art. 5 | Punto 2
Chaco,informacion_consolidada2025_5.xlsx,marzo,2025,month,2025-03,Impuesto a los Combustibles Líquidos | Ley Nº 23.966 y Nº 24.699 | Obras de | Infraestr.,426.67879999999997,Impuesto a los Combustibles Líquidos | Ley Nº 23.966 y Nº 24.699 | Obras de | Infraestr.
Chaco,informacion_consolidada2025_5.xlsx,marzo,2025,month,2025-03,Impuesto s/ | Los Activos | Fdo. Educ. | Ley Nº 23.906,0.0,Impuesto s/ | Los Activos | Fdo. Educ. | Ley Nº 23.906
Chaco,informacion_consolidada2025_5.xlsx,marzo,2025,month,2025-03,Impuesto sobre los | Bienes Personales | Ley | Nº 24.699,805.911,Impuesto sobre los | Bienes Personales | Ley | Nº 24.699
Chaco,informacion_consolidada2025_5.xlsx,marzo,2025,month,2025-03,Ley Nº 23.966 | Art. 30,72.5059,Ley Nº 23.966 | Art. 30
Chaco,informacion_consolidada2025_5.xlsx,marzo,2025,month,2025-03,Ley Nº 24.464 | FO.NA.VI.,1920.5465,Ley Nº 24.464 | FO.NA.VI.
Chaco,informacion_consolidada2025_5.xlsx,marzo,2025,month,2025-03,Reg.Simplif. | P/Peq.Contrib. | Ley Nº 24.977 | Aart. 59 Inc. A,664.5516,Reg.Simplif. | P/Peq.Contrib. | Ley Nº 24.977 | Aart. 59 Inc. A
Chaco,informacion_consolidada2025_5.xlsx,marzo,2025,month,2025-03,Régimen de la Energía Eléctrica | L E Y Nº 2 4 . 0 6 5 | Fdo. P/Comp. | Tarifa Elect.,290.38030166684246,Régimen de la Energía Eléctrica | L E Y Nº 2 4 . 0 6 5 | Fdo. P/Comp. | Tarifa Elect.
Chaco,informacion_consolidada2025_5.xlsx,marzo,2025,month,2025-03,Subtotal,178268.91002752,Subtotal
Chaco,informacion_consolidada2025_5.xlsx,marzo,2025,month,2025-03,Subtotal,178271.71002752,Subtotal
Chaco,informacion_consolidada2025_5.xlsx,marzo,2025,month,2025-03,Total | (1) + (2),188942.00319724737,Total | (1) + (2)
Chaco,informacion_consolidada2025_5.xlsx,marzo,2025,month,2025-03,Total | Recursos | Origen Nacional | (1),184434.09118924735,Total | Recursos | Origen Nacional | (1)
Chaco,informacion_consolidada2025_5.xlsx,marzo,2025,month,2025-03,Transfer. | De Servicios | Ley | Nº 24.049,2.8,Transfer. | De Servicios | Ley | Nº 24.049
Chaco,informacion_consolidada2025_5.xlsx,marzo,2025,month,2025-03,Vialidad | Provincial,535.4824,Vialidad | Provincial
Chaco,informacion_consolidada2025_5.xlsx,abril,2025,month,2025-04,C.F.I. | Neta De | Ley Nº 26.075,151964.9543,CFI | Neta
Chaco,informacion_consolidada2025_5.xlsx,abril,2025,month,2025-04,Compensación | Consenso Fiscal | II. a y b; II. d y e | (2),7369.498726,Compensación Consenso Fiscal
Chaco,informacion_consolidada2025_5.xlsx,abril,2025,month,2025-04,F.E.D.E.I.,147.3437060193354,F.E.D.E.I.
Chaco,informacion_consolidada2025_5.xlsx,abril,2025,month,2025-04,F.E.D.E.I.,176.589396433911,F.E.D.E.I.
Chaco,informacion_consolidada2025_5.xlsx,abril,2025,month,2025-04,Financ. | Educativo | Ley Nº 26.075,39675.227710079984,Financiamiento Educativo
Chaco,informacion_consolidada2025_5.xlsx,abril,2025,month,2025-04,Fondo | Compens. | de | Desequilib.,0.5,Fondo | Compens. | de | Desequilib.
Chaco,informacion_consolidada2025_5.xlsx,abril,2025,month,2025-04,I.V.A. | Ley Nº 23.966 | Art. 5 | Punto 2,1200.9284,I.V.A. | Ley Nº 23.966 | Art. 5 | Punto 2
Chaco,informacion_consolidada2025_5.xlsx,abril,2025,month,2025-04,Impuesto a los Combustibles Líquidos | Ley Nº 23.966 y Nº 24.699 | Obras de | Infraestr.,473.76709999999997,Impuesto a los Combustibles Líquidos | Ley Nº 23.966 y Nº 24.699 | Obras de | Infraestr.
Chaco,informacion_consolidada2025_5.xlsx,abril,2025,month,2025-04,Impuesto s/ | Los Activos | Fdo. Educ. | Ley Nº 23.906,0.0,Impuesto s/ | Los Activos | Fdo. Educ. | Ley Nº 23.906
Chaco,informacion_consolidada2025_5.xlsx,abril,2025,month,2025-04,Impuesto sobre los | Bienes Personales | Ley | Nº 24.699,1507.001,Impuesto sobre los | Bienes Personales | Ley | Nº 24.699
Chaco,informacion_consolidada2025_5.xlsx,abril,2025,month,2025-04,Ley Nº 23.966 | Art. 30,135.5814,Ley Nº 23.966 | Art. 30
Chaco,informacion_consolidada2025_5.xlsx,abril,2025,month,2025-04,Ley Nº 24.464 | FO.NA.VI.,2132.4981000000002,Ley Nº 24.464 | FO.NA.VI.
Chaco,informacion_consolidada2025_5.xlsx,abril,2025,month,2025-04,Reg.Simplif. | P/Peq.Contrib. | Ley Nº 24.977 | Aart. 59 Inc. A,680.8441,Reg.Simplif. | P/Peq.Contrib. | Ley Nº 24.977 | Aart. 59 Inc. A
Chaco,informacion_consolidada2025_5.xlsx,abril,2025,month,2025-04,Régimen de la Energía Eléctrica | L E Y Nº 2 4 . 0 6 5 | Fdo. P/Comp. | Tarifa Elect.,250.46195684299857,Régimen de la Energía Eléctrica | L E Y Nº 2 4 . 0 6 5 | Fdo. P/Comp. | Tarifa Elect.
Chaco,informacion_consolidada2025_5.xlsx,abril,2025,month,2025-04,Subtotal,191640.18201008,Subtotal
Chaco,informacion_consolidada2025_5.xlsx,abril,2025,month,2025-04,Subtotal,191642.98201007998,Subtotal
Chaco,informacion_consolidada2025_5.xlsx,abril,2025,month,2025-04,Total | (1) + (2),206312.57409537619,Total | (1) + (2)
Chaco,informacion_consolidada2025_5.xlsx,abril,2025,month,2025-04,Total | Recursos | Origen Nacional | (1),198943.0753693762,Total | Recursos | Origen Nacional | (1)
Chaco,informacion_consolidada2025_5.xlsx,abril,2025,month,2025-04,Transfer. | De Servicios | Ley | Nº 24.049,2.8,Transfer. | De Servicios | Ley | Nº 24.049
Chaco,informacion_consolidada2025_5.xlsx,abril,2025,month,2025-04,Vialidad | Provincial,594.5781999999999,Vialidad | Provincial
Chaco,informacion_consolidada2025_5.xlsx,mayo,2025,month,2025-05,C.F.I. | Neta De | Ley Nº 26.075,208090.4912,CFI | Neta
Chaco,informacion_consolidada2025_5.xlsx,mayo,2025,month,2025-05,Compensación | Consenso Fiscal | II. a y b; II. d y e | (2),7757.36708,Compensación Consenso Fiscal
Chaco,informacion_consolidada2025_5.xlsx,mayo,2025,month,2025-05,F.E.D.E.I.,284.0579819692154,F.E.D.E.I.
Chaco,informacion_consolidada2025_5.xlsx,mayo,2025,month,2025-05,F.E.D.E.I.,657.1608259390188,F.E.D.E.I.
Chaco,informacion_consolidada2025_5.xlsx,mayo,2025,month,2025-05,Financ. | Educativo | Ley Nº 26.075,40915.078576020045,Financiamiento Educativo
Chaco,informacion_consolidada2025_5.xlsx,mayo,2025,month,2025-05,Fondo | Compens. | de | Desequilib.,0.5,Fondo | Compens. | de | Desequilib.
Chaco,informacion_consolidada2025_5.xlsx,mayo,2025,month,2025-05,I.V.A. | Ley Nº 23.966 | Art. 5 | Punto 2,1125.9661,I.V.A. | Ley Nº 23.966 | Art. 5 | Punto 2
Chaco,informacion_consolidada2025_5.xlsx,mayo,2025,month,2025-05,Impuesto a los Combustibles Líquidos | Ley Nº 23.966 y Nº 24.699 | Obras de | Infraestr.,515.4931,Impuesto a los Combustibles Líquidos | Ley Nº 23.966 y Nº 24.699 | Obras de | Infraestr.
Chaco,informacion_consolidada2025_5.xlsx,mayo,2025,month,2025-05,Impuesto s/ | Los Activos | Fdo. Educ. | Ley Nº 23.906,0.0,Impuesto s/ | Los Activos | Fdo. Educ. | Ley Nº 23.906
Chaco,informacion_consolidada2025_5.xlsx,mayo,2025,month,2025-05,Impuesto sobre los | Bienes Personales | Ley | Nº 24.699,1040.5544,Impuesto sobre los | Bienes Personales | Ley | Nº 24.699
Chaco,informacion_consolidada2025_5.xlsx,mayo,2025,month,2025-05,Ley Nº 23.966 | Art. 30,93.61630000000001,Ley Nº 23.966 | Art. 30
Chaco,informacion_consolidada2025_5.xlsx,mayo,2025,month,2025-05,Ley Nº 24.464 | FO.NA.VI.,2320.313,Ley Nº 24.464 | FO.NA.VI.
Chaco,informacion_consolidada2025_5.xlsx,mayo,2025,month,2025-05,Reg.Simplif. | P/Peq.Contrib. | Ley Nº 24.977 | Aart. 59 Inc. A,714.6366999999999,Reg.Simplif. | P/Peq.Contrib. | Ley Nº 24.977 | Aart. 59 Inc. A
Chaco,informacion_consolidada2025_5.xlsx,mayo,2025,month,2025-05,Régimen de la Energía Eléctrica | L E Y Nº 2 4 . 0 6 5 | Fdo. P/Comp. | Tarifa Elect.,427.1803227690697,Régimen de la Energía Eléctrica | L E Y Nº 2 4 . 0 6 5 | Fdo. P/Comp. | Tarifa Elect.
Chaco,informacion_consolidada2025_5.xlsx,mayo,2025,month,2025-05,Subtotal,249005.56977602004,Subtotal
Chaco,informacion_consolidada2025_5.xlsx,mayo,2025,month,2025-05,Subtotal,249008.36977602003,Subtotal
Chaco,informacion_consolidada2025_5.xlsx,mayo,2025,month,2025-05,Total | (1) + (2),264592.1598866973,Total | (1) + (2)
Chaco,informacion_consolidada2025_5.xlsx,mayo,2025,month,2025-05,Total | Recursos | Origen Nacional | (1),256834.79280669728,Total | Recursos | Origen Nacional | (1)
Chaco,informacion_consolidada2025_5.xlsx,mayo,2025,month,2025-05,Transfer. | De Servicios | Ley | Nº 24.049,2.8,Transfer. | De Servicios | Ley | Nº 24.049
Chaco,informacion_consolidada2025_5.xlsx,mayo,2025,month,2025-05,Vialidad | Provincial,646.9443,Vialidad | Provincial
Chaco,informacion_consolidada2025_5.xlsx,junio,2025,month,2025-06,C.F.I. | Neta De | Ley Nº 26.075,171328.77790000002,CFI | Neta
Chaco,informacion_consolidada2025_5.xlsx,junio,2025,month,2025-06,Compensación | Consenso Fiscal | II. a y b; II. d y e | (2),7369.498726,Compensación Consenso Fiscal
Chaco,informacion_consolidada2025_5.xlsx,junio,2025,month,2025-06,F.E.D.E.I.,162.55062002015288,F.E.D.E.I.
Chaco,informacion_consolidada2025_5.xlsx,junio,2025,month,2025-06,F.E.D.E.I.,188.3992366825638,F.E.D.E.I.
Chaco,informacion_consolidada2025_5.xlsx,junio,2025,month,2025-06,Financ. | Educativo | Ley Nº 26.075,39675.22771008005,Financiamiento Educativo
Chaco,informacion_consolidada2025_5.xlsx,junio,2025,month,2025-06,Fondo | Compens. | de | Desequilib.,0.5,Fondo | Compens. | de | Desequilib.
Chaco,informacion_consolidada2025_5.xlsx,junio,2025,month,2025-06,I.V.A. | Ley Nº 23.966 | Art. 5 | Punto 2,1306.1544,I.V.A. | Ley Nº 23.966 | Art. 5 | Punto 2
Chaco,informacion_consolidada2025_5.xlsx,junio,2025,month,2025-06,Impuesto a los Combustibles Líquidos | Ley Nº 23.966 y Nº 24.699 | Obras de | Infraestr.,556.7309,Impuesto a los Combustibles Líquidos | Ley Nº 23.966 y Nº 24.699 | Obras de | Infraestr.
Chaco,informacion_consolidada2025_5.xlsx,junio,2025,month,2025-06,Impuesto s/ | Los Activos | Fdo. Educ. | Ley Nº 23.906,0.0,Impuesto s/ | Los Activos | Fdo. Educ. | Ley Nº 23.906
Chaco,informacion_consolidada2025_5.xlsx,junio,2025,month,2025-06,Impuesto sobre los | Bienes Personales | Ley | Nº 24.699,30336.9572,Impuesto sobre los | Bienes Personales | Ley | Nº 24.699
Chaco,informacion_consolidada2025_5.xlsx,junio,2025,month,2025-06,Ley Nº 23.966 | Art. 30,2729.3459,Ley Nº 23.966 | Art. 30
Chaco,informacion_consolidada2025_5.xlsx,junio,2025,month,2025-06,Ley Nº 24.464 | FO.NA.VI.,2505.9309,Ley Nº 24.464 | FO.NA.VI.
Chaco,informacion_consolidada2025_5.xlsx,junio,2025,month,2025-06,Reg.Simplif. | P/Peq.Contrib. | Ley Nº 24.977 | Aart. 59 Inc. A,729.4248,Reg.Simplif. | P/Peq.Contrib. | Ley Nº 24.977 | Aart. 59 Inc. A
Chaco,informacion_consolidada2025_5.xlsx,junio,2025,month,2025-06,Régimen de la Energía Eléctrica | L E Y Nº 2 4 . 0 6 5 | Fdo. P/Comp. | Tarifa Elect.,769.1876558555875,Régimen de la Energía Eléctrica | L E Y Nº 2 4 . 0 6 5 | Fdo. P/Comp. | Tarifa Elect.
Chaco,informacion_consolidada2025_5.xlsx,junio,2025,month,2025-06,Subtotal,211004.00561008006,Subtotal
Chaco,informacion_consolidada2025_5.xlsx,junio,2025,month,2025-06,Subtotal,211006.80561008005,Subtotal
Chaco,informacion_consolidada2025_5.xlsx,junio,2025,month,2025-06,Total | (1) + (2),258360.18384863835,Total | (1) + (2)
Chaco,informacion_consolidada2025_5.xlsx,junio,2025,month,2025-06,Total | Recursos | Origen Nacional | (1),250990.68512263836,Total | Recursos | Origen Nacional | (1)
Chaco,informacion_consolidada2025_5.xlsx,junio,2025,month,2025-06,Transfer. | De Servicios | Ley | Nº 24.049,2.8,Transfer. | De Servicios | Ley | Nº 24.049
Chaco,informacion_consolidada2025_5.xlsx,junio,2025,month,2025-06,Vialidad | Provincial,698.6979,Vialidad | Provincial
Chaco,informacion_consolidada2025_5.xlsx,julio,2025,month,2025-07,C.F.I. | Neta De | Ley Nº 26.075,178389.2862,CFI | Neta
Chaco,informacion_consolidada2025_5.xlsx,julio,2025,month,2025-07,Compensación | Consenso Fiscal | II. a y b; II. d y e | (2),8437.52514,Compensación Consenso Fiscal
Chaco,informacion_consolidada2025_5.xlsx,julio,2025,month,2025-07,F.E.D.E.I.,175.6899588684079,F.E.D.E.I.
Chaco,informacion_consolidada2025_5.xlsx,julio,2025,month,2025-07,F.E.D.E.I.,301.3963967974079,F.E.D.E.I.
Chaco,informacion_consolidada2025_5.xlsx,julio,2025,month,2025-07,Financ. | Educativo | Ley Nº 26.075,43394.78030790006,Financiamiento Educativo
Chaco,informacion_consolidada2025_5.xlsx,julio,2025,month,2025-07,Fondo | Compens. | de | Desequilib.,0.5,Fondo | Compens. | de | Desequilib.
Chaco,informacion_consolidada2025_5.xlsx,julio,2025,month,2025-07,I.V.A. | Ley Nº 23.966 | Art. 5 | Punto 2,1314.4416,I.V.A. | Ley Nº 23.966 | Art. 5 | Punto 2
Chaco,informacion_consolidada2025_5.xlsx,julio,2025,month,2025-07,Impuesto a los Combustibles Líquidos | Ley Nº 23.966 y Nº 24.699 | Obras de | Infraestr.,497.4881,Impuesto a los Combustibles Líquidos | Ley Nº 23.966 y Nº 24.699 | Obras de | Infraestr.
Chaco,informacion_consolidada2025_5.xlsx,julio,2025,month,2025-07,Impuesto s/ | Los Activos | Fdo. Educ. | Ley Nº 23.906,0.0,Impuesto s/ | Los Activos | Fdo. Educ. | Ley Nº 23.906
Chaco,informacion_consolidada2025_5.xlsx,julio,2025,month,2025-07,Impuesto sobre los | Bienes Personales | Ley | Nº 24.699,2755.5801,Impuesto sobre los | Bienes Personales | Ley | Nº 24.699
Chaco,informacion_consolidada2025_5.xlsx,julio,2025,month,2025-07,Ley Nº 23.966 | Art. 30,247.91320000000002,Ley Nº 23.966 | Art. 30
Chaco,informacion_consolidada2025_5.xlsx,julio,2025,month,2025-07,Ley Nº 24.464 | FO.NA.VI.,2239.2698,Ley Nº 24.464 | FO.NA.VI.
Chaco,informacion_consolidada2025_5.xlsx,julio,2025,month,2025-07,Reg.Simplif. | P/Peq.Contrib. | Ley Nº 24.977 | Aart. 59 Inc. A,737.5146,Reg.Simplif. | P/Peq.Contrib. | Ley Nº 24.977 | Aart. 59 Inc. A
Chaco,informacion_consolidada2025_5.xlsx,julio,2025,month,2025-07,Régimen de la Energía Eléctrica | L E Y Nº 2 4 . 0 6 5 | Fdo. P/Comp. | Tarifa Elect.,425.8655958181028,Régimen de la Energía Eléctrica | L E Y Nº 2 4 . 0 6 5 | Fdo. P/Comp. | Tarifa Elect.
Chaco,informacion_consolidada2025_5.xlsx,julio,2025,month,2025-07,Subtotal,221784.06650790008,Subtotal
Chaco,informacion_consolidada2025_5.xlsx,julio,2025,month,2025-07,Subtotal,221786.86650790006,Subtotal
Chaco,informacion_consolidada2025_5.xlsx,julio,2025,month,2025-07,Total | (1) + (2),239544.39909938397,Total | (1) + (2)
Chaco,informacion_consolidada2025_5.xlsx,julio,2025,month,2025-07,Total | Recursos | Origen Nacional | (1),231106.87395938396,Total | Recursos | Origen Nacional | (1)
Chaco,informacion_consolidada2025_5.xlsx,julio,2025,month,2025-07,Transfer. | De Servicios | Ley | Nº 24.049,2.8,Transfer. | De Servicios | Ley | Nº 24.049
Chaco,informacion_consolidada2025_5.xlsx,julio,2025,month,2025-07,Vialidad | Provincial,624.3480999999999,Vialidad | Provincial
Chaco,informacion_consolidada2025_5.xlsx,agosto,2025,month,2025-08,C.F.I. | Neta De | Ley Nº 26.075,200902.76630000002,CFI | Neta
Chaco,informacion_consolidada2025_5.xlsx,agosto,2025,month,2025-08,Compensación | Consenso Fiscal | II. a y b; II. d y e | (2),7670.477400000001,Compensación Consenso Fiscal
Chaco,informacion_consolidada2025_5.xlsx,agosto,2025,month,2025-08,F.E.D.E.I.,156.70794271684,F.E.D.E.I.
Chaco,informacion_consolidada2025_5.xlsx,agosto,2025,month,2025-08,F.E.D.E.I.,207.92717787327462,F.E.D.E.I.
Chaco,informacion_consolidada2025_5.xlsx,agosto,2025,month,2025-08,Financ. | Educativo | Ley Nº 26.075,24797.017318800048,Financiamiento Educativo
Chaco,informacion_consolidada2025_5.xlsx,agosto,2025,month,2025-08,Fondo | Compens. | de | Desequilib.,0.5,Fondo | Compens. | de | Desequilib.
Chaco,informacion_consolidada2025_5.xlsx,agosto,2025,month,2025-08,I.V.A. | Ley Nº 23.966 | Art. 5 | Punto 2,1341.7841,I.V.A. | Ley Nº 23.966 | Art. 5 | Punto 2
Chaco,informacion_consolidada2025_5.xlsx,agosto,2025,month,2025-08,Impuesto a los Combustibles Líquidos | Ley Nº 23.966 y Nº 24.699 | Obras de | Infraestr.,588.1486,Impuesto a los Combustibles Líquidos | Ley Nº 23.966 y Nº 24.699 | Obras de | Infraestr.
Chaco,informacion_consolidada2025_5.xlsx,agosto,2025,month,2025-08,Impuesto s/ | Los Activos | Fdo. Educ. | Ley Nº 23.906,0.16874885999999997,Impuesto s/ | Los Activos | Fdo. Educ. | Ley Nº 23.906
Chaco,informacion_consolidada2025_5.xlsx,agosto,2025,month,2025-08,Impuesto sobre los | Bienes Personales | Ley | Nº 24.699,2843.7242,Impuesto sobre los | Bienes Personales | Ley | Nº 24.699
Chaco,informacion_consolidada2025_5.xlsx,agosto,2025,month,2025-08,Ley Nº 23.966 | Art. 30,255.8433,Ley Nº 23.966 | Art. 30
Chaco,informacion_consolidada2025_5.xlsx,agosto,2025,month,2025-08,Ley Nº 24.464 | FO.NA.VI.,2647.3467,Ley Nº 24.464 | FO.NA.VI.
Chaco,informacion_consolidada2025_5.xlsx,agosto,2025,month,2025-08,Reg.Simplif. | P/Peq.Contrib. | Ley Nº 24.977 | Aart. 59 Inc. A,1050.5194,Reg.Simplif. | P/Peq.Contrib. | Ley Nº 24.977 | Aart. 59 Inc. A
Chaco,informacion_consolidada2025_5.xlsx,agosto,2025,month,2025-08,Régimen de la Energía Eléctrica | L E Y Nº 2 4 . 0 6 5 | Fdo. P/Comp. | Tarifa Elect.,293.7959193602504,Régimen de la Energía Eléctrica | L E Y Nº 2 4 . 0 6 5 | Fdo. P/Comp. | Tarifa Elect.
Chaco,informacion_consolidada2025_5.xlsx,agosto,2025,month,2025-08,Subtotal,225699.78361880005,Subtotal
Chaco,informacion_consolidada2025_5.xlsx,agosto,2025,month,2025-08,Subtotal,225702.58361880004,Subtotal
Chaco,informacion_consolidada2025_5.xlsx,agosto,2025,month,2025-08,Total | (1) + (2),243497.65420761035,Total | (1) + (2)
Chaco,informacion_consolidada2025_5.xlsx,agosto,2025,month,2025-08,Total | Recursos | Origen Nacional | (1),235827.17680761035,Total | Recursos | Origen Nacional | (1)
Chaco,informacion_consolidada2025_5.xlsx,agosto,2025,month,2025-08,Transfer. | De Servicios | Ley | Nº 24.049,2.8,Transfer. | De Servicios | Ley | Nº 24.049
Chaco,informacion_consolidada2025_5.xlsx,agosto,2025,month,2025-08,Vialidad | Provincial,738.1270999999999,Vialidad | Provincial
Chaco,informacion_consolidada2025_5.xlsx,septiembre,2025,month,2025-09,C.F.I. | Neta De | Ley Nº 26.075,195591.4276,CFI | Neta
Chaco,informacion_consolidada2025_5.xlsx,septiembre,2025,month,2025-09,Compensación | Consenso Fiscal | II. a y b; II. d y e | (2),8437.52514,Compensación Consenso Fiscal
Chaco,informacion_consolidada2025_5.xlsx,septiembre,2025,month,2025-09,F.E.D.E.I.,185.51164469657084,F.E.D.E.I.
Chaco,informacion_consolidada2025_5.xlsx,septiembre,2025,month,2025-09,F.E.D.E.I.,258.88642302992923,F.E.D.E.I.
Chaco,informacion_consolidada2025_5.xlsx,septiembre,2025,month,2025-09,Financ. | Educativo | Ley Nº 26.075,27276.71905068005,Financiamiento Educativo
Chaco,informacion_consolidada2025_5.xlsx,septiembre,2025,month,2025-09,Fondo | Compens. | de | Desequilib.,0.5,Fondo | Compens. | de | Desequilib.
Chaco,informacion_consolidada2025_5.xlsx,septiembre,2025,month,2025-09,I.V.A. | Ley Nº 23.966 | Art. 5 | Punto 2,1402.9559,I.V.A. | Ley Nº 23.966 | Art. 5 | Punto 2
Chaco,informacion_consolidada2025_5.xlsx,septiembre,2025,month,2025-09,Impuesto a los Combustibles Líquidos | Ley Nº 23.966 y Nº 24.699 | Obras de | Infraestr.,608.3545,Impuesto a los Combustibles Líquidos | Ley Nº 23.966 y Nº 24.699 | Obras de | Infraestr.
Chaco,informacion_consolidada2025_5.xlsx,septiembre,2025,month,2025-09,Impuesto s/ | Los Activos | Fdo. Educ. | Ley Nº 23.906,0.0,Impuesto s/ | Los Activos | Fdo. Educ. | Ley Nº 23.906
Chaco,informacion_consolidada2025_5.xlsx,septiembre,2025,month,2025-09,Impuesto sobre los | Bienes Personales | Ley | Nº 24.699,2548.66,Impuesto sobre los | Bienes Personales | Ley | Nº 24.699
Chaco,informacion_consolidada2025_5.xlsx,septiembre,2025,month,2025-09,Ley Nº 23.966 | Art. 30,229.297,Ley Nº 23.966 | Art. 30
Chaco,informacion_consolidada2025_5.xlsx,septiembre,2025,month,2025-09,Ley Nº 24.464 | FO.NA.VI.,2738.2963999999997,Ley Nº 24.464 | FO.NA.VI.
Chaco,informacion_consolidada2025_5.xlsx,septiembre,2025,month,2025-09,Reg.Simplif. | P/Peq.Contrib. | Ley Nº 24.977 | Aart. 59 Inc. A,1108.626,Reg.Simplif. | P/Peq.Contrib. | Ley Nº 24.977 | Aart. 59 Inc. A
Chaco,informacion_consolidada2025_5.xlsx,septiembre,2025,month,2025-09,Régimen de la Energía Eléctrica | L E Y Nº 2 4 . 0 6 5 | Fdo. P/Comp. | Tarifa Elect.,365.8000625259758,Régimen de la Energía Eléctrica | L E Y Nº 2 4 . 0 6 5 | Fdo. P/Comp. | Tarifa Elect.
Chaco,informacion_consolidada2025_5.xlsx,septiembre,2025,month,2025-09,Subtotal,222868.14665068005,Subtotal
Chaco,informacion_consolidada2025_5.xlsx,septiembre,2025,month,2025-09,Subtotal,222870.94665068004,Subtotal
Chaco,informacion_consolidada2025_5.xlsx,septiembre,2025,month,2025-09,Total | (1) + (2),241518.84522093253,Total | (1) + (2)
Chaco,informacion_consolidada2025_5.xlsx,septiembre,2025,month,2025-09,Total | Recursos | Origen Nacional | (1),233081.32008093252,Total | Recursos | Origen Nacional | (1)
Chaco,informacion_consolidada2025_5.xlsx,septiembre,2025,month,2025-09,Transfer. | De Servicios | Ley | Nº 24.049,2.8,Transfer. | De Servicios | Ley | Nº 24.049
Chaco,informacion_consolidada2025_5.xlsx,septiembre,2025,month,2025-09,Vialidad | Provincial,763.4855,Vialidad | Provincial
Chaco,informacion_consolidada2025_5.xlsx,octubre,2025,month,2025-10,C.F.I. | Neta De | Ley Nº 26.075,212704.4896,CFI | Neta
Chaco,informacion_consolidada2025_5.xlsx,octubre,2025,month,2025-10,Compensación | Consenso Fiscal | II. a y b; II. d y e | (2),9419.550932,Compensación Consenso Fiscal
Chaco,informacion_consolidada2025_5.xlsx,octubre,2025,month,2025-10,F.E.D.E.I.,191.91967634297487,F.E.D.E.I.
Chaco,informacion_consolidada2025_5.xlsx,octubre,2025,month,2025-10,F.E.D.E.I.,253.95919296965553,F.E.D.E.I.
Chaco,informacion_consolidada2025_5.xlsx,octubre,2025,month,2025-10,Financ. | Educativo | Ley Nº 26.075,28516.569916620057,Financiamiento Educativo
Chaco,informacion_consolidada2025_5.xlsx,octubre,2025,month,2025-10,Fondo | Compens. | de | Desequilib.,0.5,Fondo | Compens. | de | Desequilib.
Chaco,informacion_consolidada2025_5.xlsx,octubre,2025,month,2025-10,I.V.A. | Ley Nº 23.966 | Art. 5 | Punto 2,1466.2954,I.V.A. | Ley Nº 23.966 | Art. 5 | Punto 2
Chaco,informacion_consolidada2025_5.xlsx,octubre,2025,month,2025-10,Impuesto a los Combustibles Líquidos | Ley Nº 23.966 y Nº 24.699 | Obras de | Infraestr.,584.5451999999999,Impuesto a los Combustibles Líquidos | Ley Nº 23.966 y Nº 24.699 | Obras de | Infraestr.
Chaco,informacion_consolidada2025_5.xlsx,octubre,2025,month,2025-10,Impuesto s/ | Los Activos | Fdo. Educ. | Ley Nº 23.906,0.0,Impuesto s/ | Los Activos | Fdo. Educ. | Ley Nº 23.906
Chaco,informacion_consolidada2025_5.xlsx,octubre,2025,month,2025-10,Impuesto sobre los | Bienes Personales | Ley | Nº 24.699,2516.2518999999998,Impuesto sobre los | Bienes Personales | Ley | Nº 24.699
Chaco,informacion_consolidada2025_5.xlsx,octubre,2025,month,2025-10,Ley Nº 23.966 | Art. 30,226.38139999999999,Ley Nº 23.966 | Art. 30
Chaco,informacion_consolidada2025_5.xlsx,octubre,2025,month,2025-10,Ley Nº 24.464 | FO.NA.VI.,2631.127,Ley Nº 24.464 | FO.NA.VI.
Chaco,informacion_consolidada2025_5.xlsx,octubre,2025,month,2025-10,Reg.Simplif. | P/Peq.Contrib. | Ley Nº 24.977 | Aart. 59 Inc. A,1163.6516000000001,Reg.Simplif. | P/Peq.Contrib. | Ley Nº 24.977 | Aart. 59 Inc. A
Chaco,informacion_consolidada2025_5.xlsx,octubre,2025,month,2025-10,Régimen de la Energía Eléctrica | L E Y Nº 2 4 . 0 6 5 | Fdo. P/Comp. | Tarifa Elect.,358.83800927074833,Régimen de la Energía Eléctrica | L E Y Nº 2 4 . 0 6 5 | Fdo. P/Comp. | Tarifa Elect.
Chaco,informacion_consolidada2025_5.xlsx,octubre,2025,month,2025-10,Subtotal,241221.05951662007,Subtotal
Chaco,informacion_consolidada2025_5.xlsx,octubre,2025,month,2025-10,Subtotal,241223.85951662005,Subtotal
Chaco,informacion_consolidada2025_5.xlsx,octubre,2025,month,2025-10,Total | (1) + (2),260770.4846272035,Total | (1) + (2)
Chaco,informacion_consolidada2025_5.xlsx,octubre,2025,month,2025-10,Total | Recursos | Origen Nacional | (1),251350.93369520348,Total | Recursos | Origen Nacional | (1)
Chaco,informacion_consolidada2025_5.xlsx,octubre,2025,month,2025-10,Transfer. | De Servicios | Ley | Nº 24.049,2.8,Transfer. | De Servicios | Ley | Nº 24.049
Chaco,informacion_consolidada2025_5.xlsx,octubre,2025,month,2025-10,Vialidad | Provincial,733.6048000000001,Vialidad | Provincial
Chaco,informacion_consolidada2025_5.xlsx,noviembre,2025,month,2025-11,C.F.I. | Neta De | Ley Nº 26.075,213366.0869,CFI | Neta
Chaco,informacion_consolidada2025_5.xlsx,noviembre,2025,month,2025-11,Compensación | Consenso Fiscal | II. a y b; II. d y e | (2),7278.743902,Compensación Consenso Fiscal
Chaco,informacion_consolidada2025_5.xlsx,noviembre,2025,month,2025-11,F.E.D.E.I.,0.0,F.E.D.E.I.
Chaco,informacion_consolidada2025_5.xlsx,noviembre,2025,month,2025-11,F.E.D.E.I.,0.0,F.E.D.E.I.
Chaco,informacion_consolidada2025_5.xlsx,noviembre,2025,month,2025-11,Financ. | Educativo | Ley Nº 26.075,21077.464720980042,Financiamiento Educativo
Chaco,informacion_consolidada2025_5.xlsx,noviembre,2025,month,2025-11,Fondo | Compens. | de | Desequilib.,0.5,Fondo | Compens. | de | Desequilib.
Chaco,informacion_consolidada2025_5.xlsx,noviembre,2025,month,2025-11,I.V.A. | Ley Nº 23.966 | Art. 5 | Punto 2,1373.6647,I.V.A. | Ley Nº 23.966 | Art. 5 | Punto 2
Chaco,informacion_consolidada2025_5.xlsx,noviembre,2025,month,2025-11,Impuesto a los Combustibles Líquidos | Ley Nº 23.966 y Nº 24.699 | Obras de | Infraestr.,619.0726,Impuesto a los Combustibles Líquidos | Ley Nº 23.966 y Nº 24.699 | Obras de | Infraestr.
Chaco,informacion_consolidada2025_5.xlsx,noviembre,2025,month,2025-11,Impuesto s/ | Los Activos | Fdo. Educ. | Ley Nº 23.906,0.0,Impuesto s/ | Los Activos | Fdo. Educ. | Ley Nº 23.906
Chaco,informacion_consolidada2025_5.xlsx,noviembre,2025,month,2025-11,Impuesto sobre los | Bienes Personales | Ley | Nº 24.699,1520.3432,Impuesto sobre los | Bienes Personales | Ley | Nº 24.699
Chaco,informacion_consolidada2025_5.xlsx,noviembre,2025,month,2025-11,Ley Nº 23.966 | Art. 30,136.78179999999998,Ley Nº 23.966 | Art. 30
Chaco,informacion_consolidada2025_5.xlsx,noviembre,2025,month,2025-11,Ley Nº 24.464 | FO.NA.VI.,2786.5404,Ley Nº 24.464 | FO.NA.VI.
Chaco,informacion_consolidada2025_5.xlsx,noviembre,2025,month,2025-11,Reg.Simplif. | P/Peq.Contrib. | Ley Nº 24.977 | Aart. 59 Inc. A,1147.7523,Reg.Simplif. | P/Peq.Contrib. | Ley Nº 24.977 | Aart. 59 Inc. A
Chaco,informacion_consolidada2025_5.xlsx,noviembre,2025,month,2025-11,Régimen de la Energía Eléctrica | L E Y Nº 2 4 . 0 6 5 | Fdo. P/Comp. | Tarifa Elect.,0.0,Régimen de la Energía Eléctrica | L E Y Nº 2 4 . 0 6 5 | Fdo. P/Comp. | Tarifa Elect.
Chaco,informacion_consolidada2025_5.xlsx,noviembre,2025,month,2025-11,Subtotal,234443.55162098003,Subtotal
Chaco,informacion_consolidada2025_5.xlsx,noviembre,2025,month,2025-11,Subtotal,234446.35162098001,Subtotal
Chaco,informacion_consolidada2025_5.xlsx,noviembre,2025,month,2025-11,Total | (1) + (2),250086.68732298,Total | (1) + (2)
Chaco,informacion_consolidada2025_5.xlsx,noviembre,2025,month,2025-11,Total | Recursos | Origen Nacional | (1),242807.94342098,Total | Recursos | Origen Nacional | (1)
Chaco,informacion_consolidada2025_5.xlsx,noviembre,2025,month,2025-11,Transfer. | De Servicios | Ley | Nº 24.049,2.8,Transfer. | De Servicios | Ley | Nº 24.049
Chaco,informacion_consolidada2025_5.xlsx,noviembre,2025,month,2025-11,Vialidad | Provincial,776.9368000000001,Vialidad | Provincial
Chaco,informacion_consolidada2025_5.xlsx,diciembre,2025,month,2025-12,C.F.I. | Neta De | Ley Nº 26.075,220364.8279,CFI | Neta
Chaco,informacion_consolidada2025_5.xlsx,diciembre,2025,month,2025-12,Compensación | Consenso Fiscal | II. a y b; II. d y e | (2),22991.389526,Compensación Consenso Fiscal
Chaco,informacion_consolidada2025_5.xlsx,diciembre,2025,month,2025-12,F.E.D.E.I.,379.68981821236105,F.E.D.E.I.
Chaco,informacion_consolidada2025_5.xlsx,diciembre,2025,month,2025-12,F.E.D.E.I.,544.1544580928132,F.E.D.E.I.
Chaco,informacion_consolidada2025_5.xlsx,diciembre,2025,month,2025-12,Financ. | Educativo | Ley Nº 26.075,26036.86818474005,Financiamiento Educativo
Chaco,informacion_consolidada2025_5.xlsx,diciembre,2025,month,2025-12,Fondo | Compens. | de | Desequilib.,0.5,Fondo | Compens. | de | Desequilib.
Chaco,informacion_consolidada2025_5.xlsx,diciembre,2025,month,2025-12,I.V.A. | Ley Nº 23.966 | Art. 5 | Punto 2,1405.9124,I.V.A. | Ley Nº 23.966 | Art. 5 | Punto 2
Chaco,informacion_consolidada2025_5.xlsx,diciembre,2025,month,2025-12,Impuesto a los Combustibles Líquidos | Ley Nº 23.966 y Nº 24.699 | Obras de | Infraestr.,880.6727,Impuesto a los Combustibles Líquidos | Ley Nº 23.966 y Nº 24.699 | Obras de | Infraestr.
Chaco,informacion_consolidada2025_5.xlsx,diciembre,2025,month,2025-12,Impuesto s/ | Los Activos | Fdo. Educ. | Ley Nº 23.906,0.00488949,Impuesto s/ | Los Activos | Fdo. Educ. | Ley Nº 23.906
Chaco,informacion_consolidada2025_5.xlsx,diciembre,2025,month,2025-12,Impuesto sobre los | Bienes Personales | Ley | Nº 24.699,2529.6347,Impuesto sobre los | Bienes Personales | Ley | Nº 24.699
Chaco,informacion_consolidada2025_5.xlsx,diciembre,2025,month,2025-12,Ley Nº 23.966 | Art. 30,227.5854,Ley Nº 23.966 | Art. 30
Chaco,informacion_consolidada2025_5.xlsx,diciembre,2025,month,2025-12,Ley Nº 24.464 | FO.NA.VI.,3964.0424,Ley Nº 24.464 | FO.NA.VI.
Chaco,informacion_consolidada2025_5.xlsx,diciembre,2025,month,2025-12,Reg.Simplif. | P/Peq.Contrib. | Ley Nº 24.977 | Aart. 59 Inc. A,1212.7853,Reg.Simplif. | P/Peq.Contrib. | Ley Nº 24.977 | Aart. 59 Inc. A
Chaco,informacion_consolidada2025_5.xlsx,diciembre,2025,month,2025-12,Régimen de la Energía Eléctrica | L E Y Nº 2 4 . 0 6 5 | Fdo. P/Comp. | Tarifa Elect.,768.8766852451326,Régimen de la Energía Eléctrica | L E Y Nº 2 4 . 0 6 5 | Fdo. P/Comp. | Tarifa Elect.
Chaco,informacion_consolidada2025_5.xlsx,diciembre,2025,month,2025-12,Subtotal,246401.69608474005,Subtotal
Chaco,informacion_consolidada2025_5.xlsx,diciembre,2025,month,2025-12,Subtotal,246404.49608474004,Subtotal
Chaco,informacion_consolidada2025_5.xlsx,diciembre,2025,month,2025-12,Total | (1) + (2),282414.98956178036,Total | (1) + (2)
Chaco,informacion_consolidada2025_5.xlsx,diciembre,2025,month,2025-12,Total | Recursos | Origen Nacional | (1),259423.60003578034,Total | Recursos | Origen Nacional | (1)
Chaco,informacion_consolidada2025_5.xlsx,diciembre,2025,month,2025-12,Transfer. | De Servicios | Ley | Nº 24.049,2.8,Transfer. | De Servicios | Ley | Nº 24.049
Chaco,informacion_consolidada2025_5.xlsx,diciembre,2025,month,2025-12,Vialidad | Provincial,1105.2451999999998,Vialidad | Provincial
Chaco,informacion_consolidada2025_5.xlsx,CONS,2025,consolidated,CONS,C.F.I. | Neta De | Ley Nº 26.075,2331471.7945,CFI | Neta
Chaco,informacion_consolidada2025_5.xlsx,CONS,2025,consolidated,CONS,Compensación | Consenso Fiscal | II. a y b; II. d y e | (2),101757.94993200002,Compensación Consenso Fiscal
Chaco,informacion_consolidada2025_5.xlsx,CONS,2025,consolidated,CONS,F.E.D.E.I.,2001.7152263758585,F.E.D.E.I.
Chaco,informacion_consolidada2025_5.xlsx,CONS,2025,consolidated,CONS,F.E.D.E.I.,2913.9077719939028,F.E.D.E.I.
Chaco,informacion_consolidada2025_5.xlsx,CONS,2025,consolidated,CONS,Financ. | Educativo | Ley Nº 26.075,301283.76039999997,Financiamiento Educativo
Chaco,informacion_consolidada2025_5.xlsx,CONS,2025,consolidated,CONS,Fondo | Compens. | de | Desequilib.,6.0,Fondo | Compens. | de | Desequilib.
Chaco,informacion_consolidada2025_5.xlsx,CONS,2025,consolidated,CONS,I.V.A. | Ley Nº 23.966 | Art. 5 | Punto 2,15636.6869,I.V.A. | Ley Nº 23.966 | Art. 5 | Punto 2
Chaco,informacion_consolidada2025_5.xlsx,CONS,2025,consolidated,CONS,Impuesto a los Combustibles Líquidos | Ley Nº 23.966 y Nº 24.699 | Obras de | Infraestr.,6588.9896,Impuesto a los Combustibles Líquidos | Ley Nº 23.966 y Nº 24.699 | Obras de | Infraestr.
Chaco,informacion_consolidada2025_5.xlsx,CONS,2025,consolidated,CONS,Impuesto s/ | Los Activos | Fdo. Educ. | Ley Nº 23.906,0.1736,Impuesto s/ | Los Activos | Fdo. Educ. | Ley Nº 23.906
Chaco,informacion_consolidada2025_5.xlsx,CONS,2025,consolidated,CONS,Impuesto sobre los | Bienes Personales | Ley | Nº 24.699,51437.69820000001,Impuesto sobre los | Bienes Personales | Ley | Nº 24.699
Chaco,informacion_consolidada2025_5.xlsx,CONS,2025,consolidated,CONS,Ley Nº 23.966 | Art. 30,4627.730800000001,Ley Nº 23.966 | Art. 30
Chaco,informacion_consolidada2025_5.xlsx,CONS,2025,consolidated,CONS,Ley Nº 24.464 | FO.NA.VI.,29658.048599999995,Ley Nº 24.464 | FO.NA.VI.
Chaco,informacion_consolidada2025_5.xlsx,CONS,2025,consolidated,CONS,Reg.Simplif. | P/Peq.Contrib. | Ley Nº 24.977 | Aart. 59 Inc. A,10251.6166,Reg.Simplif. | P/Peq.Contrib. | Ley Nº 24.977 | Aart. 59 Inc. A
Chaco,informacion_consolidada2025_5.xlsx,CONS,2025,consolidated,CONS,Régimen de la Energía Eléctrica | L E Y Nº 2 4 . 0 6 5 | Fdo. P/Comp. | Tarifa Elect.,4121.5799,Régimen de la Energía Eléctrica | L E Y Nº 2 4 . 0 6 5 | Fdo. P/Comp. | Tarifa Elect.
Chaco,informacion_consolidada2025_5.xlsx,CONS,2025,consolidated,CONS,Subtotal,2632755.5549,Subtotal
Chaco,informacion_consolidada2025_5.xlsx,CONS,2025,consolidated,CONS,Subtotal,2632789.1549,Subtotal
Chaco,informacion_consolidada2025_5.xlsx,CONS,2025,consolidated,CONS,Total | (1) + (2),2870060.441030369,Total | (1) + (2)
Chaco,informacion_consolidada2025_5.xlsx,CONS,2025,consolidated,CONS,Total | Recursos | Origen Nacional | (1),2768302.491098369,Total | Recursos | Origen Nacional | (1)
Chaco,informacion_consolidada2025_5.xlsx,CONS,2025,consolidated,CONS,Transfer. | De Servicios | Ley | Nº 24.049,33.6,Transfer. | De Servicios | Ley | Nº 24.049
Chaco,informacion_consolidada2025_5.xlsx,CONS,2025,consolidated,CONS,Vialidad | Provincial,8269.188999999998,Vialidad | Provincial
Chubut,informacion_consolidada2025_5.xlsx,enero,2025,month,2025-01,C.F.I. | Neta De | Ley Nº 26.075,67694.78390000001,CFI | Neta
Chubut,informacion_consolidada2025_5.xlsx,enero,2025,month,2025-01,Compensación | Consenso Fiscal | II. a y b; II. d y e | (2),1049.3784839999998,Compensación Consenso Fiscal
Chubut,informacion_consolidada2025_5.xlsx,enero,2025,month,2025-01,F.E.D.E.I.,0.0,F.E.D.E.I.
Chubut,informacion_consolidada2025_5.xlsx,enero,2025,month,2025-01,F.E.D.E.I.,0.0,F.E.D.E.I.
Chubut,informacion_consolidada2025_5.xlsx,enero,2025,month,2025-01,Financ. | Educativo | Ley Nº 26.075,0.0,Financiamiento Educativo
Chubut,informacion_consolidada2025_5.xlsx,enero,2025,month,2025-01,Fondo | Compens. | de | Desequilib.,3.0,Fondo | Compens. | de | Desequilib.
Chubut,informacion_consolidada2025_5.xlsx,enero,2025,month,2025-01,I.V.A. | Ley Nº 23.966 | Art. 5 | Punto 2,536.8913,I.V.A. | Ley Nº 23.966 | Art. 5 | Punto 2
Chubut,informacion_consolidada2025_5.xlsx,enero,2025,month,2025-01,Impuesto a los Combustibles Líquidos | Ley Nº 23.966 y Nº 24.699 | Obras de | Infraestr.,117.5732,Impuesto a los Combustibles Líquidos | Ley Nº 23.966 y Nº 24.699 | Obras de | Infraestr.
Chubut,informacion_consolidada2025_5.xlsx,enero,2025,month,2025-01,Impuesto s/ | Los Activos | Fdo. Educ. | Ley Nº 23.906,0.0,Impuesto s/ | Los Activos | Fdo. Educ. | Ley Nº 23.906
Chubut,informacion_consolidada2025_5.xlsx,enero,2025,month,2025-01,Impuesto sobre los | Bienes Personales | Ley | Nº 24.699,402.8273,Impuesto sobre los | Bienes Personales | Ley | Nº 24.699
Chubut,informacion_consolidada2025_5.xlsx,enero,2025,month,2025-01,Ley Nº 23.966 | Art. 30,44.7194,Ley Nº 23.966 | Art. 30
Chubut,informacion_consolidada2025_5.xlsx,enero,2025,month,2025-01,Ley Nº 24.464 | FO.NA.VI.,1161.2625,Ley Nº 24.464 | FO.NA.VI.
Chubut,informacion_consolidada2025_5.xlsx,enero,2025,month,2025-01,Reg.Simplif. | P/Peq.Contrib. | Ley Nº 24.977 | Aart. 59 Inc. A,134.28560000000002,Reg.Simplif. | P/Peq.Contrib. | Ley Nº 24.977 | Aart. 59 Inc. A
Chubut,informacion_consolidada2025_5.xlsx,enero,2025,month,2025-01,Régimen de la Energía Eléctrica | L E Y Nº 2 4 . 0 6 5 | Fdo. P/Comp. | Tarifa Elect.,0.0,Régimen de la Energía Eléctrica | L E Y Nº 2 4 . 0 6 5 | Fdo. P/Comp. | Tarifa Elect.
Chubut,informacion_consolidada2025_5.xlsx,enero,2025,month,2025-01,Subtotal,67694.78390000001,Subtotal
Chubut,informacion_consolidada2025_5.xlsx,enero,2025,month,2025-01,Subtotal,67696.8006,Subtotal
Chubut,informacion_consolidada2025_5.xlsx,enero,2025,month,2025-01,Total | (1) + (2),71542.45958400001,Total | (1) + (2)
Chubut,informacion_consolidada2025_5.xlsx,enero,2025,month,2025-01,Total | Recursos | Origen Nacional | (1),70493.08110000001,Total | Recursos | Origen Nacional | (1)
Chubut,informacion_consolidada2025_5.xlsx,enero,2025,month,2025-01,Transfer. | De Servicios | Ley | Nº 24.049,2.0167,Transfer. | De Servicios | Ley | Nº 24.049
Chubut,informacion_consolidada2025_5.xlsx,enero,2025,month,2025-01,Vialidad | Provincial,395.7212,Vialidad | Provincial
Chubut,informacion_consolidada2025_5.xlsx,febrero,2025,month,2025-02,C.F.I. | Neta De | Ley Nº 26.075,62416.3149,CFI | Neta
Chubut,informacion_consolidada2025_5.xlsx,febrero,2025,month,2025-02,Compensación | Consenso Fiscal | II. a y b; II. d y e | (2),953.9804399999999,Compensación Consenso Fiscal
Chubut,informacion_consolidada2025_5.xlsx,febrero,2025,month,2025-02,F.E.D.E.I.,211.17048,F.E.D.E.I.
Chubut,informacion_consolidada2025_5.xlsx,febrero,2025,month,2025-02,F.E.D.E.I.,126.5525735790369,F.E.D.E.I.
Chubut,informacion_consolidada2025_5.xlsx,febrero,2025,month,2025-02,Financ. | Educativo | Ley Nº 26.075,0.0,Financiamiento Educativo
Chubut,informacion_consolidada2025_5.xlsx,febrero,2025,month,2025-02,Fondo | Compens. | de | Desequilib.,3.0,Fondo | Compens. | de | Desequilib.
Chubut,informacion_consolidada2025_5.xlsx,febrero,2025,month,2025-02,I.V.A. | Ley Nº 23.966 | Art. 5 | Punto 2,470.1388,I.V.A. | Ley Nº 23.966 | Art. 5 | Punto 2
Chubut,informacion_consolidada2025_5.xlsx,febrero,2025,month,2025-02,Impuesto a los Combustibles Líquidos | Ley Nº 23.966 y Nº 24.699 | Obras de | Infraestr.,148.106,Impuesto a los Combustibles Líquidos | Ley Nº 23.966 y Nº 24.699 | Obras de | Infraestr.
Chubut,informacion_consolidada2025_5.xlsx,febrero,2025,month,2025-02,Impuesto s/ | Los Activos | Fdo. Educ. | Ley Nº 23.906,0.0,Impuesto s/ | Los Activos | Fdo. Educ. | Ley Nº 23.906
Chubut,informacion_consolidada2025_5.xlsx,febrero,2025,month,2025-02,Impuesto sobre los | Bienes Personales | Ley | Nº 24.699,558.7213,Impuesto sobre los | Bienes Personales | Ley | Nº 24.699
Chubut,informacion_consolidada2025_5.xlsx,febrero,2025,month,2025-02,Ley Nº 23.966 | Art. 30,62.025800000000004,Ley Nº 23.966 | Art. 30
Chubut,informacion_consolidada2025_5.xlsx,febrero,2025,month,2025-02,Ley Nº 24.464 | FO.NA.VI.,1462.8331,Ley Nº 24.464 | FO.NA.VI.
Chubut,informacion_consolidada2025_5.xlsx,febrero,2025,month,2025-02,Reg.Simplif. | P/Peq.Contrib. | Ley Nº 24.977 | Aart. 59 Inc. A,195.836,Reg.Simplif. | P/Peq.Contrib. | Ley Nº 24.977 | Aart. 59 Inc. A
Chubut,informacion_consolidada2025_5.xlsx,febrero,2025,month,2025-02,Régimen de la Energía Eléctrica | L E Y Nº 2 4 . 0 6 5 | Fdo. P/Comp. | Tarifa Elect.,204.73373877638394,Régimen de la Energía Eléctrica | L E Y Nº 2 4 . 0 6 5 | Fdo. P/Comp. | Tarifa Elect.
Chubut,informacion_consolidada2025_5.xlsx,febrero,2025,month,2025-02,Subtotal,62416.3149,Subtotal
Chubut,informacion_consolidada2025_5.xlsx,febrero,2025,month,2025-02,Subtotal,62418.3316,Subtotal
Chubut,informacion_consolidada2025_5.xlsx,febrero,2025,month,2025-02,Total | (1) + (2),67313.91673235543,Total | (1) + (2)
Chubut,informacion_consolidada2025_5.xlsx,febrero,2025,month,2025-02,Total | Recursos | Origen Nacional | (1),66359.93629235543,Total | Recursos | Origen Nacional | (1)
Chubut,informacion_consolidada2025_5.xlsx,febrero,2025,month,2025-02,Transfer. | De Servicios | Ley | Nº 24.049,2.0167,Transfer. | De Servicios | Ley | Nº 24.049
Chubut,informacion_consolidada2025_5.xlsx,febrero,2025,month,2025-02,Vialidad | Provincial,498.48690000000005,Vialidad | Provincial
Chubut,informacion_consolidada2025_5.xlsx,marzo,2025,month,2025-03,C.F.I. | Neta De | Ley Nº 26.075,52443.5405,CFI | Neta
Chubut,informacion_consolidada2025_5.xlsx,marzo,2025,month,2025-03,Compensación | Consenso Fiscal | II. a y b; II. d y e | (2),858.5823959999999,Compensación Consenso Fiscal
Chubut,informacion_consolidada2025_5.xlsx,marzo,2025,month,2025-03,F.E.D.E.I.,122.50280383,F.E.D.E.I.
Chubut,informacion_consolidada2025_5.xlsx,marzo,2025,month,2025-03,F.E.D.E.I.,214.6601275377028,F.E.D.E.I.
Chubut,informacion_consolidada2025_5.xlsx,marzo,2025,month,2025-03,Financ. | Educativo | Ley Nº 26.075,4071.3560115999994,Financiamiento Educativo
Chubut,informacion_consolidada2025_5.xlsx,marzo,2025,month,2025-03,Fondo | Compens. | de | Desequilib.,3.0,Fondo | Compens. | de | Desequilib.
Chubut,informacion_consolidada2025_5.xlsx,marzo,2025,month,2025-03,I.V.A. | Ley Nº 23.966 | Art. 5 | Punto 2,439.7865,I.V.A. | Ley Nº 23.966 | Art. 5 | Punto 2
Chubut,informacion_consolidada2025_5.xlsx,marzo,2025,month,2025-03,Impuesto a los Combustibles Líquidos | Ley Nº 23.966 y Nº 24.699 | Obras de | Infraestr.,135.268,Impuesto a los Combustibles Líquidos | Ley Nº 23.966 y Nº 24.699 | Obras de | Infraestr.
Chubut,informacion_consolidada2025_5.xlsx,marzo,2025,month,2025-03,Impuesto s/ | Los Activos | Fdo. Educ. | Ley Nº 23.906,0.0,Impuesto s/ | Los Activos | Fdo. Educ. | Ley Nº 23.906
Chubut,informacion_consolidada2025_5.xlsx,marzo,2025,month,2025-03,Impuesto sobre los | Bienes Personales | Ley | Nº 24.699,255.4903,Impuesto sobre los | Bienes Personales | Ley | Nº 24.699
Chubut,informacion_consolidada2025_5.xlsx,marzo,2025,month,2025-03,Ley Nº 23.966 | Art. 30,28.363,Ley Nº 23.966 | Art. 30
Chubut,informacion_consolidada2025_5.xlsx,marzo,2025,month,2025-03,Ley Nº 24.464 | FO.NA.VI.,1336.0323999999998,Ley Nº 24.464 | FO.NA.VI.
Chubut,informacion_consolidada2025_5.xlsx,marzo,2025,month,2025-03,Reg.Simplif. | P/Peq.Contrib. | Ley Nº 24.977 | Aart. 59 Inc. A,210.6796,Reg.Simplif. | P/Peq.Contrib. | Ley Nº 24.977 | Aart. 59 Inc. A
Chubut,informacion_consolidada2025_5.xlsx,marzo,2025,month,2025-03,Régimen de la Energía Eléctrica | L E Y Nº 2 4 . 0 6 5 | Fdo. P/Comp. | Tarifa Elect.,350.1682917845599,Régimen de la Energía Eléctrica | L E Y Nº 2 4 . 0 6 5 | Fdo. P/Comp. | Tarifa Elect.
Chubut,informacion_consolidada2025_5.xlsx,marzo,2025,month,2025-03,Subtotal,56514.8965116,Subtotal
Chubut,informacion_consolidada2025_5.xlsx,marzo,2025,month,2025-03,Subtotal,56516.913211600004,Subtotal
Chubut,informacion_consolidada2025_5.xlsx,marzo,2025,month,2025-03,Total | (1) + (2),60926.72383075226,Total | (1) + (2)
Chubut,informacion_consolidada2025_5.xlsx,marzo,2025,month,2025-03,Total | Recursos | Origen Nacional | (1),60068.14143475226,Total | Recursos | Origen Nacional | (1)
Chubut,informacion_consolidada2025_5.xlsx,marzo,2025,month,2025-03,Transfer. | De Servicios | Ley | Nº 24.049,2.0167,Transfer. | De Servicios | Ley | Nº 24.049
Chubut,informacion_consolidada2025_5.xlsx,marzo,2025,month,2025-03,Vialidad | Provincial,455.2772,Vialidad | Provincial
Chubut,informacion_consolidada2025_5.xlsx,abril,2025,month,2025-04,C.F.I. | Neta De | Ley Nº 26.075,44468.4396,CFI | Neta
Chubut,informacion_consolidada2025_5.xlsx,abril,2025,month,2025-04,Compensación | Consenso Fiscal | II. a y b; II. d y e | (2),1268.413115,Compensación Consenso Fiscal
Chubut,informacion_consolidada2025_5.xlsx,abril,2025,month,2025-04,F.E.D.E.I.,154.48736553675204,F.E.D.E.I.
Chubut,informacion_consolidada2025_5.xlsx,abril,2025,month,2025-04,F.E.D.E.I.,185.1509737013482,F.E.D.E.I.
Chubut,informacion_consolidada2025_5.xlsx,abril,2025,month,2025-04,Financ. | Educativo | Ley Nº 26.075,16285.424046400005,Financiamiento Educativo
Chubut,informacion_consolidada2025_5.xlsx,abril,2025,month,2025-04,Fondo | Compens. | de | Desequilib.,3.0,Fondo | Compens. | de | Desequilib.
Chubut,informacion_consolidada2025_5.xlsx,abril,2025,month,2025-04,I.V.A. | Ley Nº 23.966 | Art. 5 | Punto 2,469.7807,I.V.A. | Ley Nº 23.966 | Art. 5 | Punto 2
Chubut,informacion_consolidada2025_5.xlsx,abril,2025,month,2025-04,Impuesto a los Combustibles Líquidos | Ley Nº 23.966 y Nº 24.699 | Obras de | Infraestr.,150.1961,Impuesto a los Combustibles Líquidos | Ley Nº 23.966 y Nº 24.699 | Obras de | Infraestr.
Chubut,informacion_consolidada2025_5.xlsx,abril,2025,month,2025-04,Impuesto s/ | Los Activos | Fdo. Educ. | Ley Nº 23.906,0.0,Impuesto s/ | Los Activos | Fdo. Educ. | Ley Nº 23.906
Chubut,informacion_consolidada2025_5.xlsx,abril,2025,month,2025-04,Impuesto sobre los | Bienes Personales | Ley | Nº 24.699,477.7502,Impuesto sobre los | Bienes Personales | Ley | Nº 24.699
Chubut,informacion_consolidada2025_5.xlsx,abril,2025,month,2025-04,Ley Nº 23.966 | Art. 30,53.0369,Ley Nº 23.966 | Art. 30
Chubut,informacion_consolidada2025_5.xlsx,abril,2025,month,2025-04,Ley Nº 24.464 | FO.NA.VI.,1483.4769,Ley Nº 24.464 | FO.NA.VI.
Chubut,informacion_consolidada2025_5.xlsx,abril,2025,month,2025-04,Reg.Simplif. | P/Peq.Contrib. | Ley Nº 24.977 | Aart. 59 Inc. A,215.8448,Reg.Simplif. | P/Peq.Contrib. | Ley Nº 24.977 | Aart. 59 Inc. A
Chubut,informacion_consolidada2025_5.xlsx,abril,2025,month,2025-04,Régimen de la Energía Eléctrica | L E Y Nº 2 4 . 0 6 5 | Fdo. P/Comp. | Tarifa Elect.,297.1064050485586,Régimen de la Energía Eléctrica | L E Y Nº 2 4 . 0 6 5 | Fdo. P/Comp. | Tarifa Elect.
Chubut,informacion_consolidada2025_5.xlsx,abril,2025,month,2025-04,Subtotal,60753.8636464,Subtotal
Chubut,informacion_consolidada2025_5.xlsx,abril,2025,month,2025-04,Subtotal,60755.8803464,Subtotal
Chubut,informacion_consolidada2025_5.xlsx,abril,2025,month,2025-04,Total | (1) + (2),66019.64550568667,Total | (1) + (2)
Chubut,informacion_consolidada2025_5.xlsx,abril,2025,month,2025-04,Total | Recursos | Origen Nacional | (1),64751.232390686666,Total | Recursos | Origen Nacional | (1)
Chubut,informacion_consolidada2025_5.xlsx,abril,2025,month,2025-04,Transfer. | De Servicios | Ley | Nº 24.049,2.0167,Transfer. | De Servicios | Ley | Nº 24.049
Chubut,informacion_consolidada2025_5.xlsx,abril,2025,month,2025-04,Vialidad | Provincial,505.5217,Vialidad | Provincial
Chubut,informacion_consolidada2025_5.xlsx,mayo,2025,month,2025-05,C.F.I. | Neta De | Ley Nº 26.075,62145.5232,CFI | Neta
Chubut,informacion_consolidada2025_5.xlsx,mayo,2025,month,2025-05,Compensación | Consenso Fiscal | II. a y b; II. d y e | (2),1335.1716999999999,Compensación Consenso Fiscal
Chubut,informacion_consolidada2025_5.xlsx,mayo,2025,month,2025-05,F.E.D.E.I.,297.8299547364682,F.E.D.E.I.
Chubut,informacion_consolidada2025_5.xlsx,mayo,2025,month,2025-05,F.E.D.E.I.,689.0219302782345,F.E.D.E.I.
Chubut,informacion_consolidada2025_5.xlsx,mayo,2025,month,2025-05,Financ. | Educativo | Ley Nº 26.075,16794.343547850014,Financiamiento Educativo
Chubut,informacion_consolidada2025_5.xlsx,mayo,2025,month,2025-05,Fondo | Compens. | de | Desequilib.,3.0,Fondo | Compens. | de | Desequilib.
Chubut,informacion_consolidada2025_5.xlsx,mayo,2025,month,2025-05,I.V.A. | Ley Nº 23.966 | Art. 5 | Punto 2,440.4568,I.V.A. | Ley Nº 23.966 | Art. 5 | Punto 2
Chubut,informacion_consolidada2025_5.xlsx,mayo,2025,month,2025-05,Impuesto a los Combustibles Líquidos | Ley Nº 23.966 y Nº 24.699 | Obras de | Infraestr.,163.4243,Impuesto a los Combustibles Líquidos | Ley Nº 23.966 y Nº 24.699 | Obras de | Infraestr.
Chubut,informacion_consolidada2025_5.xlsx,mayo,2025,month,2025-05,Impuesto s/ | Los Activos | Fdo. Educ. | Ley Nº 23.906,0.0,Impuesto s/ | Los Activos | Fdo. Educ. | Ley Nº 23.906
Chubut,informacion_consolidada2025_5.xlsx,mayo,2025,month,2025-05,Impuesto sobre los | Bienes Personales | Ley | Nº 24.699,329.8771,Impuesto sobre los | Bienes Personales | Ley | Nº 24.699
Chubut,informacion_consolidada2025_5.xlsx,mayo,2025,month,2025-05,Ley Nº 23.966 | Art. 30,36.6209,Ley Nº 23.966 | Art. 30
Chubut,informacion_consolidada2025_5.xlsx,mayo,2025,month,2025-05,Ley Nº 24.464 | FO.NA.VI.,1614.1308000000001,Ley Nº 24.464 | FO.NA.VI.
Chubut,informacion_consolidada2025_5.xlsx,mayo,2025,month,2025-05,Reg.Simplif. | P/Peq.Contrib. | Ley Nº 24.977 | Aart. 59 Inc. A,226.5579,Reg.Simplif. | P/Peq.Contrib. | Ley Nº 24.977 | Aart. 59 Inc. A
Chubut,informacion_consolidada2025_5.xlsx,mayo,2025,month,2025-05,Régimen de la Energía Eléctrica | L E Y Nº 2 4 . 0 6 5 | Fdo. P/Comp. | Tarifa Elect.,499.7486611295255,Régimen de la Energía Eléctrica | L E Y Nº 2 4 . 0 6 5 | Fdo. P/Comp. | Tarifa Elect.
Chubut,informacion_consolidada2025_5.xlsx,mayo,2025,month,2025-05,Subtotal,78939.86674785001,Subtotal
Chubut,informacion_consolidada2025_5.xlsx,mayo,2025,month,2025-05,Subtotal,78941.88344785,Subtotal
Chubut,informacion_consolidada2025_5.xlsx,mayo,2025,month,2025-05,Total | (1) + (2),85127.76779399424,Total | (1) + (2)
Chubut,informacion_consolidada2025_5.xlsx,mayo,2025,month,2025-05,Total | Recursos | Origen Nacional | (1),83792.59609399423,Total | Recursos | Origen Nacional | (1)
Chubut,informacion_consolidada2025_5.xlsx,mayo,2025,month,2025-05,Transfer. | De Servicios | Ley | Nº 24.049,2.0167,Transfer. | De Servicios | Ley | Nº 24.049
Chubut,informacion_consolidada2025_5.xlsx,mayo,2025,month,2025-05,Vialidad | Provincial,550.0443,Vialidad | Provincial
Chubut,informacion_consolidada2025_5.xlsx,junio,2025,month,2025-06,C.F.I. | Neta De | Ley Nº 26.075,50607.168399999995,CFI | Neta
Chubut,informacion_consolidada2025_5.xlsx,junio,2025,month,2025-06,Compensación | Consenso Fiscal | II. a y b; II. d y e | (2),1268.413115,Compensación Consenso Fiscal
Chubut,informacion_consolidada2025_5.xlsx,junio,2025,month,2025-06,F.E.D.E.I.,170.4315557976716,F.E.D.E.I.
Chubut,informacion_consolidada2025_5.xlsx,junio,2025,month,2025-06,F.E.D.E.I.,197.53339000494708,F.E.D.E.I.
Chubut,informacion_consolidada2025_5.xlsx,junio,2025,month,2025-06,Financ. | Educativo | Ley Nº 26.075,16285.424046400012,Financiamiento Educativo
Chubut,informacion_consolidada2025_5.xlsx,junio,2025,month,2025-06,Fondo | Compens. | de | Desequilib.,3.0,Fondo | Compens. | de | Desequilib.
Chubut,informacion_consolidada2025_5.xlsx,junio,2025,month,2025-06,I.V.A. | Ley Nº 23.966 | Art. 5 | Punto 2,510.94309999999996,I.V.A. | Ley Nº 23.966 | Art. 5 | Punto 2
Chubut,informacion_consolidada2025_5.xlsx,junio,2025,month,2025-06,Impuesto a los Combustibles Líquidos | Ley Nº 23.966 y Nº 24.699 | Obras de | Infraestr.,176.49779999999998,Impuesto a los Combustibles Líquidos | Ley Nº 23.966 y Nº 24.699 | Obras de | Infraestr.
Chubut,informacion_consolidada2025_5.xlsx,junio,2025,month,2025-06,Impuesto s/ | Los Activos | Fdo. Educ. | Ley Nº 23.906,0.0,Impuesto s/ | Los Activos | Fdo. Educ. | Ley Nº 23.906
Chubut,informacion_consolidada2025_5.xlsx,junio,2025,month,2025-06,Impuesto sobre los | Bienes Personales | Ley | Nº 24.699,9617.4369,Impuesto sobre los | Bienes Personales | Ley | Nº 24.699
Chubut,informacion_consolidada2025_5.xlsx,junio,2025,month,2025-06,Ley Nº 23.966 | Art. 30,1067.6689,Ley Nº 23.966 | Art. 30
Chubut,informacion_consolidada2025_5.xlsx,junio,2025,month,2025-06,Ley Nº 24.464 | FO.NA.VI.,1743.2563,Ley Nº 24.464 | FO.NA.VI.
Chubut,informacion_consolidada2025_5.xlsx,junio,2025,month,2025-06,Reg.Simplif. | P/Peq.Contrib. | Ley Nº 24.977 | Aart. 59 Inc. A,231.2461,Reg.Simplif. | P/Peq.Contrib. | Ley Nº 24.977 | Aart. 59 Inc. A
Chubut,informacion_consolidada2025_5.xlsx,junio,2025,month,2025-06,Régimen de la Energía Eléctrica | L E Y Nº 2 4 . 0 6 5 | Fdo. P/Comp. | Tarifa Elect.,1019.9939141891654,Régimen de la Energía Eléctrica | L E Y Nº 2 4 . 0 6 5 | Fdo. P/Comp. | Tarifa Elect.
Chubut,informacion_consolidada2025_5.xlsx,junio,2025,month,2025-06,Subtotal,66892.59244640001,Subtotal
Chubut,informacion_consolidada2025_5.xlsx,junio,2025,month,2025-06,Subtotal,66894.6091464,Subtotal
Chubut,informacion_consolidada2025_5.xlsx,junio,2025,month,2025-06,Total | (1) + (2),83495.07642139179,Total | (1) + (2)
Chubut,informacion_consolidada2025_5.xlsx,junio,2025,month,2025-06,Total | Recursos | Origen Nacional | (1),82226.66330639178,Total | Recursos | Origen Nacional | (1)
Chubut,informacion_consolidada2025_5.xlsx,junio,2025,month,2025-06,Transfer. | De Servicios | Ley | Nº 24.049,2.0167,Transfer. | De Servicios | Ley | Nº 24.049
Chubut,informacion_consolidada2025_5.xlsx,junio,2025,month,2025-06,Vialidad | Provincial,594.0462,Vialidad | Provincial
Chubut,informacion_consolidada2025_5.xlsx,julio,2025,month,2025-07,C.F.I. | Neta De | Ley Nº 26.075,52497.91,CFI | Neta
Chubut,informacion_consolidada2025_5.xlsx,julio,2025,month,2025-07,Compensación | Consenso Fiscal | II. a y b; II. d y e | (2),1653.9531359999999,Compensación Consenso Fiscal
Chubut,informacion_consolidada2025_5.xlsx,julio,2025,month,2025-07,F.E.D.E.I.,184.20792872675304,F.E.D.E.I.
Chubut,informacion_consolidada2025_5.xlsx,julio,2025,month,2025-07,F.E.D.E.I.,316.00898731146884,F.E.D.E.I.
Chubut,informacion_consolidada2025_5.xlsx,julio,2025,month,2025-07,Financ. | Educativo | Ley Nº 26.075,17812.182550749938,Financiamiento Educativo
Chubut,informacion_consolidada2025_5.xlsx,julio,2025,month,2025-07,Fondo | Compens. | de | Desequilib.,3.0,Fondo | Compens. | de | Desequilib.
Chubut,informacion_consolidada2025_5.xlsx,julio,2025,month,2025-07,I.V.A. | Ley Nº 23.966 | Art. 5 | Punto 2,514.1849,I.V.A. | Ley Nº 23.966 | Art. 5 | Punto 2
Chubut,informacion_consolidada2025_5.xlsx,julio,2025,month,2025-07,Impuesto a los Combustibles Líquidos | Ley Nº 23.966 y Nº 24.699 | Obras de | Infraestr.,157.7163,Impuesto a los Combustibles Líquidos | Ley Nº 23.966 y Nº 24.699 | Obras de | Infraestr.
Chubut,informacion_consolidada2025_5.xlsx,julio,2025,month,2025-07,Impuesto s/ | Los Activos | Fdo. Educ. | Ley Nº 23.906,0.0,Impuesto s/ | Los Activos | Fdo. Educ. | Ley Nº 23.906
Chubut,informacion_consolidada2025_5.xlsx,julio,2025,month,2025-07,Impuesto sobre los | Bienes Personales | Ley | Nº 24.699,873.5753000000001,Impuesto sobre los | Bienes Personales | Ley | Nº 24.699
Chubut,informacion_consolidada2025_5.xlsx,julio,2025,month,2025-07,Ley Nº 23.966 | Art. 30,96.979,Ley Nº 23.966 | Art. 30
Chubut,informacion_consolidada2025_5.xlsx,julio,2025,month,2025-07,Ley Nº 24.464 | FO.NA.VI.,1557.7529,Ley Nº 24.464 | FO.NA.VI.
Chubut,informacion_consolidada2025_5.xlsx,julio,2025,month,2025-07,Reg.Simplif. | P/Peq.Contrib. | Ley Nº 24.977 | Aart. 59 Inc. A,233.8108,Reg.Simplif. | P/Peq.Contrib. | Ley Nº 24.977 | Aart. 59 Inc. A
Chubut,informacion_consolidada2025_5.xlsx,julio,2025,month,2025-07,Régimen de la Energía Eléctrica | L E Y Nº 2 4 . 0 6 5 | Fdo. P/Comp. | Tarifa Elect.,601.5515330877155,Régimen de la Energía Eléctrica | L E Y Nº 2 4 . 0 6 5 | Fdo. P/Comp. | Tarifa Elect.
Chubut,informacion_consolidada2025_5.xlsx,julio,2025,month,2025-07,Subtotal,70310.09255074995,Subtotal
Chubut,informacion_consolidada2025_5.xlsx,julio,2025,month,2025-07,Subtotal,70312.10925074994,Subtotal
Chubut,informacion_consolidada2025_5.xlsx,julio,2025,month,2025-07,Total | (1) + (2),77035.68263587587,Total | (1) + (2)
Chubut,informacion_consolidada2025_5.xlsx,julio,2025,month,2025-07,Total | Recursos | Origen Nacional | (1),75381.72949987587,Total | Recursos | Origen Nacional | (1)
Chubut,informacion_consolidada2025_5.xlsx,julio,2025,month,2025-07,Transfer. | De Servicios | Ley | Nº 24.049,2.0167,Transfer. | De Servicios | Ley | Nº 24.049
Chubut,informacion_consolidada2025_5.xlsx,julio,2025,month,2025-07,Vialidad | Provincial,530.8326,Vialidad | Provincial
Chubut,informacion_consolidada2025_5.xlsx,agosto,2025,month,2025-08,C.F.I. | Neta De | Ley Nº 26.075,61373.0651,CFI | Neta
Chubut,informacion_consolidada2025_5.xlsx,agosto,2025,month,2025-08,Compensación | Consenso Fiscal | II. a y b; II. d y e | (2),1503.59376,Compensación Consenso Fiscal
Chubut,informacion_consolidada2025_5.xlsx,agosto,2025,month,2025-08,F.E.D.E.I.,164.30560818124977,F.E.D.E.I.
Chubut,informacion_consolidada2025_5.xlsx,agosto,2025,month,2025-08,F.E.D.E.I.,218.00810363910415,F.E.D.E.I.
Chubut,informacion_consolidada2025_5.xlsx,agosto,2025,month,2025-08,Financ. | Educativo | Ley Nº 26.075,10178.39002899994,Financiamiento Educativo
Chubut,informacion_consolidada2025_5.xlsx,agosto,2025,month,2025-08,Fondo | Compens. | de | Desequilib.,3.0,Fondo | Compens. | de | Desequilib.
Chubut,informacion_consolidada2025_5.xlsx,agosto,2025,month,2025-08,I.V.A. | Ley Nº 23.966 | Art. 5 | Punto 2,524.8808,I.V.A. | Ley Nº 23.966 | Art. 5 | Punto 2
Chubut,informacion_consolidada2025_5.xlsx,agosto,2025,month,2025-08,Impuesto a los Combustibles Líquidos | Ley Nº 23.966 y Nº 24.699 | Obras de | Infraestr.,186.458,Impuesto a los Combustibles Líquidos | Ley Nº 23.966 y Nº 24.699 | Obras de | Infraestr.
Chubut,informacion_consolidada2025_5.xlsx,agosto,2025,month,2025-08,Impuesto s/ | Los Activos | Fdo. Educ. | Ley Nº 23.906,0.07790055000000001,Impuesto s/ | Los Activos | Fdo. Educ. | Ley Nº 23.906
Chubut,informacion_consolidada2025_5.xlsx,agosto,2025,month,2025-08,Impuesto sobre los | Bienes Personales | Ley | Nº 24.699,901.5188,Impuesto sobre los | Bienes Personales | Ley | Nº 24.699
Chubut,informacion_consolidada2025_5.xlsx,agosto,2025,month,2025-08,Ley Nº 23.966 | Art. 30,100.0811,Ley Nº 23.966 | Art. 30
Chubut,informacion_consolidada2025_5.xlsx,agosto,2025,month,2025-08,Ley Nº 24.464 | FO.NA.VI.,1841.6325,Ley Nº 24.464 | FO.NA.VI.
Chubut,informacion_consolidada2025_5.xlsx,agosto,2025,month,2025-08,Reg.Simplif. | P/Peq.Contrib. | Ley Nº 24.977 | Aart. 59 Inc. A,333.0412,Reg.Simplif. | P/Peq.Contrib. | Ley Nº 24.977 | Aart. 59 Inc. A
Chubut,informacion_consolidada2025_5.xlsx,agosto,2025,month,2025-08,Régimen de la Energía Eléctrica | L E Y Nº 2 4 . 0 6 5 | Fdo. P/Comp. | Tarifa Elect.,389.92246965607217,Régimen de la Energía Eléctrica | L E Y Nº 2 4 . 0 6 5 | Fdo. P/Comp. | Tarifa Elect.
Chubut,informacion_consolidada2025_5.xlsx,agosto,2025,month,2025-08,Subtotal,71551.45512899994,Subtotal
Chubut,informacion_consolidada2025_5.xlsx,agosto,2025,month,2025-08,Subtotal,71553.47182899993,Subtotal
Chubut,informacion_consolidada2025_5.xlsx,agosto,2025,month,2025-08,Total | (1) + (2),78347.56177102636,Total | (1) + (2)
Chubut,informacion_consolidada2025_5.xlsx,agosto,2025,month,2025-08,Total | Recursos | Origen Nacional | (1),76843.96801102636,Total | Recursos | Origen Nacional | (1)
Chubut,informacion_consolidada2025_5.xlsx,agosto,2025,month,2025-08,Transfer. | De Servicios | Ley | Nº 24.049,2.0167,Transfer. | De Servicios | Ley | Nº 24.049
Chubut,informacion_consolidada2025_5.xlsx,agosto,2025,month,2025-08,Vialidad | Provincial,627.5696999999999,Vialidad | Provincial
Chubut,informacion_consolidada2025_5.xlsx,septiembre,2025,month,2025-09,C.F.I. | Neta De | Ley Nº 26.075,59457.53920000001,CFI | Neta
Chubut,informacion_consolidada2025_5.xlsx,septiembre,2025,month,2025-09,Compensación | Consenso Fiscal | II. a y b; II. d y e | (2),1653.9531359999999,Compensación Consenso Fiscal
Chubut,informacion_consolidada2025_5.xlsx,septiembre,2025,month,2025-09,F.E.D.E.I.,194.50579899925015,F.E.D.E.I.
Chubut,informacion_consolidada2025_5.xlsx,septiembre,2025,month,2025-09,F.E.D.E.I.,271.4380040239246,F.E.D.E.I.
Chubut,informacion_consolidada2025_5.xlsx,septiembre,2025,month,2025-09,Financ. | Educativo | Ley Nº 26.075,11196.229031899933,Financiamiento Educativo
Chubut,informacion_consolidada2025_5.xlsx,septiembre,2025,month,2025-09,Fondo | Compens. | de | Desequilib.,3.0,Fondo | Compens. | de | Desequilib.
Chubut,informacion_consolidada2025_5.xlsx,septiembre,2025,month,2025-09,I.V.A. | Ley Nº 23.966 | Art. 5 | Punto 2,548.81,I.V.A. | Ley Nº 23.966 | Art. 5 | Punto 2
Chubut,informacion_consolidada2025_5.xlsx,septiembre,2025,month,2025-09,Impuesto a los Combustibles Líquidos | Ley Nº 23.966 y Nº 24.699 | Obras de | Infraestr.,192.86370000000002,Impuesto a los Combustibles Líquidos | Ley Nº 23.966 y Nº 24.699 | Obras de | Infraestr.
Chubut,informacion_consolidada2025_5.xlsx,septiembre,2025,month,2025-09,Impuesto s/ | Los Activos | Fdo. Educ. | Ley Nº 23.906,0.0,Impuesto s/ | Los Activos | Fdo. Educ. | Ley Nº 23.906
Chubut,informacion_consolidada2025_5.xlsx,septiembre,2025,month,2025-09,Impuesto sobre los | Bienes Personales | Ley | Nº 24.699,807.9774,Impuesto sobre los | Bienes Personales | Ley | Nº 24.699
Chubut,informacion_consolidada2025_5.xlsx,septiembre,2025,month,2025-09,Ley Nº 23.966 | Art. 30,89.69669999999999,Ley Nº 23.966 | Art. 30
Chubut,informacion_consolidada2025_5.xlsx,septiembre,2025,month,2025-09,Ley Nº 24.464 | FO.NA.VI.,1904.9018,Ley Nº 24.464 | FO.NA.VI.
Chubut,informacion_consolidada2025_5.xlsx,septiembre,2025,month,2025-09,Reg.Simplif. | P/Peq.Contrib. | Ley Nº 24.977 | Aart. 59 Inc. A,351.4624,Reg.Simplif. | P/Peq.Contrib. | Ley Nº 24.977 | Aart. 59 Inc. A
Chubut,informacion_consolidada2025_5.xlsx,septiembre,2025,month,2025-09,Régimen de la Energía Eléctrica | L E Y Nº 2 4 . 0 6 5 | Fdo. P/Comp. | Tarifa Elect.,481.818056778015,Régimen de la Energía Eléctrica | L E Y Nº 2 4 . 0 6 5 | Fdo. P/Comp. | Tarifa Elect.
Chubut,informacion_consolidada2025_5.xlsx,septiembre,2025,month,2025-09,Subtotal,70653.76823189994,Subtotal
Chubut,informacion_consolidada2025_5.xlsx,septiembre,2025,month,2025-09,Subtotal,70655.78493189994,Subtotal
Chubut,informacion_consolidada2025_5.xlsx,septiembre,2025,month,2025-09,Total | (1) + (2),77805.34172770113,Total | (1) + (2)
Chubut,informacion_consolidada2025_5.xlsx,septiembre,2025,month,2025-09,Total | Recursos | Origen Nacional | (1),76151.38859170114,Total | Recursos | Origen Nacional | (1)
Chubut,informacion_consolidada2025_5.xlsx,septiembre,2025,month,2025-09,Transfer. | De Servicios | Ley | Nº 24.049,2.0167,Transfer. | De Servicios | Ley | Nº 24.049
Chubut,informacion_consolidada2025_5.xlsx,septiembre,2025,month,2025-09,Vialidad | Provincial,649.1298,Vialidad | Provincial
Chubut,informacion_consolidada2025_5.xlsx,octubre,2025,month,2025-10,C.F.I. | Neta De | Ley Nº 26.075,64766.869,CFI | Neta
Chubut,informacion_consolidada2025_5.xlsx,octubre,2025,month,2025-10,Compensación | Consenso Fiscal | II. a y b; II. d y e | (2),1873.662142,Compensación Consenso Fiscal
Chubut,informacion_consolidada2025_5.xlsx,octubre,2025,month,2025-10,F.E.D.E.I.,201.2245110092855,F.E.D.E.I.
Chubut,informacion_consolidada2025_5.xlsx,octubre,2025,month,2025-10,F.E.D.E.I.,266.271887253053,F.E.D.E.I.
Chubut,informacion_consolidada2025_5.xlsx,octubre,2025,month,2025-10,Financ. | Educativo | Ley Nº 26.075,11705.14853334993,Financiamiento Educativo
Chubut,informacion_consolidada2025_5.xlsx,octubre,2025,month,2025-10,Fondo | Compens. | de | Desequilib.,3.0,Fondo | Compens. | de | Desequilib.
Chubut,informacion_consolidada2025_5.xlsx,octubre,2025,month,2025-10,I.V.A. | Ley Nº 23.966 | Art. 5 | Punto 2,573.5873,I.V.A. | Ley Nº 23.966 | Art. 5 | Punto 2
Chubut,informacion_consolidada2025_5.xlsx,octubre,2025,month,2025-10,Impuesto a los Combustibles Líquidos | Ley Nº 23.966 y Nº 24.699 | Obras de | Infraestr.,185.31560000000002,Impuesto a los Combustibles Líquidos | Ley Nº 23.966 y Nº 24.699 | Obras de | Infraestr.
Chubut,informacion_consolidada2025_5.xlsx,octubre,2025,month,2025-10,Impuesto s/ | Los Activos | Fdo. Educ. | Ley Nº 23.906,0.0,Impuesto s/ | Los Activos | Fdo. Educ. | Ley Nº 23.906
Chubut,informacion_consolidada2025_5.xlsx,octubre,2025,month,2025-10,Impuesto sobre los | Bienes Personales | Ley | Nº 24.699,797.7034,Impuesto sobre los | Bienes Personales | Ley | Nº 24.699
Chubut,informacion_consolidada2025_5.xlsx,octubre,2025,month,2025-10,Ley Nº 23.966 | Art. 30,88.5561,Ley Nº 23.966 | Art. 30
Chubut,informacion_consolidada2025_5.xlsx,octubre,2025,month,2025-10,Ley Nº 24.464 | FO.NA.VI.,1830.3491999999999,Ley Nº 24.464 | FO.NA.VI.
Chubut,informacion_consolidada2025_5.xlsx,octubre,2025,month,2025-10,Reg.Simplif. | P/Peq.Contrib. | Ley Nº 24.977 | Aart. 59 Inc. A,368.9069,Reg.Simplif. | P/Peq.Contrib. | Ley Nº 24.977 | Aart. 59 Inc. A
Chubut,informacion_consolidada2025_5.xlsx,octubre,2025,month,2025-10,Régimen de la Energía Eléctrica | L E Y Nº 2 4 . 0 6 5 | Fdo. P/Comp. | Tarifa Elect.,464.55171976097364,Régimen de la Energía Eléctrica | L E Y Nº 2 4 . 0 6 5 | Fdo. P/Comp. | Tarifa Elect.
Chubut,informacion_consolidada2025_5.xlsx,octubre,2025,month,2025-10,Subtotal,76472.01753334992,Subtotal
Chubut,informacion_consolidada2025_5.xlsx,octubre,2025,month,2025-10,Subtotal,76474.03423334991,Subtotal
Chubut,informacion_consolidada2025_5.xlsx,octubre,2025,month,2025-10,Total | (1) + (2),83750.88769337324,Total | (1) + (2)
Chubut,informacion_consolidada2025_5.xlsx,octubre,2025,month,2025-10,Total | Recursos | Origen Nacional | (1),81877.22555137324,Total | Recursos | Origen Nacional | (1)
Chubut,informacion_consolidada2025_5.xlsx,octubre,2025,month,2025-10,Transfer. | De Servicios | Ley | Nº 24.049,2.0167,Transfer. | De Servicios | Ley | Nº 24.049
Chubut,informacion_consolidada2025_5.xlsx,octubre,2025,month,2025-10,Vialidad | Provincial,623.7247,Vialidad | Provincial
Chubut,informacion_consolidada2025_5.xlsx,noviembre,2025,month,2025-11,C.F.I. | Neta De | Ley Nº 26.075,65671.7772,CFI | Neta
Chubut,informacion_consolidada2025_5.xlsx,noviembre,2025,month,2025-11,Compensación | Consenso Fiscal | II. a y b; II. d y e | (2),1447.829837,Compensación Consenso Fiscal
Chubut,informacion_consolidada2025_5.xlsx,noviembre,2025,month,2025-11,F.E.D.E.I.,0.0,F.E.D.E.I.
Chubut,informacion_consolidada2025_5.xlsx,noviembre,2025,month,2025-11,F.E.D.E.I.,0.0,F.E.D.E.I.
Chubut,informacion_consolidada2025_5.xlsx,noviembre,2025,month,2025-11,Financ. | Educativo | Ley Nº 26.075,8651.631524649947,Financiamiento Educativo
Chubut,informacion_consolidada2025_5.xlsx,noviembre,2025,month,2025-11,Fondo | Compens. | de | Desequilib.,3.0,Fondo | Compens. | de | Desequilib.
Chubut,informacion_consolidada2025_5.xlsx,noviembre,2025,month,2025-11,I.V.A. | Ley Nº 23.966 | Art. 5 | Punto 2,537.3519,I.V.A. | Ley Nº 23.966 | Art. 5 | Punto 2
Chubut,informacion_consolidada2025_5.xlsx,noviembre,2025,month,2025-11,Impuesto a los Combustibles Líquidos | Ley Nº 23.966 y Nº 24.699 | Obras de | Infraestr.,196.26170000000002,Impuesto a los Combustibles Líquidos | Ley Nº 23.966 y Nº 24.699 | Obras de | Infraestr.
Chubut,informacion_consolidada2025_5.xlsx,noviembre,2025,month,2025-11,Impuesto s/ | Los Activos | Fdo. Educ. | Ley Nº 23.906,0.0,Impuesto s/ | Los Activos | Fdo. Educ. | Ley Nº 23.906
Chubut,informacion_consolidada2025_5.xlsx,noviembre,2025,month,2025-11,Impuesto sobre los | Bienes Personales | Ley | Nº 24.699,481.97990000000004,Impuesto sobre los | Bienes Personales | Ley | Nº 24.699
Chubut,informacion_consolidada2025_5.xlsx,noviembre,2025,month,2025-11,Ley Nº 23.966 | Art. 30,53.5065,Ley Nº 23.966 | Art. 30
Chubut,informacion_consolidada2025_5.xlsx,noviembre,2025,month,2025-11,Ley Nº 24.464 | FO.NA.VI.,1938.4629,Ley Nº 24.464 | FO.NA.VI.
Chubut,informacion_consolidada2025_5.xlsx,noviembre,2025,month,2025-11,Reg.Simplif. | P/Peq.Contrib. | Ley Nº 24.977 | Aart. 59 Inc. A,363.8665,Reg.Simplif. | P/Peq.Contrib. | Ley Nº 24.977 | Aart. 59 Inc. A
Chubut,informacion_consolidada2025_5.xlsx,noviembre,2025,month,2025-11,Régimen de la Energía Eléctrica | L E Y Nº 2 4 . 0 6 5 | Fdo. P/Comp. | Tarifa Elect.,0.0,Régimen de la Energía Eléctrica | L E Y Nº 2 4 . 0 6 5 | Fdo. P/Comp. | Tarifa Elect.
Chubut,informacion_consolidada2025_5.xlsx,noviembre,2025,month,2025-11,Subtotal,74323.40872464994,Subtotal
Chubut,informacion_consolidada2025_5.xlsx,noviembre,2025,month,2025-11,Subtotal,74325.42542464993,Subtotal
Chubut,informacion_consolidada2025_5.xlsx,noviembre,2025,month,2025-11,Total | (1) + (2),80008.25106164993,Total | (1) + (2)
Chubut,informacion_consolidada2025_5.xlsx,noviembre,2025,month,2025-11,Total | Recursos | Origen Nacional | (1),78560.42122464994,Total | Recursos | Origen Nacional | (1)
Chubut,informacion_consolidada2025_5.xlsx,noviembre,2025,month,2025-11,Transfer. | De Servicios | Ley | Nº 24.049,2.0167,Transfer. | De Servicios | Ley | Nº 24.049
Chubut,informacion_consolidada2025_5.xlsx,noviembre,2025,month,2025-11,Vialidad | Provincial,660.5664,Vialidad | Provincial
Chubut,informacion_consolidada2025_5.xlsx,diciembre,2025,month,2025-12,C.F.I. | Neta De | Ley Nº 26.075,67427.07590000001,CFI | Neta
Chubut,informacion_consolidada2025_5.xlsx,diciembre,2025,month,2025-12,Compensación | Consenso Fiscal | II. a y b; II. d y e | (2),2288.495681,Compensación Consenso Fiscal
Chubut,informacion_consolidada2025_5.xlsx,diciembre,2025,month,2025-12,F.E.D.E.I.,398.09830579827377,F.E.D.E.I.
Chubut,informacion_consolidada2025_5.xlsx,diciembre,2025,month,2025-12,F.E.D.E.I.,570.5366788373401,F.E.D.E.I.
Chubut,informacion_consolidada2025_5.xlsx,diciembre,2025,month,2025-12,Financ. | Educativo | Ley Nº 26.075,10687.309530449937,Financiamiento Educativo
Chubut,informacion_consolidada2025_5.xlsx,diciembre,2025,month,2025-12,Fondo | Compens. | de | Desequilib.,3.0,Fondo | Compens. | de | Desequilib.
Chubut,informacion_consolidada2025_5.xlsx,diciembre,2025,month,2025-12,I.V.A. | Ley Nº 23.966 | Art. 5 | Punto 2,549.9666,I.V.A. | Ley Nº 23.966 | Art. 5 | Punto 2
Chubut,informacion_consolidada2025_5.xlsx,diciembre,2025,month,2025-12,Impuesto a los Combustibles Líquidos | Ley Nº 23.966 y Nº 24.699 | Obras de | Infraestr.,279.1955,Impuesto a los Combustibles Líquidos | Ley Nº 23.966 y Nº 24.699 | Obras de | Infraestr.
Chubut,informacion_consolidada2025_5.xlsx,diciembre,2025,month,2025-12,Impuesto s/ | Los Activos | Fdo. Educ. | Ley Nº 23.906,0.00225716,Impuesto s/ | Los Activos | Fdo. Educ. | Ley Nº 23.906
Chubut,informacion_consolidada2025_5.xlsx,diciembre,2025,month,2025-12,Impuesto sobre los | Bienes Personales | Ley | Nº 24.699,801.946,Impuesto sobre los | Bienes Personales | Ley | Nº 24.699
Chubut,informacion_consolidada2025_5.xlsx,diciembre,2025,month,2025-12,Ley Nº 23.966 | Art. 30,89.0271,Ley Nº 23.966 | Art. 30
Chubut,informacion_consolidada2025_5.xlsx,diciembre,2025,month,2025-12,Ley Nº 24.464 | FO.NA.VI.,2757.5947,Ley Nº 24.464 | FO.NA.VI.
Chubut,informacion_consolidada2025_5.xlsx,diciembre,2025,month,2025-12,Reg.Simplif. | P/Peq.Contrib. | Ley Nº 24.977 | Aart. 59 Inc. A,384.48359999999997,Reg.Simplif. | P/Peq.Contrib. | Ley Nº 24.977 | Aart. 59 Inc. A
Chubut,informacion_consolidada2025_5.xlsx,diciembre,2025,month,2025-12,Régimen de la Energía Eléctrica | L E Y Nº 2 4 . 0 6 5 | Fdo. P/Comp. | Tarifa Elect.,1040.6143542835077,Régimen de la Energía Eléctrica | L E Y Nº 2 4 . 0 6 5 | Fdo. P/Comp. | Tarifa Elect.
Chubut,informacion_consolidada2025_5.xlsx,diciembre,2025,month,2025-12,Subtotal,78114.38543044994,Subtotal
Chubut,informacion_consolidada2025_5.xlsx,diciembre,2025,month,2025-12,Subtotal,78116.40213044993,Subtotal
Chubut,informacion_consolidada2025_5.xlsx,diciembre,2025,month,2025-12,Total | (1) + (2),88219.06330752905,Total | (1) + (2)
Chubut,informacion_consolidada2025_5.xlsx,diciembre,2025,month,2025-12,Total | Recursos | Origen Nacional | (1),85930.56762652905,Total | Recursos | Origen Nacional | (1)
Chubut,informacion_consolidada2025_5.xlsx,diciembre,2025,month,2025-12,Transfer. | De Servicios | Ley | Nº 24.049,2.0167,Transfer. | De Servicios | Ley | Nº 24.049
Chubut,informacion_consolidada2025_5.xlsx,diciembre,2025,month,2025-12,Vialidad | Provincial,939.7004000000001,Vialidad | Provincial
Chubut,informacion_consolidada2025_5.xlsx,CONS,2025,consolidated,CONS,C.F.I. | Neta De | Ley Nº 26.075,710970.0068999999,CFI | Neta
Chubut,informacion_consolidada2025_5.xlsx,CONS,2025,consolidated,CONS,Compensación | Consenso Fiscal | II. a y b; II. d y e | (2),17155.426942,Compensación Consenso Fiscal
Chubut,informacion_consolidada2025_5.xlsx,CONS,2025,consolidated,CONS,F.E.D.E.I.,2098.7643126157036,F.E.D.E.I.
Chubut,informacion_consolidada2025_5.xlsx,CONS,2025,consolidated,CONS,F.E.D.E.I.,3055.1826561661605,F.E.D.E.I.
Chubut,informacion_consolidada2025_5.xlsx,CONS,2025,consolidated,CONS,Financ. | Educativo | Ley Nº 26.075,123667.4386,Financiamiento Educativo
Chubut,informacion_consolidada2025_5.xlsx,CONS,2025,consolidated,CONS,Fondo | Compens. | de | Desequilib.,36.0,Fondo | Compens. | de | Desequilib.
Chubut,informacion_consolidada2025_5.xlsx,CONS,2025,consolidated,CONS,I.V.A. | Ley Nº 23.966 | Art. 5 | Punto 2,6116.7787,I.V.A. | Ley Nº 23.966 | Art. 5 | Punto 2
Chubut,informacion_consolidada2025_5.xlsx,CONS,2025,consolidated,CONS,Impuesto a los Combustibles Líquidos | Ley Nº 23.966 y Nº 24.699 | Obras de | Infraestr.,2088.8762,Impuesto a los Combustibles Líquidos | Ley Nº 23.966 y Nº 24.699 | Obras de | Infraestr.
Chubut,informacion_consolidada2025_5.xlsx,CONS,2025,consolidated,CONS,Impuesto s/ | Los Activos | Fdo. Educ. | Ley Nº 23.906,0.08020000000000001,Impuesto s/ | Los Activos | Fdo. Educ. | Ley Nº 23.906
Chubut,informacion_consolidada2025_5.xlsx,CONS,2025,consolidated,CONS,Impuesto sobre los | Bienes Personales | Ley | Nº 24.699,16306.803900000004,Impuesto sobre los | Bienes Personales | Ley | Nº 24.699
Chubut,informacion_consolidada2025_5.xlsx,CONS,2025,consolidated,CONS,Ley Nº 23.966 | Art. 30,1810.2814,Ley Nº 23.966 | Art. 30
Chubut,informacion_consolidada2025_5.xlsx,CONS,2025,consolidated,CONS,Ley Nº 24.464 | FO.NA.VI.,20631.686,Ley Nº 24.464 | FO.NA.VI.
Chubut,informacion_consolidada2025_5.xlsx,CONS,2025,consolidated,CONS,Reg.Simplif. | P/Peq.Contrib. | Ley Nº 24.977 | Aart. 59 Inc. A,3250.0214,Reg.Simplif. | P/Peq.Contrib. | Ley Nº 24.977 | Aart. 59 Inc. A
Chubut,informacion_consolidada2025_5.xlsx,CONS,2025,consolidated,CONS,Régimen de la Energía Eléctrica | L E Y Nº 2 4 . 0 6 5 | Fdo. P/Comp. | Tarifa Elect.,5350.2092,Régimen de la Energía Eléctrica | L E Y Nº 2 4 . 0 6 5 | Fdo. P/Comp. | Tarifa Elect.
Chubut,informacion_consolidada2025_5.xlsx,CONS,2025,consolidated,CONS,Subtotal,834637.4454999999,Subtotal
Chubut,informacion_consolidada2025_5.xlsx,CONS,2025,consolidated,CONS,Subtotal,834661.6458999999,Subtotal
Chubut,informacion_consolidada2025_5.xlsx,CONS,2025,consolidated,CONS,Total | (1) + (2),919592.3779107819,Total | (1) + (2)
Chubut,informacion_consolidada2025_5.xlsx,CONS,2025,consolidated,CONS,Total | Recursos | Origen Nacional | (1),902436.9509687818,Total | Recursos | Origen Nacional | (1)
Chubut,informacion_consolidada2025_5.xlsx,CONS,2025,consolidated,CONS,Transfer. | De Servicios | Ley | Nº 24.049,24.200400000000005,Transfer. | De Servicios | Ley | Nº 24.049
Chubut,informacion_consolidada2025_5.xlsx,CONS,2025,consolidated,CONS,Vialidad | Provincial,7030.6211,Vialidad | Provincial
Corrientes,informacion_consolidada2025_5.xlsx,enero,2025,month,2025-01,C.F.I. | Neta De | Ley Nº 26.075,159120.23940000002,CFI | Neta
Corrientes,informacion_consolidada2025_5.xlsx,enero,2025,month,2025-01,Compensación | Consenso Fiscal | II. a y b; II. d y e | (2),4515.886716,Compensación Consenso Fiscal
Corrientes,informacion_consolidada2025_5.xlsx,enero,2025,month,2025-01,F.E.D.E.I.,0.0,F.E.D.E.I.
Corrientes,informacion_consolidada2025_5.xlsx,enero,2025,month,2025-01,F.E.D.E.I.,0.0,F.E.D.E.I.
Corrientes,informacion_consolidada2025_5.xlsx,enero,2025,month,2025-01,Financ. | Educativo | Ley Nº 26.075,0.0,Financiamiento Educativo
Corrientes,informacion_consolidada2025_5.xlsx,enero,2025,month,2025-01,Fondo | Compens. | de | Desequilib.,1.5,Fondo | Compens. | de | Desequilib.
Corrientes,informacion_consolidada2025_5.xlsx,enero,2025,month,2025-01,I.V.A. | Ley Nº 23.966 | Art. 5 | Punto 2,1745.79,I.V.A. | Ley Nº 23.966 | Art. 5 | Punto 2
Corrientes,informacion_consolidada2025_5.xlsx,enero,2025,month,2025-01,Impuesto a los Combustibles Líquidos | Ley Nº 23.966 y Nº 24.699 | Obras de | Infraestr.,276.356,Impuesto a los Combustibles Líquidos | Ley Nº 23.966 y Nº 24.699 | Obras de | Infraestr.
Corrientes,informacion_consolidada2025_5.xlsx,enero,2025,month,2025-01,Impuesto s/ | Los Activos | Fdo. Educ. | Ley Nº 23.906,0.0,Impuesto s/ | Los Activos | Fdo. Educ. | Ley Nº 23.906
Corrientes,informacion_consolidada2025_5.xlsx,enero,2025,month,2025-01,Impuesto sobre los | Bienes Personales | Ley | Nº 24.699,946.8673,Impuesto sobre los | Bienes Personales | Ley | Nº 24.699
Corrientes,informacion_consolidada2025_5.xlsx,enero,2025,month,2025-01,Ley Nº 23.966 | Art. 30,145.4125,Ley Nº 23.966 | Art. 30
Corrientes,informacion_consolidada2025_5.xlsx,enero,2025,month,2025-01,Ley Nº 24.464 | FO.NA.VI.,1796.3279,Ley Nº 24.464 | FO.NA.VI.
Corrientes,informacion_consolidada2025_5.xlsx,enero,2025,month,2025-01,Reg.Simplif. | P/Peq.Contrib. | Ley Nº 24.977 | Aart. 59 Inc. A,315.6386,Reg.Simplif. | P/Peq.Contrib. | Ley Nº 24.977 | Aart. 59 Inc. A
Corrientes,informacion_consolidada2025_5.xlsx,enero,2025,month,2025-01,Régimen de la Energía Eléctrica | L E Y Nº 2 4 . 0 6 5 | Fdo. P/Comp. | Tarifa Elect.,0.0,Régimen de la Energía Eléctrica | L E Y Nº 2 4 . 0 6 5 | Fdo. P/Comp. | Tarifa Elect.
Corrientes,informacion_consolidada2025_5.xlsx,enero,2025,month,2025-01,Subtotal,159120.23940000002,Subtotal
Corrientes,informacion_consolidada2025_5.xlsx,enero,2025,month,2025-01,Subtotal,159123.4561,Subtotal
Corrientes,informacion_consolidada2025_5.xlsx,enero,2025,month,2025-01,Total | (1) + (2),169316.37341600005,Total | (1) + (2)
Corrientes,informacion_consolidada2025_5.xlsx,enero,2025,month,2025-01,Total | Recursos | Origen Nacional | (1),164800.48670000004,Total | Recursos | Origen Nacional | (1)
Corrientes,informacion_consolidada2025_5.xlsx,enero,2025,month,2025-01,Transfer. | De Servicios | Ley | Nº 24.049,3.2167,Transfer. | De Servicios | Ley | Nº 24.049
Corrientes,informacion_consolidada2025_5.xlsx,enero,2025,month,2025-01,Vialidad | Provincial,449.1383,Vialidad | Provincial
Corrientes,informacion_consolidada2025_5.xlsx,febrero,2025,month,2025-02,C.F.I. | Neta De | Ley Nº 26.075,146712.9135,CFI | Neta
Corrientes,informacion_consolidada2025_5.xlsx,febrero,2025,month,2025-02,Compensación | Consenso Fiscal | II. a y b; II. d y e | (2),4105.35156,Compensación Consenso Fiscal
Corrientes,informacion_consolidada2025_5.xlsx,febrero,2025,month,2025-02,F.E.D.E.I.,189.63213478,F.E.D.E.I.
Corrientes,informacion_consolidada2025_5.xlsx,febrero,2025,month,2025-02,F.E.D.E.I.,113.64483657927094,F.E.D.E.I.
Corrientes,informacion_consolidada2025_5.xlsx,febrero,2025,month,2025-02,Financ. | Educativo | Ley Nº 26.075,0.0,Financiamiento Educativo
Corrientes,informacion_consolidada2025_5.xlsx,febrero,2025,month,2025-02,Fondo | Compens. | de | Desequilib.,1.5,Fondo | Compens. | de | Desequilib.
Corrientes,informacion_consolidada2025_5.xlsx,febrero,2025,month,2025-02,I.V.A. | Ley Nº 23.966 | Art. 5 | Punto 2,1528.7333,I.V.A. | Ley Nº 23.966 | Art. 5 | Punto 2
Corrientes,informacion_consolidada2025_5.xlsx,febrero,2025,month,2025-02,Impuesto a los Combustibles Líquidos | Ley Nº 23.966 y Nº 24.699 | Obras de | Infraestr.,348.1235,Impuesto a los Combustibles Líquidos | Ley Nº 23.966 y Nº 24.699 | Obras de | Infraestr.
Corrientes,informacion_consolidada2025_5.xlsx,febrero,2025,month,2025-02,Impuesto s/ | Los Activos | Fdo. Educ. | Ley Nº 23.906,0.0,Impuesto s/ | Los Activos | Fdo. Educ. | Ley Nº 23.906
Corrientes,informacion_consolidada2025_5.xlsx,febrero,2025,month,2025-02,Impuesto sobre los | Bienes Personales | Ley | Nº 24.699,1313.3047,Impuesto sobre los | Bienes Personales | Ley | Nº 24.699
Corrientes,informacion_consolidada2025_5.xlsx,febrero,2025,month,2025-02,Ley Nº 23.966 | Art. 30,201.68710000000002,Ley Nº 23.966 | Art. 30
Corrientes,informacion_consolidada2025_5.xlsx,febrero,2025,month,2025-02,Ley Nº 24.464 | FO.NA.VI.,2262.82,Ley Nº 24.464 | FO.NA.VI.
Corrientes,informacion_consolidada2025_5.xlsx,febrero,2025,month,2025-02,Reg.Simplif. | P/Peq.Contrib. | Ley Nº 24.977 | Aart. 59 Inc. A,460.3129,Reg.Simplif. | P/Peq.Contrib. | Ley Nº 24.977 | Aart. 59 Inc. A
Corrientes,informacion_consolidada2025_5.xlsx,febrero,2025,month,2025-02,Régimen de la Energía Eléctrica | L E Y Nº 2 4 . 0 6 5 | Fdo. P/Comp. | Tarifa Elect.,163.21451580454345,Régimen de la Energía Eléctrica | L E Y Nº 2 4 . 0 6 5 | Fdo. P/Comp. | Tarifa Elect.
Corrientes,informacion_consolidada2025_5.xlsx,febrero,2025,month,2025-02,Subtotal,146712.9135,Subtotal
Corrientes,informacion_consolidada2025_5.xlsx,febrero,2025,month,2025-02,Subtotal,146716.13019999999,Subtotal
Corrientes,informacion_consolidada2025_5.xlsx,febrero,2025,month,2025-02,Total | (1) + (2),157970.23074716382,Total | (1) + (2)
Corrientes,informacion_consolidada2025_5.xlsx,febrero,2025,month,2025-02,Total | Recursos | Origen Nacional | (1),153864.8791871638,Total | Recursos | Origen Nacional | (1)
Corrientes,informacion_consolidada2025_5.xlsx,febrero,2025,month,2025-02,Transfer. | De Servicios | Ley | Nº 24.049,3.2167,Transfer. | De Servicios | Ley | Nº 24.049
Corrientes,informacion_consolidada2025_5.xlsx,febrero,2025,month,2025-02,Vialidad | Provincial,565.776,Vialidad | Provincial
Corrientes,informacion_consolidada2025_5.xlsx,marzo,2025,month,2025-03,C.F.I. | Neta De | Ley Nº 26.075,123960.83679999999,CFI | Neta
Corrientes,informacion_consolidada2025_5.xlsx,marzo,2025,month,2025-03,Compensación | Consenso Fiscal | II. a y b; II. d y e | (2),3694.816404,Compensación Consenso Fiscal
Corrientes,informacion_consolidada2025_5.xlsx,marzo,2025,month,2025-03,F.E.D.E.I.,110.00812332,F.E.D.E.I.
Corrientes,informacion_consolidada2025_5.xlsx,marzo,2025,month,2025-03,F.E.D.E.I.,192.76585551537428,F.E.D.E.I.
Corrientes,informacion_consolidada2025_5.xlsx,marzo,2025,month,2025-03,Financ. | Educativo | Ley Nº 26.075,8880.474521839998,Financiamiento Educativo
Corrientes,informacion_consolidada2025_5.xlsx,marzo,2025,month,2025-03,Fondo | Compens. | de | Desequilib.,1.5,Fondo | Compens. | de | Desequilib.
Corrientes,informacion_consolidada2025_5.xlsx,marzo,2025,month,2025-03,I.V.A. | Ley Nº 23.966 | Art. 5 | Punto 2,1430.0376999999999,I.V.A. | Ley Nº 23.966 | Art. 5 | Punto 2
Corrientes,informacion_consolidada2025_5.xlsx,marzo,2025,month,2025-03,Impuesto a los Combustibles Líquidos | Ley Nº 23.966 y Nº 24.699 | Obras de | Infraestr.,317.94759999999997,Impuesto a los Combustibles Líquidos | Ley Nº 23.966 y Nº 24.699 | Obras de | Infraestr.
Corrientes,informacion_consolidada2025_5.xlsx,marzo,2025,month,2025-03,Impuesto s/ | Los Activos | Fdo. Educ. | Ley Nº 23.906,0.0,Impuesto s/ | Los Activos | Fdo. Educ. | Ley Nº 23.906
Corrientes,informacion_consolidada2025_5.xlsx,marzo,2025,month,2025-03,Impuesto sobre los | Bienes Personales | Ley | Nº 24.699,600.5437,Impuesto sobre los | Bienes Personales | Ley | Nº 24.699
Corrientes,informacion_consolidada2025_5.xlsx,marzo,2025,month,2025-03,Ley Nº 23.966 | Art. 30,92.2268,Ley Nº 23.966 | Art. 30
Corrientes,informacion_consolidada2025_5.xlsx,marzo,2025,month,2025-03,Ley Nº 24.464 | FO.NA.VI.,2066.6751,Ley Nº 24.464 | FO.NA.VI.
Corrientes,informacion_consolidada2025_5.xlsx,marzo,2025,month,2025-03,Reg.Simplif. | P/Peq.Contrib. | Ley Nº 24.977 | Aart. 59 Inc. A,495.20279999999997,Reg.Simplif. | P/Peq.Contrib. | Ley Nº 24.977 | Aart. 59 Inc. A
Corrientes,informacion_consolidada2025_5.xlsx,marzo,2025,month,2025-03,Régimen de la Energía Eléctrica | L E Y Nº 2 4 . 0 6 5 | Fdo. P/Comp. | Tarifa Elect.,276.8465925645691,Régimen de la Energía Eléctrica | L E Y Nº 2 4 . 0 6 5 | Fdo. P/Comp. | Tarifa Elect.
Corrientes,informacion_consolidada2025_5.xlsx,marzo,2025,month,2025-03,Subtotal,132841.31132183998,Subtotal
Corrientes,informacion_consolidada2025_5.xlsx,marzo,2025,month,2025-03,Subtotal,132844.52802183997,Subtotal
Corrientes,informacion_consolidada2025_5.xlsx,marzo,2025,month,2025-03,Total | (1) + (2),142639.83229723995,Total | (1) + (2)
Corrientes,informacion_consolidada2025_5.xlsx,marzo,2025,month,2025-03,Total | Recursos | Origen Nacional | (1),138945.01589323994,Total | Recursos | Origen Nacional | (1)
Corrientes,informacion_consolidada2025_5.xlsx,marzo,2025,month,2025-03,Transfer. | De Servicios | Ley | Nº 24.049,3.2167,Transfer. | De Servicios | Ley | Nº 24.049
Corrientes,informacion_consolidada2025_5.xlsx,marzo,2025,month,2025-03,Vialidad | Provincial,516.7336,Vialidad | Provincial
Corrientes,informacion_consolidada2025_5.xlsx,abril,2025,month,2025-04,C.F.I. | Neta De | Ley Nº 26.075,107283.3341,CFI | Neta
Corrientes,informacion_consolidada2025_5.xlsx,abril,2025,month,2025-04,Compensación | Consenso Fiscal | II. a y b; II. d y e | (2),6119.799053000001,Compensación Consenso Fiscal
Corrientes,informacion_consolidada2025_5.xlsx,abril,2025,month,2025-04,F.E.D.E.I.,138.73041783278637,F.E.D.E.I.
Corrientes,informacion_consolidada2025_5.xlsx,abril,2025,month,2025-04,F.E.D.E.I.,166.2664895071904,F.E.D.E.I.
Corrientes,informacion_consolidada2025_5.xlsx,abril,2025,month,2025-04,Financ. | Educativo | Ley Nº 26.075,35521.89808736,Financiamiento Educativo
Corrientes,informacion_consolidada2025_5.xlsx,abril,2025,month,2025-04,Fondo | Compens. | de | Desequilib.,1.5,Fondo | Compens. | de | Desequilib.
Corrientes,informacion_consolidada2025_5.xlsx,abril,2025,month,2025-04,I.V.A. | Ley Nº 23.966 | Art. 5 | Punto 2,1527.5686,I.V.A. | Ley Nº 23.966 | Art. 5 | Punto 2
Corrientes,informacion_consolidada2025_5.xlsx,abril,2025,month,2025-04,Impuesto a los Combustibles Líquidos | Ley Nº 23.966 y Nº 24.699 | Obras de | Infraestr.,353.0363,Impuesto a los Combustibles Líquidos | Ley Nº 23.966 y Nº 24.699 | Obras de | Infraestr.
Corrientes,informacion_consolidada2025_5.xlsx,abril,2025,month,2025-04,Impuesto s/ | Los Activos | Fdo. Educ. | Ley Nº 23.906,0.0,Impuesto s/ | Los Activos | Fdo. Educ. | Ley Nº 23.906
Corrientes,informacion_consolidada2025_5.xlsx,abril,2025,month,2025-04,Impuesto sobre los | Bienes Personales | Ley | Nº 24.699,1122.9776000000002,Impuesto sobre los | Bienes Personales | Ley | Nº 24.699
Corrientes,informacion_consolidada2025_5.xlsx,abril,2025,month,2025-04,Ley Nº 23.966 | Art. 30,172.4582,Ley Nº 23.966 | Art. 30
Corrientes,informacion_consolidada2025_5.xlsx,abril,2025,month,2025-04,Ley Nº 24.464 | FO.NA.VI.,2294.7534,Ley Nº 24.464 | FO.NA.VI.
Corrientes,informacion_consolidada2025_5.xlsx,abril,2025,month,2025-04,Reg.Simplif. | P/Peq.Contrib. | Ley Nº 24.977 | Aart. 59 Inc. A,507.3435,Reg.Simplif. | P/Peq.Contrib. | Ley Nº 24.977 | Aart. 59 Inc. A
Corrientes,informacion_consolidada2025_5.xlsx,abril,2025,month,2025-04,Régimen de la Energía Eléctrica | L E Y Nº 2 4 . 0 6 5 | Fdo. P/Comp. | Tarifa Elect.,238.7887157581113,Régimen de la Energía Eléctrica | L E Y Nº 2 4 . 0 6 5 | Fdo. P/Comp. | Tarifa Elect.
Corrientes,informacion_consolidada2025_5.xlsx,abril,2025,month,2025-04,Subtotal,142805.23218736,Subtotal
Corrientes,informacion_consolidada2025_5.xlsx,abril,2025,month,2025-04,Subtotal,142808.44888736,Subtotal
Corrientes,informacion_consolidada2025_5.xlsx,abril,2025,month,2025-04,Total | (1) + (2),156025.43156345806,Total | (1) + (2)
Corrientes,informacion_consolidada2025_5.xlsx,abril,2025,month,2025-04,Total | Recursos | Origen Nacional | (1),149905.63251045806,Total | Recursos | Origen Nacional | (1)
Corrientes,informacion_consolidada2025_5.xlsx,abril,2025,month,2025-04,Transfer. | De Servicios | Ley | Nº 24.049,3.2167,Transfer. | De Servicios | Ley | Nº 24.049
Corrientes,informacion_consolidada2025_5.xlsx,abril,2025,month,2025-04,Vialidad | Provincial,573.7604,Vialidad | Provincial
Corrientes,informacion_consolidada2025_5.xlsx,mayo,2025,month,2025-05,C.F.I. | Neta De | Ley Nº 26.075,148920.4556,CFI | Neta
Corrientes,informacion_consolidada2025_5.xlsx,mayo,2025,month,2025-05,Compensación | Consenso Fiscal | II. a y b; II. d y e | (2),6441.89374,Compensación Consenso Fiscal
Corrientes,informacion_consolidada2025_5.xlsx,mayo,2025,month,2025-05,F.E.D.E.I.,267.4527714352052,F.E.D.E.I.
Corrientes,informacion_consolidada2025_5.xlsx,mayo,2025,month,2025-05,F.E.D.E.I.,618.7450989755256,F.E.D.E.I.
Corrientes,informacion_consolidada2025_5.xlsx,mayo,2025,month,2025-05,Financ. | Educativo | Ley Nº 26.075,36631.95740259006,Financiamiento Educativo
Corrientes,informacion_consolidada2025_5.xlsx,mayo,2025,month,2025-05,Fondo | Compens. | de | Desequilib.,1.5,Fondo | Compens. | de | Desequilib.
Corrientes,informacion_consolidada2025_5.xlsx,mayo,2025,month,2025-05,I.V.A. | Ley Nº 23.966 | Art. 5 | Punto 2,1432.2174,I.V.A. | Ley Nº 23.966 | Art. 5 | Punto 2
Corrientes,informacion_consolidada2025_5.xlsx,mayo,2025,month,2025-05,Impuesto a los Combustibles Líquidos | Ley Nº 23.966 y Nº 24.699 | Obras de | Infraestr.,384.1291,Impuesto a los Combustibles Líquidos | Ley Nº 23.966 y Nº 24.699 | Obras de | Infraestr.
Corrientes,informacion_consolidada2025_5.xlsx,mayo,2025,month,2025-05,Impuesto s/ | Los Activos | Fdo. Educ. | Ley Nº 23.906,0.0,Impuesto s/ | Los Activos | Fdo. Educ. | Ley Nº 23.906
Corrientes,informacion_consolidada2025_5.xlsx,mayo,2025,month,2025-05,Impuesto sobre los | Bienes Personales | Ley | Nº 24.699,775.3938,Impuesto sobre los | Bienes Personales | Ley | Nº 24.699
Corrientes,informacion_consolidada2025_5.xlsx,mayo,2025,month,2025-05,Ley Nº 23.966 | Art. 30,119.07889999999999,Ley Nº 23.966 | Art. 30
Corrientes,informacion_consolidada2025_5.xlsx,mayo,2025,month,2025-05,Ley Nº 24.464 | FO.NA.VI.,2496.8586,Ley Nº 24.464 | FO.NA.VI.
Corrientes,informacion_consolidada2025_5.xlsx,mayo,2025,month,2025-05,Reg.Simplif. | P/Peq.Contrib. | Ley Nº 24.977 | Aart. 59 Inc. A,532.5246999999999,Reg.Simplif. | P/Peq.Contrib. | Ley Nº 24.977 | Aart. 59 Inc. A
Corrientes,informacion_consolidada2025_5.xlsx,mayo,2025,month,2025-05,Régimen de la Energía Eléctrica | L E Y Nº 2 4 . 0 6 5 | Fdo. P/Comp. | Tarifa Elect.,407.2707965641119,Régimen de la Energía Eléctrica | L E Y Nº 2 4 . 0 6 5 | Fdo. P/Comp. | Tarifa Elect.
Corrientes,informacion_consolidada2025_5.xlsx,mayo,2025,month,2025-05,Subtotal,185552.41300259004,Subtotal
Corrientes,informacion_consolidada2025_5.xlsx,mayo,2025,month,2025-05,Subtotal,185555.62970259003,Subtotal
Corrientes,informacion_consolidada2025_5.xlsx,mayo,2025,month,2025-05,Total | (1) + (2),199656.98760956485,Total | (1) + (2)
Corrientes,informacion_consolidada2025_5.xlsx,mayo,2025,month,2025-05,Total | Recursos | Origen Nacional | (1),193215.09386956485,Total | Recursos | Origen Nacional | (1)
Corrientes,informacion_consolidada2025_5.xlsx,mayo,2025,month,2025-05,Transfer. | De Servicios | Ley | Nº 24.049,3.2167,Transfer. | De Servicios | Ley | Nº 24.049
Corrientes,informacion_consolidada2025_5.xlsx,mayo,2025,month,2025-05,Vialidad | Provincial,624.293,Vialidad | Provincial
Corrientes,informacion_consolidada2025_5.xlsx,junio,2025,month,2025-06,C.F.I. | Neta De | Ley Nº 26.075,121712.747,CFI | Neta
Corrientes,informacion_consolidada2025_5.xlsx,junio,2025,month,2025-06,Compensación | Consenso Fiscal | II. a y b; II. d y e | (2),6119.799053000001,Compensación Consenso Fiscal
Corrientes,informacion_consolidada2025_5.xlsx,junio,2025,month,2025-06,F.E.D.E.I.,153.0483794956455,F.E.D.E.I.
Corrientes,informacion_consolidada2025_5.xlsx,junio,2025,month,2025-06,F.E.D.E.I.,177.385960546412,F.E.D.E.I.
Corrientes,informacion_consolidada2025_5.xlsx,junio,2025,month,2025-06,Financ. | Educativo | Ley Nº 26.075,35521.89808736002,Financiamiento Educativo
Corrientes,informacion_consolidada2025_5.xlsx,junio,2025,month,2025-06,Fondo | Compens. | de | Desequilib.,1.5,Fondo | Compens. | de | Desequilib.
Corrientes,informacion_consolidada2025_5.xlsx,junio,2025,month,2025-06,I.V.A. | Ley Nº 23.966 | Art. 5 | Punto 2,1661.4151000000002,I.V.A. | Ley Nº 23.966 | Art. 5 | Punto 2
Corrientes,informacion_consolidada2025_5.xlsx,junio,2025,month,2025-06,Impuesto a los Combustibles Líquidos | Ley Nº 23.966 y Nº 24.699 | Obras de | Infraestr.,414.8583,Impuesto a los Combustibles Líquidos | Ley Nº 23.966 y Nº 24.699 | Obras de | Infraestr.
Corrientes,informacion_consolidada2025_5.xlsx,junio,2025,month,2025-06,Impuesto s/ | Los Activos | Fdo. Educ. | Ley Nº 23.906,0.0,Impuesto s/ | Los Activos | Fdo. Educ. | Ley Nº 23.906
Corrientes,informacion_consolidada2025_5.xlsx,junio,2025,month,2025-06,Impuesto sobre los | Bienes Personales | Ley | Nº 24.699,22606.304,Impuesto sobre los | Bienes Personales | Ley | Nº 24.699
Corrientes,informacion_consolidada2025_5.xlsx,junio,2025,month,2025-06,Ley Nº 23.966 | Art. 30,3471.7001,Ley Nº 23.966 | Art. 30
Corrientes,informacion_consolidada2025_5.xlsx,junio,2025,month,2025-06,Ley Nº 24.464 | FO.NA.VI.,2696.5995,Ley Nº 24.464 | FO.NA.VI.
Corrientes,informacion_consolidada2025_5.xlsx,junio,2025,month,2025-06,Reg.Simplif. | P/Peq.Contrib. | Ley Nº 24.977 | Aart. 59 Inc. A,543.5443,Reg.Simplif. | P/Peq.Contrib. | Ley Nº 24.977 | Aart. 59 Inc. A
Corrientes,informacion_consolidada2025_5.xlsx,junio,2025,month,2025-06,Régimen de la Energía Eléctrica | L E Y Nº 2 4 . 0 6 5 | Fdo. P/Comp. | Tarifa Elect.,737.449911455939,Régimen de la Energía Eléctrica | L E Y Nº 2 4 . 0 6 5 | Fdo. P/Comp. | Tarifa Elect.
Corrientes,informacion_consolidada2025_5.xlsx,junio,2025,month,2025-06,Subtotal,157234.64508736003,Subtotal
Corrientes,informacion_consolidada2025_5.xlsx,junio,2025,month,2025-06,Subtotal,157237.86178736002,Subtotal
Corrientes,informacion_consolidada2025_5.xlsx,junio,2025,month,2025-06,Total | (1) + (2),196495.70089185802,Total | (1) + (2)
Corrientes,informacion_consolidada2025_5.xlsx,junio,2025,month,2025-06,Total | Recursos | Origen Nacional | (1),190375.90183885803,Total | Recursos | Origen Nacional | (1)
Corrientes,informacion_consolidada2025_5.xlsx,junio,2025,month,2025-06,Transfer. | De Servicios | Ley | Nº 24.049,3.2167,Transfer. | De Servicios | Ley | Nº 24.049
Corrientes,informacion_consolidada2025_5.xlsx,junio,2025,month,2025-06,Vialidad | Provincial,674.2345,Vialidad | Provincial
Corrientes,informacion_consolidada2025_5.xlsx,julio,2025,month,2025-07,C.F.I. | Neta De | Ley Nº 26.075,126415.5874,CFI | Neta
Corrientes,informacion_consolidada2025_5.xlsx,julio,2025,month,2025-07,Compensación | Consenso Fiscal | II. a y b; II. d y e | (2),6888.040852,Compensación Consenso Fiscal
Corrientes,informacion_consolidada2025_5.xlsx,julio,2025,month,2025-07,F.E.D.E.I.,165.41963047536112,F.E.D.E.I.
Corrientes,informacion_consolidada2025_5.xlsx,julio,2025,month,2025-07,F.E.D.E.I.,283.77763252291606,F.E.D.E.I.
Corrientes,informacion_consolidada2025_5.xlsx,julio,2025,month,2025-07,Financ. | Educativo | Ley Nº 26.075,38852.0760330499,Financiamiento Educativo
Corrientes,informacion_consolidada2025_5.xlsx,julio,2025,month,2025-07,Fondo | Compens. | de | Desequilib.,1.5,Fondo | Compens. | de | Desequilib.
Corrientes,informacion_consolidada2025_5.xlsx,julio,2025,month,2025-07,I.V.A. | Ley Nº 23.966 | Art. 5 | Punto 2,1671.9563999999998,I.V.A. | Ley Nº 23.966 | Art. 5 | Punto 2
Corrientes,informacion_consolidada2025_5.xlsx,julio,2025,month,2025-07,Impuesto a los Combustibles Líquidos | Ley Nº 23.966 y Nº 24.699 | Obras de | Infraestr.,370.7124,Impuesto a los Combustibles Líquidos | Ley Nº 23.966 y Nº 24.699 | Obras de | Infraestr.
Corrientes,informacion_consolidada2025_5.xlsx,julio,2025,month,2025-07,Impuesto s/ | Los Activos | Fdo. Educ. | Ley Nº 23.906,0.0,Impuesto s/ | Los Activos | Fdo. Educ. | Ley Nº 23.906
Corrientes,informacion_consolidada2025_5.xlsx,julio,2025,month,2025-07,Impuesto sobre los | Bienes Personales | Ley | Nº 24.699,2053.3858999999998,Impuesto sobre los | Bienes Personales | Ley | Nº 24.699
Corrientes,informacion_consolidada2025_5.xlsx,julio,2025,month,2025-07,Ley Nº 23.966 | Art. 30,315.343,Ley Nº 23.966 | Art. 30
Corrientes,informacion_consolidada2025_5.xlsx,julio,2025,month,2025-07,Ley Nº 24.464 | FO.NA.VI.,2409.6491,Ley Nº 24.464 | FO.NA.VI.
Corrientes,informacion_consolidada2025_5.xlsx,julio,2025,month,2025-07,Reg.Simplif. | P/Peq.Contrib. | Ley Nº 24.977 | Aart. 59 Inc. A,549.5726,Reg.Simplif. | P/Peq.Contrib. | Ley Nº 24.977 | Aart. 59 Inc. A
Corrientes,informacion_consolidada2025_5.xlsx,julio,2025,month,2025-07,Régimen de la Energía Eléctrica | L E Y Nº 2 4 . 0 6 5 | Fdo. P/Comp. | Tarifa Elect.,408.2937935021208,Régimen de la Energía Eléctrica | L E Y Nº 2 4 . 0 6 5 | Fdo. P/Comp. | Tarifa Elect.
Corrientes,informacion_consolidada2025_5.xlsx,julio,2025,month,2025-07,Subtotal,165267.66343304992,Subtotal
Corrientes,informacion_consolidada2025_5.xlsx,julio,2025,month,2025-07,Subtotal,165270.8801330499,Subtotal
Corrientes,informacion_consolidada2025_5.xlsx,julio,2025,month,2025-07,Total | (1) + (2),180991.01934155033,Total | (1) + (2)
Corrientes,informacion_consolidada2025_5.xlsx,julio,2025,month,2025-07,Total | Recursos | Origen Nacional | (1),174102.97848955033,Total | Recursos | Origen Nacional | (1)
Corrientes,informacion_consolidada2025_5.xlsx,julio,2025,month,2025-07,Transfer. | De Servicios | Ley | Nº 24.049,3.2167,Transfer. | De Servicios | Ley | Nº 24.049
Corrientes,informacion_consolidada2025_5.xlsx,julio,2025,month,2025-07,Vialidad | Provincial,602.4879,Vialidad | Provincial
Corrientes,informacion_consolidada2025_5.xlsx,agosto,2025,month,2025-08,C.F.I. | Neta De | Ley Nº 26.075,145984.36680000002,CFI | Neta
Corrientes,informacion_consolidada2025_5.xlsx,agosto,2025,month,2025-08,Compensación | Consenso Fiscal | II. a y b; II. d y e | (2),6261.855320000001,Compensación Consenso Fiscal
Corrientes,informacion_consolidada2025_5.xlsx,agosto,2025,month,2025-08,F.E.D.E.I.,147.54724825299786,F.E.D.E.I.
Corrientes,informacion_consolidada2025_5.xlsx,agosto,2025,month,2025-08,F.E.D.E.I.,195.77235460055337,F.E.D.E.I.
Corrientes,informacion_consolidada2025_5.xlsx,agosto,2025,month,2025-08,Financ. | Educativo | Ley Nº 26.075,22201.186304599916,Financiamiento Educativo
Corrientes,informacion_consolidada2025_5.xlsx,agosto,2025,month,2025-08,Fondo | Compens. | de | Desequilib.,1.5,Fondo | Compens. | de | Desequilib.
Corrientes,informacion_consolidada2025_5.xlsx,agosto,2025,month,2025-08,I.V.A. | Ley Nº 23.966 | Art. 5 | Punto 2,1706.7357,I.V.A. | Ley Nº 23.966 | Art. 5 | Punto 2
Corrientes,informacion_consolidada2025_5.xlsx,agosto,2025,month,2025-08,Impuesto a los Combustibles Líquidos | Ley Nº 23.966 y Nº 24.699 | Obras de | Infraestr.,438.2697,Impuesto a los Combustibles Líquidos | Ley Nº 23.966 y Nº 24.699 | Obras de | Infraestr.
Corrientes,informacion_consolidada2025_5.xlsx,agosto,2025,month,2025-08,Impuesto s/ | Los Activos | Fdo. Educ. | Ley Nº 23.906,0.12915654000000001,Impuesto s/ | Los Activos | Fdo. Educ. | Ley Nº 23.906
Corrientes,informacion_consolidada2025_5.xlsx,agosto,2025,month,2025-08,Impuesto sobre los | Bienes Personales | Ley | Nº 24.699,2119.0686,Impuesto sobre los | Bienes Personales | Ley | Nº 24.699
Corrientes,informacion_consolidada2025_5.xlsx,agosto,2025,month,2025-08,Ley Nº 23.966 | Art. 30,325.4301,Ley Nº 23.966 | Art. 30
Corrientes,informacion_consolidada2025_5.xlsx,agosto,2025,month,2025-08,Ley Nº 24.464 | FO.NA.VI.,2848.7753,Ley Nº 24.464 | FO.NA.VI.
Corrientes,informacion_consolidada2025_5.xlsx,agosto,2025,month,2025-08,Reg.Simplif. | P/Peq.Contrib. | Ley Nº 24.977 | Aart. 59 Inc. A,782.8138,Reg.Simplif. | P/Peq.Contrib. | Ley Nº 24.977 | Aart. 59 Inc. A
Corrientes,informacion_consolidada2025_5.xlsx,agosto,2025,month,2025-08,Régimen de la Energía Eléctrica | L E Y Nº 2 4 . 0 6 5 | Fdo. P/Comp. | Tarifa Elect.,281.6734941905119,Régimen de la Energía Eléctrica | L E Y Nº 2 4 . 0 6 5 | Fdo. P/Comp. | Tarifa Elect.
Corrientes,informacion_consolidada2025_5.xlsx,agosto,2025,month,2025-08,Subtotal,168185.55310459994,Subtotal
Corrientes,informacion_consolidada2025_5.xlsx,agosto,2025,month,2025-08,Subtotal,168188.76980459993,Subtotal
Corrientes,informacion_consolidada2025_5.xlsx,agosto,2025,month,2025-08,Total | (1) + (2),184010.62377818397,Total | (1) + (2)
Corrientes,informacion_consolidada2025_5.xlsx,agosto,2025,month,2025-08,Total | Recursos | Origen Nacional | (1),177748.76845818397,Total | Recursos | Origen Nacional | (1)
Corrientes,informacion_consolidada2025_5.xlsx,agosto,2025,month,2025-08,Transfer. | De Servicios | Ley | Nº 24.049,3.2167,Transfer. | De Servicios | Ley | Nº 24.049
Corrientes,informacion_consolidada2025_5.xlsx,agosto,2025,month,2025-08,Vialidad | Provincial,712.2832,Vialidad | Provincial
Corrientes,informacion_consolidada2025_5.xlsx,septiembre,2025,month,2025-09,C.F.I. | Neta De | Ley Nº 26.075,141654.1866,CFI | Neta
Corrientes,informacion_consolidada2025_5.xlsx,septiembre,2025,month,2025-09,Compensación | Consenso Fiscal | II. a y b; II. d y e | (2),6888.040852,Compensación Consenso Fiscal
Corrientes,informacion_consolidada2025_5.xlsx,septiembre,2025,month,2025-09,F.E.D.E.I.,174.6671688792529,F.E.D.E.I.
Corrientes,informacion_consolidada2025_5.xlsx,septiembre,2025,month,2025-09,F.E.D.E.I.,243.75266923579167,F.E.D.E.I.
Corrientes,informacion_consolidada2025_5.xlsx,septiembre,2025,month,2025-09,Financ. | Educativo | Ley Nº 26.075,24421.304935060012,Financiamiento Educativo
Corrientes,informacion_consolidada2025_5.xlsx,septiembre,2025,month,2025-09,Fondo | Compens. | de | Desequilib.,1.5,Fondo | Compens. | de | Desequilib.
Corrientes,informacion_consolidada2025_5.xlsx,septiembre,2025,month,2025-09,I.V.A. | Ley Nº 23.966 | Art. 5 | Punto 2,1784.5456000000001,I.V.A. | Ley Nº 23.966 | Art. 5 | Punto 2
Corrientes,informacion_consolidada2025_5.xlsx,septiembre,2025,month,2025-09,Impuesto a los Combustibles Líquidos | Ley Nº 23.966 y Nº 24.699 | Obras de | Infraestr.,453.3265,Impuesto a los Combustibles Líquidos | Ley Nº 23.966 y Nº 24.699 | Obras de | Infraestr.
Corrientes,informacion_consolidada2025_5.xlsx,septiembre,2025,month,2025-09,Impuesto s/ | Los Activos | Fdo. Educ. | Ley Nº 23.906,0.0,Impuesto s/ | Los Activos | Fdo. Educ. | Ley Nº 23.906
Corrientes,informacion_consolidada2025_5.xlsx,septiembre,2025,month,2025-09,Impuesto sobre los | Bienes Personales | Ley | Nº 24.699,1899.1945,Impuesto sobre los | Bienes Personales | Ley | Nº 24.699
Corrientes,informacion_consolidada2025_5.xlsx,septiembre,2025,month,2025-09,Ley Nº 23.966 | Art. 30,291.6635,Ley Nº 23.966 | Art. 30
Corrientes,informacion_consolidada2025_5.xlsx,septiembre,2025,month,2025-09,Ley Nº 24.464 | FO.NA.VI.,2946.645,Ley Nº 24.464 | FO.NA.VI.
Corrientes,informacion_consolidada2025_5.xlsx,septiembre,2025,month,2025-09,Reg.Simplif. | P/Peq.Contrib. | Ley Nº 24.977 | Aart. 59 Inc. A,826.113,Reg.Simplif. | P/Peq.Contrib. | Ley Nº 24.977 | Aart. 59 Inc. A
Corrientes,informacion_consolidada2025_5.xlsx,septiembre,2025,month,2025-09,Régimen de la Energía Eléctrica | L E Y Nº 2 4 . 0 6 5 | Fdo. P/Comp. | Tarifa Elect.,350.70664703287457,Régimen de la Energía Eléctrica | L E Y Nº 2 4 . 0 6 5 | Fdo. P/Comp. | Tarifa Elect.
Corrientes,informacion_consolidada2025_5.xlsx,septiembre,2025,month,2025-09,Subtotal,166075.49153506,Subtotal
Corrientes,informacion_consolidada2025_5.xlsx,septiembre,2025,month,2025-09,Subtotal,166078.70823505998,Subtotal
Corrientes,informacion_consolidada2025_5.xlsx,septiembre,2025,month,2025-09,Total | (1) + (2),182675.6173722079,Total | (1) + (2)
Corrientes,informacion_consolidada2025_5.xlsx,septiembre,2025,month,2025-09,Total | Recursos | Origen Nacional | (1),175787.5765202079,Total | Recursos | Origen Nacional | (1)
Corrientes,informacion_consolidada2025_5.xlsx,septiembre,2025,month,2025-09,Transfer. | De Servicios | Ley | Nº 24.049,3.2167,Transfer. | De Servicios | Ley | Nº 24.049
Corrientes,informacion_consolidada2025_5.xlsx,septiembre,2025,month,2025-09,Vialidad | Provincial,736.7537,Vialidad | Provincial
Corrientes,informacion_consolidada2025_5.xlsx,octubre,2025,month,2025-10,C.F.I. | Neta De | Ley Nº 26.075,154220.23609999998,CFI | Neta
Corrientes,informacion_consolidada2025_5.xlsx,octubre,2025,month,2025-10,Compensación | Consenso Fiscal | II. a y b; II. d y e | (2),7673.718008000001,Compensación Consenso Fiscal
Corrientes,informacion_consolidada2025_5.xlsx,octubre,2025,month,2025-10,F.E.D.E.I.,180.70060546516726,F.E.D.E.I.
Corrientes,informacion_consolidada2025_5.xlsx,octubre,2025,month,2025-10,F.E.D.E.I.,239.113470843999,F.E.D.E.I.
Corrientes,informacion_consolidada2025_5.xlsx,octubre,2025,month,2025-10,Financ. | Educativo | Ley Nº 26.075,25531.36425029025,Financiamiento Educativo
Corrientes,informacion_consolidada2025_5.xlsx,octubre,2025,month,2025-10,Fondo | Compens. | de | Desequilib.,1.5,Fondo | Compens. | de | Desequilib.
Corrientes,informacion_consolidada2025_5.xlsx,octubre,2025,month,2025-10,I.V.A. | Ley Nº 23.966 | Art. 5 | Punto 2,1865.1128,I.V.A. | Ley Nº 23.966 | Art. 5 | Punto 2
Corrientes,informacion_consolidada2025_5.xlsx,octubre,2025,month,2025-10,Impuesto a los Combustibles Líquidos | Ley Nº 23.966 y Nº 24.699 | Obras de | Infraestr.,435.58459999999997,Impuesto a los Combustibles Líquidos | Ley Nº 23.966 y Nº 24.699 | Obras de | Infraestr.
Corrientes,informacion_consolidada2025_5.xlsx,octubre,2025,month,2025-10,Impuesto s/ | Los Activos | Fdo. Educ. | Ley Nº 23.906,0.0,Impuesto s/ | Los Activos | Fdo. Educ. | Ley Nº 23.906
Corrientes,informacion_consolidada2025_5.xlsx,octubre,2025,month,2025-10,Impuesto sobre los | Bienes Personales | Ley | Nº 24.699,1875.0448999999999,Impuesto sobre los | Bienes Personales | Ley | Nº 24.699
Corrientes,informacion_consolidada2025_5.xlsx,octubre,2025,month,2025-10,Ley Nº 23.966 | Art. 30,287.9548,Ley Nº 23.966 | Art. 30
Corrientes,informacion_consolidada2025_5.xlsx,octubre,2025,month,2025-10,Ley Nº 24.464 | FO.NA.VI.,2831.3215,Ley Nº 24.464 | FO.NA.VI.
Corrientes,informacion_consolidada2025_5.xlsx,octubre,2025,month,2025-10,Reg.Simplif. | P/Peq.Contrib. | Ley Nº 24.977 | Aart. 59 Inc. A,867.1164,Reg.Simplif. | P/Peq.Contrib. | Ley Nº 24.977 | Aart. 59 Inc. A
Corrientes,informacion_consolidada2025_5.xlsx,octubre,2025,month,2025-10,Régimen de la Energía Eléctrica | L E Y Nº 2 4 . 0 6 5 | Fdo. P/Comp. | Tarifa Elect.,344.03185768676207,Régimen de la Energía Eléctrica | L E Y Nº 2 4 . 0 6 5 | Fdo. P/Comp. | Tarifa Elect.
Corrientes,informacion_consolidada2025_5.xlsx,octubre,2025,month,2025-10,Subtotal,179751.60035029025,Subtotal
Corrientes,informacion_consolidada2025_5.xlsx,octubre,2025,month,2025-10,Subtotal,179754.81705029024,Subtotal
Corrientes,informacion_consolidada2025_5.xlsx,octubre,2025,month,2025-10,Total | (1) + (2),197063.93519228615,Total | (1) + (2)
Corrientes,informacion_consolidada2025_5.xlsx,octubre,2025,month,2025-10,Total | Recursos | Origen Nacional | (1),189390.21718428616,Total | Recursos | Origen Nacional | (1)
Corrientes,informacion_consolidada2025_5.xlsx,octubre,2025,month,2025-10,Transfer. | De Servicios | Ley | Nº 24.049,3.2167,Transfer. | De Servicios | Ley | Nº 24.049
Corrientes,informacion_consolidada2025_5.xlsx,octubre,2025,month,2025-10,Vialidad | Provincial,707.9191999999999,Vialidad | Provincial
Corrientes,informacion_consolidada2025_5.xlsx,noviembre,2025,month,2025-11,C.F.I. | Neta De | Ley Nº 26.075,155830.1711,CFI | Neta
Corrientes,informacion_consolidada2025_5.xlsx,noviembre,2025,month,2025-11,Compensación | Consenso Fiscal | II. a y b; II. d y e | (2),5929.691188,Compensación Consenso Fiscal
Corrientes,informacion_consolidada2025_5.xlsx,noviembre,2025,month,2025-11,F.E.D.E.I.,0.0,F.E.D.E.I.
Corrientes,informacion_consolidada2025_5.xlsx,noviembre,2025,month,2025-11,F.E.D.E.I.,0.0,F.E.D.E.I.
Corrientes,informacion_consolidada2025_5.xlsx,noviembre,2025,month,2025-11,Financ. | Educativo | Ley Nº 26.075,18871.00835891019,Financiamiento Educativo
Corrientes,informacion_consolidada2025_5.xlsx,noviembre,2025,month,2025-11,Fondo | Compens. | de | Desequilib.,1.5,Fondo | Compens. | de | Desequilib.
Corrientes,informacion_consolidada2025_5.xlsx,noviembre,2025,month,2025-11,I.V.A. | Ley Nº 23.966 | Art. 5 | Punto 2,1747.2875,I.V.A. | Ley Nº 23.966 | Art. 5 | Punto 2
Corrientes,informacion_consolidada2025_5.xlsx,noviembre,2025,month,2025-11,Impuesto a los Combustibles Líquidos | Ley Nº 23.966 y Nº 24.699 | Obras de | Infraestr.,461.31329999999997,Impuesto a los Combustibles Líquidos | Ley Nº 23.966 y Nº 24.699 | Obras de | Infraestr.
Corrientes,informacion_consolidada2025_5.xlsx,noviembre,2025,month,2025-11,Impuesto s/ | Los Activos | Fdo. Educ. | Ley Nº 23.906,0.0,Impuesto s/ | Los Activos | Fdo. Educ. | Ley Nº 23.906
Corrientes,informacion_consolidada2025_5.xlsx,noviembre,2025,month,2025-11,Impuesto sobre los | Bienes Personales | Ley | Nº 24.699,1132.9198000000001,Impuesto sobre los | Bienes Personales | Ley | Nº 24.699
Corrientes,informacion_consolidada2025_5.xlsx,noviembre,2025,month,2025-11,Ley Nº 23.966 | Art. 30,173.985,Ley Nº 23.966 | Art. 30
Corrientes,informacion_consolidada2025_5.xlsx,noviembre,2025,month,2025-11,Ley Nº 24.464 | FO.NA.VI.,2998.5598,Ley Nº 24.464 | FO.NA.VI.
Corrientes,informacion_consolidada2025_5.xlsx,noviembre,2025,month,2025-11,Reg.Simplif. | P/Peq.Contrib. | Ley Nº 24.977 | Aart. 59 Inc. A,855.2687,Reg.Simplif. | P/Peq.Contrib. | Ley Nº 24.977 | Aart. 59 Inc. A
Corrientes,informacion_consolidada2025_5.xlsx,noviembre,2025,month,2025-11,Régimen de la Energía Eléctrica | L E Y Nº 2 4 . 0 6 5 | Fdo. P/Comp. | Tarifa Elect.,0.0,Régimen de la Energía Eléctrica | L E Y Nº 2 4 . 0 6 5 | Fdo. P/Comp. | Tarifa Elect.
Corrientes,informacion_consolidada2025_5.xlsx,noviembre,2025,month,2025-11,Subtotal,174701.1794589102,Subtotal
Corrientes,informacion_consolidada2025_5.xlsx,noviembre,2025,month,2025-11,Subtotal,174704.39615891018,Subtotal
Corrientes,informacion_consolidada2025_5.xlsx,noviembre,2025,month,2025-11,Total | (1) + (2),188754.65554691016,Total | (1) + (2)
Corrientes,informacion_consolidada2025_5.xlsx,noviembre,2025,month,2025-11,Total | Recursos | Origen Nacional | (1),182824.96435891016,Total | Recursos | Origen Nacional | (1)
Corrientes,informacion_consolidada2025_5.xlsx,noviembre,2025,month,2025-11,Transfer. | De Servicios | Ley | Nº 24.049,3.2167,Transfer. | De Servicios | Ley | Nº 24.049
Corrientes,informacion_consolidada2025_5.xlsx,noviembre,2025,month,2025-11,Vialidad | Provincial,749.7341,Vialidad | Provincial
Corrientes,informacion_consolidada2025_5.xlsx,diciembre,2025,month,2025-12,C.F.I. | Neta De | Ley Nº 26.075,160300.8291,CFI | Neta
Corrientes,informacion_consolidada2025_5.xlsx,diciembre,2025,month,2025-12,Compensación | Consenso Fiscal | II. a y b; II. d y e | (2),18324.912644,Compensación Consenso Fiscal
Corrientes,informacion_consolidada2025_5.xlsx,diciembre,2025,month,2025-12,F.E.D.E.I.,357.4942462729458,F.E.D.E.I.
Corrientes,informacion_consolidada2025_5.xlsx,diciembre,2025,month,2025-12,F.E.D.E.I.,512.3447575399184,F.E.D.E.I.
Corrientes,informacion_consolidada2025_5.xlsx,diciembre,2025,month,2025-12,Financ. | Educativo | Ley Nº 26.075,23311.24561983023,Financiamiento Educativo
Corrientes,informacion_consolidada2025_5.xlsx,diciembre,2025,month,2025-12,Fondo | Compens. | de | Desequilib.,1.5,Fondo | Compens. | de | Desequilib.
Corrientes,informacion_consolidada2025_5.xlsx,diciembre,2025,month,2025-12,I.V.A. | Ley Nº 23.966 | Art. 5 | Punto 2,1788.3063,I.V.A. | Ley Nº 23.966 | Art. 5 | Punto 2
Corrientes,informacion_consolidada2025_5.xlsx,diciembre,2025,month,2025-12,Impuesto a los Combustibles Líquidos | Ley Nº 23.966 y Nº 24.699 | Obras de | Infraestr.,656.2495,Impuesto a los Combustibles Líquidos | Ley Nº 23.966 y Nº 24.699 | Obras de | Infraestr.
Corrientes,informacion_consolidada2025_5.xlsx,diciembre,2025,month,2025-12,Impuesto s/ | Los Activos | Fdo. Educ. | Ley Nº 23.906,0.0037423,Impuesto s/ | Los Activos | Fdo. Educ. | Ley Nº 23.906
Corrientes,informacion_consolidada2025_5.xlsx,diciembre,2025,month,2025-12,Impuesto sobre los | Bienes Personales | Ley | Nº 24.699,1885.0174,Impuesto sobre los | Bienes Personales | Ley | Nº 24.699
Corrientes,informacion_consolidada2025_5.xlsx,diciembre,2025,month,2025-12,Ley Nº 23.966 | Art. 30,289.48629999999997,Ley Nº 23.966 | Art. 30
Corrientes,informacion_consolidada2025_5.xlsx,diciembre,2025,month,2025-12,Ley Nº 24.464 | FO.NA.VI.,4265.6544,Ley Nº 24.464 | FO.NA.VI.
Corrientes,informacion_consolidada2025_5.xlsx,diciembre,2025,month,2025-12,Reg.Simplif. | P/Peq.Contrib. | Ley Nº 24.977 | Aart. 59 Inc. A,903.7293000000001,Reg.Simplif. | P/Peq.Contrib. | Ley Nº 24.977 | Aart. 59 Inc. A
Corrientes,informacion_consolidada2025_5.xlsx,diciembre,2025,month,2025-12,Régimen de la Energía Eléctrica | L E Y Nº 2 4 . 0 6 5 | Fdo. P/Comp. | Tarifa Elect.,737.1517719152167,Régimen de la Energía Eléctrica | L E Y Nº 2 4 . 0 6 5 | Fdo. P/Comp. | Tarifa Elect.
Corrientes,informacion_consolidada2025_5.xlsx,diciembre,2025,month,2025-12,Subtotal,183612.07471983024,Subtotal
Corrientes,informacion_consolidada2025_5.xlsx,diciembre,2025,month,2025-12,Subtotal,183615.29141983023,Subtotal
Corrientes,informacion_consolidada2025_5.xlsx,diciembre,2025,month,2025-12,Total | (1) + (2),214403.6892818583,Total | (1) + (2)
Corrientes,informacion_consolidada2025_5.xlsx,diciembre,2025,month,2025-12,Total | Recursos | Origen Nacional | (1),196078.7766378583,Total | Recursos | Origen Nacional | (1)
Corrientes,informacion_consolidada2025_5.xlsx,diciembre,2025,month,2025-12,Transfer. | De Servicios | Ley | Nº 24.049,3.2167,Transfer. | De Servicios | Ley | Nº 24.049
Corrientes,informacion_consolidada2025_5.xlsx,diciembre,2025,month,2025-12,Vialidad | Provincial,1066.5475,Vialidad | Provincial
Corrientes,informacion_consolidada2025_5.xlsx,CONS,2025,consolidated,CONS,C.F.I. | Neta De | Ley Nº 26.075,1692115.9034999995,CFI | Neta
Corrientes,informacion_consolidada2025_5.xlsx,CONS,2025,consolidated,CONS,Compensación | Consenso Fiscal | II. a y b; II. d y e | (2),82963.80539,Compensación Consenso Fiscal
Corrientes,informacion_consolidada2025_5.xlsx,CONS,2025,consolidated,CONS,F.E.D.E.I.,1884.700726209362,F.E.D.E.I.
Corrientes,informacion_consolidada2025_5.xlsx,CONS,2025,consolidated,CONS,F.E.D.E.I.,2743.5691258669513,F.E.D.E.I.
Corrientes,informacion_consolidada2025_5.xlsx,CONS,2025,consolidated,CONS,Financ. | Educativo | Ley Nº 26.075,269744.4136,Financiamiento Educativo
Corrientes,informacion_consolidada2025_5.xlsx,CONS,2025,consolidated,CONS,Fondo | Compens. | de | Desequilib.,18.0,Fondo | Compens. | de | Desequilib.
Corrientes,informacion_consolidada2025_5.xlsx,CONS,2025,consolidated,CONS,I.V.A. | Ley Nº 23.966 | Art. 5 | Punto 2,19889.706400000003,I.V.A. | Ley Nº 23.966 | Art. 5 | Punto 2
Corrientes,informacion_consolidada2025_5.xlsx,CONS,2025,consolidated,CONS,Impuesto a los Combustibles Líquidos | Ley Nº 23.966 y Nº 24.699 | Obras de | Infraestr.,4909.906800000001,Impuesto a los Combustibles Líquidos | Ley Nº 23.966 y Nº 24.699 | Obras de | Infraestr.
Corrientes,informacion_consolidada2025_5.xlsx,CONS,2025,consolidated,CONS,Impuesto s/ | Los Activos | Fdo. Educ. | Ley Nº 23.906,0.1329,Impuesto s/ | Los Activos | Fdo. Educ. | Ley Nº 23.906
Corrientes,informacion_consolidada2025_5.xlsx,CONS,2025,consolidated,CONS,Impuesto sobre los | Bienes Personales | Ley | Nº 24.699,38330.02219999999,Impuesto sobre los | Bienes Personales | Ley | Nº 24.699
Corrientes,informacion_consolidada2025_5.xlsx,CONS,2025,consolidated,CONS,Ley Nº 23.966 | Art. 30,5886.426299999999,Ley Nº 23.966 | Art. 30
Corrientes,informacion_consolidada2025_5.xlsx,CONS,2025,consolidated,CONS,Ley Nº 24.464 | FO.NA.VI.,31914.639600000002,Ley Nº 24.464 | FO.NA.VI.
Corrientes,informacion_consolidada2025_5.xlsx,CONS,2025,consolidated,CONS,Reg.Simplif. | P/Peq.Contrib. | Ley Nº 24.977 | Aart. 59 Inc. A,7639.180600000001,Reg.Simplif. | P/Peq.Contrib. | Ley Nº 24.977 | Aart. 59 Inc. A
Corrientes,informacion_consolidada2025_5.xlsx,CONS,2025,consolidated,CONS,Régimen de la Energía Eléctrica | L E Y Nº 2 4 . 0 6 5 | Fdo. P/Comp. | Tarifa Elect.,3945.4280999999996,Régimen de la Energía Eléctrica | L E Y Nº 2 4 . 0 6 5 | Fdo. P/Comp. | Tarifa Elect.
Corrientes,informacion_consolidada2025_5.xlsx,CONS,2025,consolidated,CONS,Subtotal,1961860.3170999996,Subtotal
Corrientes,informacion_consolidada2025_5.xlsx,CONS,2025,consolidated,CONS,Subtotal,1961898.9174999997,Subtotal
Corrientes,informacion_consolidada2025_5.xlsx,CONS,2025,consolidated,CONS,Total | (1) + (2),2170004.0970420763,Total | (1) + (2)
Corrientes,informacion_consolidada2025_5.xlsx,CONS,2025,consolidated,CONS,Total | Recursos | Origen Nacional | (1),2087040.2916520764,Total | Recursos | Origen Nacional | (1)
Corrientes,informacion_consolidada2025_5.xlsx,CONS,2025,consolidated,CONS,Transfer. | De Servicios | Ley | Nº 24.049,38.6004,Transfer. | De Servicios | Ley | Nº 24.049
Corrientes,informacion_consolidada2025_5.xlsx,CONS,2025,consolidated,CONS,Vialidad | Provincial,7979.661399999999,Vialidad | Provincial
Córdoba,informacion_consolidada2025_5.xlsx,enero,2025,month,2025-01,C.F.I. | Neta De | Ley Nº 26.075,380074.7688,CFI | Neta
Córdoba,informacion_consolidada2025_5.xlsx,enero,2025,month,2025-01,Compensación | Consenso Fiscal | II. a y b; II. d y e | (2),3701.851956,Compensación Consenso Fiscal
Córdoba,informacion_consolidada2025_5.xlsx,enero,2025,month,2025-01,F.E.D.E.I.,0.0,F.E.D.E.I.
Córdoba,informacion_consolidada2025_5.xlsx,enero,2025,month,2025-01,F.E.D.E.I.,0.0,F.E.D.E.I.
Córdoba,informacion_consolidada2025_5.xlsx,enero,2025,month,2025-01,Financ. | Educativo | Ley Nº 26.075,0.0,Financiamiento Educativo
Córdoba,informacion_consolidada2025_5.xlsx,enero,2025,month,2025-01,Fondo | Compens. | de | Desequilib.,0.5,Fondo | Compens. | de | Desequilib.
Córdoba,informacion_consolidada2025_5.xlsx,enero,2025,month,2025-01,I.V.A. | Ley Nº 23.966 | Art. 5 | Punto 2,5459.7966,I.V.A. | Ley Nº 23.966 | Art. 5 | Punto 2
Córdoba,informacion_consolidada2025_5.xlsx,enero,2025,month,2025-01,Impuesto a los Combustibles Líquidos | Ley Nº 23.966 y Nº 24.699 | Obras de | Infraestr.,660.1049,Impuesto a los Combustibles Líquidos | Ley Nº 23.966 y Nº 24.699 | Obras de | Infraestr.
Córdoba,informacion_consolidada2025_5.xlsx,enero,2025,month,2025-01,Impuesto s/ | Los Activos | Fdo. Educ. | Ley Nº 23.906,0.0,Impuesto s/ | Los Activos | Fdo. Educ. | Ley Nº 23.906
Córdoba,informacion_consolidada2025_5.xlsx,enero,2025,month,2025-01,Impuesto sobre los | Bienes Personales | Ley | Nº 24.699,2261.6883,Impuesto sobre los | Bienes Personales | Ley | Nº 24.699
Córdoba,informacion_consolidada2025_5.xlsx,enero,2025,month,2025-01,Ley Nº 23.966 | Art. 30,454.7642,Ley Nº 23.966 | Art. 30
Córdoba,informacion_consolidada2025_5.xlsx,enero,2025,month,2025-01,Ley Nº 24.464 | FO.NA.VI.,2050.354,Ley Nº 24.464 | FO.NA.VI.
Córdoba,informacion_consolidada2025_5.xlsx,enero,2025,month,2025-01,Reg.Simplif. | P/Peq.Contrib. | Ley Nº 24.977 | Aart. 59 Inc. A,753.9354000000001,Reg.Simplif. | P/Peq.Contrib. | Ley Nº 24.977 | Aart. 59 Inc. A
Córdoba,informacion_consolidada2025_5.xlsx,enero,2025,month,2025-01,Régimen de la Energía Eléctrica | L E Y Nº 2 4 . 0 6 5 | Fdo. P/Comp. | Tarifa Elect.,0.0,Régimen de la Energía Eléctrica | L E Y Nº 2 4 . 0 6 5 | Fdo. P/Comp. | Tarifa Elect.
Córdoba,informacion_consolidada2025_5.xlsx,enero,2025,month,2025-01,Subtotal,380074.7688,Subtotal
Córdoba,informacion_consolidada2025_5.xlsx,enero,2025,month,2025-01,Subtotal,380085.21050000004,Subtotal
Córdoba,informacion_consolidada2025_5.xlsx,enero,2025,month,2025-01,Total | (1) + (2),397270.625056,Total | (1) + (2)
Córdoba,informacion_consolidada2025_5.xlsx,enero,2025,month,2025-01,Total | Recursos | Origen Nacional | (1),393568.7731,Total | Recursos | Origen Nacional | (1)
Córdoba,informacion_consolidada2025_5.xlsx,enero,2025,month,2025-01,Transfer. | De Servicios | Ley | Nº 24.049,10.4417,Transfer. | De Servicios | Ley | Nº 24.049
Córdoba,informacion_consolidada2025_5.xlsx,enero,2025,month,2025-01,Vialidad | Provincial,1842.4192,Vialidad | Provincial
Córdoba,informacion_consolidada2025_5.xlsx,febrero,2025,month,2025-02,C.F.I. | Neta De | Ley Nº 26.075,350438.6172,CFI | Neta
Córdoba,informacion_consolidada2025_5.xlsx,febrero,2025,month,2025-02,Compensación | Consenso Fiscal | II. a y b; II. d y e | (2),3365.31996,Compensación Consenso Fiscal
Córdoba,informacion_consolidada2025_5.xlsx,febrero,2025,month,2025-02,F.E.D.E.I.,149.78904740000002,F.E.D.E.I.
Córdoba,informacion_consolidada2025_5.xlsx,febrero,2025,month,2025-02,F.E.D.E.I.,89.76723187308667,F.E.D.E.I.
Córdoba,informacion_consolidada2025_5.xlsx,febrero,2025,month,2025-02,Financ. | Educativo | Ley Nº 26.075,0.0,Financiamiento Educativo
Córdoba,informacion_consolidada2025_5.xlsx,febrero,2025,month,2025-02,Fondo | Compens. | de | Desequilib.,0.5,Fondo | Compens. | de | Desequilib.
Córdoba,informacion_consolidada2025_5.xlsx,febrero,2025,month,2025-02,I.V.A. | Ley Nº 23.966 | Art. 5 | Punto 2,4780.972,I.V.A. | Ley Nº 23.966 | Art. 5 | Punto 2
Córdoba,informacion_consolidada2025_5.xlsx,febrero,2025,month,2025-02,Impuesto a los Combustibles Líquidos | Ley Nº 23.966 y Nº 24.699 | Obras de | Infraestr.,831.5289,Impuesto a los Combustibles Líquidos | Ley Nº 23.966 y Nº 24.699 | Obras de | Infraestr.
Córdoba,informacion_consolidada2025_5.xlsx,febrero,2025,month,2025-02,Impuesto s/ | Los Activos | Fdo. Educ. | Ley Nº 23.906,0.0,Impuesto s/ | Los Activos | Fdo. Educ. | Ley Nº 23.906
Córdoba,informacion_consolidada2025_5.xlsx,febrero,2025,month,2025-02,Impuesto sobre los | Bienes Personales | Ley | Nº 24.699,3136.9609,Impuesto sobre los | Bienes Personales | Ley | Nº 24.699
Córdoba,informacion_consolidada2025_5.xlsx,febrero,2025,month,2025-02,Ley Nº 23.966 | Art. 30,630.7577,Ley Nº 23.966 | Art. 30
Córdoba,informacion_consolidada2025_5.xlsx,febrero,2025,month,2025-02,Ley Nº 24.464 | FO.NA.VI.,2582.8147000000004,Ley Nº 24.464 | FO.NA.VI.
Córdoba,informacion_consolidada2025_5.xlsx,febrero,2025,month,2025-02,Reg.Simplif. | P/Peq.Contrib. | Ley Nº 24.977 | Aart. 59 Inc. A,1099.5049,Reg.Simplif. | P/Peq.Contrib. | Ley Nº 24.977 | Aart. 59 Inc. A
Córdoba,informacion_consolidada2025_5.xlsx,febrero,2025,month,2025-02,Régimen de la Energía Eléctrica | L E Y Nº 2 4 . 0 6 5 | Fdo. P/Comp. | Tarifa Elect.,116.79563767963104,Régimen de la Energía Eléctrica | L E Y Nº 2 4 . 0 6 5 | Fdo. P/Comp. | Tarifa Elect.
Córdoba,informacion_consolidada2025_5.xlsx,febrero,2025,month,2025-02,Subtotal,350438.6172,Subtotal
Córdoba,informacion_consolidada2025_5.xlsx,febrero,2025,month,2025-02,Subtotal,350449.0589,Subtotal
Córdoba,informacion_consolidada2025_5.xlsx,febrero,2025,month,2025-02,Total | (1) + (2),369554.6506769527,Total | (1) + (2)
Córdoba,informacion_consolidada2025_5.xlsx,febrero,2025,month,2025-02,Total | Recursos | Origen Nacional | (1),366189.3307169527,Total | Recursos | Origen Nacional | (1)
Córdoba,informacion_consolidada2025_5.xlsx,febrero,2025,month,2025-02,Transfer. | De Servicios | Ley | Nº 24.049,10.4417,Transfer. | De Servicios | Ley | Nº 24.049
Córdoba,informacion_consolidada2025_5.xlsx,febrero,2025,month,2025-02,Vialidad | Provincial,2320.8808,Vialidad | Provincial
Córdoba,informacion_consolidada2025_5.xlsx,marzo,2025,month,2025-03,C.F.I. | Neta De | Ley Nº 26.075,297822.4991,CFI | Neta
Córdoba,informacion_consolidada2025_5.xlsx,marzo,2025,month,2025-03,Compensación | Consenso Fiscal | II. a y b; II. d y e | (2),3028.787964,Compensación Consenso Fiscal
Córdoba,informacion_consolidada2025_5.xlsx,marzo,2025,month,2025-03,F.E.D.E.I.,86.89461845000001,F.E.D.E.I.
Córdoba,informacion_consolidada2025_5.xlsx,marzo,2025,month,2025-03,F.E.D.E.I.,152.26435066181008,F.E.D.E.I.
Córdoba,informacion_consolidada2025_5.xlsx,marzo,2025,month,2025-03,Financ. | Educativo | Ley Nº 26.075,19482.39487416,Financiamiento Educativo
Córdoba,informacion_consolidada2025_5.xlsx,marzo,2025,month,2025-03,Fondo | Compens. | de | Desequilib.,0.5,Fondo | Compens. | de | Desequilib.
Córdoba,informacion_consolidada2025_5.xlsx,marzo,2025,month,2025-03,I.V.A. | Ley Nº 23.966 | Art. 5 | Punto 2,4472.3106,I.V.A. | Ley Nº 23.966 | Art. 5 | Punto 2
Córdoba,informacion_consolidada2025_5.xlsx,marzo,2025,month,2025-03,Impuesto a los Combustibles Líquidos | Ley Nº 23.966 y Nº 24.699 | Obras de | Infraestr.,759.4506,Impuesto a los Combustibles Líquidos | Ley Nº 23.966 y Nº 24.699 | Obras de | Infraestr.
Córdoba,informacion_consolidada2025_5.xlsx,marzo,2025,month,2025-03,Impuesto s/ | Los Activos | Fdo. Educ. | Ley Nº 23.906,0.0,Impuesto s/ | Los Activos | Fdo. Educ. | Ley Nº 23.906
Córdoba,informacion_consolidada2025_5.xlsx,marzo,2025,month,2025-03,Impuesto sobre los | Bienes Personales | Ley | Nº 24.699,1434.4593,Impuesto sobre los | Bienes Personales | Ley | Nº 24.699
Córdoba,informacion_consolidada2025_5.xlsx,marzo,2025,month,2025-03,Ley Nº 23.966 | Art. 30,288.4309,Ley Nº 23.966 | Art. 30
Córdoba,informacion_consolidada2025_5.xlsx,marzo,2025,month,2025-03,Ley Nº 24.464 | FO.NA.VI.,2358.9321,Ley Nº 24.464 | FO.NA.VI.
Córdoba,informacion_consolidada2025_5.xlsx,marzo,2025,month,2025-03,Reg.Simplif. | P/Peq.Contrib. | Ley Nº 24.977 | Aart. 59 Inc. A,1182.8431,Reg.Simplif. | P/Peq.Contrib. | Ley Nº 24.977 | Aart. 59 Inc. A
Córdoba,informacion_consolidada2025_5.xlsx,marzo,2025,month,2025-03,Régimen de la Energía Eléctrica | L E Y Nº 2 4 . 0 6 5 | Fdo. P/Comp. | Tarifa Elect.,198.11028547298773,Régimen de la Energía Eléctrica | L E Y Nº 2 4 . 0 6 5 | Fdo. P/Comp. | Tarifa Elect.
Córdoba,informacion_consolidada2025_5.xlsx,marzo,2025,month,2025-03,Subtotal,317304.89397416,Subtotal
Córdoba,informacion_consolidada2025_5.xlsx,marzo,2025,month,2025-03,Subtotal,317315.33567416004,Subtotal
Córdoba,informacion_consolidada2025_5.xlsx,marzo,2025,month,2025-03,Total | (1) + (2),333398.02259274485,Total | (1) + (2)
Córdoba,informacion_consolidada2025_5.xlsx,marzo,2025,month,2025-03,Total | Recursos | Origen Nacional | (1),330369.23462874483,Total | Recursos | Origen Nacional | (1)
Córdoba,informacion_consolidada2025_5.xlsx,marzo,2025,month,2025-03,Transfer. | De Servicios | Ley | Nº 24.049,10.4417,Transfer. | De Servicios | Ley | Nº 24.049
Córdoba,informacion_consolidada2025_5.xlsx,marzo,2025,month,2025-03,Vialidad | Provincial,2119.7031,Vialidad | Provincial
Córdoba,informacion_consolidada2025_5.xlsx,abril,2025,month,2025-04,C.F.I. | Neta De | Ley Nº 26.075,263175.1461,CFI | Neta
Córdoba,informacion_consolidada2025_5.xlsx,abril,2025,month,2025-04,Compensación | Consenso Fiscal | II. a y b; II. d y e | (2),3547.442994,Compensación Consenso Fiscal
Córdoba,informacion_consolidada2025_5.xlsx,abril,2025,month,2025-04,F.E.D.E.I.,109.58215049572523,F.E.D.E.I.
Córdoba,informacion_consolidada2025_5.xlsx,abril,2025,month,2025-04,F.E.D.E.I.,131.33269372811878,F.E.D.E.I.
Córdoba,informacion_consolidada2025_5.xlsx,abril,2025,month,2025-04,Financ. | Educativo | Ley Nº 26.075,77929.57949663996,Financiamiento Educativo
Córdoba,informacion_consolidada2025_5.xlsx,abril,2025,month,2025-04,Fondo | Compens. | de | Desequilib.,0.5,Fondo | Compens. | de | Desequilib.
Córdoba,informacion_consolidada2025_5.xlsx,abril,2025,month,2025-04,I.V.A. | Ley Nº 23.966 | Art. 5 | Punto 2,4777.3295,I.V.A. | Ley Nº 23.966 | Art. 5 | Punto 2
Córdoba,informacion_consolidada2025_5.xlsx,abril,2025,month,2025-04,Impuesto a los Combustibles Líquidos | Ley Nº 23.966 y Nº 24.699 | Obras de | Infraestr.,843.2636,Impuesto a los Combustibles Líquidos | Ley Nº 23.966 y Nº 24.699 | Obras de | Infraestr.
Córdoba,informacion_consolidada2025_5.xlsx,abril,2025,month,2025-04,Impuesto s/ | Los Activos | Fdo. Educ. | Ley Nº 23.906,0.0,Impuesto s/ | Los Activos | Fdo. Educ. | Ley Nº 23.906
Córdoba,informacion_consolidada2025_5.xlsx,abril,2025,month,2025-04,Impuesto sobre los | Bienes Personales | Ley | Nº 24.699,2682.3455,Impuesto sobre los | Bienes Personales | Ley | Nº 24.699
Córdoba,informacion_consolidada2025_5.xlsx,abril,2025,month,2025-04,Ley Nº 23.966 | Art. 30,539.3469,Ley Nº 23.966 | Art. 30
Córdoba,informacion_consolidada2025_5.xlsx,abril,2025,month,2025-04,Ley Nº 24.464 | FO.NA.VI.,2619.2639,Ley Nº 24.464 | FO.NA.VI.
Córdoba,informacion_consolidada2025_5.xlsx,abril,2025,month,2025-04,Reg.Simplif. | P/Peq.Contrib. | Ley Nº 24.977 | Aart. 59 Inc. A,1211.8424,Reg.Simplif. | P/Peq.Contrib. | Ley Nº 24.977 | Aart. 59 Inc. A
Córdoba,informacion_consolidada2025_5.xlsx,abril,2025,month,2025-04,Régimen de la Energía Eléctrica | L E Y Nº 2 4 . 0 6 5 | Fdo. P/Comp. | Tarifa Elect.,170.876225020525,Régimen de la Energía Eléctrica | L E Y Nº 2 4 . 0 6 5 | Fdo. P/Comp. | Tarifa Elect.
Córdoba,informacion_consolidada2025_5.xlsx,abril,2025,month,2025-04,Subtotal,341104.72559663997,Subtotal
Córdoba,informacion_consolidada2025_5.xlsx,abril,2025,month,2025-04,Subtotal,341115.16729664,Subtotal
Córdoba,informacion_consolidada2025_5.xlsx,abril,2025,month,2025-04,Total | (1) + (2),360101.92675988434,Total | (1) + (2)
Córdoba,informacion_consolidada2025_5.xlsx,abril,2025,month,2025-04,Total | Recursos | Origen Nacional | (1),356554.48376588436,Total | Recursos | Origen Nacional | (1)
Córdoba,informacion_consolidada2025_5.xlsx,abril,2025,month,2025-04,Transfer. | De Servicios | Ley | Nº 24.049,10.4417,Transfer. | De Servicios | Ley | Nº 24.049
Córdoba,informacion_consolidada2025_5.xlsx,abril,2025,month,2025-04,Vialidad | Provincial,2353.6336,Vialidad | Provincial
Córdoba,informacion_consolidada2025_5.xlsx,mayo,2025,month,2025-05,C.F.I. | Neta De | Ley Nº 26.075,362845.80710000003,CFI | Neta
Córdoba,informacion_consolidada2025_5.xlsx,mayo,2025,month,2025-05,Compensación | Consenso Fiscal | II. a y b; II. d y e | (2),3734.15052,Compensación Consenso Fiscal
Córdoba,informacion_consolidada2025_5.xlsx,mayo,2025,month,2025-05,F.E.D.E.I.,211.25900365667474,F.E.D.E.I.
Córdoba,informacion_consolidada2025_5.xlsx,mayo,2025,month,2025-05,F.E.D.E.I.,488.74226440980135,F.E.D.E.I.
Córdoba,informacion_consolidada2025_5.xlsx,mayo,2025,month,2025-05,Financ. | Educativo | Ley Nº 26.075,80364.87885591006,Financiamiento Educativo
Córdoba,informacion_consolidada2025_5.xlsx,mayo,2025,month,2025-05,Fondo | Compens. | de | Desequilib.,0.5,Fondo | Compens. | de | Desequilib.
Córdoba,informacion_consolidada2025_5.xlsx,mayo,2025,month,2025-05,I.V.A. | Ley Nº 23.966 | Art. 5 | Punto 2,4479.1275,I.V.A. | Ley Nº 23.966 | Art. 5 | Punto 2
Córdoba,informacion_consolidada2025_5.xlsx,mayo,2025,month,2025-05,Impuesto a los Combustibles Líquidos | Ley Nº 23.966 y Nº 24.699 | Obras de | Infraestr.,917.5321,Impuesto a los Combustibles Líquidos | Ley Nº 23.966 y Nº 24.699 | Obras de | Infraestr.
Córdoba,informacion_consolidada2025_5.xlsx,mayo,2025,month,2025-05,Impuesto s/ | Los Activos | Fdo. Educ. | Ley Nº 23.906,0.0,Impuesto s/ | Los Activos | Fdo. Educ. | Ley Nº 23.906
Córdoba,informacion_consolidada2025_5.xlsx,mayo,2025,month,2025-05,Impuesto sobre los | Bienes Personales | Ley | Nº 24.699,1852.1065,Impuesto sobre los | Bienes Personales | Ley | Nº 24.699
Córdoba,informacion_consolidada2025_5.xlsx,mayo,2025,month,2025-05,Ley Nº 23.966 | Art. 30,372.40840000000003,Ley Nº 23.966 | Art. 30
Córdoba,informacion_consolidada2025_5.xlsx,mayo,2025,month,2025-05,Ley Nº 24.464 | FO.NA.VI.,2849.9497,Ley Nº 24.464 | FO.NA.VI.
Córdoba,informacion_consolidada2025_5.xlsx,mayo,2025,month,2025-05,Reg.Simplif. | P/Peq.Contrib. | Ley Nº 24.977 | Aart. 59 Inc. A,1271.9903,Reg.Simplif. | P/Peq.Contrib. | Ley Nº 24.977 | Aart. 59 Inc. A
Córdoba,informacion_consolidada2025_5.xlsx,mayo,2025,month,2025-05,Régimen de la Energía Eléctrica | L E Y Nº 2 4 . 0 6 5 | Fdo. P/Comp. | Tarifa Elect.,291.44131060218746,Régimen de la Energía Eléctrica | L E Y Nº 2 4 . 0 6 5 | Fdo. P/Comp. | Tarifa Elect.
Córdoba,informacion_consolidada2025_5.xlsx,mayo,2025,month,2025-05,Subtotal,443210.6859559101,Subtotal
Córdoba,informacion_consolidada2025_5.xlsx,mayo,2025,month,2025-05,Subtotal,443221.12765591015,Subtotal
Córdoba,informacion_consolidada2025_5.xlsx,mayo,2025,month,2025-05,Total | (1) + (2),462251.2597545789,Total | (1) + (2)
Córdoba,informacion_consolidada2025_5.xlsx,mayo,2025,month,2025-05,Total | Recursos | Origen Nacional | (1),458517.10923457885,Total | Recursos | Origen Nacional | (1)
Córdoba,informacion_consolidada2025_5.xlsx,mayo,2025,month,2025-05,Transfer. | De Servicios | Ley | Nº 24.049,10.4417,Transfer. | De Servicios | Ley | Nº 24.049
Córdoba,informacion_consolidada2025_5.xlsx,mayo,2025,month,2025-05,Vialidad | Provincial,2560.9245,Vialidad | Provincial
Córdoba,informacion_consolidada2025_5.xlsx,junio,2025,month,2025-06,C.F.I. | Neta De | Ley Nº 26.075,297641.25669999997,CFI | Neta
Córdoba,informacion_consolidada2025_5.xlsx,junio,2025,month,2025-06,Compensación | Consenso Fiscal | II. a y b; II. d y e | (2),3547.442994,Compensación Consenso Fiscal
Córdoba,informacion_consolidada2025_5.xlsx,junio,2025,month,2025-06,F.E.D.E.I.,120.89180451545191,F.E.D.E.I.
Córdoba,informacion_consolidada2025_5.xlsx,junio,2025,month,2025-06,F.E.D.E.I.,140.11588322263276,F.E.D.E.I.
Córdoba,informacion_consolidada2025_5.xlsx,junio,2025,month,2025-06,Financ. | Educativo | Ley Nº 26.075,77929.57949663994,Financiamiento Educativo
Córdoba,informacion_consolidada2025_5.xlsx,junio,2025,month,2025-06,Fondo | Compens. | de | Desequilib.,0.5,Fondo | Compens. | de | Desequilib.
Córdoba,informacion_consolidada2025_5.xlsx,junio,2025,month,2025-06,I.V.A. | Ley Nº 23.966 | Art. 5 | Punto 2,5195.922,I.V.A. | Ley Nº 23.966 | Art. 5 | Punto 2
Córdoba,informacion_consolidada2025_5.xlsx,junio,2025,month,2025-06,Impuesto a los Combustibles Líquidos | Ley Nº 23.966 y Nº 24.699 | Obras de | Infraestr.,990.9319,Impuesto a los Combustibles Líquidos | Ley Nº 23.966 y Nº 24.699 | Obras de | Infraestr.
Córdoba,informacion_consolidada2025_5.xlsx,junio,2025,month,2025-06,Impuesto s/ | Los Activos | Fdo. Educ. | Ley Nº 23.906,0.0,Impuesto s/ | Los Activos | Fdo. Educ. | Ley Nº 23.906
Córdoba,informacion_consolidada2025_5.xlsx,junio,2025,month,2025-06,Impuesto sobre los | Bienes Personales | Ley | Nº 24.699,53997.4412,Impuesto sobre los | Bienes Personales | Ley | Nº 24.699
Córdoba,informacion_consolidada2025_5.xlsx,junio,2025,month,2025-06,Ley Nº 23.966 | Art. 30,10857.420900000001,Ley Nº 23.966 | Art. 30
Córdoba,informacion_consolidada2025_5.xlsx,junio,2025,month,2025-06,Ley Nº 24.464 | FO.NA.VI.,3077.9368,Ley Nº 24.464 | FO.NA.VI.
Córdoba,informacion_consolidada2025_5.xlsx,junio,2025,month,2025-06,Reg.Simplif. | P/Peq.Contrib. | Ley Nº 24.977 | Aart. 59 Inc. A,1298.3118,Reg.Simplif. | P/Peq.Contrib. | Ley Nº 24.977 | Aart. 59 Inc. A
Córdoba,informacion_consolidada2025_5.xlsx,junio,2025,month,2025-06,Régimen de la Energía Eléctrica | L E Y Nº 2 4 . 0 6 5 | Fdo. P/Comp. | Tarifa Elect.,526.3442589509257,Régimen de la Energía Eléctrica | L E Y Nº 2 4 . 0 6 5 | Fdo. P/Comp. | Tarifa Elect.
Córdoba,informacion_consolidada2025_5.xlsx,junio,2025,month,2025-06,Subtotal,375570.8361966399,Subtotal
Córdoba,informacion_consolidada2025_5.xlsx,junio,2025,month,2025-06,Subtotal,375581.27789663995,Subtotal
Córdoba,informacion_consolidada2025_5.xlsx,junio,2025,month,2025-06,Total | (1) + (2),458100.328037329,Total | (1) + (2)
Córdoba,informacion_consolidada2025_5.xlsx,junio,2025,month,2025-06,Total | Recursos | Origen Nacional | (1),454552.88504332904,Total | Recursos | Origen Nacional | (1)
Córdoba,informacion_consolidada2025_5.xlsx,junio,2025,month,2025-06,Transfer. | De Servicios | Ley | Nº 24.049,10.4417,Transfer. | De Servicios | Ley | Nº 24.049
Córdoba,informacion_consolidada2025_5.xlsx,junio,2025,month,2025-06,Vialidad | Provincial,2765.7906000000003,Vialidad | Provincial
Córdoba,informacion_consolidada2025_5.xlsx,julio,2025,month,2025-07,C.F.I. | Neta De | Ley Nº 26.075,309523.0346,CFI | Neta
Córdoba,informacion_consolidada2025_5.xlsx,julio,2025,month,2025-07,Compensación | Consenso Fiscal | II. a y b; II. d y e | (2),6026.266532,Compensación Consenso Fiscal
Córdoba,informacion_consolidada2025_5.xlsx,julio,2025,month,2025-07,F.E.D.E.I.,130.66376590925566,F.E.D.E.I.
Córdoba,informacion_consolidada2025_5.xlsx,julio,2025,month,2025-07,F.E.D.E.I.,224.15389299292323,F.E.D.E.I.
Córdoba,informacion_consolidada2025_5.xlsx,julio,2025,month,2025-07,Financ. | Educativo | Ley Nº 26.075,85235.47757444976,Financiamiento Educativo
Córdoba,informacion_consolidada2025_5.xlsx,julio,2025,month,2025-07,Fondo | Compens. | de | Desequilib.,0.5,Fondo | Compens. | de | Desequilib.
Córdoba,informacion_consolidada2025_5.xlsx,julio,2025,month,2025-07,I.V.A. | Ley Nº 23.966 | Art. 5 | Punto 2,5228.8888,I.V.A. | Ley Nº 23.966 | Art. 5 | Punto 2
Córdoba,informacion_consolidada2025_5.xlsx,julio,2025,month,2025-07,Impuesto a los Combustibles Líquidos | Ley Nº 23.966 y Nº 24.699 | Obras de | Infraestr.,885.4849,Impuesto a los Combustibles Líquidos | Ley Nº 23.966 y Nº 24.699 | Obras de | Infraestr.
Córdoba,informacion_consolidada2025_5.xlsx,julio,2025,month,2025-07,Impuesto s/ | Los Activos | Fdo. Educ. | Ley Nº 23.906,0.0,Impuesto s/ | Los Activos | Fdo. Educ. | Ley Nº 23.906
Córdoba,informacion_consolidada2025_5.xlsx,julio,2025,month,2025-07,Impuesto sobre los | Bienes Personales | Ley | Nº 24.699,4904.7198,Impuesto sobre los | Bienes Personales | Ley | Nº 24.699
Córdoba,informacion_consolidada2025_5.xlsx,julio,2025,month,2025-07,Ley Nº 23.966 | Art. 30,986.2061,Ley Nº 23.966 | Art. 30
Córdoba,informacion_consolidada2025_5.xlsx,julio,2025,month,2025-07,Ley Nº 24.464 | FO.NA.VI.,2750.4075,Ley Nº 24.464 | FO.NA.VI.
Córdoba,informacion_consolidada2025_5.xlsx,julio,2025,month,2025-07,Reg.Simplif. | P/Peq.Contrib. | Ley Nº 24.977 | Aart. 59 Inc. A,1312.7108999999998,Reg.Simplif. | P/Peq.Contrib. | Ley Nº 24.977 | Aart. 59 Inc. A
Córdoba,informacion_consolidada2025_5.xlsx,julio,2025,month,2025-07,Régimen de la Energía Eléctrica | L E Y Nº 2 4 . 0 6 5 | Fdo. P/Comp. | Tarifa Elect.,291.41381786331243,Régimen de la Energía Eléctrica | L E Y Nº 2 4 . 0 6 5 | Fdo. P/Comp. | Tarifa Elect.
Córdoba,informacion_consolidada2025_5.xlsx,julio,2025,month,2025-07,Subtotal,394758.51217444974,Subtotal
Córdoba,informacion_consolidada2025_5.xlsx,julio,2025,month,2025-07,Subtotal,394768.95387444977,Subtotal
Córdoba,informacion_consolidada2025_5.xlsx,julio,2025,month,2025-07,Total | (1) + (2),419981.8471832153,Total | (1) + (2)
Córdoba,informacion_consolidada2025_5.xlsx,julio,2025,month,2025-07,Total | Recursos | Origen Nacional | (1),413955.58065121534,Total | Recursos | Origen Nacional | (1)
Córdoba,informacion_consolidada2025_5.xlsx,julio,2025,month,2025-07,Transfer. | De Servicios | Ley | Nº 24.049,10.4417,Transfer. | De Servicios | Ley | Nº 24.049
Córdoba,informacion_consolidada2025_5.xlsx,julio,2025,month,2025-07,Vialidad | Provincial,2471.4773,Vialidad | Provincial
Córdoba,informacion_consolidada2025_5.xlsx,agosto,2025,month,2025-08,C.F.I. | Neta De | Ley Nº 26.075,353022.1991,CFI | Neta
Córdoba,informacion_consolidada2025_5.xlsx,agosto,2025,month,2025-08,Compensación | Consenso Fiscal | II. a y b; II. d y e | (2),5478.42412,Compensación Consenso Fiscal
Córdoba,informacion_consolidada2025_5.xlsx,agosto,2025,month,2025-08,F.E.D.E.I.,116.54650086873703,F.E.D.E.I.
Córdoba,informacion_consolidada2025_5.xlsx,agosto,2025,month,2025-08,F.E.D.E.I.,154.6391624833038,F.E.D.E.I.
Córdoba,informacion_consolidada2025_5.xlsx,agosto,2025,month,2025-08,Financ. | Educativo | Ley Nº 26.075,48705.987185399776,Financiamiento Educativo
Córdoba,informacion_consolidada2025_5.xlsx,agosto,2025,month,2025-08,Fondo | Compens. | de | Desequilib.,0.5,Fondo | Compens. | de | Desequilib.
Córdoba,informacion_consolidada2025_5.xlsx,agosto,2025,month,2025-08,I.V.A. | Ley Nº 23.966 | Art. 5 | Punto 2,5337.658,I.V.A. | Ley Nº 23.966 | Art. 5 | Punto 2
Córdoba,informacion_consolidada2025_5.xlsx,agosto,2025,month,2025-08,Impuesto a los Combustibles Líquidos | Ley Nº 23.966 y Nº 24.699 | Obras de | Infraestr.,1046.8526,Impuesto a los Combustibles Líquidos | Ley Nº 23.966 y Nº 24.699 | Obras de | Infraestr.
Córdoba,informacion_consolidada2025_5.xlsx,agosto,2025,month,2025-08,Impuesto s/ | Los Activos | Fdo. Educ. | Ley Nº 23.906,0.28798949,Impuesto s/ | Los Activos | Fdo. Educ. | Ley Nº 23.906
Córdoba,informacion_consolidada2025_5.xlsx,agosto,2025,month,2025-08,Impuesto sobre los | Bienes Personales | Ley | Nº 24.699,5061.6095,Impuesto sobre los | Bienes Personales | Ley | Nº 24.699
Córdoba,informacion_consolidada2025_5.xlsx,agosto,2025,month,2025-08,Ley Nº 23.966 | Art. 30,1017.7524000000001,Ley Nº 23.966 | Art. 30
Córdoba,informacion_consolidada2025_5.xlsx,agosto,2025,month,2025-08,Ley Nº 24.464 | FO.NA.VI.,3251.6324,Ley Nº 24.464 | FO.NA.VI.
Córdoba,informacion_consolidada2025_5.xlsx,agosto,2025,month,2025-08,Reg.Simplif. | P/Peq.Contrib. | Ley Nº 24.977 | Aart. 59 Inc. A,1869.8318000000002,Reg.Simplif. | P/Peq.Contrib. | Ley Nº 24.977 | Aart. 59 Inc. A
Córdoba,informacion_consolidada2025_5.xlsx,agosto,2025,month,2025-08,Régimen de la Energía Eléctrica | L E Y Nº 2 4 . 0 6 5 | Fdo. P/Comp. | Tarifa Elect.,201.0404018810224,Régimen de la Energía Eléctrica | L E Y Nº 2 4 . 0 6 5 | Fdo. P/Comp. | Tarifa Elect.
Córdoba,informacion_consolidada2025_5.xlsx,agosto,2025,month,2025-08,Subtotal,401728.18628539983,Subtotal
Córdoba,informacion_consolidada2025_5.xlsx,agosto,2025,month,2025-08,Subtotal,401738.62798539986,Subtotal
Córdoba,informacion_consolidada2025_5.xlsx,agosto,2025,month,2025-08,Total | (1) + (2),428197.2737601229,Total | (1) + (2)
Córdoba,informacion_consolidada2025_5.xlsx,agosto,2025,month,2025-08,Total | Recursos | Origen Nacional | (1),422718.8496401229,Total | Recursos | Origen Nacional | (1)
Córdoba,informacion_consolidada2025_5.xlsx,agosto,2025,month,2025-08,Transfer. | De Servicios | Ley | Nº 24.049,10.4417,Transfer. | De Servicios | Ley | Nº 24.049
Córdoba,informacion_consolidada2025_5.xlsx,agosto,2025,month,2025-08,Vialidad | Provincial,2921.8709,Vialidad | Provincial
Córdoba,informacion_consolidada2025_5.xlsx,septiembre,2025,month,2025-09,C.F.I. | Neta De | Ley Nº 26.075,343111.5053,CFI | Neta
Córdoba,informacion_consolidada2025_5.xlsx,septiembre,2025,month,2025-09,Compensación | Consenso Fiscal | II. a y b; II. d y e | (2),6026.266532,Compensación Consenso Fiscal
Córdoba,informacion_consolidada2025_5.xlsx,septiembre,2025,month,2025-09,F.E.D.E.I.,137.9683294040183,F.E.D.E.I.
Córdoba,informacion_consolidada2025_5.xlsx,septiembre,2025,month,2025-09,F.E.D.E.I.,192.53846488687938,F.E.D.E.I.
Córdoba,informacion_consolidada2025_5.xlsx,septiembre,2025,month,2025-09,Financ. | Educativo | Ley Nº 26.075,53576.58590394028,Financiamiento Educativo
Córdoba,informacion_consolidada2025_5.xlsx,septiembre,2025,month,2025-09,Fondo | Compens. | de | Desequilib.,0.5,Fondo | Compens. | de | Desequilib.
Córdoba,informacion_consolidada2025_5.xlsx,septiembre,2025,month,2025-09,I.V.A. | Ley Nº 23.966 | Art. 5 | Punto 2,5581.0010999999995,I.V.A. | Ley Nº 23.966 | Art. 5 | Punto 2
Córdoba,informacion_consolidada2025_5.xlsx,septiembre,2025,month,2025-09,Impuesto a los Combustibles Líquidos | Ley Nº 23.966 y Nº 24.699 | Obras de | Infraestr.,1082.8172,Impuesto a los Combustibles Líquidos | Ley Nº 23.966 y Nº 24.699 | Obras de | Infraestr.
Córdoba,informacion_consolidada2025_5.xlsx,septiembre,2025,month,2025-09,Impuesto s/ | Los Activos | Fdo. Educ. | Ley Nº 23.906,0.0,Impuesto s/ | Los Activos | Fdo. Educ. | Ley Nº 23.906
Córdoba,informacion_consolidada2025_5.xlsx,septiembre,2025,month,2025-09,Impuesto sobre los | Bienes Personales | Ley | Nº 24.699,4536.418,Impuesto sobre los | Bienes Personales | Ley | Nº 24.699
Córdoba,informacion_consolidada2025_5.xlsx,septiembre,2025,month,2025-09,Ley Nº 23.966 | Art. 30,912.1505999999999,Ley Nº 23.966 | Art. 30
Córdoba,informacion_consolidada2025_5.xlsx,septiembre,2025,month,2025-09,Ley Nº 24.464 | FO.NA.VI.,3363.3423,Ley Nº 24.464 | FO.NA.VI.
Córdoba,informacion_consolidada2025_5.xlsx,septiembre,2025,month,2025-09,Reg.Simplif. | P/Peq.Contrib. | Ley Nº 24.977 | Aart. 59 Inc. A,1973.2563,Reg.Simplif. | P/Peq.Contrib. | Ley Nº 24.977 | Aart. 59 Inc. A
Córdoba,informacion_consolidada2025_5.xlsx,septiembre,2025,month,2025-09,Régimen de la Energía Eléctrica | L E Y Nº 2 4 . 0 6 5 | Fdo. P/Comp. | Tarifa Elect.,250.31182100547878,Régimen de la Energía Eléctrica | L E Y Nº 2 4 . 0 6 5 | Fdo. P/Comp. | Tarifa Elect.
Córdoba,informacion_consolidada2025_5.xlsx,septiembre,2025,month,2025-09,Subtotal,396688.0912039403,Subtotal
Córdoba,informacion_consolidada2025_5.xlsx,septiembre,2025,month,2025-09,Subtotal,396698.5329039403,Subtotal
Córdoba,informacion_consolidada2025_5.xlsx,septiembre,2025,month,2025-09,Total | (1) + (2),423777.35545123665,Total | (1) + (2)
Córdoba,informacion_consolidada2025_5.xlsx,septiembre,2025,month,2025-09,Total | Recursos | Origen Nacional | (1),417751.0889192367,Total | Recursos | Origen Nacional | (1)
Córdoba,informacion_consolidada2025_5.xlsx,septiembre,2025,month,2025-09,Transfer. | De Servicios | Ley | Nº 24.049,10.4417,Transfer. | De Servicios | Ley | Nº 24.049
Córdoba,informacion_consolidada2025_5.xlsx,septiembre,2025,month,2025-09,Vialidad | Provincial,3022.2518999999998,Vialidad | Provincial
Córdoba,informacion_consolidada2025_5.xlsx,octubre,2025,month,2025-10,C.F.I. | Neta De | Ley Nº 26.075,373342.9735,CFI | Neta
Córdoba,informacion_consolidada2025_5.xlsx,octubre,2025,month,2025-10,Compensación | Consenso Fiscal | II. a y b; II. d y e | (2),6993.663974,Compensación Consenso Fiscal
Córdoba,informacion_consolidada2025_5.xlsx,octubre,2025,month,2025-10,F.E.D.E.I.,142.73409719188612,F.E.D.E.I.
Córdoba,informacion_consolidada2025_5.xlsx,octubre,2025,month,2025-10,F.E.D.E.I.,188.87399573877684,F.E.D.E.I.
Córdoba,informacion_consolidada2025_5.xlsx,octubre,2025,month,2025-10,Financ. | Educativo | Ley Nº 26.075,56011.885263210446,Financiamiento Educativo
Córdoba,informacion_consolidada2025_5.xlsx,octubre,2025,month,2025-10,Fondo | Compens. | de | Desequilib.,0.5,Fondo | Compens. | de | Desequilib.
Córdoba,informacion_consolidada2025_5.xlsx,octubre,2025,month,2025-10,I.V.A. | Ley Nº 23.966 | Art. 5 | Punto 2,5832.967799999999,I.V.A. | Ley Nº 23.966 | Art. 5 | Punto 2
Córdoba,informacion_consolidada2025_5.xlsx,octubre,2025,month,2025-10,Impuesto a los Combustibles Líquidos | Ley Nº 23.966 y Nº 24.699 | Obras de | Infraestr.,1040.4388000000001,Impuesto a los Combustibles Líquidos | Ley Nº 23.966 y Nº 24.699 | Obras de | Infraestr.
Córdoba,informacion_consolidada2025_5.xlsx,octubre,2025,month,2025-10,Impuesto s/ | Los Activos | Fdo. Educ. | Ley Nº 23.906,0.0,Impuesto s/ | Los Activos | Fdo. Educ. | Ley Nº 23.906
Córdoba,informacion_consolidada2025_5.xlsx,octubre,2025,month,2025-10,Impuesto sobre los | Bienes Personales | Ley | Nº 24.699,4478.7341,Impuesto sobre los | Bienes Personales | Ley | Nº 24.699
Córdoba,informacion_consolidada2025_5.xlsx,octubre,2025,month,2025-10,Ley Nº 23.966 | Art. 30,900.552,Ley Nº 23.966 | Art. 30
Córdoba,informacion_consolidada2025_5.xlsx,octubre,2025,month,2025-10,Ley Nº 24.464 | FO.NA.VI.,3231.7104,Ley Nº 24.464 | FO.NA.VI.
Córdoba,informacion_consolidada2025_5.xlsx,octubre,2025,month,2025-10,Reg.Simplif. | P/Peq.Contrib. | Ley Nº 24.977 | Aart. 59 Inc. A,2071.1971000000003,Reg.Simplif. | P/Peq.Contrib. | Ley Nº 24.977 | Aart. 59 Inc. A
Córdoba,informacion_consolidada2025_5.xlsx,octubre,2025,month,2025-10,Régimen de la Energía Eléctrica | L E Y Nº 2 4 . 0 6 5 | Fdo. P/Comp. | Tarifa Elect.,245.54778620985766,Régimen de la Energía Eléctrica | L E Y Nº 2 4 . 0 6 5 | Fdo. P/Comp. | Tarifa Elect.
Córdoba,informacion_consolidada2025_5.xlsx,octubre,2025,month,2025-10,Subtotal,429354.8587632105,Subtotal
Córdoba,informacion_consolidada2025_5.xlsx,octubre,2025,month,2025-10,Subtotal,429365.3004632105,Subtotal
Córdoba,informacion_consolidada2025_5.xlsx,octubre,2025,month,2025-10,Total | (1) + (2),457396.18981635105,Total | (1) + (2)
Córdoba,informacion_consolidada2025_5.xlsx,octubre,2025,month,2025-10,Total | Recursos | Origen Nacional | (1),450402.525842351,Total | Recursos | Origen Nacional | (1)
Córdoba,informacion_consolidada2025_5.xlsx,octubre,2025,month,2025-10,Transfer. | De Servicios | Ley | Nº 24.049,10.4417,Transfer. | De Servicios | Ley | Nº 24.049
Córdoba,informacion_consolidada2025_5.xlsx,octubre,2025,month,2025-10,Vialidad | Provincial,2903.9692999999997,Vialidad | Provincial
Córdoba,informacion_consolidada2025_5.xlsx,noviembre,2025,month,2025-11,C.F.I. | Neta De | Ley Nº 26.075,375891.32910000003,CFI | Neta
Córdoba,informacion_consolidada2025_5.xlsx,noviembre,2025,month,2025-11,Compensación | Consenso Fiscal | II. a y b; II. d y e | (2),5404.194889,Compensación Consenso Fiscal
Córdoba,informacion_consolidada2025_5.xlsx,noviembre,2025,month,2025-11,F.E.D.E.I.,0.0,F.E.D.E.I.
Córdoba,informacion_consolidada2025_5.xlsx,noviembre,2025,month,2025-11,F.E.D.E.I.,0.0,F.E.D.E.I.
Córdoba,informacion_consolidada2025_5.xlsx,noviembre,2025,month,2025-11,Financ. | Educativo | Ley Nº 26.075,41400.089107590335,Financiamiento Educativo
Córdoba,informacion_consolidada2025_5.xlsx,noviembre,2025,month,2025-11,Fondo | Compens. | de | Desequilib.,0.5,Fondo | Compens. | de | Desequilib.
Córdoba,informacion_consolidada2025_5.xlsx,noviembre,2025,month,2025-11,I.V.A. | Ley Nº 23.966 | Art. 5 | Punto 2,5464.48,I.V.A. | Ley Nº 23.966 | Art. 5 | Punto 2
Córdoba,informacion_consolidada2025_5.xlsx,noviembre,2025,month,2025-11,Impuesto a los Combustibles Líquidos | Ley Nº 23.966 y Nº 24.699 | Obras de | Infraestr.,1101.8946,Impuesto a los Combustibles Líquidos | Ley Nº 23.966 y Nº 24.699 | Obras de | Infraestr.
Córdoba,informacion_consolidada2025_5.xlsx,noviembre,2025,month,2025-11,Impuesto s/ | Los Activos | Fdo. Educ. | Ley Nº 23.906,0.0,Impuesto s/ | Los Activos | Fdo. Educ. | Ley Nº 23.906
Córdoba,informacion_consolidada2025_5.xlsx,noviembre,2025,month,2025-11,Impuesto sobre los | Bienes Personales | Ley | Nº 24.699,2706.0935,Impuesto sobre los | Bienes Personales | Ley | Nº 24.699
Córdoba,informacion_consolidada2025_5.xlsx,noviembre,2025,month,2025-11,Ley Nº 23.966 | Art. 30,544.122,Ley Nº 23.966 | Art. 30
Córdoba,informacion_consolidada2025_5.xlsx,noviembre,2025,month,2025-11,Ley Nº 24.464 | FO.NA.VI.,3422.5986000000003,Ley Nº 24.464 | FO.NA.VI.
Córdoba,informacion_consolidada2025_5.xlsx,noviembre,2025,month,2025-11,Reg.Simplif. | P/Peq.Contrib. | Ley Nº 24.977 | Aart. 59 Inc. A,2042.8977,Reg.Simplif. | P/Peq.Contrib. | Ley Nº 24.977 | Aart. 59 Inc. A
Córdoba,informacion_consolidada2025_5.xlsx,noviembre,2025,month,2025-11,Régimen de la Energía Eléctrica | L E Y Nº 2 4 . 0 6 5 | Fdo. P/Comp. | Tarifa Elect.,0.0,Régimen de la Energía Eléctrica | L E Y Nº 2 4 . 0 6 5 | Fdo. P/Comp. | Tarifa Elect.
Córdoba,informacion_consolidada2025_5.xlsx,noviembre,2025,month,2025-11,Subtotal,417291.41820759035,Subtotal
Córdoba,informacion_consolidada2025_5.xlsx,noviembre,2025,month,2025-11,Subtotal,417301.8599075904,Subtotal
Córdoba,informacion_consolidada2025_5.xlsx,noviembre,2025,month,2025-11,Total | (1) + (2),441064.1398965903,Total | (1) + (2)
Córdoba,informacion_consolidada2025_5.xlsx,noviembre,2025,month,2025-11,Total | Recursos | Origen Nacional | (1),435659.94500759034,Total | Recursos | Origen Nacional | (1)
Córdoba,informacion_consolidada2025_5.xlsx,noviembre,2025,month,2025-11,Transfer. | De Servicios | Ley | Nº 24.049,10.4417,Transfer. | De Servicios | Ley | Nº 24.049
Córdoba,informacion_consolidada2025_5.xlsx,noviembre,2025,month,2025-11,Vialidad | Provincial,3075.4987,Vialidad | Provincial
Córdoba,informacion_consolidada2025_5.xlsx,diciembre,2025,month,2025-12,C.F.I. | Neta De | Ley Nº 26.075,387434.70530000003,CFI | Neta
Córdoba,informacion_consolidada2025_5.xlsx,diciembre,2025,month,2025-12,Compensación | Consenso Fiscal | II. a y b; II. d y e | (2),6675.770157,Compensación Consenso Fiscal
Córdoba,informacion_consolidada2025_5.xlsx,diciembre,2025,month,2025-12,F.E.D.E.I.,282.3821113334942,F.E.D.E.I.
Córdoba,informacion_consolidada2025_5.xlsx,diciembre,2025,month,2025-12,F.E.D.E.I.,404.69740668966665,F.E.D.E.I.
Córdoba,informacion_consolidada2025_5.xlsx,diciembre,2025,month,2025-12,Financ. | Educativo | Ley Nº 26.075,51141.28654467041,Financiamiento Educativo
Córdoba,informacion_consolidada2025_5.xlsx,diciembre,2025,month,2025-12,Fondo | Compens. | de | Desequilib.,0.5,Fondo | Compens. | de | Desequilib.
Córdoba,informacion_consolidada2025_5.xlsx,diciembre,2025,month,2025-12,I.V.A. | Ley Nº 23.966 | Art. 5 | Punto 2,5592.7624000000005,I.V.A. | Ley Nº 23.966 | Art. 5 | Punto 2
Córdoba,informacion_consolidada2025_5.xlsx,diciembre,2025,month,2025-12,Impuesto a los Combustibles Líquidos | Ley Nº 23.966 y Nº 24.699 | Obras de | Infraestr.,1567.5197,Impuesto a los Combustibles Líquidos | Ley Nº 23.966 y Nº 24.699 | Obras de | Infraestr.
Córdoba,informacion_consolidada2025_5.xlsx,diciembre,2025,month,2025-12,Impuesto s/ | Los Activos | Fdo. Educ. | Ley Nº 23.906,0.00834448,Impuesto s/ | Los Activos | Fdo. Educ. | Ley Nº 23.906
Córdoba,informacion_consolidada2025_5.xlsx,diciembre,2025,month,2025-12,Impuesto sobre los | Bienes Personales | Ley | Nº 24.699,4502.5545,Impuesto sobre los | Bienes Personales | Ley | Nº 24.699
Córdoba,informacion_consolidada2025_5.xlsx,diciembre,2025,month,2025-12,Ley Nº 23.966 | Art. 30,905.3416,Ley Nº 23.966 | Art. 30
Córdoba,informacion_consolidada2025_5.xlsx,diciembre,2025,month,2025-12,Ley Nº 24.464 | FO.NA.VI.,4868.8782,Ley Nº 24.464 | FO.NA.VI.
Córdoba,informacion_consolidada2025_5.xlsx,diciembre,2025,month,2025-12,Reg.Simplif. | P/Peq.Contrib. | Ley Nº 24.977 | Aart. 59 Inc. A,2158.6508,Reg.Simplif. | P/Peq.Contrib. | Ley Nº 24.977 | Aart. 59 Inc. A
Córdoba,informacion_consolidada2025_5.xlsx,diciembre,2025,month,2025-12,Régimen de la Energía Eléctrica | L E Y Nº 2 4 . 0 6 5 | Fdo. P/Comp. | Tarifa Elect.,526.1314661500635,Régimen de la Energía Eléctrica | L E Y Nº 2 4 . 0 6 5 | Fdo. P/Comp. | Tarifa Elect.
Córdoba,informacion_consolidada2025_5.xlsx,diciembre,2025,month,2025-12,Subtotal,438575.99184467044,Subtotal
Córdoba,informacion_consolidada2025_5.xlsx,diciembre,2025,month,2025-12,Subtotal,438586.43354467046,Subtotal
Córdoba,informacion_consolidada2025_5.xlsx,diciembre,2025,month,2025-12,Total | (1) + (2),470446.7354303237,Total | (1) + (2)
Córdoba,informacion_consolidada2025_5.xlsx,diciembre,2025,month,2025-12,Total | Recursos | Origen Nacional | (1),463770.9652733237,Total | Recursos | Origen Nacional | (1)
Córdoba,informacion_consolidada2025_5.xlsx,diciembre,2025,month,2025-12,Transfer. | De Servicios | Ley | Nº 24.049,10.4417,Transfer. | De Servicios | Ley | Nº 24.049
Córdoba,informacion_consolidada2025_5.xlsx,diciembre,2025,month,2025-12,Vialidad | Provincial,4375.1052,Vialidad | Provincial
Córdoba,informacion_consolidada2025_5.xlsx,CONS,2025,consolidated,CONS,C.F.I. | Neta De | Ley Nº 26.075,4094323.8419000003,CFI | Neta
Córdoba,informacion_consolidada2025_5.xlsx,CONS,2025,consolidated,CONS,Compensación | Consenso Fiscal | II. a y b; II. d y e | (2),57529.58259199999,Compensación Consenso Fiscal
Córdoba,informacion_consolidada2025_5.xlsx,CONS,2025,consolidated,CONS,F.E.D.E.I.,1488.7114292252431,F.E.D.E.I.
Córdoba,informacion_consolidada2025_5.xlsx,CONS,2025,consolidated,CONS,F.E.D.E.I.,2167.1253466869994,F.E.D.E.I.
Córdoba,informacion_consolidada2025_5.xlsx,CONS,2025,consolidated,CONS,Financ. | Educativo | Ley Nº 26.075,591777.7444,Financiamiento Educativo
Córdoba,informacion_consolidada2025_5.xlsx,CONS,2025,consolidated,CONS,Fondo | Compens. | de | Desequilib.,6.0,Fondo | Compens. | de | Desequilib.
Córdoba,informacion_consolidada2025_5.xlsx,CONS,2025,consolidated,CONS,I.V.A. | Ley Nº 23.966 | Art. 5 | Punto 2,62203.2163,I.V.A. | Ley Nº 23.966 | Art. 5 | Punto 2
Córdoba,informacion_consolidada2025_5.xlsx,CONS,2025,consolidated,CONS,Impuesto a los Combustibles Líquidos | Ley Nº 23.966 y Nº 24.699 | Obras de | Infraestr.,11727.8198,Impuesto a los Combustibles Líquidos | Ley Nº 23.966 y Nº 24.699 | Obras de | Infraestr.
Córdoba,informacion_consolidada2025_5.xlsx,CONS,2025,consolidated,CONS,Impuesto s/ | Los Activos | Fdo. Educ. | Ley Nº 23.906,0.2963,Impuesto s/ | Los Activos | Fdo. Educ. | Ley Nº 23.906
Córdoba,informacion_consolidada2025_5.xlsx,CONS,2025,consolidated,CONS,Impuesto sobre los | Bienes Personales | Ley | Nº 24.699,91555.1311,Impuesto sobre los | Bienes Personales | Ley | Nº 24.699
Córdoba,informacion_consolidada2025_5.xlsx,CONS,2025,consolidated,CONS,Ley Nº 23.966 | Art. 30,18409.253700000005,Ley Nº 23.966 | Art. 30
Córdoba,informacion_consolidada2025_5.xlsx,CONS,2025,consolidated,CONS,Ley Nº 24.464 | FO.NA.VI.,36427.8206,Ley Nº 24.464 | FO.NA.VI.
Córdoba,informacion_consolidada2025_5.xlsx,CONS,2025,consolidated,CONS,Reg.Simplif. | P/Peq.Contrib. | Ley Nº 24.977 | Aart. 59 Inc. A,18246.9725,Reg.Simplif. | P/Peq.Contrib. | Ley Nº 24.977 | Aart. 59 Inc. A
Córdoba,informacion_consolidada2025_5.xlsx,CONS,2025,consolidated,CONS,Régimen de la Energía Eléctrica | L E Y Nº 2 4 . 0 6 5 | Fdo. P/Comp. | Tarifa Elect.,2818.013,Régimen de la Energía Eléctrica | L E Y Nº 2 4 . 0 6 5 | Fdo. P/Comp. | Tarifa Elect.
Córdoba,informacion_consolidada2025_5.xlsx,CONS,2025,consolidated,CONS,Subtotal,4686101.586300001,Subtotal
Córdoba,informacion_consolidada2025_5.xlsx,CONS,2025,consolidated,CONS,Subtotal,4686226.886700001,Subtotal
Córdoba,informacion_consolidada2025_5.xlsx,CONS,2025,consolidated,CONS,Total | (1) + (2),5021540.3544679135,Total | (1) + (2)
Córdoba,informacion_consolidada2025_5.xlsx,CONS,2025,consolidated,CONS,Total | Recursos | Origen Nacional | (1),4964010.771875913,Total | Recursos | Origen Nacional | (1)
Córdoba,informacion_consolidada2025_5.xlsx,CONS,2025,consolidated,CONS,Transfer. | De Servicios | Ley | Nº 24.049,125.30039999999998,Transfer. | De Servicios | Ley | Nº 24.049
Córdoba,informacion_consolidada2025_5.xlsx,CONS,2025,consolidated,CONS,Vialidad | Provincial,32733.525099999995,Vialidad | Provincial
Entre Ríos,informacion_consolidada2025_5.xlsx,enero,2025,month,2025-01,C.F.I. | Neta De | Ley Nº 26.075,208999.9,CFI | Neta
Entre Ríos,informacion_consolidada2025_5.xlsx,enero,2025,month,2025-01,Compensación | Consenso Fiscal | II. a y b; II. d y e | (2),2546.46194,Compensación Consenso Fiscal
Entre Ríos,informacion_consolidada2025_5.xlsx,enero,2025,month,2025-01,F.E.D.E.I.,0.0,F.E.D.E.I.
Entre Ríos,informacion_consolidada2025_5.xlsx,enero,2025,month,2025-01,F.E.D.E.I.,0.0,F.E.D.E.I.
Entre Ríos,informacion_consolidada2025_5.xlsx,enero,2025,month,2025-01,Financ. | Educativo | Ley Nº 26.075,0.0,Financiamiento Educativo
Entre Ríos,informacion_consolidada2025_5.xlsx,enero,2025,month,2025-01,Fondo | Compens. | de | Desequilib.,1.8,Fondo | Compens. | de | Desequilib.
Entre Ríos,informacion_consolidada2025_5.xlsx,enero,2025,month,2025-01,I.V.A. | Ley Nº 23.966 | Art. 5 | Punto 2,2369.4316000000003,I.V.A. | Ley Nº 23.966 | Art. 5 | Punto 2
Entre Ríos,informacion_consolidada2025_5.xlsx,enero,2025,month,2025-01,Impuesto a los Combustibles Líquidos | Ley Nº 23.966 y Nº 24.699 | Obras de | Infraestr.,362.9826,Impuesto a los Combustibles Líquidos | Ley Nº 23.966 y Nº 24.699 | Obras de | Infraestr.
Entre Ríos,informacion_consolidada2025_5.xlsx,enero,2025,month,2025-01,Impuesto s/ | Los Activos | Fdo. Educ. | Ley Nº 23.906,0.0,Impuesto s/ | Los Activos | Fdo. Educ. | Ley Nº 23.906
Entre Ríos,informacion_consolidada2025_5.xlsx,enero,2025,month,2025-01,Impuesto sobre los | Bienes Personales | Ley | Nº 24.699,1243.6833000000001,Impuesto sobre los | Bienes Personales | Ley | Nº 24.699
Entre Ríos,informacion_consolidada2025_5.xlsx,enero,2025,month,2025-01,Ley Nº 23.966 | Art. 30,197.3577,Ley Nº 23.966 | Art. 30
Entre Ríos,informacion_consolidada2025_5.xlsx,enero,2025,month,2025-01,Ley Nº 24.464 | FO.NA.VI.,1415.2886,Ley Nº 24.464 | FO.NA.VI.
Entre Ríos,informacion_consolidada2025_5.xlsx,enero,2025,month,2025-01,Reg.Simplif. | P/Peq.Contrib. | Ley Nº 24.977 | Aart. 59 Inc. A,414.5787,Reg.Simplif. | P/Peq.Contrib. | Ley Nº 24.977 | Aart. 59 Inc. A
Entre Ríos,informacion_consolidada2025_5.xlsx,enero,2025,month,2025-01,Régimen de la Energía Eléctrica | L E Y Nº 2 4 . 0 6 5 | Fdo. P/Comp. | Tarifa Elect.,0.0,Régimen de la Energía Eléctrica | L E Y Nº 2 4 . 0 6 5 | Fdo. P/Comp. | Tarifa Elect.
Entre Ríos,informacion_consolidada2025_5.xlsx,enero,2025,month,2025-01,Subtotal,208999.9,Subtotal
Entre Ríos,informacion_consolidada2025_5.xlsx,enero,2025,month,2025-01,Subtotal,209005.5249,Subtotal
Entre Ríos,informacion_consolidada2025_5.xlsx,enero,2025,month,2025-01,Total | (1) + (2),218171.39424,Total | (1) + (2)
Entre Ríos,informacion_consolidada2025_5.xlsx,enero,2025,month,2025-01,Total | Recursos | Origen Nacional | (1),215624.9323,Total | Recursos | Origen Nacional | (1)
Entre Ríos,informacion_consolidada2025_5.xlsx,enero,2025,month,2025-01,Transfer. | De Servicios | Ley | Nº 24.049,5.6249,Transfer. | De Servicios | Ley | Nº 24.049
Entre Ríos,informacion_consolidada2025_5.xlsx,enero,2025,month,2025-01,Vialidad | Provincial,614.2849,Vialidad | Provincial
Entre Ríos,informacion_consolidada2025_5.xlsx,febrero,2025,month,2025-02,C.F.I. | Neta De | Ley Nº 26.075,192703.2309,CFI | Neta
Entre Ríos,informacion_consolidada2025_5.xlsx,febrero,2025,month,2025-02,Compensación | Consenso Fiscal | II. a y b; II. d y e | (2),2314.9654,Compensación Consenso Fiscal
Entre Ríos,informacion_consolidada2025_5.xlsx,febrero,2025,month,2025-02,F.E.D.E.I.,173.32933203999997,F.E.D.E.I.
Entre Ríos,informacion_consolidada2025_5.xlsx,febrero,2025,month,2025-02,F.E.D.E.I.,103.87471320006917,F.E.D.E.I.
Entre Ríos,informacion_consolidada2025_5.xlsx,febrero,2025,month,2025-02,Financ. | Educativo | Ley Nº 26.075,0.0,Financiamiento Educativo
Entre Ríos,informacion_consolidada2025_5.xlsx,febrero,2025,month,2025-02,Fondo | Compens. | de | Desequilib.,1.8,Fondo | Compens. | de | Desequilib.
Entre Ríos,informacion_consolidada2025_5.xlsx,febrero,2025,month,2025-02,I.V.A. | Ley Nº 23.966 | Art. 5 | Punto 2,2074.8367000000003,I.V.A. | Ley Nº 23.966 | Art. 5 | Punto 2
Entre Ríos,informacion_consolidada2025_5.xlsx,febrero,2025,month,2025-02,Impuesto a los Combustibles Líquidos | Ley Nº 23.966 y Nº 24.699 | Obras de | Infraestr.,457.2462,Impuesto a los Combustibles Líquidos | Ley Nº 23.966 y Nº 24.699 | Obras de | Infraestr.
Entre Ríos,informacion_consolidada2025_5.xlsx,febrero,2025,month,2025-02,Impuesto s/ | Los Activos | Fdo. Educ. | Ley Nº 23.906,0.0,Impuesto s/ | Los Activos | Fdo. Educ. | Ley Nº 23.906
Entre Ríos,informacion_consolidada2025_5.xlsx,febrero,2025,month,2025-02,Impuesto sobre los | Bienes Personales | Ley | Nº 24.699,1724.9882,Impuesto sobre los | Bienes Personales | Ley | Nº 24.699
Entre Ríos,informacion_consolidada2025_5.xlsx,febrero,2025,month,2025-02,Ley Nº 23.966 | Art. 30,273.735,Ley Nº 23.966 | Art. 30
Entre Ríos,informacion_consolidada2025_5.xlsx,febrero,2025,month,2025-02,Ley Nº 24.464 | FO.NA.VI.,1782.8279,Ley Nº 24.464 | FO.NA.VI.
Entre Ríos,informacion_consolidada2025_5.xlsx,febrero,2025,month,2025-02,Reg.Simplif. | P/Peq.Contrib. | Ley Nº 24.977 | Aart. 59 Inc. A,604.6025,Reg.Simplif. | P/Peq.Contrib. | Ley Nº 24.977 | Aart. 59 Inc. A
Entre Ríos,informacion_consolidada2025_5.xlsx,febrero,2025,month,2025-02,Régimen de la Energía Eléctrica | L E Y Nº 2 4 . 0 6 5 | Fdo. P/Comp. | Tarifa Elect.,163.25574641935515,Régimen de la Energía Eléctrica | L E Y Nº 2 4 . 0 6 5 | Fdo. P/Comp. | Tarifa Elect.
Entre Ríos,informacion_consolidada2025_5.xlsx,febrero,2025,month,2025-02,Subtotal,192703.2309,Subtotal
Entre Ríos,informacion_consolidada2025_5.xlsx,febrero,2025,month,2025-02,Subtotal,192708.8558,Subtotal
Entre Ríos,informacion_consolidada2025_5.xlsx,febrero,2025,month,2025-02,Total | (1) + (2),203158.1272916594,Total | (1) + (2)
Entre Ríos,informacion_consolidada2025_5.xlsx,febrero,2025,month,2025-02,Total | Recursos | Origen Nacional | (1),200843.1618916594,Total | Recursos | Origen Nacional | (1)
Entre Ríos,informacion_consolidada2025_5.xlsx,febrero,2025,month,2025-02,Transfer. | De Servicios | Ley | Nº 24.049,5.6249,Transfer. | De Servicios | Ley | Nº 24.049
Entre Ríos,informacion_consolidada2025_5.xlsx,febrero,2025,month,2025-02,Vialidad | Provincial,773.8098,Vialidad | Provincial
Entre Ríos,informacion_consolidada2025_5.xlsx,marzo,2025,month,2025-03,C.F.I. | Neta De | Ley Nº 26.075,165930.6968,CFI | Neta
Entre Ríos,informacion_consolidada2025_5.xlsx,marzo,2025,month,2025-03,Compensación | Consenso Fiscal | II. a y b; II. d y e | (2),2083.46886,Compensación Consenso Fiscal
Entre Ríos,informacion_consolidada2025_5.xlsx,marzo,2025,month,2025-03,F.E.D.E.I.,100.55065064,F.E.D.E.I.
Entre Ríos,informacion_consolidada2025_5.xlsx,marzo,2025,month,2025-03,F.E.D.E.I.,176.19364468071865,F.E.D.E.I.
Entre Ríos,informacion_consolidada2025_5.xlsx,marzo,2025,month,2025-03,Financ. | Educativo | Ley Nº 26.075,8552.580077999999,Financiamiento Educativo
Entre Ríos,informacion_consolidada2025_5.xlsx,marzo,2025,month,2025-03,Fondo | Compens. | de | Desequilib.,1.8,Fondo | Compens. | de | Desequilib.
Entre Ríos,informacion_consolidada2025_5.xlsx,marzo,2025,month,2025-03,I.V.A. | Ley Nº 23.966 | Art. 5 | Punto 2,1940.8844,I.V.A. | Ley Nº 23.966 | Art. 5 | Punto 2
Entre Ríos,informacion_consolidada2025_5.xlsx,marzo,2025,month,2025-03,Impuesto a los Combustibles Líquidos | Ley Nº 23.966 y Nº 24.699 | Obras de | Infraestr.,417.6114,Impuesto a los Combustibles Líquidos | Ley Nº 23.966 y Nº 24.699 | Obras de | Infraestr.
Entre Ríos,informacion_consolidada2025_5.xlsx,marzo,2025,month,2025-03,Impuesto s/ | Los Activos | Fdo. Educ. | Ley Nº 23.906,0.0,Impuesto s/ | Los Activos | Fdo. Educ. | Ley Nº 23.906
Entre Ríos,informacion_consolidada2025_5.xlsx,marzo,2025,month,2025-03,Impuesto sobre los | Bienes Personales | Ley | Nº 24.699,788.797,Impuesto sobre los | Bienes Personales | Ley | Nº 24.699
Entre Ríos,informacion_consolidada2025_5.xlsx,marzo,2025,month,2025-03,Ley Nº 23.966 | Art. 30,125.1726,Ley Nº 23.966 | Art. 30
Entre Ríos,informacion_consolidada2025_5.xlsx,marzo,2025,month,2025-03,Ley Nº 24.464 | FO.NA.VI.,1628.2894,Ley Nº 24.464 | FO.NA.VI.
Entre Ríos,informacion_consolidada2025_5.xlsx,marzo,2025,month,2025-03,Reg.Simplif. | P/Peq.Contrib. | Ley Nº 24.977 | Aart. 59 Inc. A,650.4291,Reg.Simplif. | P/Peq.Contrib. | Ley Nº 24.977 | Aart. 59 Inc. A
Entre Ríos,informacion_consolidada2025_5.xlsx,marzo,2025,month,2025-03,Régimen de la Energía Eléctrica | L E Y Nº 2 4 . 0 6 5 | Fdo. P/Comp. | Tarifa Elect.,276.9165284781163,Régimen de la Energía Eléctrica | L E Y Nº 2 4 . 0 6 5 | Fdo. P/Comp. | Tarifa Elect.
Entre Ríos,informacion_consolidada2025_5.xlsx,marzo,2025,month,2025-03,Subtotal,174483.276878,Subtotal
Entre Ríos,informacion_consolidada2025_5.xlsx,marzo,2025,month,2025-03,Subtotal,174488.901778,Subtotal
Entre Ríos,informacion_consolidada2025_5.xlsx,marzo,2025,month,2025-03,Total | (1) + (2),183385.75016179885,Total | (1) + (2)
Entre Ríos,informacion_consolidada2025_5.xlsx,marzo,2025,month,2025-03,Total | Recursos | Origen Nacional | (1),181302.28130179885,Total | Recursos | Origen Nacional | (1)
Entre Ríos,informacion_consolidada2025_5.xlsx,marzo,2025,month,2025-03,Transfer. | De Servicios | Ley | Nº 24.049,5.6249,Transfer. | De Servicios | Ley | Nº 24.049
Entre Ríos,informacion_consolidada2025_5.xlsx,marzo,2025,month,2025-03,Vialidad | Provincial,706.7348000000001,Vialidad | Provincial
Entre Ríos,informacion_consolidada2025_5.xlsx,abril,2025,month,2025-04,C.F.I. | Neta De | Ley Nº 26.075,153360.2826,CFI | Neta
Entre Ríos,informacion_consolidada2025_5.xlsx,abril,2025,month,2025-04,Compensación | Consenso Fiscal | II. a y b; II. d y e | (2),2854.222104,Compensación Consenso Fiscal
Entre Ríos,informacion_consolidada2025_5.xlsx,abril,2025,month,2025-04,F.E.D.E.I.,126.80367007241996,F.E.D.E.I.
Entre Ríos,informacion_consolidada2025_5.xlsx,abril,2025,month,2025-04,F.E.D.E.I.,151.9724470769434,F.E.D.E.I.
Entre Ríos,informacion_consolidada2025_5.xlsx,abril,2025,month,2025-04,Financ. | Educativo | Ley Nº 26.075,34210.320311999996,Financiamiento Educativo
Entre Ríos,informacion_consolidada2025_5.xlsx,abril,2025,month,2025-04,Fondo | Compens. | de | Desequilib.,1.8,Fondo | Compens. | de | Desequilib.
Entre Ríos,informacion_consolidada2025_5.xlsx,abril,2025,month,2025-04,I.V.A. | Ley Nº 23.966 | Art. 5 | Punto 2,2073.2558000000004,I.V.A. | Ley Nº 23.966 | Art. 5 | Punto 2
Entre Ríos,informacion_consolidada2025_5.xlsx,abril,2025,month,2025-04,Impuesto a los Combustibles Líquidos | Ley Nº 23.966 y Nº 24.699 | Obras de | Infraestr.,463.699,Impuesto a los Combustibles Líquidos | Ley Nº 23.966 y Nº 24.699 | Obras de | Infraestr.
Entre Ríos,informacion_consolidada2025_5.xlsx,abril,2025,month,2025-04,Impuesto s/ | Los Activos | Fdo. Educ. | Ley Nº 23.906,0.0,Impuesto s/ | Los Activos | Fdo. Educ. | Ley Nº 23.906
Entre Ríos,informacion_consolidada2025_5.xlsx,abril,2025,month,2025-04,Impuesto sobre los | Bienes Personales | Ley | Nº 24.699,1474.9991,Impuesto sobre los | Bienes Personales | Ley | Nº 24.699
Entre Ríos,informacion_consolidada2025_5.xlsx,abril,2025,month,2025-04,Ley Nº 23.966 | Art. 30,234.06459999999998,Ley Nº 23.966 | Art. 30
Entre Ríos,informacion_consolidada2025_5.xlsx,abril,2025,month,2025-04,Ley Nº 24.464 | FO.NA.VI.,1807.9875,Ley Nº 24.464 | FO.NA.VI.
Entre Ríos,informacion_consolidada2025_5.xlsx,abril,2025,month,2025-04,Reg.Simplif. | P/Peq.Contrib. | Ley Nº 24.977 | Aart. 59 Inc. A,666.3754,Reg.Simplif. | P/Peq.Contrib. | Ley Nº 24.977 | Aart. 59 Inc. A
Entre Ríos,informacion_consolidada2025_5.xlsx,abril,2025,month,2025-04,Régimen de la Energía Eléctrica | L E Y Nº 2 4 . 0 6 5 | Fdo. P/Comp. | Tarifa Elect.,238.84903765069495,Régimen de la Energía Eléctrica | L E Y Nº 2 4 . 0 6 5 | Fdo. P/Comp. | Tarifa Elect.
Entre Ríos,informacion_consolidada2025_5.xlsx,abril,2025,month,2025-04,Subtotal,187570.602912,Subtotal
Entre Ríos,informacion_consolidada2025_5.xlsx,abril,2025,month,2025-04,Subtotal,187576.227812,Subtotal
Entre Ríos,informacion_consolidada2025_5.xlsx,abril,2025,month,2025-04,Total | (1) + (2),198454.98647080004,Total | (1) + (2)
Entre Ríos,informacion_consolidada2025_5.xlsx,abril,2025,month,2025-04,Total | Recursos | Origen Nacional | (1),195600.76436680005,Total | Recursos | Origen Nacional | (1)
Entre Ríos,informacion_consolidada2025_5.xlsx,abril,2025,month,2025-04,Transfer. | De Servicios | Ley | Nº 24.049,5.6249,Transfer. | De Servicios | Ley | Nº 24.049
Entre Ríos,informacion_consolidada2025_5.xlsx,abril,2025,month,2025-04,Vialidad | Provincial,784.73,Vialidad | Provincial
Entre Ríos,informacion_consolidada2025_5.xlsx,mayo,2025,month,2025-05,C.F.I. | Neta De | Ley Nº 26.075,208438.4139,CFI | Neta
Entre Ríos,informacion_consolidada2025_5.xlsx,mayo,2025,month,2025-05,Compensación | Consenso Fiscal | II. a y b; II. d y e | (2),3004.4443199999996,Compensación Consenso Fiscal
Entre Ríos,informacion_consolidada2025_5.xlsx,mayo,2025,month,2025-05,F.E.D.E.I.,244.45967596955987,F.E.D.E.I.
Entre Ríos,informacion_consolidada2025_5.xlsx,mayo,2025,month,2025-05,F.E.D.E.I.,565.5511647769711,F.E.D.E.I.
Entre Ríos,informacion_consolidada2025_5.xlsx,mayo,2025,month,2025-05,Financ. | Educativo | Ley Nº 26.075,35279.39282175,Financiamiento Educativo
Entre Ríos,informacion_consolidada2025_5.xlsx,mayo,2025,month,2025-05,Fondo | Compens. | de | Desequilib.,1.8,Fondo | Compens. | de | Desequilib.
Entre Ríos,informacion_consolidada2025_5.xlsx,mayo,2025,month,2025-05,I.V.A. | Ley Nº 23.966 | Art. 5 | Punto 2,1943.8427,I.V.A. | Ley Nº 23.966 | Art. 5 | Punto 2
Entre Ríos,informacion_consolidada2025_5.xlsx,mayo,2025,month,2025-05,Impuesto a los Combustibles Líquidos | Ley Nº 23.966 y Nº 24.699 | Obras de | Infraestr.,504.5382,Impuesto a los Combustibles Líquidos | Ley Nº 23.966 y Nº 24.699 | Obras de | Infraestr.
Entre Ríos,informacion_consolidada2025_5.xlsx,mayo,2025,month,2025-05,Impuesto s/ | Los Activos | Fdo. Educ. | Ley Nº 23.906,0.0,Impuesto s/ | Los Activos | Fdo. Educ. | Ley Nº 23.906
Entre Ríos,informacion_consolidada2025_5.xlsx,mayo,2025,month,2025-05,Impuesto sobre los | Bienes Personales | Ley | Nº 24.699,1018.4576999999999,Impuesto sobre los | Bienes Personales | Ley | Nº 24.699
Entre Ríos,informacion_consolidada2025_5.xlsx,mayo,2025,month,2025-05,Ley Nº 23.966 | Art. 30,161.6171,Ley Nº 23.966 | Art. 30
Entre Ríos,informacion_consolidada2025_5.xlsx,mayo,2025,month,2025-05,Ley Nº 24.464 | FO.NA.VI.,1967.2219,Ley Nº 24.464 | FO.NA.VI.
Entre Ríos,informacion_consolidada2025_5.xlsx,mayo,2025,month,2025-05,Reg.Simplif. | P/Peq.Contrib. | Ley Nº 24.977 | Aart. 59 Inc. A,699.4499000000001,Reg.Simplif. | P/Peq.Contrib. | Ley Nº 24.977 | Aart. 59 Inc. A
Entre Ríos,informacion_consolidada2025_5.xlsx,mayo,2025,month,2025-05,Régimen de la Energía Eléctrica | L E Y Nº 2 4 . 0 6 5 | Fdo. P/Comp. | Tarifa Elect.,407.37367975018964,Régimen de la Energía Eléctrica | L E Y Nº 2 4 . 0 6 5 | Fdo. P/Comp. | Tarifa Elect.
Entre Ríos,informacion_consolidada2025_5.xlsx,mayo,2025,month,2025-05,Subtotal,243717.80672175,Subtotal
Entre Ríos,informacion_consolidada2025_5.xlsx,mayo,2025,month,2025-05,Subtotal,243723.43162175,Subtotal
Entre Ríos,informacion_consolidada2025_5.xlsx,mayo,2025,month,2025-05,Total | (1) + (2),255096.03126224675,Total | (1) + (2)
Entre Ríos,informacion_consolidada2025_5.xlsx,mayo,2025,month,2025-05,Total | Recursos | Origen Nacional | (1),252091.58694224674,Total | Recursos | Origen Nacional | (1)
Entre Ríos,informacion_consolidada2025_5.xlsx,mayo,2025,month,2025-05,Transfer. | De Servicios | Ley | Nº 24.049,5.6249,Transfer. | De Servicios | Ley | Nº 24.049
Entre Ríos,informacion_consolidada2025_5.xlsx,mayo,2025,month,2025-05,Vialidad | Provincial,853.8433,Vialidad | Provincial
Entre Ríos,informacion_consolidada2025_5.xlsx,junio,2025,month,2025-06,C.F.I. | Neta De | Ley Nº 26.075,172312.90519999998,CFI | Neta
Entre Ríos,informacion_consolidada2025_5.xlsx,junio,2025,month,2025-06,Compensación | Consenso Fiscal | II. a y b; II. d y e | (2),2854.222104,Compensación Consenso Fiscal
Entre Ríos,informacion_consolidada2025_5.xlsx,junio,2025,month,2025-06,F.E.D.E.I.,139.8907068991335,F.E.D.E.I.
Entre Ríos,informacion_consolidada2025_5.xlsx,junio,2025,month,2025-06,F.E.D.E.I.,162.13596967480387,F.E.D.E.I.
Entre Ríos,informacion_consolidada2025_5.xlsx,junio,2025,month,2025-06,Financ. | Educativo | Ley Nº 26.075,34210.320311999996,Financiamiento Educativo
Entre Ríos,informacion_consolidada2025_5.xlsx,junio,2025,month,2025-06,Fondo | Compens. | de | Desequilib.,1.8,Fondo | Compens. | de | Desequilib.
Entre Ríos,informacion_consolidada2025_5.xlsx,junio,2025,month,2025-06,I.V.A. | Ley Nº 23.966 | Art. 5 | Punto 2,2254.9156999999996,I.V.A. | Ley Nº 23.966 | Art. 5 | Punto 2
Entre Ríos,informacion_consolidada2025_5.xlsx,junio,2025,month,2025-06,Impuesto a los Combustibles Líquidos | Ley Nº 23.966 y Nº 24.699 | Obras de | Infraestr.,544.8996999999999,Impuesto a los Combustibles Líquidos | Ley Nº 23.966 y Nº 24.699 | Obras de | Infraestr.
Entre Ríos,informacion_consolidada2025_5.xlsx,junio,2025,month,2025-06,Impuesto s/ | Los Activos | Fdo. Educ. | Ley Nº 23.906,0.0,Impuesto s/ | Los Activos | Fdo. Educ. | Ley Nº 23.906
Entre Ríos,informacion_consolidada2025_5.xlsx,junio,2025,month,2025-06,Impuesto sobre los | Bienes Personales | Ley | Nº 24.699,29692.736100000002,Impuesto sobre los | Bienes Personales | Ley | Nº 24.699
Entre Ríos,informacion_consolidada2025_5.xlsx,junio,2025,month,2025-06,Ley Nº 23.966 | Art. 30,4711.8817,Ley Nº 23.966 | Art. 30
Entre Ríos,informacion_consolidada2025_5.xlsx,junio,2025,month,2025-06,Ley Nº 24.464 | FO.NA.VI.,2124.5936,Ley Nº 24.464 | FO.NA.VI.
Entre Ríos,informacion_consolidada2025_5.xlsx,junio,2025,month,2025-06,Reg.Simplif. | P/Peq.Contrib. | Ley Nº 24.977 | Aart. 59 Inc. A,713.9236999999999,Reg.Simplif. | P/Peq.Contrib. | Ley Nº 24.977 | Aart. 59 Inc. A
Entre Ríos,informacion_consolidada2025_5.xlsx,junio,2025,month,2025-06,Régimen de la Energía Eléctrica | L E Y Nº 2 4 . 0 6 5 | Fdo. P/Comp. | Tarifa Elect.,734.9871234444335,Régimen de la Energía Eléctrica | L E Y Nº 2 4 . 0 6 5 | Fdo. P/Comp. | Tarifa Elect.
Entre Ríos,informacion_consolidada2025_5.xlsx,junio,2025,month,2025-06,Subtotal,206523.22551199998,Subtotal
Entre Ríos,informacion_consolidada2025_5.xlsx,junio,2025,month,2025-06,Subtotal,206528.85041199997,Subtotal
Entre Ríos,informacion_consolidada2025_5.xlsx,junio,2025,month,2025-06,Total | (1) + (2),251386.98501601836,Total | (1) + (2)
Entre Ríos,informacion_consolidada2025_5.xlsx,junio,2025,month,2025-06,Total | Recursos | Origen Nacional | (1),248532.76291201837,Total | Recursos | Origen Nacional | (1)
Entre Ríos,informacion_consolidada2025_5.xlsx,junio,2025,month,2025-06,Transfer. | De Servicios | Ley | Nº 24.049,5.6249,Transfer. | De Servicios | Ley | Nº 24.049
Entre Ríos,informacion_consolidada2025_5.xlsx,junio,2025,month,2025-06,Vialidad | Provincial,922.1482,Vialidad | Provincial
Entre Ríos,informacion_consolidada2025_5.xlsx,julio,2025,month,2025-07,C.F.I. | Neta De | Ley Nº 26.075,179656.8284,CFI | Neta
Entre Ríos,informacion_consolidada2025_5.xlsx,julio,2025,month,2025-07,Compensación | Consenso Fiscal | II. a y b; II. d y e | (2),4091.221948,Compensación Consenso Fiscal
Entre Ríos,informacion_consolidada2025_5.xlsx,julio,2025,month,2025-07,F.E.D.E.I.,151.19839308075973,F.E.D.E.I.
Entre Ríos,informacion_consolidada2025_5.xlsx,julio,2025,month,2025-07,F.E.D.E.I.,259.3810777340956,F.E.D.E.I.
Entre Ríos,informacion_consolidada2025_5.xlsx,julio,2025,month,2025-07,Financ. | Educativo | Ley Nº 26.075,37417.53784125,Financiamiento Educativo
Entre Ríos,informacion_consolidada2025_5.xlsx,julio,2025,month,2025-07,Fondo | Compens. | de | Desequilib.,1.8,Fondo | Compens. | de | Desequilib.
Entre Ríos,informacion_consolidada2025_5.xlsx,julio,2025,month,2025-07,I.V.A. | Ley Nº 23.966 | Art. 5 | Punto 2,2269.2227000000003,I.V.A. | Ley Nº 23.966 | Art. 5 | Punto 2
Entre Ríos,informacion_consolidada2025_5.xlsx,julio,2025,month,2025-07,Impuesto a los Combustibles Líquidos | Ley Nº 23.966 y Nº 24.699 | Obras de | Infraestr.,486.9159,Impuesto a los Combustibles Líquidos | Ley Nº 23.966 y Nº 24.699 | Obras de | Infraestr.
Entre Ríos,informacion_consolidada2025_5.xlsx,julio,2025,month,2025-07,Impuesto s/ | Los Activos | Fdo. Educ. | Ley Nº 23.906,0.0,Impuesto s/ | Los Activos | Fdo. Educ. | Ley Nº 23.906
Entre Ríos,informacion_consolidada2025_5.xlsx,julio,2025,month,2025-07,Impuesto sobre los | Bienes Personales | Ley | Nº 24.699,2697.0639,Impuesto sobre los | Bienes Personales | Ley | Nº 24.699
Entre Ríos,informacion_consolidada2025_5.xlsx,julio,2025,month,2025-07,Ley Nº 23.966 | Art. 30,427.99170000000004,Ley Nº 23.966 | Art. 30
Entre Ríos,informacion_consolidada2025_5.xlsx,julio,2025,month,2025-07,Ley Nº 24.464 | FO.NA.VI.,1898.5113999999999,Ley Nº 24.464 | FO.NA.VI.
Entre Ríos,informacion_consolidada2025_5.xlsx,julio,2025,month,2025-07,Reg.Simplif. | P/Peq.Contrib. | Ley Nº 24.977 | Aart. 59 Inc. A,721.8416,Reg.Simplif. | P/Peq.Contrib. | Ley Nº 24.977 | Aart. 59 Inc. A
Entre Ríos,informacion_consolidada2025_5.xlsx,julio,2025,month,2025-07,Régimen de la Energía Eléctrica | L E Y Nº 2 4 . 0 6 5 | Fdo. P/Comp. | Tarifa Elect.,406.9302553854923,Régimen de la Energía Eléctrica | L E Y Nº 2 4 . 0 6 5 | Fdo. P/Comp. | Tarifa Elect.
Entre Ríos,informacion_consolidada2025_5.xlsx,julio,2025,month,2025-07,Subtotal,217074.36624125,Subtotal
Entre Ríos,informacion_consolidada2025_5.xlsx,julio,2025,month,2025-07,Subtotal,217079.99114125,Subtotal
Entre Ríos,informacion_consolidada2025_5.xlsx,julio,2025,month,2025-07,Total | (1) + (2),231316.09061545035,Total | (1) + (2)
Entre Ríos,informacion_consolidada2025_5.xlsx,julio,2025,month,2025-07,Total | Recursos | Origen Nacional | (1),227224.86866745036,Total | Recursos | Origen Nacional | (1)
Entre Ríos,informacion_consolidada2025_5.xlsx,julio,2025,month,2025-07,Transfer. | De Servicios | Ley | Nº 24.049,5.6249,Transfer. | De Servicios | Ley | Nº 24.049
Entre Ríos,informacion_consolidada2025_5.xlsx,julio,2025,month,2025-07,Vialidad | Provincial,824.0206,Vialidad | Provincial
Entre Ríos,informacion_consolidada2025_5.xlsx,agosto,2025,month,2025-08,C.F.I. | Neta De | Ley Nº 26.075,199525.4809,CFI | Neta
Entre Ríos,informacion_consolidada2025_5.xlsx,agosto,2025,month,2025-08,Compensación | Consenso Fiscal | II. a y b; II. d y e | (2),3719.29268,Compensación Consenso Fiscal
Entre Ríos,informacion_consolidada2025_5.xlsx,agosto,2025,month,2025-08,F.E.D.E.I.,134.86251163622154,F.E.D.E.I.
Entre Ríos,informacion_consolidada2025_5.xlsx,agosto,2025,month,2025-08,F.E.D.E.I.,178.94167301269758,F.E.D.E.I.
Entre Ríos,informacion_consolidada2025_5.xlsx,agosto,2025,month,2025-08,Financ. | Educativo | Ley Nº 26.075,21381.450195,Financiamiento Educativo
Entre Ríos,informacion_consolidada2025_5.xlsx,agosto,2025,month,2025-08,Fondo | Compens. | de | Desequilib.,1.8,Fondo | Compens. | de | Desequilib.
Entre Ríos,informacion_consolidada2025_5.xlsx,agosto,2025,month,2025-08,I.V.A. | Ley Nº 23.966 | Art. 5 | Punto 2,2316.4260999999997,I.V.A. | Ley Nº 23.966 | Art. 5 | Punto 2
Entre Ríos,informacion_consolidada2025_5.xlsx,agosto,2025,month,2025-08,Impuesto a los Combustibles Líquidos | Ley Nº 23.966 y Nº 24.699 | Obras de | Infraestr.,575.6498,Impuesto a los Combustibles Líquidos | Ley Nº 23.966 y Nº 24.699 | Obras de | Infraestr.
Entre Ríos,informacion_consolidada2025_5.xlsx,agosto,2025,month,2025-08,Impuesto s/ | Los Activos | Fdo. Educ. | Ley Nº 23.906,0.13368648000000002,Impuesto s/ | Los Activos | Fdo. Educ. | Ley Nº 23.906
Entre Ríos,informacion_consolidada2025_5.xlsx,agosto,2025,month,2025-08,Impuesto sobre los | Bienes Personales | Ley | Nº 24.699,2783.3363,Impuesto sobre los | Bienes Personales | Ley | Nº 24.699
Entre Ríos,informacion_consolidada2025_5.xlsx,agosto,2025,month,2025-08,Ley Nº 23.966 | Art. 30,441.68210000000005,Ley Nº 23.966 | Art. 30
Entre Ríos,informacion_consolidada2025_5.xlsx,agosto,2025,month,2025-08,Ley Nº 24.464 | FO.NA.VI.,2244.4896,Ley Nº 24.464 | FO.NA.VI.
Entre Ríos,informacion_consolidada2025_5.xlsx,agosto,2025,month,2025-08,Reg.Simplif. | P/Peq.Contrib. | Ley Nº 24.977 | Aart. 59 Inc. A,1028.1947,Reg.Simplif. | P/Peq.Contrib. | Ley Nº 24.977 | Aart. 59 Inc. A
Entre Ríos,informacion_consolidada2025_5.xlsx,agosto,2025,month,2025-08,Régimen de la Energía Eléctrica | L E Y Nº 2 4 . 0 6 5 | Fdo. P/Comp. | Tarifa Elect.,280.7328172804894,Régimen de la Energía Eléctrica | L E Y Nº 2 4 . 0 6 5 | Fdo. P/Comp. | Tarifa Elect.
Entre Ríos,informacion_consolidada2025_5.xlsx,agosto,2025,month,2025-08,Subtotal,220906.931095,Subtotal
Entre Ríos,informacion_consolidada2025_5.xlsx,agosto,2025,month,2025-08,Subtotal,220912.555995,Subtotal
Entre Ríos,informacion_consolidada2025_5.xlsx,agosto,2025,month,2025-08,Total | (1) + (2),235592.2852634094,Total | (1) + (2)
Entre Ríos,informacion_consolidada2025_5.xlsx,agosto,2025,month,2025-08,Total | Recursos | Origen Nacional | (1),231872.9925834094,Total | Recursos | Origen Nacional | (1)
Entre Ríos,informacion_consolidada2025_5.xlsx,agosto,2025,month,2025-08,Transfer. | De Servicios | Ley | Nº 24.049,5.6249,Transfer. | De Servicios | Ley | Nº 24.049
Entre Ríos,informacion_consolidada2025_5.xlsx,agosto,2025,month,2025-08,Vialidad | Provincial,974.1873,Vialidad | Provincial
Entre Ríos,informacion_consolidada2025_5.xlsx,septiembre,2025,month,2025-09,C.F.I. | Neta De | Ley Nº 26.075,194615.8302,CFI | Neta
Entre Ríos,informacion_consolidada2025_5.xlsx,septiembre,2025,month,2025-09,Compensación | Consenso Fiscal | II. a y b; II. d y e | (2),4091.221948,Compensación Consenso Fiscal
Entre Ríos,informacion_consolidada2025_5.xlsx,septiembre,2025,month,2025-09,F.E.D.E.I.,159.65091436338534,F.E.D.E.I.
Entre Ríos,informacion_consolidada2025_5.xlsx,septiembre,2025,month,2025-09,F.E.D.E.I.,222.79708758444846,F.E.D.E.I.
Entre Ríos,informacion_consolidada2025_5.xlsx,septiembre,2025,month,2025-09,Financ. | Educativo | Ley Nº 26.075,23519.595214499997,Financiamiento Educativo
Entre Ríos,informacion_consolidada2025_5.xlsx,septiembre,2025,month,2025-09,Fondo | Compens. | de | Desequilib.,1.8,Fondo | Compens. | de | Desequilib.
Entre Ríos,informacion_consolidada2025_5.xlsx,septiembre,2025,month,2025-09,I.V.A. | Ley Nº 23.966 | Art. 5 | Punto 2,2422.0316000000003,I.V.A. | Ley Nº 23.966 | Art. 5 | Punto 2
Entre Ríos,informacion_consolidada2025_5.xlsx,septiembre,2025,month,2025-09,Impuesto a los Combustibles Líquidos | Ley Nº 23.966 y Nº 24.699 | Obras de | Infraestr.,595.4262,Impuesto a los Combustibles Líquidos | Ley Nº 23.966 y Nº 24.699 | Obras de | Infraestr.
Entre Ríos,informacion_consolidada2025_5.xlsx,septiembre,2025,month,2025-09,Impuesto s/ | Los Activos | Fdo. Educ. | Ley Nº 23.906,0.0,Impuesto s/ | Los Activos | Fdo. Educ. | Ley Nº 23.906
Entre Ríos,informacion_consolidada2025_5.xlsx,septiembre,2025,month,2025-09,Impuesto sobre los | Bienes Personales | Ley | Nº 24.699,2494.5379,Impuesto sobre los | Bienes Personales | Ley | Nº 24.699
Entre Ríos,informacion_consolidada2025_5.xlsx,septiembre,2025,month,2025-09,Ley Nº 23.966 | Art. 30,395.8533,Ley Nº 23.966 | Art. 30
Entre Ríos,informacion_consolidada2025_5.xlsx,septiembre,2025,month,2025-09,Ley Nº 24.464 | FO.NA.VI.,2321.5991,Ley Nº 24.464 | FO.NA.VI.
Entre Ríos,informacion_consolidada2025_5.xlsx,septiembre,2025,month,2025-09,Reg.Simplif. | P/Peq.Contrib. | Ley Nº 24.977 | Aart. 59 Inc. A,1085.0664,Reg.Simplif. | P/Peq.Contrib. | Ley Nº 24.977 | Aart. 59 Inc. A
Entre Ríos,informacion_consolidada2025_5.xlsx,septiembre,2025,month,2025-09,Régimen de la Energía Eléctrica | L E Y Nº 2 4 . 0 6 5 | Fdo. P/Comp. | Tarifa Elect.,349.53542698045925,Régimen de la Energía Eléctrica | L E Y Nº 2 4 . 0 6 5 | Fdo. P/Comp. | Tarifa Elect.
Entre Ríos,informacion_consolidada2025_5.xlsx,septiembre,2025,month,2025-09,Subtotal,218135.4254145,Subtotal
Entre Ríos,informacion_consolidada2025_5.xlsx,septiembre,2025,month,2025-09,Subtotal,218141.0503145,Subtotal
Entre Ríos,informacion_consolidada2025_5.xlsx,septiembre,2025,month,2025-09,Total | (1) + (2),233288.22569142823,Total | (1) + (2)
Entre Ríos,informacion_consolidada2025_5.xlsx,septiembre,2025,month,2025-09,Total | Recursos | Origen Nacional | (1),229197.00374342824,Total | Recursos | Origen Nacional | (1)
Entre Ríos,informacion_consolidada2025_5.xlsx,septiembre,2025,month,2025-09,Transfer. | De Servicios | Ley | Nº 24.049,5.6249,Transfer. | De Servicios | Ley | Nº 24.049
Entre Ríos,informacion_consolidada2025_5.xlsx,septiembre,2025,month,2025-09,Vialidad | Provincial,1007.6555,Vialidad | Provincial
Entre Ríos,informacion_consolidada2025_5.xlsx,octubre,2025,month,2025-10,C.F.I. | Neta De | Ley Nº 26.075,211509.93680000002,CFI | Neta
Entre Ríos,informacion_consolidada2025_5.xlsx,octubre,2025,month,2025-10,Compensación | Consenso Fiscal | II. a y b; II. d y e | (2),4678.45092,Compensación Consenso Fiscal
Entre Ríos,informacion_consolidada2025_5.xlsx,octubre,2025,month,2025-10,F.E.D.E.I.,165.1656523330763,F.E.D.E.I.
Entre Ríos,informacion_consolidada2025_5.xlsx,octubre,2025,month,2025-10,F.E.D.E.I.,218.55672420448494,F.E.D.E.I.
Entre Ríos,informacion_consolidada2025_5.xlsx,octubre,2025,month,2025-10,Financ. | Educativo | Ley Nº 26.075,24588.66772425,Financiamiento Educativo
Entre Ríos,informacion_consolidada2025_5.xlsx,octubre,2025,month,2025-10,Fondo | Compens. | de | Desequilib.,1.8,Fondo | Compens. | de | Desequilib.
Entre Ríos,informacion_consolidada2025_5.xlsx,octubre,2025,month,2025-10,I.V.A. | Ley Nº 23.966 | Art. 5 | Punto 2,2531.3796999999995,I.V.A. | Ley Nº 23.966 | Art. 5 | Punto 2
Entre Ríos,informacion_consolidada2025_5.xlsx,octubre,2025,month,2025-10,Impuesto a los Combustibles Líquidos | Ley Nº 23.966 y Nº 24.699 | Obras de | Infraestr.,572.1229000000001,Impuesto a los Combustibles Líquidos | Ley Nº 23.966 y Nº 24.699 | Obras de | Infraestr.
Entre Ríos,informacion_consolidada2025_5.xlsx,octubre,2025,month,2025-10,Impuesto s/ | Los Activos | Fdo. Educ. | Ley Nº 23.906,0.0,Impuesto s/ | Los Activos | Fdo. Educ. | Ley Nº 23.906
Entre Ríos,informacion_consolidada2025_5.xlsx,octubre,2025,month,2025-10,Impuesto sobre los | Bienes Personales | Ley | Nº 24.699,2462.818,Impuesto sobre los | Bienes Personales | Ley | Nº 24.699
Entre Ríos,informacion_consolidada2025_5.xlsx,octubre,2025,month,2025-10,Ley Nº 23.966 | Art. 30,390.81970000000007,Ley Nº 23.966 | Art. 30
Entre Ríos,informacion_consolidada2025_5.xlsx,octubre,2025,month,2025-10,Ley Nº 24.464 | FO.NA.VI.,2230.7381,Ley Nº 24.464 | FO.NA.VI.
Entre Ríos,informacion_consolidada2025_5.xlsx,octubre,2025,month,2025-10,Reg.Simplif. | P/Peq.Contrib. | Ley Nº 24.977 | Aart. 59 Inc. A,1138.9226999999998,Reg.Simplif. | P/Peq.Contrib. | Ley Nº 24.977 | Aart. 59 Inc. A
Entre Ríos,informacion_consolidada2025_5.xlsx,octubre,2025,month,2025-10,Régimen de la Energía Eléctrica | L E Y Nº 2 4 . 0 6 5 | Fdo. P/Comp. | Tarifa Elect.,342.88292877288393,Régimen de la Energía Eléctrica | L E Y Nº 2 4 . 0 6 5 | Fdo. P/Comp. | Tarifa Elect.
Entre Ríos,informacion_consolidada2025_5.xlsx,octubre,2025,month,2025-10,Subtotal,236098.60452425003,Subtotal
Entre Ríos,informacion_consolidada2025_5.xlsx,octubre,2025,month,2025-10,Subtotal,236104.22942425002,Subtotal
Entre Ríos,informacion_consolidada2025_5.xlsx,octubre,2025,month,2025-10,Total | (1) + (2),251806.1053495604,Total | (1) + (2)
Entre Ríos,informacion_consolidada2025_5.xlsx,octubre,2025,month,2025-10,Total | Recursos | Origen Nacional | (1),247127.6544295604,Total | Recursos | Origen Nacional | (1)
Entre Ríos,informacion_consolidada2025_5.xlsx,octubre,2025,month,2025-10,Transfer. | De Servicios | Ley | Nº 24.049,5.6249,Transfer. | De Servicios | Ley | Nº 24.049
Entre Ríos,informacion_consolidada2025_5.xlsx,octubre,2025,month,2025-10,Vialidad | Provincial,968.2185999999999,Vialidad | Provincial
Entre Ríos,informacion_consolidada2025_5.xlsx,noviembre,2025,month,2025-11,C.F.I. | Neta De | Ley Nº 26.075,211290.788,CFI | Neta
Entre Ríos,informacion_consolidada2025_5.xlsx,noviembre,2025,month,2025-11,Compensación | Consenso Fiscal | II. a y b; II. d y e | (2),3615.16662,Compensación Consenso Fiscal
Entre Ríos,informacion_consolidada2025_5.xlsx,noviembre,2025,month,2025-11,F.E.D.E.I.,0.0,F.E.D.E.I.
Entre Ríos,informacion_consolidada2025_5.xlsx,noviembre,2025,month,2025-11,F.E.D.E.I.,0.0,F.E.D.E.I.
Entre Ríos,informacion_consolidada2025_5.xlsx,noviembre,2025,month,2025-11,Financ. | Educativo | Ley Nº 26.075,18174.23266575,Financiamiento Educativo
Entre Ríos,informacion_consolidada2025_5.xlsx,noviembre,2025,month,2025-11,Fondo | Compens. | de | Desequilib.,1.8,Fondo | Compens. | de | Desequilib.
Entre Ríos,informacion_consolidada2025_5.xlsx,noviembre,2025,month,2025-11,I.V.A. | Ley Nº 23.966 | Art. 5 | Punto 2,2371.4641,I.V.A. | Ley Nº 23.966 | Art. 5 | Punto 2
Entre Ríos,informacion_consolidada2025_5.xlsx,noviembre,2025,month,2025-11,Impuesto a los Combustibles Líquidos | Ley Nº 23.966 y Nº 24.699 | Obras de | Infraestr.,605.9166,Impuesto a los Combustibles Líquidos | Ley Nº 23.966 y Nº 24.699 | Obras de | Infraestr.
Entre Ríos,informacion_consolidada2025_5.xlsx,noviembre,2025,month,2025-11,Impuesto s/ | Los Activos | Fdo. Educ. | Ley Nº 23.906,0.0,Impuesto s/ | Los Activos | Fdo. Educ. | Ley Nº 23.906
Entre Ríos,informacion_consolidada2025_5.xlsx,noviembre,2025,month,2025-11,Impuesto sobre los | Bienes Personales | Ley | Nº 24.699,1488.0579,Impuesto sobre los | Bienes Personales | Ley | Nº 24.699
Entre Ríos,informacion_consolidada2025_5.xlsx,noviembre,2025,month,2025-11,Ley Nº 23.966 | Art. 30,236.137,Ley Nº 23.966 | Art. 30
Entre Ríos,informacion_consolidada2025_5.xlsx,noviembre,2025,month,2025-11,Ley Nº 24.464 | FO.NA.VI.,2362.5017000000003,Ley Nº 24.464 | FO.NA.VI.
Entre Ríos,informacion_consolidada2025_5.xlsx,noviembre,2025,month,2025-11,Reg.Simplif. | P/Peq.Contrib. | Ley Nº 24.977 | Aart. 59 Inc. A,1123.3612,Reg.Simplif. | P/Peq.Contrib. | Ley Nº 24.977 | Aart. 59 Inc. A
Entre Ríos,informacion_consolidada2025_5.xlsx,noviembre,2025,month,2025-11,Régimen de la Energía Eléctrica | L E Y Nº 2 4 . 0 6 5 | Fdo. P/Comp. | Tarifa Elect.,0.0,Régimen de la Energía Eléctrica | L E Y Nº 2 4 . 0 6 5 | Fdo. P/Comp. | Tarifa Elect.
Entre Ríos,informacion_consolidada2025_5.xlsx,noviembre,2025,month,2025-11,Subtotal,229465.02066575,Subtotal
Entre Ríos,informacion_consolidada2025_5.xlsx,noviembre,2025,month,2025-11,Subtotal,229470.64556575,Subtotal
Entre Ríos,informacion_consolidada2025_5.xlsx,noviembre,2025,month,2025-11,Total | (1) + (2),242300.45928575,Total | (1) + (2)
Entre Ríos,informacion_consolidada2025_5.xlsx,noviembre,2025,month,2025-11,Total | Recursos | Origen Nacional | (1),238685.29266575,Total | Recursos | Origen Nacional | (1)
Entre Ríos,informacion_consolidada2025_5.xlsx,noviembre,2025,month,2025-11,Transfer. | De Servicios | Ley | Nº 24.049,5.6249,Transfer. | De Servicios | Ley | Nº 24.049
Entre Ríos,informacion_consolidada2025_5.xlsx,noviembre,2025,month,2025-11,Vialidad | Provincial,1025.4086,Vialidad | Provincial
Entre Ríos,informacion_consolidada2025_5.xlsx,diciembre,2025,month,2025-12,C.F.I. | Neta De | Ley Nº 26.075,218718.7049,CFI | Neta
Entre Ríos,informacion_consolidada2025_5.xlsx,diciembre,2025,month,2025-12,Compensación | Consenso Fiscal | II. a y b; II. d y e | (2),10465.79406,Compensación Consenso Fiscal
Entre Ríos,informacion_consolidada2025_5.xlsx,diciembre,2025,month,2025-12,F.E.D.E.I.,326.7602243740247,F.E.D.E.I.
Entre Ríos,informacion_consolidada2025_5.xlsx,diciembre,2025,month,2025-12,F.E.D.E.I.,468.2981325971658,F.E.D.E.I.
Entre Ríos,informacion_consolidada2025_5.xlsx,diciembre,2025,month,2025-12,Financ. | Educativo | Ley Nº 26.075,22450.52270475,Financiamiento Educativo
Entre Ríos,informacion_consolidada2025_5.xlsx,diciembre,2025,month,2025-12,Fondo | Compens. | de | Desequilib.,1.8,Fondo | Compens. | de | Desequilib.
Entre Ríos,informacion_consolidada2025_5.xlsx,diciembre,2025,month,2025-12,I.V.A. | Ley Nº 23.966 | Art. 5 | Punto 2,2427.1358,I.V.A. | Ley Nº 23.966 | Art. 5 | Punto 2
Entre Ríos,informacion_consolidada2025_5.xlsx,diciembre,2025,month,2025-12,Impuesto a los Combustibles Líquidos | Ley Nº 23.966 y Nº 24.699 | Obras de | Infraestr.,861.9574,Impuesto a los Combustibles Líquidos | Ley Nº 23.966 y Nº 24.699 | Obras de | Infraestr.
Entre Ríos,informacion_consolidada2025_5.xlsx,diciembre,2025,month,2025-12,Impuesto s/ | Los Activos | Fdo. Educ. | Ley Nº 23.906,0.00387356,Impuesto s/ | Los Activos | Fdo. Educ. | Ley Nº 23.906
Entre Ríos,informacion_consolidada2025_5.xlsx,diciembre,2025,month,2025-12,Impuesto sobre los | Bienes Personales | Ley | Nº 24.699,2475.9166,Impuesto sobre los | Bienes Personales | Ley | Nº 24.699
Entre Ríos,informacion_consolidada2025_5.xlsx,diciembre,2025,month,2025-12,Ley Nº 23.966 | Art. 30,392.89840000000004,Ley Nº 23.966 | Art. 30
Entre Ríos,informacion_consolidada2025_5.xlsx,diciembre,2025,month,2025-12,Ley Nº 24.464 | FO.NA.VI.,3360.8186,Ley Nº 24.464 | FO.NA.VI.
Entre Ríos,informacion_consolidada2025_5.xlsx,diciembre,2025,month,2025-12,Reg.Simplif. | P/Peq.Contrib. | Ley Nº 24.977 | Aart. 59 Inc. A,1187.0122,Reg.Simplif. | P/Peq.Contrib. | Ley Nº 24.977 | Aart. 59 Inc. A
Entre Ríos,informacion_consolidada2025_5.xlsx,diciembre,2025,month,2025-12,Régimen de la Energía Eléctrica | L E Y Nº 2 4 . 0 6 5 | Fdo. P/Comp. | Tarifa Elect.,734.68997957529,Régimen de la Energía Eléctrica | L E Y Nº 2 4 . 0 6 5 | Fdo. P/Comp. | Tarifa Elect.
Entre Ríos,informacion_consolidada2025_5.xlsx,diciembre,2025,month,2025-12,Subtotal,241169.22760475002,Subtotal
Entre Ríos,informacion_consolidada2025_5.xlsx,diciembre,2025,month,2025-12,Subtotal,241174.85250475002,Subtotal
Entre Ríos,informacion_consolidada2025_5.xlsx,diciembre,2025,month,2025-12,Total | (1) + (2),265336.65097485646,Total | (1) + (2)
Entre Ríos,informacion_consolidada2025_5.xlsx,diciembre,2025,month,2025-12,Total | Recursos | Origen Nacional | (1),254870.85691485647,Total | Recursos | Origen Nacional | (1)
Entre Ríos,informacion_consolidada2025_5.xlsx,diciembre,2025,month,2025-12,Transfer. | De Servicios | Ley | Nº 24.049,5.6249,Transfer. | De Servicios | Ley | Nº 24.049
Entre Ríos,informacion_consolidada2025_5.xlsx,diciembre,2025,month,2025-12,Vialidad | Provincial,1458.7132,Vialidad | Provincial
Entre Ríos,informacion_consolidada2025_5.xlsx,CONS,2025,consolidated,CONS,C.F.I. | Neta De | Ley Nº 26.075,2317062.9986000005,CFI | Neta
Entre Ríos,informacion_consolidada2025_5.xlsx,CONS,2025,consolidated,CONS,Compensación | Consenso Fiscal | II. a y b; II. d y e | (2),46318.932904,Compensación Consenso Fiscal
Entre Ríos,informacion_consolidada2025_5.xlsx,CONS,2025,consolidated,CONS,F.E.D.E.I.,1722.671731408581,F.E.D.E.I.
Entre Ríos,informacion_consolidada2025_5.xlsx,CONS,2025,consolidated,CONS,F.E.D.E.I.,2507.7026345423983,F.E.D.E.I.
Entre Ríos,informacion_consolidada2025_5.xlsx,CONS,2025,consolidated,CONS,Financ. | Educativo | Ley Nº 26.075,259784.61979999993,Financiamiento Educativo
Entre Ríos,informacion_consolidada2025_5.xlsx,CONS,2025,consolidated,CONS,Fondo | Compens. | de | Desequilib.,21.6,Fondo | Compens. | de | Desequilib.
Entre Ríos,informacion_consolidada2025_5.xlsx,CONS,2025,consolidated,CONS,I.V.A. | Ley Nº 23.966 | Art. 5 | Punto 2,26994.8269,I.V.A. | Ley Nº 23.966 | Art. 5 | Punto 2
Entre Ríos,informacion_consolidada2025_5.xlsx,CONS,2025,consolidated,CONS,Impuesto a los Combustibles Líquidos | Ley Nº 23.966 y Nº 24.699 | Obras de | Infraestr.,6448.965900000001,Impuesto a los Combustibles Líquidos | Ley Nº 23.966 y Nº 24.699 | Obras de | Infraestr.
Entre Ríos,informacion_consolidada2025_5.xlsx,CONS,2025,consolidated,CONS,Impuesto s/ | Los Activos | Fdo. Educ. | Ley Nº 23.906,0.1376,Impuesto s/ | Los Activos | Fdo. Educ. | Ley Nº 23.906
Entre Ríos,informacion_consolidada2025_5.xlsx,CONS,2025,consolidated,CONS,Impuesto sobre los | Bienes Personales | Ley | Nº 24.699,50345.39199999999,Impuesto sobre los | Bienes Personales | Ley | Nº 24.699
Entre Ríos,informacion_consolidada2025_5.xlsx,CONS,2025,consolidated,CONS,Ley Nº 23.966 | Art. 30,7989.210899999999,Ley Nº 23.966 | Art. 30
Entre Ríos,informacion_consolidada2025_5.xlsx,CONS,2025,consolidated,CONS,Ley Nº 24.464 | FO.NA.VI.,25144.867400000003,Ley Nº 24.464 | FO.NA.VI.
Entre Ríos,informacion_consolidada2025_5.xlsx,CONS,2025,consolidated,CONS,Reg.Simplif. | P/Peq.Contrib. | Ley Nº 24.977 | Aart. 59 Inc. A,10033.7581,Reg.Simplif. | P/Peq.Contrib. | Ley Nº 24.977 | Aart. 59 Inc. A
Entre Ríos,informacion_consolidada2025_5.xlsx,CONS,2025,consolidated,CONS,Régimen de la Energía Eléctrica | L E Y Nº 2 4 . 0 6 5 | Fdo. P/Comp. | Tarifa Elect.,3936.1533999999992,Régimen de la Energía Eléctrica | L E Y Nº 2 4 . 0 6 5 | Fdo. P/Comp. | Tarifa Elect.
Entre Ríos,informacion_consolidada2025_5.xlsx,CONS,2025,consolidated,CONS,Subtotal,2576847.6184000005,Subtotal
Entre Ríos,informacion_consolidada2025_5.xlsx,CONS,2025,consolidated,CONS,Subtotal,2576915.1172000007,Subtotal
Entre Ríos,informacion_consolidada2025_5.xlsx,CONS,2025,consolidated,CONS,Total | (1) + (2),2769293.0914699524,Total | (1) + (2)
Entre Ríos,informacion_consolidada2025_5.xlsx,CONS,2025,consolidated,CONS,Total | Recursos | Origen Nacional | (1),2722974.1585659524,Total | Recursos | Origen Nacional | (1)
Entre Ríos,informacion_consolidada2025_5.xlsx,CONS,2025,consolidated,CONS,Transfer. | De Servicios | Ley | Nº 24.049,67.4988,Transfer. | De Servicios | Ley | Nº 24.049
Entre Ríos,informacion_consolidada2025_5.xlsx,CONS,2025,consolidated,CONS,Vialidad | Provincial,10913.754799999999,Vialidad | Provincial
Formosa,informacion_consolidada2025_5.xlsx,enero,2025,month,2025-01,C.F.I. | Neta De | Ley Nº 26.075,155822.4106,CFI | Neta
Formosa,informacion_consolidada2025_5.xlsx,enero,2025,month,2025-01,Compensación | Consenso Fiscal | II. a y b; II. d y e | (2),2717.606892,Compensación Consenso Fiscal
Formosa,informacion_consolidada2025_5.xlsx,enero,2025,month,2025-01,F.E.D.E.I.,0.0,F.E.D.E.I.
Formosa,informacion_consolidada2025_5.xlsx,enero,2025,month,2025-01,F.E.D.E.I.,0.0,F.E.D.E.I.
Formosa,informacion_consolidada2025_5.xlsx,enero,2025,month,2025-01,Financ. | Educativo | Ley Nº 26.075,0.0,Financiamiento Educativo
Formosa,informacion_consolidada2025_5.xlsx,enero,2025,month,2025-01,Fondo | Compens. | de | Desequilib.,2.2,Fondo | Compens. | de | Desequilib.
Formosa,informacion_consolidada2025_5.xlsx,enero,2025,month,2025-01,I.V.A. | Ley Nº 23.966 | Art. 5 | Punto 2,639.3314,I.V.A. | Ley Nº 23.966 | Art. 5 | Punto 2
Formosa,informacion_consolidada2025_5.xlsx,enero,2025,month,2025-01,Impuesto a los Combustibles Líquidos | Ley Nº 23.966 y Nº 24.699 | Obras de | Infraestr.,270.631,Impuesto a los Combustibles Líquidos | Ley Nº 23.966 y Nº 24.699 | Obras de | Infraestr.
Formosa,informacion_consolidada2025_5.xlsx,enero,2025,month,2025-01,Impuesto s/ | Los Activos | Fdo. Educ. | Ley Nº 23.906,0.0,Impuesto s/ | Los Activos | Fdo. Educ. | Ley Nº 23.906
Formosa,informacion_consolidada2025_5.xlsx,enero,2025,month,2025-01,Impuesto sobre los | Bienes Personales | Ley | Nº 24.699,927.2431,Impuesto sobre los | Bienes Personales | Ley | Nº 24.699
Formosa,informacion_consolidada2025_5.xlsx,enero,2025,month,2025-01,Ley Nº 23.966 | Art. 30,53.252,Ley Nº 23.966 | Art. 30
Formosa,informacion_consolidada2025_5.xlsx,enero,2025,month,2025-01,Ley Nº 24.464 | FO.NA.VI.,1451.5781000000002,Ley Nº 24.464 | FO.NA.VI.
Formosa,informacion_consolidada2025_5.xlsx,enero,2025,month,2025-01,Reg.Simplif. | P/Peq.Contrib. | Ley Nº 24.977 | Aart. 59 Inc. A,309.0998,Reg.Simplif. | P/Peq.Contrib. | Ley Nº 24.977 | Aart. 59 Inc. A
Formosa,informacion_consolidada2025_5.xlsx,enero,2025,month,2025-01,Régimen de la Energía Eléctrica | L E Y Nº 2 4 . 0 6 5 | Fdo. P/Comp. | Tarifa Elect.,0.0,Régimen de la Energía Eléctrica | L E Y Nº 2 4 . 0 6 5 | Fdo. P/Comp. | Tarifa Elect.
Formosa,informacion_consolidada2025_5.xlsx,enero,2025,month,2025-01,Subtotal,155822.4106,Subtotal
Formosa,informacion_consolidada2025_5.xlsx,enero,2025,month,2025-01,Subtotal,155824.1357,Subtotal
Formosa,informacion_consolidada2025_5.xlsx,enero,2025,month,2025-01,Total | (1) + (2),162514.68789200005,Total | (1) + (2)
Formosa,informacion_consolidada2025_5.xlsx,enero,2025,month,2025-01,Total | Recursos | Origen Nacional | (1),159797.08100000003,Total | Recursos | Origen Nacional | (1)
Formosa,informacion_consolidada2025_5.xlsx,enero,2025,month,2025-01,Transfer. | De Servicios | Ley | Nº 24.049,1.7251,Transfer. | De Servicios | Ley | Nº 24.049
Formosa,informacion_consolidada2025_5.xlsx,enero,2025,month,2025-01,Vialidad | Provincial,319.60990000000004,Vialidad | Provincial
Formosa,informacion_consolidada2025_5.xlsx,febrero,2025,month,2025-02,C.F.I. | Neta De | Ley Nº 26.075,143672.2313,CFI | Neta
Formosa,informacion_consolidada2025_5.xlsx,febrero,2025,month,2025-02,Compensación | Consenso Fiscal | II. a y b; II. d y e | (2),2470.5517200000004,Compensación Consenso Fiscal
Formosa,informacion_consolidada2025_5.xlsx,febrero,2025,month,2025-02,F.E.D.E.I.,232.73474589,F.E.D.E.I.
Formosa,informacion_consolidada2025_5.xlsx,febrero,2025,month,2025-02,F.E.D.E.I.,139.47584460802284,F.E.D.E.I.
Formosa,informacion_consolidada2025_5.xlsx,febrero,2025,month,2025-02,Financ. | Educativo | Ley Nº 26.075,0.0,Financiamiento Educativo
Formosa,informacion_consolidada2025_5.xlsx,febrero,2025,month,2025-02,Fondo | Compens. | de | Desequilib.,2.2,Fondo | Compens. | de | Desequilib.
Formosa,informacion_consolidada2025_5.xlsx,febrero,2025,month,2025-02,I.V.A. | Ley Nº 23.966 | Art. 5 | Punto 2,559.8424,I.V.A. | Ley Nº 23.966 | Art. 5 | Punto 2
Formosa,informacion_consolidada2025_5.xlsx,febrero,2025,month,2025-02,Impuesto a los Combustibles Líquidos | Ley Nº 23.966 y Nº 24.699 | Obras de | Infraestr.,340.9117,Impuesto a los Combustibles Líquidos | Ley Nº 23.966 y Nº 24.699 | Obras de | Infraestr.
Formosa,informacion_consolidada2025_5.xlsx,febrero,2025,month,2025-02,Impuesto s/ | Los Activos | Fdo. Educ. | Ley Nº 23.906,0.0,Impuesto s/ | Los Activos | Fdo. Educ. | Ley Nº 23.906
Formosa,informacion_consolidada2025_5.xlsx,febrero,2025,month,2025-02,Impuesto sobre los | Bienes Personales | Ley | Nº 24.699,1286.0858999999998,Impuesto sobre los | Bienes Personales | Ley | Nº 24.699
Formosa,informacion_consolidada2025_5.xlsx,febrero,2025,month,2025-02,Ley Nº 23.966 | Art. 30,73.8605,Ley Nº 23.966 | Art. 30
Formosa,informacion_consolidada2025_5.xlsx,febrero,2025,month,2025-02,Ley Nº 24.464 | FO.NA.VI.,1828.5413999999998,Ley Nº 24.464 | FO.NA.VI.
Formosa,informacion_consolidada2025_5.xlsx,febrero,2025,month,2025-02,Reg.Simplif. | P/Peq.Contrib. | Ley Nº 24.977 | Aart. 59 Inc. A,450.777,Reg.Simplif. | P/Peq.Contrib. | Ley Nº 24.977 | Aart. 59 Inc. A
Formosa,informacion_consolidada2025_5.xlsx,febrero,2025,month,2025-02,Régimen de la Energía Eléctrica | L E Y Nº 2 4 . 0 6 5 | Fdo. P/Comp. | Tarifa Elect.,176.83974098182821,Régimen de la Energía Eléctrica | L E Y Nº 2 4 . 0 6 5 | Fdo. P/Comp. | Tarifa Elect.
Formosa,informacion_consolidada2025_5.xlsx,febrero,2025,month,2025-02,Subtotal,143672.2313,Subtotal
Formosa,informacion_consolidada2025_5.xlsx,febrero,2025,month,2025-02,Subtotal,143673.95640000002,Subtotal
Formosa,informacion_consolidada2025_5.xlsx,febrero,2025,month,2025-02,Total | (1) + (2),151638.38745147985,Total | (1) + (2)
Formosa,informacion_consolidada2025_5.xlsx,febrero,2025,month,2025-02,Total | Recursos | Origen Nacional | (1),149167.83573147986,Total | Recursos | Origen Nacional | (1)
Formosa,informacion_consolidada2025_5.xlsx,febrero,2025,month,2025-02,Transfer. | De Servicios | Ley | Nº 24.049,1.7251,Transfer. | De Servicios | Ley | Nº 24.049
Formosa,informacion_consolidada2025_5.xlsx,febrero,2025,month,2025-02,Vialidad | Provincial,402.6101,Vialidad | Provincial
Formosa,informacion_consolidada2025_5.xlsx,marzo,2025,month,2025-03,C.F.I. | Neta De | Ley Nº 26.075,124295.3217,CFI | Neta
Formosa,informacion_consolidada2025_5.xlsx,marzo,2025,month,2025-03,Compensación | Consenso Fiscal | II. a y b; II. d y e | (2),2223.496548,Compensación Consenso Fiscal
Formosa,informacion_consolidada2025_5.xlsx,marzo,2025,month,2025-03,F.E.D.E.I.,135.01252125999997,F.E.D.E.I.
Formosa,informacion_consolidada2025_5.xlsx,marzo,2025,month,2025-03,F.E.D.E.I.,236.58074855962343,F.E.D.E.I.
Formosa,informacion_consolidada2025_5.xlsx,marzo,2025,month,2025-03,Financ. | Educativo | Ley Nº 26.075,5792.801842,Financiamiento Educativo
Formosa,informacion_consolidada2025_5.xlsx,marzo,2025,month,2025-03,Fondo | Compens. | de | Desequilib.,2.2,Fondo | Compens. | de | Desequilib.
Formosa,informacion_consolidada2025_5.xlsx,marzo,2025,month,2025-03,I.V.A. | Ley Nº 23.966 | Art. 5 | Punto 2,523.6987,I.V.A. | Ley Nº 23.966 | Art. 5 | Punto 2
Formosa,informacion_consolidada2025_5.xlsx,marzo,2025,month,2025-03,Impuesto a los Combustibles Líquidos | Ley Nº 23.966 y Nº 24.699 | Obras de | Infraestr.,311.3609,Impuesto a los Combustibles Líquidos | Ley Nº 23.966 y Nº 24.699 | Obras de | Infraestr.
Formosa,informacion_consolidada2025_5.xlsx,marzo,2025,month,2025-03,Impuesto s/ | Los Activos | Fdo. Educ. | Ley Nº 23.906,0.0,Impuesto s/ | Los Activos | Fdo. Educ. | Ley Nº 23.906
Formosa,informacion_consolidada2025_5.xlsx,marzo,2025,month,2025-03,Impuesto sobre los | Bienes Personales | Ley | Nº 24.699,588.0971999999999,Impuesto sobre los | Bienes Personales | Ley | Nº 24.699
Formosa,informacion_consolidada2025_5.xlsx,marzo,2025,month,2025-03,Ley Nº 23.966 | Art. 30,33.774699999999996,Ley Nº 23.966 | Art. 30
Formosa,informacion_consolidada2025_5.xlsx,marzo,2025,month,2025-03,Ley Nº 24.464 | FO.NA.VI.,1670.0403999999999,Ley Nº 24.464 | FO.NA.VI.
Formosa,informacion_consolidada2025_5.xlsx,marzo,2025,month,2025-03,Reg.Simplif. | P/Peq.Contrib. | Ley Nº 24.977 | Aart. 59 Inc. A,484.9441,Reg.Simplif. | P/Peq.Contrib. | Ley Nº 24.977 | Aart. 59 Inc. A
Formosa,informacion_consolidada2025_5.xlsx,marzo,2025,month,2025-03,Régimen de la Energía Eléctrica | L E Y Nº 2 4 . 0 6 5 | Fdo. P/Comp. | Tarifa Elect.,299.95787740310845,Régimen de la Energía Eléctrica | L E Y Nº 2 4 . 0 6 5 | Fdo. P/Comp. | Tarifa Elect.
Formosa,informacion_consolidada2025_5.xlsx,marzo,2025,month,2025-03,Subtotal,130088.123542,Subtotal
Formosa,informacion_consolidada2025_5.xlsx,marzo,2025,month,2025-03,Subtotal,130089.848642,Subtotal
Formosa,informacion_consolidada2025_5.xlsx,marzo,2025,month,2025-03,Total | (1) + (2),136966.72353722272,Total | (1) + (2)
Formosa,informacion_consolidada2025_5.xlsx,marzo,2025,month,2025-03,Total | Recursos | Origen Nacional | (1),134743.22698922272,Total | Recursos | Origen Nacional | (1)
Formosa,informacion_consolidada2025_5.xlsx,marzo,2025,month,2025-03,Transfer. | De Servicios | Ley | Nº 24.049,1.7251,Transfer. | De Servicios | Ley | Nº 24.049
Formosa,informacion_consolidada2025_5.xlsx,marzo,2025,month,2025-03,Vialidad | Provincial,367.7112,Vialidad | Provincial
Formosa,informacion_consolidada2025_5.xlsx,abril,2025,month,2025-04,C.F.I. | Neta De | Ley Nº 26.075,116674.3309,CFI | Neta
Formosa,informacion_consolidada2025_5.xlsx,abril,2025,month,2025-04,Compensación | Consenso Fiscal | II. a y b; II. d y e | (2),3382.3452110000003,Compensación Consenso Fiscal
Formosa,informacion_consolidada2025_5.xlsx,abril,2025,month,2025-04,F.E.D.E.I.,170.2632761995815,F.E.D.E.I.
Formosa,informacion_consolidada2025_5.xlsx,abril,2025,month,2025-04,F.E.D.E.I.,204.0581847095389,F.E.D.E.I.
Formosa,informacion_consolidada2025_5.xlsx,abril,2025,month,2025-04,Financ. | Educativo | Ley Nº 26.075,23171.207368,Financiamiento Educativo
Formosa,informacion_consolidada2025_5.xlsx,abril,2025,month,2025-04,Fondo | Compens. | de | Desequilib.,2.2,Fondo | Compens. | de | Desequilib.
Formosa,informacion_consolidada2025_5.xlsx,abril,2025,month,2025-04,I.V.A. | Ley Nº 23.966 | Art. 5 | Punto 2,559.4159000000001,I.V.A. | Ley Nº 23.966 | Art. 5 | Punto 2
Formosa,informacion_consolidada2025_5.xlsx,abril,2025,month,2025-04,Impuesto a los Combustibles Líquidos | Ley Nº 23.966 y Nº 24.699 | Obras de | Infraestr.,345.72270000000003,Impuesto a los Combustibles Líquidos | Ley Nº 23.966 y Nº 24.699 | Obras de | Infraestr.
Formosa,informacion_consolidada2025_5.xlsx,abril,2025,month,2025-04,Impuesto s/ | Los Activos | Fdo. Educ. | Ley Nº 23.906,0.0,Impuesto s/ | Los Activos | Fdo. Educ. | Ley Nº 23.906
Formosa,informacion_consolidada2025_5.xlsx,abril,2025,month,2025-04,Impuesto sobre los | Bienes Personales | Ley | Nº 24.699,1099.7033999999999,Impuesto sobre los | Bienes Personales | Ley | Nº 24.699
Formosa,informacion_consolidada2025_5.xlsx,abril,2025,month,2025-04,Ley Nº 23.966 | Art. 30,63.1565,Ley Nº 23.966 | Art. 30
Formosa,informacion_consolidada2025_5.xlsx,abril,2025,month,2025-04,Ley Nº 24.464 | FO.NA.VI.,1854.3462,Ley Nº 24.464 | FO.NA.VI.
Formosa,informacion_consolidada2025_5.xlsx,abril,2025,month,2025-04,Reg.Simplif. | P/Peq.Contrib. | Ley Nº 24.977 | Aart. 59 Inc. A,496.8333,Reg.Simplif. | P/Peq.Contrib. | Ley Nº 24.977 | Aart. 59 Inc. A
Formosa,informacion_consolidada2025_5.xlsx,abril,2025,month,2025-04,Régimen de la Energía Eléctrica | L E Y Nº 2 4 . 0 6 5 | Fdo. P/Comp. | Tarifa Elect.,258.72291100142706,Régimen de la Energía Eléctrica | L E Y Nº 2 4 . 0 6 5 | Fdo. P/Comp. | Tarifa Elect.
Formosa,informacion_consolidada2025_5.xlsx,abril,2025,month,2025-04,Subtotal,139845.538268,Subtotal
Formosa,informacion_consolidada2025_5.xlsx,abril,2025,month,2025-04,Subtotal,139847.263368,Subtotal
Formosa,informacion_consolidada2025_5.xlsx,abril,2025,month,2025-04,Total | (1) + (2),148692.3227509106,Total | (1) + (2)
Formosa,informacion_consolidada2025_5.xlsx,abril,2025,month,2025-04,Total | Recursos | Origen Nacional | (1),145309.9775399106,Total | Recursos | Origen Nacional | (1)
Formosa,informacion_consolidada2025_5.xlsx,abril,2025,month,2025-04,Transfer. | De Servicios | Ley | Nº 24.049,1.7251,Transfer. | De Servicios | Ley | Nº 24.049
Formosa,informacion_consolidada2025_5.xlsx,abril,2025,month,2025-04,Vialidad | Provincial,408.29179999999997,Vialidad | Provincial
Formosa,informacion_consolidada2025_5.xlsx,mayo,2025,month,2025-05,C.F.I. | Neta De | Ley Nº 26.075,157811.4595,CFI | Neta
Formosa,informacion_consolidada2025_5.xlsx,mayo,2025,month,2025-05,Compensación | Consenso Fiscal | II. a y b; II. d y e | (2),3560.36338,Compensación Consenso Fiscal
Formosa,informacion_consolidada2025_5.xlsx,mayo,2025,month,2025-05,F.E.D.E.I.,328.2436959687513,F.E.D.E.I.
Formosa,informacion_consolidada2025_5.xlsx,mayo,2025,month,2025-05,F.E.D.E.I.,759.3833373557147,F.E.D.E.I.
Formosa,informacion_consolidada2025_5.xlsx,mayo,2025,month,2025-05,Financ. | Educativo | Ley Nº 26.075,23895.30759825,Financiamiento Educativo
Formosa,informacion_consolidada2025_5.xlsx,mayo,2025,month,2025-05,Fondo | Compens. | de | Desequilib.,2.2,Fondo | Compens. | de | Desequilib.
Formosa,informacion_consolidada2025_5.xlsx,mayo,2025,month,2025-05,I.V.A. | Ley Nº 23.966 | Art. 5 | Punto 2,524.497,I.V.A. | Ley Nº 23.966 | Art. 5 | Punto 2
Formosa,informacion_consolidada2025_5.xlsx,mayo,2025,month,2025-05,Impuesto a los Combustibles Líquidos | Ley Nº 23.966 y Nº 24.699 | Obras de | Infraestr.,376.1715,Impuesto a los Combustibles Líquidos | Ley Nº 23.966 y Nº 24.699 | Obras de | Infraestr.
Formosa,informacion_consolidada2025_5.xlsx,mayo,2025,month,2025-05,Impuesto s/ | Los Activos | Fdo. Educ. | Ley Nº 23.906,0.0,Impuesto s/ | Los Activos | Fdo. Educ. | Ley Nº 23.906
Formosa,informacion_consolidada2025_5.xlsx,mayo,2025,month,2025-05,Impuesto sobre los | Bienes Personales | Ley | Nº 24.699,759.3235,Impuesto sobre los | Bienes Personales | Ley | Nº 24.699
Formosa,informacion_consolidada2025_5.xlsx,mayo,2025,month,2025-05,Ley Nº 23.966 | Art. 30,43.6083,Ley Nº 23.966 | Art. 30
Formosa,informacion_consolidada2025_5.xlsx,mayo,2025,month,2025-05,Ley Nº 24.464 | FO.NA.VI.,2017.6635,Ley Nº 24.464 | FO.NA.VI.
Formosa,informacion_consolidada2025_5.xlsx,mayo,2025,month,2025-05,Reg.Simplif. | P/Peq.Contrib. | Ley Nº 24.977 | Aart. 59 Inc. A,521.4928,Reg.Simplif. | P/Peq.Contrib. | Ley Nº 24.977 | Aart. 59 Inc. A
Formosa,informacion_consolidada2025_5.xlsx,mayo,2025,month,2025-05,Régimen de la Energía Eléctrica | L E Y Nº 2 4 . 0 6 5 | Fdo. P/Comp. | Tarifa Elect.,441.26995581033924,Régimen de la Energía Eléctrica | L E Y Nº 2 4 . 0 6 5 | Fdo. P/Comp. | Tarifa Elect.
Formosa,informacion_consolidada2025_5.xlsx,mayo,2025,month,2025-05,Subtotal,181706.76709824998,Subtotal
Formosa,informacion_consolidada2025_5.xlsx,mayo,2025,month,2025-05,Subtotal,181708.49219825,Subtotal
Formosa,informacion_consolidada2025_5.xlsx,mayo,2025,month,2025-05,Total | (1) + (2),191486.9603673848,Total | (1) + (2)
Formosa,informacion_consolidada2025_5.xlsx,mayo,2025,month,2025-05,Total | Recursos | Origen Nacional | (1),187926.5969873848,Total | Recursos | Origen Nacional | (1)
Formosa,informacion_consolidada2025_5.xlsx,mayo,2025,month,2025-05,Transfer. | De Servicios | Ley | Nº 24.049,1.7251,Transfer. | De Servicios | Ley | Nº 24.049
Formosa,informacion_consolidada2025_5.xlsx,mayo,2025,month,2025-05,Vialidad | Provincial,444.25120000000004,Vialidad | Provincial
Formosa,informacion_consolidada2025_5.xlsx,junio,2025,month,2025-06,C.F.I. | Neta De | Ley Nº 26.075,130804.6886,CFI | Neta
Formosa,informacion_consolidada2025_5.xlsx,junio,2025,month,2025-06,Compensación | Consenso Fiscal | II. a y b; II. d y e | (2),3382.3452110000003,Compensación Consenso Fiscal
Formosa,informacion_consolidada2025_5.xlsx,junio,2025,month,2025-06,F.E.D.E.I.,187.83565217142842,F.E.D.E.I.
Formosa,informacion_consolidada2025_5.xlsx,junio,2025,month,2025-06,F.E.D.E.I.,217.7050661886416,F.E.D.E.I.
Formosa,informacion_consolidada2025_5.xlsx,junio,2025,month,2025-06,Financ. | Educativo | Ley Nº 26.075,23171.207368,Financiamiento Educativo
Formosa,informacion_consolidada2025_5.xlsx,junio,2025,month,2025-06,Fondo | Compens. | de | Desequilib.,2.2,Fondo | Compens. | de | Desequilib.
Formosa,informacion_consolidada2025_5.xlsx,junio,2025,month,2025-06,I.V.A. | Ley Nº 23.966 | Art. 5 | Punto 2,608.4322,I.V.A. | Ley Nº 23.966 | Art. 5 | Punto 2
Formosa,informacion_consolidada2025_5.xlsx,junio,2025,month,2025-06,Impuesto a los Combustibles Líquidos | Ley Nº 23.966 y Nº 24.699 | Obras de | Infraestr.,406.264,Impuesto a los Combustibles Líquidos | Ley Nº 23.966 y Nº 24.699 | Obras de | Infraestr.
Formosa,informacion_consolidada2025_5.xlsx,junio,2025,month,2025-06,Impuesto s/ | Los Activos | Fdo. Educ. | Ley Nº 23.906,0.0,Impuesto s/ | Los Activos | Fdo. Educ. | Ley Nº 23.906
Formosa,informacion_consolidada2025_5.xlsx,junio,2025,month,2025-06,Impuesto sobre los | Bienes Personales | Ley | Nº 24.699,22137.7796,Impuesto sobre los | Bienes Personales | Ley | Nº 24.699
Formosa,informacion_consolidada2025_5.xlsx,junio,2025,month,2025-06,Ley Nº 23.966 | Art. 30,1271.3826000000001,Ley Nº 23.966 | Art. 30
Formosa,informacion_consolidada2025_5.xlsx,junio,2025,month,2025-06,Ley Nº 24.464 | FO.NA.VI.,2179.0703,Ley Nº 24.464 | FO.NA.VI.
Formosa,informacion_consolidada2025_5.xlsx,junio,2025,month,2025-06,Reg.Simplif. | P/Peq.Contrib. | Ley Nº 24.977 | Aart. 59 Inc. A,532.2841999999999,Reg.Simplif. | P/Peq.Contrib. | Ley Nº 24.977 | Aart. 59 Inc. A
Formosa,informacion_consolidada2025_5.xlsx,junio,2025,month,2025-06,Régimen de la Energía Eléctrica | L E Y Nº 2 4 . 0 6 5 | Fdo. P/Comp. | Tarifa Elect.,802.2833414793458,Régimen de la Energía Eléctrica | L E Y Nº 2 4 . 0 6 5 | Fdo. P/Comp. | Tarifa Elect.
Formosa,informacion_consolidada2025_5.xlsx,junio,2025,month,2025-06,Subtotal,153975.895968,Subtotal
Formosa,informacion_consolidada2025_5.xlsx,junio,2025,month,2025-06,Subtotal,153977.621068,Subtotal
Formosa,informacion_consolidada2025_5.xlsx,junio,2025,month,2025-06,Total | (1) + (2),186184.99313883946,Total | (1) + (2)
Formosa,informacion_consolidada2025_5.xlsx,junio,2025,month,2025-06,Total | Recursos | Origen Nacional | (1),182802.64792783945,Total | Recursos | Origen Nacional | (1)
Formosa,informacion_consolidada2025_5.xlsx,junio,2025,month,2025-06,Transfer. | De Servicios | Ley | Nº 24.049,1.7251,Transfer. | De Servicios | Ley | Nº 24.049
Formosa,informacion_consolidada2025_5.xlsx,junio,2025,month,2025-06,Vialidad | Provincial,479.78990000000005,Vialidad | Provincial
Formosa,informacion_consolidada2025_5.xlsx,julio,2025,month,2025-07,C.F.I. | Neta De | Ley Nº 26.075,136498.9188,CFI | Neta
Formosa,informacion_consolidada2025_5.xlsx,julio,2025,month,2025-07,Compensación | Consenso Fiscal | II. a y b; II. d y e | (2),4249.452679999999,Compensación Consenso Fiscal
Formosa,informacion_consolidada2025_5.xlsx,julio,2025,month,2025-07,F.E.D.E.I.,203.01883807013076,F.E.D.E.I.
Formosa,informacion_consolidada2025_5.xlsx,julio,2025,month,2025-07,F.E.D.E.I.,348.27913143959483,F.E.D.E.I.
Formosa,informacion_consolidada2025_5.xlsx,julio,2025,month,2025-07,Financ. | Educativo | Ley Nº 26.075,25343.50805875,Financiamiento Educativo
Formosa,informacion_consolidada2025_5.xlsx,julio,2025,month,2025-07,Fondo | Compens. | de | Desequilib.,2.2,Fondo | Compens. | de | Desequilib.
Formosa,informacion_consolidada2025_5.xlsx,julio,2025,month,2025-07,I.V.A. | Ley Nº 23.966 | Art. 5 | Punto 2,612.2926,I.V.A. | Ley Nº 23.966 | Art. 5 | Punto 2
Formosa,informacion_consolidada2025_5.xlsx,julio,2025,month,2025-07,Impuesto a los Combustibles Líquidos | Ley Nº 23.966 y Nº 24.699 | Obras de | Infraestr.,363.03270000000003,Impuesto a los Combustibles Líquidos | Ley Nº 23.966 y Nº 24.699 | Obras de | Infraestr.
Formosa,informacion_consolidada2025_5.xlsx,julio,2025,month,2025-07,Impuesto s/ | Los Activos | Fdo. Educ. | Ley Nº 23.906,0.0,Impuesto s/ | Los Activos | Fdo. Educ. | Ley Nº 23.906
Formosa,informacion_consolidada2025_5.xlsx,julio,2025,month,2025-07,Impuesto sobre los | Bienes Personales | Ley | Nº 24.699,2010.8287,Impuesto sobre los | Bienes Personales | Ley | Nº 24.699
Formosa,informacion_consolidada2025_5.xlsx,julio,2025,month,2025-07,Ley Nº 23.966 | Art. 30,115.4828,Ley Nº 23.966 | Art. 30
Formosa,informacion_consolidada2025_5.xlsx,julio,2025,month,2025-07,Ley Nº 24.464 | FO.NA.VI.,1947.1912,Ley Nº 24.464 | FO.NA.VI.
Formosa,informacion_consolidada2025_5.xlsx,julio,2025,month,2025-07,Reg.Simplif. | P/Peq.Contrib. | Ley Nº 24.977 | Aart. 59 Inc. A,538.1876,Reg.Simplif. | P/Peq.Contrib. | Ley Nº 24.977 | Aart. 59 Inc. A
Formosa,informacion_consolidada2025_5.xlsx,julio,2025,month,2025-07,Régimen de la Energía Eléctrica | L E Y Nº 2 4 . 0 6 5 | Fdo. P/Comp. | Tarifa Elect.,444.1892308509828,Régimen de la Energía Eléctrica | L E Y Nº 2 4 . 0 6 5 | Fdo. P/Comp. | Tarifa Elect.
Formosa,informacion_consolidada2025_5.xlsx,julio,2025,month,2025-07,Subtotal,161842.42685875003,Subtotal
Formosa,informacion_consolidada2025_5.xlsx,julio,2025,month,2025-07,Subtotal,161844.15195875004,Subtotal
Formosa,informacion_consolidada2025_5.xlsx,julio,2025,month,2025-07,Total | (1) + (2),173107.04193911076,Total | (1) + (2)
Formosa,informacion_consolidada2025_5.xlsx,julio,2025,month,2025-07,Total | Recursos | Origen Nacional | (1),168857.58925911077,Total | Recursos | Origen Nacional | (1)
Formosa,informacion_consolidada2025_5.xlsx,julio,2025,month,2025-07,Transfer. | De Servicios | Ley | Nº 24.049,1.7251,Transfer. | De Servicios | Ley | Nº 24.049
Formosa,informacion_consolidada2025_5.xlsx,julio,2025,month,2025-07,Vialidad | Provincial,428.7345,Vialidad | Provincial
Formosa,informacion_consolidada2025_5.xlsx,agosto,2025,month,2025-08,C.F.I. | Neta De | Ley Nº 26.075,150217.8375,CFI | Neta
Formosa,informacion_consolidada2025_5.xlsx,agosto,2025,month,2025-08,Compensación | Consenso Fiscal | II. a y b; II. d y e | (2),3863.1387999999997,Compensación Consenso Fiscal
Formosa,informacion_consolidada2025_5.xlsx,agosto,2025,month,2025-08,F.E.D.E.I.,181.08413623173973,F.E.D.E.I.
Formosa,informacion_consolidada2025_5.xlsx,agosto,2025,month,2025-08,F.E.D.E.I.,240.27061265053135,F.E.D.E.I.
Formosa,informacion_consolidada2025_5.xlsx,agosto,2025,month,2025-08,Financ. | Educativo | Ley Nº 26.075,14482.004605,Financiamiento Educativo
Formosa,informacion_consolidada2025_5.xlsx,agosto,2025,month,2025-08,Fondo | Compens. | de | Desequilib.,2.2,Fondo | Compens. | de | Desequilib.
Formosa,informacion_consolidada2025_5.xlsx,agosto,2025,month,2025-08,I.V.A. | Ley Nº 23.966 | Art. 5 | Punto 2,625.0292,I.V.A. | Ley Nº 23.966 | Art. 5 | Punto 2
Formosa,informacion_consolidada2025_5.xlsx,agosto,2025,month,2025-08,Impuesto a los Combustibles Líquidos | Ley Nº 23.966 y Nº 24.699 | Obras de | Infraestr.,429.1905,Impuesto a los Combustibles Líquidos | Ley Nº 23.966 y Nº 24.699 | Obras de | Infraestr.
Formosa,informacion_consolidada2025_5.xlsx,agosto,2025,month,2025-08,Impuesto s/ | Los Activos | Fdo. Educ. | Ley Nº 23.906,0.09095531,Impuesto s/ | Los Activos | Fdo. Educ. | Ley Nº 23.906
Formosa,informacion_consolidada2025_5.xlsx,agosto,2025,month,2025-08,Impuesto sobre los | Bienes Personales | Ley | Nº 24.699,2075.1501000000003,Impuesto sobre los | Bienes Personales | Ley | Nº 24.699
Formosa,informacion_consolidada2025_5.xlsx,agosto,2025,month,2025-08,Ley Nº 23.966 | Art. 30,119.1768,Ley Nº 23.966 | Art. 30
Formosa,informacion_consolidada2025_5.xlsx,agosto,2025,month,2025-08,Ley Nº 24.464 | FO.NA.VI.,2302.0406000000003,Ley Nº 24.464 | FO.NA.VI.
Formosa,informacion_consolidada2025_5.xlsx,agosto,2025,month,2025-08,Reg.Simplif. | P/Peq.Contrib. | Ley Nº 24.977 | Aart. 59 Inc. A,766.597,Reg.Simplif. | P/Peq.Contrib. | Ley Nº 24.977 | Aart. 59 Inc. A
Formosa,informacion_consolidada2025_5.xlsx,agosto,2025,month,2025-08,Régimen de la Energía Eléctrica | L E Y Nº 2 4 . 0 6 5 | Fdo. P/Comp. | Tarifa Elect.,306.43701845691936,Régimen de la Energía Eléctrica | L E Y Nº 2 4 . 0 6 5 | Fdo. P/Comp. | Tarifa Elect.
Formosa,informacion_consolidada2025_5.xlsx,agosto,2025,month,2025-08,Subtotal,164699.842105,Subtotal
Formosa,informacion_consolidada2025_5.xlsx,agosto,2025,month,2025-08,Subtotal,164701.567205,Subtotal
Formosa,informacion_consolidada2025_5.xlsx,agosto,2025,month,2025-08,Total | (1) + (2),176118.83852764918,Total | (1) + (2)
Formosa,informacion_consolidada2025_5.xlsx,agosto,2025,month,2025-08,Total | Recursos | Origen Nacional | (1),172255.6997276492,Total | Recursos | Origen Nacional | (1)
Formosa,informacion_consolidada2025_5.xlsx,agosto,2025,month,2025-08,Transfer. | De Servicios | Ley | Nº 24.049,1.7251,Transfer. | De Servicios | Ley | Nº 24.049
Formosa,informacion_consolidada2025_5.xlsx,agosto,2025,month,2025-08,Vialidad | Provincial,506.8656,Vialidad | Provincial
Formosa,informacion_consolidada2025_5.xlsx,septiembre,2025,month,2025-09,C.F.I. | Neta De | Ley Nº 26.075,146703.30740000002,CFI | Neta
Formosa,informacion_consolidada2025_5.xlsx,septiembre,2025,month,2025-09,Compensación | Consenso Fiscal | II. a y b; II. d y e | (2),4249.452679999999,Compensación Consenso Fiscal
Formosa,informacion_consolidada2025_5.xlsx,septiembre,2025,month,2025-09,F.E.D.E.I.,214.36830425168736,F.E.D.E.I.
Formosa,informacion_consolidada2025_5.xlsx,septiembre,2025,month,2025-09,F.E.D.E.I.,299.15665717994693,F.E.D.E.I.
Formosa,informacion_consolidada2025_5.xlsx,septiembre,2025,month,2025-09,Financ. | Educativo | Ley Nº 26.075,15930.2050655,Financiamiento Educativo
Formosa,informacion_consolidada2025_5.xlsx,septiembre,2025,month,2025-09,Fondo | Compens. | de | Desequilib.,2.2,Fondo | Compens. | de | Desequilib.
Formosa,informacion_consolidada2025_5.xlsx,septiembre,2025,month,2025-09,I.V.A. | Ley Nº 23.966 | Art. 5 | Punto 2,653.5242,I.V.A. | Ley Nº 23.966 | Art. 5 | Punto 2
Formosa,informacion_consolidada2025_5.xlsx,septiembre,2025,month,2025-09,Impuesto a los Combustibles Líquidos | Ley Nº 23.966 y Nº 24.699 | Obras de | Infraestr.,443.9353,Impuesto a los Combustibles Líquidos | Ley Nº 23.966 y Nº 24.699 | Obras de | Infraestr.
Formosa,informacion_consolidada2025_5.xlsx,septiembre,2025,month,2025-09,Impuesto s/ | Los Activos | Fdo. Educ. | Ley Nº 23.906,0.0,Impuesto s/ | Los Activos | Fdo. Educ. | Ley Nº 23.906
Formosa,informacion_consolidada2025_5.xlsx,septiembre,2025,month,2025-09,Impuesto sobre los | Bienes Personales | Ley | Nº 24.699,1859.833,Impuesto sobre los | Bienes Personales | Ley | Nº 24.699
Formosa,informacion_consolidada2025_5.xlsx,septiembre,2025,month,2025-09,Ley Nº 23.966 | Art. 30,106.811,Ley Nº 23.966 | Art. 30
Formosa,informacion_consolidada2025_5.xlsx,septiembre,2025,month,2025-09,Ley Nº 24.464 | FO.NA.VI.,2381.1272999999997,Ley Nº 24.464 | FO.NA.VI.
Formosa,informacion_consolidada2025_5.xlsx,septiembre,2025,month,2025-09,Reg.Simplif. | P/Peq.Contrib. | Ley Nº 24.977 | Aart. 59 Inc. A,808.9991,Reg.Simplif. | P/Peq.Contrib. | Ley Nº 24.977 | Aart. 59 Inc. A
Formosa,informacion_consolidada2025_5.xlsx,septiembre,2025,month,2025-09,Régimen de la Energía Eléctrica | L E Y Nº 2 4 . 0 6 5 | Fdo. P/Comp. | Tarifa Elect.,381.53926971005507,Régimen de la Energía Eléctrica | L E Y Nº 2 4 . 0 6 5 | Fdo. P/Comp. | Tarifa Elect.
Formosa,informacion_consolidada2025_5.xlsx,septiembre,2025,month,2025-09,Subtotal,162633.5124655,Subtotal
Formosa,informacion_consolidada2025_5.xlsx,septiembre,2025,month,2025-09,Subtotal,162635.23756550002,Subtotal
Formosa,informacion_consolidada2025_5.xlsx,septiembre,2025,month,2025-09,Total | (1) + (2),174560.4633766417,Total | (1) + (2)
Formosa,informacion_consolidada2025_5.xlsx,septiembre,2025,month,2025-09,Total | Recursos | Origen Nacional | (1),170311.01069664172,Total | Recursos | Origen Nacional | (1)
Formosa,informacion_consolidada2025_5.xlsx,septiembre,2025,month,2025-09,Transfer. | De Servicios | Ley | Nº 24.049,1.7251,Transfer. | De Servicios | Ley | Nº 24.049
Formosa,informacion_consolidada2025_5.xlsx,septiembre,2025,month,2025-09,Vialidad | Provincial,524.279,Vialidad | Provincial
Formosa,informacion_consolidada2025_5.xlsx,octubre,2025,month,2025-10,C.F.I. | Neta De | Ley Nº 26.075,159371.8733,CFI | Neta
Formosa,informacion_consolidada2025_5.xlsx,octubre,2025,month,2025-10,Compensación | Consenso Fiscal | II. a y b; II. d y e | (2),4794.879408,Compensación Consenso Fiscal
Formosa,informacion_consolidada2025_5.xlsx,octubre,2025,month,2025-10,F.E.D.E.I.,221.7731163729442,F.E.D.E.I.
Formosa,informacion_consolidada2025_5.xlsx,octubre,2025,month,2025-10,F.E.D.E.I.,293.4629879008621,F.E.D.E.I.
Formosa,informacion_consolidada2025_5.xlsx,octubre,2025,month,2025-10,Financ. | Educativo | Ley Nº 26.075,16654.30529575,Financiamiento Educativo
Formosa,informacion_consolidada2025_5.xlsx,octubre,2025,month,2025-10,Fondo | Compens. | de | Desequilib.,2.2,Fondo | Compens. | de | Desequilib.
Formosa,informacion_consolidada2025_5.xlsx,octubre,2025,month,2025-10,I.V.A. | Ley Nº 23.966 | Art. 5 | Punto 2,683.029,I.V.A. | Ley Nº 23.966 | Art. 5 | Punto 2
Formosa,informacion_consolidada2025_5.xlsx,octubre,2025,month,2025-10,Impuesto a los Combustibles Líquidos | Ley Nº 23.966 y Nº 24.699 | Obras de | Infraestr.,426.5609,Impuesto a los Combustibles Líquidos | Ley Nº 23.966 y Nº 24.699 | Obras de | Infraestr.
Formosa,informacion_consolidada2025_5.xlsx,octubre,2025,month,2025-10,Impuesto s/ | Los Activos | Fdo. Educ. | Ley Nº 23.906,0.0,Impuesto s/ | Los Activos | Fdo. Educ. | Ley Nº 23.906
Formosa,informacion_consolidada2025_5.xlsx,octubre,2025,month,2025-10,Impuesto sobre los | Bienes Personales | Ley | Nº 24.699,1836.1838,Impuesto sobre los | Bienes Personales | Ley | Nº 24.699
Formosa,informacion_consolidada2025_5.xlsx,octubre,2025,month,2025-10,Ley Nº 23.966 | Art. 30,105.4529,Ley Nº 23.966 | Art. 30
Formosa,informacion_consolidada2025_5.xlsx,octubre,2025,month,2025-10,Ley Nº 24.464 | FO.NA.VI.,2287.9366,Ley Nº 24.464 | FO.NA.VI.
Formosa,informacion_consolidada2025_5.xlsx,octubre,2025,month,2025-10,Reg.Simplif. | P/Peq.Contrib. | Ley Nº 24.977 | Aart. 59 Inc. A,849.1531,Reg.Simplif. | P/Peq.Contrib. | Ley Nº 24.977 | Aart. 59 Inc. A
Formosa,informacion_consolidada2025_5.xlsx,octubre,2025,month,2025-10,Régimen de la Energía Eléctrica | L E Y Nº 2 4 . 0 6 5 | Fdo. P/Comp. | Tarifa Elect.,374.27766155243125,Régimen de la Energía Eléctrica | L E Y Nº 2 4 . 0 6 5 | Fdo. P/Comp. | Tarifa Elect.
Formosa,informacion_consolidada2025_5.xlsx,octubre,2025,month,2025-10,Subtotal,176026.17859575,Subtotal
Formosa,informacion_consolidada2025_5.xlsx,octubre,2025,month,2025-10,Subtotal,176027.90369575002,Subtotal
Formosa,informacion_consolidada2025_5.xlsx,octubre,2025,month,2025-10,Total | (1) + (2),188406.57336957625,Total | (1) + (2)
Formosa,informacion_consolidada2025_5.xlsx,octubre,2025,month,2025-10,Total | Recursos | Origen Nacional | (1),183611.69396157624,Total | Recursos | Origen Nacional | (1)
Formosa,informacion_consolidada2025_5.xlsx,octubre,2025,month,2025-10,Transfer. | De Servicios | Ley | Nº 24.049,1.7251,Transfer. | De Servicios | Ley | Nº 24.049
Formosa,informacion_consolidada2025_5.xlsx,octubre,2025,month,2025-10,Vialidad | Provincial,503.7602,Vialidad | Provincial
Formosa,informacion_consolidada2025_5.xlsx,noviembre,2025,month,2025-11,C.F.I. | Neta De | Ley Nº 26.075,158770.72569999998,CFI | Neta
Formosa,informacion_consolidada2025_5.xlsx,noviembre,2025,month,2025-11,Compensación | Consenso Fiscal | II. a y b; II. d y e | (2),3705.134088,Compensación Consenso Fiscal
Formosa,informacion_consolidada2025_5.xlsx,noviembre,2025,month,2025-11,F.E.D.E.I.,0.0,F.E.D.E.I.
Formosa,informacion_consolidada2025_5.xlsx,noviembre,2025,month,2025-11,F.E.D.E.I.,0.0,F.E.D.E.I.
Formosa,informacion_consolidada2025_5.xlsx,noviembre,2025,month,2025-11,Financ. | Educativo | Ley Nº 26.075,12309.70391425,Financiamiento Educativo
Formosa,informacion_consolidada2025_5.xlsx,noviembre,2025,month,2025-11,Fondo | Compens. | de | Desequilib.,2.2,Fondo | Compens. | de | Desequilib.
Formosa,informacion_consolidada2025_5.xlsx,noviembre,2025,month,2025-11,I.V.A. | Ley Nº 23.966 | Art. 5 | Punto 2,639.8798,I.V.A. | Ley Nº 23.966 | Art. 5 | Punto 2
Formosa,informacion_consolidada2025_5.xlsx,noviembre,2025,month,2025-11,Impuesto a los Combustibles Líquidos | Ley Nº 23.966 y Nº 24.699 | Obras de | Infraestr.,451.7567,Impuesto a los Combustibles Líquidos | Ley Nº 23.966 y Nº 24.699 | Obras de | Infraestr.
Formosa,informacion_consolidada2025_5.xlsx,noviembre,2025,month,2025-11,Impuesto s/ | Los Activos | Fdo. Educ. | Ley Nº 23.906,0.0,Impuesto s/ | Los Activos | Fdo. Educ. | Ley Nº 23.906
Formosa,informacion_consolidada2025_5.xlsx,noviembre,2025,month,2025-11,Impuesto sobre los | Bienes Personales | Ley | Nº 24.699,1109.4396000000002,Impuesto sobre los | Bienes Personales | Ley | Nº 24.699
Formosa,informacion_consolidada2025_5.xlsx,noviembre,2025,month,2025-11,Ley Nº 23.966 | Art. 30,63.7156,Ley Nº 23.966 | Art. 30
Formosa,informacion_consolidada2025_5.xlsx,noviembre,2025,month,2025-11,Ley Nº 24.464 | FO.NA.VI.,2423.0787,Ley Nº 24.464 | FO.NA.VI.
Formosa,informacion_consolidada2025_5.xlsx,noviembre,2025,month,2025-11,Reg.Simplif. | P/Peq.Contrib. | Ley Nº 24.977 | Aart. 59 Inc. A,837.5509000000001,Reg.Simplif. | P/Peq.Contrib. | Ley Nº 24.977 | Aart. 59 Inc. A
Formosa,informacion_consolidada2025_5.xlsx,noviembre,2025,month,2025-11,Régimen de la Energía Eléctrica | L E Y Nº 2 4 . 0 6 5 | Fdo. P/Comp. | Tarifa Elect.,0.0,Régimen de la Energía Eléctrica | L E Y Nº 2 4 . 0 6 5 | Fdo. P/Comp. | Tarifa Elect.
Formosa,informacion_consolidada2025_5.xlsx,noviembre,2025,month,2025-11,Subtotal,171080.42961424997,Subtotal
Formosa,informacion_consolidada2025_5.xlsx,noviembre,2025,month,2025-11,Subtotal,171082.15471424998,Subtotal
Formosa,informacion_consolidada2025_5.xlsx,noviembre,2025,month,2025-11,Total | (1) + (2),180848.42600225,Total | (1) + (2)
Formosa,informacion_consolidada2025_5.xlsx,noviembre,2025,month,2025-11,Total | Recursos | Origen Nacional | (1),177143.29191425,Total | Recursos | Origen Nacional | (1)
Formosa,informacion_consolidada2025_5.xlsx,noviembre,2025,month,2025-11,Transfer. | De Servicios | Ley | Nº 24.049,1.7251,Transfer. | De Servicios | Ley | Nº 24.049
Formosa,informacion_consolidada2025_5.xlsx,noviembre,2025,month,2025-11,Vialidad | Provincial,533.5159,Vialidad | Provincial
Formosa,informacion_consolidada2025_5.xlsx,diciembre,2025,month,2025-12,C.F.I. | Neta De | Ley Nº 26.075,164600.53819999998,CFI | Neta
Formosa,informacion_consolidada2025_5.xlsx,diciembre,2025,month,2025-12,Compensación | Consenso Fiscal | II. a y b; II. d y e | (2),4576.930343999999,Compensación Consenso Fiscal
Formosa,informacion_consolidada2025_5.xlsx,diciembre,2025,month,2025-12,F.E.D.E.I.,438.7512309498017,F.E.D.E.I.
Formosa,informacion_consolidada2025_5.xlsx,diciembre,2025,month,2025-12,F.E.D.E.I.,628.7986321106641,F.E.D.E.I.
Formosa,informacion_consolidada2025_5.xlsx,diciembre,2025,month,2025-12,Financ. | Educativo | Ley Nº 26.075,15206.10483525,Financiamiento Educativo
Formosa,informacion_consolidada2025_5.xlsx,diciembre,2025,month,2025-12,Fondo | Compens. | de | Desequilib.,2.2,Fondo | Compens. | de | Desequilib.
Formosa,informacion_consolidada2025_5.xlsx,diciembre,2025,month,2025-12,I.V.A. | Ley Nº 23.966 | Art. 5 | Punto 2,654.9014,I.V.A. | Ley Nº 23.966 | Art. 5 | Punto 2
Formosa,informacion_consolidada2025_5.xlsx,diciembre,2025,month,2025-12,Impuesto a los Combustibles Líquidos | Ley Nº 23.966 y Nº 24.699 | Obras de | Infraestr.,642.6545,Impuesto a los Combustibles Líquidos | Ley Nº 23.966 y Nº 24.699 | Obras de | Infraestr.
Formosa,informacion_consolidada2025_5.xlsx,diciembre,2025,month,2025-12,Impuesto s/ | Los Activos | Fdo. Educ. | Ley Nº 23.906,0.00263543,Impuesto s/ | Los Activos | Fdo. Educ. | Ley Nº 23.906
Formosa,informacion_consolidada2025_5.xlsx,diciembre,2025,month,2025-12,Impuesto sobre los | Bienes Personales | Ley | Nº 24.699,1845.9497,Impuesto sobre los | Bienes Personales | Ley | Nº 24.699
Formosa,informacion_consolidada2025_5.xlsx,diciembre,2025,month,2025-12,Ley Nº 23.966 | Art. 30,106.0137,Ley Nº 23.966 | Art. 30
Formosa,informacion_consolidada2025_5.xlsx,diciembre,2025,month,2025-12,Ley Nº 24.464 | FO.NA.VI.,3446.9934,Ley Nº 24.464 | FO.NA.VI.
Formosa,informacion_consolidada2025_5.xlsx,diciembre,2025,month,2025-12,Reg.Simplif. | P/Peq.Contrib. | Ley Nº 24.977 | Aart. 59 Inc. A,885.0075,Reg.Simplif. | P/Peq.Contrib. | Ley Nº 24.977 | Aart. 59 Inc. A
Formosa,informacion_consolidada2025_5.xlsx,diciembre,2025,month,2025-12,Régimen de la Energía Eléctrica | L E Y Nº 2 4 . 0 6 5 | Fdo. P/Comp. | Tarifa Elect.,801.9589907871743,Régimen de la Energía Eléctrica | L E Y Nº 2 4 . 0 6 5 | Fdo. P/Comp. | Tarifa Elect.
Formosa,informacion_consolidada2025_5.xlsx,diciembre,2025,month,2025-12,Subtotal,179806.64303525,Subtotal
Formosa,informacion_consolidada2025_5.xlsx,diciembre,2025,month,2025-12,Subtotal,179808.36813525,Subtotal
Formosa,informacion_consolidada2025_5.xlsx,diciembre,2025,month,2025-12,Total | (1) + (2),194597.49266852767,Total | (1) + (2)
Formosa,informacion_consolidada2025_5.xlsx,diciembre,2025,month,2025-12,Total | Recursos | Origen Nacional | (1),190020.56232452768,Total | Recursos | Origen Nacional | (1)
Formosa,informacion_consolidada2025_5.xlsx,diciembre,2025,month,2025-12,Transfer. | De Servicios | Ley | Nº 24.049,1.7251,Transfer. | De Servicios | Ley | Nº 24.049
Formosa,informacion_consolidada2025_5.xlsx,diciembre,2025,month,2025-12,Vialidad | Provincial,758.9625,Vialidad | Provincial
Formosa,informacion_consolidada2025_5.xlsx,CONS,2025,consolidated,CONS,C.F.I. | Neta De | Ley Nº 26.075,1745243.6435000002,CFI | Neta
Formosa,informacion_consolidada2025_5.xlsx,CONS,2025,consolidated,CONS,Compensación | Consenso Fiscal | II. a y b; II. d y e | (2),43175.696961999995,Compensación Consenso Fiscal
Formosa,informacion_consolidada2025_5.xlsx,CONS,2025,consolidated,CONS,F.E.D.E.I.,2313.0855173660652,F.E.D.E.I.
Formosa,informacion_consolidada2025_5.xlsx,CONS,2025,consolidated,CONS,F.E.D.E.I.,3367.171202703141,F.E.D.E.I.
Formosa,informacion_consolidada2025_5.xlsx,CONS,2025,consolidated,CONS,Financ. | Educativo | Ley Nº 26.075,175956.356,Financiamiento Educativo
Formosa,informacion_consolidada2025_5.xlsx,CONS,2025,consolidated,CONS,Fondo | Compens. | de | Desequilib.,26.4,Fondo | Compens. | de | Desequilib.
Formosa,informacion_consolidada2025_5.xlsx,CONS,2025,consolidated,CONS,I.V.A. | Ley Nº 23.966 | Art. 5 | Punto 2,7283.873799999999,I.V.A. | Ley Nº 23.966 | Art. 5 | Punto 2
Formosa,informacion_consolidada2025_5.xlsx,CONS,2025,consolidated,CONS,Impuesto a los Combustibles Líquidos | Ley Nº 23.966 y Nº 24.699 | Obras de | Infraestr.,4808.192400000001,Impuesto a los Combustibles Líquidos | Ley Nº 23.966 y Nº 24.699 | Obras de | Infraestr.
Formosa,informacion_consolidada2025_5.xlsx,CONS,2025,consolidated,CONS,Impuesto s/ | Los Activos | Fdo. Educ. | Ley Nº 23.906,0.09359999999999999,Impuesto s/ | Los Activos | Fdo. Educ. | Ley Nº 23.906
Formosa,informacion_consolidada2025_5.xlsx,CONS,2025,consolidated,CONS,Impuesto sobre los | Bienes Personales | Ley | Nº 24.699,37535.61760000001,Impuesto sobre los | Bienes Personales | Ley | Nº 24.699
Formosa,informacion_consolidada2025_5.xlsx,CONS,2025,consolidated,CONS,Ley Nº 23.966 | Art. 30,2155.6874000000003,Ley Nº 23.966 | Art. 30
Formosa,informacion_consolidada2025_5.xlsx,CONS,2025,consolidated,CONS,Ley Nº 24.464 | FO.NA.VI.,25789.6077,Ley Nº 24.464 | FO.NA.VI.
Formosa,informacion_consolidada2025_5.xlsx,CONS,2025,consolidated,CONS,Reg.Simplif. | P/Peq.Contrib. | Ley Nº 24.977 | Aart. 59 Inc. A,7480.9264,Reg.Simplif. | P/Peq.Contrib. | Ley Nº 24.977 | Aart. 59 Inc. A
Formosa,informacion_consolidada2025_5.xlsx,CONS,2025,consolidated,CONS,Régimen de la Energía Eléctrica | L E Y Nº 2 4 . 0 6 5 | Fdo. P/Comp. | Tarifa Elect.,4287.476,Régimen de la Energía Eléctrica | L E Y Nº 2 4 . 0 6 5 | Fdo. P/Comp. | Tarifa Elect.
Formosa,informacion_consolidada2025_5.xlsx,CONS,2025,consolidated,CONS,Subtotal,1921199.9995000002,Subtotal
Formosa,informacion_consolidada2025_5.xlsx,CONS,2025,consolidated,CONS,Subtotal,1921220.7007000002,Subtotal
Formosa,informacion_consolidada2025_5.xlsx,CONS,2025,consolidated,CONS,Total | (1) + (2),2065122.9110820694,Total | (1) + (2)
Formosa,informacion_consolidada2025_5.xlsx,CONS,2025,consolidated,CONS,Total | Recursos | Origen Nacional | (1),2021947.2141200693,Total | Recursos | Origen Nacional | (1)
Formosa,informacion_consolidada2025_5.xlsx,CONS,2025,consolidated,CONS,Transfer. | De Servicios | Ley | Nº 24.049,20.701199999999996,Transfer. | De Servicios | Ley | Nº 24.049
Formosa,informacion_consolidada2025_5.xlsx,CONS,2025,consolidated,CONS,Vialidad | Provincial,5678.381800000001,Vialidad | Provincial
Jujuy,informacion_consolidada2025_5.xlsx,enero,2025,month,2025-01,C.F.I. | Neta De | Ley Nº 26.075,121607.4369,CFI | Neta
Jujuy,informacion_consolidada2025_5.xlsx,enero,2025,month,2025-01,Compensación | Consenso Fiscal | II. a y b; II. d y e | (2),2628.13727,Compensación Consenso Fiscal
Jujuy,informacion_consolidada2025_5.xlsx,enero,2025,month,2025-01,F.E.D.E.I.,0.0,F.E.D.E.I.
Jujuy,informacion_consolidada2025_5.xlsx,enero,2025,month,2025-01,F.E.D.E.I.,0.0,F.E.D.E.I.
Jujuy,informacion_consolidada2025_5.xlsx,enero,2025,month,2025-01,Financ. | Educativo | Ley Nº 26.075,0.0,Financiamiento Educativo
Jujuy,informacion_consolidada2025_5.xlsx,enero,2025,month,2025-01,Fondo | Compens. | de | Desequilib.,2.2,Fondo | Compens. | de | Desequilib.
Jujuy,informacion_consolidada2025_5.xlsx,enero,2025,month,2025-01,I.V.A. | Ley Nº 23.966 | Art. 5 | Punto 2,0.0,I.V.A. | Ley Nº 23.966 | Art. 5 | Punto 2
Jujuy,informacion_consolidada2025_5.xlsx,enero,2025,month,2025-01,Impuesto a los Combustibles Líquidos | Ley Nº 23.966 y Nº 24.699 | Obras de | Infraestr.,211.202,Impuesto a los Combustibles Líquidos | Ley Nº 23.966 y Nº 24.699 | Obras de | Infraestr.
Jujuy,informacion_consolidada2025_5.xlsx,enero,2025,month,2025-01,Impuesto s/ | Los Activos | Fdo. Educ. | Ley Nº 23.906,0.0,Impuesto s/ | Los Activos | Fdo. Educ. | Ley Nº 23.906
Jujuy,informacion_consolidada2025_5.xlsx,enero,2025,month,2025-01,Impuesto sobre los | Bienes Personales | Ley | Nº 24.699,723.6421,Impuesto sobre los | Bienes Personales | Ley | Nº 24.699
Jujuy,informacion_consolidada2025_5.xlsx,enero,2025,month,2025-01,Ley Nº 23.966 | Art. 30,0.0,Ley Nº 23.966 | Art. 30
Jujuy,informacion_consolidada2025_5.xlsx,enero,2025,month,2025-01,Ley Nº 24.464 | FO.NA.VI.,1088.6836,Ley Nº 24.464 | FO.NA.VI.
Jujuy,informacion_consolidada2025_5.xlsx,enero,2025,month,2025-01,Reg.Simplif. | P/Peq.Contrib. | Ley Nº 24.977 | Aart. 59 Inc. A,241.2233,Reg.Simplif. | P/Peq.Contrib. | Ley Nº 24.977 | Aart. 59 Inc. A
Jujuy,informacion_consolidada2025_5.xlsx,enero,2025,month,2025-01,Régimen de la Energía Eléctrica | L E Y Nº 2 4 . 0 6 5 | Fdo. P/Comp. | Tarifa Elect.,0.0,Régimen de la Energía Eléctrica | L E Y Nº 2 4 . 0 6 5 | Fdo. P/Comp. | Tarifa Elect.
Jujuy,informacion_consolidada2025_5.xlsx,enero,2025,month,2025-01,Subtotal,121607.4369,Subtotal
Jujuy,informacion_consolidada2025_5.xlsx,enero,2025,month,2025-01,Subtotal,121610.2119,Subtotal
Jujuy,informacion_consolidada2025_5.xlsx,enero,2025,month,2025-01,Total | (1) + (2),126832.36237,Total | (1) + (2)
Jujuy,informacion_consolidada2025_5.xlsx,enero,2025,month,2025-01,Total | Recursos | Origen Nacional | (1),124204.2251,Total | Recursos | Origen Nacional | (1)
Jujuy,informacion_consolidada2025_5.xlsx,enero,2025,month,2025-01,Transfer. | De Servicios | Ley | Nº 24.049,2.775,Transfer. | De Servicios | Ley | Nº 24.049
Jujuy,informacion_consolidada2025_5.xlsx,enero,2025,month,2025-01,Vialidad | Provincial,327.0622,Vialidad | Provincial
Jujuy,informacion_consolidada2025_5.xlsx,febrero,2025,month,2025-02,C.F.I. | Neta De | Ley Nº 26.075,112125.1541,CFI | Neta
Jujuy,informacion_consolidada2025_5.xlsx,febrero,2025,month,2025-02,Compensación | Consenso Fiscal | II. a y b; II. d y e | (2),2389.2157,Compensación Consenso Fiscal
Jujuy,informacion_consolidada2025_5.xlsx,febrero,2025,month,2025-02,F.E.D.E.I.,187.80861593999998,F.E.D.E.I.
Jujuy,informacion_consolidada2025_5.xlsx,febrero,2025,month,2025-02,F.E.D.E.I.,112.55201811417976,F.E.D.E.I.
Jujuy,informacion_consolidada2025_5.xlsx,febrero,2025,month,2025-02,Financ. | Educativo | Ley Nº 26.075,0.0,Financiamiento Educativo
Jujuy,informacion_consolidada2025_5.xlsx,febrero,2025,month,2025-02,Fondo | Compens. | de | Desequilib.,2.2,Fondo | Compens. | de | Desequilib.
Jujuy,informacion_consolidada2025_5.xlsx,febrero,2025,month,2025-02,I.V.A. | Ley Nº 23.966 | Art. 5 | Punto 2,0.0,I.V.A. | Ley Nº 23.966 | Art. 5 | Punto 2
Jujuy,informacion_consolidada2025_5.xlsx,febrero,2025,month,2025-02,Impuesto a los Combustibles Líquidos | Ley Nº 23.966 y Nº 24.699 | Obras de | Infraestr.,266.0495,Impuesto a los Combustibles Líquidos | Ley Nº 23.966 y Nº 24.699 | Obras de | Infraestr.
Jujuy,informacion_consolidada2025_5.xlsx,febrero,2025,month,2025-02,Impuesto s/ | Los Activos | Fdo. Educ. | Ley Nº 23.906,0.0,Impuesto s/ | Los Activos | Fdo. Educ. | Ley Nº 23.906
Jujuy,informacion_consolidada2025_5.xlsx,febrero,2025,month,2025-02,Impuesto sobre los | Bienes Personales | Ley | Nº 24.699,1003.6914,Impuesto sobre los | Bienes Personales | Ley | Nº 24.699
Jujuy,informacion_consolidada2025_5.xlsx,febrero,2025,month,2025-02,Ley Nº 23.966 | Art. 30,0.0,Ley Nº 23.966 | Art. 30
Jujuy,informacion_consolidada2025_5.xlsx,febrero,2025,month,2025-02,Ley Nº 24.464 | FO.NA.VI.,1371.406,Ley Nº 24.464 | FO.NA.VI.
Jujuy,informacion_consolidada2025_5.xlsx,febrero,2025,month,2025-02,Reg.Simplif. | P/Peq.Contrib. | Ley Nº 24.977 | Aart. 59 Inc. A,351.789,Reg.Simplif. | P/Peq.Contrib. | Ley Nº 24.977 | Aart. 59 Inc. A
Jujuy,informacion_consolidada2025_5.xlsx,febrero,2025,month,2025-02,Régimen de la Energía Eléctrica | L E Y Nº 2 4 . 0 6 5 | Fdo. P/Comp. | Tarifa Elect.,180.71268280213548,Régimen de la Energía Eléctrica | L E Y Nº 2 4 . 0 6 5 | Fdo. P/Comp. | Tarifa Elect.
Jujuy,informacion_consolidada2025_5.xlsx,febrero,2025,month,2025-02,Subtotal,112125.1541,Subtotal
Jujuy,informacion_consolidada2025_5.xlsx,febrero,2025,month,2025-02,Subtotal,112127.9291,Subtotal
Jujuy,informacion_consolidada2025_5.xlsx,febrero,2025,month,2025-02,Total | (1) + (2),118405.3517168563,Total | (1) + (2)
Jujuy,informacion_consolidada2025_5.xlsx,febrero,2025,month,2025-02,Total | Recursos | Origen Nacional | (1),116016.1360168563,Total | Recursos | Origen Nacional | (1)
Jujuy,informacion_consolidada2025_5.xlsx,febrero,2025,month,2025-02,Transfer. | De Servicios | Ley | Nº 24.049,2.775,Transfer. | De Servicios | Ley | Nº 24.049
Jujuy,informacion_consolidada2025_5.xlsx,febrero,2025,month,2025-02,Vialidad | Provincial,411.9977,Vialidad | Provincial
Jujuy,informacion_consolidada2025_5.xlsx,marzo,2025,month,2025-03,C.F.I. | Neta De | Ley Nº 26.075,95976.9191,CFI | Neta
Jujuy,informacion_consolidada2025_5.xlsx,marzo,2025,month,2025-03,Compensación | Consenso Fiscal | II. a y b; II. d y e | (2),2150.2941299999998,Compensación Consenso Fiscal
Jujuy,informacion_consolidada2025_5.xlsx,marzo,2025,month,2025-03,F.E.D.E.I.,108.9502758,F.E.D.E.I.
Jujuy,informacion_consolidada2025_5.xlsx,marzo,2025,month,2025-03,F.E.D.E.I.,190.91220253605158,F.E.D.E.I.
Jujuy,informacion_consolidada2025_5.xlsx,marzo,2025,month,2025-03,Financ. | Educativo | Ley Nº 26.075,5546.88100904,Financiamiento Educativo
Jujuy,informacion_consolidada2025_5.xlsx,marzo,2025,month,2025-03,Fondo | Compens. | de | Desequilib.,2.2,Fondo | Compens. | de | Desequilib.
Jujuy,informacion_consolidada2025_5.xlsx,marzo,2025,month,2025-03,I.V.A. | Ley Nº 23.966 | Art. 5 | Punto 2,0.0,I.V.A. | Ley Nº 23.966 | Art. 5 | Punto 2
Jujuy,informacion_consolidada2025_5.xlsx,marzo,2025,month,2025-03,Impuesto a los Combustibles Líquidos | Ley Nº 23.966 y Nº 24.699 | Obras de | Infraestr.,242.9879,Impuesto a los Combustibles Líquidos | Ley Nº 23.966 y Nº 24.699 | Obras de | Infraestr.
Jujuy,informacion_consolidada2025_5.xlsx,marzo,2025,month,2025-03,Impuesto s/ | Los Activos | Fdo. Educ. | Ley Nº 23.906,0.0,Impuesto s/ | Los Activos | Fdo. Educ. | Ley Nº 23.906
Jujuy,informacion_consolidada2025_5.xlsx,marzo,2025,month,2025-03,Impuesto sobre los | Bienes Personales | Ley | Nº 24.699,458.9647,Impuesto sobre los | Bienes Personales | Ley | Nº 24.699
Jujuy,informacion_consolidada2025_5.xlsx,marzo,2025,month,2025-03,Ley Nº 23.966 | Art. 30,0.0,Ley Nº 23.966 | Art. 30
Jujuy,informacion_consolidada2025_5.xlsx,marzo,2025,month,2025-03,Ley Nº 24.464 | FO.NA.VI.,1252.5303000000001,Ley Nº 24.464 | FO.NA.VI.
Jujuy,informacion_consolidada2025_5.xlsx,marzo,2025,month,2025-03,Reg.Simplif. | P/Peq.Contrib. | Ley Nº 24.977 | Aart. 59 Inc. A,378.45320000000004,Reg.Simplif. | P/Peq.Contrib. | Ley Nº 24.977 | Aart. 59 Inc. A
Jujuy,informacion_consolidada2025_5.xlsx,marzo,2025,month,2025-03,Régimen de la Energía Eléctrica | L E Y Nº 2 4 . 0 6 5 | Fdo. P/Comp. | Tarifa Elect.,303.60882174190533,Régimen de la Energía Eléctrica | L E Y Nº 2 4 . 0 6 5 | Fdo. P/Comp. | Tarifa Elect.
Jujuy,informacion_consolidada2025_5.xlsx,marzo,2025,month,2025-03,Subtotal,101523.80010903999,Subtotal
Jujuy,informacion_consolidada2025_5.xlsx,marzo,2025,month,2025-03,Subtotal,101526.57510903999,Subtotal
Jujuy,informacion_consolidada2025_5.xlsx,marzo,2025,month,2025-03,Total | (1) + (2),106991.76163911793,Total | (1) + (2)
Jujuy,informacion_consolidada2025_5.xlsx,marzo,2025,month,2025-03,Total | Recursos | Origen Nacional | (1),104841.46750911794,Total | Recursos | Origen Nacional | (1)
Jujuy,informacion_consolidada2025_5.xlsx,marzo,2025,month,2025-03,Transfer. | De Servicios | Ley | Nº 24.049,2.775,Transfer. | De Servicios | Ley | Nº 24.049
Jujuy,informacion_consolidada2025_5.xlsx,marzo,2025,month,2025-03,Vialidad | Provincial,376.285,Vialidad | Provincial
Jujuy,informacion_consolidada2025_5.xlsx,abril,2025,month,2025-04,C.F.I. | Neta De | Ley Nº 26.075,86951.1897,CFI | Neta
Jujuy,informacion_consolidada2025_5.xlsx,abril,2025,month,2025-04,Compensación | Consenso Fiscal | II. a y b; II. d y e | (2),3416.488857,Compensación Consenso Fiscal
Jujuy,informacion_consolidada2025_5.xlsx,abril,2025,month,2025-04,F.E.D.E.I.,137.39637425573827,F.E.D.E.I.
Jujuy,informacion_consolidada2025_5.xlsx,abril,2025,month,2025-04,F.E.D.E.I.,164.6676567233637,F.E.D.E.I.
Jujuy,informacion_consolidada2025_5.xlsx,abril,2025,month,2025-04,Financ. | Educativo | Ley Nº 26.075,22187.524036159994,Financiamiento Educativo
Jujuy,informacion_consolidada2025_5.xlsx,abril,2025,month,2025-04,Fondo | Compens. | de | Desequilib.,2.2,Fondo | Compens. | de | Desequilib.
Jujuy,informacion_consolidada2025_5.xlsx,abril,2025,month,2025-04,I.V.A. | Ley Nº 23.966 | Art. 5 | Punto 2,0.0,I.V.A. | Ley Nº 23.966 | Art. 5 | Punto 2
Jujuy,informacion_consolidada2025_5.xlsx,abril,2025,month,2025-04,Impuesto a los Combustibles Líquidos | Ley Nº 23.966 y Nº 24.699 | Obras de | Infraestr.,269.804,Impuesto a los Combustibles Líquidos | Ley Nº 23.966 y Nº 24.699 | Obras de | Infraestr.
Jujuy,informacion_consolidada2025_5.xlsx,abril,2025,month,2025-04,Impuesto s/ | Los Activos | Fdo. Educ. | Ley Nº 23.906,0.0,Impuesto s/ | Los Activos | Fdo. Educ. | Ley Nº 23.906
Jujuy,informacion_consolidada2025_5.xlsx,abril,2025,month,2025-04,Impuesto sobre los | Bienes Personales | Ley | Nº 24.699,858.2342,Impuesto sobre los | Bienes Personales | Ley | Nº 24.699
Jujuy,informacion_consolidada2025_5.xlsx,abril,2025,month,2025-04,Ley Nº 23.966 | Art. 30,0.0,Ley Nº 23.966 | Art. 30
Jujuy,informacion_consolidada2025_5.xlsx,abril,2025,month,2025-04,Ley Nº 24.464 | FO.NA.VI.,1390.7596,Ley Nº 24.464 | FO.NA.VI.
Jujuy,informacion_consolidada2025_5.xlsx,abril,2025,month,2025-04,Reg.Simplif. | P/Peq.Contrib. | Ley Nº 24.977 | Aart. 59 Inc. A,387.73159999999996,Reg.Simplif. | P/Peq.Contrib. | Ley Nº 24.977 | Aart. 59 Inc. A
Jujuy,informacion_consolidada2025_5.xlsx,abril,2025,month,2025-04,Régimen de la Energía Eléctrica | L E Y Nº 2 4 . 0 6 5 | Fdo. P/Comp. | Tarifa Elect.,267.31537314155753,Régimen de la Energía Eléctrica | L E Y Nº 2 4 . 0 6 5 | Fdo. P/Comp. | Tarifa Elect.
Jujuy,informacion_consolidada2025_5.xlsx,abril,2025,month,2025-04,Subtotal,109138.71373615999,Subtotal
Jujuy,informacion_consolidada2025_5.xlsx,abril,2025,month,2025-04,Subtotal,109141.48873615998,Subtotal
Jujuy,informacion_consolidada2025_5.xlsx,abril,2025,month,2025-04,Total | (1) + (2),116453.89829728066,Total | (1) + (2)
Jujuy,informacion_consolidada2025_5.xlsx,abril,2025,month,2025-04,Total | Recursos | Origen Nacional | (1),113037.40944028065,Total | Recursos | Origen Nacional | (1)
Jujuy,informacion_consolidada2025_5.xlsx,abril,2025,month,2025-04,Transfer. | De Servicios | Ley | Nº 24.049,2.775,Transfer. | De Servicios | Ley | Nº 24.049
Jujuy,informacion_consolidada2025_5.xlsx,abril,2025,month,2025-04,Vialidad | Provincial,417.81190000000004,Vialidad | Provincial
Jujuy,informacion_consolidada2025_5.xlsx,mayo,2025,month,2025-05,C.F.I. | Neta De | Ley Nº 26.075,118927.30709999999,CFI | Neta
Jujuy,informacion_consolidada2025_5.xlsx,mayo,2025,month,2025-05,Compensación | Consenso Fiscal | II. a y b; II. d y e | (2),3596.30406,Compensación Consenso Fiscal
Jujuy,informacion_consolidada2025_5.xlsx,mayo,2025,month,2025-05,F.E.D.E.I.,264.88092268627327,F.E.D.E.I.
Jujuy,informacion_consolidada2025_5.xlsx,mayo,2025,month,2025-05,F.E.D.E.I.,612.7951931431771,F.E.D.E.I.
Jujuy,informacion_consolidada2025_5.xlsx,mayo,2025,month,2025-05,Financ. | Educativo | Ley Nº 26.075,22880.884162290025,Financiamiento Educativo
Jujuy,informacion_consolidada2025_5.xlsx,mayo,2025,month,2025-05,Fondo | Compens. | de | Desequilib.,2.2,Fondo | Compens. | de | Desequilib.
Jujuy,informacion_consolidada2025_5.xlsx,mayo,2025,month,2025-05,I.V.A. | Ley Nº 23.966 | Art. 5 | Punto 2,0.0,I.V.A. | Ley Nº 23.966 | Art. 5 | Punto 2
Jujuy,informacion_consolidada2025_5.xlsx,mayo,2025,month,2025-05,Impuesto a los Combustibles Líquidos | Ley Nº 23.966 y Nº 24.699 | Obras de | Infraestr.,293.56640000000004,Impuesto a los Combustibles Líquidos | Ley Nº 23.966 y Nº 24.699 | Obras de | Infraestr.
Jujuy,informacion_consolidada2025_5.xlsx,mayo,2025,month,2025-05,Impuesto s/ | Los Activos | Fdo. Educ. | Ley Nº 23.906,0.0,Impuesto s/ | Los Activos | Fdo. Educ. | Ley Nº 23.906
Jujuy,informacion_consolidada2025_5.xlsx,mayo,2025,month,2025-05,Impuesto sobre los | Bienes Personales | Ley | Nº 24.699,592.5936999999999,Impuesto sobre los | Bienes Personales | Ley | Nº 24.699
Jujuy,informacion_consolidada2025_5.xlsx,mayo,2025,month,2025-05,Ley Nº 23.966 | Art. 30,0.0,Ley Nº 23.966 | Art. 30
Jujuy,informacion_consolidada2025_5.xlsx,mayo,2025,month,2025-05,Ley Nº 24.464 | FO.NA.VI.,1513.2476000000001,Ley Nº 24.464 | FO.NA.VI.
Jujuy,informacion_consolidada2025_5.xlsx,mayo,2025,month,2025-05,Reg.Simplif. | P/Peq.Contrib. | Ley Nº 24.977 | Aart. 59 Inc. A,406.9761,Reg.Simplif. | P/Peq.Contrib. | Ley Nº 24.977 | Aart. 59 Inc. A
Jujuy,informacion_consolidada2025_5.xlsx,mayo,2025,month,2025-05,Régimen de la Energía Eléctrica | L E Y Nº 2 4 . 0 6 5 | Fdo. P/Comp. | Tarifa Elect.,455.85363536805755,Régimen de la Energía Eléctrica | L E Y Nº 2 4 . 0 6 5 | Fdo. P/Comp. | Tarifa Elect.
Jujuy,informacion_consolidada2025_5.xlsx,mayo,2025,month,2025-05,Subtotal,141808.19126229003,Subtotal
Jujuy,informacion_consolidada2025_5.xlsx,mayo,2025,month,2025-05,Subtotal,141810.96626229002,Subtotal
Jujuy,informacion_consolidada2025_5.xlsx,mayo,2025,month,2025-05,Total | (1) + (2),150003.99357348756,Total | (1) + (2)
Jujuy,informacion_consolidada2025_5.xlsx,mayo,2025,month,2025-05,Total | Recursos | Origen Nacional | (1),146407.68951348757,Total | Recursos | Origen Nacional | (1)
Jujuy,informacion_consolidada2025_5.xlsx,mayo,2025,month,2025-05,Transfer. | De Servicios | Ley | Nº 24.049,2.775,Transfer. | De Servicios | Ley | Nº 24.049
Jujuy,informacion_consolidada2025_5.xlsx,mayo,2025,month,2025-05,Vialidad | Provincial,454.60970000000003,Vialidad | Provincial
Jujuy,informacion_consolidada2025_5.xlsx,junio,2025,month,2025-06,C.F.I. | Neta De | Ley Nº 26.075,97978.8498,CFI | Neta
Jujuy,informacion_consolidada2025_5.xlsx,junio,2025,month,2025-06,Compensación | Consenso Fiscal | II. a y b; II. d y e | (2),3416.488857,Compensación Consenso Fiscal
Jujuy,informacion_consolidada2025_5.xlsx,junio,2025,month,2025-06,F.E.D.E.I.,151.57665317160857,F.E.D.E.I.
Jujuy,informacion_consolidada2025_5.xlsx,junio,2025,month,2025-06,F.E.D.E.I.,175.68020196773554,F.E.D.E.I.
Jujuy,informacion_consolidada2025_5.xlsx,junio,2025,month,2025-06,Financ. | Educativo | Ley Nº 26.075,22187.524036159957,Financiamiento Educativo
Jujuy,informacion_consolidada2025_5.xlsx,junio,2025,month,2025-06,Fondo | Compens. | de | Desequilib.,2.2,Fondo | Compens. | de | Desequilib.
Jujuy,informacion_consolidada2025_5.xlsx,junio,2025,month,2025-06,I.V.A. | Ley Nº 23.966 | Art. 5 | Punto 2,0.0,I.V.A. | Ley Nº 23.966 | Art. 5 | Punto 2
Jujuy,informacion_consolidada2025_5.xlsx,junio,2025,month,2025-06,Impuesto a los Combustibles Líquidos | Ley Nº 23.966 y Nº 24.699 | Obras de | Infraestr.,317.0508,Impuesto a los Combustibles Líquidos | Ley Nº 23.966 y Nº 24.699 | Obras de | Infraestr.
Jujuy,informacion_consolidada2025_5.xlsx,junio,2025,month,2025-06,Impuesto s/ | Los Activos | Fdo. Educ. | Ley Nº 23.906,0.0,Impuesto s/ | Los Activos | Fdo. Educ. | Ley Nº 23.906
Jujuy,informacion_consolidada2025_5.xlsx,junio,2025,month,2025-06,Impuesto sobre los | Bienes Personales | Ley | Nº 24.699,17276.838600000003,Impuesto sobre los | Bienes Personales | Ley | Nº 24.699
Jujuy,informacion_consolidada2025_5.xlsx,junio,2025,month,2025-06,Ley Nº 23.966 | Art. 30,0.0,Ley Nº 23.966 | Art. 30
Jujuy,informacion_consolidada2025_5.xlsx,junio,2025,month,2025-06,Ley Nº 24.464 | FO.NA.VI.,1634.3027,Ley Nº 24.464 | FO.NA.VI.
Jujuy,informacion_consolidada2025_5.xlsx,junio,2025,month,2025-06,Reg.Simplif. | P/Peq.Contrib. | Ley Nº 24.977 | Aart. 59 Inc. A,415.3977,Reg.Simplif. | P/Peq.Contrib. | Ley Nº 24.977 | Aart. 59 Inc. A
Jujuy,informacion_consolidada2025_5.xlsx,junio,2025,month,2025-06,Régimen de la Energía Eléctrica | L E Y Nº 2 4 . 0 6 5 | Fdo. P/Comp. | Tarifa Elect.,787.0230501472473,Régimen de la Energía Eléctrica | L E Y Nº 2 4 . 0 6 5 | Fdo. P/Comp. | Tarifa Elect.
Jujuy,informacion_consolidada2025_5.xlsx,junio,2025,month,2025-06,Subtotal,120166.37383615995,Subtotal
Jujuy,informacion_consolidada2025_5.xlsx,junio,2025,month,2025-06,Subtotal,120169.14883615995,Subtotal
Jujuy,informacion_consolidada2025_5.xlsx,junio,2025,month,2025-06,Total | (1) + (2),144836.68449844656,Total | (1) + (2)
Jujuy,informacion_consolidada2025_5.xlsx,junio,2025,month,2025-06,Total | Recursos | Origen Nacional | (1),141420.19564144657,Total | Recursos | Origen Nacional | (1)
Jujuy,informacion_consolidada2025_5.xlsx,junio,2025,month,2025-06,Transfer. | De Servicios | Ley | Nº 24.049,2.775,Transfer. | De Servicios | Ley | Nº 24.049
Jujuy,informacion_consolidada2025_5.xlsx,junio,2025,month,2025-06,Vialidad | Provincial,490.97709999999995,Vialidad | Provincial
Jujuy,informacion_consolidada2025_5.xlsx,julio,2025,month,2025-07,C.F.I. | Neta De | Ley Nº 26.075,102037.9933,CFI | Neta
Jujuy,informacion_consolidada2025_5.xlsx,julio,2025,month,2025-07,Compensación | Consenso Fiscal | II. a y b; II. d y e | (2),4059.043076,Compensación Consenso Fiscal
Jujuy,informacion_consolidada2025_5.xlsx,julio,2025,month,2025-07,F.E.D.E.I.,163.82894115117242,F.E.D.E.I.
Jujuy,informacion_consolidada2025_5.xlsx,julio,2025,month,2025-07,F.E.D.E.I.,281.0488025237281,F.E.D.E.I.
Jujuy,informacion_consolidada2025_5.xlsx,julio,2025,month,2025-07,Financ. | Educativo | Ley Nº 26.075,24267.604414549944,Financiamiento Educativo
Jujuy,informacion_consolidada2025_5.xlsx,julio,2025,month,2025-07,Fondo | Compens. | de | Desequilib.,2.2,Fondo | Compens. | de | Desequilib.
Jujuy,informacion_consolidada2025_5.xlsx,julio,2025,month,2025-07,I.V.A. | Ley Nº 23.966 | Art. 5 | Punto 2,0.0,I.V.A. | Ley Nº 23.966 | Art. 5 | Punto 2
Jujuy,informacion_consolidada2025_5.xlsx,julio,2025,month,2025-07,Impuesto a los Combustibles Líquidos | Ley Nº 23.966 y Nº 24.699 | Obras de | Infraestr.,283.3128,Impuesto a los Combustibles Líquidos | Ley Nº 23.966 y Nº 24.699 | Obras de | Infraestr.
Jujuy,informacion_consolidada2025_5.xlsx,julio,2025,month,2025-07,Impuesto s/ | Los Activos | Fdo. Educ. | Ley Nº 23.906,0.0,Impuesto s/ | Los Activos | Fdo. Educ. | Ley Nº 23.906
Jujuy,informacion_consolidada2025_5.xlsx,julio,2025,month,2025-07,Impuesto sobre los | Bienes Personales | Ley | Nº 24.699,1569.2975,Impuesto sobre los | Bienes Personales | Ley | Nº 24.699
Jujuy,informacion_consolidada2025_5.xlsx,julio,2025,month,2025-07,Ley Nº 23.966 | Art. 30,0.0,Ley Nº 23.966 | Art. 30
Jujuy,informacion_consolidada2025_5.xlsx,julio,2025,month,2025-07,Ley Nº 24.464 | FO.NA.VI.,1460.3934,Ley Nº 24.464 | FO.NA.VI.
Jujuy,informacion_consolidada2025_5.xlsx,julio,2025,month,2025-07,Reg.Simplif. | P/Peq.Contrib. | Ley Nº 24.977 | Aart. 59 Inc. A,420.0047,Reg.Simplif. | P/Peq.Contrib. | Ley Nº 24.977 | Aart. 59 Inc. A
Jujuy,informacion_consolidada2025_5.xlsx,julio,2025,month,2025-07,Régimen de la Energía Eléctrica | L E Y Nº 2 4 . 0 6 5 | Fdo. P/Comp. | Tarifa Elect.,440.8965053211072,Régimen de la Energía Eléctrica | L E Y Nº 2 4 . 0 6 5 | Fdo. P/Comp. | Tarifa Elect.
Jujuy,informacion_consolidada2025_5.xlsx,julio,2025,month,2025-07,Subtotal,126305.59771454995,Subtotal
Jujuy,informacion_consolidada2025_5.xlsx,julio,2025,month,2025-07,Subtotal,126308.37271454994,Subtotal
Jujuy,informacion_consolidada2025_5.xlsx,julio,2025,month,2025-07,Total | (1) + (2),135427.12963954595,Total | (1) + (2)
Jujuy,informacion_consolidada2025_5.xlsx,julio,2025,month,2025-07,Total | Recursos | Origen Nacional | (1),131368.08656354595,Total | Recursos | Origen Nacional | (1)
Jujuy,informacion_consolidada2025_5.xlsx,julio,2025,month,2025-07,Transfer. | De Servicios | Ley | Nº 24.049,2.775,Transfer. | De Servicios | Ley | Nº 24.049
Jujuy,informacion_consolidada2025_5.xlsx,julio,2025,month,2025-07,Vialidad | Provincial,438.7312,Vialidad | Provincial
Jujuy,informacion_consolidada2025_5.xlsx,agosto,2025,month,2025-08,C.F.I. | Neta De | Ley Nº 26.075,114668.3885,CFI | Neta
Jujuy,informacion_consolidada2025_5.xlsx,agosto,2025,month,2025-08,Compensación | Consenso Fiscal | II. a y b; II. d y e | (2),3690.0391600000003,Compensación Consenso Fiscal
Jujuy,informacion_consolidada2025_5.xlsx,agosto,2025,month,2025-08,F.E.D.E.I.,146.12842129248284,F.E.D.E.I.
Jujuy,informacion_consolidada2025_5.xlsx,agosto,2025,month,2025-08,F.E.D.E.I.,193.8897908945862,F.E.D.E.I.
Jujuy,informacion_consolidada2025_5.xlsx,agosto,2025,month,2025-08,Financ. | Educativo | Ley Nº 26.075,13867.202522600006,Financiamiento Educativo
Jujuy,informacion_consolidada2025_5.xlsx,agosto,2025,month,2025-08,Fondo | Compens. | de | Desequilib.,2.2,Fondo | Compens. | de | Desequilib.
Jujuy,informacion_consolidada2025_5.xlsx,agosto,2025,month,2025-08,I.V.A. | Ley Nº 23.966 | Art. 5 | Punto 2,0.0,I.V.A. | Ley Nº 23.966 | Art. 5 | Punto 2
Jujuy,informacion_consolidada2025_5.xlsx,agosto,2025,month,2025-08,Impuesto a los Combustibles Líquidos | Ley Nº 23.966 y Nº 24.699 | Obras de | Infraestr.,334.9428,Impuesto a los Combustibles Líquidos | Ley Nº 23.966 y Nº 24.699 | Obras de | Infraestr.
Jujuy,informacion_consolidada2025_5.xlsx,agosto,2025,month,2025-08,Impuesto s/ | Los Activos | Fdo. Educ. | Ley Nº 23.906,0.08285851,Impuesto s/ | Los Activos | Fdo. Educ. | Ley Nº 23.906
Jujuy,informacion_consolidada2025_5.xlsx,agosto,2025,month,2025-08,Impuesto sobre los | Bienes Personales | Ley | Nº 24.699,1619.4955,Impuesto sobre los | Bienes Personales | Ley | Nº 24.699
Jujuy,informacion_consolidada2025_5.xlsx,agosto,2025,month,2025-08,Ley Nº 23.966 | Art. 30,0.0,Ley Nº 23.966 | Art. 30
Jujuy,informacion_consolidada2025_5.xlsx,agosto,2025,month,2025-08,Ley Nº 24.464 | FO.NA.VI.,1726.5305,Ley Nº 24.464 | FO.NA.VI.
Jujuy,informacion_consolidada2025_5.xlsx,agosto,2025,month,2025-08,Reg.Simplif. | P/Peq.Contrib. | Ley Nº 24.977 | Aart. 59 Inc. A,598.2568,Reg.Simplif. | P/Peq.Contrib. | Ley Nº 24.977 | Aart. 59 Inc. A
Jujuy,informacion_consolidada2025_5.xlsx,agosto,2025,month,2025-08,Régimen de la Energía Eléctrica | L E Y Nº 2 4 . 0 6 5 | Fdo. P/Comp. | Tarifa Elect.,298.2702141512389,Régimen de la Energía Eléctrica | L E Y Nº 2 4 . 0 6 5 | Fdo. P/Comp. | Tarifa Elect.
Jujuy,informacion_consolidada2025_5.xlsx,agosto,2025,month,2025-08,Subtotal,128535.59102260001,Subtotal
Jujuy,informacion_consolidada2025_5.xlsx,agosto,2025,month,2025-08,Subtotal,128538.3660226,Subtotal
Jujuy,informacion_consolidada2025_5.xlsx,agosto,2025,month,2025-08,Total | (1) + (2),137666.8861674483,Total | (1) + (2)
Jujuy,informacion_consolidada2025_5.xlsx,agosto,2025,month,2025-08,Total | Recursos | Origen Nacional | (1),133976.84700744832,Total | Recursos | Origen Nacional | (1)
Jujuy,informacion_consolidada2025_5.xlsx,agosto,2025,month,2025-08,Transfer. | De Servicios | Ley | Nº 24.049,2.775,Transfer. | De Servicios | Ley | Nº 24.049
Jujuy,informacion_consolidada2025_5.xlsx,agosto,2025,month,2025-08,Vialidad | Provincial,518.6841,Vialidad | Provincial
Jujuy,informacion_consolidada2025_5.xlsx,septiembre,2025,month,2025-09,C.F.I. | Neta De | Ley Nº 26.075,111669.0565,CFI | Neta
Jujuy,informacion_consolidada2025_5.xlsx,septiembre,2025,month,2025-09,Compensación | Consenso Fiscal | II. a y b; II. d y e | (2),4059.043076,Compensación Consenso Fiscal
Jujuy,informacion_consolidada2025_5.xlsx,septiembre,2025,month,2025-09,F.E.D.E.I.,172.98755443380546,F.E.D.E.I.
Jujuy,informacion_consolidada2025_5.xlsx,septiembre,2025,month,2025-09,F.E.D.E.I.,241.4087227048817,F.E.D.E.I.
Jujuy,informacion_consolidada2025_5.xlsx,septiembre,2025,month,2025-09,Financ. | Educativo | Ley Nº 26.075,15253.922774860108,Financiamiento Educativo
Jujuy,informacion_consolidada2025_5.xlsx,septiembre,2025,month,2025-09,Fondo | Compens. | de | Desequilib.,2.2,Fondo | Compens. | de | Desequilib.
Jujuy,informacion_consolidada2025_5.xlsx,septiembre,2025,month,2025-09,I.V.A. | Ley Nº 23.966 | Art. 5 | Punto 2,0.0,I.V.A. | Ley Nº 23.966 | Art. 5 | Punto 2
Jujuy,informacion_consolidada2025_5.xlsx,septiembre,2025,month,2025-09,Impuesto a los Combustibles Líquidos | Ley Nº 23.966 y Nº 24.699 | Obras de | Infraestr.,346.4498,Impuesto a los Combustibles Líquidos | Ley Nº 23.966 y Nº 24.699 | Obras de | Infraestr.
Jujuy,informacion_consolidada2025_5.xlsx,septiembre,2025,month,2025-09,Impuesto s/ | Los Activos | Fdo. Educ. | Ley Nº 23.906,0.0,Impuesto s/ | Los Activos | Fdo. Educ. | Ley Nº 23.906
Jujuy,informacion_consolidada2025_5.xlsx,septiembre,2025,month,2025-09,Impuesto sobre los | Bienes Personales | Ley | Nº 24.699,1451.4569,Impuesto sobre los | Bienes Personales | Ley | Nº 24.699
Jujuy,informacion_consolidada2025_5.xlsx,septiembre,2025,month,2025-09,Ley Nº 23.966 | Art. 30,0.0,Ley Nº 23.966 | Art. 30
Jujuy,informacion_consolidada2025_5.xlsx,septiembre,2025,month,2025-09,Ley Nº 24.464 | FO.NA.VI.,1785.8455,Ley Nº 24.464 | FO.NA.VI.
Jujuy,informacion_consolidada2025_5.xlsx,septiembre,2025,month,2025-09,Reg.Simplif. | P/Peq.Contrib. | Ley Nº 24.977 | Aart. 59 Inc. A,631.3476999999999,Reg.Simplif. | P/Peq.Contrib. | Ley Nº 24.977 | Aart. 59 Inc. A
Jujuy,informacion_consolidada2025_5.xlsx,septiembre,2025,month,2025-09,Régimen de la Energía Eléctrica | L E Y Nº 2 4 . 0 6 5 | Fdo. P/Comp. | Tarifa Elect.,376.02253758416504,Régimen de la Energía Eléctrica | L E Y Nº 2 4 . 0 6 5 | Fdo. P/Comp. | Tarifa Elect.
Jujuy,informacion_consolidada2025_5.xlsx,septiembre,2025,month,2025-09,Subtotal,126922.97927486012,Subtotal
Jujuy,informacion_consolidada2025_5.xlsx,septiembre,2025,month,2025-09,Subtotal,126925.75427486011,Subtotal
Jujuy,informacion_consolidada2025_5.xlsx,septiembre,2025,month,2025-09,Total | (1) + (2),136529.019565583,Total | (1) + (2)
Jujuy,informacion_consolidada2025_5.xlsx,septiembre,2025,month,2025-09,Total | Recursos | Origen Nacional | (1),132469.976489583,Total | Recursos | Origen Nacional | (1)
Jujuy,informacion_consolidada2025_5.xlsx,septiembre,2025,month,2025-09,Transfer. | De Servicios | Ley | Nº 24.049,2.775,Transfer. | De Servicios | Ley | Nº 24.049
Jujuy,informacion_consolidada2025_5.xlsx,septiembre,2025,month,2025-09,Vialidad | Provincial,536.5035,Vialidad | Provincial
Jujuy,informacion_consolidada2025_5.xlsx,octubre,2025,month,2025-10,C.F.I. | Neta De | Ley Nº 26.075,121427.6448,CFI | Neta
Jujuy,informacion_consolidada2025_5.xlsx,octubre,2025,month,2025-10,Compensación | Consenso Fiscal | II. a y b; II. d y e | (2),4551.351354,Compensación Consenso Fiscal
Jujuy,informacion_consolidada2025_5.xlsx,octubre,2025,month,2025-10,F.E.D.E.I.,178.96297297925918,F.E.D.E.I.
Jujuy,informacion_consolidada2025_5.xlsx,octubre,2025,month,2025-10,F.E.D.E.I.,236.8141352366655,F.E.D.E.I.
Jujuy,informacion_consolidada2025_5.xlsx,octubre,2025,month,2025-10,Financ. | Educativo | Ley Nº 26.075,15947.282900990112,Financiamiento Educativo
Jujuy,informacion_consolidada2025_5.xlsx,octubre,2025,month,2025-10,Fondo | Compens. | de | Desequilib.,2.2,Fondo | Compens. | de | Desequilib.
Jujuy,informacion_consolidada2025_5.xlsx,octubre,2025,month,2025-10,I.V.A. | Ley Nº 23.966 | Art. 5 | Punto 2,0.0,I.V.A. | Ley Nº 23.966 | Art. 5 | Punto 2
Jujuy,informacion_consolidada2025_5.xlsx,octubre,2025,month,2025-10,Impuesto a los Combustibles Líquidos | Ley Nº 23.966 y Nº 24.699 | Obras de | Infraestr.,332.89070000000004,Impuesto a los Combustibles Líquidos | Ley Nº 23.966 y Nº 24.699 | Obras de | Infraestr.
Jujuy,informacion_consolidada2025_5.xlsx,octubre,2025,month,2025-10,Impuesto s/ | Los Activos | Fdo. Educ. | Ley Nº 23.906,0.0,Impuesto s/ | Los Activos | Fdo. Educ. | Ley Nº 23.906
Jujuy,informacion_consolidada2025_5.xlsx,octubre,2025,month,2025-10,Impuesto sobre los | Bienes Personales | Ley | Nº 24.699,1433.0006,Impuesto sobre los | Bienes Personales | Ley | Nº 24.699
Jujuy,informacion_consolidada2025_5.xlsx,octubre,2025,month,2025-10,Ley Nº 23.966 | Art. 30,0.0,Ley Nº 23.966 | Art. 30
Jujuy,informacion_consolidada2025_5.xlsx,octubre,2025,month,2025-10,Ley Nº 24.464 | FO.NA.VI.,1715.9524,Ley Nº 24.464 | FO.NA.VI.
Jujuy,informacion_consolidada2025_5.xlsx,octubre,2025,month,2025-10,Reg.Simplif. | P/Peq.Contrib. | Ley Nº 24.977 | Aart. 59 Inc. A,662.6841,Reg.Simplif. | P/Peq.Contrib. | Ley Nº 24.977 | Aart. 59 Inc. A
Jujuy,informacion_consolidada2025_5.xlsx,octubre,2025,month,2025-10,Régimen de la Energía Eléctrica | L E Y Nº 2 4 . 0 6 5 | Fdo. P/Comp. | Tarifa Elect.,364.84098873714646,Régimen de la Energía Eléctrica | L E Y Nº 2 4 . 0 6 5 | Fdo. P/Comp. | Tarifa Elect.
Jujuy,informacion_consolidada2025_5.xlsx,octubre,2025,month,2025-10,Subtotal,137374.9277009901,Subtotal
Jujuy,informacion_consolidada2025_5.xlsx,octubre,2025,month,2025-10,Subtotal,137377.7027009901,Subtotal
Jujuy,informacion_consolidada2025_5.xlsx,octubre,2025,month,2025-10,Total | (1) + (2),147371.90625194323,Total | (1) + (2)
Jujuy,informacion_consolidada2025_5.xlsx,octubre,2025,month,2025-10,Total | Recursos | Origen Nacional | (1),142820.55489794322,Total | Recursos | Origen Nacional | (1)
Jujuy,informacion_consolidada2025_5.xlsx,octubre,2025,month,2025-10,Transfer. | De Servicios | Ley | Nº 24.049,2.775,Transfer. | De Servicios | Ley | Nº 24.049
Jujuy,informacion_consolidada2025_5.xlsx,octubre,2025,month,2025-10,Vialidad | Provincial,515.5063,Vialidad | Provincial
Jujuy,informacion_consolidada2025_5.xlsx,noviembre,2025,month,2025-11,C.F.I. | Neta De | Ley Nº 26.075,121728.0279,CFI | Neta
Jujuy,informacion_consolidada2025_5.xlsx,noviembre,2025,month,2025-11,Compensación | Consenso Fiscal | II. a y b; II. d y e | (2),3516.953319,Compensación Consenso Fiscal
Jujuy,informacion_consolidada2025_5.xlsx,noviembre,2025,month,2025-11,F.E.D.E.I.,0.0,F.E.D.E.I.
Jujuy,informacion_consolidada2025_5.xlsx,noviembre,2025,month,2025-11,F.E.D.E.I.,0.0,F.E.D.E.I.
Jujuy,informacion_consolidada2025_5.xlsx,noviembre,2025,month,2025-11,Financ. | Educativo | Ley Nº 26.075,11787.122144210083,Financiamiento Educativo
Jujuy,informacion_consolidada2025_5.xlsx,noviembre,2025,month,2025-11,Fondo | Compens. | de | Desequilib.,2.2,Fondo | Compens. | de | Desequilib.
Jujuy,informacion_consolidada2025_5.xlsx,noviembre,2025,month,2025-11,I.V.A. | Ley Nº 23.966 | Art. 5 | Punto 2,0.0,I.V.A. | Ley Nº 23.966 | Art. 5 | Punto 2
Jujuy,informacion_consolidada2025_5.xlsx,noviembre,2025,month,2025-11,Impuesto a los Combustibles Líquidos | Ley Nº 23.966 y Nº 24.699 | Obras de | Infraestr.,352.55359999999996,Impuesto a los Combustibles Líquidos | Ley Nº 23.966 y Nº 24.699 | Obras de | Infraestr.
Jujuy,informacion_consolidada2025_5.xlsx,noviembre,2025,month,2025-11,Impuesto s/ | Los Activos | Fdo. Educ. | Ley Nº 23.906,0.0,Impuesto s/ | Los Activos | Fdo. Educ. | Ley Nº 23.906
Jujuy,informacion_consolidada2025_5.xlsx,noviembre,2025,month,2025-11,Impuesto sobre los | Bienes Personales | Ley | Nº 24.699,865.8325,Impuesto sobre los | Bienes Personales | Ley | Nº 24.699
Jujuy,informacion_consolidada2025_5.xlsx,noviembre,2025,month,2025-11,Ley Nº 23.966 | Art. 30,0.0,Ley Nº 23.966 | Art. 30
Jujuy,informacion_consolidada2025_5.xlsx,noviembre,2025,month,2025-11,Ley Nº 24.464 | FO.NA.VI.,1817.309,Ley Nº 24.464 | FO.NA.VI.
Jujuy,informacion_consolidada2025_5.xlsx,noviembre,2025,month,2025-11,Reg.Simplif. | P/Peq.Contrib. | Ley Nº 24.977 | Aart. 59 Inc. A,653.6296,Reg.Simplif. | P/Peq.Contrib. | Ley Nº 24.977 | Aart. 59 Inc. A
Jujuy,informacion_consolidada2025_5.xlsx,noviembre,2025,month,2025-11,Régimen de la Energía Eléctrica | L E Y Nº 2 4 . 0 6 5 | Fdo. P/Comp. | Tarifa Elect.,0.0,Régimen de la Energía Eléctrica | L E Y Nº 2 4 . 0 6 5 | Fdo. P/Comp. | Tarifa Elect.
Jujuy,informacion_consolidada2025_5.xlsx,noviembre,2025,month,2025-11,Subtotal,133515.15004421008,Subtotal
Jujuy,informacion_consolidada2025_5.xlsx,noviembre,2025,month,2025-11,Subtotal,133517.92504421007,Subtotal
Jujuy,informacion_consolidada2025_5.xlsx,noviembre,2025,month,2025-11,Total | (1) + (2),141272.35886321007,Total | (1) + (2)
Jujuy,informacion_consolidada2025_5.xlsx,noviembre,2025,month,2025-11,Total | Recursos | Origen Nacional | (1),137755.40554421008,Total | Recursos | Origen Nacional | (1)
Jujuy,informacion_consolidada2025_5.xlsx,noviembre,2025,month,2025-11,Transfer. | De Servicios | Ley | Nº 24.049,2.775,Transfer. | De Servicios | Ley | Nº 24.049
Jujuy,informacion_consolidada2025_5.xlsx,noviembre,2025,month,2025-11,Vialidad | Provincial,545.9558000000001,Vialidad | Provincial
Jujuy,informacion_consolidada2025_5.xlsx,diciembre,2025,month,2025-12,C.F.I. | Neta De | Ley Nº 26.075,125764.7276,CFI | Neta
Jujuy,informacion_consolidada2025_5.xlsx,diciembre,2025,month,2025-12,Compensación | Consenso Fiscal | II. a y b; II. d y e | (2),7441.48167698,Compensación Consenso Fiscal
Jujuy,informacion_consolidada2025_5.xlsx,diciembre,2025,month,2025-12,F.E.D.E.I.,354.0565510002435,F.E.D.E.I.
Jujuy,informacion_consolidada2025_5.xlsx,diciembre,2025,month,2025-12,F.E.D.E.I.,507.418006504715,F.E.D.E.I.
Jujuy,informacion_consolidada2025_5.xlsx,diciembre,2025,month,2025-12,Financ. | Educativo | Ley Nº 26.075,14560.562648730103,Financiamiento Educativo
Jujuy,informacion_consolidada2025_5.xlsx,diciembre,2025,month,2025-12,Fondo | Compens. | de | Desequilib.,2.2,Fondo | Compens. | de | Desequilib.
Jujuy,informacion_consolidada2025_5.xlsx,diciembre,2025,month,2025-12,I.V.A. | Ley Nº 23.966 | Art. 5 | Punto 2,0.0,I.V.A. | Ley Nº 23.966 | Art. 5 | Punto 2
Jujuy,informacion_consolidada2025_5.xlsx,diciembre,2025,month,2025-12,Impuesto a los Combustibles Líquidos | Ley Nº 23.966 y Nº 24.699 | Obras de | Infraestr.,501.5314,Impuesto a los Combustibles Líquidos | Ley Nº 23.966 y Nº 24.699 | Obras de | Infraestr.
Jujuy,informacion_consolidada2025_5.xlsx,diciembre,2025,month,2025-12,Impuesto s/ | Los Activos | Fdo. Educ. | Ley Nº 23.906,0.00240082,Impuesto s/ | Los Activos | Fdo. Educ. | Ley Nº 23.906
Jujuy,informacion_consolidada2025_5.xlsx,diciembre,2025,month,2025-12,Impuesto sobre los | Bienes Personales | Ley | Nº 24.699,1440.6221,Impuesto sobre los | Bienes Personales | Ley | Nº 24.699
Jujuy,informacion_consolidada2025_5.xlsx,diciembre,2025,month,2025-12,Ley Nº 23.966 | Art. 30,0.0,Ley Nº 23.966 | Art. 30
Jujuy,informacion_consolidada2025_5.xlsx,diciembre,2025,month,2025-12,Ley Nº 24.464 | FO.NA.VI.,2585.2451,Ley Nº 24.464 | FO.NA.VI.
Jujuy,informacion_consolidada2025_5.xlsx,diciembre,2025,month,2025-12,Reg.Simplif. | P/Peq.Contrib. | Ley Nº 24.977 | Aart. 59 Inc. A,690.6650999999999,Reg.Simplif. | P/Peq.Contrib. | Ley Nº 24.977 | Aart. 59 Inc. A
Jujuy,informacion_consolidada2025_5.xlsx,diciembre,2025,month,2025-12,Régimen de la Energía Eléctrica | L E Y Nº 2 4 . 0 6 5 | Fdo. P/Comp. | Tarifa Elect.,803.7418987010195,Régimen de la Energía Eléctrica | L E Y Nº 2 4 . 0 6 5 | Fdo. P/Comp. | Tarifa Elect.
Jujuy,informacion_consolidada2025_5.xlsx,diciembre,2025,month,2025-12,Subtotal,140325.2902487301,Subtotal
Jujuy,informacion_consolidada2025_5.xlsx,diciembre,2025,month,2025-12,Subtotal,140328.0652487301,Subtotal
Jujuy,informacion_consolidada2025_5.xlsx,diciembre,2025,month,2025-12,Total | (1) + (2),155431.68858273613,Total | (1) + (2)
Jujuy,informacion_consolidada2025_5.xlsx,diciembre,2025,month,2025-12,Total | Recursos | Origen Nacional | (1),147990.20690575612,Total | Recursos | Origen Nacional | (1)
Jujuy,informacion_consolidada2025_5.xlsx,diciembre,2025,month,2025-12,Transfer. | De Servicios | Ley | Nº 24.049,2.775,Transfer. | De Servicios | Ley | Nº 24.049
Jujuy,informacion_consolidada2025_5.xlsx,diciembre,2025,month,2025-12,Vialidad | Provincial,776.6591,Vialidad | Provincial
Jujuy,informacion_consolidada2025_5.xlsx,CONS,2025,consolidated,CONS,C.F.I. | Neta De | Ley Nº 26.075,1330862.6953,CFI | Neta
Jujuy,informacion_consolidada2025_5.xlsx,CONS,2025,consolidated,CONS,Compensación | Consenso Fiscal | II. a y b; II. d y e | (2),44914.84053598,Compensación Consenso Fiscal
Jujuy,informacion_consolidada2025_5.xlsx,CONS,2025,consolidated,CONS,F.E.D.E.I.,1866.5772827105834,F.E.D.E.I.
Jujuy,informacion_consolidada2025_5.xlsx,CONS,2025,consolidated,CONS,F.E.D.E.I.,2717.1867303490844,F.E.D.E.I.
Jujuy,informacion_consolidada2025_5.xlsx,CONS,2025,consolidated,CONS,Financ. | Educativo | Ley Nº 26.075,168486.51049999997,Financiamiento Educativo
Jujuy,informacion_consolidada2025_5.xlsx,CONS,2025,consolidated,CONS,Fondo | Compens. | de | Desequilib.,26.4,Fondo | Compens. | de | Desequilib.
Jujuy,informacion_consolidada2025_5.xlsx,CONS,2025,consolidated,CONS,I.V.A. | Ley Nº 23.966 | Art. 5 | Punto 2,0.0,I.V.A. | Ley Nº 23.966 | Art. 5 | Punto 2
Jujuy,informacion_consolidada2025_5.xlsx,CONS,2025,consolidated,CONS,Impuesto a los Combustibles Líquidos | Ley Nº 23.966 y Nº 24.699 | Obras de | Infraestr.,3752.3417000000004,Impuesto a los Combustibles Líquidos | Ley Nº 23.966 y Nº 24.699 | Obras de | Infraestr.
Jujuy,informacion_consolidada2025_5.xlsx,CONS,2025,consolidated,CONS,Impuesto s/ | Los Activos | Fdo. Educ. | Ley Nº 23.906,0.08530000000000001,Impuesto s/ | Los Activos | Fdo. Educ. | Ley Nº 23.906
Jujuy,informacion_consolidada2025_5.xlsx,CONS,2025,consolidated,CONS,Impuesto sobre los | Bienes Personales | Ley | Nº 24.699,29293.669800000003,Impuesto sobre los | Bienes Personales | Ley | Nº 24.699
Jujuy,informacion_consolidada2025_5.xlsx,CONS,2025,consolidated,CONS,Ley Nº 23.966 | Art. 30,0.0,Ley Nº 23.966 | Art. 30
Jujuy,informacion_consolidada2025_5.xlsx,CONS,2025,consolidated,CONS,Ley Nº 24.464 | FO.NA.VI.,19342.2057,Ley Nº 24.464 | FO.NA.VI.
Jujuy,informacion_consolidada2025_5.xlsx,CONS,2025,consolidated,CONS,Reg.Simplif. | P/Peq.Contrib. | Ley Nº 24.977 | Aart. 59 Inc. A,5838.158899999999,Reg.Simplif. | P/Peq.Contrib. | Ley Nº 24.977 | Aart. 59 Inc. A
Jujuy,informacion_consolidada2025_5.xlsx,CONS,2025,consolidated,CONS,Régimen de la Energía Eléctrica | L E Y Nº 2 4 . 0 6 5 | Fdo. P/Comp. | Tarifa Elect.,4278.2857,Régimen de la Energía Eléctrica | L E Y Nº 2 4 . 0 6 5 | Fdo. P/Comp. | Tarifa Elect.
Jujuy,informacion_consolidada2025_5.xlsx,CONS,2025,consolidated,CONS,Subtotal,1499349.2058,Subtotal
Jujuy,informacion_consolidada2025_5.xlsx,CONS,2025,consolidated,CONS,Subtotal,1499382.5058000002,Subtotal
Jujuy,informacion_consolidada2025_5.xlsx,CONS,2025,consolidated,CONS,Total | (1) + (2),1617223.0410490395,Total | (1) + (2)
Jujuy,informacion_consolidada2025_5.xlsx,CONS,2025,consolidated,CONS,Total | Recursos | Origen Nacional | (1),1572308.2005130595,Total | Recursos | Origen Nacional | (1)
Jujuy,informacion_consolidada2025_5.xlsx,CONS,2025,consolidated,CONS,Transfer. | De Servicios | Ley | Nº 24.049,33.3,Transfer. | De Servicios | Ley | Nº 24.049
Jujuy,informacion_consolidada2025_5.xlsx,CONS,2025,consolidated,CONS,Vialidad | Provincial,5810.7836,Vialidad | Provincial
La Pampa,informacion_consolidada2025_5.xlsx,enero,2025,month,2025-01,C.F.I. | Neta De | Ley Nº 26.075,81954.20229999999,CFI | Neta
La Pampa,informacion_consolidada2025_5.xlsx,enero,2025,month,2025-01,Compensación | Consenso Fiscal | II. a y b; II. d y e | (2),0.0,Compensación Consenso Fiscal
La Pampa,informacion_consolidada2025_5.xlsx,enero,2025,month,2025-01,F.E.D.E.I.,0.0,F.E.D.E.I.
La Pampa,informacion_consolidada2025_5.xlsx,enero,2025,month,2025-01,F.E.D.E.I.,0.0,F.E.D.E.I.
La Pampa,informacion_consolidada2025_5.xlsx,enero,2025,month,2025-01,Financ. | Educativo | Ley Nº 26.075,0.0,Financiamiento Educativo
La Pampa,informacion_consolidada2025_5.xlsx,enero,2025,month,2025-01,Fondo | Compens. | de | Desequilib.,2.5,Fondo | Compens. | de | Desequilib.
La Pampa,informacion_consolidada2025_5.xlsx,enero,2025,month,2025-01,I.V.A. | Ley Nº 23.966 | Art. 5 | Punto 2,471.5795,I.V.A. | Ley Nº 23.966 | Art. 5 | Punto 2
La Pampa,informacion_consolidada2025_5.xlsx,enero,2025,month,2025-01,Impuesto a los Combustibles Líquidos | Ley Nº 23.966 y Nº 24.699 | Obras de | Infraestr.,142.31320000000002,Impuesto a los Combustibles Líquidos | Ley Nº 23.966 y Nº 24.699 | Obras de | Infraestr.
La Pampa,informacion_consolidada2025_5.xlsx,enero,2025,month,2025-01,Impuesto s/ | Los Activos | Fdo. Educ. | Ley Nº 23.906,2.0000000000000002e-07,Impuesto s/ | Los Activos | Fdo. Educ. | Ley Nº 23.906
La Pampa,informacion_consolidada2025_5.xlsx,enero,2025,month,2025-01,Impuesto sobre los | Bienes Personales | Ley | Nº 24.699,487.6045,Impuesto sobre los | Bienes Personales | Ley | Nº 24.699
La Pampa,informacion_consolidada2025_5.xlsx,enero,2025,month,2025-01,Ley Nº 23.966 | Art. 30,39.2696,Ley Nº 23.966 | Art. 30
La Pampa,informacion_consolidada2025_5.xlsx,enero,2025,month,2025-01,Ley Nº 24.464 | FO.NA.VI.,739.8461,Ley Nº 24.464 | FO.NA.VI.
La Pampa,informacion_consolidada2025_5.xlsx,enero,2025,month,2025-01,Reg.Simplif. | P/Peq.Contrib. | Ley Nº 24.977 | Aart. 59 Inc. A,162.54229999999998,Reg.Simplif. | P/Peq.Contrib. | Ley Nº 24.977 | Aart. 59 Inc. A
La Pampa,informacion_consolidada2025_5.xlsx,enero,2025,month,2025-01,Régimen de la Energía Eléctrica | L E Y Nº 2 4 . 0 6 5 | Fdo. P/Comp. | Tarifa Elect.,0.0,Régimen de la Energía Eléctrica | L E Y Nº 2 4 . 0 6 5 | Fdo. P/Comp. | Tarifa Elect.
La Pampa,informacion_consolidada2025_5.xlsx,enero,2025,month,2025-01,Subtotal,81954.20229999999,Subtotal
La Pampa,informacion_consolidada2025_5.xlsx,enero,2025,month,2025-01,Subtotal,81955.8023,Subtotal
La Pampa,informacion_consolidada2025_5.xlsx,enero,2025,month,2025-01,Total | (1) + (2),84413.7317002,Total | (1) + (2)
La Pampa,informacion_consolidada2025_5.xlsx,enero,2025,month,2025-01,Total | Recursos | Origen Nacional | (1),84413.7317002,Total | Recursos | Origen Nacional | (1)
La Pampa,informacion_consolidada2025_5.xlsx,enero,2025,month,2025-01,Transfer. | De Servicios | Ley | Nº 24.049,1.6,Transfer. | De Servicios | Ley | Nº 24.049
La Pampa,informacion_consolidada2025_5.xlsx,enero,2025,month,2025-01,Vialidad | Provincial,412.2742,Vialidad | Provincial
La Pampa,informacion_consolidada2025_5.xlsx,febrero,2025,month,2025-02,C.F.I. | Neta De | Ley Nº 26.075,75561.3775,CFI | Neta
La Pampa,informacion_consolidada2025_5.xlsx,febrero,2025,month,2025-02,Compensación | Consenso Fiscal | II. a y b; II. d y e | (2),0.0,Compensación Consenso Fiscal
La Pampa,informacion_consolidada2025_5.xlsx,febrero,2025,month,2025-02,F.E.D.E.I.,166.72172232,F.E.D.E.I.
La Pampa,informacion_consolidada2025_5.xlsx,febrero,2025,month,2025-02,F.E.D.E.I.,99.9148319902512,F.E.D.E.I.
La Pampa,informacion_consolidada2025_5.xlsx,febrero,2025,month,2025-02,Financ. | Educativo | Ley Nº 26.075,0.0,Financiamiento Educativo
La Pampa,informacion_consolidada2025_5.xlsx,febrero,2025,month,2025-02,Fondo | Compens. | de | Desequilib.,2.5,Fondo | Compens. | de | Desequilib.
La Pampa,informacion_consolidada2025_5.xlsx,febrero,2025,month,2025-02,I.V.A. | Ley Nº 23.966 | Art. 5 | Punto 2,412.9301,I.V.A. | Ley Nº 23.966 | Art. 5 | Punto 2
La Pampa,informacion_consolidada2025_5.xlsx,febrero,2025,month,2025-02,Impuesto a los Combustibles Líquidos | Ley Nº 23.966 y Nº 24.699 | Obras de | Infraestr.,179.27079999999998,Impuesto a los Combustibles Líquidos | Ley Nº 23.966 y Nº 24.699 | Obras de | Infraestr.
La Pampa,informacion_consolidada2025_5.xlsx,febrero,2025,month,2025-02,Impuesto s/ | Los Activos | Fdo. Educ. | Ley Nº 23.906,6.1e-07,Impuesto s/ | Los Activos | Fdo. Educ. | Ley Nº 23.906
La Pampa,informacion_consolidada2025_5.xlsx,febrero,2025,month,2025-02,Impuesto sobre los | Bienes Personales | Ley | Nº 24.699,676.3066,Impuesto sobre los | Bienes Personales | Ley | Nº 24.699
La Pampa,informacion_consolidada2025_5.xlsx,febrero,2025,month,2025-02,Ley Nº 23.966 | Art. 30,54.4669,Ley Nº 23.966 | Art. 30
La Pampa,informacion_consolidada2025_5.xlsx,febrero,2025,month,2025-02,Ley Nº 24.464 | FO.NA.VI.,931.9783,Ley Nº 24.464 | FO.NA.VI.
La Pampa,informacion_consolidada2025_5.xlsx,febrero,2025,month,2025-02,Reg.Simplif. | P/Peq.Contrib. | Ley Nº 24.977 | Aart. 59 Inc. A,237.04420000000002,Reg.Simplif. | P/Peq.Contrib. | Ley Nº 24.977 | Aart. 59 Inc. A
La Pampa,informacion_consolidada2025_5.xlsx,febrero,2025,month,2025-02,Régimen de la Energía Eléctrica | L E Y Nº 2 4 . 0 6 5 | Fdo. P/Comp. | Tarifa Elect.,225.0279354941288,Régimen de la Energía Eléctrica | L E Y Nº 2 4 . 0 6 5 | Fdo. P/Comp. | Tarifa Elect.
La Pampa,informacion_consolidada2025_5.xlsx,febrero,2025,month,2025-02,Subtotal,75561.3775,Subtotal
La Pampa,informacion_consolidada2025_5.xlsx,febrero,2025,month,2025-02,Subtotal,75562.97750000001,Subtotal
La Pampa,informacion_consolidada2025_5.xlsx,febrero,2025,month,2025-02,Total | (1) + (2),79068.47749041439,Total | (1) + (2)
La Pampa,informacion_consolidada2025_5.xlsx,febrero,2025,month,2025-02,Total | Recursos | Origen Nacional | (1),79068.47749041439,Total | Recursos | Origen Nacional | (1)
La Pampa,informacion_consolidada2025_5.xlsx,febrero,2025,month,2025-02,Transfer. | De Servicios | Ley | Nº 24.049,1.6,Transfer. | De Servicios | Ley | Nº 24.049
La Pampa,informacion_consolidada2025_5.xlsx,febrero,2025,month,2025-02,Vialidad | Provincial,519.3385999999999,Vialidad | Provincial
La Pampa,informacion_consolidada2025_5.xlsx,marzo,2025,month,2025-03,C.F.I. | Neta De | Ley Nº 26.075,65519.694299999996,CFI | Neta
La Pampa,informacion_consolidada2025_5.xlsx,marzo,2025,month,2025-03,Compensación | Consenso Fiscal | II. a y b; II. d y e | (2),0.0,Compensación Consenso Fiscal
La Pampa,informacion_consolidada2025_5.xlsx,marzo,2025,month,2025-03,F.E.D.E.I.,96.71748837000001,F.E.D.E.I.
La Pampa,informacion_consolidada2025_5.xlsx,marzo,2025,month,2025-03,F.E.D.E.I.,169.47684247936508,F.E.D.E.I.
La Pampa,informacion_consolidada2025_5.xlsx,marzo,2025,month,2025-03,Financ. | Educativo | Ley Nº 26.075,2896.40092096,Financiamiento Educativo
La Pampa,informacion_consolidada2025_5.xlsx,marzo,2025,month,2025-03,Fondo | Compens. | de | Desequilib.,2.5,Fondo | Compens. | de | Desequilib.
La Pampa,informacion_consolidada2025_5.xlsx,marzo,2025,month,2025-03,I.V.A. | Ley Nº 23.966 | Art. 5 | Punto 2,386.2592,I.V.A. | Ley Nº 23.966 | Art. 5 | Punto 2
La Pampa,informacion_consolidada2025_5.xlsx,marzo,2025,month,2025-03,Impuesto a los Combustibles Líquidos | Ley Nº 23.966 y Nº 24.699 | Obras de | Infraestr.,163.7314,Impuesto a los Combustibles Líquidos | Ley Nº 23.966 y Nº 24.699 | Obras de | Infraestr.
La Pampa,informacion_consolidada2025_5.xlsx,marzo,2025,month,2025-03,Impuesto s/ | Los Activos | Fdo. Educ. | Ley Nº 23.906,2.0000000000000002e-07,Impuesto s/ | Los Activos | Fdo. Educ. | Ley Nº 23.906
La Pampa,informacion_consolidada2025_5.xlsx,marzo,2025,month,2025-03,Impuesto sobre los | Bienes Personales | Ley | Nº 24.699,309.2588,Impuesto sobre los | Bienes Personales | Ley | Nº 24.699
La Pampa,informacion_consolidada2025_5.xlsx,marzo,2025,month,2025-03,Ley Nº 23.966 | Art. 30,24.9064,Ley Nº 23.966 | Art. 30
La Pampa,informacion_consolidada2025_5.xlsx,marzo,2025,month,2025-03,Ley Nº 24.464 | FO.NA.VI.,851.1931999999999,Ley Nº 24.464 | FO.NA.VI.
La Pampa,informacion_consolidada2025_5.xlsx,marzo,2025,month,2025-03,Reg.Simplif. | P/Peq.Contrib. | Ley Nº 24.977 | Aart. 59 Inc. A,255.01129999999998,Reg.Simplif. | P/Peq.Contrib. | Ley Nº 24.977 | Aart. 59 Inc. A
La Pampa,informacion_consolidada2025_5.xlsx,marzo,2025,month,2025-03,Régimen de la Energía Eléctrica | L E Y Nº 2 4 . 0 6 5 | Fdo. P/Comp. | Tarifa Elect.,381.6953220532986,Régimen de la Energía Eléctrica | L E Y Nº 2 4 . 0 6 5 | Fdo. P/Comp. | Tarifa Elect.
La Pampa,informacion_consolidada2025_5.xlsx,marzo,2025,month,2025-03,Subtotal,68416.09522096,Subtotal
La Pampa,informacion_consolidada2025_5.xlsx,marzo,2025,month,2025-03,Subtotal,68417.69522096,Subtotal
La Pampa,informacion_consolidada2025_5.xlsx,marzo,2025,month,2025-03,Total | (1) + (2),71532.76677406266,Total | (1) + (2)
La Pampa,informacion_consolidada2025_5.xlsx,marzo,2025,month,2025-03,Total | Recursos | Origen Nacional | (1),71532.76677406266,Total | Recursos | Origen Nacional | (1)
La Pampa,informacion_consolidada2025_5.xlsx,marzo,2025,month,2025-03,Transfer. | De Servicios | Ley | Nº 24.049,1.6,Transfer. | De Servicios | Ley | Nº 24.049
La Pampa,informacion_consolidada2025_5.xlsx,marzo,2025,month,2025-03,Vialidad | Provincial,474.3216,Vialidad | Provincial
La Pampa,informacion_consolidada2025_5.xlsx,abril,2025,month,2025-04,C.F.I. | Neta De | Ley Nº 26.075,61959.5365,CFI | Neta
La Pampa,informacion_consolidada2025_5.xlsx,abril,2025,month,2025-04,Compensación | Consenso Fiscal | II. a y b; II. d y e | (2),0.0,Compensación Consenso Fiscal
La Pampa,informacion_consolidada2025_5.xlsx,abril,2025,month,2025-04,F.E.D.E.I.,121.96969793277022,F.E.D.E.I.
La Pampa,informacion_consolidada2025_5.xlsx,abril,2025,month,2025-04,F.E.D.E.I.,146.17899823380753,F.E.D.E.I.
La Pampa,informacion_consolidada2025_5.xlsx,abril,2025,month,2025-04,Financ. | Educativo | Ley Nº 26.075,11585.603683840005,Financiamiento Educativo
La Pampa,informacion_consolidada2025_5.xlsx,abril,2025,month,2025-04,Fondo | Compens. | de | Desequilib.,2.5,Fondo | Compens. | de | Desequilib.
La Pampa,informacion_consolidada2025_5.xlsx,abril,2025,month,2025-04,I.V.A. | Ley Nº 23.966 | Art. 5 | Punto 2,412.579,I.V.A. | Ley Nº 23.966 | Art. 5 | Punto 2
La Pampa,informacion_consolidada2025_5.xlsx,abril,2025,month,2025-04,Impuesto a los Combustibles Líquidos | Ley Nº 23.966 y Nº 24.699 | Obras de | Infraestr.,181.8007,Impuesto a los Combustibles Líquidos | Ley Nº 23.966 y Nº 24.699 | Obras de | Infraestr.
La Pampa,informacion_consolidada2025_5.xlsx,abril,2025,month,2025-04,Impuesto s/ | Los Activos | Fdo. Educ. | Ley Nº 23.906,1.9e-07,Impuesto s/ | Los Activos | Fdo. Educ. | Ley Nº 23.906
La Pampa,informacion_consolidada2025_5.xlsx,abril,2025,month,2025-04,Impuesto sobre los | Bienes Personales | Ley | Nº 24.699,578.2956999999999,Impuesto sobre los | Bienes Personales | Ley | Nº 24.699
La Pampa,informacion_consolidada2025_5.xlsx,abril,2025,month,2025-04,Ley Nº 23.966 | Art. 30,46.5735,Ley Nº 23.966 | Art. 30
La Pampa,informacion_consolidada2025_5.xlsx,abril,2025,month,2025-04,Ley Nº 24.464 | FO.NA.VI.,945.1303,Ley Nº 24.464 | FO.NA.VI.
La Pampa,informacion_consolidada2025_5.xlsx,abril,2025,month,2025-04,Reg.Simplif. | P/Peq.Contrib. | Ley Nº 24.977 | Aart. 59 Inc. A,261.2632,Reg.Simplif. | P/Peq.Contrib. | Ley Nº 24.977 | Aart. 59 Inc. A
La Pampa,informacion_consolidada2025_5.xlsx,abril,2025,month,2025-04,Régimen de la Energía Eléctrica | L E Y Nº 2 4 . 0 6 5 | Fdo. P/Comp. | Tarifa Elect.,329.22397533703685,Régimen de la Energía Eléctrica | L E Y Nº 2 4 . 0 6 5 | Fdo. P/Comp. | Tarifa Elect.
La Pampa,informacion_consolidada2025_5.xlsx,abril,2025,month,2025-04,Subtotal,73545.14018384,Subtotal
La Pampa,informacion_consolidada2025_5.xlsx,abril,2025,month,2025-04,Subtotal,73546.74018384001,Subtotal
La Pampa,informacion_consolidada2025_5.xlsx,abril,2025,month,2025-04,Total | (1) + (2),77098.92265553365,Total | (1) + (2)
La Pampa,informacion_consolidada2025_5.xlsx,abril,2025,month,2025-04,Total | Recursos | Origen Nacional | (1),77098.92265553365,Total | Recursos | Origen Nacional | (1)
La Pampa,informacion_consolidada2025_5.xlsx,abril,2025,month,2025-04,Transfer. | De Servicios | Ley | Nº 24.049,1.6,Transfer. | De Servicios | Ley | Nº 24.049
La Pampa,informacion_consolidada2025_5.xlsx,abril,2025,month,2025-04,Vialidad | Provincial,526.6674,Vialidad | Provincial
La Pampa,informacion_consolidada2025_5.xlsx,mayo,2025,month,2025-05,C.F.I. | Neta De | Ley Nº 26.075,83601.1966,CFI | Neta
La Pampa,informacion_consolidada2025_5.xlsx,mayo,2025,month,2025-05,Compensación | Consenso Fiscal | II. a y b; II. d y e | (2),0.0,Compensación Consenso Fiscal
La Pampa,informacion_consolidada2025_5.xlsx,mayo,2025,month,2025-05,F.E.D.E.I.,235.14045625331337,F.E.D.E.I.
La Pampa,informacion_consolidada2025_5.xlsx,mayo,2025,month,2025-05,F.E.D.E.I.,543.9913899171949,F.E.D.E.I.
La Pampa,informacion_consolidada2025_5.xlsx,mayo,2025,month,2025-05,Financ. | Educativo | Ley Nº 26.075,11947.653798960017,Financiamiento Educativo
La Pampa,informacion_consolidada2025_5.xlsx,mayo,2025,month,2025-05,Fondo | Compens. | de | Desequilib.,2.5,Fondo | Compens. | de | Desequilib.
La Pampa,informacion_consolidada2025_5.xlsx,mayo,2025,month,2025-05,I.V.A. | Ley Nº 23.966 | Art. 5 | Punto 2,386.7783,I.V.A. | Ley Nº 23.966 | Art. 5 | Punto 2
La Pampa,informacion_consolidada2025_5.xlsx,mayo,2025,month,2025-05,Impuesto a los Combustibles Líquidos | Ley Nº 23.966 y Nº 24.699 | Obras de | Infraestr.,197.4172,Impuesto a los Combustibles Líquidos | Ley Nº 23.966 y Nº 24.699 | Obras de | Infraestr.
La Pampa,informacion_consolidada2025_5.xlsx,mayo,2025,month,2025-05,Impuesto s/ | Los Activos | Fdo. Educ. | Ley Nº 23.906,1.8e-07,Impuesto s/ | Los Activos | Fdo. Educ. | Ley Nº 23.906
La Pampa,informacion_consolidada2025_5.xlsx,mayo,2025,month,2025-05,Impuesto sobre los | Bienes Personales | Ley | Nº 24.699,399.3006,Impuesto sobre los | Bienes Personales | Ley | Nº 24.699
La Pampa,informacion_consolidada2025_5.xlsx,mayo,2025,month,2025-05,Ley Nº 23.966 | Art. 30,32.158,Ley Nº 23.966 | Art. 30
La Pampa,informacion_consolidada2025_5.xlsx,mayo,2025,month,2025-05,Ley Nº 24.464 | FO.NA.VI.,1026.3161,Ley Nº 24.464 | FO.NA.VI.
La Pampa,informacion_consolidada2025_5.xlsx,mayo,2025,month,2025-05,Reg.Simplif. | P/Peq.Contrib. | Ley Nº 24.977 | Aart. 59 Inc. A,274.2307,Reg.Simplif. | P/Peq.Contrib. | Ley Nº 24.977 | Aart. 59 Inc. A
La Pampa,informacion_consolidada2025_5.xlsx,mayo,2025,month,2025-05,Régimen de la Energía Eléctrica | L E Y Nº 2 4 . 0 6 5 | Fdo. P/Comp. | Tarifa Elect.,561.514434471127,Régimen de la Energía Eléctrica | L E Y Nº 2 4 . 0 6 5 | Fdo. P/Comp. | Tarifa Elect.
La Pampa,informacion_consolidada2025_5.xlsx,mayo,2025,month,2025-05,Subtotal,95548.85039896001,Subtotal
La Pampa,informacion_consolidada2025_5.xlsx,mayo,2025,month,2025-05,Subtotal,95550.45039896002,Subtotal
La Pampa,informacion_consolidada2025_5.xlsx,mayo,2025,month,2025-05,Total | (1) + (2),99781.70517978167,Total | (1) + (2)
La Pampa,informacion_consolidada2025_5.xlsx,mayo,2025,month,2025-05,Total | Recursos | Origen Nacional | (1),99781.70517978167,Total | Recursos | Origen Nacional | (1)
La Pampa,informacion_consolidada2025_5.xlsx,mayo,2025,month,2025-05,Transfer. | De Servicios | Ley | Nº 24.049,1.6,Transfer. | De Servicios | Ley | Nº 24.049
La Pampa,informacion_consolidada2025_5.xlsx,mayo,2025,month,2025-05,Vialidad | Provincial,571.9076,Vialidad | Provincial
La Pampa,informacion_consolidada2025_5.xlsx,junio,2025,month,2025-06,C.F.I. | Neta De | Ley Nº 26.075,69388.74190000001,CFI | Neta
La Pampa,informacion_consolidada2025_5.xlsx,junio,2025,month,2025-06,Compensación | Consenso Fiscal | II. a y b; II. d y e | (2),0.0,Compensación Consenso Fiscal
La Pampa,informacion_consolidada2025_5.xlsx,junio,2025,month,2025-06,F.E.D.E.I.,134.55783459667342,F.E.D.E.I.
La Pampa,informacion_consolidada2025_5.xlsx,junio,2025,month,2025-06,F.E.D.E.I.,155.95507001250508,F.E.D.E.I.
La Pampa,informacion_consolidada2025_5.xlsx,junio,2025,month,2025-06,Financ. | Educativo | Ley Nº 26.075,11585.603683839981,Financiamiento Educativo
La Pampa,informacion_consolidada2025_5.xlsx,junio,2025,month,2025-06,Fondo | Compens. | de | Desequilib.,2.5,Fondo | Compens. | de | Desequilib.
La Pampa,informacion_consolidada2025_5.xlsx,junio,2025,month,2025-06,I.V.A. | Ley Nº 23.966 | Art. 5 | Punto 2,448.6979,I.V.A. | Ley Nº 23.966 | Art. 5 | Punto 2
La Pampa,informacion_consolidada2025_5.xlsx,junio,2025,month,2025-06,Impuesto a los Combustibles Líquidos | Ley Nº 23.966 y Nº 24.699 | Obras de | Infraestr.,214.0076,Impuesto a los Combustibles Líquidos | Ley Nº 23.966 y Nº 24.699 | Obras de | Infraestr.
La Pampa,informacion_consolidada2025_5.xlsx,junio,2025,month,2025-06,Impuesto s/ | Los Activos | Fdo. Educ. | Ley Nº 23.906,1.8e-07,Impuesto s/ | Los Activos | Fdo. Educ. | Ley Nº 23.906
La Pampa,informacion_consolidada2025_5.xlsx,junio,2025,month,2025-06,Impuesto sobre los | Bienes Personales | Ley | Nº 24.699,11641.4695,Impuesto sobre los | Bienes Personales | Ley | Nº 24.699
La Pampa,informacion_consolidada2025_5.xlsx,junio,2025,month,2025-06,Ley Nº 23.966 | Art. 30,937.5545,Ley Nº 23.966 | Art. 30
La Pampa,informacion_consolidada2025_5.xlsx,junio,2025,month,2025-06,Ley Nº 24.464 | FO.NA.VI.,1112.5651,Ley Nº 24.464 | FO.NA.VI.
La Pampa,informacion_consolidada2025_5.xlsx,junio,2025,month,2025-06,Reg.Simplif. | P/Peq.Contrib. | Ley Nº 24.977 | Aart. 59 Inc. A,279.90540000000004,Reg.Simplif. | P/Peq.Contrib. | Ley Nº 24.977 | Aart. 59 Inc. A
La Pampa,informacion_consolidada2025_5.xlsx,junio,2025,month,2025-06,Régimen de la Energía Eléctrica | L E Y Nº 2 4 . 0 6 5 | Fdo. P/Comp. | Tarifa Elect.,1013.247687729208,Régimen de la Energía Eléctrica | L E Y Nº 2 4 . 0 6 5 | Fdo. P/Comp. | Tarifa Elect.
La Pampa,informacion_consolidada2025_5.xlsx,junio,2025,month,2025-06,Subtotal,80974.34558383998,Subtotal
La Pampa,informacion_consolidada2025_5.xlsx,junio,2025,month,2025-06,Subtotal,80975.94558383999,Subtotal
La Pampa,informacion_consolidada2025_5.xlsx,junio,2025,month,2025-06,Total | (1) + (2),97536.3754763584,Total | (1) + (2)
La Pampa,informacion_consolidada2025_5.xlsx,junio,2025,month,2025-06,Total | Recursos | Origen Nacional | (1),97536.3754763584,Total | Recursos | Origen Nacional | (1)
La Pampa,informacion_consolidada2025_5.xlsx,junio,2025,month,2025-06,Transfer. | De Servicios | Ley | Nº 24.049,1.6,Transfer. | De Servicios | Ley | Nº 24.049
La Pampa,informacion_consolidada2025_5.xlsx,junio,2025,month,2025-06,Vialidad | Provincial,619.9693000000001,Vialidad | Provincial
La Pampa,informacion_consolidada2025_5.xlsx,julio,2025,month,2025-07,C.F.I. | Neta De | Ley Nº 26.075,72447.912,CFI | Neta
La Pampa,informacion_consolidada2025_5.xlsx,julio,2025,month,2025-07,Compensación | Consenso Fiscal | II. a y b; II. d y e | (2),0.0,Compensación Consenso Fiscal
La Pampa,informacion_consolidada2025_5.xlsx,julio,2025,month,2025-07,F.E.D.E.I.,145.4344525055507,F.E.D.E.I.
La Pampa,informacion_consolidada2025_5.xlsx,julio,2025,month,2025-07,F.E.D.E.I.,249.49302871996238,F.E.D.E.I.
La Pampa,informacion_consolidada2025_5.xlsx,julio,2025,month,2025-07,Financ. | Educativo | Ley Nº 26.075,12671.754029199978,Financiamiento Educativo
La Pampa,informacion_consolidada2025_5.xlsx,julio,2025,month,2025-07,Fondo | Compens. | de | Desequilib.,2.5,Fondo | Compens. | de | Desequilib.
La Pampa,informacion_consolidada2025_5.xlsx,julio,2025,month,2025-07,I.V.A. | Ley Nº 23.966 | Art. 5 | Punto 2,451.6483,I.V.A. | Ley Nº 23.966 | Art. 5 | Punto 2
La Pampa,informacion_consolidada2025_5.xlsx,julio,2025,month,2025-07,Impuesto a los Combustibles Líquidos | Ley Nº 23.966 y Nº 24.699 | Obras de | Infraestr.,190.5576,Impuesto a los Combustibles Líquidos | Ley Nº 23.966 y Nº 24.699 | Obras de | Infraestr.
La Pampa,informacion_consolidada2025_5.xlsx,julio,2025,month,2025-07,Impuesto s/ | Los Activos | Fdo. Educ. | Ley Nº 23.906,1.7000000000000001e-07,Impuesto s/ | Los Activos | Fdo. Educ. | Ley Nº 23.906
La Pampa,informacion_consolidada2025_5.xlsx,julio,2025,month,2025-07,Impuesto sobre los | Bienes Personales | Ley | Nº 24.699,1057.4233000000002,Impuesto sobre los | Bienes Personales | Ley | Nº 24.699
La Pampa,informacion_consolidada2025_5.xlsx,julio,2025,month,2025-07,Ley Nº 23.966 | Art. 30,85.1604,Ley Nº 23.966 | Art. 30
La Pampa,informacion_consolidada2025_5.xlsx,julio,2025,month,2025-07,Ley Nº 24.464 | FO.NA.VI.,990.6551999999999,Ley Nº 24.464 | FO.NA.VI.
La Pampa,informacion_consolidada2025_5.xlsx,julio,2025,month,2025-07,Reg.Simplif. | P/Peq.Contrib. | Ley Nº 24.977 | Aart. 59 Inc. A,283.0097,Reg.Simplif. | P/Peq.Contrib. | Ley Nº 24.977 | Aart. 59 Inc. A
La Pampa,informacion_consolidada2025_5.xlsx,julio,2025,month,2025-07,Régimen de la Energía Eléctrica | L E Y Nº 2 4 . 0 6 5 | Fdo. P/Comp. | Tarifa Elect.,560.990971404458,Régimen de la Energía Eléctrica | L E Y Nº 2 4 . 0 6 5 | Fdo. P/Comp. | Tarifa Elect.
La Pampa,informacion_consolidada2025_5.xlsx,julio,2025,month,2025-07,Subtotal,85119.66602919997,Subtotal
La Pampa,informacion_consolidada2025_5.xlsx,julio,2025,month,2025-07,Subtotal,85121.26602919998,Subtotal
La Pampa,informacion_consolidada2025_5.xlsx,julio,2025,month,2025-07,Total | (1) + (2),89690.17478199993,Total | (1) + (2)
La Pampa,informacion_consolidada2025_5.xlsx,julio,2025,month,2025-07,Total | Recursos | Origen Nacional | (1),89690.17478199993,Total | Recursos | Origen Nacional | (1)
La Pampa,informacion_consolidada2025_5.xlsx,julio,2025,month,2025-07,Transfer. | De Servicios | Ley | Nº 24.049,1.6,Transfer. | De Servicios | Ley | Nº 24.049
La Pampa,informacion_consolidada2025_5.xlsx,julio,2025,month,2025-07,Vialidad | Provincial,552.0358,Vialidad | Provincial
La Pampa,informacion_consolidada2025_5.xlsx,agosto,2025,month,2025-08,C.F.I. | Neta De | Ley Nº 26.075,79373.5929,CFI | Neta
La Pampa,informacion_consolidada2025_5.xlsx,agosto,2025,month,2025-08,Compensación | Consenso Fiscal | II. a y b; II. d y e | (2),0.0,Compensación Consenso Fiscal
La Pampa,informacion_consolidada2025_5.xlsx,agosto,2025,month,2025-08,F.E.D.E.I.,129.72132270753178,F.E.D.E.I.
La Pampa,informacion_consolidada2025_5.xlsx,agosto,2025,month,2025-08,F.E.D.E.I.,172.12011129177324,F.E.D.E.I.
La Pampa,informacion_consolidada2025_5.xlsx,agosto,2025,month,2025-08,Financ. | Educativo | Ley Nº 26.075,7241.002302400032,Financiamiento Educativo
La Pampa,informacion_consolidada2025_5.xlsx,agosto,2025,month,2025-08,Fondo | Compens. | de | Desequilib.,2.5,Fondo | Compens. | de | Desequilib.
La Pampa,informacion_consolidada2025_5.xlsx,agosto,2025,month,2025-08,I.V.A. | Ley Nº 23.966 | Art. 5 | Punto 2,461.03409999999997,I.V.A. | Ley Nº 23.966 | Art. 5 | Punto 2
La Pampa,informacion_consolidada2025_5.xlsx,agosto,2025,month,2025-08,Impuesto a los Combustibles Líquidos | Ley Nº 23.966 y Nº 24.699 | Obras de | Infraestr.,225.8758,Impuesto a los Combustibles Líquidos | Ley Nº 23.966 y Nº 24.699 | Obras de | Infraestr.
La Pampa,informacion_consolidada2025_5.xlsx,agosto,2025,month,2025-08,Impuesto s/ | Los Activos | Fdo. Educ. | Ley Nº 23.906,0.07003456,Impuesto s/ | Los Activos | Fdo. Educ. | Ley Nº 23.906
La Pampa,informacion_consolidada2025_5.xlsx,agosto,2025,month,2025-08,Impuesto sobre los | Bienes Personales | Ley | Nº 24.699,1091.2488,Impuesto sobre los | Bienes Personales | Ley | Nº 24.699
La Pampa,informacion_consolidada2025_5.xlsx,agosto,2025,month,2025-08,Ley Nº 23.966 | Art. 30,87.8845,Ley Nº 23.966 | Art. 30
La Pampa,informacion_consolidada2025_5.xlsx,agosto,2025,month,2025-08,Ley Nº 24.464 | FO.NA.VI.,1174.2646000000002,Ley Nº 24.464 | FO.NA.VI.
La Pampa,informacion_consolidada2025_5.xlsx,agosto,2025,month,2025-08,Reg.Simplif. | P/Peq.Contrib. | Ley Nº 24.977 | Aart. 59 Inc. A,403.1204,Reg.Simplif. | P/Peq.Contrib. | Ley Nº 24.977 | Aart. 59 Inc. A
La Pampa,informacion_consolidada2025_5.xlsx,agosto,2025,month,2025-08,Régimen de la Energía Eléctrica | L E Y Nº 2 4 . 0 6 5 | Fdo. P/Comp. | Tarifa Elect.,387.01613798448477,Régimen de la Energía Eléctrica | L E Y Nº 2 4 . 0 6 5 | Fdo. P/Comp. | Tarifa Elect.
La Pampa,informacion_consolidada2025_5.xlsx,agosto,2025,month,2025-08,Subtotal,86614.59520240003,Subtotal
La Pampa,informacion_consolidada2025_5.xlsx,agosto,2025,month,2025-08,Subtotal,86616.19520240003,Subtotal
La Pampa,informacion_consolidada2025_5.xlsx,agosto,2025,month,2025-08,Total | (1) + (2),91405.40190894382,Total | (1) + (2)
La Pampa,informacion_consolidada2025_5.xlsx,agosto,2025,month,2025-08,Total | Recursos | Origen Nacional | (1),91405.40190894382,Total | Recursos | Origen Nacional | (1)
La Pampa,informacion_consolidada2025_5.xlsx,agosto,2025,month,2025-08,Transfer. | De Servicios | Ley | Nº 24.049,1.6,Transfer. | De Servicios | Ley | Nº 24.049
La Pampa,informacion_consolidada2025_5.xlsx,agosto,2025,month,2025-08,Vialidad | Provincial,654.3509,Vialidad | Provincial
La Pampa,informacion_consolidada2025_5.xlsx,septiembre,2025,month,2025-09,C.F.I. | Neta De | Ley Nº 26.075,77583.3856,CFI | Neta
La Pampa,informacion_consolidada2025_5.xlsx,septiembre,2025,month,2025-09,Compensación | Consenso Fiscal | II. a y b; II. d y e | (2),0.0,Compensación Consenso Fiscal
La Pampa,informacion_consolidada2025_5.xlsx,septiembre,2025,month,2025-09,F.E.D.E.I.,153.5647492529647,F.E.D.E.I.
La Pampa,informacion_consolidada2025_5.xlsx,septiembre,2025,month,2025-09,F.E.D.E.I.,214.30368266558133,F.E.D.E.I.
La Pampa,informacion_consolidada2025_5.xlsx,septiembre,2025,month,2025-09,Financ. | Educativo | Ley Nº 26.075,7965.10253264006,Financiamiento Educativo
La Pampa,informacion_consolidada2025_5.xlsx,septiembre,2025,month,2025-09,Fondo | Compens. | de | Desequilib.,2.5,Fondo | Compens. | de | Desequilib.
La Pampa,informacion_consolidada2025_5.xlsx,septiembre,2025,month,2025-09,I.V.A. | Ley Nº 23.966 | Art. 5 | Punto 2,482.0557,I.V.A. | Ley Nº 23.966 | Art. 5 | Punto 2
La Pampa,informacion_consolidada2025_5.xlsx,septiembre,2025,month,2025-09,Impuesto a los Combustibles Líquidos | Ley Nº 23.966 y Nº 24.699 | Obras de | Infraestr.,233.63389999999998,Impuesto a los Combustibles Líquidos | Ley Nº 23.966 y Nº 24.699 | Obras de | Infraestr.
La Pampa,informacion_consolidada2025_5.xlsx,septiembre,2025,month,2025-09,Impuesto s/ | Los Activos | Fdo. Educ. | Ley Nº 23.906,3.1000000000000005e-07,Impuesto s/ | Los Activos | Fdo. Educ. | Ley Nº 23.906
La Pampa,informacion_consolidada2025_5.xlsx,septiembre,2025,month,2025-09,Impuesto sobre los | Bienes Personales | Ley | Nº 24.699,978.0210999999999,Impuesto sobre los | Bienes Personales | Ley | Nº 24.699
La Pampa,informacion_consolidada2025_5.xlsx,septiembre,2025,month,2025-09,Ley Nº 23.966 | Art. 30,78.7657,Ley Nº 23.966 | Art. 30
La Pampa,informacion_consolidada2025_5.xlsx,septiembre,2025,month,2025-09,Ley Nº 24.464 | FO.NA.VI.,1214.5965,Ley Nº 24.464 | FO.NA.VI.
La Pampa,informacion_consolidada2025_5.xlsx,septiembre,2025,month,2025-09,Reg.Simplif. | P/Peq.Contrib. | Ley Nº 24.977 | Aart. 59 Inc. A,425.41790000000003,Reg.Simplif. | P/Peq.Contrib. | Ley Nº 24.977 | Aart. 59 Inc. A
La Pampa,informacion_consolidada2025_5.xlsx,septiembre,2025,month,2025-09,Régimen de la Energía Eléctrica | L E Y Nº 2 4 . 0 6 5 | Fdo. P/Comp. | Tarifa Elect.,481.86689516811725,Régimen de la Energía Eléctrica | L E Y Nº 2 4 . 0 6 5 | Fdo. P/Comp. | Tarifa Elect.
La Pampa,informacion_consolidada2025_5.xlsx,septiembre,2025,month,2025-09,Subtotal,85548.48813264005,Subtotal
La Pampa,informacion_consolidada2025_5.xlsx,septiembre,2025,month,2025-09,Subtotal,85550.08813264006,Subtotal
La Pampa,informacion_consolidada2025_5.xlsx,septiembre,2025,month,2025-09,Total | (1) + (2),90491.63986003672,Total | (1) + (2)
La Pampa,informacion_consolidada2025_5.xlsx,septiembre,2025,month,2025-09,Total | Recursos | Origen Nacional | (1),90491.63986003672,Total | Recursos | Origen Nacional | (1)
La Pampa,informacion_consolidada2025_5.xlsx,septiembre,2025,month,2025-09,Transfer. | De Servicios | Ley | Nº 24.049,1.6,Transfer. | De Servicios | Ley | Nº 24.049
La Pampa,informacion_consolidada2025_5.xlsx,septiembre,2025,month,2025-09,Vialidad | Provincial,676.8256,Vialidad | Provincial
La Pampa,informacion_consolidada2025_5.xlsx,octubre,2025,month,2025-10,C.F.I. | Neta De | Ley Nº 26.075,84254.5662,CFI | Neta
La Pampa,informacion_consolidada2025_5.xlsx,octubre,2025,month,2025-10,Compensación | Consenso Fiscal | II. a y b; II. d y e | (2),0.0,Compensación Consenso Fiscal
La Pampa,informacion_consolidada2025_5.xlsx,octubre,2025,month,2025-10,F.E.D.E.I.,158.86925600052157,F.E.D.E.I.
La Pampa,informacion_consolidada2025_5.xlsx,octubre,2025,month,2025-10,F.E.D.E.I.,210.224969165693,F.E.D.E.I.
La Pampa,informacion_consolidada2025_5.xlsx,octubre,2025,month,2025-10,Financ. | Educativo | Ley Nº 26.075,8327.152647760064,Financiamiento Educativo
La Pampa,informacion_consolidada2025_5.xlsx,octubre,2025,month,2025-10,Fondo | Compens. | de | Desequilib.,2.5,Fondo | Compens. | de | Desequilib.
La Pampa,informacion_consolidada2025_5.xlsx,octubre,2025,month,2025-10,I.V.A. | Ley Nº 23.966 | Art. 5 | Punto 2,503.8362,I.V.A. | Ley Nº 23.966 | Art. 5 | Punto 2
La Pampa,informacion_consolidada2025_5.xlsx,octubre,2025,month,2025-10,Impuesto a los Combustibles Líquidos | Ley Nº 23.966 y Nº 24.699 | Obras de | Infraestr.,224.3095,Impuesto a los Combustibles Líquidos | Ley Nº 23.966 y Nº 24.699 | Obras de | Infraestr.
La Pampa,informacion_consolidada2025_5.xlsx,octubre,2025,month,2025-10,Impuesto s/ | Los Activos | Fdo. Educ. | Ley Nº 23.906,1.28e-06,Impuesto s/ | Los Activos | Fdo. Educ. | Ley Nº 23.906
La Pampa,informacion_consolidada2025_5.xlsx,octubre,2025,month,2025-10,Impuesto sobre los | Bienes Personales | Ley | Nº 24.699,965.5816,Impuesto sobre los | Bienes Personales | Ley | Nº 24.699
La Pampa,informacion_consolidada2025_5.xlsx,octubre,2025,month,2025-10,Ley Nº 23.966 | Art. 30,77.7638,Ley Nº 23.966 | Art. 30
La Pampa,informacion_consolidada2025_5.xlsx,octubre,2025,month,2025-10,Ley Nº 24.464 | FO.NA.VI.,1166.1218000000001,Ley Nº 24.464 | FO.NA.VI.
La Pampa,informacion_consolidada2025_5.xlsx,octubre,2025,month,2025-10,Reg.Simplif. | P/Peq.Contrib. | Ley Nº 24.977 | Aart. 59 Inc. A,446.5331,Reg.Simplif. | P/Peq.Contrib. | Ley Nº 24.977 | Aart. 59 Inc. A
La Pampa,informacion_consolidada2025_5.xlsx,octubre,2025,month,2025-10,Régimen de la Energía Eléctrica | L E Y Nº 2 4 . 0 6 5 | Fdo. P/Comp. | Tarifa Elect.,472.69581146935803,Régimen de la Energía Eléctrica | L E Y Nº 2 4 . 0 6 5 | Fdo. P/Comp. | Tarifa Elect.
La Pampa,informacion_consolidada2025_5.xlsx,octubre,2025,month,2025-10,Subtotal,92581.71884776006,Subtotal
La Pampa,informacion_consolidada2025_5.xlsx,octubre,2025,month,2025-10,Subtotal,92583.31884776006,Subtotal
La Pampa,informacion_consolidada2025_5.xlsx,octubre,2025,month,2025-10,Total | (1) + (2),97461.56828567563,Total | (1) + (2)
La Pampa,informacion_consolidada2025_5.xlsx,octubre,2025,month,2025-10,Total | Recursos | Origen Nacional | (1),97461.56828567563,Total | Recursos | Origen Nacional | (1)
La Pampa,informacion_consolidada2025_5.xlsx,octubre,2025,month,2025-10,Transfer. | De Servicios | Ley | Nº 24.049,1.6,Transfer. | De Servicios | Ley | Nº 24.049
La Pampa,informacion_consolidada2025_5.xlsx,octubre,2025,month,2025-10,Vialidad | Provincial,649.8134,Vialidad | Provincial
La Pampa,informacion_consolidada2025_5.xlsx,noviembre,2025,month,2025-11,C.F.I. | Neta De | Ley Nº 26.075,83820.9054,CFI | Neta
La Pampa,informacion_consolidada2025_5.xlsx,noviembre,2025,month,2025-11,Compensación | Consenso Fiscal | II. a y b; II. d y e | (2),0.0,Compensación Consenso Fiscal
La Pampa,informacion_consolidada2025_5.xlsx,noviembre,2025,month,2025-11,F.E.D.E.I.,0.0,F.E.D.E.I.
La Pampa,informacion_consolidada2025_5.xlsx,noviembre,2025,month,2025-11,F.E.D.E.I.,0.0,F.E.D.E.I.
La Pampa,informacion_consolidada2025_5.xlsx,noviembre,2025,month,2025-11,Financ. | Educativo | Ley Nº 26.075,6154.851957040047,Financiamiento Educativo
La Pampa,informacion_consolidada2025_5.xlsx,noviembre,2025,month,2025-11,Fondo | Compens. | de | Desequilib.,2.5,Fondo | Compens. | de | Desequilib.
La Pampa,informacion_consolidada2025_5.xlsx,noviembre,2025,month,2025-11,I.V.A. | Ley Nº 23.966 | Art. 5 | Punto 2,471.9579,I.V.A. | Ley Nº 23.966 | Art. 5 | Punto 2
La Pampa,informacion_consolidada2025_5.xlsx,noviembre,2025,month,2025-11,Impuesto a los Combustibles Líquidos | Ley Nº 23.966 y Nº 24.699 | Obras de | Infraestr.,237.55970000000002,Impuesto a los Combustibles Líquidos | Ley Nº 23.966 y Nº 24.699 | Obras de | Infraestr.
La Pampa,informacion_consolidada2025_5.xlsx,noviembre,2025,month,2025-11,Impuesto s/ | Los Activos | Fdo. Educ. | Ley Nº 23.906,1.5699999999999998e-06,Impuesto s/ | Los Activos | Fdo. Educ. | Ley Nº 23.906
La Pampa,informacion_consolidada2025_5.xlsx,noviembre,2025,month,2025-11,Impuesto sobre los | Bienes Personales | Ley | Nº 24.699,583.4168000000001,Impuesto sobre los | Bienes Personales | Ley | Nº 24.699
La Pampa,informacion_consolidada2025_5.xlsx,noviembre,2025,month,2025-11,Ley Nº 23.966 | Art. 30,46.9859,Ley Nº 23.966 | Art. 30
La Pampa,informacion_consolidada2025_5.xlsx,noviembre,2025,month,2025-11,Ley Nº 24.464 | FO.NA.VI.,1235.006,Ley Nº 24.464 | FO.NA.VI.
La Pampa,informacion_consolidada2025_5.xlsx,noviembre,2025,month,2025-11,Reg.Simplif. | P/Peq.Contrib. | Ley Nº 24.977 | Aart. 59 Inc. A,440.432,Reg.Simplif. | P/Peq.Contrib. | Ley Nº 24.977 | Aart. 59 Inc. A
La Pampa,informacion_consolidada2025_5.xlsx,noviembre,2025,month,2025-11,Régimen de la Energía Eléctrica | L E Y Nº 2 4 . 0 6 5 | Fdo. P/Comp. | Tarifa Elect.,0.0,Régimen de la Energía Eléctrica | L E Y Nº 2 4 . 0 6 5 | Fdo. P/Comp. | Tarifa Elect.
La Pampa,informacion_consolidada2025_5.xlsx,noviembre,2025,month,2025-11,Subtotal,89975.75735704006,Subtotal
La Pampa,informacion_consolidada2025_5.xlsx,noviembre,2025,month,2025-11,Subtotal,89977.35735704006,Subtotal
La Pampa,informacion_consolidada2025_5.xlsx,noviembre,2025,month,2025-11,Total | (1) + (2),93683.41425861006,Total | (1) + (2)
La Pampa,informacion_consolidada2025_5.xlsx,noviembre,2025,month,2025-11,Total | Recursos | Origen Nacional | (1),93683.41425861006,Total | Recursos | Origen Nacional | (1)
La Pampa,informacion_consolidada2025_5.xlsx,noviembre,2025,month,2025-11,Transfer. | De Servicios | Ley | Nº 24.049,1.6,Transfer. | De Servicios | Ley | Nº 24.049
La Pampa,informacion_consolidada2025_5.xlsx,noviembre,2025,month,2025-11,Vialidad | Provincial,688.1985999999999,Vialidad | Provincial
La Pampa,informacion_consolidada2025_5.xlsx,diciembre,2025,month,2025-12,C.F.I. | Neta De | Ley Nº 26.075,86956.1799,CFI | Neta
La Pampa,informacion_consolidada2025_5.xlsx,diciembre,2025,month,2025-12,Compensación | Consenso Fiscal | II. a y b; II. d y e | (2),0.0,Compensación Consenso Fiscal
La Pampa,informacion_consolidada2025_5.xlsx,diciembre,2025,month,2025-12,F.E.D.E.I.,314.30356740421604,F.E.D.E.I.
La Pampa,informacion_consolidada2025_5.xlsx,diciembre,2025,month,2025-12,F.E.D.E.I.,450.4458091792672,F.E.D.E.I.
La Pampa,informacion_consolidada2025_5.xlsx,diciembre,2025,month,2025-12,Financ. | Educativo | Ley Nº 26.075,7603.05241752005,Financiamiento Educativo
La Pampa,informacion_consolidada2025_5.xlsx,diciembre,2025,month,2025-12,Fondo | Compens. | de | Desequilib.,2.5,Fondo | Compens. | de | Desequilib.
La Pampa,informacion_consolidada2025_5.xlsx,diciembre,2025,month,2025-12,I.V.A. | Ley Nº 23.966 | Art. 5 | Punto 2,482.9954,I.V.A. | Ley Nº 23.966 | Art. 5 | Punto 2
La Pampa,informacion_consolidada2025_5.xlsx,diciembre,2025,month,2025-12,Impuesto a los Combustibles Líquidos | Ley Nº 23.966 y Nº 24.699 | Obras de | Infraestr.,337.9447,Impuesto a los Combustibles Líquidos | Ley Nº 23.966 y Nº 24.699 | Obras de | Infraestr.
La Pampa,informacion_consolidada2025_5.xlsx,diciembre,2025,month,2025-12,Impuesto s/ | Los Activos | Fdo. Educ. | Ley Nº 23.906,0.00199062,Impuesto s/ | Los Activos | Fdo. Educ. | Ley Nº 23.906
La Pampa,informacion_consolidada2025_5.xlsx,diciembre,2025,month,2025-12,Impuesto sobre los | Bienes Personales | Ley | Nº 24.699,970.7178,Impuesto sobre los | Bienes Personales | Ley | Nº 24.699
La Pampa,informacion_consolidada2025_5.xlsx,diciembre,2025,month,2025-12,Ley Nº 23.966 | Art. 30,78.1775,Ley Nº 23.966 | Art. 30
La Pampa,informacion_consolidada2025_5.xlsx,diciembre,2025,month,2025-12,Ley Nº 24.464 | FO.NA.VI.,1756.8787,Ley Nº 24.464 | FO.NA.VI.
La Pampa,informacion_consolidada2025_5.xlsx,diciembre,2025,month,2025-12,Reg.Simplif. | P/Peq.Contrib. | Ley Nº 24.977 | Aart. 59 Inc. A,465.3874,Reg.Simplif. | P/Peq.Contrib. | Ley Nº 24.977 | Aart. 59 Inc. A
La Pampa,informacion_consolidada2025_5.xlsx,diciembre,2025,month,2025-12,Régimen de la Energía Eléctrica | L E Y Nº 2 4 . 0 6 5 | Fdo. P/Comp. | Tarifa Elect.,1012.8380474379677,Régimen de la Energía Eléctrica | L E Y Nº 2 4 . 0 6 5 | Fdo. P/Comp. | Tarifa Elect.
La Pampa,informacion_consolidada2025_5.xlsx,diciembre,2025,month,2025-12,Subtotal,94559.23231752006,Subtotal
La Pampa,informacion_consolidada2025_5.xlsx,diciembre,2025,month,2025-12,Subtotal,94560.83231752006,Subtotal
La Pampa,informacion_consolidada2025_5.xlsx,diciembre,2025,month,2025-12,Total | (1) + (2),101412.03193216154,Total | (1) + (2)
La Pampa,informacion_consolidada2025_5.xlsx,diciembre,2025,month,2025-12,Total | Recursos | Origen Nacional | (1),101412.03193216154,Total | Recursos | Origen Nacional | (1)
La Pampa,informacion_consolidada2025_5.xlsx,diciembre,2025,month,2025-12,Transfer. | De Servicios | Ley | Nº 24.049,1.6,Transfer. | De Servicios | Ley | Nº 24.049
La Pampa,informacion_consolidada2025_5.xlsx,diciembre,2025,month,2025-12,Vialidad | Provincial,979.0087,Vialidad | Provincial
La Pampa,informacion_consolidada2025_5.xlsx,CONS,2025,consolidated,CONS,C.F.I. | Neta De | Ley Nº 26.075,922421.2911,CFI | Neta
La Pampa,informacion_consolidada2025_5.xlsx,CONS,2025,consolidated,CONS,Compensación | Consenso Fiscal | II. a y b; II. d y e | (2),0.0,Compensación Consenso Fiscal
La Pampa,informacion_consolidada2025_5.xlsx,CONS,2025,consolidated,CONS,F.E.D.E.I.,1657.000547343542,F.E.D.E.I.
La Pampa,informacion_consolidada2025_5.xlsx,CONS,2025,consolidated,CONS,F.E.D.E.I.,2412.104733655401,F.E.D.E.I.
La Pampa,informacion_consolidada2025_5.xlsx,CONS,2025,consolidated,CONS,Financ. | Educativo | Ley Nº 26.075,87978.1779,Financiamiento Educativo
La Pampa,informacion_consolidada2025_5.xlsx,CONS,2025,consolidated,CONS,Fondo | Compens. | de | Desequilib.,30.0,Fondo | Compens. | de | Desequilib.
La Pampa,informacion_consolidada2025_5.xlsx,CONS,2025,consolidated,CONS,I.V.A. | Ley Nº 23.966 | Art. 5 | Punto 2,5372.351600000001,I.V.A. | Ley Nº 23.966 | Art. 5 | Punto 2
La Pampa,informacion_consolidada2025_5.xlsx,CONS,2025,consolidated,CONS,Impuesto a los Combustibles Líquidos | Ley Nº 23.966 y Nº 24.699 | Obras de | Infraestr.,2528.4221000000007,Impuesto a los Combustibles Líquidos | Ley Nº 23.966 y Nº 24.699 | Obras de | Infraestr.
La Pampa,informacion_consolidada2025_5.xlsx,CONS,2025,consolidated,CONS,Impuesto s/ | Los Activos | Fdo. Educ. | Ley Nº 23.906,0.072,Impuesto s/ | Los Activos | Fdo. Educ. | Ley Nº 23.906
La Pampa,informacion_consolidada2025_5.xlsx,CONS,2025,consolidated,CONS,Impuesto sobre los | Bienes Personales | Ley | Nº 24.699,19738.645100000005,Impuesto sobre los | Bienes Personales | Ley | Nº 24.699
La Pampa,informacion_consolidada2025_5.xlsx,CONS,2025,consolidated,CONS,Ley Nº 23.966 | Art. 30,1589.6666999999998,Ley Nº 23.966 | Art. 30
La Pampa,informacion_consolidada2025_5.xlsx,CONS,2025,consolidated,CONS,Ley Nº 24.464 | FO.NA.VI.,13144.5519,Ley Nº 24.464 | FO.NA.VI.
La Pampa,informacion_consolidada2025_5.xlsx,CONS,2025,consolidated,CONS,Reg.Simplif. | P/Peq.Contrib. | Ley Nº 24.977 | Aart. 59 Inc. A,3933.8976000000002,Reg.Simplif. | P/Peq.Contrib. | Ley Nº 24.977 | Aart. 59 Inc. A
La Pampa,informacion_consolidada2025_5.xlsx,CONS,2025,consolidated,CONS,Régimen de la Energía Eléctrica | L E Y Nº 2 4 . 0 6 5 | Fdo. P/Comp. | Tarifa Elect.,5426.1170999999995,Régimen de la Energía Eléctrica | L E Y Nº 2 4 . 0 6 5 | Fdo. P/Comp. | Tarifa Elect.
La Pampa,informacion_consolidada2025_5.xlsx,CONS,2025,consolidated,CONS,Subtotal,1010399.469,Subtotal
La Pampa,informacion_consolidada2025_5.xlsx,CONS,2025,consolidated,CONS,Subtotal,1010418.669,Subtotal
La Pampa,informacion_consolidada2025_5.xlsx,CONS,2025,consolidated,CONS,Total | (1) + (2),1073576.210080999,Total | (1) + (2)
La Pampa,informacion_consolidada2025_5.xlsx,CONS,2025,consolidated,CONS,Total | Recursos | Origen Nacional | (1),1073576.210080999,Total | Recursos | Origen Nacional | (1)
La Pampa,informacion_consolidada2025_5.xlsx,CONS,2025,consolidated,CONS,Transfer. | De Servicios | Ley | Nº 24.049,19.2,Transfer. | De Servicios | Ley | Nº 24.049
La Pampa,informacion_consolidada2025_5.xlsx,CONS,2025,consolidated,CONS,Vialidad | Provincial,7324.7117,Vialidad | Provincial
La Rioja,informacion_consolidada2025_5.xlsx,enero,2025,month,2025-01,C.F.I. | Neta De | Ley Nº 26.075,88629.1489,CFI | Neta
La Rioja,informacion_consolidada2025_5.xlsx,enero,2025,month,2025-01,Compensación | Consenso Fiscal | II. a y b; II. d y e | (2),823.270888,Compensación Consenso Fiscal
La Rioja,informacion_consolidada2025_5.xlsx,enero,2025,month,2025-01,F.E.D.E.I.,0.0,F.E.D.E.I.
La Rioja,informacion_consolidada2025_5.xlsx,enero,2025,month,2025-01,F.E.D.E.I.,0.0,F.E.D.E.I.
La Rioja,informacion_consolidada2025_5.xlsx,enero,2025,month,2025-01,Financ. | Educativo | Ley Nº 26.075,0.0,Financiamiento Educativo
La Rioja,informacion_consolidada2025_5.xlsx,enero,2025,month,2025-01,Fondo | Compens. | de | Desequilib.,2.2,Fondo | Compens. | de | Desequilib.
La Rioja,informacion_consolidada2025_5.xlsx,enero,2025,month,2025-01,I.V.A. | Ley Nº 23.966 | Art. 5 | Punto 2,0.0,I.V.A. | Ley Nº 23.966 | Art. 5 | Punto 2
La Rioja,informacion_consolidada2025_5.xlsx,enero,2025,month,2025-01,Impuesto a los Combustibles Líquidos | Ley Nº 23.966 y Nº 24.699 | Obras de | Infraestr.,153.92929999999998,Impuesto a los Combustibles Líquidos | Ley Nº 23.966 y Nº 24.699 | Obras de | Infraestr.
La Rioja,informacion_consolidada2025_5.xlsx,enero,2025,month,2025-01,Impuesto s/ | Los Activos | Fdo. Educ. | Ley Nº 23.906,0.0,Impuesto s/ | Los Activos | Fdo. Educ. | Ley Nº 23.906
La Rioja,informacion_consolidada2025_5.xlsx,enero,2025,month,2025-01,Impuesto sobre los | Bienes Personales | Ley | Nº 24.699,527.4001999999999,Impuesto sobre los | Bienes Personales | Ley | Nº 24.699
La Rioja,informacion_consolidada2025_5.xlsx,enero,2025,month,2025-01,Ley Nº 23.966 | Art. 30,0.0,Ley Nº 23.966 | Art. 30
La Rioja,informacion_consolidada2025_5.xlsx,enero,2025,month,2025-01,Ley Nº 24.464 | FO.NA.VI.,725.789,Ley Nº 24.464 | FO.NA.VI.
La Rioja,informacion_consolidada2025_5.xlsx,enero,2025,month,2025-01,Reg.Simplif. | P/Peq.Contrib. | Ley Nº 24.977 | Aart. 59 Inc. A,175.80960000000002,Reg.Simplif. | P/Peq.Contrib. | Ley Nº 24.977 | Aart. 59 Inc. A
La Rioja,informacion_consolidada2025_5.xlsx,enero,2025,month,2025-01,Régimen de la Energía Eléctrica | L E Y Nº 2 4 . 0 6 5 | Fdo. P/Comp. | Tarifa Elect.,0.0,Régimen de la Energía Eléctrica | L E Y Nº 2 4 . 0 6 5 | Fdo. P/Comp. | Tarifa Elect.
La Rioja,informacion_consolidada2025_5.xlsx,enero,2025,month,2025-01,Subtotal,88629.1489,Subtotal
La Rioja,informacion_consolidada2025_5.xlsx,enero,2025,month,2025-01,Subtotal,88630.8405,Subtotal
La Rioja,informacion_consolidada2025_5.xlsx,enero,2025,month,2025-01,Total | (1) + (2),91358.846888,Total | (1) + (2)
La Rioja,informacion_consolidada2025_5.xlsx,enero,2025,month,2025-01,Total | Recursos | Origen Nacional | (1),90535.576,Total | Recursos | Origen Nacional | (1)
La Rioja,informacion_consolidada2025_5.xlsx,enero,2025,month,2025-01,Transfer. | De Servicios | Ley | Nº 24.049,1.6916,Transfer. | De Servicios | Ley | Nº 24.049
La Rioja,informacion_consolidada2025_5.xlsx,enero,2025,month,2025-01,Vialidad | Provincial,319.60740000000004,Vialidad | Provincial
La Rioja,informacion_consolidada2025_5.xlsx,febrero,2025,month,2025-02,C.F.I. | Neta De | Ley Nº 26.075,81718.3326,CFI | Neta
La Rioja,informacion_consolidada2025_5.xlsx,febrero,2025,month,2025-02,Compensación | Consenso Fiscal | II. a y b; II. d y e | (2),748.4280799999999,Compensación Consenso Fiscal
La Rioja,informacion_consolidada2025_5.xlsx,febrero,2025,month,2025-02,F.E.D.E.I.,219.65949805000002,F.E.D.E.I.
La Rioja,informacion_consolidada2025_5.xlsx,febrero,2025,month,2025-02,F.E.D.E.I.,131.63996590993978,F.E.D.E.I.
La Rioja,informacion_consolidada2025_5.xlsx,febrero,2025,month,2025-02,Financ. | Educativo | Ley Nº 26.075,0.0,Financiamiento Educativo
La Rioja,informacion_consolidada2025_5.xlsx,febrero,2025,month,2025-02,Fondo | Compens. | de | Desequilib.,2.2,Fondo | Compens. | de | Desequilib.
La Rioja,informacion_consolidada2025_5.xlsx,febrero,2025,month,2025-02,I.V.A. | Ley Nº 23.966 | Art. 5 | Punto 2,0.0,I.V.A. | Ley Nº 23.966 | Art. 5 | Punto 2
La Rioja,informacion_consolidada2025_5.xlsx,febrero,2025,month,2025-02,Impuesto a los Combustibles Líquidos | Ley Nº 23.966 y Nº 24.699 | Obras de | Infraestr.,193.9035,Impuesto a los Combustibles Líquidos | Ley Nº 23.966 y Nº 24.699 | Obras de | Infraestr.
La Rioja,informacion_consolidada2025_5.xlsx,febrero,2025,month,2025-02,Impuesto s/ | Los Activos | Fdo. Educ. | Ley Nº 23.906,0.0,Impuesto s/ | Los Activos | Fdo. Educ. | Ley Nº 23.906
La Rioja,informacion_consolidada2025_5.xlsx,febrero,2025,month,2025-02,Impuesto sobre los | Bienes Personales | Ley | Nº 24.699,731.5039,Impuesto sobre los | Bienes Personales | Ley | Nº 24.699
La Rioja,informacion_consolidada2025_5.xlsx,febrero,2025,month,2025-02,Ley Nº 23.966 | Art. 30,0.0,Ley Nº 23.966 | Art. 30
La Rioja,informacion_consolidada2025_5.xlsx,febrero,2025,month,2025-02,Ley Nº 24.464 | FO.NA.VI.,914.2706999999999,Ley Nº 24.464 | FO.NA.VI.
La Rioja,informacion_consolidada2025_5.xlsx,febrero,2025,month,2025-02,Reg.Simplif. | P/Peq.Contrib. | Ley Nº 24.977 | Aart. 59 Inc. A,256.3926,Reg.Simplif. | P/Peq.Contrib. | Ley Nº 24.977 | Aart. 59 Inc. A
La Rioja,informacion_consolidada2025_5.xlsx,febrero,2025,month,2025-02,Régimen de la Energía Eléctrica | L E Y Nº 2 4 . 0 6 5 | Fdo. P/Comp. | Tarifa Elect.,206.82318510080543,Régimen de la Energía Eléctrica | L E Y Nº 2 4 . 0 6 5 | Fdo. P/Comp. | Tarifa Elect.
La Rioja,informacion_consolidada2025_5.xlsx,febrero,2025,month,2025-02,Subtotal,81718.3326,Subtotal
La Rioja,informacion_consolidada2025_5.xlsx,febrero,2025,month,2025-02,Subtotal,81720.0242,Subtotal
La Rioja,informacion_consolidada2025_5.xlsx,febrero,2025,month,2025-02,Total | (1) + (2),85527.45252906073,Total | (1) + (2)
La Rioja,informacion_consolidada2025_5.xlsx,febrero,2025,month,2025-02,Total | Recursos | Origen Nacional | (1),84779.02444906073,Total | Recursos | Origen Nacional | (1)
La Rioja,informacion_consolidada2025_5.xlsx,febrero,2025,month,2025-02,Transfer. | De Servicios | Ley | Nº 24.049,1.6916,Transfer. | De Servicios | Ley | Nº 24.049
La Rioja,informacion_consolidada2025_5.xlsx,febrero,2025,month,2025-02,Vialidad | Provincial,402.6069,Vialidad | Provincial
La Rioja,informacion_consolidada2025_5.xlsx,marzo,2025,month,2025-03,C.F.I. | Neta De | Ley Nº 26.075,70685.6532,CFI | Neta
La Rioja,informacion_consolidada2025_5.xlsx,marzo,2025,month,2025-03,Compensación | Consenso Fiscal | II. a y b; II. d y e | (2),673.585272,Compensación Consenso Fiscal
La Rioja,informacion_consolidada2025_5.xlsx,marzo,2025,month,2025-03,F.E.D.E.I.,127.42739609000002,F.E.D.E.I.
La Rioja,informacion_consolidada2025_5.xlsx,marzo,2025,month,2025-03,F.E.D.E.I.,223.28942882284704,F.E.D.E.I.
La Rioja,informacion_consolidada2025_5.xlsx,marzo,2025,month,2025-03,Financ. | Educativo | Ley Nº 26.075,3306.26897584,Financiamiento Educativo
La Rioja,informacion_consolidada2025_5.xlsx,marzo,2025,month,2025-03,Fondo | Compens. | de | Desequilib.,2.2,Fondo | Compens. | de | Desequilib.
La Rioja,informacion_consolidada2025_5.xlsx,marzo,2025,month,2025-03,I.V.A. | Ley Nº 23.966 | Art. 5 | Punto 2,0.0,I.V.A. | Ley Nº 23.966 | Art. 5 | Punto 2
La Rioja,informacion_consolidada2025_5.xlsx,marzo,2025,month,2025-03,Impuesto a los Combustibles Líquidos | Ley Nº 23.966 y Nº 24.699 | Obras de | Infraestr.,177.09570000000002,Impuesto a los Combustibles Líquidos | Ley Nº 23.966 y Nº 24.699 | Obras de | Infraestr.
La Rioja,informacion_consolidada2025_5.xlsx,marzo,2025,month,2025-03,Impuesto s/ | Los Activos | Fdo. Educ. | Ley Nº 23.906,0.0,Impuesto s/ | Los Activos | Fdo. Educ. | Ley Nº 23.906
La Rioja,informacion_consolidada2025_5.xlsx,marzo,2025,month,2025-03,Impuesto sobre los | Bienes Personales | Ley | Nº 24.699,334.4997,Impuesto sobre los | Bienes Personales | Ley | Nº 24.699
La Rioja,informacion_consolidada2025_5.xlsx,marzo,2025,month,2025-03,Ley Nº 23.966 | Art. 30,0.0,Ley Nº 23.966 | Art. 30
La Rioja,informacion_consolidada2025_5.xlsx,marzo,2025,month,2025-03,Ley Nº 24.464 | FO.NA.VI.,835.0201999999999,Ley Nº 24.464 | FO.NA.VI.
La Rioja,informacion_consolidada2025_5.xlsx,marzo,2025,month,2025-03,Reg.Simplif. | P/Peq.Contrib. | Ley Nº 24.977 | Aart. 59 Inc. A,275.82620000000003,Reg.Simplif. | P/Peq.Contrib. | Ley Nº 24.977 | Aart. 59 Inc. A
La Rioja,informacion_consolidada2025_5.xlsx,marzo,2025,month,2025-03,Régimen de la Energía Eléctrica | L E Y Nº 2 4 . 0 6 5 | Fdo. P/Comp. | Tarifa Elect.,355.53254033241717,Régimen de la Energía Eléctrica | L E Y Nº 2 4 . 0 6 5 | Fdo. P/Comp. | Tarifa Elect.
La Rioja,informacion_consolidada2025_5.xlsx,marzo,2025,month,2025-03,Subtotal,73991.92217584,Subtotal
La Rioja,informacion_consolidada2025_5.xlsx,marzo,2025,month,2025-03,Subtotal,73993.61377584,Subtotal
La Rioja,informacion_consolidada2025_5.xlsx,marzo,2025,month,2025-03,Total | (1) + (2),77365.79851308526,Total | (1) + (2)
La Rioja,informacion_consolidada2025_5.xlsx,marzo,2025,month,2025-03,Total | Recursos | Origen Nacional | (1),76692.21324108526,Total | Recursos | Origen Nacional | (1)
La Rioja,informacion_consolidada2025_5.xlsx,marzo,2025,month,2025-03,Transfer. | De Servicios | Ley | Nº 24.049,1.6916,Transfer. | De Servicios | Ley | Nº 24.049
La Rioja,informacion_consolidada2025_5.xlsx,marzo,2025,month,2025-03,Vialidad | Provincial,367.7083,Vialidad | Provincial
La Rioja,informacion_consolidada2025_5.xlsx,abril,2025,month,2025-04,C.F.I. | Neta De | Ley Nº 26.075,66316.6985,CFI | Neta
La Rioja,informacion_consolidada2025_5.xlsx,abril,2025,month,2025-04,Compensación | Consenso Fiscal | II. a y b; II. d y e | (2),817.4244030000001,Compensación Consenso Fiscal
La Rioja,informacion_consolidada2025_5.xlsx,abril,2025,month,2025-04,F.E.D.E.I.,160.69773184165268,F.E.D.E.I.
La Rioja,informacion_consolidada2025_5.xlsx,abril,2025,month,2025-04,F.E.D.E.I.,192.59401192903633,F.E.D.E.I.
La Rioja,informacion_consolidada2025_5.xlsx,abril,2025,month,2025-04,Financ. | Educativo | Ley Nº 26.075,13225.075903359992,Financiamiento Educativo
La Rioja,informacion_consolidada2025_5.xlsx,abril,2025,month,2025-04,Fondo | Compens. | de | Desequilib.,2.2,Fondo | Compens. | de | Desequilib.
La Rioja,informacion_consolidada2025_5.xlsx,abril,2025,month,2025-04,I.V.A. | Ley Nº 23.966 | Art. 5 | Punto 2,0.0,I.V.A. | Ley Nº 23.966 | Art. 5 | Punto 2
La Rioja,informacion_consolidada2025_5.xlsx,abril,2025,month,2025-04,Impuesto a los Combustibles Líquidos | Ley Nº 23.966 y Nº 24.699 | Obras de | Infraestr.,196.63989999999998,Impuesto a los Combustibles Líquidos | Ley Nº 23.966 y Nº 24.699 | Obras de | Infraestr.
La Rioja,informacion_consolidada2025_5.xlsx,abril,2025,month,2025-04,Impuesto s/ | Los Activos | Fdo. Educ. | Ley Nº 23.906,0.0,Impuesto s/ | Los Activos | Fdo. Educ. | Ley Nº 23.906
La Rioja,informacion_consolidada2025_5.xlsx,abril,2025,month,2025-04,Impuesto sobre los | Bienes Personales | Ley | Nº 24.699,625.4926999999999,Impuesto sobre los | Bienes Personales | Ley | Nº 24.699
La Rioja,informacion_consolidada2025_5.xlsx,abril,2025,month,2025-04,Ley Nº 23.966 | Art. 30,0.0,Ley Nº 23.966 | Art. 30
La Rioja,informacion_consolidada2025_5.xlsx,abril,2025,month,2025-04,Ley Nº 24.464 | FO.NA.VI.,927.1731,Ley Nº 24.464 | FO.NA.VI.
La Rioja,informacion_consolidada2025_5.xlsx,abril,2025,month,2025-04,Reg.Simplif. | P/Peq.Contrib. | Ley Nº 24.977 | Aart. 59 Inc. A,282.5885,Reg.Simplif. | P/Peq.Contrib. | Ley Nº 24.977 | Aart. 59 Inc. A
La Rioja,informacion_consolidada2025_5.xlsx,abril,2025,month,2025-04,Régimen de la Energía Eléctrica | L E Y Nº 2 4 . 0 6 5 | Fdo. P/Comp. | Tarifa Elect.,327.8332769333363,Régimen de la Energía Eléctrica | L E Y Nº 2 4 . 0 6 5 | Fdo. P/Comp. | Tarifa Elect.
La Rioja,informacion_consolidada2025_5.xlsx,abril,2025,month,2025-04,Subtotal,79541.77440335999,Subtotal
La Rioja,informacion_consolidada2025_5.xlsx,abril,2025,month,2025-04,Subtotal,79543.46600336,Subtotal
La Rioja,informacion_consolidada2025_5.xlsx,abril,2025,month,2025-04,Total | (1) + (2),83484.39812706399,Total | (1) + (2)
La Rioja,informacion_consolidada2025_5.xlsx,abril,2025,month,2025-04,Total | Recursos | Origen Nacional | (1),82666.973724064,Total | Recursos | Origen Nacional | (1)
La Rioja,informacion_consolidada2025_5.xlsx,abril,2025,month,2025-04,Transfer. | De Servicios | Ley | Nº 24.049,1.6916,Transfer. | De Servicios | Ley | Nº 24.049
La Rioja,informacion_consolidada2025_5.xlsx,abril,2025,month,2025-04,Vialidad | Provincial,408.2885,Vialidad | Provincial
La Rioja,informacion_consolidada2025_5.xlsx,mayo,2025,month,2025-05,C.F.I. | Neta De | Ley Nº 26.075,89713.3731,CFI | Neta
La Rioja,informacion_consolidada2025_5.xlsx,mayo,2025,month,2025-05,Compensación | Consenso Fiscal | II. a y b; II. d y e | (2),860.44674,Compensación Consenso Fiscal
La Rioja,informacion_consolidada2025_5.xlsx,mayo,2025,month,2025-05,F.E.D.E.I.,309.8026692028705,F.E.D.E.I.
La Rioja,informacion_consolidada2025_5.xlsx,mayo,2025,month,2025-05,F.E.D.E.I.,716.7204968406512,F.E.D.E.I.
La Rioja,informacion_consolidada2025_5.xlsx,mayo,2025,month,2025-05,Financ. | Educativo | Ley Nº 26.075,13638.359525339993,Financiamiento Educativo
La Rioja,informacion_consolidada2025_5.xlsx,mayo,2025,month,2025-05,Fondo | Compens. | de | Desequilib.,2.2,Fondo | Compens. | de | Desequilib.
La Rioja,informacion_consolidada2025_5.xlsx,mayo,2025,month,2025-05,I.V.A. | Ley Nº 23.966 | Art. 5 | Punto 2,0.0,I.V.A. | Ley Nº 23.966 | Art. 5 | Punto 2
La Rioja,informacion_consolidada2025_5.xlsx,mayo,2025,month,2025-05,Impuesto a los Combustibles Líquidos | Ley Nº 23.966 y Nº 24.699 | Obras de | Infraestr.,213.95860000000002,Impuesto a los Combustibles Líquidos | Ley Nº 23.966 y Nº 24.699 | Obras de | Infraestr.
La Rioja,informacion_consolidada2025_5.xlsx,mayo,2025,month,2025-05,Impuesto s/ | Los Activos | Fdo. Educ. | Ley Nº 23.906,0.0,Impuesto s/ | Los Activos | Fdo. Educ. | Ley Nº 23.906
La Rioja,informacion_consolidada2025_5.xlsx,mayo,2025,month,2025-05,Impuesto sobre los | Bienes Personales | Ley | Nº 24.699,431.8904,Impuesto sobre los | Bienes Personales | Ley | Nº 24.699
La Rioja,informacion_consolidada2025_5.xlsx,mayo,2025,month,2025-05,Ley Nº 23.966 | Art. 30,0.0,Ley Nº 23.966 | Art. 30
La Rioja,informacion_consolidada2025_5.xlsx,mayo,2025,month,2025-05,Ley Nº 24.464 | FO.NA.VI.,1008.8317,Ley Nº 24.464 | FO.NA.VI.
La Rioja,informacion_consolidada2025_5.xlsx,mayo,2025,month,2025-05,Reg.Simplif. | P/Peq.Contrib. | Ley Nº 24.977 | Aart. 59 Inc. A,296.6143,Reg.Simplif. | P/Peq.Contrib. | Ley Nº 24.977 | Aart. 59 Inc. A
La Rioja,informacion_consolidada2025_5.xlsx,mayo,2025,month,2025-05,Régimen de la Energía Eléctrica | L E Y Nº 2 4 . 0 6 5 | Fdo. P/Comp. | Tarifa Elect.,553.7206788722671,Régimen de la Energía Eléctrica | L E Y Nº 2 4 . 0 6 5 | Fdo. P/Comp. | Tarifa Elect.
La Rioja,informacion_consolidada2025_5.xlsx,mayo,2025,month,2025-05,Subtotal,103351.73262534,Subtotal
La Rioja,informacion_consolidada2025_5.xlsx,mayo,2025,month,2025-05,Subtotal,103353.42422534,Subtotal
La Rioja,informacion_consolidada2025_5.xlsx,mayo,2025,month,2025-05,Total | (1) + (2),108191.85741025578,Total | (1) + (2)
La Rioja,informacion_consolidada2025_5.xlsx,mayo,2025,month,2025-05,Total | Recursos | Origen Nacional | (1),107331.41067025578,Total | Recursos | Origen Nacional | (1)
La Rioja,informacion_consolidada2025_5.xlsx,mayo,2025,month,2025-05,Transfer. | De Servicios | Ley | Nº 24.049,1.6916,Transfer. | De Servicios | Ley | Nº 24.049
La Rioja,informacion_consolidada2025_5.xlsx,mayo,2025,month,2025-05,Vialidad | Provincial,444.2476,Vialidad | Provincial
La Rioja,informacion_consolidada2025_5.xlsx,junio,2025,month,2025-06,C.F.I. | Neta De | Ley Nº 26.075,74353.8067,CFI | Neta
La Rioja,informacion_consolidada2025_5.xlsx,junio,2025,month,2025-06,Compensación | Consenso Fiscal | II. a y b; II. d y e | (2),817.4244030000001,Compensación Consenso Fiscal
La Rioja,informacion_consolidada2025_5.xlsx,junio,2025,month,2025-06,F.E.D.E.I.,177.28287588961965,F.E.D.E.I.
La Rioja,informacion_consolidada2025_5.xlsx,junio,2025,month,2025-06,F.E.D.E.I.,205.4741992996342,F.E.D.E.I.
La Rioja,informacion_consolidada2025_5.xlsx,junio,2025,month,2025-06,Financ. | Educativo | Ley Nº 26.075,13225.07590335999,Financiamiento Educativo
La Rioja,informacion_consolidada2025_5.xlsx,junio,2025,month,2025-06,Fondo | Compens. | de | Desequilib.,2.2,Fondo | Compens. | de | Desequilib.
La Rioja,informacion_consolidada2025_5.xlsx,junio,2025,month,2025-06,I.V.A. | Ley Nº 23.966 | Art. 5 | Punto 2,0.0,I.V.A. | Ley Nº 23.966 | Art. 5 | Punto 2
La Rioja,informacion_consolidada2025_5.xlsx,junio,2025,month,2025-06,Impuesto a los Combustibles Líquidos | Ley Nº 23.966 y Nº 24.699 | Obras de | Infraestr.,231.0746,Impuesto a los Combustibles Líquidos | Ley Nº 23.966 y Nº 24.699 | Obras de | Infraestr.
La Rioja,informacion_consolidada2025_5.xlsx,junio,2025,month,2025-06,Impuesto s/ | Los Activos | Fdo. Educ. | Ley Nº 23.906,0.0,Impuesto s/ | Los Activos | Fdo. Educ. | Ley Nº 23.906
La Rioja,informacion_consolidada2025_5.xlsx,junio,2025,month,2025-06,Impuesto sobre los | Bienes Personales | Ley | Nº 24.699,12591.5942,Impuesto sobre los | Bienes Personales | Ley | Nº 24.699
La Rioja,informacion_consolidada2025_5.xlsx,junio,2025,month,2025-06,Ley Nº 23.966 | Art. 30,0.0,Ley Nº 23.966 | Art. 30
La Rioja,informacion_consolidada2025_5.xlsx,junio,2025,month,2025-06,Ley Nº 24.464 | FO.NA.VI.,1089.5352,Ley Nº 24.464 | FO.NA.VI.
La Rioja,informacion_consolidada2025_5.xlsx,junio,2025,month,2025-06,Reg.Simplif. | P/Peq.Contrib. | Ley Nº 24.977 | Aart. 59 Inc. A,302.7522,Reg.Simplif. | P/Peq.Contrib. | Ley Nº 24.977 | Aart. 59 Inc. A
La Rioja,informacion_consolidada2025_5.xlsx,junio,2025,month,2025-06,Régimen de la Energía Eléctrica | L E Y Nº 2 4 . 0 6 5 | Fdo. P/Comp. | Tarifa Elect.,945.1686555490821,Régimen de la Energía Eléctrica | L E Y Nº 2 4 . 0 6 5 | Fdo. P/Comp. | Tarifa Elect.
La Rioja,informacion_consolidada2025_5.xlsx,junio,2025,month,2025-06,Subtotal,87578.88260335999,Subtotal
La Rioja,informacion_consolidada2025_5.xlsx,junio,2025,month,2025-06,Subtotal,87580.57420336,Subtotal
La Rioja,informacion_consolidada2025_5.xlsx,junio,2025,month,2025-06,Total | (1) + (2),104422.86663709834,Total | (1) + (2)
La Rioja,informacion_consolidada2025_5.xlsx,junio,2025,month,2025-06,Total | Recursos | Origen Nacional | (1),103605.44223409834,Total | Recursos | Origen Nacional | (1)
La Rioja,informacion_consolidada2025_5.xlsx,junio,2025,month,2025-06,Transfer. | De Servicios | Ley | Nº 24.049,1.6916,Transfer. | De Servicios | Ley | Nº 24.049
La Rioja,informacion_consolidada2025_5.xlsx,junio,2025,month,2025-06,Vialidad | Provincial,479.7861,Vialidad | Provincial
La Rioja,informacion_consolidada2025_5.xlsx,julio,2025,month,2025-07,C.F.I. | Neta De | Ley Nº 26.075,77588.3055,CFI | Neta
La Rioja,informacion_consolidada2025_5.xlsx,julio,2025,month,2025-07,Compensación | Consenso Fiscal | II. a y b; II. d y e | (2),1359.267888,Compensación Consenso Fiscal
La Rioja,informacion_consolidada2025_5.xlsx,julio,2025,month,2025-07,F.E.D.E.I.,191.61305670769664,F.E.D.E.I.
La Rioja,informacion_consolidada2025_5.xlsx,julio,2025,month,2025-07,F.E.D.E.I.,328.7124958407246,F.E.D.E.I.
La Rioja,informacion_consolidada2025_5.xlsx,julio,2025,month,2025-07,Financ. | Educativo | Ley Nº 26.075,14464.926769300004,Financiamiento Educativo
La Rioja,informacion_consolidada2025_5.xlsx,julio,2025,month,2025-07,Fondo | Compens. | de | Desequilib.,2.2,Fondo | Compens. | de | Desequilib.
La Rioja,informacion_consolidada2025_5.xlsx,julio,2025,month,2025-07,I.V.A. | Ley Nº 23.966 | Art. 5 | Punto 2,0.0,I.V.A. | Ley Nº 23.966 | Art. 5 | Punto 2
La Rioja,informacion_consolidada2025_5.xlsx,julio,2025,month,2025-07,Impuesto a los Combustibles Líquidos | Ley Nº 23.966 y Nº 24.699 | Obras de | Infraestr.,206.4855,Impuesto a los Combustibles Líquidos | Ley Nº 23.966 y Nº 24.699 | Obras de | Infraestr.
La Rioja,informacion_consolidada2025_5.xlsx,julio,2025,month,2025-07,Impuesto s/ | Los Activos | Fdo. Educ. | Ley Nº 23.906,0.0,Impuesto s/ | Los Activos | Fdo. Educ. | Ley Nº 23.906
La Rioja,informacion_consolidada2025_5.xlsx,julio,2025,month,2025-07,Impuesto sobre los | Bienes Personales | Ley | Nº 24.699,1143.7253,Impuesto sobre los | Bienes Personales | Ley | Nº 24.699
La Rioja,informacion_consolidada2025_5.xlsx,julio,2025,month,2025-07,Ley Nº 23.966 | Art. 30,0.0,Ley Nº 23.966 | Art. 30
La Rioja,informacion_consolidada2025_5.xlsx,julio,2025,month,2025-07,Ley Nº 24.464 | FO.NA.VI.,973.5956,Ley Nº 24.464 | FO.NA.VI.
La Rioja,informacion_consolidada2025_5.xlsx,julio,2025,month,2025-07,Reg.Simplif. | P/Peq.Contrib. | Ley Nº 24.977 | Aart. 59 Inc. A,306.11,Reg.Simplif. | P/Peq.Contrib. | Ley Nº 24.977 | Aart. 59 Inc. A
La Rioja,informacion_consolidada2025_5.xlsx,julio,2025,month,2025-07,Régimen de la Energía Eléctrica | L E Y Nº 2 4 . 0 6 5 | Fdo. P/Comp. | Tarifa Elect.,496.131020952762,Régimen de la Energía Eléctrica | L E Y Nº 2 4 . 0 6 5 | Fdo. P/Comp. | Tarifa Elect.
La Rioja,informacion_consolidada2025_5.xlsx,julio,2025,month,2025-07,Subtotal,92053.2322693,Subtotal
La Rioja,informacion_consolidada2025_5.xlsx,julio,2025,month,2025-07,Subtotal,92054.92386930001,Subtotal
La Rioja,informacion_consolidada2025_5.xlsx,julio,2025,month,2025-07,Total | (1) + (2),97491.49583080118,Total | (1) + (2)
La Rioja,informacion_consolidada2025_5.xlsx,julio,2025,month,2025-07,Total | Recursos | Origen Nacional | (1),96132.22794280118,Total | Recursos | Origen Nacional | (1)
La Rioja,informacion_consolidada2025_5.xlsx,julio,2025,month,2025-07,Transfer. | De Servicios | Ley | Nº 24.049,1.6916,Transfer. | De Servicios | Ley | Nº 24.049
La Rioja,informacion_consolidada2025_5.xlsx,julio,2025,month,2025-07,Vialidad | Provincial,428.73109999999997,Vialidad | Provincial
La Rioja,informacion_consolidada2025_5.xlsx,agosto,2025,month,2025-08,C.F.I. | Neta De | Ley Nº 26.075,85412.8092,CFI | Neta
La Rioja,informacion_consolidada2025_5.xlsx,agosto,2025,month,2025-08,Compensación | Consenso Fiscal | II. a y b; II. d y e | (2),1235.6980800000001,Compensación Consenso Fiscal
La Rioja,informacion_consolidada2025_5.xlsx,agosto,2025,month,2025-08,F.E.D.E.I.,170.91066621243468,F.E.D.E.I.
La Rioja,informacion_consolidada2025_5.xlsx,agosto,2025,month,2025-08,F.E.D.E.I.,226.77199301200886,F.E.D.E.I.
La Rioja,informacion_consolidada2025_5.xlsx,agosto,2025,month,2025-08,Financ. | Educativo | Ley Nº 26.075,8265.672439600066,Financiamiento Educativo
La Rioja,informacion_consolidada2025_5.xlsx,agosto,2025,month,2025-08,Fondo | Compens. | de | Desequilib.,2.2,Fondo | Compens. | de | Desequilib.
La Rioja,informacion_consolidada2025_5.xlsx,agosto,2025,month,2025-08,I.V.A. | Ley Nº 23.966 | Art. 5 | Punto 2,0.0,I.V.A. | Ley Nº 23.966 | Art. 5 | Punto 2
La Rioja,informacion_consolidada2025_5.xlsx,agosto,2025,month,2025-08,Impuesto a los Combustibles Líquidos | Ley Nº 23.966 y Nº 24.699 | Obras de | Infraestr.,244.1147,Impuesto a los Combustibles Líquidos | Ley Nº 23.966 y Nº 24.699 | Obras de | Infraestr.
La Rioja,informacion_consolidada2025_5.xlsx,agosto,2025,month,2025-08,Impuesto s/ | Los Activos | Fdo. Educ. | Ley Nº 23.906,0.06684324000000001,Impuesto s/ | Los Activos | Fdo. Educ. | Ley Nº 23.906
La Rioja,informacion_consolidada2025_5.xlsx,agosto,2025,month,2025-08,Impuesto sobre los | Bienes Personales | Ley | Nº 24.699,1180.3103,Impuesto sobre los | Bienes Personales | Ley | Nº 24.699
La Rioja,informacion_consolidada2025_5.xlsx,agosto,2025,month,2025-08,Ley Nº 23.966 | Art. 30,0.0,Ley Nº 23.966 | Art. 30
La Rioja,informacion_consolidada2025_5.xlsx,agosto,2025,month,2025-08,Ley Nº 24.464 | FO.NA.VI.,1151.0203000000001,Ley Nº 24.464 | FO.NA.VI.
La Rioja,informacion_consolidada2025_5.xlsx,agosto,2025,month,2025-08,Reg.Simplif. | P/Peq.Contrib. | Ley Nº 24.977 | Aart. 59 Inc. A,436.0245,Reg.Simplif. | P/Peq.Contrib. | Ley Nº 24.977 | Aart. 59 Inc. A
La Rioja,informacion_consolidada2025_5.xlsx,agosto,2025,month,2025-08,Régimen de la Energía Eléctrica | L E Y Nº 2 4 . 0 6 5 | Fdo. P/Comp. | Tarifa Elect.,346.2562178912511,Régimen de la Energía Eléctrica | L E Y Nº 2 4 . 0 6 5 | Fdo. P/Comp. | Tarifa Elect.
La Rioja,informacion_consolidada2025_5.xlsx,agosto,2025,month,2025-08,Subtotal,93678.48163960007,Subtotal
La Rioja,informacion_consolidada2025_5.xlsx,agosto,2025,month,2025-08,Subtotal,93680.17323960007,Subtotal
La Rioja,informacion_consolidada2025_5.xlsx,agosto,2025,month,2025-08,Total | (1) + (2),99180.40843995578,Total | (1) + (2)
La Rioja,informacion_consolidada2025_5.xlsx,agosto,2025,month,2025-08,Total | Recursos | Origen Nacional | (1),97944.71035995577,Total | Recursos | Origen Nacional | (1)
La Rioja,informacion_consolidada2025_5.xlsx,agosto,2025,month,2025-08,Transfer. | De Servicios | Ley | Nº 24.049,1.6916,Transfer. | De Servicios | Ley | Nº 24.049
La Rioja,informacion_consolidada2025_5.xlsx,agosto,2025,month,2025-08,Vialidad | Provincial,506.86159999999995,Vialidad | Provincial
La Rioja,informacion_consolidada2025_5.xlsx,septiembre,2025,month,2025-09,C.F.I. | Neta De | Ley Nº 26.075,83410.94859999999,CFI | Neta
La Rioja,informacion_consolidada2025_5.xlsx,septiembre,2025,month,2025-09,Compensación | Consenso Fiscal | II. a y b; II. d y e | (2),1359.267888,Compensación Consenso Fiscal
La Rioja,informacion_consolidada2025_5.xlsx,septiembre,2025,month,2025-09,F.E.D.E.I.,202.3248996469062,F.E.D.E.I.
La Rioja,informacion_consolidada2025_5.xlsx,septiembre,2025,month,2025-09,F.E.D.E.I.,282.3497664825582,F.E.D.E.I.
La Rioja,informacion_consolidada2025_5.xlsx,septiembre,2025,month,2025-09,Financ. | Educativo | Ley Nº 26.075,9092.239683560074,Financiamiento Educativo
La Rioja,informacion_consolidada2025_5.xlsx,septiembre,2025,month,2025-09,Fondo | Compens. | de | Desequilib.,2.2,Fondo | Compens. | de | Desequilib.
La Rioja,informacion_consolidada2025_5.xlsx,septiembre,2025,month,2025-09,I.V.A. | Ley Nº 23.966 | Art. 5 | Punto 2,0.0,I.V.A. | Ley Nº 23.966 | Art. 5 | Punto 2
La Rioja,informacion_consolidada2025_5.xlsx,septiembre,2025,month,2025-09,Impuesto a los Combustibles Líquidos | Ley Nº 23.966 y Nº 24.699 | Obras de | Infraestr.,252.5012,Impuesto a los Combustibles Líquidos | Ley Nº 23.966 y Nº 24.699 | Obras de | Infraestr.
La Rioja,informacion_consolidada2025_5.xlsx,septiembre,2025,month,2025-09,Impuesto s/ | Los Activos | Fdo. Educ. | Ley Nº 23.906,0.0,Impuesto s/ | Los Activos | Fdo. Educ. | Ley Nº 23.906
La Rioja,informacion_consolidada2025_5.xlsx,septiembre,2025,month,2025-09,Impuesto sobre los | Bienes Personales | Ley | Nº 24.699,1057.8415,Impuesto sobre los | Bienes Personales | Ley | Nº 24.699
La Rioja,informacion_consolidada2025_5.xlsx,septiembre,2025,month,2025-09,Ley Nº 23.966 | Art. 30,0.0,Ley Nº 23.966 | Art. 30
La Rioja,informacion_consolidada2025_5.xlsx,septiembre,2025,month,2025-09,Ley Nº 24.464 | FO.NA.VI.,1190.5636000000002,Ley Nº 24.464 | FO.NA.VI.
La Rioja,informacion_consolidada2025_5.xlsx,septiembre,2025,month,2025-09,Reg.Simplif. | P/Peq.Contrib. | Ley Nº 24.977 | Aart. 59 Inc. A,460.142,Reg.Simplif. | P/Peq.Contrib. | Ley Nº 24.977 | Aart. 59 Inc. A
La Rioja,informacion_consolidada2025_5.xlsx,septiembre,2025,month,2025-09,Régimen de la Energía Eléctrica | L E Y Nº 2 4 . 0 6 5 | Fdo. P/Comp. | Tarifa Elect.,433.2789943327479,Régimen de la Energía Eléctrica | L E Y Nº 2 4 . 0 6 5 | Fdo. P/Comp. | Tarifa Elect.
La Rioja,informacion_consolidada2025_5.xlsx,septiembre,2025,month,2025-09,Subtotal,92503.18828356007,Subtotal
La Rioja,informacion_consolidada2025_5.xlsx,septiembre,2025,month,2025-09,Subtotal,92504.87988356008,Subtotal
La Rioja,informacion_consolidada2025_5.xlsx,septiembre,2025,month,2025-09,Total | (1) + (2),98269.62453202228,Total | (1) + (2)
La Rioja,informacion_consolidada2025_5.xlsx,septiembre,2025,month,2025-09,Total | Recursos | Origen Nacional | (1),96910.35664402228,Total | Recursos | Origen Nacional | (1)
La Rioja,informacion_consolidada2025_5.xlsx,septiembre,2025,month,2025-09,Transfer. | De Servicios | Ley | Nº 24.049,1.6916,Transfer. | De Servicios | Ley | Nº 24.049
La Rioja,informacion_consolidada2025_5.xlsx,septiembre,2025,month,2025-09,Vialidad | Provincial,524.2748,Vialidad | Provincial
La Rioja,informacion_consolidada2025_5.xlsx,octubre,2025,month,2025-10,C.F.I. | Neta De | Ley Nº 26.075,90615.1867,CFI | Neta
La Rioja,informacion_consolidada2025_5.xlsx,octubre,2025,month,2025-10,Compensación | Consenso Fiscal | II. a y b; II. d y e | (2),1574.5790279999999,Compensación Consenso Fiscal
La Rioja,informacion_consolidada2025_5.xlsx,octubre,2025,month,2025-10,F.E.D.E.I.,209.31370275799202,F.E.D.E.I.
La Rioja,informacion_consolidada2025_5.xlsx,octubre,2025,month,2025-10,F.E.D.E.I.,276.9759726703035,F.E.D.E.I.
La Rioja,informacion_consolidada2025_5.xlsx,octubre,2025,month,2025-10,Financ. | Educativo | Ley Nº 26.075,9505.523305540077,Financiamiento Educativo
La Rioja,informacion_consolidada2025_5.xlsx,octubre,2025,month,2025-10,Fondo | Compens. | de | Desequilib.,2.2,Fondo | Compens. | de | Desequilib.
La Rioja,informacion_consolidada2025_5.xlsx,octubre,2025,month,2025-10,I.V.A. | Ley Nº 23.966 | Art. 5 | Punto 2,0.0,I.V.A. | Ley Nº 23.966 | Art. 5 | Punto 2
La Rioja,informacion_consolidada2025_5.xlsx,octubre,2025,month,2025-10,Impuesto a los Combustibles Líquidos | Ley Nº 23.966 y Nº 24.699 | Obras de | Infraestr.,242.619,Impuesto a los Combustibles Líquidos | Ley Nº 23.966 y Nº 24.699 | Obras de | Infraestr.
La Rioja,informacion_consolidada2025_5.xlsx,octubre,2025,month,2025-10,Impuesto s/ | Los Activos | Fdo. Educ. | Ley Nº 23.906,0.0,Impuesto s/ | Los Activos | Fdo. Educ. | Ley Nº 23.906
La Rioja,informacion_consolidada2025_5.xlsx,octubre,2025,month,2025-10,Impuesto sobre los | Bienes Personales | Ley | Nº 24.699,1044.3903,Impuesto sobre los | Bienes Personales | Ley | Nº 24.699
La Rioja,informacion_consolidada2025_5.xlsx,octubre,2025,month,2025-10,Ley Nº 23.966 | Art. 30,0.0,Ley Nº 23.966 | Art. 30
La Rioja,informacion_consolidada2025_5.xlsx,octubre,2025,month,2025-10,Ley Nº 24.464 | FO.NA.VI.,1143.9683,Ley Nº 24.464 | FO.NA.VI.
La Rioja,informacion_consolidada2025_5.xlsx,octubre,2025,month,2025-10,Reg.Simplif. | P/Peq.Contrib. | Ley Nº 24.977 | Aart. 59 Inc. A,482.9807,Reg.Simplif. | P/Peq.Contrib. | Ley Nº 24.977 | Aart. 59 Inc. A
La Rioja,informacion_consolidada2025_5.xlsx,octubre,2025,month,2025-10,Régimen de la Energía Eléctrica | L E Y Nº 2 4 . 0 6 5 | Fdo. P/Comp. | Tarifa Elect.,427.84829488170897,Régimen de la Energía Eléctrica | L E Y Nº 2 4 . 0 6 5 | Fdo. P/Comp. | Tarifa Elect.
La Rioja,informacion_consolidada2025_5.xlsx,octubre,2025,month,2025-10,Subtotal,100120.71000554008,Subtotal
La Rioja,informacion_consolidada2025_5.xlsx,octubre,2025,month,2025-10,Subtotal,100122.40160554009,Subtotal
La Rioja,informacion_consolidada2025_5.xlsx,octubre,2025,month,2025-10,Total | (1) + (2),106031.03310385009,Total | (1) + (2)
La Rioja,informacion_consolidada2025_5.xlsx,octubre,2025,month,2025-10,Total | Recursos | Origen Nacional | (1),104456.4540758501,Total | Recursos | Origen Nacional | (1)
La Rioja,informacion_consolidada2025_5.xlsx,octubre,2025,month,2025-10,Transfer. | De Servicios | Ley | Nº 24.049,1.6916,Transfer. | De Servicios | Ley | Nº 24.049
La Rioja,informacion_consolidada2025_5.xlsx,octubre,2025,month,2025-10,Vialidad | Provincial,503.75620000000004,Vialidad | Provincial
La Rioja,informacion_consolidada2025_5.xlsx,noviembre,2025,month,2025-11,C.F.I. | Neta De | Ley Nº 26.075,90281.8302,CFI | Neta
La Rioja,informacion_consolidada2025_5.xlsx,noviembre,2025,month,2025-11,Compensación | Consenso Fiscal | II. a y b; II. d y e | (2),1216.720158,Compensación Consenso Fiscal
La Rioja,informacion_consolidada2025_5.xlsx,noviembre,2025,month,2025-11,F.E.D.E.I.,0.0,F.E.D.E.I.
La Rioja,informacion_consolidada2025_5.xlsx,noviembre,2025,month,2025-11,F.E.D.E.I.,0.0,F.E.D.E.I.
La Rioja,informacion_consolidada2025_5.xlsx,noviembre,2025,month,2025-11,Financ. | Educativo | Ley Nº 26.075,7025.821573660034,Financiamiento Educativo
La Rioja,informacion_consolidada2025_5.xlsx,noviembre,2025,month,2025-11,Fondo | Compens. | de | Desequilib.,2.2,Fondo | Compens. | de | Desequilib.
La Rioja,informacion_consolidada2025_5.xlsx,noviembre,2025,month,2025-11,I.V.A. | Ley Nº 23.966 | Art. 5 | Punto 2,0.0,I.V.A. | Ley Nº 23.966 | Art. 5 | Punto 2
La Rioja,informacion_consolidada2025_5.xlsx,noviembre,2025,month,2025-11,Impuesto a los Combustibles Líquidos | Ley Nº 23.966 y Nº 24.699 | Obras de | Infraestr.,256.9499,Impuesto a los Combustibles Líquidos | Ley Nº 23.966 y Nº 24.699 | Obras de | Infraestr.
La Rioja,informacion_consolidada2025_5.xlsx,noviembre,2025,month,2025-11,Impuesto s/ | Los Activos | Fdo. Educ. | Ley Nº 23.906,0.0,Impuesto s/ | Los Activos | Fdo. Educ. | Ley Nº 23.906
La Rioja,informacion_consolidada2025_5.xlsx,noviembre,2025,month,2025-11,Impuesto sobre los | Bienes Personales | Ley | Nº 24.699,631.0305,Impuesto sobre los | Bienes Personales | Ley | Nº 24.699
La Rioja,informacion_consolidada2025_5.xlsx,noviembre,2025,month,2025-11,Ley Nº 23.966 | Art. 30,0.0,Ley Nº 23.966 | Art. 30
La Rioja,informacion_consolidada2025_5.xlsx,noviembre,2025,month,2025-11,Ley Nº 24.464 | FO.NA.VI.,1211.5393000000001,Ley Nº 24.464 | FO.NA.VI.
La Rioja,informacion_consolidada2025_5.xlsx,noviembre,2025,month,2025-11,Reg.Simplif. | P/Peq.Contrib. | Ley Nº 24.977 | Aart. 59 Inc. A,476.3816,Reg.Simplif. | P/Peq.Contrib. | Ley Nº 24.977 | Aart. 59 Inc. A
La Rioja,informacion_consolidada2025_5.xlsx,noviembre,2025,month,2025-11,Régimen de la Energía Eléctrica | L E Y Nº 2 4 . 0 6 5 | Fdo. P/Comp. | Tarifa Elect.,0.0,Régimen de la Energía Eléctrica | L E Y Nº 2 4 . 0 6 5 | Fdo. P/Comp. | Tarifa Elect.
La Rioja,informacion_consolidada2025_5.xlsx,noviembre,2025,month,2025-11,Subtotal,97307.65177366004,Subtotal
La Rioja,informacion_consolidada2025_5.xlsx,noviembre,2025,month,2025-11,Subtotal,97309.34337366004,Subtotal
La Rioja,informacion_consolidada2025_5.xlsx,noviembre,2025,month,2025-11,Total | (1) + (2),101637.67643166003,Total | (1) + (2)
La Rioja,informacion_consolidada2025_5.xlsx,noviembre,2025,month,2025-11,Total | Recursos | Origen Nacional | (1),100420.95627366003,Total | Recursos | Origen Nacional | (1)
La Rioja,informacion_consolidada2025_5.xlsx,noviembre,2025,month,2025-11,Transfer. | De Servicios | Ley | Nº 24.049,1.6916,Transfer. | De Servicios | Ley | Nº 24.049
La Rioja,informacion_consolidada2025_5.xlsx,noviembre,2025,month,2025-11,Vialidad | Provincial,533.5115999999999,Vialidad | Provincial
La Rioja,informacion_consolidada2025_5.xlsx,diciembre,2025,month,2025-12,C.F.I. | Neta De | Ley Nº 26.075,93592.0182,CFI | Neta
La Rioja,informacion_consolidada2025_5.xlsx,diciembre,2025,month,2025-12,Compensación | Consenso Fiscal | II. a y b; II. d y e | (2),1503.0072539999999,Compensación Consenso Fiscal
La Rioja,informacion_consolidada2025_5.xlsx,diciembre,2025,month,2025-12,F.E.D.E.I.,414.1017912426847,F.E.D.E.I.
La Rioja,informacion_consolidada2025_5.xlsx,diciembre,2025,month,2025-12,F.E.D.E.I.,593.4721580775623,F.E.D.E.I.
La Rioja,informacion_consolidada2025_5.xlsx,diciembre,2025,month,2025-12,Financ. | Educativo | Ley Nº 26.075,8678.956061579911,Financiamiento Educativo
La Rioja,informacion_consolidada2025_5.xlsx,diciembre,2025,month,2025-12,Fondo | Compens. | de | Desequilib.,2.2,Fondo | Compens. | de | Desequilib.
La Rioja,informacion_consolidada2025_5.xlsx,diciembre,2025,month,2025-12,I.V.A. | Ley Nº 23.966 | Art. 5 | Punto 2,0.0,I.V.A. | Ley Nº 23.966 | Art. 5 | Punto 2
La Rioja,informacion_consolidada2025_5.xlsx,diciembre,2025,month,2025-12,Impuesto a los Combustibles Líquidos | Ley Nº 23.966 y Nº 24.699 | Obras de | Infraestr.,365.5286,Impuesto a los Combustibles Líquidos | Ley Nº 23.966 y Nº 24.699 | Obras de | Infraestr.
La Rioja,informacion_consolidada2025_5.xlsx,diciembre,2025,month,2025-12,Impuesto s/ | Los Activos | Fdo. Educ. | Ley Nº 23.906,0.00193678,Impuesto s/ | Los Activos | Fdo. Educ. | Ley Nº 23.906
La Rioja,informacion_consolidada2025_5.xlsx,diciembre,2025,month,2025-12,Impuesto sobre los | Bienes Personales | Ley | Nº 24.699,1049.9449,Impuesto sobre los | Bienes Personales | Ley | Nº 24.699
La Rioja,informacion_consolidada2025_5.xlsx,diciembre,2025,month,2025-12,Ley Nº 23.966 | Art. 30,0.0,Ley Nº 23.966 | Art. 30
La Rioja,informacion_consolidada2025_5.xlsx,diciembre,2025,month,2025-12,Ley Nº 24.464 | FO.NA.VI.,1723.4967,Ley Nº 24.464 | FO.NA.VI.
La Rioja,informacion_consolidada2025_5.xlsx,diciembre,2025,month,2025-12,Reg.Simplif. | P/Peq.Contrib. | Ley Nº 24.977 | Aart. 59 Inc. A,503.374,Reg.Simplif. | P/Peq.Contrib. | Ley Nº 24.977 | Aart. 59 Inc. A
La Rioja,informacion_consolidada2025_5.xlsx,diciembre,2025,month,2025-12,Régimen de la Energía Eléctrica | L E Y Nº 2 4 . 0 6 5 | Fdo. P/Comp. | Tarifa Elect.,919.7535102259365,Régimen de la Energía Eléctrica | L E Y Nº 2 4 . 0 6 5 | Fdo. P/Comp. | Tarifa Elect.
La Rioja,informacion_consolidada2025_5.xlsx,diciembre,2025,month,2025-12,Subtotal,102270.97426157992,Subtotal
La Rioja,informacion_consolidada2025_5.xlsx,diciembre,2025,month,2025-12,Subtotal,102272.66586157992,Subtotal
La Rioja,informacion_consolidada2025_5.xlsx,diciembre,2025,month,2025-12,Total | (1) + (2),110106.50311190612,Total | (1) + (2)
La Rioja,informacion_consolidada2025_5.xlsx,diciembre,2025,month,2025-12,Total | Recursos | Origen Nacional | (1),108603.49585790612,Total | Recursos | Origen Nacional | (1)
La Rioja,informacion_consolidada2025_5.xlsx,diciembre,2025,month,2025-12,Transfer. | De Servicios | Ley | Nº 24.049,1.6916,Transfer. | De Servicios | Ley | Nº 24.049
La Rioja,informacion_consolidada2025_5.xlsx,diciembre,2025,month,2025-12,Vialidad | Provincial,758.9564,Vialidad | Provincial
La Rioja,informacion_consolidada2025_5.xlsx,CONS,2025,consolidated,CONS,C.F.I. | Neta De | Ley Nº 26.075,992318.1114000002,CFI | Neta
La Rioja,informacion_consolidada2025_5.xlsx,CONS,2025,consolidated,CONS,Compensación | Consenso Fiscal | II. a y b; II. d y e | (2),12989.120081999998,Compensación Consenso Fiscal
La Rioja,informacion_consolidada2025_5.xlsx,CONS,2025,consolidated,CONS,F.E.D.E.I.,2183.134287641857,F.E.D.E.I.
La Rioja,informacion_consolidada2025_5.xlsx,CONS,2025,consolidated,CONS,F.E.D.E.I.,3178.0004888852663,F.E.D.E.I.
La Rioja,informacion_consolidada2025_5.xlsx,CONS,2025,consolidated,CONS,Financ. | Educativo | Ley Nº 26.075,100427.92019999998,Financiamiento Educativo
La Rioja,informacion_consolidada2025_5.xlsx,CONS,2025,consolidated,CONS,Fondo | Compens. | de | Desequilib.,26.4,Fondo | Compens. | de | Desequilib.
La Rioja,informacion_consolidada2025_5.xlsx,CONS,2025,consolidated,CONS,I.V.A. | Ley Nº 23.966 | Art. 5 | Punto 2,0.0,I.V.A. | Ley Nº 23.966 | Art. 5 | Punto 2
La Rioja,informacion_consolidada2025_5.xlsx,CONS,2025,consolidated,CONS,Impuesto a los Combustibles Líquidos | Ley Nº 23.966 y Nº 24.699 | Obras de | Infraestr.,2734.8005,Impuesto a los Combustibles Líquidos | Ley Nº 23.966 y Nº 24.699 | Obras de | Infraestr.
La Rioja,informacion_consolidada2025_5.xlsx,CONS,2025,consolidated,CONS,Impuesto s/ | Los Activos | Fdo. Educ. | Ley Nº 23.906,0.0687,Impuesto s/ | Los Activos | Fdo. Educ. | Ley Nº 23.906
La Rioja,informacion_consolidada2025_5.xlsx,CONS,2025,consolidated,CONS,Impuesto sobre los | Bienes Personales | Ley | Nº 24.699,21349.6239,Impuesto sobre los | Bienes Personales | Ley | Nº 24.699
La Rioja,informacion_consolidada2025_5.xlsx,CONS,2025,consolidated,CONS,Ley Nº 23.966 | Art. 30,0.0,Ley Nº 23.966 | Art. 30
La Rioja,informacion_consolidada2025_5.xlsx,CONS,2025,consolidated,CONS,Ley Nº 24.464 | FO.NA.VI.,12894.8037,Ley Nº 24.464 | FO.NA.VI.
La Rioja,informacion_consolidada2025_5.xlsx,CONS,2025,consolidated,CONS,Reg.Simplif. | P/Peq.Contrib. | Ley Nº 24.977 | Aart. 59 Inc. A,4254.9962000000005,Reg.Simplif. | P/Peq.Contrib. | Ley Nº 24.977 | Aart. 59 Inc. A
La Rioja,informacion_consolidada2025_5.xlsx,CONS,2025,consolidated,CONS,Régimen de la Energía Eléctrica | L E Y Nº 2 4 . 0 6 5 | Fdo. P/Comp. | Tarifa Elect.,5012.3464,Régimen de la Energía Eléctrica | L E Y Nº 2 4 . 0 6 5 | Fdo. P/Comp. | Tarifa Elect.
La Rioja,informacion_consolidada2025_5.xlsx,CONS,2025,consolidated,CONS,Subtotal,1092746.0316,Subtotal
La Rioja,informacion_consolidada2025_5.xlsx,CONS,2025,consolidated,CONS,Subtotal,1092766.3308,Subtotal
La Rioja,informacion_consolidada2025_5.xlsx,CONS,2025,consolidated,CONS,Total | (1) + (2),1163067.9615585268,Total | (1) + (2)
La Rioja,informacion_consolidada2025_5.xlsx,CONS,2025,consolidated,CONS,Total | Recursos | Origen Nacional | (1),1150078.8414765268,Total | Recursos | Origen Nacional | (1)
La Rioja,informacion_consolidada2025_5.xlsx,CONS,2025,consolidated,CONS,Transfer. | De Servicios | Ley | Nº 24.049,20.299199999999995,Transfer. | De Servicios | Ley | Nº 24.049
La Rioja,informacion_consolidada2025_5.xlsx,CONS,2025,consolidated,CONS,Vialidad | Provincial,5678.3365,Vialidad | Provincial
Mendoza,informacion_consolidada2025_5.xlsx,enero,2025,month,2025-01,C.F.I. | Neta De | Ley Nº 26.075,178494.9836,CFI | Neta
Mendoza,informacion_consolidada2025_5.xlsx,enero,2025,month,2025-01,Compensación | Consenso Fiscal | II. a y b; II. d y e | (2),3852.322804,Compensación Consenso Fiscal
Mendoza,informacion_consolidada2025_5.xlsx,enero,2025,month,2025-01,F.E.D.E.I.,0.0,F.E.D.E.I.
Mendoza,informacion_consolidada2025_5.xlsx,enero,2025,month,2025-01,F.E.D.E.I.,0.0,F.E.D.E.I.
Mendoza,informacion_consolidada2025_5.xlsx,enero,2025,month,2025-01,Financ. | Educativo | Ley Nº 26.075,0.0,Financiamiento Educativo
Mendoza,informacion_consolidada2025_5.xlsx,enero,2025,month,2025-01,Fondo | Compens. | de | Desequilib.,2.2,Fondo | Compens. | de | Desequilib.
Mendoza,informacion_consolidada2025_5.xlsx,enero,2025,month,2025-01,I.V.A. | Ley Nº 23.966 | Art. 5 | Punto 2,0.0,I.V.A. | Ley Nº 23.966 | Art. 5 | Punto 2
Mendoza,informacion_consolidada2025_5.xlsx,enero,2025,month,2025-01,Impuesto a los Combustibles Líquidos | Ley Nº 23.966 y Nº 24.699 | Obras de | Infraestr.,310.0074,Impuesto a los Combustibles Líquidos | Ley Nº 23.966 y Nº 24.699 | Obras de | Infraestr.
Mendoza,informacion_consolidada2025_5.xlsx,enero,2025,month,2025-01,Impuesto s/ | Los Activos | Fdo. Educ. | Ley Nº 23.906,0.0,Impuesto s/ | Los Activos | Fdo. Educ. | Ley Nº 23.906
Mendoza,informacion_consolidada2025_5.xlsx,enero,2025,month,2025-01,Impuesto sobre los | Bienes Personales | Ley | Nº 24.699,1062.1595,Impuesto sobre los | Bienes Personales | Ley | Nº 24.699
Mendoza,informacion_consolidada2025_5.xlsx,enero,2025,month,2025-01,Ley Nº 23.966 | Art. 30,0.0,Ley Nº 23.966 | Art. 30
Mendoza,informacion_consolidada2025_5.xlsx,enero,2025,month,2025-01,Ley Nº 24.464 | FO.NA.VI.,1451.5781000000002,Ley Nº 24.464 | FO.NA.VI.
Mendoza,informacion_consolidada2025_5.xlsx,enero,2025,month,2025-01,Reg.Simplif. | P/Peq.Contrib. | Ley Nº 24.977 | Aart. 59 Inc. A,354.07329999999996,Reg.Simplif. | P/Peq.Contrib. | Ley Nº 24.977 | Aart. 59 Inc. A
Mendoza,informacion_consolidada2025_5.xlsx,enero,2025,month,2025-01,Régimen de la Energía Eléctrica | L E Y Nº 2 4 . 0 6 5 | Fdo. P/Comp. | Tarifa Elect.,0.0,Régimen de la Energía Eléctrica | L E Y Nº 2 4 . 0 6 5 | Fdo. P/Comp. | Tarifa Elect.
Mendoza,informacion_consolidada2025_5.xlsx,enero,2025,month,2025-01,Subtotal,178494.9836,Subtotal
Mendoza,informacion_consolidada2025_5.xlsx,enero,2025,month,2025-01,Subtotal,178500.1252,Subtotal
Mendoza,informacion_consolidada2025_5.xlsx,enero,2025,month,2025-01,Total | (1) + (2),186179.85260400004,Total | (1) + (2)
Mendoza,informacion_consolidada2025_5.xlsx,enero,2025,month,2025-01,Total | Recursos | Origen Nacional | (1),182327.52980000005,Total | Recursos | Origen Nacional | (1)
Mendoza,informacion_consolidada2025_5.xlsx,enero,2025,month,2025-01,Transfer. | De Servicios | Ley | Nº 24.049,5.1416,Transfer. | De Servicios | Ley | Nº 24.049
Mendoza,informacion_consolidada2025_5.xlsx,enero,2025,month,2025-01,Vialidad | Provincial,647.3863,Vialidad | Provincial
Mendoza,informacion_consolidada2025_5.xlsx,febrero,2025,month,2025-02,C.F.I. | Neta De | Ley Nº 26.075,164576.9211,CFI | Neta
Mendoza,informacion_consolidada2025_5.xlsx,febrero,2025,month,2025-02,Compensación | Consenso Fiscal | II. a y b; II. d y e | (2),3502.11164,Compensación Consenso Fiscal
Mendoza,informacion_consolidada2025_5.xlsx,febrero,2025,month,2025-02,F.E.D.E.I.,170.49836332,F.E.D.E.I.
Mendoza,informacion_consolidada2025_5.xlsx,febrero,2025,month,2025-02,F.E.D.E.I.,102.17813905055843,F.E.D.E.I.
Mendoza,informacion_consolidada2025_5.xlsx,febrero,2025,month,2025-02,Financ. | Educativo | Ley Nº 26.075,0.0,Financiamiento Educativo
Mendoza,informacion_consolidada2025_5.xlsx,febrero,2025,month,2025-02,Fondo | Compens. | de | Desequilib.,2.2,Fondo | Compens. | de | Desequilib.
Mendoza,informacion_consolidada2025_5.xlsx,febrero,2025,month,2025-02,I.V.A. | Ley Nº 23.966 | Art. 5 | Punto 2,0.0,I.V.A. | Ley Nº 23.966 | Art. 5 | Punto 2
Mendoza,informacion_consolidada2025_5.xlsx,febrero,2025,month,2025-02,Impuesto a los Combustibles Líquidos | Ley Nº 23.966 y Nº 24.699 | Obras de | Infraestr.,390.5138,Impuesto a los Combustibles Líquidos | Ley Nº 23.966 y Nº 24.699 | Obras de | Infraestr.
Mendoza,informacion_consolidada2025_5.xlsx,febrero,2025,month,2025-02,Impuesto s/ | Los Activos | Fdo. Educ. | Ley Nº 23.906,0.0,Impuesto s/ | Los Activos | Fdo. Educ. | Ley Nº 23.906
Mendoza,informacion_consolidada2025_5.xlsx,febrero,2025,month,2025-02,Impuesto sobre los | Bienes Personales | Ley | Nº 24.699,1473.2148,Impuesto sobre los | Bienes Personales | Ley | Nº 24.699
Mendoza,informacion_consolidada2025_5.xlsx,febrero,2025,month,2025-02,Ley Nº 23.966 | Art. 30,0.0,Ley Nº 23.966 | Art. 30
Mendoza,informacion_consolidada2025_5.xlsx,febrero,2025,month,2025-02,Ley Nº 24.464 | FO.NA.VI.,1828.5413999999998,Ley Nº 24.464 | FO.NA.VI.
Mendoza,informacion_consolidada2025_5.xlsx,febrero,2025,month,2025-02,Reg.Simplif. | P/Peq.Contrib. | Ley Nº 24.977 | Aart. 59 Inc. A,516.3643,Reg.Simplif. | P/Peq.Contrib. | Ley Nº 24.977 | Aart. 59 Inc. A
Mendoza,informacion_consolidada2025_5.xlsx,febrero,2025,month,2025-02,Régimen de la Energía Eléctrica | L E Y Nº 2 4 . 0 6 5 | Fdo. P/Comp. | Tarifa Elect.,131.54450928376602,Régimen de la Energía Eléctrica | L E Y Nº 2 4 . 0 6 5 | Fdo. P/Comp. | Tarifa Elect.
Mendoza,informacion_consolidada2025_5.xlsx,febrero,2025,month,2025-02,Subtotal,164576.9211,Subtotal
Mendoza,informacion_consolidada2025_5.xlsx,febrero,2025,month,2025-02,Subtotal,164582.0627,Subtotal
Mendoza,informacion_consolidada2025_5.xlsx,febrero,2025,month,2025-02,Total | (1) + (2),173514.73705165426,Total | (1) + (2)
Mendoza,informacion_consolidada2025_5.xlsx,febrero,2025,month,2025-02,Total | Recursos | Origen Nacional | (1),170012.62541165427,Total | Recursos | Origen Nacional | (1)
Mendoza,informacion_consolidada2025_5.xlsx,febrero,2025,month,2025-02,Transfer. | De Servicios | Ley | Nº 24.049,5.1416,Transfer. | De Servicios | Ley | Nº 24.049
Mendoza,informacion_consolidada2025_5.xlsx,febrero,2025,month,2025-02,Vialidad | Provincial,815.5074000000001,Vialidad | Provincial
Mendoza,informacion_consolidada2025_5.xlsx,marzo,2025,month,2025-03,C.F.I. | Neta De | Ley Nº 26.075,136528.9763,CFI | Neta
Mendoza,informacion_consolidada2025_5.xlsx,marzo,2025,month,2025-03,Compensación | Consenso Fiscal | II. a y b; II. d y e | (2),3151.900476,Compensación Consenso Fiscal
Mendoza,informacion_consolidada2025_5.xlsx,marzo,2025,month,2025-03,F.E.D.E.I.,98.90836804,F.E.D.E.I.
Mendoza,informacion_consolidada2025_5.xlsx,marzo,2025,month,2025-03,F.E.D.E.I.,173.31589345976053,F.E.D.E.I.
Mendoza,informacion_consolidada2025_5.xlsx,marzo,2025,month,2025-03,Financ. | Educativo | Ley Nº 26.075,12487.313404640001,Financiamiento Educativo
Mendoza,informacion_consolidada2025_5.xlsx,marzo,2025,month,2025-03,Fondo | Compens. | de | Desequilib.,2.2,Fondo | Compens. | de | Desequilib.
Mendoza,informacion_consolidada2025_5.xlsx,marzo,2025,month,2025-03,I.V.A. | Ley Nº 23.966 | Art. 5 | Punto 2,0.0,I.V.A. | Ley Nº 23.966 | Art. 5 | Punto 2
Mendoza,informacion_consolidada2025_5.xlsx,marzo,2025,month,2025-03,Impuesto a los Combustibles Líquidos | Ley Nº 23.966 y Nº 24.699 | Obras de | Infraestr.,356.6635,Impuesto a los Combustibles Líquidos | Ley Nº 23.966 y Nº 24.699 | Obras de | Infraestr.
Mendoza,informacion_consolidada2025_5.xlsx,marzo,2025,month,2025-03,Impuesto s/ | Los Activos | Fdo. Educ. | Ley Nº 23.906,0.0,Impuesto s/ | Los Activos | Fdo. Educ. | Ley Nº 23.906
Mendoza,informacion_consolidada2025_5.xlsx,marzo,2025,month,2025-03,Impuesto sobre los | Bienes Personales | Ley | Nº 24.699,673.6669,Impuesto sobre los | Bienes Personales | Ley | Nº 24.699
Mendoza,informacion_consolidada2025_5.xlsx,marzo,2025,month,2025-03,Ley Nº 23.966 | Art. 30,0.0,Ley Nº 23.966 | Art. 30
Mendoza,informacion_consolidada2025_5.xlsx,marzo,2025,month,2025-03,Ley Nº 24.464 | FO.NA.VI.,1670.0403999999999,Ley Nº 24.464 | FO.NA.VI.
Mendoza,informacion_consolidada2025_5.xlsx,marzo,2025,month,2025-03,Reg.Simplif. | P/Peq.Contrib. | Ley Nº 24.977 | Aart. 59 Inc. A,555.5027,Reg.Simplif. | P/Peq.Contrib. | Ley Nº 24.977 | Aart. 59 Inc. A
Mendoza,informacion_consolidada2025_5.xlsx,marzo,2025,month,2025-03,Régimen de la Energía Eléctrica | L E Y Nº 2 4 . 0 6 5 | Fdo. P/Comp. | Tarifa Elect.,223.12751402534403,Régimen de la Energía Eléctrica | L E Y Nº 2 4 . 0 6 5 | Fdo. P/Comp. | Tarifa Elect.
Mendoza,informacion_consolidada2025_5.xlsx,marzo,2025,month,2025-03,Subtotal,149016.28970464002,Subtotal
Mendoza,informacion_consolidada2025_5.xlsx,marzo,2025,month,2025-03,Subtotal,149021.43130464002,Subtotal
Mendoza,informacion_consolidada2025_5.xlsx,marzo,2025,month,2025-03,Total | (1) + (2),156671.57495616516,Total | (1) + (2)
Mendoza,informacion_consolidada2025_5.xlsx,marzo,2025,month,2025-03,Total | Recursos | Origen Nacional | (1),153519.67448016515,Total | Recursos | Origen Nacional | (1)
Mendoza,informacion_consolidada2025_5.xlsx,marzo,2025,month,2025-03,Transfer. | De Servicios | Ley | Nº 24.049,5.1416,Transfer. | De Servicios | Ley | Nº 24.049
Mendoza,informacion_consolidada2025_5.xlsx,marzo,2025,month,2025-03,Vialidad | Provincial,744.8179,Vialidad | Provincial
Mendoza,informacion_consolidada2025_5.xlsx,abril,2025,month,2025-04,C.F.I. | Neta De | Ley Nº 26.075,110244.18040000001,CFI | Neta
Mendoza,informacion_consolidada2025_5.xlsx,abril,2025,month,2025-04,Compensación | Consenso Fiscal | II. a y b; II. d y e | (2),5006.670164,Compensación Consenso Fiscal
Mendoza,informacion_consolidada2025_5.xlsx,abril,2025,month,2025-04,F.E.D.E.I.,124.7325998150574,F.E.D.E.I.
Mendoza,informacion_consolidada2025_5.xlsx,abril,2025,month,2025-04,F.E.D.E.I.,149.49029799214512,F.E.D.E.I.
Mendoza,informacion_consolidada2025_5.xlsx,abril,2025,month,2025-04,Financ. | Educativo | Ley Nº 26.075,49949.25361856003,Financiamiento Educativo
Mendoza,informacion_consolidada2025_5.xlsx,abril,2025,month,2025-04,Fondo | Compens. | de | Desequilib.,2.2,Fondo | Compens. | de | Desequilib.
Mendoza,informacion_consolidada2025_5.xlsx,abril,2025,month,2025-04,I.V.A. | Ley Nº 23.966 | Art. 5 | Punto 2,0.0,I.V.A. | Ley Nº 23.966 | Art. 5 | Punto 2
Mendoza,informacion_consolidada2025_5.xlsx,abril,2025,month,2025-04,Impuesto a los Combustibles Líquidos | Ley Nº 23.966 y Nº 24.699 | Obras de | Infraestr.,396.02479999999997,Impuesto a los Combustibles Líquidos | Ley Nº 23.966 y Nº 24.699 | Obras de | Infraestr.
Mendoza,informacion_consolidada2025_5.xlsx,abril,2025,month,2025-04,Impuesto s/ | Los Activos | Fdo. Educ. | Ley Nº 23.906,0.0,Impuesto s/ | Los Activos | Fdo. Educ. | Ley Nº 23.906
Mendoza,informacion_consolidada2025_5.xlsx,abril,2025,month,2025-04,Impuesto sobre los | Bienes Personales | Ley | Nº 24.699,1259.7132,Impuesto sobre los | Bienes Personales | Ley | Nº 24.699
Mendoza,informacion_consolidada2025_5.xlsx,abril,2025,month,2025-04,Ley Nº 23.966 | Art. 30,0.0,Ley Nº 23.966 | Art. 30
Mendoza,informacion_consolidada2025_5.xlsx,abril,2025,month,2025-04,Ley Nº 24.464 | FO.NA.VI.,1854.3462,Ley Nº 24.464 | FO.NA.VI.
Mendoza,informacion_consolidada2025_5.xlsx,abril,2025,month,2025-04,Reg.Simplif. | P/Peq.Contrib. | Ley Nº 24.977 | Aart. 59 Inc. A,569.1218,Reg.Simplif. | P/Peq.Contrib. | Ley Nº 24.977 | Aart. 59 Inc. A
Mendoza,informacion_consolidada2025_5.xlsx,abril,2025,month,2025-04,Régimen de la Energía Eléctrica | L E Y Nº 2 4 . 0 6 5 | Fdo. P/Comp. | Tarifa Elect.,192.4543554370032,Régimen de la Energía Eléctrica | L E Y Nº 2 4 . 0 6 5 | Fdo. P/Comp. | Tarifa Elect.
Mendoza,informacion_consolidada2025_5.xlsx,abril,2025,month,2025-04,Subtotal,160193.43401856004,Subtotal
Mendoza,informacion_consolidada2025_5.xlsx,abril,2025,month,2025-04,Subtotal,160198.57561856005,Subtotal
Mendoza,informacion_consolidada2025_5.xlsx,abril,2025,month,2025-04,Total | (1) + (2),170580.3451358043,Total | (1) + (2)
Mendoza,informacion_consolidada2025_5.xlsx,abril,2025,month,2025-04,Total | Recursos | Origen Nacional | (1),165573.67497180428,Total | Recursos | Origen Nacional | (1)
Mendoza,informacion_consolidada2025_5.xlsx,abril,2025,month,2025-04,Transfer. | De Servicios | Ley | Nº 24.049,5.1416,Transfer. | De Servicios | Ley | Nº 24.049
Mendoza,informacion_consolidada2025_5.xlsx,abril,2025,month,2025-04,Vialidad | Provincial,827.0160999999999,Vialidad | Provincial
Mendoza,informacion_consolidada2025_5.xlsx,mayo,2025,month,2025-05,C.F.I. | Neta De | Ley Nº 26.075,156635.4146,CFI | Neta
Mendoza,informacion_consolidada2025_5.xlsx,mayo,2025,month,2025-05,Compensación | Consenso Fiscal | II. a y b; II. d y e | (2),5270.17912,Compensación Consenso Fiscal
Mendoza,informacion_consolidada2025_5.xlsx,mayo,2025,month,2025-05,F.E.D.E.I.,240.46694325141922,F.E.D.E.I.
Mendoza,informacion_consolidada2025_5.xlsx,mayo,2025,month,2025-05,F.E.D.E.I.,556.3140804521094,F.E.D.E.I.
Mendoza,informacion_consolidada2025_5.xlsx,mayo,2025,month,2025-05,Financ. | Educativo | Ley Nº 26.075,51510.16779414003,Financiamiento Educativo
Mendoza,informacion_consolidada2025_5.xlsx,mayo,2025,month,2025-05,Fondo | Compens. | de | Desequilib.,2.2,Fondo | Compens. | de | Desequilib.
Mendoza,informacion_consolidada2025_5.xlsx,mayo,2025,month,2025-05,I.V.A. | Ley Nº 23.966 | Art. 5 | Punto 2,0.0,I.V.A. | Ley Nº 23.966 | Art. 5 | Punto 2
Mendoza,informacion_consolidada2025_5.xlsx,mayo,2025,month,2025-05,Impuesto a los Combustibles Líquidos | Ley Nº 23.966 y Nº 24.699 | Obras de | Infraestr.,430.9038,Impuesto a los Combustibles Líquidos | Ley Nº 23.966 y Nº 24.699 | Obras de | Infraestr.
Mendoza,informacion_consolidada2025_5.xlsx,mayo,2025,month,2025-05,Impuesto s/ | Los Activos | Fdo. Educ. | Ley Nº 23.906,0.0,Impuesto s/ | Los Activos | Fdo. Educ. | Ley Nº 23.906
Mendoza,informacion_consolidada2025_5.xlsx,mayo,2025,month,2025-05,Impuesto sobre los | Bienes Personales | Ley | Nº 24.699,869.8071,Impuesto sobre los | Bienes Personales | Ley | Nº 24.699
Mendoza,informacion_consolidada2025_5.xlsx,mayo,2025,month,2025-05,Ley Nº 23.966 | Art. 30,0.0,Ley Nº 23.966 | Art. 30
Mendoza,informacion_consolidada2025_5.xlsx,mayo,2025,month,2025-05,Ley Nº 24.464 | FO.NA.VI.,2017.6635,Ley Nº 24.464 | FO.NA.VI.
Mendoza,informacion_consolidada2025_5.xlsx,mayo,2025,month,2025-05,Reg.Simplif. | P/Peq.Contrib. | Ley Nº 24.977 | Aart. 59 Inc. A,597.3693000000001,Reg.Simplif. | P/Peq.Contrib. | Ley Nº 24.977 | Aart. 59 Inc. A
Mendoza,informacion_consolidada2025_5.xlsx,mayo,2025,month,2025-05,Régimen de la Energía Eléctrica | L E Y Nº 2 4 . 0 6 5 | Fdo. P/Comp. | Tarifa Elect.,328.24431586525253,Régimen de la Energía Eléctrica | L E Y Nº 2 4 . 0 6 5 | Fdo. P/Comp. | Tarifa Elect.
Mendoza,informacion_consolidada2025_5.xlsx,mayo,2025,month,2025-05,Subtotal,208145.58239414002,Subtotal
Mendoza,informacion_consolidada2025_5.xlsx,mayo,2025,month,2025-05,Subtotal,208150.72399414002,Subtotal
Mendoza,informacion_consolidada2025_5.xlsx,mayo,2025,month,2025-05,Total | (1) + (2),219363.72575370877,Total | (1) + (2)
Mendoza,informacion_consolidada2025_5.xlsx,mayo,2025,month,2025-05,Total | Recursos | Origen Nacional | (1),214093.5466337088,Total | Recursos | Origen Nacional | (1)
Mendoza,informacion_consolidada2025_5.xlsx,mayo,2025,month,2025-05,Transfer. | De Servicios | Ley | Nº 24.049,5.1416,Transfer. | De Servicios | Ley | Nº 24.049
Mendoza,informacion_consolidada2025_5.xlsx,mayo,2025,month,2025-05,Vialidad | Provincial,899.8536,Vialidad | Provincial
Mendoza,informacion_consolidada2025_5.xlsx,junio,2025,month,2025-06,C.F.I. | Neta De | Ley Nº 26.075,126430.5426,CFI | Neta
Mendoza,informacion_consolidada2025_5.xlsx,junio,2025,month,2025-06,Compensación | Consenso Fiscal | II. a y b; II. d y e | (2),5006.670164,Compensación Consenso Fiscal
Mendoza,informacion_consolidada2025_5.xlsx,junio,2025,month,2025-06,F.E.D.E.I.,137.6058875348989,F.E.D.E.I.
Mendoza,informacion_consolidada2025_5.xlsx,junio,2025,month,2025-06,F.E.D.E.I.,159.48782090754665,F.E.D.E.I.
Mendoza,informacion_consolidada2025_5.xlsx,junio,2025,month,2025-06,Financ. | Educativo | Ley Nº 26.075,49949.25361856004,Financiamiento Educativo
Mendoza,informacion_consolidada2025_5.xlsx,junio,2025,month,2025-06,Fondo | Compens. | de | Desequilib.,2.2,Fondo | Compens. | de | Desequilib.
Mendoza,informacion_consolidada2025_5.xlsx,junio,2025,month,2025-06,I.V.A. | Ley Nº 23.966 | Art. 5 | Punto 2,0.0,I.V.A. | Ley Nº 23.966 | Art. 5 | Punto 2
Mendoza,informacion_consolidada2025_5.xlsx,junio,2025,month,2025-06,Impuesto a los Combustibles Líquidos | Ley Nº 23.966 y Nº 24.699 | Obras de | Infraestr.,465.3748,Impuesto a los Combustibles Líquidos | Ley Nº 23.966 y Nº 24.699 | Obras de | Infraestr.
Mendoza,informacion_consolidada2025_5.xlsx,junio,2025,month,2025-06,Impuesto s/ | Los Activos | Fdo. Educ. | Ley Nº 23.906,0.0,Impuesto s/ | Los Activos | Fdo. Educ. | Ley Nº 23.906
Mendoza,informacion_consolidada2025_5.xlsx,junio,2025,month,2025-06,Impuesto sobre los | Bienes Personales | Ley | Nº 24.699,25358.885100000003,Impuesto sobre los | Bienes Personales | Ley | Nº 24.699
Mendoza,informacion_consolidada2025_5.xlsx,junio,2025,month,2025-06,Ley Nº 23.966 | Art. 30,0.0,Ley Nº 23.966 | Art. 30
Mendoza,informacion_consolidada2025_5.xlsx,junio,2025,month,2025-06,Ley Nº 24.464 | FO.NA.VI.,2179.0703,Ley Nº 24.464 | FO.NA.VI.
Mendoza,informacion_consolidada2025_5.xlsx,junio,2025,month,2025-06,Reg.Simplif. | P/Peq.Contrib. | Ley Nº 24.977 | Aart. 59 Inc. A,609.7307,Reg.Simplif. | P/Peq.Contrib. | Ley Nº 24.977 | Aart. 59 Inc. A
Mendoza,informacion_consolidada2025_5.xlsx,junio,2025,month,2025-06,Régimen de la Energía Eléctrica | L E Y Nº 2 4 . 0 6 5 | Fdo. P/Comp. | Tarifa Elect.,592.8470147226674,Régimen de la Energía Eléctrica | L E Y Nº 2 4 . 0 6 5 | Fdo. P/Comp. | Tarifa Elect.
Mendoza,informacion_consolidada2025_5.xlsx,junio,2025,month,2025-06,Subtotal,176379.79621856005,Subtotal
Mendoza,informacion_consolidada2025_5.xlsx,junio,2025,month,2025-06,Subtotal,176384.93781856005,Subtotal
Mendoza,informacion_consolidada2025_5.xlsx,junio,2025,month,2025-06,Total | (1) + (2),211868.6487057252,Total | (1) + (2)
Mendoza,informacion_consolidada2025_5.xlsx,junio,2025,month,2025-06,Total | Recursos | Origen Nacional | (1),206861.9785417252,Total | Recursos | Origen Nacional | (1)
Mendoza,informacion_consolidada2025_5.xlsx,junio,2025,month,2025-06,Transfer. | De Servicios | Ley | Nº 24.049,5.1416,Transfer. | De Servicios | Ley | Nº 24.049
Mendoza,informacion_consolidada2025_5.xlsx,junio,2025,month,2025-06,Vialidad | Provincial,971.8391,Vialidad | Provincial
Mendoza,informacion_consolidada2025_5.xlsx,julio,2025,month,2025-07,C.F.I. | Neta De | Ley Nº 26.075,130758.932,CFI | Neta
Mendoza,informacion_consolidada2025_5.xlsx,julio,2025,month,2025-07,Compensación | Consenso Fiscal | II. a y b; II. d y e | (2),5950.162108,Compensación Consenso Fiscal
Mendoza,informacion_consolidada2025_5.xlsx,julio,2025,month,2025-07,F.E.D.E.I.,148.72888652466725,F.E.D.E.I.
Mendoza,informacion_consolidada2025_5.xlsx,julio,2025,month,2025-07,F.E.D.E.I.,255.14463541620455,F.E.D.E.I.
Mendoza,informacion_consolidada2025_5.xlsx,julio,2025,month,2025-07,Financ. | Educativo | Ley Nº 26.075,54631.996145300036,Financiamiento Educativo
Mendoza,informacion_consolidada2025_5.xlsx,julio,2025,month,2025-07,Fondo | Compens. | de | Desequilib.,2.2,Fondo | Compens. | de | Desequilib.
Mendoza,informacion_consolidada2025_5.xlsx,julio,2025,month,2025-07,I.V.A. | Ley Nº 23.966 | Art. 5 | Punto 2,0.0,I.V.A. | Ley Nº 23.966 | Art. 5 | Punto 2
Mendoza,informacion_consolidada2025_5.xlsx,julio,2025,month,2025-07,Impuesto a los Combustibles Líquidos | Ley Nº 23.966 y Nº 24.699 | Obras de | Infraestr.,415.8534,Impuesto a los Combustibles Líquidos | Ley Nº 23.966 y Nº 24.699 | Obras de | Infraestr.
Mendoza,informacion_consolidada2025_5.xlsx,julio,2025,month,2025-07,Impuesto s/ | Los Activos | Fdo. Educ. | Ley Nº 23.906,0.0,Impuesto s/ | Los Activos | Fdo. Educ. | Ley Nº 23.906
Mendoza,informacion_consolidada2025_5.xlsx,julio,2025,month,2025-07,Impuesto sobre los | Bienes Personales | Ley | Nº 24.699,2303.4096,Impuesto sobre los | Bienes Personales | Ley | Nº 24.699
Mendoza,informacion_consolidada2025_5.xlsx,julio,2025,month,2025-07,Ley Nº 23.966 | Art. 30,0.0,Ley Nº 23.966 | Art. 30
Mendoza,informacion_consolidada2025_5.xlsx,julio,2025,month,2025-07,Ley Nº 24.464 | FO.NA.VI.,1947.1912,Ley Nº 24.464 | FO.NA.VI.
Mendoza,informacion_consolidada2025_5.xlsx,julio,2025,month,2025-07,Reg.Simplif. | P/Peq.Contrib. | Ley Nº 24.977 | Aart. 59 Inc. A,616.493,Reg.Simplif. | P/Peq.Contrib. | Ley Nº 24.977 | Aart. 59 Inc. A
Mendoza,informacion_consolidada2025_5.xlsx,julio,2025,month,2025-07,Régimen de la Energía Eléctrica | L E Y Nº 2 4 . 0 6 5 | Fdo. P/Comp. | Tarifa Elect.,328.2334879424541,Régimen de la Energía Eléctrica | L E Y Nº 2 4 . 0 6 5 | Fdo. P/Comp. | Tarifa Elect.
Mendoza,informacion_consolidada2025_5.xlsx,julio,2025,month,2025-07,Subtotal,185390.92814530004,Subtotal
Mendoza,informacion_consolidada2025_5.xlsx,julio,2025,month,2025-07,Subtotal,185396.06974530005,Subtotal
Mendoza,informacion_consolidada2025_5.xlsx,julio,2025,month,2025-07,Total | (1) + (2),198231.9098631834,Total | (1) + (2)
Mendoza,informacion_consolidada2025_5.xlsx,julio,2025,month,2025-07,Total | Recursos | Origen Nacional | (1),192281.7477551834,Total | Recursos | Origen Nacional | (1)
Mendoza,informacion_consolidada2025_5.xlsx,julio,2025,month,2025-07,Transfer. | De Servicios | Ley | Nº 24.049,5.1416,Transfer. | De Servicios | Ley | Nº 24.049
Mendoza,informacion_consolidada2025_5.xlsx,julio,2025,month,2025-07,Vialidad | Provincial,868.4238,Vialidad | Provincial
Mendoza,informacion_consolidada2025_5.xlsx,agosto,2025,month,2025-08,C.F.I. | Neta De | Ley Nº 26.075,157445.82140000002,CFI | Neta
Mendoza,informacion_consolidada2025_5.xlsx,agosto,2025,month,2025-08,Compensación | Consenso Fiscal | II. a y b; II. d y e | (2),5409.2382800000005,Compensación Consenso Fiscal
Mendoza,informacion_consolidada2025_5.xlsx,agosto,2025,month,2025-08,F.E.D.E.I.,132.65981722155533,F.E.D.E.I.
Mendoza,informacion_consolidada2025_5.xlsx,agosto,2025,month,2025-08,F.E.D.E.I.,176.0190385580898,F.E.D.E.I.
Mendoza,informacion_consolidada2025_5.xlsx,agosto,2025,month,2025-08,Financ. | Educativo | Ley Nº 26.075,31218.28351159973,Financiamiento Educativo
Mendoza,informacion_consolidada2025_5.xlsx,agosto,2025,month,2025-08,Fondo | Compens. | de | Desequilib.,2.2,Fondo | Compens. | de | Desequilib.
Mendoza,informacion_consolidada2025_5.xlsx,agosto,2025,month,2025-08,I.V.A. | Ley Nº 23.966 | Art. 5 | Punto 2,0.0,I.V.A. | Ley Nº 23.966 | Art. 5 | Punto 2
Mendoza,informacion_consolidada2025_5.xlsx,agosto,2025,month,2025-08,Impuesto a los Combustibles Líquidos | Ley Nº 23.966 y Nº 24.699 | Obras de | Infraestr.,491.6371,Impuesto a los Combustibles Líquidos | Ley Nº 23.966 y Nº 24.699 | Obras de | Infraestr.
Mendoza,informacion_consolidada2025_5.xlsx,agosto,2025,month,2025-08,Impuesto s/ | Los Activos | Fdo. Educ. | Ley Nº 23.906,0.14196163,Impuesto s/ | Los Activos | Fdo. Educ. | Ley Nº 23.906
Mendoza,informacion_consolidada2025_5.xlsx,agosto,2025,month,2025-08,Impuesto sobre los | Bienes Personales | Ley | Nº 24.699,2377.0899,Impuesto sobre los | Bienes Personales | Ley | Nº 24.699
Mendoza,informacion_consolidada2025_5.xlsx,agosto,2025,month,2025-08,Ley Nº 23.966 | Art. 30,0.0,Ley Nº 23.966 | Art. 30
Mendoza,informacion_consolidada2025_5.xlsx,agosto,2025,month,2025-08,Ley Nº 24.464 | FO.NA.VI.,2302.0406000000003,Ley Nº 24.464 | FO.NA.VI.
Mendoza,informacion_consolidada2025_5.xlsx,agosto,2025,month,2025-08,Reg.Simplif. | P/Peq.Contrib. | Ley Nº 24.977 | Aart. 59 Inc. A,878.1356999999999,Reg.Simplif. | P/Peq.Contrib. | Ley Nº 24.977 | Aart. 59 Inc. A
Mendoza,informacion_consolidada2025_5.xlsx,agosto,2025,month,2025-08,Régimen de la Energía Eléctrica | L E Y Nº 2 4 . 0 6 5 | Fdo. P/Comp. | Tarifa Elect.,226.441535314178,Régimen de la Energía Eléctrica | L E Y Nº 2 4 . 0 6 5 | Fdo. P/Comp. | Tarifa Elect.
Mendoza,informacion_consolidada2025_5.xlsx,agosto,2025,month,2025-08,Subtotal,188664.10491159974,Subtotal
Mendoza,informacion_consolidada2025_5.xlsx,agosto,2025,month,2025-08,Subtotal,188669.24651159975,Subtotal
Mendoza,informacion_consolidada2025_5.xlsx,agosto,2025,month,2025-08,Total | (1) + (2),201691.53284432355,Total | (1) + (2)
Mendoza,informacion_consolidada2025_5.xlsx,agosto,2025,month,2025-08,Total | Recursos | Origen Nacional | (1),196282.29456432356,Total | Recursos | Origen Nacional | (1)
Mendoza,informacion_consolidada2025_5.xlsx,agosto,2025,month,2025-08,Transfer. | De Servicios | Ley | Nº 24.049,5.1416,Transfer. | De Servicios | Ley | Nº 24.049
Mendoza,informacion_consolidada2025_5.xlsx,agosto,2025,month,2025-08,Vialidad | Provincial,1026.6824,Vialidad | Provincial
Mendoza,informacion_consolidada2025_5.xlsx,septiembre,2025,month,2025-09,C.F.I. | Neta De | Ley Nº 26.075,151957.0069,CFI | Neta
Mendoza,informacion_consolidada2025_5.xlsx,septiembre,2025,month,2025-09,Compensación | Consenso Fiscal | II. a y b; II. d y e | (2),5950.162108,Compensación Consenso Fiscal
Mendoza,informacion_consolidada2025_5.xlsx,septiembre,2025,month,2025-09,F.E.D.E.I.,157.04335371635602,F.E.D.E.I.
Mendoza,informacion_consolidada2025_5.xlsx,septiembre,2025,month,2025-09,F.E.D.E.I.,219.15816750684812,F.E.D.E.I.
Mendoza,informacion_consolidada2025_5.xlsx,septiembre,2025,month,2025-09,Financ. | Educativo | Ley Nº 26.075,34340.1118627597,Financiamiento Educativo
Mendoza,informacion_consolidada2025_5.xlsx,septiembre,2025,month,2025-09,Fondo | Compens. | de | Desequilib.,2.2,Fondo | Compens. | de | Desequilib.
Mendoza,informacion_consolidada2025_5.xlsx,septiembre,2025,month,2025-09,I.V.A. | Ley Nº 23.966 | Art. 5 | Punto 2,0.0,I.V.A. | Ley Nº 23.966 | Art. 5 | Punto 2
Mendoza,informacion_consolidada2025_5.xlsx,septiembre,2025,month,2025-09,Impuesto a los Combustibles Líquidos | Ley Nº 23.966 y Nº 24.699 | Obras de | Infraestr.,508.52729999999997,Impuesto a los Combustibles Líquidos | Ley Nº 23.966 y Nº 24.699 | Obras de | Infraestr.
Mendoza,informacion_consolidada2025_5.xlsx,septiembre,2025,month,2025-09,Impuesto s/ | Los Activos | Fdo. Educ. | Ley Nº 23.906,0.0,Impuesto s/ | Los Activos | Fdo. Educ. | Ley Nº 23.906
Mendoza,informacion_consolidada2025_5.xlsx,septiembre,2025,month,2025-09,Impuesto sobre los | Bienes Personales | Ley | Nº 24.699,2130.4436,Impuesto sobre los | Bienes Personales | Ley | Nº 24.699
Mendoza,informacion_consolidada2025_5.xlsx,septiembre,2025,month,2025-09,Ley Nº 23.966 | Art. 30,0.0,Ley Nº 23.966 | Art. 30
Mendoza,informacion_consolidada2025_5.xlsx,septiembre,2025,month,2025-09,Ley Nº 24.464 | FO.NA.VI.,2381.1272999999997,Ley Nº 24.464 | FO.NA.VI.
Mendoza,informacion_consolidada2025_5.xlsx,septiembre,2025,month,2025-09,Reg.Simplif. | P/Peq.Contrib. | Ley Nº 24.977 | Aart. 59 Inc. A,926.7073,Reg.Simplif. | P/Peq.Contrib. | Ley Nº 24.977 | Aart. 59 Inc. A
Mendoza,informacion_consolidada2025_5.xlsx,septiembre,2025,month,2025-09,Régimen de la Energía Eléctrica | L E Y Nº 2 4 . 0 6 5 | Fdo. P/Comp. | Tarifa Elect.,281.93831949036553,Régimen de la Energía Eléctrica | L E Y Nº 2 4 . 0 6 5 | Fdo. P/Comp. | Tarifa Elect.
Mendoza,informacion_consolidada2025_5.xlsx,septiembre,2025,month,2025-09,Subtotal,186297.11876275972,Subtotal
Mendoza,informacion_consolidada2025_5.xlsx,septiembre,2025,month,2025-09,Subtotal,186302.26036275973,Subtotal
Mendoza,informacion_consolidada2025_5.xlsx,septiembre,2025,month,2025-09,Total | (1) + (2),199921.5219114733,Total | (1) + (2)
Mendoza,informacion_consolidada2025_5.xlsx,septiembre,2025,month,2025-09,Total | Recursos | Origen Nacional | (1),193971.35980347331,Total | Recursos | Origen Nacional | (1)
Mendoza,informacion_consolidada2025_5.xlsx,septiembre,2025,month,2025-09,Transfer. | De Servicios | Ley | Nº 24.049,5.1416,Transfer. | De Servicios | Ley | Nº 24.049
Mendoza,informacion_consolidada2025_5.xlsx,septiembre,2025,month,2025-09,Vialidad | Provincial,1061.9541000000002,Vialidad | Provincial
Mendoza,informacion_consolidada2025_5.xlsx,octubre,2025,month,2025-10,C.F.I. | Neta De | Ley Nº 26.075,165737.42719999998,CFI | Neta
Mendoza,informacion_consolidada2025_5.xlsx,octubre,2025,month,2025-10,Compensación | Consenso Fiscal | II. a y b; II. d y e | (2),6672.081042000001,Compensación Consenso Fiscal
Mendoza,informacion_consolidada2025_5.xlsx,octubre,2025,month,2025-10,F.E.D.E.I.,162.4680200900019,F.E.D.E.I.
Mendoza,informacion_consolidada2025_5.xlsx,octubre,2025,month,2025-10,F.E.D.E.I.,214.98706152413558,F.E.D.E.I.
Mendoza,informacion_consolidada2025_5.xlsx,octubre,2025,month,2025-10,Financ. | Educativo | Ley Nº 26.075,35901.02603833969,Financiamiento Educativo
Mendoza,informacion_consolidada2025_5.xlsx,octubre,2025,month,2025-10,Fondo | Compens. | de | Desequilib.,2.2,Fondo | Compens. | de | Desequilib.
Mendoza,informacion_consolidada2025_5.xlsx,octubre,2025,month,2025-10,I.V.A. | Ley Nº 23.966 | Art. 5 | Punto 2,0.0,I.V.A. | Ley Nº 23.966 | Art. 5 | Punto 2
Mendoza,informacion_consolidada2025_5.xlsx,octubre,2025,month,2025-10,Impuesto a los Combustibles Líquidos | Ley Nº 23.966 y Nº 24.699 | Obras de | Infraestr.,488.6249,Impuesto a los Combustibles Líquidos | Ley Nº 23.966 y Nº 24.699 | Obras de | Infraestr.
Mendoza,informacion_consolidada2025_5.xlsx,octubre,2025,month,2025-10,Impuesto s/ | Los Activos | Fdo. Educ. | Ley Nº 23.906,0.0,Impuesto s/ | Los Activos | Fdo. Educ. | Ley Nº 23.906
Mendoza,informacion_consolidada2025_5.xlsx,octubre,2025,month,2025-10,Impuesto sobre los | Bienes Personales | Ley | Nº 24.699,2103.3534,Impuesto sobre los | Bienes Personales | Ley | Nº 24.699
Mendoza,informacion_consolidada2025_5.xlsx,octubre,2025,month,2025-10,Ley Nº 23.966 | Art. 30,0.0,Ley Nº 23.966 | Art. 30
Mendoza,informacion_consolidada2025_5.xlsx,octubre,2025,month,2025-10,Ley Nº 24.464 | FO.NA.VI.,2287.9366,Ley Nº 24.464 | FO.NA.VI.
Mendoza,informacion_consolidada2025_5.xlsx,octubre,2025,month,2025-10,Reg.Simplif. | P/Peq.Contrib. | Ley Nº 24.977 | Aart. 59 Inc. A,972.7035999999999,Reg.Simplif. | P/Peq.Contrib. | Ley Nº 24.977 | Aart. 59 Inc. A
Mendoza,informacion_consolidada2025_5.xlsx,octubre,2025,month,2025-10,Régimen de la Energía Eléctrica | L E Y Nº 2 4 . 0 6 5 | Fdo. P/Comp. | Tarifa Elect.,276.5723564974559,Régimen de la Energía Eléctrica | L E Y Nº 2 4 . 0 6 5 | Fdo. P/Comp. | Tarifa Elect.
Mendoza,informacion_consolidada2025_5.xlsx,octubre,2025,month,2025-10,Subtotal,201638.45323833966,Subtotal
Mendoza,informacion_consolidada2025_5.xlsx,octubre,2025,month,2025-10,Subtotal,201643.59483833966,Subtotal
Mendoza,informacion_consolidada2025_5.xlsx,octubre,2025,month,2025-10,Total | (1) + (2),215844.91391845123,Total | (1) + (2)
Mendoza,informacion_consolidada2025_5.xlsx,octubre,2025,month,2025-10,Total | Recursos | Origen Nacional | (1),209172.83287645123,Total | Recursos | Origen Nacional | (1)
Mendoza,informacion_consolidada2025_5.xlsx,octubre,2025,month,2025-10,Transfer. | De Servicios | Ley | Nº 24.049,5.1416,Transfer. | De Servicios | Ley | Nº 24.049
Mendoza,informacion_consolidada2025_5.xlsx,octubre,2025,month,2025-10,Vialidad | Provincial,1020.3921,Vialidad | Provincial
Mendoza,informacion_consolidada2025_5.xlsx,noviembre,2025,month,2025-11,C.F.I. | Neta De | Ley Nº 26.075,169437.54369999998,CFI | Neta
Mendoza,informacion_consolidada2025_5.xlsx,noviembre,2025,month,2025-11,Compensación | Consenso Fiscal | II. a y b; II. d y e | (2),5155.698987,Compensación Consenso Fiscal
Mendoza,informacion_consolidada2025_5.xlsx,noviembre,2025,month,2025-11,F.E.D.E.I.,0.0,F.E.D.E.I.
Mendoza,informacion_consolidada2025_5.xlsx,noviembre,2025,month,2025-11,F.E.D.E.I.,0.0,F.E.D.E.I.
Mendoza,informacion_consolidada2025_5.xlsx,noviembre,2025,month,2025-11,Financ. | Educativo | Ley Nº 26.075,26535.540984859774,Financiamiento Educativo
Mendoza,informacion_consolidada2025_5.xlsx,noviembre,2025,month,2025-11,Fondo | Compens. | de | Desequilib.,2.2,Fondo | Compens. | de | Desequilib.
Mendoza,informacion_consolidada2025_5.xlsx,noviembre,2025,month,2025-11,I.V.A. | Ley Nº 23.966 | Art. 5 | Punto 2,0.0,I.V.A. | Ley Nº 23.966 | Art. 5 | Punto 2
Mendoza,informacion_consolidada2025_5.xlsx,noviembre,2025,month,2025-11,Impuesto a los Combustibles Líquidos | Ley Nº 23.966 y Nº 24.699 | Obras de | Infraestr.,517.4866,Impuesto a los Combustibles Líquidos | Ley Nº 23.966 y Nº 24.699 | Obras de | Infraestr.
Mendoza,informacion_consolidada2025_5.xlsx,noviembre,2025,month,2025-11,Impuesto s/ | Los Activos | Fdo. Educ. | Ley Nº 23.906,0.0,Impuesto s/ | Los Activos | Fdo. Educ. | Ley Nº 23.906
Mendoza,informacion_consolidada2025_5.xlsx,noviembre,2025,month,2025-11,Impuesto sobre los | Bienes Personales | Ley | Nº 24.699,1270.866,Impuesto sobre los | Bienes Personales | Ley | Nº 24.699
Mendoza,informacion_consolidada2025_5.xlsx,noviembre,2025,month,2025-11,Ley Nº 23.966 | Art. 30,0.0,Ley Nº 23.966 | Art. 30
Mendoza,informacion_consolidada2025_5.xlsx,noviembre,2025,month,2025-11,Ley Nº 24.464 | FO.NA.VI.,2423.0787,Ley Nº 24.464 | FO.NA.VI.
Mendoza,informacion_consolidada2025_5.xlsx,noviembre,2025,month,2025-11,Reg.Simplif. | P/Peq.Contrib. | Ley Nº 24.977 | Aart. 59 Inc. A,959.4132,Reg.Simplif. | P/Peq.Contrib. | Ley Nº 24.977 | Aart. 59 Inc. A
Mendoza,informacion_consolidada2025_5.xlsx,noviembre,2025,month,2025-11,Régimen de la Energía Eléctrica | L E Y Nº 2 4 . 0 6 5 | Fdo. P/Comp. | Tarifa Elect.,0.0,Régimen de la Energía Eléctrica | L E Y Nº 2 4 . 0 6 5 | Fdo. P/Comp. | Tarifa Elect.
Mendoza,informacion_consolidada2025_5.xlsx,noviembre,2025,month,2025-11,Subtotal,195973.08468485976,Subtotal
Mendoza,informacion_consolidada2025_5.xlsx,noviembre,2025,month,2025-11,Subtotal,195978.22628485976,Subtotal
Mendoza,informacion_consolidada2025_5.xlsx,noviembre,2025,month,2025-11,Total | (1) + (2),207387.63367185983,Total | (1) + (2)
Mendoza,informacion_consolidada2025_5.xlsx,noviembre,2025,month,2025-11,Total | Recursos | Origen Nacional | (1),202231.93468485982,Total | Recursos | Origen Nacional | (1)
Mendoza,informacion_consolidada2025_5.xlsx,noviembre,2025,month,2025-11,Transfer. | De Servicios | Ley | Nº 24.049,5.1416,Transfer. | De Servicios | Ley | Nº 24.049
Mendoza,informacion_consolidada2025_5.xlsx,noviembre,2025,month,2025-11,Vialidad | Provincial,1080.6639,Vialidad | Provincial
Mendoza,informacion_consolidada2025_5.xlsx,diciembre,2025,month,2025-12,C.F.I. | Neta De | Ley Nº 26.075,173189.78759999998,CFI | Neta
Mendoza,informacion_consolidada2025_5.xlsx,diciembre,2025,month,2025-12,Compensación | Consenso Fiscal | II. a y b; II. d y e | (2),19754.580083620003,Compensación Consenso Fiscal
Mendoza,informacion_consolidada2025_5.xlsx,diciembre,2025,month,2025-12,F.E.D.E.I.,321.423285959821,F.E.D.E.I.
Mendoza,informacion_consolidada2025_5.xlsx,diciembre,2025,month,2025-12,F.E.D.E.I.,460.6494712401207,F.E.D.E.I.
Mendoza,informacion_consolidada2025_5.xlsx,diciembre,2025,month,2025-12,Financ. | Educativo | Ley Nº 26.075,32779.197687180145,Financiamiento Educativo
Mendoza,informacion_consolidada2025_5.xlsx,diciembre,2025,month,2025-12,Fondo | Compens. | de | Desequilib.,2.2,Fondo | Compens. | de | Desequilib.
Mendoza,informacion_consolidada2025_5.xlsx,diciembre,2025,month,2025-12,I.V.A. | Ley Nº 23.966 | Art. 5 | Punto 2,0.0,I.V.A. | Ley Nº 23.966 | Art. 5 | Punto 2
Mendoza,informacion_consolidada2025_5.xlsx,diciembre,2025,month,2025-12,Impuesto a los Combustibles Líquidos | Ley Nº 23.966 y Nº 24.699 | Obras de | Infraestr.,736.1598,Impuesto a los Combustibles Líquidos | Ley Nº 23.966 y Nº 24.699 | Obras de | Infraestr.
Mendoza,informacion_consolidada2025_5.xlsx,diciembre,2025,month,2025-12,Impuesto s/ | Los Activos | Fdo. Educ. | Ley Nº 23.906,0.004113329999999999,Impuesto s/ | Los Activos | Fdo. Educ. | Ley Nº 23.906
Mendoza,informacion_consolidada2025_5.xlsx,diciembre,2025,month,2025-12,Impuesto sobre los | Bienes Personales | Ley | Nº 24.699,2114.5402000000004,Impuesto sobre los | Bienes Personales | Ley | Nº 24.699
Mendoza,informacion_consolidada2025_5.xlsx,diciembre,2025,month,2025-12,Ley Nº 23.966 | Art. 30,0.0,Ley Nº 23.966 | Art. 30
Mendoza,informacion_consolidada2025_5.xlsx,diciembre,2025,month,2025-12,Ley Nº 24.464 | FO.NA.VI.,3446.9934,Ley Nº 24.464 | FO.NA.VI.
Mendoza,informacion_consolidada2025_5.xlsx,diciembre,2025,month,2025-12,Reg.Simplif. | P/Peq.Contrib. | Ley Nº 24.977 | Aart. 59 Inc. A,1013.7746999999999,Reg.Simplif. | P/Peq.Contrib. | Ley Nº 24.977 | Aart. 59 Inc. A
Mendoza,informacion_consolidada2025_5.xlsx,diciembre,2025,month,2025-12,Régimen de la Energía Eléctrica | L E Y Nº 2 4 . 0 6 5 | Fdo. P/Comp. | Tarifa Elect.,592.607335898876,Régimen de la Energía Eléctrica | L E Y Nº 2 4 . 0 6 5 | Fdo. P/Comp. | Tarifa Elect.
Mendoza,informacion_consolidada2025_5.xlsx,diciembre,2025,month,2025-12,Subtotal,205968.9852871801,Subtotal
Mendoza,informacion_consolidada2025_5.xlsx,diciembre,2025,month,2025-12,Subtotal,205974.12688718011,Subtotal
Mendoza,informacion_consolidada2025_5.xlsx,diciembre,2025,month,2025-12,Total | (1) + (2),235954.37687722896,Total | (1) + (2)
Mendoza,informacion_consolidada2025_5.xlsx,diciembre,2025,month,2025-12,Total | Recursos | Origen Nacional | (1),216199.79679360896,Total | Recursos | Origen Nacional | (1)
Mendoza,informacion_consolidada2025_5.xlsx,diciembre,2025,month,2025-12,Transfer. | De Servicios | Ley | Nº 24.049,5.1416,Transfer. | De Servicios | Ley | Nº 24.049
Mendoza,informacion_consolidada2025_5.xlsx,diciembre,2025,month,2025-12,Vialidad | Provincial,1537.3176,Vialidad | Provincial
Mendoza,informacion_consolidada2025_5.xlsx,CONS,2025,consolidated,CONS,C.F.I. | Neta De | Ley Nº 26.075,1821437.5374,CFI | Neta
Mendoza,informacion_consolidada2025_5.xlsx,CONS,2025,consolidated,CONS,Compensación | Consenso Fiscal | II. a y b; II. d y e | (2),74681.77697662002,Compensación Consenso Fiscal
Mendoza,informacion_consolidada2025_5.xlsx,CONS,2025,consolidated,CONS,F.E.D.E.I.,1694.535525473777,F.E.D.E.I.
Mendoza,informacion_consolidada2025_5.xlsx,CONS,2025,consolidated,CONS,F.E.D.E.I.,2466.744606107519,F.E.D.E.I.
Mendoza,informacion_consolidada2025_5.xlsx,CONS,2025,consolidated,CONS,Financ. | Educativo | Ley Nº 26.075,379302.14459999994,Financiamiento Educativo
Mendoza,informacion_consolidada2025_5.xlsx,CONS,2025,consolidated,CONS,Fondo | Compens. | de | Desequilib.,26.4,Fondo | Compens. | de | Desequilib.
Mendoza,informacion_consolidada2025_5.xlsx,CONS,2025,consolidated,CONS,I.V.A. | Ley Nº 23.966 | Art. 5 | Punto 2,0.0,I.V.A. | Ley Nº 23.966 | Art. 5 | Punto 2
Mendoza,informacion_consolidada2025_5.xlsx,CONS,2025,consolidated,CONS,Impuesto a los Combustibles Líquidos | Ley Nº 23.966 y Nº 24.699 | Obras de | Infraestr.,5507.7771999999995,Impuesto a los Combustibles Líquidos | Ley Nº 23.966 y Nº 24.699 | Obras de | Infraestr.
Mendoza,informacion_consolidada2025_5.xlsx,CONS,2025,consolidated,CONS,Impuesto s/ | Los Activos | Fdo. Educ. | Ley Nº 23.906,0.1461,Impuesto s/ | Los Activos | Fdo. Educ. | Ley Nº 23.906
Mendoza,informacion_consolidada2025_5.xlsx,CONS,2025,consolidated,CONS,Impuesto sobre los | Bienes Personales | Ley | Nº 24.699,42997.149300000005,Impuesto sobre los | Bienes Personales | Ley | Nº 24.699
Mendoza,informacion_consolidada2025_5.xlsx,CONS,2025,consolidated,CONS,Ley Nº 23.966 | Art. 30,0.0,Ley Nº 23.966 | Art. 30
Mendoza,informacion_consolidada2025_5.xlsx,CONS,2025,consolidated,CONS,Ley Nº 24.464 | FO.NA.VI.,25789.6077,Ley Nº 24.464 | FO.NA.VI.
Mendoza,informacion_consolidada2025_5.xlsx,CONS,2025,consolidated,CONS,Reg.Simplif. | P/Peq.Contrib. | Ley Nº 24.977 | Aart. 59 Inc. A,8569.3896,Reg.Simplif. | P/Peq.Contrib. | Ley Nº 24.977 | Aart. 59 Inc. A
Mendoza,informacion_consolidada2025_5.xlsx,CONS,2025,consolidated,CONS,Régimen de la Energía Eléctrica | L E Y Nº 2 4 . 0 6 5 | Fdo. P/Comp. | Tarifa Elect.,3174.0107000000003,Régimen de la Energía Eléctrica | L E Y Nº 2 4 . 0 6 5 | Fdo. P/Comp. | Tarifa Elect.
Mendoza,informacion_consolidada2025_5.xlsx,CONS,2025,consolidated,CONS,Subtotal,2200739.682,Subtotal
Mendoza,informacion_consolidada2025_5.xlsx,CONS,2025,consolidated,CONS,Subtotal,2200801.3812,Subtotal
Mendoza,informacion_consolidada2025_5.xlsx,CONS,2025,consolidated,CONS,Total | (1) + (2),2377210.773208201,Total | (1) + (2)
Mendoza,informacion_consolidada2025_5.xlsx,CONS,2025,consolidated,CONS,Total | Recursos | Origen Nacional | (1),2302528.996231581,Total | Recursos | Origen Nacional | (1)
Mendoza,informacion_consolidada2025_5.xlsx,CONS,2025,consolidated,CONS,Transfer. | De Servicios | Ley | Nº 24.049,61.69919999999999,Transfer. | De Servicios | Ley | Nº 24.049
Mendoza,informacion_consolidada2025_5.xlsx,CONS,2025,consolidated,CONS,Vialidad | Provincial,11501.8543,Vialidad | Provincial
Misiones,informacion_consolidada2025_5.xlsx,enero,2025,month,2025-01,C.F.I. | Neta De | Ley Nº 26.075,141394.4097,CFI | Neta
Misiones,informacion_consolidada2025_5.xlsx,enero,2025,month,2025-01,Compensación | Consenso Fiscal | II. a y b; II. d y e | (2),5086.44048,Compensación Consenso Fiscal
Misiones,informacion_consolidada2025_5.xlsx,enero,2025,month,2025-01,F.E.D.E.I.,0.0,F.E.D.E.I.
Misiones,informacion_consolidada2025_5.xlsx,enero,2025,month,2025-01,F.E.D.E.I.,0.0,F.E.D.E.I.
Misiones,informacion_consolidada2025_5.xlsx,enero,2025,month,2025-01,Financ. | Educativo | Ley Nº 26.075,0.0,Financiamiento Educativo
Misiones,informacion_consolidada2025_5.xlsx,enero,2025,month,2025-01,Fondo | Compens. | de | Desequilib.,2.2,Fondo | Compens. | de | Desequilib.
Misiones,informacion_consolidada2025_5.xlsx,enero,2025,month,2025-01,I.V.A. | Ley Nº 23.966 | Art. 5 | Punto 2,749.5465,I.V.A. | Ley Nº 23.966 | Art. 5 | Punto 2
Misiones,informacion_consolidada2025_5.xlsx,enero,2025,month,2025-01,Impuesto a los Combustibles Líquidos | Ley Nº 23.966 y Nº 24.699 | Obras de | Infraestr.,245.5671,Impuesto a los Combustibles Líquidos | Ley Nº 23.966 y Nº 24.699 | Obras de | Infraestr.
Misiones,informacion_consolidada2025_5.xlsx,enero,2025,month,2025-01,Impuesto s/ | Los Activos | Fdo. Educ. | Ley Nº 23.906,0.0,Impuesto s/ | Los Activos | Fdo. Educ. | Ley Nº 23.906
Misiones,informacion_consolidada2025_5.xlsx,enero,2025,month,2025-01,Impuesto sobre los | Bienes Personales | Ley | Nº 24.699,841.3873000000001,Impuesto sobre los | Bienes Personales | Ley | Nº 24.699
Misiones,informacion_consolidada2025_5.xlsx,enero,2025,month,2025-01,Ley Nº 23.966 | Art. 30,62.432199999999995,Ley Nº 23.966 | Art. 30
Misiones,informacion_consolidada2025_5.xlsx,enero,2025,month,2025-01,Ley Nº 24.464 | FO.NA.VI.,1705.6042,Ley Nº 24.464 | FO.NA.VI.
Misiones,informacion_consolidada2025_5.xlsx,enero,2025,month,2025-01,Reg.Simplif. | P/Peq.Contrib. | Ley Nº 24.977 | Aart. 59 Inc. A,280.4732,Reg.Simplif. | P/Peq.Contrib. | Ley Nº 24.977 | Aart. 59 Inc. A
Misiones,informacion_consolidada2025_5.xlsx,enero,2025,month,2025-01,Régimen de la Energía Eléctrica | L E Y Nº 2 4 . 0 6 5 | Fdo. P/Comp. | Tarifa Elect.,0.0,Régimen de la Energía Eléctrica | L E Y Nº 2 4 . 0 6 5 | Fdo. P/Comp. | Tarifa Elect.
Misiones,informacion_consolidada2025_5.xlsx,enero,2025,month,2025-01,Subtotal,141394.4097,Subtotal
Misiones,informacion_consolidada2025_5.xlsx,enero,2025,month,2025-01,Subtotal,141397.25139999998,Subtotal
Misiones,informacion_consolidada2025_5.xlsx,enero,2025,month,2025-01,Total | (1) + (2),150830.00777999999,Total | (1) + (2)
Misiones,informacion_consolidada2025_5.xlsx,enero,2025,month,2025-01,Total | Recursos | Origen Nacional | (1),145743.5673,Total | Recursos | Origen Nacional | (1)
Misiones,informacion_consolidada2025_5.xlsx,enero,2025,month,2025-01,Transfer. | De Servicios | Ley | Nº 24.049,2.8417,Transfer. | De Servicios | Ley | Nº 24.049
Misiones,informacion_consolidada2025_5.xlsx,enero,2025,month,2025-01,Vialidad | Provincial,459.10540000000003,Vialidad | Provincial
Misiones,informacion_consolidada2025_5.xlsx,febrero,2025,month,2025-02,C.F.I. | Neta De | Ley Nº 26.075,130369.247,CFI | Neta
Misiones,informacion_consolidada2025_5.xlsx,febrero,2025,month,2025-02,Compensación | Consenso Fiscal | II. a y b; II. d y e | (2),4624.0368,Compensación Consenso Fiscal
Misiones,informacion_consolidada2025_5.xlsx,febrero,2025,month,2025-02,F.E.D.E.I.,220.53777661,F.E.D.E.I.
Misiones,informacion_consolidada2025_5.xlsx,febrero,2025,month,2025-02,F.E.D.E.I.,132.16631037515438,F.E.D.E.I.
Misiones,informacion_consolidada2025_5.xlsx,febrero,2025,month,2025-02,Financ. | Educativo | Ley Nº 26.075,0.0,Financiamiento Educativo
Misiones,informacion_consolidada2025_5.xlsx,febrero,2025,month,2025-02,Fondo | Compens. | de | Desequilib.,2.2,Fondo | Compens. | de | Desequilib.
Misiones,informacion_consolidada2025_5.xlsx,febrero,2025,month,2025-02,I.V.A. | Ley Nº 23.966 | Art. 5 | Punto 2,656.3543000000001,I.V.A. | Ley Nº 23.966 | Art. 5 | Punto 2
Misiones,informacion_consolidada2025_5.xlsx,febrero,2025,month,2025-02,Impuesto a los Combustibles Líquidos | Ley Nº 23.966 y Nº 24.699 | Obras de | Infraestr.,309.339,Impuesto a los Combustibles Líquidos | Ley Nº 23.966 y Nº 24.699 | Obras de | Infraestr.
Misiones,informacion_consolidada2025_5.xlsx,febrero,2025,month,2025-02,Impuesto s/ | Los Activos | Fdo. Educ. | Ley Nº 23.906,0.0,Impuesto s/ | Los Activos | Fdo. Educ. | Ley Nº 23.906
Misiones,informacion_consolidada2025_5.xlsx,febrero,2025,month,2025-02,Impuesto sobre los | Bienes Personales | Ley | Nº 24.699,1167.0039,Impuesto sobre los | Bienes Personales | Ley | Nº 24.699
Misiones,informacion_consolidada2025_5.xlsx,febrero,2025,month,2025-02,Ley Nº 23.966 | Art. 30,86.59339999999999,Ley Nº 23.966 | Art. 30
Misiones,informacion_consolidada2025_5.xlsx,febrero,2025,month,2025-02,Ley Nº 24.464 | FO.NA.VI.,2148.5361000000003,Ley Nº 24.464 | FO.NA.VI.
Misiones,informacion_consolidada2025_5.xlsx,febrero,2025,month,2025-02,Reg.Simplif. | P/Peq.Contrib. | Ley Nº 24.977 | Aart. 59 Inc. A,409.0293,Reg.Simplif. | P/Peq.Contrib. | Ley Nº 24.977 | Aart. 59 Inc. A
Misiones,informacion_consolidada2025_5.xlsx,febrero,2025,month,2025-02,Régimen de la Energía Eléctrica | L E Y Nº 2 4 . 0 6 5 | Fdo. P/Comp. | Tarifa Elect.,150.64455943015338,Régimen de la Energía Eléctrica | L E Y Nº 2 4 . 0 6 5 | Fdo. P/Comp. | Tarifa Elect.
Misiones,informacion_consolidada2025_5.xlsx,febrero,2025,month,2025-02,Subtotal,130369.247,Subtotal
Misiones,informacion_consolidada2025_5.xlsx,febrero,2025,month,2025-02,Subtotal,130372.08870000001,Subtotal
Misiones,informacion_consolidada2025_5.xlsx,febrero,2025,month,2025-02,Total | (1) + (2),140856.86164641535,Total | (1) + (2)
Misiones,informacion_consolidada2025_5.xlsx,febrero,2025,month,2025-02,Total | Recursos | Origen Nacional | (1),136232.82484641534,Total | Recursos | Origen Nacional | (1)
Misiones,informacion_consolidada2025_5.xlsx,febrero,2025,month,2025-02,Transfer. | De Servicios | Ley | Nº 24.049,2.8417,Transfer. | De Servicios | Ley | Nº 24.049
Misiones,informacion_consolidada2025_5.xlsx,febrero,2025,month,2025-02,Vialidad | Provincial,578.3315,Vialidad | Provincial
Misiones,informacion_consolidada2025_5.xlsx,marzo,2025,month,2025-03,C.F.I. | Neta De | Ley Nº 26.075,107522.9802,CFI | Neta
Misiones,informacion_consolidada2025_5.xlsx,marzo,2025,month,2025-03,Compensación | Consenso Fiscal | II. a y b; II. d y e | (2),4161.63312,Compensación Consenso Fiscal
Misiones,informacion_consolidada2025_5.xlsx,marzo,2025,month,2025-03,F.E.D.E.I.,127.93689715999999,F.E.D.E.I.
Misiones,informacion_consolidada2025_5.xlsx,marzo,2025,month,2025-03,F.E.D.E.I.,224.18222117182907,F.E.D.E.I.
Misiones,informacion_consolidada2025_5.xlsx,marzo,2025,month,2025-03,Financ. | Educativo | Ley Nº 26.075,10519.94674128,Financiamiento Educativo
Misiones,informacion_consolidada2025_5.xlsx,marzo,2025,month,2025-03,Fondo | Compens. | de | Desequilib.,2.2,Fondo | Compens. | de | Desequilib.
Misiones,informacion_consolidada2025_5.xlsx,marzo,2025,month,2025-03,I.V.A. | Ley Nº 23.966 | Art. 5 | Punto 2,613.9798000000001,I.V.A. | Ley Nº 23.966 | Art. 5 | Punto 2
Misiones,informacion_consolidada2025_5.xlsx,marzo,2025,month,2025-03,Impuesto a los Combustibles Líquidos | Ley Nº 23.966 y Nº 24.699 | Obras de | Infraestr.,282.525,Impuesto a los Combustibles Líquidos | Ley Nº 23.966 y Nº 24.699 | Obras de | Infraestr.
Misiones,informacion_consolidada2025_5.xlsx,marzo,2025,month,2025-03,Impuesto s/ | Los Activos | Fdo. Educ. | Ley Nº 23.906,0.0,Impuesto s/ | Los Activos | Fdo. Educ. | Ley Nº 23.906
Misiones,informacion_consolidada2025_5.xlsx,marzo,2025,month,2025-03,Impuesto sobre los | Bienes Personales | Ley | Nº 24.699,533.6438,Impuesto sobre los | Bienes Personales | Ley | Nº 24.699
Misiones,informacion_consolidada2025_5.xlsx,marzo,2025,month,2025-03,Ley Nº 23.966 | Art. 30,39.5971,Ley Nº 23.966 | Art. 30
Misiones,informacion_consolidada2025_5.xlsx,marzo,2025,month,2025-03,Ley Nº 24.464 | FO.NA.VI.,1962.2975,Ley Nº 24.464 | FO.NA.VI.
Misiones,informacion_consolidada2025_5.xlsx,marzo,2025,month,2025-03,Reg.Simplif. | P/Peq.Contrib. | Ley Nº 24.977 | Aart. 59 Inc. A,440.0322,Reg.Simplif. | P/Peq.Contrib. | Ley Nº 24.977 | Aart. 59 Inc. A
Misiones,informacion_consolidada2025_5.xlsx,marzo,2025,month,2025-03,Régimen de la Energía Eléctrica | L E Y Nº 2 4 . 0 6 5 | Fdo. P/Comp. | Tarifa Elect.,255.52526844983987,Régimen de la Energía Eléctrica | L E Y Nº 2 4 . 0 6 5 | Fdo. P/Comp. | Tarifa Elect.
Misiones,informacion_consolidada2025_5.xlsx,marzo,2025,month,2025-03,Subtotal,118042.92694128,Subtotal
Misiones,informacion_consolidada2025_5.xlsx,marzo,2025,month,2025-03,Subtotal,118045.76864128001,Subtotal
Misiones,informacion_consolidada2025_5.xlsx,marzo,2025,month,2025-03,Total | (1) + (2),127217.52234806168,Total | (1) + (2)
Misiones,informacion_consolidada2025_5.xlsx,marzo,2025,month,2025-03,Total | Recursos | Origen Nacional | (1),123055.88922806169,Total | Recursos | Origen Nacional | (1)
Misiones,informacion_consolidada2025_5.xlsx,marzo,2025,month,2025-03,Transfer. | De Servicios | Ley | Nº 24.049,2.8417,Transfer. | De Servicios | Ley | Nº 24.049
Misiones,informacion_consolidada2025_5.xlsx,marzo,2025,month,2025-03,Vialidad | Provincial,528.2008000000001,Vialidad | Provincial
Misiones,informacion_consolidada2025_5.xlsx,abril,2025,month,2025-04,C.F.I. | Neta De | Ley Nº 26.075,84817.0903,CFI | Neta
Misiones,informacion_consolidada2025_5.xlsx,abril,2025,month,2025-04,Compensación | Consenso Fiscal | II. a y b; II. d y e | (2),7082.225319,Compensación Consenso Fiscal
Misiones,informacion_consolidada2025_5.xlsx,abril,2025,month,2025-04,F.E.D.E.I.,161.34025981418688,F.E.D.E.I.
Misiones,informacion_consolidada2025_5.xlsx,abril,2025,month,2025-04,F.E.D.E.I.,193.36407283188225,F.E.D.E.I.
Misiones,informacion_consolidada2025_5.xlsx,abril,2025,month,2025-04,Financ. | Educativo | Ley Nº 26.075,42079.786965119994,Financiamiento Educativo
Misiones,informacion_consolidada2025_5.xlsx,abril,2025,month,2025-04,Fondo | Compens. | de | Desequilib.,2.2,Fondo | Compens. | de | Desequilib.
Misiones,informacion_consolidada2025_5.xlsx,abril,2025,month,2025-04,I.V.A. | Ley Nº 23.966 | Art. 5 | Punto 2,655.8543000000001,I.V.A. | Ley Nº 23.966 | Art. 5 | Punto 2
Misiones,informacion_consolidada2025_5.xlsx,abril,2025,month,2025-04,Impuesto a los Combustibles Líquidos | Ley Nº 23.966 y Nº 24.699 | Obras de | Infraestr.,313.7044,Impuesto a los Combustibles Líquidos | Ley Nº 23.966 y Nº 24.699 | Obras de | Infraestr.
Misiones,informacion_consolidada2025_5.xlsx,abril,2025,month,2025-04,Impuesto s/ | Los Activos | Fdo. Educ. | Ley Nº 23.906,0.0,Impuesto s/ | Los Activos | Fdo. Educ. | Ley Nº 23.906
Misiones,informacion_consolidada2025_5.xlsx,abril,2025,month,2025-04,Impuesto sobre los | Bienes Personales | Ley | Nº 24.699,997.8791,Impuesto sobre los | Bienes Personales | Ley | Nº 24.699
Misiones,informacion_consolidada2025_5.xlsx,abril,2025,month,2025-04,Ley Nº 23.966 | Art. 30,74.0441,Ley Nº 23.966 | Art. 30
Misiones,informacion_consolidada2025_5.xlsx,abril,2025,month,2025-04,Ley Nº 24.464 | FO.NA.VI.,2178.8567000000003,Ley Nº 24.464 | FO.NA.VI.
Misiones,informacion_consolidada2025_5.xlsx,abril,2025,month,2025-04,Reg.Simplif. | P/Peq.Contrib. | Ley Nº 24.977 | Aart. 59 Inc. A,450.8203,Reg.Simplif. | P/Peq.Contrib. | Ley Nº 24.977 | Aart. 59 Inc. A
Misiones,informacion_consolidada2025_5.xlsx,abril,2025,month,2025-04,Régimen de la Energía Eléctrica | L E Y Nº 2 4 . 0 6 5 | Fdo. P/Comp. | Tarifa Elect.,220.39841681426805,Régimen de la Energía Eléctrica | L E Y Nº 2 4 . 0 6 5 | Fdo. P/Comp. | Tarifa Elect.
Misiones,informacion_consolidada2025_5.xlsx,abril,2025,month,2025-04,Subtotal,126896.87726511998,Subtotal
Misiones,informacion_consolidada2025_5.xlsx,abril,2025,month,2025-04,Subtotal,126899.71896511999,Subtotal
Misiones,informacion_consolidada2025_5.xlsx,abril,2025,month,2025-04,Total | (1) + (2),139816.89893358032,Total | (1) + (2)
Misiones,informacion_consolidada2025_5.xlsx,abril,2025,month,2025-04,Total | Recursos | Origen Nacional | (1),132734.67361458033,Total | Recursos | Origen Nacional | (1)
Misiones,informacion_consolidada2025_5.xlsx,abril,2025,month,2025-04,Transfer. | De Servicios | Ley | Nº 24.049,2.8417,Transfer. | De Servicios | Ley | Nº 24.049
Misiones,informacion_consolidada2025_5.xlsx,abril,2025,month,2025-04,Vialidad | Provincial,586.493,Vialidad | Provincial
Misiones,informacion_consolidada2025_5.xlsx,mayo,2025,month,2025-05,C.F.I. | Neta De | Ley Nº 26.075,121487.2862,CFI | Neta
Misiones,informacion_consolidada2025_5.xlsx,mayo,2025,month,2025-05,Compensación | Consenso Fiscal | II. a y b; II. d y e | (2),7454.97402,Compensación Consenso Fiscal
Misiones,informacion_consolidada2025_5.xlsx,mayo,2025,month,2025-05,F.E.D.E.I.,311.04137294862204,F.E.D.E.I.
Misiones,informacion_consolidada2025_5.xlsx,mayo,2025,month,2025-05,F.E.D.E.I.,719.5862119897541,F.E.D.E.I.
Misiones,informacion_consolidada2025_5.xlsx,mayo,2025,month,2025-05,Financ. | Educativo | Ley Nº 26.075,43394.78030778007,Financiamiento Educativo
Misiones,informacion_consolidada2025_5.xlsx,mayo,2025,month,2025-05,Fondo | Compens. | de | Desequilib.,2.2,Fondo | Compens. | de | Desequilib.
Misiones,informacion_consolidada2025_5.xlsx,mayo,2025,month,2025-05,I.V.A. | Ley Nº 23.966 | Art. 5 | Punto 2,614.9156999999999,I.V.A. | Ley Nº 23.966 | Art. 5 | Punto 2
Misiones,informacion_consolidada2025_5.xlsx,mayo,2025,month,2025-05,Impuesto a los Combustibles Líquidos | Ley Nº 23.966 y Nº 24.699 | Obras de | Infraestr.,341.33320000000003,Impuesto a los Combustibles Líquidos | Ley Nº 23.966 y Nº 24.699 | Obras de | Infraestr.
Misiones,informacion_consolidada2025_5.xlsx,mayo,2025,month,2025-05,Impuesto s/ | Los Activos | Fdo. Educ. | Ley Nº 23.906,0.0,Impuesto s/ | Los Activos | Fdo. Educ. | Ley Nº 23.906
Misiones,informacion_consolidada2025_5.xlsx,mayo,2025,month,2025-05,Impuesto sobre los | Bienes Personales | Ley | Nº 24.699,689.0158,Impuesto sobre los | Bienes Personales | Ley | Nº 24.699
Misiones,informacion_consolidada2025_5.xlsx,mayo,2025,month,2025-05,Ley Nº 23.966 | Art. 30,51.126,Ley Nº 23.966 | Art. 30
Misiones,informacion_consolidada2025_5.xlsx,mayo,2025,month,2025-05,Ley Nº 24.464 | FO.NA.VI.,2370.7546,Ley Nº 24.464 | FO.NA.VI.
Misiones,informacion_consolidada2025_5.xlsx,mayo,2025,month,2025-05,Reg.Simplif. | P/Peq.Contrib. | Ley Nº 24.977 | Aart. 59 Inc. A,473.196,Reg.Simplif. | P/Peq.Contrib. | Ley Nº 24.977 | Aart. 59 Inc. A
Misiones,informacion_consolidada2025_5.xlsx,mayo,2025,month,2025-05,Régimen de la Energía Eléctrica | L E Y Nº 2 4 . 0 6 5 | Fdo. P/Comp. | Tarifa Elect.,375.9048600325587,Régimen de la Energía Eléctrica | L E Y Nº 2 4 . 0 6 5 | Fdo. P/Comp. | Tarifa Elect.
Misiones,informacion_consolidada2025_5.xlsx,mayo,2025,month,2025-05,Subtotal,164882.06650778008,Subtotal
Misiones,informacion_consolidada2025_5.xlsx,mayo,2025,month,2025-05,Subtotal,164884.90820778007,Subtotal
Misiones,informacion_consolidada2025_5.xlsx,mayo,2025,month,2025-05,Total | (1) + (2),178927.102972751,Total | (1) + (2)
Misiones,informacion_consolidada2025_5.xlsx,mayo,2025,month,2025-05,Total | Recursos | Origen Nacional | (1),171472.128952751,Total | Recursos | Origen Nacional | (1)
Misiones,informacion_consolidada2025_5.xlsx,mayo,2025,month,2025-05,Transfer. | De Servicios | Ley | Nº 24.049,2.8417,Transfer. | De Servicios | Ley | Nº 24.049
Misiones,informacion_consolidada2025_5.xlsx,mayo,2025,month,2025-05,Vialidad | Provincial,638.147,Vialidad | Provincial
Misiones,informacion_consolidada2025_5.xlsx,junio,2025,month,2025-06,C.F.I. | Neta De | Ley Nº 26.075,97639.08159999999,CFI | Neta
Misiones,informacion_consolidada2025_5.xlsx,junio,2025,month,2025-06,Compensación | Consenso Fiscal | II. a y b; II. d y e | (2),7082.225319,Compensación Consenso Fiscal
Misiones,informacion_consolidada2025_5.xlsx,junio,2025,month,2025-06,F.E.D.E.I.,0.0,F.E.D.E.I.
Misiones,informacion_consolidada2025_5.xlsx,junio,2025,month,2025-06,F.E.D.E.I.,206.29575987524743,F.E.D.E.I.
Misiones,informacion_consolidada2025_5.xlsx,junio,2025,month,2025-06,Financ. | Educativo | Ley Nº 26.075,42079.78696512006,Financiamiento Educativo
Misiones,informacion_consolidada2025_5.xlsx,junio,2025,month,2025-06,Fondo | Compens. | de | Desequilib.,2.2,Fondo | Compens. | de | Desequilib.
Misiones,informacion_consolidada2025_5.xlsx,junio,2025,month,2025-06,I.V.A. | Ley Nº 23.966 | Art. 5 | Punto 2,713.3206,I.V.A. | Ley Nº 23.966 | Art. 5 | Punto 2
Misiones,informacion_consolidada2025_5.xlsx,junio,2025,month,2025-06,Impuesto a los Combustibles Líquidos | Ley Nº 23.966 y Nº 24.699 | Obras de | Infraestr.,368.6388,Impuesto a los Combustibles Líquidos | Ley Nº 23.966 y Nº 24.699 | Obras de | Infraestr.
Misiones,informacion_consolidada2025_5.xlsx,junio,2025,month,2025-06,Impuesto s/ | Los Activos | Fdo. Educ. | Ley Nº 23.906,0.0,Impuesto s/ | Los Activos | Fdo. Educ. | Ley Nº 23.906
Misiones,informacion_consolidada2025_5.xlsx,junio,2025,month,2025-06,Impuesto sobre los | Bienes Personales | Ley | Nº 24.699,20087.9852,Impuesto sobre los | Bienes Personales | Ley | Nº 24.699
Misiones,informacion_consolidada2025_5.xlsx,junio,2025,month,2025-06,Ley Nº 23.966 | Art. 30,1490.5578,Ley Nº 23.966 | Art. 30
Misiones,informacion_consolidada2025_5.xlsx,junio,2025,month,2025-06,Ley Nº 24.464 | FO.NA.VI.,2560.4076,Ley Nº 24.464 | FO.NA.VI.
Misiones,informacion_consolidada2025_5.xlsx,junio,2025,month,2025-06,Reg.Simplif. | P/Peq.Contrib. | Ley Nº 24.977 | Aart. 59 Inc. A,482.9879,Reg.Simplif. | P/Peq.Contrib. | Ley Nº 24.977 | Aart. 59 Inc. A
Misiones,informacion_consolidada2025_5.xlsx,junio,2025,month,2025-06,Régimen de la Energía Eléctrica | L E Y Nº 2 4 . 0 6 5 | Fdo. P/Comp. | Tarifa Elect.,661.2817867823803,Régimen de la Energía Eléctrica | L E Y Nº 2 4 . 0 6 5 | Fdo. P/Comp. | Tarifa Elect.
Misiones,informacion_consolidada2025_5.xlsx,junio,2025,month,2025-06,Subtotal,139718.86856512004,Subtotal
Misiones,informacion_consolidada2025_5.xlsx,junio,2025,month,2025-06,Subtotal,139721.71026512003,Subtotal
Misiones,informacion_consolidada2025_5.xlsx,junio,2025,month,2025-06,Total | (1) + (2),174066.80783077766,Total | (1) + (2)
Misiones,informacion_consolidada2025_5.xlsx,junio,2025,month,2025-06,Total | Recursos | Origen Nacional | (1),166984.58251177767,Total | Recursos | Origen Nacional | (1)
Misiones,informacion_consolidada2025_5.xlsx,junio,2025,month,2025-06,Transfer. | De Servicios | Ley | Nº 24.049,2.8417,Transfer. | De Servicios | Ley | Nº 24.049
Misiones,informacion_consolidada2025_5.xlsx,junio,2025,month,2025-06,Vialidad | Provincial,689.1968,Vialidad | Provincial
Misiones,informacion_consolidada2025_5.xlsx,julio,2025,month,2025-07,C.F.I. | Neta De | Ley Nº 26.075,100832.25,CFI | Neta
Misiones,informacion_consolidada2025_5.xlsx,julio,2025,month,2025-07,Compensación | Consenso Fiscal | II. a y b; II. d y e | (2),7692.59293,Compensación Consenso Fiscal
Misiones,informacion_consolidada2025_5.xlsx,julio,2025,month,2025-07,F.E.D.E.I.,370.3709127063347,F.E.D.E.I.
Misiones,informacion_consolidada2025_5.xlsx,julio,2025,month,2025-07,F.E.D.E.I.,330.02680795226007,F.E.D.E.I.
Misiones,informacion_consolidada2025_5.xlsx,julio,2025,month,2025-07,Financ. | Educativo | Ley Nº 26.075,46024.766993100086,Financiamiento Educativo
Misiones,informacion_consolidada2025_5.xlsx,julio,2025,month,2025-07,Fondo | Compens. | de | Desequilib.,2.2,Fondo | Compens. | de | Desequilib.
Misiones,informacion_consolidada2025_5.xlsx,julio,2025,month,2025-07,I.V.A. | Ley Nº 23.966 | Art. 5 | Punto 2,717.8464,I.V.A. | Ley Nº 23.966 | Art. 5 | Punto 2
Misiones,informacion_consolidada2025_5.xlsx,julio,2025,month,2025-07,Impuesto a los Combustibles Líquidos | Ley Nº 23.966 y Nº 24.699 | Obras de | Infraestr.,329.4113,Impuesto a los Combustibles Líquidos | Ley Nº 23.966 y Nº 24.699 | Obras de | Infraestr.
Misiones,informacion_consolidada2025_5.xlsx,julio,2025,month,2025-07,Impuesto s/ | Los Activos | Fdo. Educ. | Ley Nº 23.906,0.0,Impuesto s/ | Los Activos | Fdo. Educ. | Ley Nº 23.906
Misiones,informacion_consolidada2025_5.xlsx,julio,2025,month,2025-07,Impuesto sobre los | Bienes Personales | Ley | Nº 24.699,1824.6408999999999,Impuesto sobre los | Bienes Personales | Ley | Nº 24.699
Misiones,informacion_consolidada2025_5.xlsx,julio,2025,month,2025-07,Ley Nº 23.966 | Art. 30,135.391,Ley Nº 23.966 | Art. 30
Misiones,informacion_consolidada2025_5.xlsx,julio,2025,month,2025-07,Ley Nº 24.464 | FO.NA.VI.,2287.9496,Ley Nº 24.464 | FO.NA.VI.
Misiones,informacion_consolidada2025_5.xlsx,julio,2025,month,2025-07,Reg.Simplif. | P/Peq.Contrib. | Ley Nº 24.977 | Aart. 59 Inc. A,488.34459999999996,Reg.Simplif. | P/Peq.Contrib. | Ley Nº 24.977 | Aart. 59 Inc. A
Misiones,informacion_consolidada2025_5.xlsx,julio,2025,month,2025-07,Régimen de la Energía Eléctrica | L E Y Nº 2 4 . 0 6 5 | Fdo. P/Comp. | Tarifa Elect.,366.1228310026414,Régimen de la Energía Eléctrica | L E Y Nº 2 4 . 0 6 5 | Fdo. P/Comp. | Tarifa Elect.
Misiones,informacion_consolidada2025_5.xlsx,julio,2025,month,2025-07,Subtotal,146857.0169931001,Subtotal
Misiones,informacion_consolidada2025_5.xlsx,julio,2025,month,2025-07,Subtotal,146859.85869310008,Subtotal
Misiones,informacion_consolidada2025_5.xlsx,julio,2025,month,2025-07,Total | (1) + (2),162020.61397476136,Total | (1) + (2)
Misiones,informacion_consolidada2025_5.xlsx,julio,2025,month,2025-07,Total | Recursos | Origen Nacional | (1),154328.02104476135,Total | Recursos | Origen Nacional | (1)
Misiones,informacion_consolidada2025_5.xlsx,julio,2025,month,2025-07,Transfer. | De Servicios | Ley | Nº 24.049,2.8417,Transfer. | De Servicios | Ley | Nº 24.049
Misiones,informacion_consolidada2025_5.xlsx,julio,2025,month,2025-07,Vialidad | Provincial,615.858,Vialidad | Provincial
Misiones,informacion_consolidada2025_5.xlsx,agosto,2025,month,2025-08,C.F.I. | Neta De | Ley Nº 26.075,123149.9899,CFI | Neta
Misiones,informacion_consolidada2025_5.xlsx,agosto,2025,month,2025-08,Compensación | Consenso Fiscal | II. a y b; II. d y e | (2),6993.2663,Compensación Consenso Fiscal
Misiones,informacion_consolidada2025_5.xlsx,agosto,2025,month,2025-08,F.E.D.E.I.,171.59402921152494,F.E.D.E.I.
Misiones,informacion_consolidada2025_5.xlsx,agosto,2025,month,2025-08,F.E.D.E.I.,227.67870991429052,F.E.D.E.I.
Misiones,informacion_consolidada2025_5.xlsx,agosto,2025,month,2025-08,Financ. | Educativo | Ley Nº 26.075,26299.86685320006,Financiamiento Educativo
Misiones,informacion_consolidada2025_5.xlsx,agosto,2025,month,2025-08,Fondo | Compens. | de | Desequilib.,2.2,Fondo | Compens. | de | Desequilib.
Misiones,informacion_consolidada2025_5.xlsx,agosto,2025,month,2025-08,I.V.A. | Ley Nº 23.966 | Art. 5 | Punto 2,732.7788,I.V.A. | Ley Nº 23.966 | Art. 5 | Punto 2
Misiones,informacion_consolidada2025_5.xlsx,agosto,2025,month,2025-08,Impuesto a los Combustibles Líquidos | Ley Nº 23.966 y Nº 24.699 | Obras de | Infraestr.,389.442,Impuesto a los Combustibles Líquidos | Ley Nº 23.966 y Nº 24.699 | Obras de | Infraestr.
Misiones,informacion_consolidada2025_5.xlsx,agosto,2025,month,2025-08,Impuesto s/ | Los Activos | Fdo. Educ. | Ley Nº 23.906,0.10579351,Impuesto s/ | Los Activos | Fdo. Educ. | Ley Nº 23.906
Misiones,informacion_consolidada2025_5.xlsx,agosto,2025,month,2025-08,Impuesto sobre los | Bienes Personales | Ley | Nº 24.699,1883.0066000000002,Impuesto sobre los | Bienes Personales | Ley | Nº 24.699
Misiones,informacion_consolidada2025_5.xlsx,agosto,2025,month,2025-08,Ley Nº 23.966 | Art. 30,139.7218,Ley Nº 23.966 | Art. 30
Misiones,informacion_consolidada2025_5.xlsx,agosto,2025,month,2025-08,Ley Nº 24.464 | FO.NA.VI.,2704.8977,Ley Nº 24.464 | FO.NA.VI.
Misiones,informacion_consolidada2025_5.xlsx,agosto,2025,month,2025-08,Reg.Simplif. | P/Peq.Contrib. | Ley Nº 24.977 | Aart. 59 Inc. A,695.6004,Reg.Simplif. | P/Peq.Contrib. | Ley Nº 24.977 | Aart. 59 Inc. A
Misiones,informacion_consolidada2025_5.xlsx,agosto,2025,month,2025-08,Régimen de la Energía Eléctrica | L E Y Nº 2 4 . 0 6 5 | Fdo. P/Comp. | Tarifa Elect.,252.5806141420505,Régimen de la Energía Eléctrica | L E Y Nº 2 4 . 0 6 5 | Fdo. P/Comp. | Tarifa Elect.
Misiones,informacion_consolidada2025_5.xlsx,agosto,2025,month,2025-08,Subtotal,149449.85675320006,Subtotal
Misiones,informacion_consolidada2025_5.xlsx,agosto,2025,month,2025-08,Subtotal,149452.69845320005,Subtotal
Misiones,informacion_consolidada2025_5.xlsx,agosto,2025,month,2025-08,Total | (1) + (2),164373.66109997794,Total | (1) + (2)
Misiones,informacion_consolidada2025_5.xlsx,agosto,2025,month,2025-08,Total | Recursos | Origen Nacional | (1),157380.39479997795,Total | Recursos | Origen Nacional | (1)
Misiones,informacion_consolidada2025_5.xlsx,agosto,2025,month,2025-08,Transfer. | De Servicios | Ley | Nº 24.049,2.8417,Transfer. | De Servicios | Ley | Nº 24.049
Misiones,informacion_consolidada2025_5.xlsx,agosto,2025,month,2025-08,Vialidad | Provincial,728.0899000000001,Vialidad | Provincial
Misiones,informacion_consolidada2025_5.xlsx,septiembre,2025,month,2025-09,C.F.I. | Neta De | Ley Nº 26.075,118645.0003,CFI | Neta
Misiones,informacion_consolidada2025_5.xlsx,septiembre,2025,month,2025-09,Compensación | Consenso Fiscal | II. a y b; II. d y e | (2),7692.59293,Compensación Consenso Fiscal
Misiones,informacion_consolidada2025_5.xlsx,septiembre,2025,month,2025-09,F.E.D.E.I.,203.13386818112895,F.E.D.E.I.
Misiones,informacion_consolidada2025_5.xlsx,septiembre,2025,month,2025-09,F.E.D.E.I.,283.4787037637766,F.E.D.E.I.
Misiones,informacion_consolidada2025_5.xlsx,septiembre,2025,month,2025-09,Financ. | Educativo | Ley Nº 26.075,28929.853538520078,Financiamiento Educativo
Misiones,informacion_consolidada2025_5.xlsx,septiembre,2025,month,2025-09,Fondo | Compens. | de | Desequilib.,2.2,Fondo | Compens. | de | Desequilib.
Misiones,informacion_consolidada2025_5.xlsx,septiembre,2025,month,2025-09,I.V.A. | Ley Nº 23.966 | Art. 5 | Punto 2,766.1861,I.V.A. | Ley Nº 23.966 | Art. 5 | Punto 2
Misiones,informacion_consolidada2025_5.xlsx,septiembre,2025,month,2025-09,Impuesto a los Combustibles Líquidos | Ley Nº 23.966 y Nº 24.699 | Obras de | Infraestr.,402.8213,Impuesto a los Combustibles Líquidos | Ley Nº 23.966 y Nº 24.699 | Obras de | Infraestr.
Misiones,informacion_consolidada2025_5.xlsx,septiembre,2025,month,2025-09,Impuesto s/ | Los Activos | Fdo. Educ. | Ley Nº 23.906,0.0,Impuesto s/ | Los Activos | Fdo. Educ. | Ley Nº 23.906
Misiones,informacion_consolidada2025_5.xlsx,septiembre,2025,month,2025-09,Impuesto sobre los | Bienes Personales | Ley | Nº 24.699,1687.6262,Impuesto sobre los | Bienes Personales | Ley | Nº 24.699
Misiones,informacion_consolidada2025_5.xlsx,septiembre,2025,month,2025-09,Ley Nº 23.966 | Art. 30,125.2243,Ley Nº 23.966 | Art. 30
Misiones,informacion_consolidada2025_5.xlsx,septiembre,2025,month,2025-09,Ley Nº 24.464 | FO.NA.VI.,2797.8246,Ley Nº 24.464 | FO.NA.VI.
Misiones,informacion_consolidada2025_5.xlsx,septiembre,2025,month,2025-09,Reg.Simplif. | P/Peq.Contrib. | Ley Nº 24.977 | Aart. 59 Inc. A,734.0756,Reg.Simplif. | P/Peq.Contrib. | Ley Nº 24.977 | Aart. 59 Inc. A
Misiones,informacion_consolidada2025_5.xlsx,septiembre,2025,month,2025-09,Régimen de la Energía Eléctrica | L E Y Nº 2 4 . 0 6 5 | Fdo. P/Comp. | Tarifa Elect.,314.4836206295818,Régimen de la Energía Eléctrica | L E Y Nº 2 4 . 0 6 5 | Fdo. P/Comp. | Tarifa Elect.
Misiones,informacion_consolidada2025_5.xlsx,septiembre,2025,month,2025-09,Subtotal,147574.85383852007,Subtotal
Misiones,informacion_consolidada2025_5.xlsx,septiembre,2025,month,2025-09,Subtotal,147577.69553852006,Subtotal
Misiones,informacion_consolidada2025_5.xlsx,septiembre,2025,month,2025-09,Total | (1) + (2),163340.44626109456,Total | (1) + (2)
Misiones,informacion_consolidada2025_5.xlsx,septiembre,2025,month,2025-09,Total | Recursos | Origen Nacional | (1),155647.85333109455,Total | Recursos | Origen Nacional | (1)
Misiones,informacion_consolidada2025_5.xlsx,septiembre,2025,month,2025-09,Transfer. | De Servicios | Ley | Nº 24.049,2.8417,Transfer. | De Servicios | Ley | Nº 24.049
Misiones,informacion_consolidada2025_5.xlsx,septiembre,2025,month,2025-09,Vialidad | Provincial,753.1035,Vialidad | Provincial
Misiones,informacion_consolidada2025_5.xlsx,octubre,2025,month,2025-10,C.F.I. | Neta De | Ley Nº 26.075,129482.61140000001,CFI | Neta
Misiones,informacion_consolidada2025_5.xlsx,octubre,2025,month,2025-10,Compensación | Consenso Fiscal | II. a y b; II. d y e | (2),8531.800398,Compensación Consenso Fiscal
Misiones,informacion_consolidada2025_5.xlsx,octubre,2025,month,2025-10,F.E.D.E.I.,210.15061505994257,F.E.D.E.I.
Misiones,informacion_consolidada2025_5.xlsx,octubre,2025,month,2025-10,F.E.D.E.I.,278.0834233356965,F.E.D.E.I.
Misiones,informacion_consolidada2025_5.xlsx,octubre,2025,month,2025-10,Financ. | Educativo | Ley Nº 26.075,30244.846881180085,Financiamiento Educativo
Misiones,informacion_consolidada2025_5.xlsx,octubre,2025,month,2025-10,Fondo | Compens. | de | Desequilib.,2.2,Fondo | Compens. | de | Desequilib.
Misiones,informacion_consolidada2025_5.xlsx,octubre,2025,month,2025-10,I.V.A. | Ley Nº 23.966 | Art. 5 | Punto 2,800.7772,I.V.A. | Ley Nº 23.966 | Art. 5 | Punto 2
Misiones,informacion_consolidada2025_5.xlsx,octubre,2025,month,2025-10,Impuesto a los Combustibles Líquidos | Ley Nº 23.966 y Nº 24.699 | Obras de | Infraestr.,387.056,Impuesto a los Combustibles Líquidos | Ley Nº 23.966 y Nº 24.699 | Obras de | Infraestr.
Misiones,informacion_consolidada2025_5.xlsx,octubre,2025,month,2025-10,Impuesto s/ | Los Activos | Fdo. Educ. | Ley Nº 23.906,0.0,Impuesto s/ | Los Activos | Fdo. Educ. | Ley Nº 23.906
Misiones,informacion_consolidada2025_5.xlsx,octubre,2025,month,2025-10,Impuesto sobre los | Bienes Personales | Ley | Nº 24.699,1666.1668,Impuesto sobre los | Bienes Personales | Ley | Nº 24.699
Misiones,informacion_consolidada2025_5.xlsx,octubre,2025,month,2025-10,Ley Nº 23.966 | Art. 30,123.632,Ley Nº 23.966 | Art. 30
Misiones,informacion_consolidada2025_5.xlsx,octubre,2025,month,2025-10,Ley Nº 24.464 | FO.NA.VI.,2688.3255,Ley Nº 24.464 | FO.NA.VI.
Misiones,informacion_consolidada2025_5.xlsx,octubre,2025,month,2025-10,Reg.Simplif. | P/Peq.Contrib. | Ley Nº 24.977 | Aart. 59 Inc. A,770.5108,Reg.Simplif. | P/Peq.Contrib. | Ley Nº 24.977 | Aart. 59 Inc. A
Misiones,informacion_consolidada2025_5.xlsx,octubre,2025,month,2025-10,Régimen de la Energía Eléctrica | L E Y Nº 2 4 . 0 6 5 | Fdo. P/Comp. | Tarifa Elect.,308.4982424407367,Régimen de la Energía Eléctrica | L E Y Nº 2 4 . 0 6 5 | Fdo. P/Comp. | Tarifa Elect.
Misiones,informacion_consolidada2025_5.xlsx,octubre,2025,month,2025-10,Subtotal,159727.4582811801,Subtotal
Misiones,informacion_consolidada2025_5.xlsx,octubre,2025,month,2025-10,Subtotal,159730.29998118008,Subtotal
Misiones,informacion_consolidada2025_5.xlsx,octubre,2025,month,2025-10,Total | (1) + (2),176221.1300600165,Total | (1) + (2)
Misiones,informacion_consolidada2025_5.xlsx,octubre,2025,month,2025-10,Total | Recursos | Origen Nacional | (1),167689.3296620165,Total | Recursos | Origen Nacional | (1)
Misiones,informacion_consolidada2025_5.xlsx,octubre,2025,month,2025-10,Transfer. | De Servicios | Ley | Nº 24.049,2.8417,Transfer. | De Servicios | Ley | Nº 24.049
Misiones,informacion_consolidada2025_5.xlsx,octubre,2025,month,2025-10,Vialidad | Provincial,723.6291,Vialidad | Provincial
Misiones,informacion_consolidada2025_5.xlsx,noviembre,2025,month,2025-11,C.F.I. | Neta De | Ley Nº 26.075,132884.7622,CFI | Neta
Misiones,informacion_consolidada2025_5.xlsx,noviembre,2025,month,2025-11,Compensación | Consenso Fiscal | II. a y b; II. d y e | (2),6592.754853,Compensación Consenso Fiscal
Misiones,informacion_consolidada2025_5.xlsx,noviembre,2025,month,2025-11,F.E.D.E.I.,0.0,F.E.D.E.I.
Misiones,informacion_consolidada2025_5.xlsx,noviembre,2025,month,2025-11,F.E.D.E.I.,0.0,F.E.D.E.I.
Misiones,informacion_consolidada2025_5.xlsx,noviembre,2025,month,2025-11,Financ. | Educativo | Ley Nº 26.075,22354.886825220063,Financiamiento Educativo
Misiones,informacion_consolidada2025_5.xlsx,noviembre,2025,month,2025-11,Fondo | Compens. | de | Desequilib.,2.2,Fondo | Compens. | de | Desequilib.
Misiones,informacion_consolidada2025_5.xlsx,noviembre,2025,month,2025-11,I.V.A. | Ley Nº 23.966 | Art. 5 | Punto 2,750.1895,I.V.A. | Ley Nº 23.966 | Art. 5 | Punto 2
Misiones,informacion_consolidada2025_5.xlsx,noviembre,2025,month,2025-11,Impuesto a los Combustibles Líquidos | Ley Nº 23.966 y Nº 24.699 | Obras de | Infraestr.,409.9183,Impuesto a los Combustibles Líquidos | Ley Nº 23.966 y Nº 24.699 | Obras de | Infraestr.
Misiones,informacion_consolidada2025_5.xlsx,noviembre,2025,month,2025-11,Impuesto s/ | Los Activos | Fdo. Educ. | Ley Nº 23.906,0.0,Impuesto s/ | Los Activos | Fdo. Educ. | Ley Nº 23.906
Misiones,informacion_consolidada2025_5.xlsx,noviembre,2025,month,2025-11,Impuesto sobre los | Bienes Personales | Ley | Nº 24.699,1006.7136999999999,Impuesto sobre los | Bienes Personales | Ley | Nº 24.699
Misiones,informacion_consolidada2025_5.xlsx,noviembre,2025,month,2025-11,Ley Nº 23.966 | Art. 30,74.6996,Ley Nº 23.966 | Art. 30
Misiones,informacion_consolidada2025_5.xlsx,noviembre,2025,month,2025-11,Ley Nº 24.464 | FO.NA.VI.,2847.1174,Ley Nº 24.464 | FO.NA.VI.
Misiones,informacion_consolidada2025_5.xlsx,noviembre,2025,month,2025-11,Reg.Simplif. | P/Peq.Contrib. | Ley Nº 24.977 | Aart. 59 Inc. A,759.9830999999999,Reg.Simplif. | P/Peq.Contrib. | Ley Nº 24.977 | Aart. 59 Inc. A
Misiones,informacion_consolidada2025_5.xlsx,noviembre,2025,month,2025-11,Régimen de la Energía Eléctrica | L E Y Nº 2 4 . 0 6 5 | Fdo. P/Comp. | Tarifa Elect.,0.0,Régimen de la Energía Eléctrica | L E Y Nº 2 4 . 0 6 5 | Fdo. P/Comp. | Tarifa Elect.
Misiones,informacion_consolidada2025_5.xlsx,noviembre,2025,month,2025-11,Subtotal,155239.64902522007,Subtotal
Misiones,informacion_consolidada2025_5.xlsx,noviembre,2025,month,2025-11,Subtotal,155242.49072522006,Subtotal
Misiones,informacion_consolidada2025_5.xlsx,noviembre,2025,month,2025-11,Total | (1) + (2),168452.43897822005,Total | (1) + (2)
Misiones,informacion_consolidada2025_5.xlsx,noviembre,2025,month,2025-11,Total | Recursos | Origen Nacional | (1),161859.68412522005,Total | Recursos | Origen Nacional | (1)
Misiones,informacion_consolidada2025_5.xlsx,noviembre,2025,month,2025-11,Transfer. | De Servicios | Ley | Nº 24.049,2.8417,Transfer. | De Servicios | Ley | Nº 24.049
Misiones,informacion_consolidada2025_5.xlsx,noviembre,2025,month,2025-11,Vialidad | Provincial,766.3718,Vialidad | Provincial
Misiones,informacion_consolidada2025_5.xlsx,diciembre,2025,month,2025-12,C.F.I. | Neta De | Ley Nº 26.075,135543.0196,CFI | Neta
Misiones,informacion_consolidada2025_5.xlsx,diciembre,2025,month,2025-12,Compensación | Consenso Fiscal | II. a y b; II. d y e | (2),21143.991289,Compensación Consenso Fiscal
Misiones,informacion_consolidada2025_5.xlsx,diciembre,2025,month,2025-12,F.E.D.E.I.,415.7575207982859,F.E.D.E.I.
Misiones,informacion_consolidada2025_5.xlsx,diciembre,2025,month,2025-12,F.E.D.E.I.,595.8450756057255,F.E.D.E.I.
Misiones,informacion_consolidada2025_5.xlsx,diciembre,2025,month,2025-12,Financ. | Educativo | Ley Nº 26.075,27614.860195860078,Financiamiento Educativo
Misiones,informacion_consolidada2025_5.xlsx,diciembre,2025,month,2025-12,Fondo | Compens. | de | Desequilib.,2.2,Fondo | Compens. | de | Desequilib.
Misiones,informacion_consolidada2025_5.xlsx,diciembre,2025,month,2025-12,I.V.A. | Ley Nº 23.966 | Art. 5 | Punto 2,767.8007,I.V.A. | Ley Nº 23.966 | Art. 5 | Punto 2
Misiones,informacion_consolidada2025_5.xlsx,diciembre,2025,month,2025-12,Impuesto a los Combustibles Líquidos | Ley Nº 23.966 y Nº 24.699 | Obras de | Infraestr.,583.1365999999999,Impuesto a los Combustibles Líquidos | Ley Nº 23.966 y Nº 24.699 | Obras de | Infraestr.
Misiones,informacion_consolidada2025_5.xlsx,diciembre,2025,month,2025-12,Impuesto s/ | Los Activos | Fdo. Educ. | Ley Nº 23.906,0.00306536,Impuesto s/ | Los Activos | Fdo. Educ. | Ley Nº 23.906
Misiones,informacion_consolidada2025_5.xlsx,diciembre,2025,month,2025-12,Impuesto sobre los | Bienes Personales | Ley | Nº 24.699,1675.0284,Impuesto sobre los | Bienes Personales | Ley | Nº 24.699
Misiones,informacion_consolidada2025_5.xlsx,diciembre,2025,month,2025-12,Ley Nº 23.966 | Art. 30,124.2895,Ley Nº 23.966 | Art. 30
Misiones,informacion_consolidada2025_5.xlsx,diciembre,2025,month,2025-12,Ley Nº 24.464 | FO.NA.VI.,4050.2173,Ley Nº 24.464 | FO.NA.VI.
Misiones,informacion_consolidada2025_5.xlsx,diciembre,2025,month,2025-12,Reg.Simplif. | P/Peq.Contrib. | Ley Nº 24.977 | Aart. 59 Inc. A,803.0446,Reg.Simplif. | P/Peq.Contrib. | Ley Nº 24.977 | Aart. 59 Inc. A
Misiones,informacion_consolidada2025_5.xlsx,diciembre,2025,month,2025-12,Régimen de la Energía Eléctrica | L E Y Nº 2 4 . 0 6 5 | Fdo. P/Comp. | Tarifa Elect.,661.0144408395472,Régimen de la Energía Eléctrica | L E Y Nº 2 4 . 0 6 5 | Fdo. P/Comp. | Tarifa Elect.
Misiones,informacion_consolidada2025_5.xlsx,diciembre,2025,month,2025-12,Subtotal,163157.8797958601,Subtotal
Misiones,informacion_consolidada2025_5.xlsx,diciembre,2025,month,2025-12,Subtotal,163160.72149586008,Subtotal
Misiones,informacion_consolidada2025_5.xlsx,diciembre,2025,month,2025-12,Total | (1) + (2),195073.26578746366,Total | (1) + (2)
Misiones,informacion_consolidada2025_5.xlsx,diciembre,2025,month,2025-12,Total | Recursos | Origen Nacional | (1),173929.27449846367,Total | Recursos | Origen Nacional | (1)
Misiones,informacion_consolidada2025_5.xlsx,diciembre,2025,month,2025-12,Transfer. | De Servicios | Ley | Nº 24.049,2.8417,Transfer. | De Servicios | Ley | Nº 24.049
Misiones,informacion_consolidada2025_5.xlsx,diciembre,2025,month,2025-12,Vialidad | Provincial,1090.2158,Vialidad | Provincial
Misiones,informacion_consolidada2025_5.xlsx,CONS,2025,consolidated,CONS,C.F.I. | Neta De | Ley Nº 26.075,1423767.7284,CFI | Neta
Misiones,informacion_consolidada2025_5.xlsx,CONS,2025,consolidated,CONS,Compensación | Consenso Fiscal | II. a y b; II. d y e | (2),94138.53375800002,Compensación Consenso Fiscal
Misiones,informacion_consolidada2025_5.xlsx,CONS,2025,consolidated,CONS,F.E.D.E.I.,2191.863252490026,F.E.D.E.I.
Misiones,informacion_consolidada2025_5.xlsx,CONS,2025,consolidated,CONS,F.E.D.E.I.,3190.7072968156167,F.E.D.E.I.
Misiones,informacion_consolidada2025_5.xlsx,CONS,2025,consolidated,CONS,Financ. | Educativo | Ley Nº 26.075,319543.3823,Financiamiento Educativo
Misiones,informacion_consolidada2025_5.xlsx,CONS,2025,consolidated,CONS,Fondo | Compens. | de | Desequilib.,26.4,Fondo | Compens. | de | Desequilib.
Misiones,informacion_consolidada2025_5.xlsx,CONS,2025,consolidated,CONS,I.V.A. | Ley Nº 23.966 | Art. 5 | Punto 2,8539.5499,I.V.A. | Ley Nº 23.966 | Art. 5 | Punto 2
Misiones,informacion_consolidada2025_5.xlsx,CONS,2025,consolidated,CONS,Impuesto a los Combustibles Líquidos | Ley Nº 23.966 y Nº 24.699 | Obras de | Infraestr.,4362.892999999999,Impuesto a los Combustibles Líquidos | Ley Nº 23.966 y Nº 24.699 | Obras de | Infraestr.
Misiones,informacion_consolidada2025_5.xlsx,CONS,2025,consolidated,CONS,Impuesto s/ | Los Activos | Fdo. Educ. | Ley Nº 23.906,0.1089,Impuesto s/ | Los Activos | Fdo. Educ. | Ley Nº 23.906
Misiones,informacion_consolidada2025_5.xlsx,CONS,2025,consolidated,CONS,Impuesto sobre los | Bienes Personales | Ley | Nº 24.699,34060.097700000006,Impuesto sobre los | Bienes Personales | Ley | Nº 24.699
Misiones,informacion_consolidada2025_5.xlsx,CONS,2025,consolidated,CONS,Ley Nº 23.966 | Art. 30,2527.3088000000002,Ley Nº 23.966 | Art. 30
Misiones,informacion_consolidada2025_5.xlsx,CONS,2025,consolidated,CONS,Ley Nº 24.464 | FO.NA.VI.,30302.788800000002,Ley Nº 24.464 | FO.NA.VI.
Misiones,informacion_consolidada2025_5.xlsx,CONS,2025,consolidated,CONS,Reg.Simplif. | P/Peq.Contrib. | Ley Nº 24.977 | Aart. 59 Inc. A,6788.097999999999,Reg.Simplif. | P/Peq.Contrib. | Ley Nº 24.977 | Aart. 59 Inc. A
Misiones,informacion_consolidada2025_5.xlsx,CONS,2025,consolidated,CONS,Régimen de la Energía Eléctrica | L E Y Nº 2 4 . 0 6 5 | Fdo. P/Comp. | Tarifa Elect.,3566.4546,Régimen de la Energía Eléctrica | L E Y Nº 2 4 . 0 6 5 | Fdo. P/Comp. | Tarifa Elect.
Misiones,informacion_consolidada2025_5.xlsx,CONS,2025,consolidated,CONS,Subtotal,1743311.1106999998,Subtotal
Misiones,informacion_consolidada2025_5.xlsx,CONS,2025,consolidated,CONS,Subtotal,1743345.2111,Subtotal
Misiones,informacion_consolidada2025_5.xlsx,CONS,2025,consolidated,CONS,Total | (1) + (2),1941196.7577073057,Total | (1) + (2)
Misiones,informacion_consolidada2025_5.xlsx,CONS,2025,consolidated,CONS,Total | Recursos | Origen Nacional | (1),1847058.2239493057,Total | Recursos | Origen Nacional | (1)
Misiones,informacion_consolidada2025_5.xlsx,CONS,2025,consolidated,CONS,Transfer. | De Servicios | Ley | Nº 24.049,34.1004,Transfer. | De Servicios | Ley | Nº 24.049
Misiones,informacion_consolidada2025_5.xlsx,CONS,2025,consolidated,CONS,Vialidad | Provincial,8156.7426,Vialidad | Provincial
Neuquén,informacion_consolidada2025_5.xlsx,enero,2025,month,2025-01,C.F.I. | Neta De | Ley Nº 26.075,74290.4415,CFI | Neta
Neuquén,informacion_consolidada2025_5.xlsx,enero,2025,month,2025-01,Compensación | Consenso Fiscal | II. a y b; II. d y e | (2),1411.3118359999999,Compensación Consenso Fiscal
Neuquén,informacion_consolidada2025_5.xlsx,enero,2025,month,2025-01,F.E.D.E.I.,0.0,F.E.D.E.I.
Neuquén,informacion_consolidada2025_5.xlsx,enero,2025,month,2025-01,F.E.D.E.I.,0.0,F.E.D.E.I.
Neuquén,informacion_consolidada2025_5.xlsx,enero,2025,month,2025-01,Financ. | Educativo | Ley Nº 26.075,0.0,Financiamiento Educativo
Neuquén,informacion_consolidada2025_5.xlsx,enero,2025,month,2025-01,Fondo | Compens. | de | Desequilib.,2.5,Fondo | Compens. | de | Desequilib.
Neuquén,informacion_consolidada2025_5.xlsx,enero,2025,month,2025-01,I.V.A. | Ley Nº 23.966 | Art. 5 | Punto 2,337.0921,I.V.A. | Ley Nº 23.966 | Art. 5 | Punto 2
Neuquén,informacion_consolidada2025_5.xlsx,enero,2025,month,2025-01,Impuesto a los Combustibles Líquidos | Ley Nº 23.966 y Nº 24.699 | Obras de | Infraestr.,129.0232,Impuesto a los Combustibles Líquidos | Ley Nº 23.966 y Nº 24.699 | Obras de | Infraestr.
Neuquén,informacion_consolidada2025_5.xlsx,enero,2025,month,2025-01,Impuesto s/ | Los Activos | Fdo. Educ. | Ley Nº 23.906,0.0,Impuesto s/ | Los Activos | Fdo. Educ. | Ley Nº 23.906
Neuquén,informacion_consolidada2025_5.xlsx,enero,2025,month,2025-01,Impuesto sobre los | Bienes Personales | Ley | Nº 24.699,442.0757,Impuesto sobre los | Bienes Personales | Ley | Nº 24.699
Neuquén,informacion_consolidada2025_5.xlsx,enero,2025,month,2025-01,Ley Nº 23.966 | Art. 30,28.0775,Ley Nº 23.966 | Art. 30
Neuquén,informacion_consolidada2025_5.xlsx,enero,2025,month,2025-01,Ley Nº 24.464 | FO.NA.VI.,1560.4463999999998,Ley Nº 24.464 | FO.NA.VI.
Neuquén,informacion_consolidada2025_5.xlsx,enero,2025,month,2025-01,Reg.Simplif. | P/Peq.Contrib. | Ley Nº 24.977 | Aart. 59 Inc. A,147.3632,Reg.Simplif. | P/Peq.Contrib. | Ley Nº 24.977 | Aart. 59 Inc. A
Neuquén,informacion_consolidada2025_5.xlsx,enero,2025,month,2025-01,Régimen de la Energía Eléctrica | L E Y Nº 2 4 . 0 6 5 | Fdo. P/Comp. | Tarifa Elect.,0.0,Régimen de la Energía Eléctrica | L E Y Nº 2 4 . 0 6 5 | Fdo. P/Comp. | Tarifa Elect.
Neuquén,informacion_consolidada2025_5.xlsx,enero,2025,month,2025-01,Subtotal,74290.4415,Subtotal
Neuquén,informacion_consolidada2025_5.xlsx,enero,2025,month,2025-01,Subtotal,74291.89140000001,Subtotal
Neuquén,informacion_consolidada2025_5.xlsx,enero,2025,month,2025-01,Total | (1) + (2),78842.483936,Total | (1) + (2)
Neuquén,informacion_consolidada2025_5.xlsx,enero,2025,month,2025-01,Total | Recursos | Origen Nacional | (1),77431.17210000001,Total | Recursos | Origen Nacional | (1)
Neuquén,informacion_consolidada2025_5.xlsx,enero,2025,month,2025-01,Transfer. | De Servicios | Ley | Nº 24.049,1.4499,Transfer. | De Servicios | Ley | Nº 24.049
Neuquén,informacion_consolidada2025_5.xlsx,enero,2025,month,2025-01,Vialidad | Provincial,492.70259999999996,Vialidad | Provincial
Neuquén,informacion_consolidada2025_5.xlsx,febrero,2025,month,2025-02,C.F.I. | Neta De | Ley Nº 26.075,68497.6792,CFI | Neta
Neuquén,informacion_consolidada2025_5.xlsx,febrero,2025,month,2025-02,Compensación | Consenso Fiscal | II. a y b; II. d y e | (2),1283.0107600000001,Compensación Consenso Fiscal
Neuquén,informacion_consolidada2025_5.xlsx,febrero,2025,month,2025-02,F.E.D.E.I.,195.84186228000002,F.E.D.E.I.
Neuquén,informacion_consolidada2025_5.xlsx,febrero,2025,month,2025-02,F.E.D.E.I.,117.36627054004609,F.E.D.E.I.
Neuquén,informacion_consolidada2025_5.xlsx,febrero,2025,month,2025-02,Financ. | Educativo | Ley Nº 26.075,0.0,Financiamiento Educativo
Neuquén,informacion_consolidada2025_5.xlsx,febrero,2025,month,2025-02,Fondo | Compens. | de | Desequilib.,2.5,Fondo | Compens. | de | Desequilib.
Neuquén,informacion_consolidada2025_5.xlsx,febrero,2025,month,2025-02,I.V.A. | Ley Nº 23.966 | Art. 5 | Punto 2,295.181,I.V.A. | Ley Nº 23.966 | Art. 5 | Punto 2
Neuquén,informacion_consolidada2025_5.xlsx,febrero,2025,month,2025-02,Impuesto a los Combustibles Líquidos | Ley Nº 23.966 y Nº 24.699 | Obras de | Infraestr.,162.5295,Impuesto a los Combustibles Líquidos | Ley Nº 23.966 y Nº 24.699 | Obras de | Infraestr.
Neuquén,informacion_consolidada2025_5.xlsx,febrero,2025,month,2025-02,Impuesto s/ | Los Activos | Fdo. Educ. | Ley Nº 23.906,0.0,Impuesto s/ | Los Activos | Fdo. Educ. | Ley Nº 23.906
Neuquén,informacion_consolidada2025_5.xlsx,febrero,2025,month,2025-02,Impuesto sobre los | Bienes Personales | Ley | Nº 24.699,613.1588,Impuesto sobre los | Bienes Personales | Ley | Nº 24.699
Neuquén,informacion_consolidada2025_5.xlsx,febrero,2025,month,2025-02,Ley Nº 23.966 | Art. 30,38.9435,Ley Nº 23.966 | Art. 30
Neuquén,informacion_consolidada2025_5.xlsx,febrero,2025,month,2025-02,Ley Nº 24.464 | FO.NA.VI.,1965.682,Ley Nº 24.464 | FO.NA.VI.
Neuquén,informacion_consolidada2025_5.xlsx,febrero,2025,month,2025-02,Reg.Simplif. | P/Peq.Contrib. | Ley Nº 24.977 | Aart. 59 Inc. A,214.90779999999998,Reg.Simplif. | P/Peq.Contrib. | Ley Nº 24.977 | Aart. 59 Inc. A
Neuquén,informacion_consolidada2025_5.xlsx,febrero,2025,month,2025-02,Régimen de la Energía Eléctrica | L E Y Nº 2 4 . 0 6 5 | Fdo. P/Comp. | Tarifa Elect.,180.19689479843842,Régimen de la Energía Eléctrica | L E Y Nº 2 4 . 0 6 5 | Fdo. P/Comp. | Tarifa Elect.
Neuquén,informacion_consolidada2025_5.xlsx,febrero,2025,month,2025-02,Subtotal,68497.6792,Subtotal
Neuquén,informacion_consolidada2025_5.xlsx,febrero,2025,month,2025-02,Subtotal,68499.1291,Subtotal
Neuquén,informacion_consolidada2025_5.xlsx,febrero,2025,month,2025-02,Total | (1) + (2),74189.1009876185,Total | (1) + (2)
Neuquén,informacion_consolidada2025_5.xlsx,febrero,2025,month,2025-02,Total | Recursos | Origen Nacional | (1),72906.0902276185,Total | Recursos | Origen Nacional | (1)
Neuquén,informacion_consolidada2025_5.xlsx,febrero,2025,month,2025-02,Transfer. | De Servicios | Ley | Nº 24.049,1.4499,Transfer. | De Servicios | Ley | Nº 24.049
Neuquén,informacion_consolidada2025_5.xlsx,febrero,2025,month,2025-02,Vialidad | Provincial,620.6535,Vialidad | Provincial
Neuquén,informacion_consolidada2025_5.xlsx,marzo,2025,month,2025-03,C.F.I. | Neta De | Ley Nº 26.075,57403.4254,CFI | Neta
Neuquén,informacion_consolidada2025_5.xlsx,marzo,2025,month,2025-03,Compensación | Consenso Fiscal | II. a y b; II. d y e | (2),1154.709684,Compensación Consenso Fiscal
Neuquén,informacion_consolidada2025_5.xlsx,marzo,2025,month,2025-03,F.E.D.E.I.,113.61046883,F.E.D.E.I.
Neuquén,informacion_consolidada2025_5.xlsx,marzo,2025,month,2025-03,F.E.D.E.I.,199.0782003845868,F.E.D.E.I.
Neuquén,informacion_consolidada2025_5.xlsx,marzo,2025,month,2025-03,Financ. | Educativo | Ley Nº 26.075,4617.84675136,Financiamiento Educativo
Neuquén,informacion_consolidada2025_5.xlsx,marzo,2025,month,2025-03,Fondo | Compens. | de | Desequilib.,2.5,Fondo | Compens. | de | Desequilib.
Neuquén,informacion_consolidada2025_5.xlsx,marzo,2025,month,2025-03,I.V.A. | Ley Nº 23.966 | Art. 5 | Punto 2,276.124,I.V.A. | Ley Nº 23.966 | Art. 5 | Punto 2
Neuquén,informacion_consolidada2025_5.xlsx,marzo,2025,month,2025-03,Impuesto a los Combustibles Líquidos | Ley Nº 23.966 y Nº 24.699 | Obras de | Infraestr.,148.4412,Impuesto a los Combustibles Líquidos | Ley Nº 23.966 y Nº 24.699 | Obras de | Infraestr.
Neuquén,informacion_consolidada2025_5.xlsx,marzo,2025,month,2025-03,Impuesto s/ | Los Activos | Fdo. Educ. | Ley Nº 23.906,0.0,Impuesto s/ | Los Activos | Fdo. Educ. | Ley Nº 23.906
Neuquén,informacion_consolidada2025_5.xlsx,marzo,2025,month,2025-03,Impuesto sobre los | Bienes Personales | Ley | Nº 24.699,280.38329999999996,Impuesto sobre los | Bienes Personales | Ley | Nº 24.699
Neuquén,informacion_consolidada2025_5.xlsx,marzo,2025,month,2025-03,Ley Nº 23.966 | Art. 30,17.808,Ley Nº 23.966 | Art. 30
Neuquén,informacion_consolidada2025_5.xlsx,marzo,2025,month,2025-03,Ley Nº 24.464 | FO.NA.VI.,1795.2935,Ley Nº 24.464 | FO.NA.VI.
Neuquén,informacion_consolidada2025_5.xlsx,marzo,2025,month,2025-03,Reg.Simplif. | P/Peq.Contrib. | Ley Nº 24.977 | Aart. 59 Inc. A,231.197,Reg.Simplif. | P/Peq.Contrib. | Ley Nº 24.977 | Aart. 59 Inc. A
Neuquén,informacion_consolidada2025_5.xlsx,marzo,2025,month,2025-03,Régimen de la Energía Eléctrica | L E Y Nº 2 4 . 0 6 5 | Fdo. P/Comp. | Tarifa Elect.,306.67351596126304,Régimen de la Energía Eléctrica | L E Y Nº 2 4 . 0 6 5 | Fdo. P/Comp. | Tarifa Elect.
Neuquén,informacion_consolidada2025_5.xlsx,marzo,2025,month,2025-03,Subtotal,62021.27215136,Subtotal
Neuquén,informacion_consolidada2025_5.xlsx,marzo,2025,month,2025-03,Subtotal,62022.72205136,Subtotal
Neuquén,informacion_consolidada2025_5.xlsx,marzo,2025,month,2025-03,Total | (1) + (2),67115.39522053585,Total | (1) + (2)
Neuquén,informacion_consolidada2025_5.xlsx,marzo,2025,month,2025-03,Total | Recursos | Origen Nacional | (1),65960.68553653585,Total | Recursos | Origen Nacional | (1)
Neuquén,informacion_consolidada2025_5.xlsx,marzo,2025,month,2025-03,Transfer. | De Servicios | Ley | Nº 24.049,1.4499,Transfer. | De Servicios | Ley | Nº 24.049
Neuquén,informacion_consolidada2025_5.xlsx,marzo,2025,month,2025-03,Vialidad | Provincial,566.8543000000001,Vialidad | Provincial
Neuquén,informacion_consolidada2025_5.xlsx,abril,2025,month,2025-04,C.F.I. | Neta De | Ley Nº 26.075,48201.8645,CFI | Neta
Neuquén,informacion_consolidada2025_5.xlsx,abril,2025,month,2025-04,Compensación | Consenso Fiscal | II. a y b; II. d y e | (2),1789.696735,Compensación Consenso Fiscal
Neuquén,informacion_consolidada2025_5.xlsx,abril,2025,month,2025-04,F.E.D.E.I.,143.2733086589796,F.E.D.E.I.
Neuquén,informacion_consolidada2025_5.xlsx,abril,2025,month,2025-04,F.E.D.E.I.,171.7110814508646,F.E.D.E.I.
Neuquén,informacion_consolidada2025_5.xlsx,abril,2025,month,2025-04,Financ. | Educativo | Ley Nº 26.075,18471.38700544,Financiamiento Educativo
Neuquén,informacion_consolidada2025_5.xlsx,abril,2025,month,2025-04,Fondo | Compens. | de | Desequilib.,2.5,Fondo | Compens. | de | Desequilib.
Neuquén,informacion_consolidada2025_5.xlsx,abril,2025,month,2025-04,I.V.A. | Ley Nº 23.966 | Art. 5 | Punto 2,294.95610000000005,I.V.A. | Ley Nº 23.966 | Art. 5 | Punto 2
Neuquén,informacion_consolidada2025_5.xlsx,abril,2025,month,2025-04,Impuesto a los Combustibles Líquidos | Ley Nº 23.966 y Nº 24.699 | Obras de | Infraestr.,164.8232,Impuesto a los Combustibles Líquidos | Ley Nº 23.966 y Nº 24.699 | Obras de | Infraestr.
Neuquén,informacion_consolidada2025_5.xlsx,abril,2025,month,2025-04,Impuesto s/ | Los Activos | Fdo. Educ. | Ley Nº 23.906,0.0,Impuesto s/ | Los Activos | Fdo. Educ. | Ley Nº 23.906
Neuquén,informacion_consolidada2025_5.xlsx,abril,2025,month,2025-04,Impuesto sobre los | Bienes Personales | Ley | Nº 24.699,524.2985,Impuesto sobre los | Bienes Personales | Ley | Nº 24.699
Neuquén,informacion_consolidada2025_5.xlsx,abril,2025,month,2025-04,Ley Nº 23.966 | Art. 30,33.299699999999994,Ley Nº 23.966 | Art. 30
Neuquén,informacion_consolidada2025_5.xlsx,abril,2025,month,2025-04,Ley Nº 24.464 | FO.NA.VI.,1993.4221,Ley Nº 24.464 | FO.NA.VI.
Neuquén,informacion_consolidada2025_5.xlsx,abril,2025,month,2025-04,Reg.Simplif. | P/Peq.Contrib. | Ley Nº 24.977 | Aart. 59 Inc. A,236.8651,Reg.Simplif. | P/Peq.Contrib. | Ley Nº 24.977 | Aart. 59 Inc. A
Neuquén,informacion_consolidada2025_5.xlsx,abril,2025,month,2025-04,Régimen de la Energía Eléctrica | L E Y Nº 2 4 . 0 6 5 | Fdo. P/Comp. | Tarifa Elect.,214.3650912214572,Régimen de la Energía Eléctrica | L E Y Nº 2 4 . 0 6 5 | Fdo. P/Comp. | Tarifa Elect.
Neuquén,informacion_consolidada2025_5.xlsx,abril,2025,month,2025-04,Subtotal,66673.25150544,Subtotal
Neuquén,informacion_consolidada2025_5.xlsx,abril,2025,month,2025-04,Subtotal,66674.70140544,Subtotal
Neuquén,informacion_consolidada2025_5.xlsx,abril,2025,month,2025-04,Total | (1) + (2),72873.32462177129,Total | (1) + (2)
Neuquén,informacion_consolidada2025_5.xlsx,abril,2025,month,2025-04,Total | Recursos | Origen Nacional | (1),71083.62788677128,Total | Recursos | Origen Nacional | (1)
Neuquén,informacion_consolidada2025_5.xlsx,abril,2025,month,2025-04,Transfer. | De Servicios | Ley | Nº 24.049,1.4499,Transfer. | De Servicios | Ley | Nº 24.049
Neuquén,informacion_consolidada2025_5.xlsx,abril,2025,month,2025-04,Vialidad | Provincial,629.4123000000001,Vialidad | Provincial
Neuquén,informacion_consolidada2025_5.xlsx,mayo,2025,month,2025-05,C.F.I. | Neta De | Ley Nº 26.075,67582.5406,CFI | Neta
Neuquén,informacion_consolidada2025_5.xlsx,mayo,2025,month,2025-05,Compensación | Consenso Fiscal | II. a y b; II. d y e | (2),1883.8913,Compensación Consenso Fiscal
Neuquén,informacion_consolidada2025_5.xlsx,mayo,2025,month,2025-05,F.E.D.E.I.,276.21082727213883,F.E.D.E.I.
Neuquén,informacion_consolidada2025_5.xlsx,mayo,2025,month,2025-05,F.E.D.E.I.,639.0066356607986,F.E.D.E.I.
Neuquén,informacion_consolidada2025_5.xlsx,mayo,2025,month,2025-05,Financ. | Educativo | Ley Nº 26.075,19048.617849359965,Financiamiento Educativo
Neuquén,informacion_consolidada2025_5.xlsx,mayo,2025,month,2025-05,Fondo | Compens. | de | Desequilib.,2.5,Fondo | Compens. | de | Desequilib.
Neuquén,informacion_consolidada2025_5.xlsx,mayo,2025,month,2025-05,I.V.A. | Ley Nº 23.966 | Art. 5 | Punto 2,276.5448,I.V.A. | Ley Nº 23.966 | Art. 5 | Punto 2
Neuquén,informacion_consolidada2025_5.xlsx,mayo,2025,month,2025-05,Impuesto a los Combustibles Líquidos | Ley Nº 23.966 y Nº 24.699 | Obras de | Infraestr.,179.33960000000002,Impuesto a los Combustibles Líquidos | Ley Nº 23.966 y Nº 24.699 | Obras de | Infraestr.
Neuquén,informacion_consolidada2025_5.xlsx,mayo,2025,month,2025-05,Impuesto s/ | Los Activos | Fdo. Educ. | Ley Nº 23.906,0.0,Impuesto s/ | Los Activos | Fdo. Educ. | Ley Nº 23.906
Neuquén,informacion_consolidada2025_5.xlsx,mayo,2025,month,2025-05,Impuesto sobre los | Bienes Personales | Ley | Nº 24.699,362.01779999999997,Impuesto sobre los | Bienes Personales | Ley | Nº 24.699
Neuquén,informacion_consolidada2025_5.xlsx,mayo,2025,month,2025-05,Ley Nº 23.966 | Art. 30,22.9928,Ley Nº 23.966 | Art. 30
Neuquén,informacion_consolidada2025_5.xlsx,mayo,2025,month,2025-05,Ley Nº 24.464 | FO.NA.VI.,2168.9883,Ley Nº 24.464 | FO.NA.VI.
Neuquén,informacion_consolidada2025_5.xlsx,mayo,2025,month,2025-05,Reg.Simplif. | P/Peq.Contrib. | Ley Nº 24.977 | Aart. 59 Inc. A,248.6215,Reg.Simplif. | P/Peq.Contrib. | Ley Nº 24.977 | Aart. 59 Inc. A
Neuquén,informacion_consolidada2025_5.xlsx,mayo,2025,month,2025-05,Régimen de la Energía Eléctrica | L E Y Nº 2 4 . 0 6 5 | Fdo. P/Comp. | Tarifa Elect.,365.61460276362146,Régimen de la Energía Eléctrica | L E Y Nº 2 4 . 0 6 5 | Fdo. P/Comp. | Tarifa Elect.
Neuquén,informacion_consolidada2025_5.xlsx,mayo,2025,month,2025-05,Subtotal,86631.15844935997,Subtotal
Neuquén,informacion_consolidada2025_5.xlsx,mayo,2025,month,2025-05,Subtotal,86632.60834935997,Subtotal
Neuquén,informacion_consolidada2025_5.xlsx,mayo,2025,month,2025-05,Total | (1) + (2),93743.18291505655,Total | (1) + (2)
Neuquén,informacion_consolidada2025_5.xlsx,mayo,2025,month,2025-05,Total | Recursos | Origen Nacional | (1),91859.29161505654,Total | Recursos | Origen Nacional | (1)
Neuquén,informacion_consolidada2025_5.xlsx,mayo,2025,month,2025-05,Transfer. | De Servicios | Ley | Nº 24.049,1.4499,Transfer. | De Servicios | Ley | Nº 24.049
Neuquén,informacion_consolidada2025_5.xlsx,mayo,2025,month,2025-05,Vialidad | Provincial,684.8464,Vialidad | Provincial
Neuquén,informacion_consolidada2025_5.xlsx,junio,2025,month,2025-06,C.F.I. | Neta De | Ley Nº 26.075,54938.703700000005,CFI | Neta
Neuquén,informacion_consolidada2025_5.xlsx,junio,2025,month,2025-06,Compensación | Consenso Fiscal | II. a y b; II. d y e | (2),1789.696735,Compensación Consenso Fiscal
Neuquén,informacion_consolidada2025_5.xlsx,junio,2025,month,2025-06,F.E.D.E.I.,158.06012884832973,F.E.D.E.I.
Neuquén,informacion_consolidada2025_5.xlsx,junio,2025,month,2025-06,F.E.D.E.I.,183.1946726619067,F.E.D.E.I.
Neuquén,informacion_consolidada2025_5.xlsx,junio,2025,month,2025-06,Financ. | Educativo | Ley Nº 26.075,18471.387005439963,Financiamiento Educativo
Neuquén,informacion_consolidada2025_5.xlsx,junio,2025,month,2025-06,Fondo | Compens. | de | Desequilib.,2.5,Fondo | Compens. | de | Desequilib.
Neuquén,informacion_consolidada2025_5.xlsx,junio,2025,month,2025-06,I.V.A. | Ley Nº 23.966 | Art. 5 | Punto 2,320.8002,I.V.A. | Ley Nº 23.966 | Art. 5 | Punto 2
Neuquén,informacion_consolidada2025_5.xlsx,junio,2025,month,2025-06,Impuesto a los Combustibles Líquidos | Ley Nº 23.966 y Nº 24.699 | Obras de | Infraestr.,193.6862,Impuesto a los Combustibles Líquidos | Ley Nº 23.966 y Nº 24.699 | Obras de | Infraestr.
Neuquén,informacion_consolidada2025_5.xlsx,junio,2025,month,2025-06,Impuesto s/ | Los Activos | Fdo. Educ. | Ley Nº 23.906,0.0,Impuesto s/ | Los Activos | Fdo. Educ. | Ley Nº 23.906
Neuquén,informacion_consolidada2025_5.xlsx,junio,2025,month,2025-06,Impuesto sobre los | Bienes Personales | Ley | Nº 24.699,10554.4858,Impuesto sobre los | Bienes Personales | Ley | Nº 24.699
Neuquén,informacion_consolidada2025_5.xlsx,junio,2025,month,2025-06,Ley Nº 23.966 | Art. 30,670.3456,Ley Nº 23.966 | Art. 30
Neuquén,informacion_consolidada2025_5.xlsx,junio,2025,month,2025-06,Ley Nº 24.464 | FO.NA.VI.,2342.5006000000003,Ley Nº 24.464 | FO.NA.VI.
Neuquén,informacion_consolidada2025_5.xlsx,junio,2025,month,2025-06,Reg.Simplif. | P/Peq.Contrib. | Ley Nº 24.977 | Aart. 59 Inc. A,253.7663,Reg.Simplif. | P/Peq.Contrib. | Ley Nº 24.977 | Aart. 59 Inc. A
Neuquén,informacion_consolidada2025_5.xlsx,junio,2025,month,2025-06,Régimen de la Energía Eléctrica | L E Y Nº 2 4 . 0 6 5 | Fdo. P/Comp. | Tarifa Elect.,706.2340899138076,Régimen de la Energía Eléctrica | L E Y Nº 2 4 . 0 6 5 | Fdo. P/Comp. | Tarifa Elect.
Neuquén,informacion_consolidada2025_5.xlsx,junio,2025,month,2025-06,Subtotal,73410.09070543997,Subtotal
Neuquén,informacion_consolidada2025_5.xlsx,junio,2025,month,2025-06,Subtotal,73411.54060543998,Subtotal
Neuquén,informacion_consolidada2025_5.xlsx,junio,2025,month,2025-06,Total | (1) + (2),91326.44293186402,Total | (1) + (2)
Neuquén,informacion_consolidada2025_5.xlsx,junio,2025,month,2025-06,Total | Recursos | Origen Nacional | (1),89536.74619686401,Total | Recursos | Origen Nacional | (1)
Neuquén,informacion_consolidada2025_5.xlsx,junio,2025,month,2025-06,Transfer. | De Servicios | Ley | Nº 24.049,1.4499,Transfer. | De Servicios | Ley | Nº 24.049
Neuquén,informacion_consolidada2025_5.xlsx,junio,2025,month,2025-06,Vialidad | Provincial,739.632,Vialidad | Provincial
Neuquén,informacion_consolidada2025_5.xlsx,julio,2025,month,2025-07,C.F.I. | Neta De | Ley Nº 26.075,56957.4861,CFI | Neta
Neuquén,informacion_consolidada2025_5.xlsx,julio,2025,month,2025-07,Compensación | Consenso Fiscal | II. a y b; II. d y e | (2),2195.314154,Compensación Consenso Fiscal
Neuquén,informacion_consolidada2025_5.xlsx,julio,2025,month,2025-07,F.E.D.E.I.,170.83649100973844,F.E.D.E.I.
Neuquén,informacion_consolidada2025_5.xlsx,julio,2025,month,2025-07,F.E.D.E.I.,293.0702651834552,F.E.D.E.I.
Neuquén,informacion_consolidada2025_5.xlsx,julio,2025,month,2025-07,Financ. | Educativo | Ley Nº 26.075,20203.07953719996,Financiamiento Educativo
Neuquén,informacion_consolidada2025_5.xlsx,julio,2025,month,2025-07,Fondo | Compens. | de | Desequilib.,2.5,Fondo | Compens. | de | Desequilib.
Neuquén,informacion_consolidada2025_5.xlsx,julio,2025,month,2025-07,I.V.A. | Ley Nº 23.966 | Art. 5 | Punto 2,322.8357,I.V.A. | Ley Nº 23.966 | Art. 5 | Punto 2
Neuquén,informacion_consolidada2025_5.xlsx,julio,2025,month,2025-07,Impuesto a los Combustibles Líquidos | Ley Nº 23.966 y Nº 24.699 | Obras de | Infraestr.,173.0757,Impuesto a los Combustibles Líquidos | Ley Nº 23.966 y Nº 24.699 | Obras de | Infraestr.
Neuquén,informacion_consolidada2025_5.xlsx,julio,2025,month,2025-07,Impuesto s/ | Los Activos | Fdo. Educ. | Ley Nº 23.906,0.0,Impuesto s/ | Los Activos | Fdo. Educ. | Ley Nº 23.906
Neuquén,informacion_consolidada2025_5.xlsx,julio,2025,month,2025-07,Impuesto sobre los | Bienes Personales | Ley | Nº 24.699,958.6898,Impuesto sobre los | Bienes Personales | Ley | Nº 24.699
Neuquén,informacion_consolidada2025_5.xlsx,julio,2025,month,2025-07,Ley Nº 23.966 | Art. 30,60.8891,Ley Nº 23.966 | Art. 30
Neuquén,informacion_consolidada2025_5.xlsx,julio,2025,month,2025-07,Ley Nº 24.464 | FO.NA.VI.,2093.2305,Ley Nº 24.464 | FO.NA.VI.
Neuquén,informacion_consolidada2025_5.xlsx,julio,2025,month,2025-07,Reg.Simplif. | P/Peq.Contrib. | Ley Nº 24.977 | Aart. 59 Inc. A,256.58070000000004,Reg.Simplif. | P/Peq.Contrib. | Ley Nº 24.977 | Aart. 59 Inc. A
Neuquén,informacion_consolidada2025_5.xlsx,julio,2025,month,2025-07,Régimen de la Energía Eléctrica | L E Y Nº 2 4 . 0 6 5 | Fdo. P/Comp. | Tarifa Elect.,415.19927201400355,Régimen de la Energía Eléctrica | L E Y Nº 2 4 . 0 6 5 | Fdo. P/Comp. | Tarifa Elect.
Neuquén,informacion_consolidada2025_5.xlsx,julio,2025,month,2025-07,Subtotal,77160.56563719996,Subtotal
Neuquén,informacion_consolidada2025_5.xlsx,julio,2025,month,2025-07,Subtotal,77162.01553719997,Subtotal
Neuquén,informacion_consolidada2025_5.xlsx,julio,2025,month,2025-07,Total | (1) + (2),84765.16351940719,Total | (1) + (2)
Neuquén,informacion_consolidada2025_5.xlsx,julio,2025,month,2025-07,Total | Recursos | Origen Nacional | (1),82569.84936540718,Total | Recursos | Origen Nacional | (1)
Neuquén,informacion_consolidada2025_5.xlsx,julio,2025,month,2025-07,Transfer. | De Servicios | Ley | Nº 24.049,1.4499,Transfer. | De Servicios | Ley | Nº 24.049
Neuquén,informacion_consolidada2025_5.xlsx,julio,2025,month,2025-07,Vialidad | Provincial,660.9263000000001,Vialidad | Provincial
Neuquén,informacion_consolidada2025_5.xlsx,agosto,2025,month,2025-08,C.F.I. | Neta De | Ley Nº 26.075,66978.2601,CFI | Neta
Neuquén,informacion_consolidada2025_5.xlsx,agosto,2025,month,2025-08,Compensación | Consenso Fiscal | II. a y b; II. d y e | (2),1995.7401399999999,Compensación Consenso Fiscal
Neuquén,informacion_consolidada2025_5.xlsx,agosto,2025,month,2025-08,F.E.D.E.I.,152.37885659552214,F.E.D.E.I.
Neuquén,informacion_consolidada2025_5.xlsx,agosto,2025,month,2025-08,F.E.D.E.I.,202.1831508330696,F.E.D.E.I.
Neuquén,informacion_consolidada2025_5.xlsx,agosto,2025,month,2025-08,Financ. | Educativo | Ley Nº 26.075,11544.616878399962,Financiamiento Educativo
Neuquén,informacion_consolidada2025_5.xlsx,agosto,2025,month,2025-08,Fondo | Compens. | de | Desequilib.,2.5,Fondo | Compens. | de | Desequilib.
Neuquén,informacion_consolidada2025_5.xlsx,agosto,2025,month,2025-08,I.V.A. | Ley Nº 23.966 | Art. 5 | Punto 2,329.55109999999996,I.V.A. | Ley Nº 23.966 | Art. 5 | Punto 2
Neuquén,informacion_consolidada2025_5.xlsx,agosto,2025,month,2025-08,Impuesto a los Combustibles Líquidos | Ley Nº 23.966 y Nº 24.699 | Obras de | Infraestr.,204.6164,Impuesto a los Combustibles Líquidos | Ley Nº 23.966 y Nº 24.699 | Obras de | Infraestr.
Neuquén,informacion_consolidada2025_5.xlsx,agosto,2025,month,2025-08,Impuesto s/ | Los Activos | Fdo. Educ. | Ley Nº 23.906,0.09363047000000001,Impuesto s/ | Los Activos | Fdo. Educ. | Ley Nº 23.906
Neuquén,informacion_consolidada2025_5.xlsx,agosto,2025,month,2025-08,Impuesto sobre los | Bienes Personales | Ley | Nº 24.699,989.3559,Impuesto sobre los | Bienes Personales | Ley | Nº 24.699
Neuquén,informacion_consolidada2025_5.xlsx,agosto,2025,month,2025-08,Ley Nº 23.966 | Art. 30,62.8368,Ley Nº 23.966 | Art. 30
Neuquén,informacion_consolidada2025_5.xlsx,agosto,2025,month,2025-08,Ley Nº 24.464 | FO.NA.VI.,2474.6937000000003,Ley Nº 24.464 | FO.NA.VI.
Neuquén,informacion_consolidada2025_5.xlsx,agosto,2025,month,2025-08,Reg.Simplif. | P/Peq.Contrib. | Ley Nº 24.977 | Aart. 59 Inc. A,365.47490000000005,Reg.Simplif. | P/Peq.Contrib. | Ley Nº 24.977 | Aart. 59 Inc. A
Neuquén,informacion_consolidada2025_5.xlsx,agosto,2025,month,2025-08,Régimen de la Energía Eléctrica | L E Y Nº 2 4 . 0 6 5 | Fdo. P/Comp. | Tarifa Elect.,281.10719626351414,Régimen de la Energía Eléctrica | L E Y Nº 2 4 . 0 6 5 | Fdo. P/Comp. | Tarifa Elect.
Neuquén,informacion_consolidada2025_5.xlsx,agosto,2025,month,2025-08,Subtotal,78522.87697839996,Subtotal
Neuquén,informacion_consolidada2025_5.xlsx,agosto,2025,month,2025-08,Subtotal,78524.32687839997,Subtotal
Neuquén,informacion_consolidada2025_5.xlsx,agosto,2025,month,2025-08,Total | (1) + (2),86366.22985256206,Total | (1) + (2)
Neuquén,informacion_consolidada2025_5.xlsx,agosto,2025,month,2025-08,Total | Recursos | Origen Nacional | (1),84370.48971256206,Total | Recursos | Origen Nacional | (1)
Neuquén,informacion_consolidada2025_5.xlsx,agosto,2025,month,2025-08,Transfer. | De Servicios | Ley | Nº 24.049,1.4499,Transfer. | De Servicios | Ley | Nº 24.049
Neuquén,informacion_consolidada2025_5.xlsx,agosto,2025,month,2025-08,Vialidad | Provincial,781.3711999999999,Vialidad | Provincial
Neuquén,informacion_consolidada2025_5.xlsx,septiembre,2025,month,2025-09,C.F.I. | Neta De | Ley Nº 26.075,64838.6478,CFI | Neta
Neuquén,informacion_consolidada2025_5.xlsx,septiembre,2025,month,2025-09,Compensación | Consenso Fiscal | II. a y b; II. d y e | (2),2195.314154,Compensación Consenso Fiscal
Neuquén,informacion_consolidada2025_5.xlsx,septiembre,2025,month,2025-09,F.E.D.E.I.,180.38685094888402,F.E.D.E.I.
Neuquén,informacion_consolidada2025_5.xlsx,septiembre,2025,month,2025-09,F.E.D.E.I.,251.734637346862,F.E.D.E.I.
Neuquén,informacion_consolidada2025_5.xlsx,septiembre,2025,month,2025-09,Financ. | Educativo | Ley Nº 26.075,12699.078566239968,Financiamiento Educativo
Neuquén,informacion_consolidada2025_5.xlsx,septiembre,2025,month,2025-09,Fondo | Compens. | de | Desequilib.,2.5,Fondo | Compens. | de | Desequilib.
Neuquén,informacion_consolidada2025_5.xlsx,septiembre,2025,month,2025-09,I.V.A. | Ley Nº 23.966 | Art. 5 | Punto 2,344.5754,I.V.A. | Ley Nº 23.966 | Art. 5 | Punto 2
Neuquén,informacion_consolidada2025_5.xlsx,septiembre,2025,month,2025-09,Impuesto a los Combustibles Líquidos | Ley Nº 23.966 y Nº 24.699 | Obras de | Infraestr.,211.646,Impuesto a los Combustibles Líquidos | Ley Nº 23.966 y Nº 24.699 | Obras de | Infraestr.
Neuquén,informacion_consolidada2025_5.xlsx,septiembre,2025,month,2025-09,Impuesto s/ | Los Activos | Fdo. Educ. | Ley Nº 23.906,0.0,Impuesto s/ | Los Activos | Fdo. Educ. | Ley Nº 23.906
Neuquén,informacion_consolidada2025_5.xlsx,septiembre,2025,month,2025-09,Impuesto sobre los | Bienes Personales | Ley | Nº 24.699,886.7005,Impuesto sobre los | Bienes Personales | Ley | Nº 24.699
Neuquén,informacion_consolidada2025_5.xlsx,septiembre,2025,month,2025-09,Ley Nº 23.966 | Art. 30,56.3168,Ley Nº 23.966 | Art. 30
Neuquén,informacion_consolidada2025_5.xlsx,septiembre,2025,month,2025-09,Ley Nº 24.464 | FO.NA.VI.,2559.7118,Ley Nº 24.464 | FO.NA.VI.
Neuquén,informacion_consolidada2025_5.xlsx,septiembre,2025,month,2025-09,Reg.Simplif. | P/Peq.Contrib. | Ley Nº 24.977 | Aart. 59 Inc. A,385.6901,Reg.Simplif. | P/Peq.Contrib. | Ley Nº 24.977 | Aart. 59 Inc. A
Neuquén,informacion_consolidada2025_5.xlsx,septiembre,2025,month,2025-09,Régimen de la Energía Eléctrica | L E Y Nº 2 4 . 0 6 5 | Fdo. P/Comp. | Tarifa Elect.,350.13650546352613,Régimen de la Energía Eléctrica | L E Y Nº 2 4 . 0 6 5 | Fdo. P/Comp. | Tarifa Elect.
Neuquén,informacion_consolidada2025_5.xlsx,septiembre,2025,month,2025-09,Subtotal,77537.72636623996,Subtotal
Neuquén,informacion_consolidada2025_5.xlsx,septiembre,2025,month,2025-09,Subtotal,77539.17626623997,Subtotal
Neuquén,informacion_consolidada2025_5.xlsx,septiembre,2025,month,2025-09,Total | (1) + (2),85772.10421399926,Total | (1) + (2)
Neuquén,informacion_consolidada2025_5.xlsx,septiembre,2025,month,2025-09,Total | Recursos | Origen Nacional | (1),83576.79005999926,Total | Recursos | Origen Nacional | (1)
Neuquén,informacion_consolidada2025_5.xlsx,septiembre,2025,month,2025-09,Transfer. | De Servicios | Ley | Nº 24.049,1.4499,Transfer. | De Servicios | Ley | Nº 24.049
Neuquén,informacion_consolidada2025_5.xlsx,septiembre,2025,month,2025-09,Vialidad | Provincial,808.2152,Vialidad | Provincial
Neuquén,informacion_consolidada2025_5.xlsx,octubre,2025,month,2025-10,C.F.I. | Neta De | Ley Nº 26.075,70646.5517,CFI | Neta
Neuquén,informacion_consolidada2025_5.xlsx,octubre,2025,month,2025-10,Compensación | Consenso Fiscal | II. a y b; II. d y e | (2),2470.548806,Compensación Consenso Fiscal
Neuquén,informacion_consolidada2025_5.xlsx,octubre,2025,month,2025-10,F.E.D.E.I.,186.6178595146008,F.E.D.E.I.
Neuquén,informacion_consolidada2025_5.xlsx,octubre,2025,month,2025-10,F.E.D.E.I.,246.9435229361997,F.E.D.E.I.
Neuquén,informacion_consolidada2025_5.xlsx,octubre,2025,month,2025-10,Financ. | Educativo | Ley Nº 26.075,13276.309410159958,Financiamiento Educativo
Neuquén,informacion_consolidada2025_5.xlsx,octubre,2025,month,2025-10,Fondo | Compens. | de | Desequilib.,2.5,Fondo | Compens. | de | Desequilib.
Neuquén,informacion_consolidada2025_5.xlsx,octubre,2025,month,2025-10,I.V.A. | Ley Nº 23.966 | Art. 5 | Punto 2,360.1319,I.V.A. | Ley Nº 23.966 | Art. 5 | Punto 2
Neuquén,informacion_consolidada2025_5.xlsx,octubre,2025,month,2025-10,Impuesto a los Combustibles Líquidos | Ley Nº 23.966 y Nº 24.699 | Obras de | Infraestr.,203.3628,Impuesto a los Combustibles Líquidos | Ley Nº 23.966 y Nº 24.699 | Obras de | Infraestr.
Neuquén,informacion_consolidada2025_5.xlsx,octubre,2025,month,2025-10,Impuesto s/ | Los Activos | Fdo. Educ. | Ley Nº 23.906,0.0,Impuesto s/ | Los Activos | Fdo. Educ. | Ley Nº 23.906
Neuquén,informacion_consolidada2025_5.xlsx,octubre,2025,month,2025-10,Impuesto sobre los | Bienes Personales | Ley | Nº 24.699,875.4255,Impuesto sobre los | Bienes Personales | Ley | Nº 24.699
Neuquén,informacion_consolidada2025_5.xlsx,octubre,2025,month,2025-10,Ley Nº 23.966 | Art. 30,55.60079999999999,Ley Nº 23.966 | Art. 30
Neuquén,informacion_consolidada2025_5.xlsx,octubre,2025,month,2025-10,Ley Nº 24.464 | FO.NA.VI.,2459.5317999999997,Ley Nº 24.464 | FO.NA.VI.
Neuquén,informacion_consolidada2025_5.xlsx,octubre,2025,month,2025-10,Reg.Simplif. | P/Peq.Contrib. | Ley Nº 24.977 | Aart. 59 Inc. A,404.8335,Reg.Simplif. | P/Peq.Contrib. | Ley Nº 24.977 | Aart. 59 Inc. A
Neuquén,informacion_consolidada2025_5.xlsx,octubre,2025,month,2025-10,Régimen de la Energía Eléctrica | L E Y Nº 2 4 . 0 6 5 | Fdo. P/Comp. | Tarifa Elect.,339.0177999912422,Régimen de la Energía Eléctrica | L E Y Nº 2 4 . 0 6 5 | Fdo. P/Comp. | Tarifa Elect.
Neuquén,informacion_consolidada2025_5.xlsx,octubre,2025,month,2025-10,Subtotal,83922.86111015995,Subtotal
Neuquén,informacion_consolidada2025_5.xlsx,octubre,2025,month,2025-10,Subtotal,83924.31101015996,Subtotal
Neuquén,informacion_consolidada2025_5.xlsx,octubre,2025,month,2025-10,Total | (1) + (2),92305.40919860199,Total | (1) + (2)
Neuquén,informacion_consolidada2025_5.xlsx,octubre,2025,month,2025-10,Total | Recursos | Origen Nacional | (1),89834.86039260199,Total | Recursos | Origen Nacional | (1)
Neuquén,informacion_consolidada2025_5.xlsx,octubre,2025,month,2025-10,Transfer. | De Servicios | Ley | Nº 24.049,1.4499,Transfer. | De Servicios | Ley | Nº 24.049
Neuquén,informacion_consolidada2025_5.xlsx,octubre,2025,month,2025-10,Vialidad | Provincial,776.5839,Vialidad | Provincial
Neuquén,informacion_consolidada2025_5.xlsx,noviembre,2025,month,2025-11,C.F.I. | Neta De | Ley Nº 26.075,71751.984,CFI | Neta
Neuquén,informacion_consolidada2025_5.xlsx,noviembre,2025,month,2025-11,Compensación | Consenso Fiscal | II. a y b; II. d y e | (2),1909.060441,Compensación Consenso Fiscal
Neuquén,informacion_consolidada2025_5.xlsx,noviembre,2025,month,2025-11,F.E.D.E.I.,0.0,F.E.D.E.I.
Neuquén,informacion_consolidada2025_5.xlsx,noviembre,2025,month,2025-11,F.E.D.E.I.,0.0,F.E.D.E.I.
Neuquén,informacion_consolidada2025_5.xlsx,noviembre,2025,month,2025-11,Financ. | Educativo | Ley Nº 26.075,9812.924346639968,Financiamiento Educativo
Neuquén,informacion_consolidada2025_5.xlsx,noviembre,2025,month,2025-11,Fondo | Compens. | de | Desequilib.,2.5,Fondo | Compens. | de | Desequilib.
Neuquén,informacion_consolidada2025_5.xlsx,noviembre,2025,month,2025-11,I.V.A. | Ley Nº 23.966 | Art. 5 | Punto 2,337.3812,I.V.A. | Ley Nº 23.966 | Art. 5 | Punto 2
Neuquén,informacion_consolidada2025_5.xlsx,noviembre,2025,month,2025-11,Impuesto a los Combustibles Líquidos | Ley Nº 23.966 y Nº 24.699 | Obras de | Infraestr.,215.3749,Impuesto a los Combustibles Líquidos | Ley Nº 23.966 y Nº 24.699 | Obras de | Infraestr.
Neuquén,informacion_consolidada2025_5.xlsx,noviembre,2025,month,2025-11,Impuesto s/ | Los Activos | Fdo. Educ. | Ley Nº 23.906,0.0,Impuesto s/ | Los Activos | Fdo. Educ. | Ley Nº 23.906
Neuquén,informacion_consolidada2025_5.xlsx,noviembre,2025,month,2025-11,Impuesto sobre los | Bienes Personales | Ley | Nº 24.699,528.9403000000001,Impuesto sobre los | Bienes Personales | Ley | Nº 24.699
Neuquén,informacion_consolidada2025_5.xlsx,noviembre,2025,month,2025-11,Ley Nº 23.966 | Art. 30,33.5945,Ley Nº 23.966 | Art. 30
Neuquén,informacion_consolidada2025_5.xlsx,noviembre,2025,month,2025-11,Ley Nº 24.464 | FO.NA.VI.,2604.8095,Ley Nº 24.464 | FO.NA.VI.
Neuquén,informacion_consolidada2025_5.xlsx,noviembre,2025,month,2025-11,Reg.Simplif. | P/Peq.Contrib. | Ley Nº 24.977 | Aart. 59 Inc. A,399.3021,Reg.Simplif. | P/Peq.Contrib. | Ley Nº 24.977 | Aart. 59 Inc. A
Neuquén,informacion_consolidada2025_5.xlsx,noviembre,2025,month,2025-11,Régimen de la Energía Eléctrica | L E Y Nº 2 4 . 0 6 5 | Fdo. P/Comp. | Tarifa Elect.,0.0,Régimen de la Energía Eléctrica | L E Y Nº 2 4 . 0 6 5 | Fdo. P/Comp. | Tarifa Elect.
Neuquén,informacion_consolidada2025_5.xlsx,noviembre,2025,month,2025-11,Subtotal,81564.90834663996,Subtotal
Neuquén,informacion_consolidada2025_5.xlsx,noviembre,2025,month,2025-11,Subtotal,81566.35824663997,Subtotal
Neuquén,informacion_consolidada2025_5.xlsx,noviembre,2025,month,2025-11,Total | (1) + (2),88419.77578763997,Total | (1) + (2)
Neuquén,informacion_consolidada2025_5.xlsx,noviembre,2025,month,2025-11,Total | Recursos | Origen Nacional | (1),86510.71534663998,Total | Recursos | Origen Nacional | (1)
Neuquén,informacion_consolidada2025_5.xlsx,noviembre,2025,month,2025-11,Transfer. | De Servicios | Ley | Nº 24.049,1.4499,Transfer. | De Servicios | Ley | Nº 24.049
Neuquén,informacion_consolidada2025_5.xlsx,noviembre,2025,month,2025-11,Vialidad | Provincial,822.4546,Vialidad | Provincial
Neuquén,informacion_consolidada2025_5.xlsx,diciembre,2025,month,2025-12,C.F.I. | Neta De | Ley Nº 26.075,73603.40090000001,CFI | Neta
Neuquén,informacion_consolidada2025_5.xlsx,diciembre,2025,month,2025-12,Compensación | Consenso Fiscal | II. a y b; II. d y e | (2),8358.251133,Compensación Consenso Fiscal
Neuquén,informacion_consolidada2025_5.xlsx,diciembre,2025,month,2025-12,F.E.D.E.I.,369.20081622245385,F.E.D.E.I.
Neuquén,informacion_consolidada2025_5.xlsx,diciembre,2025,month,2025-12,F.E.D.E.I.,529.1220897950942,F.E.D.E.I.
Neuquén,informacion_consolidada2025_5.xlsx,diciembre,2025,month,2025-12,Financ. | Educativo | Ley Nº 26.075,12121.847722319962,Financiamiento Educativo
Neuquén,informacion_consolidada2025_5.xlsx,diciembre,2025,month,2025-12,Fondo | Compens. | de | Desequilib.,2.5,Fondo | Compens. | de | Desequilib.
Neuquén,informacion_consolidada2025_5.xlsx,diciembre,2025,month,2025-12,I.V.A. | Ley Nº 23.966 | Art. 5 | Punto 2,345.3015,I.V.A. | Ley Nº 23.966 | Art. 5 | Punto 2
Neuquén,informacion_consolidada2025_5.xlsx,diciembre,2025,month,2025-12,Impuesto a los Combustibles Líquidos | Ley Nº 23.966 y Nº 24.699 | Obras de | Infraestr.,306.3853,Impuesto a los Combustibles Líquidos | Ley Nº 23.966 y Nº 24.699 | Obras de | Infraestr.
Neuquén,informacion_consolidada2025_5.xlsx,diciembre,2025,month,2025-12,Impuesto s/ | Los Activos | Fdo. Educ. | Ley Nº 23.906,0.00271294,Impuesto s/ | Los Activos | Fdo. Educ. | Ley Nº 23.906
Neuquén,informacion_consolidada2025_5.xlsx,diciembre,2025,month,2025-12,Impuesto sobre los | Bienes Personales | Ley | Nº 24.699,880.0815,Impuesto sobre los | Bienes Personales | Ley | Nº 24.699
Neuquén,informacion_consolidada2025_5.xlsx,diciembre,2025,month,2025-12,Ley Nº 23.966 | Art. 30,55.8965,Ley Nº 23.966 | Art. 30
Neuquén,informacion_consolidada2025_5.xlsx,diciembre,2025,month,2025-12,Ley Nº 24.464 | FO.NA.VI.,3705.5179,Ley Nº 24.464 | FO.NA.VI.
Neuquén,informacion_consolidada2025_5.xlsx,diciembre,2025,month,2025-12,Reg.Simplif. | P/Peq.Contrib. | Ley Nº 24.977 | Aart. 59 Inc. A,421.927,Reg.Simplif. | P/Peq.Contrib. | Ley Nº 24.977 | Aart. 59 Inc. A
Neuquén,informacion_consolidada2025_5.xlsx,diciembre,2025,month,2025-12,Régimen de la Energía Eléctrica | L E Y Nº 2 4 . 0 6 5 | Fdo. P/Comp. | Tarifa Elect.,768.0589140513949,Régimen de la Energía Eléctrica | L E Y Nº 2 4 . 0 6 5 | Fdo. P/Comp. | Tarifa Elect.
Neuquén,informacion_consolidada2025_5.xlsx,diciembre,2025,month,2025-12,Subtotal,85725.24862231997,Subtotal
Neuquén,informacion_consolidada2025_5.xlsx,diciembre,2025,month,2025-12,Subtotal,85726.69852231997,Subtotal
Neuquén,informacion_consolidada2025_5.xlsx,diciembre,2025,month,2025-12,Total | (1) + (2),102638.94118832891,Total | (1) + (2)
Neuquén,informacion_consolidada2025_5.xlsx,diciembre,2025,month,2025-12,Total | Recursos | Origen Nacional | (1),94280.69005532892,Total | Recursos | Origen Nacional | (1)
Neuquén,informacion_consolidada2025_5.xlsx,diciembre,2025,month,2025-12,Transfer. | De Servicios | Ley | Nº 24.049,1.4499,Transfer. | De Servicios | Ley | Nº 24.049
Neuquén,informacion_consolidada2025_5.xlsx,diciembre,2025,month,2025-12,Vialidad | Provincial,1169.9973,Vialidad | Provincial
Neuquén,informacion_consolidada2025_5.xlsx,CONS,2025,consolidated,CONS,C.F.I. | Neta De | Ley Nº 26.075,775690.9855,CFI | Neta
Neuquén,informacion_consolidada2025_5.xlsx,CONS,2025,consolidated,CONS,Compensación | Consenso Fiscal | II. a y b; II. d y e | (2),28436.545877999997,Compensación Consenso Fiscal
Neuquén,informacion_consolidada2025_5.xlsx,CONS,2025,consolidated,CONS,F.E.D.E.I.,1946.4174701806473,F.E.D.E.I.
Neuquén,informacion_consolidada2025_5.xlsx,CONS,2025,consolidated,CONS,F.E.D.E.I.,2833.410526792884,F.E.D.E.I.
Neuquén,informacion_consolidada2025_5.xlsx,CONS,2025,consolidated,CONS,Financ. | Educativo | Ley Nº 26.075,140267.095,Financiamiento Educativo
Neuquén,informacion_consolidada2025_5.xlsx,CONS,2025,consolidated,CONS,Fondo | Compens. | de | Desequilib.,30.0,Fondo | Compens. | de | Desequilib.
Neuquén,informacion_consolidada2025_5.xlsx,CONS,2025,consolidated,CONS,I.V.A. | Ley Nº 23.966 | Art. 5 | Punto 2,3840.475,I.V.A. | Ley Nº 23.966 | Art. 5 | Punto 2
Neuquén,informacion_consolidada2025_5.xlsx,CONS,2025,consolidated,CONS,Impuesto a los Combustibles Líquidos | Ley Nº 23.966 y Nº 24.699 | Obras de | Infraestr.,2292.304,Impuesto a los Combustibles Líquidos | Ley Nº 23.966 y Nº 24.699 | Obras de | Infraestr.
Neuquén,informacion_consolidada2025_5.xlsx,CONS,2025,consolidated,CONS,Impuesto s/ | Los Activos | Fdo. Educ. | Ley Nº 23.906,0.0963,Impuesto s/ | Los Activos | Fdo. Educ. | Ley Nº 23.906
Neuquén,informacion_consolidada2025_5.xlsx,CONS,2025,consolidated,CONS,Impuesto sobre los | Bienes Personales | Ley | Nº 24.699,17895.613400000002,Impuesto sobre los | Bienes Personales | Ley | Nº 24.699
Neuquén,informacion_consolidada2025_5.xlsx,CONS,2025,consolidated,CONS,Ley Nº 23.966 | Art. 30,1136.6016000000002,Ley Nº 23.966 | Art. 30
Neuquén,informacion_consolidada2025_5.xlsx,CONS,2025,consolidated,CONS,Ley Nº 24.464 | FO.NA.VI.,27723.828100000002,Ley Nº 24.464 | FO.NA.VI.
Neuquén,informacion_consolidada2025_5.xlsx,CONS,2025,consolidated,CONS,Reg.Simplif. | P/Peq.Contrib. | Ley Nº 24.977 | Aart. 59 Inc. A,3566.5292000000004,Reg.Simplif. | P/Peq.Contrib. | Ley Nº 24.977 | Aart. 59 Inc. A
Neuquén,informacion_consolidada2025_5.xlsx,CONS,2025,consolidated,CONS,Régimen de la Energía Eléctrica | L E Y Nº 2 4 . 0 6 5 | Fdo. P/Comp. | Tarifa Elect.,3926.6039,Régimen de la Energía Eléctrica | L E Y Nº 2 4 . 0 6 5 | Fdo. P/Comp. | Tarifa Elect.
Neuquén,informacion_consolidada2025_5.xlsx,CONS,2025,consolidated,CONS,Subtotal,915958.0804999999,Subtotal
Neuquén,informacion_consolidada2025_5.xlsx,CONS,2025,consolidated,CONS,Subtotal,915975.4792999999,Subtotal
Neuquén,informacion_consolidada2025_5.xlsx,CONS,2025,consolidated,CONS,Total | (1) + (2),1018357.5542749735,Total | (1) + (2)
Neuquén,informacion_consolidada2025_5.xlsx,CONS,2025,consolidated,CONS,Total | Recursos | Origen Nacional | (1),989921.0083969735,Total | Recursos | Origen Nacional | (1)
Neuquén,informacion_consolidada2025_5.xlsx,CONS,2025,consolidated,CONS,Transfer. | De Servicios | Ley | Nº 24.049,17.398799999999998,Transfer. | De Servicios | Ley | Nº 24.049
Neuquén,informacion_consolidada2025_5.xlsx,CONS,2025,consolidated,CONS,Vialidad | Provincial,8753.6496,Vialidad | Provincial
Río Negro,informacion_consolidada2025_5.xlsx,enero,2025,month,2025-01,C.F.I. | Neta De | Ley Nº 26.075,108003.8931,CFI | Neta
Río Negro,informacion_consolidada2025_5.xlsx,enero,2025,month,2025-01,Compensación | Consenso Fiscal | II. a y b; II. d y e | (2),1320.904464,Compensación Consenso Fiscal
Río Negro,informacion_consolidada2025_5.xlsx,enero,2025,month,2025-01,F.E.D.E.I.,0.0,F.E.D.E.I.
Río Negro,informacion_consolidada2025_5.xlsx,enero,2025,month,2025-01,F.E.D.E.I.,0.0,F.E.D.E.I.
Río Negro,informacion_consolidada2025_5.xlsx,enero,2025,month,2025-01,Financ. | Educativo | Ley Nº 26.075,0.0,Financiamiento Educativo
Río Negro,informacion_consolidada2025_5.xlsx,enero,2025,month,2025-01,Fondo | Compens. | de | Desequilib.,2.5,Fondo | Compens. | de | Desequilib.
Río Negro,informacion_consolidada2025_5.xlsx,enero,2025,month,2025-01,I.V.A. | Ley Nº 23.966 | Art. 5 | Punto 2,0.0,I.V.A. | Ley Nº 23.966 | Art. 5 | Punto 2
Río Negro,informacion_consolidada2025_5.xlsx,enero,2025,month,2025-01,Impuesto a los Combustibles Líquidos | Ley Nº 23.966 y Nº 24.699 | Obras de | Infraestr.,187.5807,Impuesto a los Combustibles Líquidos | Ley Nº 23.966 y Nº 24.699 | Obras de | Infraestr.
Río Negro,informacion_consolidada2025_5.xlsx,enero,2025,month,2025-01,Impuesto s/ | Los Activos | Fdo. Educ. | Ley Nº 23.906,0.0,Impuesto s/ | Los Activos | Fdo. Educ. | Ley Nº 23.906
Río Negro,informacion_consolidada2025_5.xlsx,enero,2025,month,2025-01,Impuesto sobre los | Bienes Personales | Ley | Nº 24.699,642.6923,Impuesto sobre los | Bienes Personales | Ley | Nº 24.699
Río Negro,informacion_consolidada2025_5.xlsx,enero,2025,month,2025-01,Ley Nº 23.966 | Art. 30,0.0,Ley Nº 23.966 | Art. 30
Río Negro,informacion_consolidada2025_5.xlsx,enero,2025,month,2025-01,Ley Nº 24.464 | FO.NA.VI.,1633.0253,Ley Nº 24.464 | FO.NA.VI.
Río Negro,informacion_consolidada2025_5.xlsx,enero,2025,month,2025-01,Reg.Simplif. | P/Peq.Contrib. | Ley Nº 24.977 | Aart. 59 Inc. A,214.24429999999998,Reg.Simplif. | P/Peq.Contrib. | Ley Nº 24.977 | Aart. 59 Inc. A
Río Negro,informacion_consolidada2025_5.xlsx,enero,2025,month,2025-01,Régimen de la Energía Eléctrica | L E Y Nº 2 4 . 0 6 5 | Fdo. P/Comp. | Tarifa Elect.,0.0,Régimen de la Energía Eléctrica | L E Y Nº 2 4 . 0 6 5 | Fdo. P/Comp. | Tarifa Elect.
Río Negro,informacion_consolidada2025_5.xlsx,enero,2025,month,2025-01,Subtotal,108003.8931,Subtotal
Río Negro,informacion_consolidada2025_5.xlsx,enero,2025,month,2025-01,Subtotal,108005.1098,Subtotal
Río Negro,informacion_consolidada2025_5.xlsx,enero,2025,month,2025-01,Total | (1) + (2),112397.60036400001,Total | (1) + (2)
Río Negro,informacion_consolidada2025_5.xlsx,enero,2025,month,2025-01,Total | Recursos | Origen Nacional | (1),111076.6959,Total | Recursos | Origen Nacional | (1)
Río Negro,informacion_consolidada2025_5.xlsx,enero,2025,month,2025-01,Transfer. | De Servicios | Ley | Nº 24.049,1.2167000000000001,Transfer. | De Servicios | Ley | Nº 24.049
Río Negro,informacion_consolidada2025_5.xlsx,enero,2025,month,2025-01,Vialidad | Provincial,391.5435,Vialidad | Provincial
Río Negro,informacion_consolidada2025_5.xlsx,febrero,2025,month,2025-02,C.F.I. | Neta De | Ley Nº 26.075,99582.3402,CFI | Neta
Río Negro,informacion_consolidada2025_5.xlsx,febrero,2025,month,2025-02,Compensación | Consenso Fiscal | II. a y b; II. d y e | (2),1200.82224,Compensación Consenso Fiscal
Río Negro,informacion_consolidada2025_5.xlsx,febrero,2025,month,2025-02,F.E.D.E.I.,181.97214603,F.E.D.E.I.
Río Negro,informacion_consolidada2025_5.xlsx,febrero,2025,month,2025-02,F.E.D.E.I.,109.0542740613122,F.E.D.E.I.
Río Negro,informacion_consolidada2025_5.xlsx,febrero,2025,month,2025-02,Financ. | Educativo | Ley Nº 26.075,0.0,Financiamiento Educativo
Río Negro,informacion_consolidada2025_5.xlsx,febrero,2025,month,2025-02,Fondo | Compens. | de | Desequilib.,2.5,Fondo | Compens. | de | Desequilib.
Río Negro,informacion_consolidada2025_5.xlsx,febrero,2025,month,2025-02,I.V.A. | Ley Nº 23.966 | Art. 5 | Punto 2,0.0,I.V.A. | Ley Nº 23.966 | Art. 5 | Punto 2
Río Negro,informacion_consolidada2025_5.xlsx,febrero,2025,month,2025-02,Impuesto a los Combustibles Líquidos | Ley Nº 23.966 y Nº 24.699 | Obras de | Infraestr.,236.2939,Impuesto a los Combustibles Líquidos | Ley Nº 23.966 y Nº 24.699 | Obras de | Infraestr.
Río Negro,informacion_consolidada2025_5.xlsx,febrero,2025,month,2025-02,Impuesto s/ | Los Activos | Fdo. Educ. | Ley Nº 23.906,0.0,Impuesto s/ | Los Activos | Fdo. Educ. | Ley Nº 23.906
Río Negro,informacion_consolidada2025_5.xlsx,febrero,2025,month,2025-02,Impuesto sobre los | Bienes Personales | Ley | Nº 24.699,891.414,Impuesto sobre los | Bienes Personales | Ley | Nº 24.699
Río Negro,informacion_consolidada2025_5.xlsx,febrero,2025,month,2025-02,Ley Nº 23.966 | Art. 30,0.0,Ley Nº 23.966 | Art. 30
Río Negro,informacion_consolidada2025_5.xlsx,febrero,2025,month,2025-02,Ley Nº 24.464 | FO.NA.VI.,2057.1091,Ley Nº 24.464 | FO.NA.VI.
Río Negro,informacion_consolidada2025_5.xlsx,febrero,2025,month,2025-02,Reg.Simplif. | P/Peq.Contrib. | Ley Nº 24.977 | Aart. 59 Inc. A,312.4441,Reg.Simplif. | P/Peq.Contrib. | Ley Nº 24.977 | Aart. 59 Inc. A
Río Negro,informacion_consolidada2025_5.xlsx,febrero,2025,month,2025-02,Régimen de la Energía Eléctrica | L E Y Nº 2 4 . 0 6 5 | Fdo. P/Comp. | Tarifa Elect.,138.60628100398984,Régimen de la Energía Eléctrica | L E Y Nº 2 4 . 0 6 5 | Fdo. P/Comp. | Tarifa Elect.
Río Negro,informacion_consolidada2025_5.xlsx,febrero,2025,month,2025-02,Subtotal,99582.3402,Subtotal
Río Negro,informacion_consolidada2025_5.xlsx,febrero,2025,month,2025-02,Subtotal,99583.55690000001,Subtotal
Río Negro,informacion_consolidada2025_5.xlsx,febrero,2025,month,2025-02,Total | (1) + (2),105206.99714109531,Total | (1) + (2)
Río Negro,informacion_consolidada2025_5.xlsx,febrero,2025,month,2025-02,Total | Recursos | Origen Nacional | (1),104006.17490109532,Total | Recursos | Origen Nacional | (1)
Río Negro,informacion_consolidada2025_5.xlsx,febrero,2025,month,2025-02,Transfer. | De Servicios | Ley | Nº 24.049,1.2167000000000001,Transfer. | De Servicios | Ley | Nº 24.049
Río Negro,informacion_consolidada2025_5.xlsx,febrero,2025,month,2025-02,Vialidad | Provincial,493.2242,Vialidad | Provincial
Río Negro,informacion_consolidada2025_5.xlsx,marzo,2025,month,2025-03,C.F.I. | Neta De | Ley Nº 26.075,85166.5102,CFI | Neta
Río Negro,informacion_consolidada2025_5.xlsx,marzo,2025,month,2025-03,Compensación | Consenso Fiscal | II. a y b; II. d y e | (2),1080.740016,Compensación Consenso Fiscal
Río Negro,informacion_consolidada2025_5.xlsx,marzo,2025,month,2025-03,F.E.D.E.I.,105.56446198,F.E.D.E.I.
Río Negro,informacion_consolidada2025_5.xlsx,marzo,2025,month,2025-03,F.E.D.E.I.,184.97928343874827,F.E.D.E.I.
Río Negro,informacion_consolidada2025_5.xlsx,marzo,2025,month,2025-03,Financ. | Educativo | Ley Nº 26.075,5000.390269279999,Financiamiento Educativo
Río Negro,informacion_consolidada2025_5.xlsx,marzo,2025,month,2025-03,Fondo | Compens. | de | Desequilib.,2.5,Fondo | Compens. | de | Desequilib.
Río Negro,informacion_consolidada2025_5.xlsx,marzo,2025,month,2025-03,I.V.A. | Ley Nº 23.966 | Art. 5 | Punto 2,0.0,I.V.A. | Ley Nº 23.966 | Art. 5 | Punto 2
Río Negro,informacion_consolidada2025_5.xlsx,marzo,2025,month,2025-03,Impuesto a los Combustibles Líquidos | Ley Nº 23.966 y Nº 24.699 | Obras de | Infraestr.,215.8116,Impuesto a los Combustibles Líquidos | Ley Nº 23.966 y Nº 24.699 | Obras de | Infraestr.
Río Negro,informacion_consolidada2025_5.xlsx,marzo,2025,month,2025-03,Impuesto s/ | Los Activos | Fdo. Educ. | Ley Nº 23.906,0.0,Impuesto s/ | Los Activos | Fdo. Educ. | Ley Nº 23.906
Río Negro,informacion_consolidada2025_5.xlsx,marzo,2025,month,2025-03,Impuesto sobre los | Bienes Personales | Ley | Nº 24.699,407.6229,Impuesto sobre los | Bienes Personales | Ley | Nº 24.699
Río Negro,informacion_consolidada2025_5.xlsx,marzo,2025,month,2025-03,Ley Nº 23.966 | Art. 30,0.0,Ley Nº 23.966 | Art. 30
Río Negro,informacion_consolidada2025_5.xlsx,marzo,2025,month,2025-03,Ley Nº 24.464 | FO.NA.VI.,1878.7955,Ley Nº 24.464 | FO.NA.VI.
Río Negro,informacion_consolidada2025_5.xlsx,marzo,2025,month,2025-03,Reg.Simplif. | P/Peq.Contrib. | Ley Nº 24.977 | Aart. 59 Inc. A,336.12609999999995,Reg.Simplif. | P/Peq.Contrib. | Ley Nº 24.977 | Aart. 59 Inc. A
Río Negro,informacion_consolidada2025_5.xlsx,marzo,2025,month,2025-03,Régimen de la Energía Eléctrica | L E Y Nº 2 4 . 0 6 5 | Fdo. P/Comp. | Tarifa Elect.,230.65668708592654,Régimen de la Energía Eléctrica | L E Y Nº 2 4 . 0 6 5 | Fdo. P/Comp. | Tarifa Elect.
Río Negro,informacion_consolidada2025_5.xlsx,marzo,2025,month,2025-03,Subtotal,90166.90046928001,Subtotal
Río Negro,informacion_consolidada2025_5.xlsx,marzo,2025,month,2025-03,Subtotal,90168.11716928001,Subtotal
Río Negro,informacion_consolidada2025_5.xlsx,marzo,2025,month,2025-03,Total | (1) + (2),95061.38441778468,Total | (1) + (2)
Río Negro,informacion_consolidada2025_5.xlsx,marzo,2025,month,2025-03,Total | Recursos | Origen Nacional | (1),93980.64440178468,Total | Recursos | Origen Nacional | (1)
Río Negro,informacion_consolidada2025_5.xlsx,marzo,2025,month,2025-03,Transfer. | De Servicios | Ley | Nº 24.049,1.2167000000000001,Transfer. | De Servicios | Ley | Nº 24.049
Río Negro,informacion_consolidada2025_5.xlsx,marzo,2025,month,2025-03,Vialidad | Provincial,450.4707,Vialidad | Provincial
Río Negro,informacion_consolidada2025_5.xlsx,abril,2025,month,2025-04,C.F.I. | Neta De | Ley Nº 26.075,76928.4152,CFI | Neta
Río Negro,informacion_consolidada2025_5.xlsx,abril,2025,month,2025-04,Compensación | Consenso Fiscal | II. a y b; II. d y e | (2),1482.5947760000001,Compensación Consenso Fiscal
Río Negro,informacion_consolidada2025_5.xlsx,abril,2025,month,2025-04,F.E.D.E.I.,133.12654988354055,F.E.D.E.I.
Río Negro,informacion_consolidada2025_5.xlsx,abril,2025,month,2025-04,F.E.D.E.I.,159.55033119595416,F.E.D.E.I.
Río Negro,informacion_consolidada2025_5.xlsx,abril,2025,month,2025-04,Financ. | Educativo | Ley Nº 26.075,20001.561077119997,Financiamiento Educativo
Río Negro,informacion_consolidada2025_5.xlsx,abril,2025,month,2025-04,Fondo | Compens. | de | Desequilib.,2.5,Fondo | Compens. | de | Desequilib.
Río Negro,informacion_consolidada2025_5.xlsx,abril,2025,month,2025-04,I.V.A. | Ley Nº 23.966 | Art. 5 | Punto 2,0.0,I.V.A. | Ley Nº 23.966 | Art. 5 | Punto 2
Río Negro,informacion_consolidada2025_5.xlsx,abril,2025,month,2025-04,Impuesto a los Combustibles Líquidos | Ley Nº 23.966 y Nº 24.699 | Obras de | Infraestr.,239.6285,Impuesto a los Combustibles Líquidos | Ley Nº 23.966 y Nº 24.699 | Obras de | Infraestr.
Río Negro,informacion_consolidada2025_5.xlsx,abril,2025,month,2025-04,Impuesto s/ | Los Activos | Fdo. Educ. | Ley Nº 23.906,0.0,Impuesto s/ | Los Activos | Fdo. Educ. | Ley Nº 23.906
Río Negro,informacion_consolidada2025_5.xlsx,abril,2025,month,2025-04,Impuesto sobre los | Bienes Personales | Ley | Nº 24.699,762.2283,Impuesto sobre los | Bienes Personales | Ley | Nº 24.699
Río Negro,informacion_consolidada2025_5.xlsx,abril,2025,month,2025-04,Ley Nº 23.966 | Art. 30,0.0,Ley Nº 23.966 | Art. 30
Río Negro,informacion_consolidada2025_5.xlsx,abril,2025,month,2025-04,Ley Nº 24.464 | FO.NA.VI.,2086.1394,Ley Nº 24.464 | FO.NA.VI.
Río Negro,informacion_consolidada2025_5.xlsx,abril,2025,month,2025-04,Reg.Simplif. | P/Peq.Contrib. | Ley Nº 24.977 | Aart. 59 Inc. A,344.3668,Reg.Simplif. | P/Peq.Contrib. | Ley Nº 24.977 | Aart. 59 Inc. A
Río Negro,informacion_consolidada2025_5.xlsx,abril,2025,month,2025-04,Régimen de la Energía Eléctrica | L E Y Nº 2 4 . 0 6 5 | Fdo. P/Comp. | Tarifa Elect.,189.3766907113924,Régimen de la Energía Eléctrica | L E Y Nº 2 4 . 0 6 5 | Fdo. P/Comp. | Tarifa Elect.
Río Negro,informacion_consolidada2025_5.xlsx,abril,2025,month,2025-04,Subtotal,96929.97627712,Subtotal
Río Negro,informacion_consolidada2025_5.xlsx,abril,2025,month,2025-04,Subtotal,96931.19297712001,Subtotal
Río Negro,informacion_consolidada2025_5.xlsx,abril,2025,month,2025-04,Total | (1) + (2),102830.8890249109,Total | (1) + (2)
Río Negro,informacion_consolidada2025_5.xlsx,abril,2025,month,2025-04,Total | Recursos | Origen Nacional | (1),101348.2942489109,Total | Recursos | Origen Nacional | (1)
Río Negro,informacion_consolidada2025_5.xlsx,abril,2025,month,2025-04,Transfer. | De Servicios | Ley | Nº 24.049,1.2167000000000001,Transfer. | De Servicios | Ley | Nº 24.049
Río Negro,informacion_consolidada2025_5.xlsx,abril,2025,month,2025-04,Vialidad | Provincial,500.1847,Vialidad | Provincial
Río Negro,informacion_consolidada2025_5.xlsx,mayo,2025,month,2025-05,C.F.I. | Neta De | Ley Nº 26.075,105318.2922,CFI | Neta
Río Negro,informacion_consolidada2025_5.xlsx,mayo,2025,month,2025-05,Compensación | Consenso Fiscal | II. a y b; II. d y e | (2),1560.62608,Compensación Consenso Fiscal
Río Negro,informacion_consolidada2025_5.xlsx,mayo,2025,month,2025-05,F.E.D.E.I.,256.6493006777977,F.E.D.E.I.
Río Negro,informacion_consolidada2025_5.xlsx,mayo,2025,month,2025-05,F.E.D.E.I.,593.7515476126028,F.E.D.E.I.
Río Negro,informacion_consolidada2025_5.xlsx,mayo,2025,month,2025-05,Financ. | Educativo | Ley Nº 26.075,20626.609860779998,Financiamiento Educativo
Río Negro,informacion_consolidada2025_5.xlsx,mayo,2025,month,2025-05,Fondo | Compens. | de | Desequilib.,2.5,Fondo | Compens. | de | Desequilib.
Río Negro,informacion_consolidada2025_5.xlsx,mayo,2025,month,2025-05,I.V.A. | Ley Nº 23.966 | Art. 5 | Punto 2,0.0,I.V.A. | Ley Nº 23.966 | Art. 5 | Punto 2
Río Negro,informacion_consolidada2025_5.xlsx,mayo,2025,month,2025-05,Impuesto a los Combustibles Líquidos | Ley Nº 23.966 y Nº 24.699 | Obras de | Infraestr.,260.7333,Impuesto a los Combustibles Líquidos | Ley Nº 23.966 y Nº 24.699 | Obras de | Infraestr.
Río Negro,informacion_consolidada2025_5.xlsx,mayo,2025,month,2025-05,Impuesto s/ | Los Activos | Fdo. Educ. | Ley Nº 23.906,0.0,Impuesto s/ | Los Activos | Fdo. Educ. | Ley Nº 23.906
Río Negro,informacion_consolidada2025_5.xlsx,mayo,2025,month,2025-05,Impuesto sobre los | Bienes Personales | Ley | Nº 24.699,526.3036,Impuesto sobre los | Bienes Personales | Ley | Nº 24.699
Río Negro,informacion_consolidada2025_5.xlsx,mayo,2025,month,2025-05,Ley Nº 23.966 | Art. 30,0.0,Ley Nº 23.966 | Art. 30
Río Negro,informacion_consolidada2025_5.xlsx,mayo,2025,month,2025-05,Ley Nº 24.464 | FO.NA.VI.,2269.8714,Ley Nº 24.464 | FO.NA.VI.
Río Negro,informacion_consolidada2025_5.xlsx,mayo,2025,month,2025-05,Reg.Simplif. | P/Peq.Contrib. | Ley Nº 24.977 | Aart. 59 Inc. A,361.4589,Reg.Simplif. | P/Peq.Contrib. | Ley Nº 24.977 | Aart. 59 Inc. A
Río Negro,informacion_consolidada2025_5.xlsx,mayo,2025,month,2025-05,Régimen de la Energía Eléctrica | L E Y Nº 2 4 . 0 6 5 | Fdo. P/Comp. | Tarifa Elect.,322.99514418307956,Régimen de la Energía Eléctrica | L E Y Nº 2 4 . 0 6 5 | Fdo. P/Comp. | Tarifa Elect.
Río Negro,informacion_consolidada2025_5.xlsx,mayo,2025,month,2025-05,Subtotal,125944.90206077999,Subtotal
Río Negro,informacion_consolidada2025_5.xlsx,mayo,2025,month,2025-05,Subtotal,125946.11876078,Subtotal
Río Negro,informacion_consolidada2025_5.xlsx,mayo,2025,month,2025-05,Total | (1) + (2),132645.24533325346,Total | (1) + (2)
Río Negro,informacion_consolidada2025_5.xlsx,mayo,2025,month,2025-05,Total | Recursos | Origen Nacional | (1),131084.61925325348,Total | Recursos | Origen Nacional | (1)
Río Negro,informacion_consolidada2025_5.xlsx,mayo,2025,month,2025-05,Transfer. | De Servicios | Ley | Nº 24.049,1.2167000000000001,Transfer. | De Servicios | Ley | Nº 24.049
Río Negro,informacion_consolidada2025_5.xlsx,mayo,2025,month,2025-05,Vialidad | Provincial,544.2373,Vialidad | Provincial
Río Negro,informacion_consolidada2025_5.xlsx,junio,2025,month,2025-06,C.F.I. | Neta De | Ley Nº 26.075,86722.4726,CFI | Neta
Río Negro,informacion_consolidada2025_5.xlsx,junio,2025,month,2025-06,Compensación | Consenso Fiscal | II. a y b; II. d y e | (2),1482.5947760000001,Compensación Consenso Fiscal
Río Negro,informacion_consolidada2025_5.xlsx,junio,2025,month,2025-06,F.E.D.E.I.,146.86615268769353,F.E.D.E.I.
Río Negro,informacion_consolidada2025_5.xlsx,junio,2025,month,2025-06,F.E.D.E.I.,170.22064301075173,F.E.D.E.I.
Río Negro,informacion_consolidada2025_5.xlsx,junio,2025,month,2025-06,Financ. | Educativo | Ley Nº 26.075,20001.56107712004,Financiamiento Educativo
Río Negro,informacion_consolidada2025_5.xlsx,junio,2025,month,2025-06,Fondo | Compens. | de | Desequilib.,2.5,Fondo | Compens. | de | Desequilib.
Río Negro,informacion_consolidada2025_5.xlsx,junio,2025,month,2025-06,I.V.A. | Ley Nº 23.966 | Art. 5 | Punto 2,0.0,I.V.A. | Ley Nº 23.966 | Art. 5 | Punto 2
Río Negro,informacion_consolidada2025_5.xlsx,junio,2025,month,2025-06,Impuesto a los Combustibles Líquidos | Ley Nº 23.966 y Nº 24.699 | Obras de | Infraestr.,281.5911,Impuesto a los Combustibles Líquidos | Ley Nº 23.966 y Nº 24.699 | Obras de | Infraestr.
Río Negro,informacion_consolidada2025_5.xlsx,junio,2025,month,2025-06,Impuesto s/ | Los Activos | Fdo. Educ. | Ley Nº 23.906,0.0,Impuesto s/ | Los Activos | Fdo. Educ. | Ley Nº 23.906
Río Negro,informacion_consolidada2025_5.xlsx,junio,2025,month,2025-06,Impuesto sobre los | Bienes Personales | Ley | Nº 24.699,15344.1753,Impuesto sobre los | Bienes Personales | Ley | Nº 24.699
Río Negro,informacion_consolidada2025_5.xlsx,junio,2025,month,2025-06,Ley Nº 23.966 | Art. 30,0.0,Ley Nº 23.966 | Art. 30
Río Negro,informacion_consolidada2025_5.xlsx,junio,2025,month,2025-06,Ley Nº 24.464 | FO.NA.VI.,2451.4541,Ley Nº 24.464 | FO.NA.VI.
Río Negro,informacion_consolidada2025_5.xlsx,junio,2025,month,2025-06,Reg.Simplif. | P/Peq.Contrib. | Ley Nº 24.977 | Aart. 59 Inc. A,368.93859999999995,Reg.Simplif. | P/Peq.Contrib. | Ley Nº 24.977 | Aart. 59 Inc. A
Río Negro,informacion_consolidada2025_5.xlsx,junio,2025,month,2025-06,Régimen de la Energía Eléctrica | L E Y Nº 2 4 . 0 6 5 | Fdo. P/Comp. | Tarifa Elect.,669.0777223765314,Régimen de la Energía Eléctrica | L E Y Nº 2 4 . 0 6 5 | Fdo. P/Comp. | Tarifa Elect.
Río Negro,informacion_consolidada2025_5.xlsx,junio,2025,month,2025-06,Subtotal,106724.03367712004,Subtotal
Río Negro,informacion_consolidada2025_5.xlsx,junio,2025,month,2025-06,Subtotal,106725.25037712004,Subtotal
Río Negro,informacion_consolidada2025_5.xlsx,junio,2025,month,2025-06,Total | (1) + (2),128230.44337119503,Total | (1) + (2)
Río Negro,informacion_consolidada2025_5.xlsx,junio,2025,month,2025-06,Total | Recursos | Origen Nacional | (1),126747.84859519503,Total | Recursos | Origen Nacional | (1)
Río Negro,informacion_consolidada2025_5.xlsx,junio,2025,month,2025-06,Transfer. | De Servicios | Ley | Nº 24.049,1.2167000000000001,Transfer. | De Servicios | Ley | Nº 24.049
Río Negro,informacion_consolidada2025_5.xlsx,junio,2025,month,2025-06,Vialidad | Provincial,587.7746,Vialidad | Provincial
Río Negro,informacion_consolidada2025_5.xlsx,julio,2025,month,2025-07,C.F.I. | Neta De | Ley Nº 26.075,90299.7895,CFI | Neta
Río Negro,informacion_consolidada2025_5.xlsx,julio,2025,month,2025-07,Compensación | Consenso Fiscal | II. a y b; II. d y e | (2),2121.4975099999997,Compensación Consenso Fiscal
Río Negro,informacion_consolidada2025_5.xlsx,julio,2025,month,2025-07,F.E.D.E.I.,158.73768013192952,F.E.D.E.I.
Río Negro,informacion_consolidada2025_5.xlsx,julio,2025,month,2025-07,F.E.D.E.I.,272.3147363387445,F.E.D.E.I.
Río Negro,informacion_consolidada2025_5.xlsx,julio,2025,month,2025-07,Financ. | Educativo | Ley Nº 26.075,21876.70742810008,Financiamiento Educativo
Río Negro,informacion_consolidada2025_5.xlsx,julio,2025,month,2025-07,Fondo | Compens. | de | Desequilib.,2.5,Fondo | Compens. | de | Desequilib.
Río Negro,informacion_consolidada2025_5.xlsx,julio,2025,month,2025-07,I.V.A. | Ley Nº 23.966 | Art. 5 | Punto 2,0.0,I.V.A. | Ley Nº 23.966 | Art. 5 | Punto 2
Río Negro,informacion_consolidada2025_5.xlsx,julio,2025,month,2025-07,Impuesto a los Combustibles Líquidos | Ley Nº 23.966 y Nº 24.699 | Obras de | Infraestr.,251.6265,Impuesto a los Combustibles Líquidos | Ley Nº 23.966 y Nº 24.699 | Obras de | Infraestr.
Río Negro,informacion_consolidada2025_5.xlsx,julio,2025,month,2025-07,Impuesto s/ | Los Activos | Fdo. Educ. | Ley Nº 23.906,0.0,Impuesto s/ | Los Activos | Fdo. Educ. | Ley Nº 23.906
Río Negro,informacion_consolidada2025_5.xlsx,julio,2025,month,2025-07,Impuesto sobre los | Bienes Personales | Ley | Nº 24.699,1393.749,Impuesto sobre los | Bienes Personales | Ley | Nº 24.699
Río Negro,informacion_consolidada2025_5.xlsx,julio,2025,month,2025-07,Ley Nº 23.966 | Art. 30,0.0,Ley Nº 23.966 | Art. 30
Río Negro,informacion_consolidada2025_5.xlsx,julio,2025,month,2025-07,Ley Nº 24.464 | FO.NA.VI.,2190.5901,Ley Nº 24.464 | FO.NA.VI.
Río Negro,informacion_consolidada2025_5.xlsx,julio,2025,month,2025-07,Reg.Simplif. | P/Peq.Contrib. | Ley Nº 24.977 | Aart. 59 Inc. A,373.03040000000004,Reg.Simplif. | P/Peq.Contrib. | Ley Nº 24.977 | Aart. 59 Inc. A
Río Negro,informacion_consolidada2025_5.xlsx,julio,2025,month,2025-07,Régimen de la Energía Eléctrica | L E Y Nº 2 4 . 0 6 5 | Fdo. P/Comp. | Tarifa Elect.,449.8771551016974,Régimen de la Energía Eléctrica | L E Y Nº 2 4 . 0 6 5 | Fdo. P/Comp. | Tarifa Elect.
Río Negro,informacion_consolidada2025_5.xlsx,julio,2025,month,2025-07,Subtotal,112176.49692810008,Subtotal
Río Negro,informacion_consolidada2025_5.xlsx,julio,2025,month,2025-07,Subtotal,112177.71362810009,Subtotal
Río Negro,informacion_consolidada2025_5.xlsx,julio,2025,month,2025-07,Total | (1) + (2),119916.86510967246,Total | (1) + (2)
Río Negro,informacion_consolidada2025_5.xlsx,julio,2025,month,2025-07,Total | Recursos | Origen Nacional | (1),117795.36759967246,Total | Recursos | Origen Nacional | (1)
Río Negro,informacion_consolidada2025_5.xlsx,julio,2025,month,2025-07,Transfer. | De Servicios | Ley | Nº 24.049,1.2167000000000001,Transfer. | De Servicios | Ley | Nº 24.049
Río Negro,informacion_consolidada2025_5.xlsx,julio,2025,month,2025-07,Vialidad | Provincial,525.2284000000001,Vialidad | Provincial
Río Negro,informacion_consolidada2025_5.xlsx,agosto,2025,month,2025-08,C.F.I. | Neta De | Ley Nº 26.075,101656.0578,CFI | Neta
Río Negro,informacion_consolidada2025_5.xlsx,agosto,2025,month,2025-08,Compensación | Consenso Fiscal | II. a y b; II. d y e | (2),1928.6341,Compensación Consenso Fiscal
Río Negro,informacion_consolidada2025_5.xlsx,agosto,2025,month,2025-08,F.E.D.E.I.,141.58723380861272,F.E.D.E.I.
Río Negro,informacion_consolidada2025_5.xlsx,agosto,2025,month,2025-08,F.E.D.E.I.,187.86433819128428,F.E.D.E.I.
Río Negro,informacion_consolidada2025_5.xlsx,agosto,2025,month,2025-08,Financ. | Educativo | Ley Nº 26.075,12500.975673200073,Financiamiento Educativo
Río Negro,informacion_consolidada2025_5.xlsx,agosto,2025,month,2025-08,Fondo | Compens. | de | Desequilib.,2.5,Fondo | Compens. | de | Desequilib.
Río Negro,informacion_consolidada2025_5.xlsx,agosto,2025,month,2025-08,I.V.A. | Ley Nº 23.966 | Art. 5 | Punto 2,0.0,I.V.A. | Ley Nº 23.966 | Art. 5 | Punto 2
Río Negro,informacion_consolidada2025_5.xlsx,agosto,2025,month,2025-08,Impuesto a los Combustibles Líquidos | Ley Nº 23.966 y Nº 24.699 | Obras de | Infraestr.,297.482,Impuesto a los Combustibles Líquidos | Ley Nº 23.966 y Nº 24.699 | Obras de | Infraestr.
Río Negro,informacion_consolidada2025_5.xlsx,agosto,2025,month,2025-08,Impuesto s/ | Los Activos | Fdo. Educ. | Ley Nº 23.906,0.10850434,Impuesto s/ | Los Activos | Fdo. Educ. | Ley Nº 23.906
Río Negro,informacion_consolidada2025_5.xlsx,agosto,2025,month,2025-08,Impuesto sobre los | Bienes Personales | Ley | Nº 24.699,1438.3316,Impuesto sobre los | Bienes Personales | Ley | Nº 24.699
Río Negro,informacion_consolidada2025_5.xlsx,agosto,2025,month,2025-08,Ley Nº 23.966 | Art. 30,0.0,Ley Nº 23.966 | Art. 30
Río Negro,informacion_consolidada2025_5.xlsx,agosto,2025,month,2025-08,Ley Nº 24.464 | FO.NA.VI.,2589.7957,Ley Nº 24.464 | FO.NA.VI.
Río Negro,informacion_consolidada2025_5.xlsx,agosto,2025,month,2025-08,Reg.Simplif. | P/Peq.Contrib. | Ley Nº 24.977 | Aart. 59 Inc. A,531.3464,Reg.Simplif. | P/Peq.Contrib. | Ley Nº 24.977 | Aart. 59 Inc. A
Río Negro,informacion_consolidada2025_5.xlsx,agosto,2025,month,2025-08,Régimen de la Energía Eléctrica | L E Y Nº 2 4 . 0 6 5 | Fdo. P/Comp. | Tarifa Elect.,302.3701367564799,Régimen de la Energía Eléctrica | L E Y Nº 2 4 . 0 6 5 | Fdo. P/Comp. | Tarifa Elect.
Río Negro,informacion_consolidada2025_5.xlsx,agosto,2025,month,2025-08,Subtotal,114157.03347320006,Subtotal
Río Negro,informacion_consolidada2025_5.xlsx,agosto,2025,month,2025-08,Subtotal,114158.25017320007,Subtotal
Río Negro,informacion_consolidada2025_5.xlsx,agosto,2025,month,2025-08,Total | (1) + (2),122199.21438629644,Total | (1) + (2)
Río Negro,informacion_consolidada2025_5.xlsx,agosto,2025,month,2025-08,Total | Recursos | Origen Nacional | (1),120270.58028629645,Total | Recursos | Origen Nacional | (1)
Río Negro,informacion_consolidada2025_5.xlsx,agosto,2025,month,2025-08,Transfer. | De Servicios | Ley | Nº 24.049,1.2167000000000001,Transfer. | De Servicios | Ley | Nº 24.049
Río Negro,informacion_consolidada2025_5.xlsx,agosto,2025,month,2025-08,Vialidad | Provincial,620.9441999999999,Vialidad | Provincial
Río Negro,informacion_consolidada2025_5.xlsx,septiembre,2025,month,2025-09,C.F.I. | Neta De | Ley Nº 26.075,98973.7423,CFI | Neta
Río Negro,informacion_consolidada2025_5.xlsx,septiembre,2025,month,2025-09,Compensación | Consenso Fiscal | II. a y b; II. d y e | (2),2121.4975099999997,Compensación Consenso Fiscal
Río Negro,informacion_consolidada2025_5.xlsx,septiembre,2025,month,2025-09,F.E.D.E.I.,167.61167403087362,F.E.D.E.I.
Río Negro,informacion_consolidada2025_5.xlsx,septiembre,2025,month,2025-09,F.E.D.E.I.,233.9065389551615,F.E.D.E.I.
Río Negro,informacion_consolidada2025_5.xlsx,septiembre,2025,month,2025-09,Financ. | Educativo | Ley Nº 26.075,13751.073240520072,Financiamiento Educativo
Río Negro,informacion_consolidada2025_5.xlsx,septiembre,2025,month,2025-09,Fondo | Compens. | de | Desequilib.,2.5,Fondo | Compens. | de | Desequilib.
Río Negro,informacion_consolidada2025_5.xlsx,septiembre,2025,month,2025-09,I.V.A. | Ley Nº 23.966 | Art. 5 | Punto 2,0.0,I.V.A. | Ley Nº 23.966 | Art. 5 | Punto 2
Río Negro,informacion_consolidada2025_5.xlsx,septiembre,2025,month,2025-09,Impuesto a los Combustibles Líquidos | Ley Nº 23.966 y Nº 24.699 | Obras de | Infraestr.,307.702,Impuesto a los Combustibles Líquidos | Ley Nº 23.966 y Nº 24.699 | Obras de | Infraestr.
Río Negro,informacion_consolidada2025_5.xlsx,septiembre,2025,month,2025-09,Impuesto s/ | Los Activos | Fdo. Educ. | Ley Nº 23.906,0.0,Impuesto s/ | Los Activos | Fdo. Educ. | Ley Nº 23.906
Río Negro,informacion_consolidada2025_5.xlsx,septiembre,2025,month,2025-09,Impuesto sobre los | Bienes Personales | Ley | Nº 24.699,1289.0906,Impuesto sobre los | Bienes Personales | Ley | Nº 24.699
Río Negro,informacion_consolidada2025_5.xlsx,septiembre,2025,month,2025-09,Ley Nº 23.966 | Art. 30,0.0,Ley Nº 23.966 | Art. 30
Río Negro,informacion_consolidada2025_5.xlsx,septiembre,2025,month,2025-09,Ley Nº 24.464 | FO.NA.VI.,2678.7682,Ley Nº 24.464 | FO.NA.VI.
Río Negro,informacion_consolidada2025_5.xlsx,septiembre,2025,month,2025-09,Reg.Simplif. | P/Peq.Contrib. | Ley Nº 24.977 | Aart. 59 Inc. A,560.7363,Reg.Simplif. | P/Peq.Contrib. | Ley Nº 24.977 | Aart. 59 Inc. A
Río Negro,informacion_consolidada2025_5.xlsx,septiembre,2025,month,2025-09,Régimen de la Energía Eléctrica | L E Y Nº 2 4 . 0 6 5 | Fdo. P/Comp. | Tarifa Elect.,329.09616607004295,Régimen de la Energía Eléctrica | L E Y Nº 2 4 . 0 6 5 | Fdo. P/Comp. | Tarifa Elect.
Río Negro,informacion_consolidada2025_5.xlsx,septiembre,2025,month,2025-09,Subtotal,112724.81554052007,Subtotal
Río Negro,informacion_consolidada2025_5.xlsx,septiembre,2025,month,2025-09,Subtotal,112726.03224052007,Subtotal
Río Negro,informacion_consolidada2025_5.xlsx,septiembre,2025,month,2025-09,Total | (1) + (2),121059.21802957616,Total | (1) + (2)
Río Negro,informacion_consolidada2025_5.xlsx,septiembre,2025,month,2025-09,Total | Recursos | Origen Nacional | (1),118937.72051957616,Total | Recursos | Origen Nacional | (1)
Río Negro,informacion_consolidada2025_5.xlsx,septiembre,2025,month,2025-09,Transfer. | De Servicios | Ley | Nº 24.049,1.2167000000000001,Transfer. | De Servicios | Ley | Nº 24.049
Río Negro,informacion_consolidada2025_5.xlsx,septiembre,2025,month,2025-09,Vialidad | Provincial,642.2768000000001,Vialidad | Provincial
Río Negro,informacion_consolidada2025_5.xlsx,octubre,2025,month,2025-10,C.F.I. | Neta De | Ley Nº 26.075,107631.4409,CFI | Neta
Río Negro,informacion_consolidada2025_5.xlsx,octubre,2025,month,2025-10,Compensación | Consenso Fiscal | II. a y b; II. d y e | (2),2425.611958,Compensación Consenso Fiscal
Río Negro,informacion_consolidada2025_5.xlsx,octubre,2025,month,2025-10,F.E.D.E.I.,173.4013963641362,F.E.D.E.I.
Río Negro,informacion_consolidada2025_5.xlsx,octubre,2025,month,2025-10,F.E.D.E.I.,229.45473605028604,F.E.D.E.I.
Río Negro,informacion_consolidada2025_5.xlsx,octubre,2025,month,2025-10,Financ. | Educativo | Ley Nº 26.075,14376.122024180084,Financiamiento Educativo
Río Negro,informacion_consolidada2025_5.xlsx,octubre,2025,month,2025-10,Fondo | Compens. | de | Desequilib.,2.5,Fondo | Compens. | de | Desequilib.
Río Negro,informacion_consolidada2025_5.xlsx,octubre,2025,month,2025-10,I.V.A. | Ley Nº 23.966 | Art. 5 | Punto 2,0.0,I.V.A. | Ley Nº 23.966 | Art. 5 | Punto 2
Río Negro,informacion_consolidada2025_5.xlsx,octubre,2025,month,2025-10,Impuesto a los Combustibles Líquidos | Ley Nº 23.966 y Nº 24.699 | Obras de | Infraestr.,295.6594,Impuesto a los Combustibles Líquidos | Ley Nº 23.966 y Nº 24.699 | Obras de | Infraestr.
Río Negro,informacion_consolidada2025_5.xlsx,octubre,2025,month,2025-10,Impuesto s/ | Los Activos | Fdo. Educ. | Ley Nº 23.906,0.0,Impuesto s/ | Los Activos | Fdo. Educ. | Ley Nº 23.906
Río Negro,informacion_consolidada2025_5.xlsx,octubre,2025,month,2025-10,Impuesto sobre los | Bienes Personales | Ley | Nº 24.699,1272.6988000000001,Impuesto sobre los | Bienes Personales | Ley | Nº 24.699
Río Negro,informacion_consolidada2025_5.xlsx,octubre,2025,month,2025-10,Ley Nº 23.966 | Art. 30,0.0,Ley Nº 23.966 | Art. 30
Río Negro,informacion_consolidada2025_5.xlsx,octubre,2025,month,2025-10,Ley Nº 24.464 | FO.NA.VI.,2573.9286,Ley Nº 24.464 | FO.NA.VI.
Río Negro,informacion_consolidada2025_5.xlsx,octubre,2025,month,2025-10,Reg.Simplif. | P/Peq.Contrib. | Ley Nº 24.977 | Aart. 59 Inc. A,588.5679,Reg.Simplif. | P/Peq.Contrib. | Ley Nº 24.977 | Aart. 59 Inc. A
Río Negro,informacion_consolidada2025_5.xlsx,octubre,2025,month,2025-10,Régimen de la Energía Eléctrica | L E Y Nº 2 4 . 0 6 5 | Fdo. P/Comp. | Tarifa Elect.,326.4200689859205,Régimen de la Energía Eléctrica | L E Y Nº 2 4 . 0 6 5 | Fdo. P/Comp. | Tarifa Elect.
Río Negro,informacion_consolidada2025_5.xlsx,octubre,2025,month,2025-10,Subtotal,122007.56292418009,Subtotal
Río Negro,informacion_consolidada2025_5.xlsx,octubre,2025,month,2025-10,Subtotal,122008.7796241801,Subtotal
Río Negro,informacion_consolidada2025_5.xlsx,octubre,2025,month,2025-10,Total | (1) + (2),130514.16228358043,Total | (1) + (2)
Río Negro,informacion_consolidada2025_5.xlsx,octubre,2025,month,2025-10,Total | Recursos | Origen Nacional | (1),128088.55032558044,Total | Recursos | Origen Nacional | (1)
Río Negro,informacion_consolidada2025_5.xlsx,octubre,2025,month,2025-10,Transfer. | De Servicios | Ley | Nº 24.049,1.2167000000000001,Transfer. | De Servicios | Ley | Nº 24.049
Río Negro,informacion_consolidada2025_5.xlsx,octubre,2025,month,2025-10,Vialidad | Provincial,617.1398,Vialidad | Provincial
Río Negro,informacion_consolidada2025_5.xlsx,noviembre,2025,month,2025-11,C.F.I. | Neta De | Ley Nº 26.075,107953.7277,CFI | Neta
Río Negro,informacion_consolidada2025_5.xlsx,noviembre,2025,month,2025-11,Compensación | Consenso Fiscal | II. a y b; II. d y e | (2),1874.336513,Compensación Consenso Fiscal
Río Negro,informacion_consolidada2025_5.xlsx,noviembre,2025,month,2025-11,F.E.D.E.I.,0.0,F.E.D.E.I.
Río Negro,informacion_consolidada2025_5.xlsx,noviembre,2025,month,2025-11,F.E.D.E.I.,0.0,F.E.D.E.I.
Río Negro,informacion_consolidada2025_5.xlsx,noviembre,2025,month,2025-11,Financ. | Educativo | Ley Nº 26.075,10625.829322220063,Financiamiento Educativo
Río Negro,informacion_consolidada2025_5.xlsx,noviembre,2025,month,2025-11,Fondo | Compens. | de | Desequilib.,2.5,Fondo | Compens. | de | Desequilib.
Río Negro,informacion_consolidada2025_5.xlsx,noviembre,2025,month,2025-11,I.V.A. | Ley Nº 23.966 | Art. 5 | Punto 2,0.0,I.V.A. | Ley Nº 23.966 | Art. 5 | Punto 2
Río Negro,informacion_consolidada2025_5.xlsx,noviembre,2025,month,2025-11,Impuesto a los Combustibles Líquidos | Ley Nº 23.966 y Nº 24.699 | Obras de | Infraestr.,313.1232,Impuesto a los Combustibles Líquidos | Ley Nº 23.966 y Nº 24.699 | Obras de | Infraestr.
Río Negro,informacion_consolidada2025_5.xlsx,noviembre,2025,month,2025-11,Impuesto s/ | Los Activos | Fdo. Educ. | Ley Nº 23.906,0.0,Impuesto s/ | Los Activos | Fdo. Educ. | Ley Nº 23.906
Río Negro,informacion_consolidada2025_5.xlsx,noviembre,2025,month,2025-11,Impuesto sobre los | Bienes Personales | Ley | Nº 24.699,768.9766999999999,Impuesto sobre los | Bienes Personales | Ley | Nº 24.699
Río Negro,informacion_consolidada2025_5.xlsx,noviembre,2025,month,2025-11,Ley Nº 23.966 | Art. 30,0.0,Ley Nº 23.966 | Art. 30
Río Negro,informacion_consolidada2025_5.xlsx,noviembre,2025,month,2025-11,Ley Nº 24.464 | FO.NA.VI.,2725.9635,Ley Nº 24.464 | FO.NA.VI.
Río Negro,informacion_consolidada2025_5.xlsx,noviembre,2025,month,2025-11,Reg.Simplif. | P/Peq.Contrib. | Ley Nº 24.977 | Aart. 59 Inc. A,580.5261999999999,Reg.Simplif. | P/Peq.Contrib. | Ley Nº 24.977 | Aart. 59 Inc. A
Río Negro,informacion_consolidada2025_5.xlsx,noviembre,2025,month,2025-11,Régimen de la Energía Eléctrica | L E Y Nº 2 4 . 0 6 5 | Fdo. P/Comp. | Tarifa Elect.,0.0,Régimen de la Energía Eléctrica | L E Y Nº 2 4 . 0 6 5 | Fdo. P/Comp. | Tarifa Elect.
Río Negro,informacion_consolidada2025_5.xlsx,noviembre,2025,month,2025-11,Subtotal,118579.55702222006,Subtotal
Río Negro,informacion_consolidada2025_5.xlsx,noviembre,2025,month,2025-11,Subtotal,118580.77372222007,Subtotal
Río Negro,informacion_consolidada2025_5.xlsx,noviembre,2025,month,2025-11,Total | (1) + (2),125499.79243522006,Total | (1) + (2)
Río Negro,informacion_consolidada2025_5.xlsx,noviembre,2025,month,2025-11,Total | Recursos | Origen Nacional | (1),123625.45592222006,Total | Recursos | Origen Nacional | (1)
Río Negro,informacion_consolidada2025_5.xlsx,noviembre,2025,month,2025-11,Transfer. | De Servicios | Ley | Nº 24.049,1.2167000000000001,Transfer. | De Servicios | Ley | Nº 24.049
Río Negro,informacion_consolidada2025_5.xlsx,noviembre,2025,month,2025-11,Vialidad | Provincial,653.5926,Vialidad | Provincial
Río Negro,informacion_consolidada2025_5.xlsx,diciembre,2025,month,2025-12,C.F.I. | Neta De | Ley Nº 26.075,111501.8604,CFI | Neta
Río Negro,informacion_consolidada2025_5.xlsx,diciembre,2025,month,2025-12,Compensación | Consenso Fiscal | II. a y b; II. d y e | (2),2315.3568689999997,Compensación Consenso Fiscal
Río Negro,informacion_consolidada2025_5.xlsx,diciembre,2025,month,2025-12,F.E.D.E.I.,343.05364574773586,F.E.D.E.I.
Río Negro,informacion_consolidada2025_5.xlsx,diciembre,2025,month,2025-12,F.E.D.E.I.,491.6491350266641,F.E.D.E.I.
Río Negro,informacion_consolidada2025_5.xlsx,diciembre,2025,month,2025-12,Financ. | Educativo | Ley Nº 26.075,13126.024456860077,Financiamiento Educativo
Río Negro,informacion_consolidada2025_5.xlsx,diciembre,2025,month,2025-12,Fondo | Compens. | de | Desequilib.,2.5,Fondo | Compens. | de | Desequilib.
Río Negro,informacion_consolidada2025_5.xlsx,diciembre,2025,month,2025-12,I.V.A. | Ley Nº 23.966 | Art. 5 | Punto 2,0.0,I.V.A. | Ley Nº 23.966 | Art. 5 | Punto 2
Río Negro,informacion_consolidada2025_5.xlsx,diciembre,2025,month,2025-12,Impuesto a los Combustibles Líquidos | Ley Nº 23.966 y Nº 24.699 | Obras de | Infraestr.,445.43890000000005,Impuesto a los Combustibles Líquidos | Ley Nº 23.966 y Nº 24.699 | Obras de | Infraestr.
Río Negro,informacion_consolidada2025_5.xlsx,diciembre,2025,month,2025-12,Impuesto s/ | Los Activos | Fdo. Educ. | Ley Nº 23.906,0.00314391,Impuesto s/ | Los Activos | Fdo. Educ. | Ley Nº 23.906
Río Negro,informacion_consolidada2025_5.xlsx,diciembre,2025,month,2025-12,Impuesto sobre los | Bienes Personales | Ley | Nº 24.699,1279.4678000000001,Impuesto sobre los | Bienes Personales | Ley | Nº 24.699
Río Negro,informacion_consolidada2025_5.xlsx,diciembre,2025,month,2025-12,Ley Nº 23.966 | Art. 30,0.0,Ley Nº 23.966 | Art. 30
Río Negro,informacion_consolidada2025_5.xlsx,diciembre,2025,month,2025-12,Ley Nº 24.464 | FO.NA.VI.,3877.8676,Ley Nº 24.464 | FO.NA.VI.
Río Negro,informacion_consolidada2025_5.xlsx,diciembre,2025,month,2025-12,Reg.Simplif. | P/Peq.Contrib. | Ley Nº 24.977 | Aart. 59 Inc. A,613.4195,Reg.Simplif. | P/Peq.Contrib. | Ley Nº 24.977 | Aart. 59 Inc. A
Río Negro,informacion_consolidada2025_5.xlsx,diciembre,2025,month,2025-12,Régimen de la Energía Eléctrica | L E Y Nº 2 4 . 0 6 5 | Fdo. P/Comp. | Tarifa Elect.,628.6003577812577,Régimen de la Energía Eléctrica | L E Y Nº 2 4 . 0 6 5 | Fdo. P/Comp. | Tarifa Elect.
Río Negro,informacion_consolidada2025_5.xlsx,diciembre,2025,month,2025-12,Subtotal,124627.88485686008,Subtotal
Río Negro,informacion_consolidada2025_5.xlsx,diciembre,2025,month,2025-12,Subtotal,124629.10155686009,Subtotal
Río Negro,informacion_consolidada2025_5.xlsx,diciembre,2025,month,2025-12,Total | (1) + (2),135556.23820832575,Total | (1) + (2)
Río Negro,informacion_consolidada2025_5.xlsx,diciembre,2025,month,2025-12,Total | Recursos | Origen Nacional | (1),133240.88133932574,Total | Recursos | Origen Nacional | (1)
Río Negro,informacion_consolidada2025_5.xlsx,diciembre,2025,month,2025-12,Transfer. | De Servicios | Ley | Nº 24.049,1.2167000000000001,Transfer. | De Servicios | Ley | Nº 24.049
Río Negro,informacion_consolidada2025_5.xlsx,diciembre,2025,month,2025-12,Vialidad | Provincial,929.7796999999999,Vialidad | Provincial
Río Negro,informacion_consolidada2025_5.xlsx,CONS,2025,consolidated,CONS,C.F.I. | Neta De | Ley Nº 26.075,1179738.5421,CFI | Neta
Río Negro,informacion_consolidada2025_5.xlsx,CONS,2025,consolidated,CONS,Compensación | Consenso Fiscal | II. a y b; II. d y e | (2),20915.216812,Compensación Consenso Fiscal
Río Negro,informacion_consolidada2025_5.xlsx,CONS,2025,consolidated,CONS,F.E.D.E.I.,1808.5702413423196,F.E.D.E.I.
Río Negro,informacion_consolidada2025_5.xlsx,CONS,2025,consolidated,CONS,F.E.D.E.I.,2632.74556388151,F.E.D.E.I.
Río Negro,informacion_consolidada2025_5.xlsx,CONS,2025,consolidated,CONS,Financ. | Educativo | Ley Nº 26.075,151886.8545,Financiamiento Educativo
Río Negro,informacion_consolidada2025_5.xlsx,CONS,2025,consolidated,CONS,Fondo | Compens. | de | Desequilib.,30.0,Fondo | Compens. | de | Desequilib.
Río Negro,informacion_consolidada2025_5.xlsx,CONS,2025,consolidated,CONS,I.V.A. | Ley Nº 23.966 | Art. 5 | Punto 2,0.0,I.V.A. | Ley Nº 23.966 | Art. 5 | Punto 2
Río Negro,informacion_consolidada2025_5.xlsx,CONS,2025,consolidated,CONS,Impuesto a los Combustibles Líquidos | Ley Nº 23.966 y Nº 24.699 | Obras de | Infraestr.,3332.6711,Impuesto a los Combustibles Líquidos | Ley Nº 23.966 y Nº 24.699 | Obras de | Infraestr.
Río Negro,informacion_consolidada2025_5.xlsx,CONS,2025,consolidated,CONS,Impuesto s/ | Los Activos | Fdo. Educ. | Ley Nº 23.906,0.11159999999999999,Impuesto s/ | Los Activos | Fdo. Educ. | Ley Nº 23.906
Río Negro,informacion_consolidada2025_5.xlsx,CONS,2025,consolidated,CONS,Impuesto sobre los | Bienes Personales | Ley | Nº 24.699,26016.750900000006,Impuesto sobre los | Bienes Personales | Ley | Nº 24.699
Río Negro,informacion_consolidada2025_5.xlsx,CONS,2025,consolidated,CONS,Ley Nº 23.966 | Art. 30,0.0,Ley Nº 23.966 | Art. 30
Río Negro,informacion_consolidada2025_5.xlsx,CONS,2025,consolidated,CONS,Ley Nº 24.464 | FO.NA.VI.,29013.308500000003,Ley Nº 24.464 | FO.NA.VI.
Río Negro,informacion_consolidada2025_5.xlsx,CONS,2025,consolidated,CONS,Reg.Simplif. | P/Peq.Contrib. | Ley Nº 24.977 | Aart. 59 Inc. A,5185.205499999999,Reg.Simplif. | P/Peq.Contrib. | Ley Nº 24.977 | Aart. 59 Inc. A
Río Negro,informacion_consolidada2025_5.xlsx,CONS,2025,consolidated,CONS,Régimen de la Energía Eléctrica | L E Y Nº 2 4 . 0 6 5 | Fdo. P/Comp. | Tarifa Elect.,3587.0765,Régimen de la Energía Eléctrica | L E Y Nº 2 4 . 0 6 5 | Fdo. P/Comp. | Tarifa Elect.
Río Negro,informacion_consolidada2025_5.xlsx,CONS,2025,consolidated,CONS,Subtotal,1331625.3965999999,Subtotal
Río Negro,informacion_consolidada2025_5.xlsx,CONS,2025,consolidated,CONS,Subtotal,1331639.997,Subtotal
Río Negro,informacion_consolidada2025_5.xlsx,CONS,2025,consolidated,CONS,Total | (1) + (2),1431118.0502172236,Total | (1) + (2)
Río Negro,informacion_consolidada2025_5.xlsx,CONS,2025,consolidated,CONS,Total | Recursos | Origen Nacional | (1),1410202.8334052237,Total | Recursos | Origen Nacional | (1)
Río Negro,informacion_consolidada2025_5.xlsx,CONS,2025,consolidated,CONS,Transfer. | De Servicios | Ley | Nº 24.049,14.600400000000004,Transfer. | De Servicios | Ley | Nº 24.049
Río Negro,informacion_consolidada2025_5.xlsx,CONS,2025,consolidated,CONS,Vialidad | Provincial,6956.396499999999,Vialidad | Provincial
Salta,informacion_consolidada2025_5.xlsx,enero,2025,month,2025-01,C.F.I. | Neta De | Ley Nº 26.075,164066.9826,CFI | Neta
Salta,informacion_consolidada2025_5.xlsx,enero,2025,month,2025-01,Compensación | Consenso Fiscal | II. a y b; II. d y e | (2),7165.15668,Compensación Consenso Fiscal
Salta,informacion_consolidada2025_5.xlsx,enero,2025,month,2025-01,F.E.D.E.I.,0.0,F.E.D.E.I.
Salta,informacion_consolidada2025_5.xlsx,enero,2025,month,2025-01,F.E.D.E.I.,0.0,F.E.D.E.I.
Salta,informacion_consolidada2025_5.xlsx,enero,2025,month,2025-01,Financ. | Educativo | Ley Nº 26.075,0.0,Financiamiento Educativo
Salta,informacion_consolidada2025_5.xlsx,enero,2025,month,2025-01,Fondo | Compens. | de | Desequilib.,2.5,Fondo | Compens. | de | Desequilib.
Salta,informacion_consolidada2025_5.xlsx,enero,2025,month,2025-01,I.V.A. | Ley Nº 23.966 | Art. 5 | Punto 2,0.0,I.V.A. | Ley Nº 23.966 | Art. 5 | Punto 2
Salta,informacion_consolidada2025_5.xlsx,enero,2025,month,2025-01,Impuesto a los Combustibles Líquidos | Ley Nº 23.966 y Nº 24.699 | Obras de | Infraestr.,284.951,Impuesto a los Combustibles Líquidos | Ley Nº 23.966 y Nº 24.699 | Obras de | Infraestr.
Salta,informacion_consolidada2025_5.xlsx,enero,2025,month,2025-01,Impuesto s/ | Los Activos | Fdo. Educ. | Ley Nº 23.906,0.0,Impuesto s/ | Los Activos | Fdo. Educ. | Ley Nº 23.906
Salta,informacion_consolidada2025_5.xlsx,enero,2025,month,2025-01,Impuesto sobre los | Bienes Personales | Ley | Nº 24.699,976.3036,Impuesto sobre los | Bienes Personales | Ley | Nº 24.699
Salta,informacion_consolidada2025_5.xlsx,enero,2025,month,2025-01,Ley Nº 23.966 | Art. 30,0.0,Ley Nº 23.966 | Art. 30
Salta,informacion_consolidada2025_5.xlsx,enero,2025,month,2025-01,Ley Nº 24.464 | FO.NA.VI.,1451.5781000000002,Ley Nº 24.464 | FO.NA.VI.
Salta,informacion_consolidada2025_5.xlsx,enero,2025,month,2025-01,Reg.Simplif. | P/Peq.Contrib. | Ley Nº 24.977 | Aart. 59 Inc. A,325.4554,Reg.Simplif. | P/Peq.Contrib. | Ley Nº 24.977 | Aart. 59 Inc. A
Salta,informacion_consolidada2025_5.xlsx,enero,2025,month,2025-01,Régimen de la Energía Eléctrica | L E Y Nº 2 4 . 0 6 5 | Fdo. P/Comp. | Tarifa Elect.,0.0,Régimen de la Energía Eléctrica | L E Y Nº 2 4 . 0 6 5 | Fdo. P/Comp. | Tarifa Elect.
Salta,informacion_consolidada2025_5.xlsx,enero,2025,month,2025-01,Subtotal,164066.9826,Subtotal
Salta,informacion_consolidada2025_5.xlsx,enero,2025,month,2025-01,Subtotal,164070.29929999998,Subtotal
Salta,informacion_consolidada2025_5.xlsx,enero,2025,month,2025-01,Total | (1) + (2),174758.36408000003,Total | (1) + (2)
Salta,informacion_consolidada2025_5.xlsx,enero,2025,month,2025-01,Total | Recursos | Origen Nacional | (1),167593.2074,Total | Recursos | Origen Nacional | (1)
Salta,informacion_consolidada2025_5.xlsx,enero,2025,month,2025-01,Transfer. | De Servicios | Ley | Nº 24.049,3.3167,Transfer. | De Servicios | Ley | Nº 24.049
Salta,informacion_consolidada2025_5.xlsx,enero,2025,month,2025-01,Vialidad | Provincial,482.12,Vialidad | Provincial
Salta,informacion_consolidada2025_5.xlsx,febrero,2025,month,2025-02,C.F.I. | Neta De | Ley Nº 26.075,151273.9367,CFI | Neta
Salta,informacion_consolidada2025_5.xlsx,febrero,2025,month,2025-02,Compensación | Consenso Fiscal | II. a y b; II. d y e | (2),6513.7788,Compensación Consenso Fiscal
Salta,informacion_consolidada2025_5.xlsx,febrero,2025,month,2025-02,F.E.D.E.I.,186.16524572999998,F.E.D.E.I.
Salta,informacion_consolidada2025_5.xlsx,febrero,2025,month,2025-02,F.E.D.E.I.,111.5671610895686,F.E.D.E.I.
Salta,informacion_consolidada2025_5.xlsx,febrero,2025,month,2025-02,Financ. | Educativo | Ley Nº 26.075,0.0,Financiamiento Educativo
Salta,informacion_consolidada2025_5.xlsx,febrero,2025,month,2025-02,Fondo | Compens. | de | Desequilib.,2.5,Fondo | Compens. | de | Desequilib.
Salta,informacion_consolidada2025_5.xlsx,febrero,2025,month,2025-02,I.V.A. | Ley Nº 23.966 | Art. 5 | Punto 2,0.0,I.V.A. | Ley Nº 23.966 | Art. 5 | Punto 2
Salta,informacion_consolidada2025_5.xlsx,febrero,2025,month,2025-02,Impuesto a los Combustibles Líquidos | Ley Nº 23.966 y Nº 24.699 | Obras de | Infraestr.,358.95059999999995,Impuesto a los Combustibles Líquidos | Ley Nº 23.966 y Nº 24.699 | Obras de | Infraestr.
Salta,informacion_consolidada2025_5.xlsx,febrero,2025,month,2025-02,Impuesto s/ | Los Activos | Fdo. Educ. | Ley Nº 23.906,0.0,Impuesto s/ | Los Activos | Fdo. Educ. | Ley Nº 23.906
Salta,informacion_consolidada2025_5.xlsx,febrero,2025,month,2025-02,Impuesto sobre los | Bienes Personales | Ley | Nº 24.699,1354.1328,Impuesto sobre los | Bienes Personales | Ley | Nº 24.699
Salta,informacion_consolidada2025_5.xlsx,febrero,2025,month,2025-02,Ley Nº 23.966 | Art. 30,0.0,Ley Nº 23.966 | Art. 30
Salta,informacion_consolidada2025_5.xlsx,febrero,2025,month,2025-02,Ley Nº 24.464 | FO.NA.VI.,1828.5413999999998,Ley Nº 24.464 | FO.NA.VI.
Salta,informacion_consolidada2025_5.xlsx,febrero,2025,month,2025-02,Reg.Simplif. | P/Peq.Contrib. | Ley Nº 24.977 | Aart. 59 Inc. A,474.6292,Reg.Simplif. | P/Peq.Contrib. | Ley Nº 24.977 | Aart. 59 Inc. A
Salta,informacion_consolidada2025_5.xlsx,febrero,2025,month,2025-02,Régimen de la Energía Eléctrica | L E Y Nº 2 4 . 0 6 5 | Fdo. P/Comp. | Tarifa Elect.,217.3506446375723,Régimen de la Energía Eléctrica | L E Y Nº 2 4 . 0 6 5 | Fdo. P/Comp. | Tarifa Elect.
Salta,informacion_consolidada2025_5.xlsx,febrero,2025,month,2025-02,Subtotal,151273.9367,Subtotal
Salta,informacion_consolidada2025_5.xlsx,febrero,2025,month,2025-02,Subtotal,151277.2534,Subtotal
Salta,informacion_consolidada2025_5.xlsx,febrero,2025,month,2025-02,Total | (1) + (2),162932.1919514571,Total | (1) + (2)
Salta,informacion_consolidada2025_5.xlsx,febrero,2025,month,2025-02,Total | Recursos | Origen Nacional | (1),156418.4131514571,Total | Recursos | Origen Nacional | (1)
Salta,informacion_consolidada2025_5.xlsx,febrero,2025,month,2025-02,Transfer. | De Servicios | Ley | Nº 24.049,3.3167,Transfer. | De Servicios | Ley | Nº 24.049
Salta,informacion_consolidada2025_5.xlsx,febrero,2025,month,2025-02,Vialidad | Provincial,607.3226999999999,Vialidad | Provincial
Salta,informacion_consolidada2025_5.xlsx,marzo,2025,month,2025-03,C.F.I. | Neta De | Ley Nº 26.075,126478.4709,CFI | Neta
Salta,informacion_consolidada2025_5.xlsx,marzo,2025,month,2025-03,Compensación | Consenso Fiscal | II. a y b; II. d y e | (2),5862.40092,Compensación Consenso Fiscal
Salta,informacion_consolidada2025_5.xlsx,marzo,2025,month,2025-03,F.E.D.E.I.,107.99693488,F.E.D.E.I.
Salta,informacion_consolidada2025_5.xlsx,marzo,2025,month,2025-03,F.E.D.E.I.,189.24167520830304,F.E.D.E.I.
Salta,informacion_consolidada2025_5.xlsx,marzo,2025,month,2025-03,Financ. | Educativo | Ley Nº 26.075,10492.62220432,Financiamiento Educativo
Salta,informacion_consolidada2025_5.xlsx,marzo,2025,month,2025-03,Fondo | Compens. | de | Desequilib.,2.5,Fondo | Compens. | de | Desequilib.
Salta,informacion_consolidada2025_5.xlsx,marzo,2025,month,2025-03,I.V.A. | Ley Nº 23.966 | Art. 5 | Punto 2,0.0,I.V.A. | Ley Nº 23.966 | Art. 5 | Punto 2
Salta,informacion_consolidada2025_5.xlsx,marzo,2025,month,2025-03,Impuesto a los Combustibles Líquidos | Ley Nº 23.966 y Nº 24.699 | Obras de | Infraestr.,327.8361,Impuesto a los Combustibles Líquidos | Ley Nº 23.966 y Nº 24.699 | Obras de | Infraestr.
Salta,informacion_consolidada2025_5.xlsx,marzo,2025,month,2025-03,Impuesto s/ | Los Activos | Fdo. Educ. | Ley Nº 23.906,0.0,Impuesto s/ | Los Activos | Fdo. Educ. | Ley Nº 23.906
Salta,informacion_consolidada2025_5.xlsx,marzo,2025,month,2025-03,Impuesto sobre los | Bienes Personales | Ley | Nº 24.699,619.2135,Impuesto sobre los | Bienes Personales | Ley | Nº 24.699
Salta,informacion_consolidada2025_5.xlsx,marzo,2025,month,2025-03,Ley Nº 23.966 | Art. 30,0.0,Ley Nº 23.966 | Art. 30
Salta,informacion_consolidada2025_5.xlsx,marzo,2025,month,2025-03,Ley Nº 24.464 | FO.NA.VI.,1670.0403999999999,Ley Nº 24.464 | FO.NA.VI.
Salta,informacion_consolidada2025_5.xlsx,marzo,2025,month,2025-03,Reg.Simplif. | P/Peq.Contrib. | Ley Nº 24.977 | Aart. 59 Inc. A,510.60429999999997,Reg.Simplif. | P/Peq.Contrib. | Ley Nº 24.977 | Aart. 59 Inc. A
Salta,informacion_consolidada2025_5.xlsx,marzo,2025,month,2025-03,Régimen de la Energía Eléctrica | L E Y Nº 2 4 . 0 6 5 | Fdo. P/Comp. | Tarifa Elect.,363.1747166595326,Régimen de la Energía Eléctrica | L E Y Nº 2 4 . 0 6 5 | Fdo. P/Comp. | Tarifa Elect.
Salta,informacion_consolidada2025_5.xlsx,marzo,2025,month,2025-03,Subtotal,136971.09310432,Subtotal
Salta,informacion_consolidada2025_5.xlsx,marzo,2025,month,2025-03,Subtotal,136974.40980432,Subtotal
Salta,informacion_consolidada2025_5.xlsx,marzo,2025,month,2025-03,Total | (1) + (2),147182.09735106782,Total | (1) + (2)
Salta,informacion_consolidada2025_5.xlsx,marzo,2025,month,2025-03,Total | Recursos | Origen Nacional | (1),141319.69643106783,Total | Recursos | Origen Nacional | (1)
Salta,informacion_consolidada2025_5.xlsx,marzo,2025,month,2025-03,Transfer. | De Servicios | Ley | Nº 24.049,3.3167,Transfer. | De Servicios | Ley | Nº 24.049
Salta,informacion_consolidada2025_5.xlsx,marzo,2025,month,2025-03,Vialidad | Provincial,554.679,Vialidad | Provincial
Salta,informacion_consolidada2025_5.xlsx,abril,2025,month,2025-04,C.F.I. | Neta De | Ley Nº 26.075,105274.2843,CFI | Neta
Salta,informacion_consolidada2025_5.xlsx,abril,2025,month,2025-04,Compensación | Consenso Fiscal | II. a y b; II. d y e | (2),29152.240664,Compensación Consenso Fiscal
Salta,informacion_consolidada2025_5.xlsx,abril,2025,month,2025-04,F.E.D.E.I.,136.1941231872487,F.E.D.E.I.
Salta,informacion_consolidada2025_5.xlsx,abril,2025,month,2025-04,F.E.D.E.I.,163.22677542745106,F.E.D.E.I.
Salta,informacion_consolidada2025_5.xlsx,abril,2025,month,2025-04,Financ. | Educativo | Ley Nº 26.075,41970.48881728003,Financiamiento Educativo
Salta,informacion_consolidada2025_5.xlsx,abril,2025,month,2025-04,Fondo | Compens. | de | Desequilib.,2.5,Fondo | Compens. | de | Desequilib.
Salta,informacion_consolidada2025_5.xlsx,abril,2025,month,2025-04,I.V.A. | Ley Nº 23.966 | Art. 5 | Punto 2,0.0,I.V.A. | Ley Nº 23.966 | Art. 5 | Punto 2
Salta,informacion_consolidada2025_5.xlsx,abril,2025,month,2025-04,Impuesto a los Combustibles Líquidos | Ley Nº 23.966 y Nº 24.699 | Obras de | Infraestr.,364.0161,Impuesto a los Combustibles Líquidos | Ley Nº 23.966 y Nº 24.699 | Obras de | Infraestr.
Salta,informacion_consolidada2025_5.xlsx,abril,2025,month,2025-04,Impuesto s/ | Los Activos | Fdo. Educ. | Ley Nº 23.906,0.0,Impuesto s/ | Los Activos | Fdo. Educ. | Ley Nº 23.906
Salta,informacion_consolidada2025_5.xlsx,abril,2025,month,2025-04,Impuesto sobre los | Bienes Personales | Ley | Nº 24.699,1157.8888,Impuesto sobre los | Bienes Personales | Ley | Nº 24.699
Salta,informacion_consolidada2025_5.xlsx,abril,2025,month,2025-04,Ley Nº 23.966 | Art. 30,0.0,Ley Nº 23.966 | Art. 30
Salta,informacion_consolidada2025_5.xlsx,abril,2025,month,2025-04,Ley Nº 24.464 | FO.NA.VI.,1854.3462,Ley Nº 24.464 | FO.NA.VI.
Salta,informacion_consolidada2025_5.xlsx,abril,2025,month,2025-04,Reg.Simplif. | P/Peq.Contrib. | Ley Nº 24.977 | Aart. 59 Inc. A,523.1225999999999,Reg.Simplif. | P/Peq.Contrib. | Ley Nº 24.977 | Aart. 59 Inc. A
Salta,informacion_consolidada2025_5.xlsx,abril,2025,month,2025-04,Régimen de la Energía Eléctrica | L E Y Nº 2 4 . 0 6 5 | Fdo. P/Comp. | Tarifa Elect.,328.5458093450011,Régimen de la Energía Eléctrica | L E Y Nº 2 4 . 0 6 5 | Fdo. P/Comp. | Tarifa Elect.
Salta,informacion_consolidada2025_5.xlsx,abril,2025,month,2025-04,Subtotal,147244.77311728004,Subtotal
Salta,informacion_consolidada2025_5.xlsx,abril,2025,month,2025-04,Subtotal,147248.08981728004,Subtotal
Salta,informacion_consolidada2025_5.xlsx,abril,2025,month,2025-04,Total | (1) + (2),181546.06428923976,Total | (1) + (2)
Salta,informacion_consolidada2025_5.xlsx,abril,2025,month,2025-04,Total | Recursos | Origen Nacional | (1),152393.82362523975,Total | Recursos | Origen Nacional | (1)
Salta,informacion_consolidada2025_5.xlsx,abril,2025,month,2025-04,Transfer. | De Servicios | Ley | Nº 24.049,3.3167,Transfer. | De Servicios | Ley | Nº 24.049
Salta,informacion_consolidada2025_5.xlsx,abril,2025,month,2025-04,Vialidad | Provincial,615.8934,Vialidad | Provincial
Salta,informacion_consolidada2025_5.xlsx,mayo,2025,month,2025-05,C.F.I. | Neta De | Ley Nº 26.075,148038.81519999998,CFI | Neta
Salta,informacion_consolidada2025_5.xlsx,mayo,2025,month,2025-05,Compensación | Consenso Fiscal | II. a y b; II. d y e | (2),20686.56912,Compensación Consenso Fiscal
Salta,informacion_consolidada2025_5.xlsx,mayo,2025,month,2025-05,F.E.D.E.I.,262.5631514044109,F.E.D.E.I.
Salta,informacion_consolidada2025_5.xlsx,mayo,2025,month,2025-05,F.E.D.E.I.,607.4330889456218,F.E.D.E.I.
Salta,informacion_consolidada2025_5.xlsx,mayo,2025,month,2025-05,Financ. | Educativo | Ley Nº 26.075,43282.06659282002,Financiamiento Educativo
Salta,informacion_consolidada2025_5.xlsx,mayo,2025,month,2025-05,Fondo | Compens. | de | Desequilib.,2.5,Fondo | Compens. | de | Desequilib.
Salta,informacion_consolidada2025_5.xlsx,mayo,2025,month,2025-05,I.V.A. | Ley Nº 23.966 | Art. 5 | Punto 2,0.0,I.V.A. | Ley Nº 23.966 | Art. 5 | Punto 2
Salta,informacion_consolidada2025_5.xlsx,mayo,2025,month,2025-05,Impuesto a los Combustibles Líquidos | Ley Nº 23.966 y Nº 24.699 | Obras de | Infraestr.,396.076,Impuesto a los Combustibles Líquidos | Ley Nº 23.966 y Nº 24.699 | Obras de | Infraestr.
Salta,informacion_consolidada2025_5.xlsx,mayo,2025,month,2025-05,Impuesto s/ | Los Activos | Fdo. Educ. | Ley Nº 23.906,0.0,Impuesto s/ | Los Activos | Fdo. Educ. | Ley Nº 23.906
Salta,informacion_consolidada2025_5.xlsx,mayo,2025,month,2025-05,Impuesto sobre los | Bienes Personales | Ley | Nº 24.699,799.4994,Impuesto sobre los | Bienes Personales | Ley | Nº 24.699
Salta,informacion_consolidada2025_5.xlsx,mayo,2025,month,2025-05,Ley Nº 23.966 | Art. 30,0.0,Ley Nº 23.966 | Art. 30
Salta,informacion_consolidada2025_5.xlsx,mayo,2025,month,2025-05,Ley Nº 24.464 | FO.NA.VI.,2017.6635,Ley Nº 24.464 | FO.NA.VI.
Salta,informacion_consolidada2025_5.xlsx,mayo,2025,month,2025-05,Reg.Simplif. | P/Peq.Contrib. | Ley Nº 24.977 | Aart. 59 Inc. A,549.0869,Reg.Simplif. | P/Peq.Contrib. | Ley Nº 24.977 | Aart. 59 Inc. A
Salta,informacion_consolidada2025_5.xlsx,mayo,2025,month,2025-05,Régimen de la Energía Eléctrica | L E Y Nº 2 4 . 0 6 5 | Fdo. P/Comp. | Tarifa Elect.,563.6277529572114,Régimen de la Energía Eléctrica | L E Y Nº 2 4 . 0 6 5 | Fdo. P/Comp. | Tarifa Elect.
Salta,informacion_consolidada2025_5.xlsx,mayo,2025,month,2025-05,Subtotal,191320.88179282,Subtotal
Salta,informacion_consolidada2025_5.xlsx,mayo,2025,month,2025-05,Subtotal,191324.19849282,Subtotal
Salta,informacion_consolidada2025_5.xlsx,mayo,2025,month,2025-05,Total | (1) + (2),217879.35420612726,Total | (1) + (2)
Salta,informacion_consolidada2025_5.xlsx,mayo,2025,month,2025-05,Total | Recursos | Origen Nacional | (1),197192.78508612726,Total | Recursos | Origen Nacional | (1)
Salta,informacion_consolidada2025_5.xlsx,mayo,2025,month,2025-05,Transfer. | De Servicios | Ley | Nº 24.049,3.3167,Transfer. | De Servicios | Ley | Nº 24.049
Salta,informacion_consolidada2025_5.xlsx,mayo,2025,month,2025-05,Vialidad | Provincial,670.1368,Vialidad | Provincial
Salta,informacion_consolidada2025_5.xlsx,junio,2025,month,2025-06,C.F.I. | Neta De | Ley Nº 26.075,120152.28,CFI | Neta
Salta,informacion_consolidada2025_5.xlsx,junio,2025,month,2025-06,Compensación | Consenso Fiscal | II. a y b; II. d y e | (2),10152.240664,Compensación Consenso Fiscal
Salta,informacion_consolidada2025_5.xlsx,junio,2025,month,2025-06,F.E.D.E.I.,150.2503212832949,F.E.D.E.I.
Salta,informacion_consolidada2025_5.xlsx,junio,2025,month,2025-06,F.E.D.E.I.,174.14295828020036,F.E.D.E.I.
Salta,informacion_consolidada2025_5.xlsx,junio,2025,month,2025-06,Financ. | Educativo | Ley Nº 26.075,41970.48881727991,Financiamiento Educativo
Salta,informacion_consolidada2025_5.xlsx,junio,2025,month,2025-06,Fondo | Compens. | de | Desequilib.,2.5,Fondo | Compens. | de | Desequilib.
Salta,informacion_consolidada2025_5.xlsx,junio,2025,month,2025-06,I.V.A. | Ley Nº 23.966 | Art. 5 | Punto 2,0.0,I.V.A. | Ley Nº 23.966 | Art. 5 | Punto 2
Salta,informacion_consolidada2025_5.xlsx,junio,2025,month,2025-06,Impuesto a los Combustibles Líquidos | Ley Nº 23.966 y Nº 24.699 | Obras de | Infraestr.,427.76090000000005,Impuesto a los Combustibles Líquidos | Ley Nº 23.966 y Nº 24.699 | Obras de | Infraestr.
Salta,informacion_consolidada2025_5.xlsx,junio,2025,month,2025-06,Impuesto s/ | Los Activos | Fdo. Educ. | Ley Nº 23.906,0.0,Impuesto s/ | Los Activos | Fdo. Educ. | Ley Nº 23.906
Salta,informacion_consolidada2025_5.xlsx,junio,2025,month,2025-06,Impuesto sobre los | Bienes Personales | Ley | Nº 24.699,23309.0907,Impuesto sobre los | Bienes Personales | Ley | Nº 24.699
Salta,informacion_consolidada2025_5.xlsx,junio,2025,month,2025-06,Ley Nº 23.966 | Art. 30,0.0,Ley Nº 23.966 | Art. 30
Salta,informacion_consolidada2025_5.xlsx,junio,2025,month,2025-06,Ley Nº 24.464 | FO.NA.VI.,2179.0703,Ley Nº 24.464 | FO.NA.VI.
Salta,informacion_consolidada2025_5.xlsx,junio,2025,month,2025-06,Reg.Simplif. | P/Peq.Contrib. | Ley Nº 24.977 | Aart. 59 Inc. A,560.4491999999999,Reg.Simplif. | P/Peq.Contrib. | Ley Nº 24.977 | Aart. 59 Inc. A
Salta,informacion_consolidada2025_5.xlsx,junio,2025,month,2025-06,Régimen de la Energía Eléctrica | L E Y Nº 2 4 . 0 6 5 | Fdo. P/Comp. | Tarifa Elect.,940.7240965645898,Régimen de la Energía Eléctrica | L E Y Nº 2 4 . 0 6 5 | Fdo. P/Comp. | Tarifa Elect.
Salta,informacion_consolidada2025_5.xlsx,junio,2025,month,2025-06,Subtotal,162122.7688172799,Subtotal
Salta,informacion_consolidada2025_5.xlsx,junio,2025,month,2025-06,Subtotal,162126.0855172799,Subtotal
Salta,informacion_consolidada2025_5.xlsx,junio,2025,month,2025-06,Total | (1) + (2),200746.06035740796,Total | (1) + (2)
Salta,informacion_consolidada2025_5.xlsx,junio,2025,month,2025-06,Total | Recursos | Origen Nacional | (1),190593.81969340795,Total | Recursos | Origen Nacional | (1)
Salta,informacion_consolidada2025_5.xlsx,junio,2025,month,2025-06,Transfer. | De Servicios | Ley | Nº 24.049,3.3167,Transfer. | De Servicios | Ley | Nº 24.049
Salta,informacion_consolidada2025_5.xlsx,junio,2025,month,2025-06,Vialidad | Provincial,723.7456999999999,Vialidad | Provincial
Salta,informacion_consolidada2025_5.xlsx,julio,2025,month,2025-07,C.F.I. | Neta De | Ley Nº 26.075,124500.29609999999,CFI | Neta
Salta,informacion_consolidada2025_5.xlsx,julio,2025,month,2025-07,Compensación | Consenso Fiscal | II. a y b; II. d y e | (2),10775.426442,Compensación Consenso Fiscal
Salta,informacion_consolidada2025_5.xlsx,julio,2025,month,2025-07,F.E.D.E.I.,162.39539880846897,F.E.D.E.I.
Salta,informacion_consolidada2025_5.xlsx,julio,2025,month,2025-07,F.E.D.E.I.,278.5895584198311,F.E.D.E.I.
Salta,informacion_consolidada2025_5.xlsx,julio,2025,month,2025-07,Financ. | Educativo | Ley Nº 26.075,45905.22214389986,Financiamiento Educativo
Salta,informacion_consolidada2025_5.xlsx,julio,2025,month,2025-07,Fondo | Compens. | de | Desequilib.,2.5,Fondo | Compens. | de | Desequilib.
Salta,informacion_consolidada2025_5.xlsx,julio,2025,month,2025-07,I.V.A. | Ley Nº 23.966 | Art. 5 | Punto 2,0.0,I.V.A. | Ley Nº 23.966 | Art. 5 | Punto 2
Salta,informacion_consolidada2025_5.xlsx,julio,2025,month,2025-07,Impuesto a los Combustibles Líquidos | Ley Nº 23.966 y Nº 24.699 | Obras de | Infraestr.,382.242,Impuesto a los Combustibles Líquidos | Ley Nº 23.966 y Nº 24.699 | Obras de | Infraestr.
Salta,informacion_consolidada2025_5.xlsx,julio,2025,month,2025-07,Impuesto s/ | Los Activos | Fdo. Educ. | Ley Nº 23.906,0.0,Impuesto s/ | Los Activos | Fdo. Educ. | Ley Nº 23.906
Salta,informacion_consolidada2025_5.xlsx,julio,2025,month,2025-07,Impuesto sobre los | Bienes Personales | Ley | Nº 24.699,2117.2218,Impuesto sobre los | Bienes Personales | Ley | Nº 24.699
Salta,informacion_consolidada2025_5.xlsx,julio,2025,month,2025-07,Ley Nº 23.966 | Art. 30,0.0,Ley Nº 23.966 | Art. 30
Salta,informacion_consolidada2025_5.xlsx,julio,2025,month,2025-07,Ley Nº 24.464 | FO.NA.VI.,1947.1912,Ley Nº 24.464 | FO.NA.VI.
Salta,informacion_consolidada2025_5.xlsx,julio,2025,month,2025-07,Reg.Simplif. | P/Peq.Contrib. | Ley Nº 24.977 | Aart. 59 Inc. A,566.665,Reg.Simplif. | P/Peq.Contrib. | Ley Nº 24.977 | Aart. 59 Inc. A
Salta,informacion_consolidada2025_5.xlsx,julio,2025,month,2025-07,Régimen de la Energía Eléctrica | L E Y Nº 2 4 . 0 6 5 | Fdo. P/Comp. | Tarifa Elect.,511.66524461012125,Régimen de la Energía Eléctrica | L E Y Nº 2 4 . 0 6 5 | Fdo. P/Comp. | Tarifa Elect.
Salta,informacion_consolidada2025_5.xlsx,julio,2025,month,2025-07,Subtotal,170405.51824389986,Subtotal
Salta,informacion_consolidada2025_5.xlsx,julio,2025,month,2025-07,Subtotal,170408.83494389986,Subtotal
Salta,informacion_consolidada2025_5.xlsx,julio,2025,month,2025-07,Total | (1) + (2),187799.46208773827,Total | (1) + (2)
Salta,informacion_consolidada2025_5.xlsx,julio,2025,month,2025-07,Total | Recursos | Origen Nacional | (1),177024.03564573827,Total | Recursos | Origen Nacional | (1)
Salta,informacion_consolidada2025_5.xlsx,julio,2025,month,2025-07,Transfer. | De Servicios | Ley | Nº 24.049,3.3167,Transfer. | De Servicios | Ley | Nº 24.049
Salta,informacion_consolidada2025_5.xlsx,julio,2025,month,2025-07,Vialidad | Provincial,646.7305,Vialidad | Provincial
Salta,informacion_consolidada2025_5.xlsx,agosto,2025,month,2025-08,C.F.I. | Neta De | Ley Nº 26.075,147182.564,CFI | Neta
Salta,informacion_consolidada2025_5.xlsx,agosto,2025,month,2025-08,Compensación | Consenso Fiscal | II. a y b; II. d y e | (2),9795.84222,Compensación Consenso Fiscal
Salta,informacion_consolidada2025_5.xlsx,agosto,2025,month,2025-08,F.E.D.E.I.,144.84976272744305,F.E.D.E.I.
Salta,informacion_consolidada2025_5.xlsx,agosto,2025,month,2025-08,F.E.D.E.I.,192.1932089449425,F.E.D.E.I.
Salta,informacion_consolidada2025_5.xlsx,agosto,2025,month,2025-08,Financ. | Educativo | Ley Nº 26.075,26231.555510799924,Financiamiento Educativo
Salta,informacion_consolidada2025_5.xlsx,agosto,2025,month,2025-08,Fondo | Compens. | de | Desequilib.,2.5,Fondo | Compens. | de | Desequilib.
Salta,informacion_consolidada2025_5.xlsx,agosto,2025,month,2025-08,I.V.A. | Ley Nº 23.966 | Art. 5 | Punto 2,0.0,I.V.A. | Ley Nº 23.966 | Art. 5 | Punto 2
Salta,informacion_consolidada2025_5.xlsx,agosto,2025,month,2025-08,Impuesto a los Combustibles Líquidos | Ley Nº 23.966 y Nº 24.699 | Obras de | Infraestr.,451.9005,Impuesto a los Combustibles Líquidos | Ley Nº 23.966 y Nº 24.699 | Obras de | Infraestr.
Salta,informacion_consolidada2025_5.xlsx,agosto,2025,month,2025-08,Impuesto s/ | Los Activos | Fdo. Educ. | Ley Nº 23.906,0.14395908,Impuesto s/ | Los Activos | Fdo. Educ. | Ley Nº 23.906
Salta,informacion_consolidada2025_5.xlsx,agosto,2025,month,2025-08,Impuesto sobre los | Bienes Personales | Ley | Nº 24.699,2184.9464,Impuesto sobre los | Bienes Personales | Ley | Nº 24.699
Salta,informacion_consolidada2025_5.xlsx,agosto,2025,month,2025-08,Ley Nº 23.966 | Art. 30,0.0,Ley Nº 23.966 | Art. 30
Salta,informacion_consolidada2025_5.xlsx,agosto,2025,month,2025-08,Ley Nº 24.464 | FO.NA.VI.,2302.0406000000003,Ley Nº 24.464 | FO.NA.VI.
Salta,informacion_consolidada2025_5.xlsx,agosto,2025,month,2025-08,Reg.Simplif. | P/Peq.Contrib. | Ley Nº 24.977 | Aart. 59 Inc. A,807.1604,Reg.Simplif. | P/Peq.Contrib. | Ley Nº 24.977 | Aart. 59 Inc. A
Salta,informacion_consolidada2025_5.xlsx,agosto,2025,month,2025-08,Régimen de la Energía Eléctrica | L E Y Nº 2 4 . 0 6 5 | Fdo. P/Comp. | Tarifa Elect.,348.19323816386907,Régimen de la Energía Eléctrica | L E Y Nº 2 4 . 0 6 5 | Fdo. P/Comp. | Tarifa Elect.
Salta,informacion_consolidada2025_5.xlsx,agosto,2025,month,2025-08,Subtotal,173414.11951079994,Subtotal
Salta,informacion_consolidada2025_5.xlsx,agosto,2025,month,2025-08,Subtotal,173417.43621079993,Subtotal
Salta,informacion_consolidada2025_5.xlsx,agosto,2025,month,2025-08,Total | (1) + (2),190411.79489971616,Total | (1) + (2)
Salta,informacion_consolidada2025_5.xlsx,agosto,2025,month,2025-08,Total | Recursos | Origen Nacional | (1),180615.95267971617,Total | Recursos | Origen Nacional | (1)
Salta,informacion_consolidada2025_5.xlsx,agosto,2025,month,2025-08,Transfer. | De Servicios | Ley | Nº 24.049,3.3167,Transfer. | De Servicios | Ley | Nº 24.049
Salta,informacion_consolidada2025_5.xlsx,agosto,2025,month,2025-08,Vialidad | Provincial,764.5884,Vialidad | Provincial
Salta,informacion_consolidada2025_5.xlsx,septiembre,2025,month,2025-09,C.F.I. | Neta De | Ley Nº 26.075,142383.7491,CFI | Neta
Salta,informacion_consolidada2025_5.xlsx,septiembre,2025,month,2025-09,Compensación | Consenso Fiscal | II. a y b; II. d y e | (2),10775.426442,Compensación Consenso Fiscal
Salta,informacion_consolidada2025_5.xlsx,septiembre,2025,month,2025-09,F.E.D.E.I.,171.47387204061928,F.E.D.E.I.
Salta,informacion_consolidada2025_5.xlsx,septiembre,2025,month,2025-09,F.E.D.E.I.,239.29633876759414,F.E.D.E.I.
Salta,informacion_consolidada2025_5.xlsx,septiembre,2025,month,2025-09,Financ. | Educativo | Ley Nº 26.075,28854.711061880185,Financiamiento Educativo
Salta,informacion_consolidada2025_5.xlsx,septiembre,2025,month,2025-09,Fondo | Compens. | de | Desequilib.,2.5,Fondo | Compens. | de | Desequilib.
Salta,informacion_consolidada2025_5.xlsx,septiembre,2025,month,2025-09,I.V.A. | Ley Nº 23.966 | Art. 5 | Punto 2,0.0,I.V.A. | Ley Nº 23.966 | Art. 5 | Punto 2
Salta,informacion_consolidada2025_5.xlsx,septiembre,2025,month,2025-09,Impuesto a los Combustibles Líquidos | Ley Nº 23.966 y Nº 24.699 | Obras de | Infraestr.,467.4256,Impuesto a los Combustibles Líquidos | Ley Nº 23.966 y Nº 24.699 | Obras de | Infraestr.
Salta,informacion_consolidada2025_5.xlsx,septiembre,2025,month,2025-09,Impuesto s/ | Los Activos | Fdo. Educ. | Ley Nº 23.906,0.0,Impuesto s/ | Los Activos | Fdo. Educ. | Ley Nº 23.906
Salta,informacion_consolidada2025_5.xlsx,septiembre,2025,month,2025-09,Impuesto sobre los | Bienes Personales | Ley | Nº 24.699,1958.2368000000001,Impuesto sobre los | Bienes Personales | Ley | Nº 24.699
Salta,informacion_consolidada2025_5.xlsx,septiembre,2025,month,2025-09,Ley Nº 23.966 | Art. 30,0.0,Ley Nº 23.966 | Art. 30
Salta,informacion_consolidada2025_5.xlsx,septiembre,2025,month,2025-09,Ley Nº 24.464 | FO.NA.VI.,2381.1272999999997,Ley Nº 24.464 | FO.NA.VI.
Salta,informacion_consolidada2025_5.xlsx,septiembre,2025,month,2025-09,Reg.Simplif. | P/Peq.Contrib. | Ley Nº 24.977 | Aart. 59 Inc. A,851.8062,Reg.Simplif. | P/Peq.Contrib. | Ley Nº 24.977 | Aart. 59 Inc. A
Salta,informacion_consolidada2025_5.xlsx,septiembre,2025,month,2025-09,Régimen de la Energía Eléctrica | L E Y Nº 2 4 . 0 6 5 | Fdo. P/Comp. | Tarifa Elect.,442.3723799782123,Régimen de la Energía Eléctrica | L E Y Nº 2 4 . 0 6 5 | Fdo. P/Comp. | Tarifa Elect.
Salta,informacion_consolidada2025_5.xlsx,septiembre,2025,month,2025-09,Subtotal,171238.46016188018,Subtotal
Salta,informacion_consolidada2025_5.xlsx,septiembre,2025,month,2025-09,Subtotal,171241.77686188018,Subtotal
Salta,informacion_consolidada2025_5.xlsx,septiembre,2025,month,2025-09,Total | (1) + (2),189322.2976946666,Total | (1) + (2)
Salta,informacion_consolidada2025_5.xlsx,septiembre,2025,month,2025-09,Total | Recursos | Origen Nacional | (1),178546.8712526666,Total | Recursos | Origen Nacional | (1)
Salta,informacion_consolidada2025_5.xlsx,septiembre,2025,month,2025-09,Transfer. | De Servicios | Ley | Nº 24.049,3.3167,Transfer. | De Servicios | Ley | Nº 24.049
Salta,informacion_consolidada2025_5.xlsx,septiembre,2025,month,2025-09,Vialidad | Provincial,790.8559,Vialidad | Provincial
Salta,informacion_consolidada2025_5.xlsx,octubre,2025,month,2025-10,C.F.I. | Neta De | Ley Nº 26.075,155173.4441,CFI | Neta
Salta,informacion_consolidada2025_5.xlsx,octubre,2025,month,2025-10,Compensación | Consenso Fiscal | II. a y b; II. d y e | (2),11915.152942,Compensación Consenso Fiscal
Salta,informacion_consolidada2025_5.xlsx,octubre,2025,month,2025-10,F.E.D.E.I.,177.39700425271263,F.E.D.E.I.
Salta,informacion_consolidada2025_5.xlsx,octubre,2025,month,2025-10,F.E.D.E.I.,234.74195504247496,F.E.D.E.I.
Salta,informacion_consolidada2025_5.xlsx,octubre,2025,month,2025-10,Financ. | Educativo | Ley Nº 26.075,30166.288837420194,Financiamiento Educativo
Salta,informacion_consolidada2025_5.xlsx,octubre,2025,month,2025-10,Fondo | Compens. | de | Desequilib.,2.5,Fondo | Compens. | de | Desequilib.
Salta,informacion_consolidada2025_5.xlsx,octubre,2025,month,2025-10,I.V.A. | Ley Nº 23.966 | Art. 5 | Punto 2,0.0,I.V.A. | Ley Nº 23.966 | Art. 5 | Punto 2
Salta,informacion_consolidada2025_5.xlsx,octubre,2025,month,2025-10,Impuesto a los Combustibles Líquidos | Ley Nº 23.966 y Nº 24.699 | Obras de | Infraestr.,449.1318,Impuesto a los Combustibles Líquidos | Ley Nº 23.966 y Nº 24.699 | Obras de | Infraestr.
Salta,informacion_consolidada2025_5.xlsx,octubre,2025,month,2025-10,Impuesto s/ | Los Activos | Fdo. Educ. | Ley Nº 23.906,0.0,Impuesto s/ | Los Activos | Fdo. Educ. | Ley Nº 23.906
Salta,informacion_consolidada2025_5.xlsx,octubre,2025,month,2025-10,Impuesto sobre los | Bienes Personales | Ley | Nº 24.699,1933.3364,Impuesto sobre los | Bienes Personales | Ley | Nº 24.699
Salta,informacion_consolidada2025_5.xlsx,octubre,2025,month,2025-10,Ley Nº 23.966 | Art. 30,0.0,Ley Nº 23.966 | Art. 30
Salta,informacion_consolidada2025_5.xlsx,octubre,2025,month,2025-10,Ley Nº 24.464 | FO.NA.VI.,2287.9366,Ley Nº 24.464 | FO.NA.VI.
Salta,informacion_consolidada2025_5.xlsx,octubre,2025,month,2025-10,Reg.Simplif. | P/Peq.Contrib. | Ley Nº 24.977 | Aart. 59 Inc. A,894.0848000000001,Reg.Simplif. | P/Peq.Contrib. | Ley Nº 24.977 | Aart. 59 Inc. A
Salta,informacion_consolidada2025_5.xlsx,octubre,2025,month,2025-10,Régimen de la Energía Eléctrica | L E Y Nº 2 4 . 0 6 5 | Fdo. P/Comp. | Tarifa Elect.,431.8768443993501,Régimen de la Energía Eléctrica | L E Y Nº 2 4 . 0 6 5 | Fdo. P/Comp. | Tarifa Elect.
Salta,informacion_consolidada2025_5.xlsx,octubre,2025,month,2025-10,Subtotal,185339.7329374202,Subtotal
Salta,informacion_consolidada2025_5.xlsx,octubre,2025,month,2025-10,Subtotal,185343.0496374202,Subtotal
Salta,informacion_consolidada2025_5.xlsx,octubre,2025,month,2025-10,Total | (1) + (2),204429.11198311474,Total | (1) + (2)
Salta,informacion_consolidada2025_5.xlsx,octubre,2025,month,2025-10,Total | Recursos | Origen Nacional | (1),192513.95904111472,Total | Recursos | Origen Nacional | (1)
Salta,informacion_consolidada2025_5.xlsx,octubre,2025,month,2025-10,Transfer. | De Servicios | Ley | Nº 24.049,3.3167,Transfer. | De Servicios | Ley | Nº 24.049
Salta,informacion_consolidada2025_5.xlsx,octubre,2025,month,2025-10,Vialidad | Provincial,759.904,Vialidad | Provincial
Salta,informacion_consolidada2025_5.xlsx,noviembre,2025,month,2025-11,C.F.I. | Neta De | Ley Nº 26.075,157835.482,CFI | Neta
Salta,informacion_consolidada2025_5.xlsx,noviembre,2025,month,2025-11,Compensación | Consenso Fiscal | II. a y b; II. d y e | (2),14207.163637,Compensación Consenso Fiscal
Salta,informacion_consolidada2025_5.xlsx,noviembre,2025,month,2025-11,F.E.D.E.I.,0.0,F.E.D.E.I.
Salta,informacion_consolidada2025_5.xlsx,noviembre,2025,month,2025-11,F.E.D.E.I.,0.0,F.E.D.E.I.
Salta,informacion_consolidada2025_5.xlsx,noviembre,2025,month,2025-11,Financ. | Educativo | Ley Nº 26.075,22296.822184180146,Financiamiento Educativo
Salta,informacion_consolidada2025_5.xlsx,noviembre,2025,month,2025-11,Fondo | Compens. | de | Desequilib.,2.5,Fondo | Compens. | de | Desequilib.
Salta,informacion_consolidada2025_5.xlsx,noviembre,2025,month,2025-11,I.V.A. | Ley Nº 23.966 | Art. 5 | Punto 2,0.0,I.V.A. | Ley Nº 23.966 | Art. 5 | Punto 2
Salta,informacion_consolidada2025_5.xlsx,noviembre,2025,month,2025-11,Impuesto a los Combustibles Líquidos | Ley Nº 23.966 y Nº 24.699 | Obras de | Infraestr.,475.6608,Impuesto a los Combustibles Líquidos | Ley Nº 23.966 y Nº 24.699 | Obras de | Infraestr.
Salta,informacion_consolidada2025_5.xlsx,noviembre,2025,month,2025-11,Impuesto s/ | Los Activos | Fdo. Educ. | Ley Nº 23.906,0.0,Impuesto s/ | Los Activos | Fdo. Educ. | Ley Nº 23.906
Salta,informacion_consolidada2025_5.xlsx,noviembre,2025,month,2025-11,Impuesto sobre los | Bienes Personales | Ley | Nº 24.699,1168.1401,Impuesto sobre los | Bienes Personales | Ley | Nº 24.699
Salta,informacion_consolidada2025_5.xlsx,noviembre,2025,month,2025-11,Ley Nº 23.966 | Art. 30,0.0,Ley Nº 23.966 | Art. 30
Salta,informacion_consolidada2025_5.xlsx,noviembre,2025,month,2025-11,Ley Nº 24.464 | FO.NA.VI.,2423.0787,Ley Nº 24.464 | FO.NA.VI.
Salta,informacion_consolidada2025_5.xlsx,noviembre,2025,month,2025-11,Reg.Simplif. | P/Peq.Contrib. | Ley Nº 24.977 | Aart. 59 Inc. A,881.8687,Reg.Simplif. | P/Peq.Contrib. | Ley Nº 24.977 | Aart. 59 Inc. A
Salta,informacion_consolidada2025_5.xlsx,noviembre,2025,month,2025-11,Régimen de la Energía Eléctrica | L E Y Nº 2 4 . 0 6 5 | Fdo. P/Comp. | Tarifa Elect.,0.0,Régimen de la Energía Eléctrica | L E Y Nº 2 4 . 0 6 5 | Fdo. P/Comp. | Tarifa Elect.
Salta,informacion_consolidada2025_5.xlsx,noviembre,2025,month,2025-11,Subtotal,180132.30418418013,Subtotal
Salta,informacion_consolidada2025_5.xlsx,noviembre,2025,month,2025-11,Subtotal,180135.62088418013,Subtotal
Salta,informacion_consolidada2025_5.xlsx,noviembre,2025,month,2025-11,Total | (1) + (2),200098.82222118013,Total | (1) + (2)
Salta,informacion_consolidada2025_5.xlsx,noviembre,2025,month,2025-11,Total | Recursos | Origen Nacional | (1),185891.65858418014,Total | Recursos | Origen Nacional | (1)
Salta,informacion_consolidada2025_5.xlsx,noviembre,2025,month,2025-11,Transfer. | De Servicios | Ley | Nº 24.049,3.3167,Transfer. | De Servicios | Ley | Nº 24.049
Salta,informacion_consolidada2025_5.xlsx,noviembre,2025,month,2025-11,Vialidad | Provincial,804.7894,Vialidad | Provincial
Salta,informacion_consolidada2025_5.xlsx,diciembre,2025,month,2025-12,C.F.I. | Neta De | Ley Nº 26.075,161777.0888,CFI | Neta
Salta,informacion_consolidada2025_5.xlsx,diciembre,2025,month,2025-12,Compensación | Consenso Fiscal | II. a y b; II. d y e | (2),27373.555081,Compensación Consenso Fiscal
Salta,informacion_consolidada2025_5.xlsx,diciembre,2025,month,2025-12,F.E.D.E.I.,350.95847167704125,F.E.D.E.I.
Salta,informacion_consolidada2025_5.xlsx,diciembre,2025,month,2025-12,F.E.D.E.I.,502.9779778614582,F.E.D.E.I.
Salta,informacion_consolidada2025_5.xlsx,diciembre,2025,month,2025-12,Financ. | Educativo | Ley Nº 26.075,27543.13328634018,Financiamiento Educativo
Salta,informacion_consolidada2025_5.xlsx,diciembre,2025,month,2025-12,Fondo | Compens. | de | Desequilib.,2.5,Fondo | Compens. | de | Desequilib.
Salta,informacion_consolidada2025_5.xlsx,diciembre,2025,month,2025-12,I.V.A. | Ley Nº 23.966 | Art. 5 | Punto 2,0.0,I.V.A. | Ley Nº 23.966 | Art. 5 | Punto 2
Salta,informacion_consolidada2025_5.xlsx,diciembre,2025,month,2025-12,Impuesto a los Combustibles Líquidos | Ley Nº 23.966 y Nº 24.699 | Obras de | Infraestr.,676.6596999999999,Impuesto a los Combustibles Líquidos | Ley Nº 23.966 y Nº 24.699 | Obras de | Infraestr.
Salta,informacion_consolidada2025_5.xlsx,diciembre,2025,month,2025-12,Impuesto s/ | Los Activos | Fdo. Educ. | Ley Nº 23.906,0.004171210000000001,Impuesto s/ | Los Activos | Fdo. Educ. | Ley Nº 23.906
Salta,informacion_consolidada2025_5.xlsx,diciembre,2025,month,2025-12,Impuesto sobre los | Bienes Personales | Ley | Nº 24.699,1943.619,Impuesto sobre los | Bienes Personales | Ley | Nº 24.699
Salta,informacion_consolidada2025_5.xlsx,diciembre,2025,month,2025-12,Ley Nº 23.966 | Art. 30,0.0,Ley Nº 23.966 | Art. 30
Salta,informacion_consolidada2025_5.xlsx,diciembre,2025,month,2025-12,Ley Nº 24.464 | FO.NA.VI.,3446.9934,Ley Nº 24.464 | FO.NA.VI.
Salta,informacion_consolidada2025_5.xlsx,diciembre,2025,month,2025-12,Reg.Simplif. | P/Peq.Contrib. | Ley Nº 24.977 | Aart. 59 Inc. A,931.8364,Reg.Simplif. | P/Peq.Contrib. | Ley Nº 24.977 | Aart. 59 Inc. A
Salta,informacion_consolidada2025_5.xlsx,diciembre,2025,month,2025-12,Régimen de la Energía Eléctrica | L E Y Nº 2 4 . 0 6 5 | Fdo. P/Comp. | Tarifa Elect.,968.45723938852,Régimen de la Energía Eléctrica | L E Y Nº 2 4 . 0 6 5 | Fdo. P/Comp. | Tarifa Elect.
Salta,informacion_consolidada2025_5.xlsx,diciembre,2025,month,2025-12,Subtotal,189320.2220863402,Subtotal
Salta,informacion_consolidada2025_5.xlsx,diciembre,2025,month,2025-12,Subtotal,189323.53878634018,Subtotal
Salta,informacion_consolidada2025_5.xlsx,diciembre,2025,month,2025-12,Total | (1) + (2),226665.96762747716,Total | (1) + (2)
Salta,informacion_consolidada2025_5.xlsx,diciembre,2025,month,2025-12,Total | Recursos | Origen Nacional | (1),199292.41254647716,Total | Recursos | Origen Nacional | (1)
Salta,informacion_consolidada2025_5.xlsx,diciembre,2025,month,2025-12,Transfer. | De Servicios | Ley | Nº 24.049,3.3167,Transfer. | De Servicios | Ley | Nº 24.049
Salta,informacion_consolidada2025_5.xlsx,diciembre,2025,month,2025-12,Vialidad | Provincial,1144.8673999999999,Vialidad | Provincial
Salta,informacion_consolidada2025_5.xlsx,CONS,2025,consolidated,CONS,C.F.I. | Neta De | Ley Nº 26.075,1704137.3937999995,CFI | Neta
Salta,informacion_consolidada2025_5.xlsx,CONS,2025,consolidated,CONS,Compensación | Consenso Fiscal | II. a y b; II. d y e | (2),164374.953612,Compensación Consenso Fiscal
Salta,informacion_consolidada2025_5.xlsx,CONS,2025,consolidated,CONS,F.E.D.E.I.,1850.2442859912398,F.E.D.E.I.
Salta,informacion_consolidada2025_5.xlsx,CONS,2025,consolidated,CONS,F.E.D.E.I.,2693.4106979874455,F.E.D.E.I.
Salta,informacion_consolidada2025_5.xlsx,CONS,2025,consolidated,CONS,Financ. | Educativo | Ley Nº 26.075,318713.3994,Financiamiento Educativo
Salta,informacion_consolidada2025_5.xlsx,CONS,2025,consolidated,CONS,Fondo | Compens. | de | Desequilib.,30.0,Fondo | Compens. | de | Desequilib.
Salta,informacion_consolidada2025_5.xlsx,CONS,2025,consolidated,CONS,I.V.A. | Ley Nº 23.966 | Art. 5 | Punto 2,0.0,I.V.A. | Ley Nº 23.966 | Art. 5 | Punto 2
Salta,informacion_consolidada2025_5.xlsx,CONS,2025,consolidated,CONS,Impuesto a los Combustibles Líquidos | Ley Nº 23.966 y Nº 24.699 | Obras de | Infraestr.,5062.6111,Impuesto a los Combustibles Líquidos | Ley Nº 23.966 y Nº 24.699 | Obras de | Infraestr.
Salta,informacion_consolidada2025_5.xlsx,CONS,2025,consolidated,CONS,Impuesto s/ | Los Activos | Fdo. Educ. | Ley Nº 23.906,0.1482,Impuesto s/ | Los Activos | Fdo. Educ. | Ley Nº 23.906
Salta,informacion_consolidada2025_5.xlsx,CONS,2025,consolidated,CONS,Impuesto sobre los | Bienes Personales | Ley | Nº 24.699,39521.6293,Impuesto sobre los | Bienes Personales | Ley | Nº 24.699
Salta,informacion_consolidada2025_5.xlsx,CONS,2025,consolidated,CONS,Ley Nº 23.966 | Art. 30,0.0,Ley Nº 23.966 | Art. 30
Salta,informacion_consolidada2025_5.xlsx,CONS,2025,consolidated,CONS,Ley Nº 24.464 | FO.NA.VI.,25789.6077,Ley Nº 24.464 | FO.NA.VI.
Salta,informacion_consolidada2025_5.xlsx,CONS,2025,consolidated,CONS,Reg.Simplif. | P/Peq.Contrib. | Ley Nº 24.977 | Aart. 59 Inc. A,7876.7691,Reg.Simplif. | P/Peq.Contrib. | Ley Nº 24.977 | Aart. 59 Inc. A
Salta,informacion_consolidada2025_5.xlsx,CONS,2025,consolidated,CONS,Régimen de la Energía Eléctrica | L E Y Nº 2 4 . 0 6 5 | Fdo. P/Comp. | Tarifa Elect.,5115.9878,Régimen de la Energía Eléctrica | L E Y Nº 2 4 . 0 6 5 | Fdo. P/Comp. | Tarifa Elect.
Salta,informacion_consolidada2025_5.xlsx,CONS,2025,consolidated,CONS,Subtotal,2022850.7931999995,Subtotal
Salta,informacion_consolidada2025_5.xlsx,CONS,2025,consolidated,CONS,Subtotal,2022890.5935999996,Subtotal
Salta,informacion_consolidada2025_5.xlsx,CONS,2025,consolidated,CONS,Total | (1) + (2),2283771.588595978,Total | (1) + (2)
Salta,informacion_consolidada2025_5.xlsx,CONS,2025,consolidated,CONS,Total | Recursos | Origen Nacional | (1),2119396.634983978,Total | Recursos | Origen Nacional | (1)
Salta,informacion_consolidada2025_5.xlsx,CONS,2025,consolidated,CONS,Transfer. | De Servicios | Ley | Nº 24.049,39.800399999999996,Transfer. | De Servicios | Ley | Nº 24.049
Salta,informacion_consolidada2025_5.xlsx,CONS,2025,consolidated,CONS,Vialidad | Provincial,8565.6332,Vialidad | Provincial
San Juan,informacion_consolidada2025_5.xlsx,enero,2025,month,2025-01,C.F.I. | Neta De | Ley Nº 26.075,144692.2384,CFI | Neta
San Juan,informacion_consolidada2025_5.xlsx,enero,2025,month,2025-01,Compensación | Consenso Fiscal | II. a y b; II. d y e | (2),1661.607926,Compensación Consenso Fiscal
San Juan,informacion_consolidada2025_5.xlsx,enero,2025,month,2025-01,F.E.D.E.I.,0.0,F.E.D.E.I.
San Juan,informacion_consolidada2025_5.xlsx,enero,2025,month,2025-01,F.E.D.E.I.,0.0,F.E.D.E.I.
San Juan,informacion_consolidada2025_5.xlsx,enero,2025,month,2025-01,Financ. | Educativo | Ley Nº 26.075,0.0,Financiamiento Educativo
San Juan,informacion_consolidada2025_5.xlsx,enero,2025,month,2025-01,Fondo | Compens. | de | Desequilib.,2.2,Fondo | Compens. | de | Desequilib.
San Juan,informacion_consolidada2025_5.xlsx,enero,2025,month,2025-01,I.V.A. | Ley Nº 23.966 | Art. 5 | Punto 2,0.0,I.V.A. | Ley Nº 23.966 | Art. 5 | Punto 2
San Juan,informacion_consolidada2025_5.xlsx,enero,2025,month,2025-01,Impuesto a los Combustibles Líquidos | Ley Nº 23.966 y Nº 24.699 | Obras de | Infraestr.,251.2997,Impuesto a los Combustibles Líquidos | Ley Nº 23.966 y Nº 24.699 | Obras de | Infraestr.
San Juan,informacion_consolidada2025_5.xlsx,enero,2025,month,2025-01,Impuesto s/ | Los Activos | Fdo. Educ. | Ley Nº 23.906,0.0,Impuesto s/ | Los Activos | Fdo. Educ. | Ley Nº 23.906
San Juan,informacion_consolidada2025_5.xlsx,enero,2025,month,2025-01,Impuesto sobre los | Bienes Personales | Ley | Nº 24.699,861.0115,Impuesto sobre los | Bienes Personales | Ley | Nº 24.699
San Juan,informacion_consolidada2025_5.xlsx,enero,2025,month,2025-01,Ley Nº 23.966 | Art. 30,0.0,Ley Nº 23.966 | Art. 30
San Juan,informacion_consolidada2025_5.xlsx,enero,2025,month,2025-01,Ley Nº 24.464 | FO.NA.VI.,1324.565,Ley Nº 24.464 | FO.NA.VI.
San Juan,informacion_consolidada2025_5.xlsx,enero,2025,month,2025-01,Reg.Simplif. | P/Peq.Contrib. | Ley Nº 24.977 | Aart. 59 Inc. A,287.0206,Reg.Simplif. | P/Peq.Contrib. | Ley Nº 24.977 | Aart. 59 Inc. A
San Juan,informacion_consolidada2025_5.xlsx,enero,2025,month,2025-01,Régimen de la Energía Eléctrica | L E Y Nº 2 4 . 0 6 5 | Fdo. P/Comp. | Tarifa Elect.,0.0,Régimen de la Energía Eléctrica | L E Y Nº 2 4 . 0 6 5 | Fdo. P/Comp. | Tarifa Elect.
San Juan,informacion_consolidada2025_5.xlsx,enero,2025,month,2025-01,Subtotal,144692.2384,Subtotal
San Juan,informacion_consolidada2025_5.xlsx,enero,2025,month,2025-01,Subtotal,144694.7467,Subtotal
San Juan,informacion_consolidada2025_5.xlsx,enero,2025,month,2025-01,Total | (1) + (2),149435.78352599998,Total | (1) + (2)
San Juan,informacion_consolidada2025_5.xlsx,enero,2025,month,2025-01,Total | Recursos | Origen Nacional | (1),147774.1756,Total | Recursos | Origen Nacional | (1)
San Juan,informacion_consolidada2025_5.xlsx,enero,2025,month,2025-01,Transfer. | De Servicios | Ley | Nº 24.049,2.5083,Transfer. | De Servicios | Ley | Nº 24.049
San Juan,informacion_consolidada2025_5.xlsx,enero,2025,month,2025-01,Vialidad | Provincial,353.33209999999997,Vialidad | Provincial
San Juan,informacion_consolidada2025_5.xlsx,febrero,2025,month,2025-02,C.F.I. | Neta De | Ley Nº 26.075,133409.9291,CFI | Neta
San Juan,informacion_consolidada2025_5.xlsx,febrero,2025,month,2025-02,Compensación | Consenso Fiscal | II. a y b; II. d y e | (2),1510.5526599999998,Compensación Consenso Fiscal
San Juan,informacion_consolidada2025_5.xlsx,febrero,2025,month,2025-02,F.E.D.E.I.,172.46790191,F.E.D.E.I.
San Juan,informacion_consolidada2025_5.xlsx,febrero,2025,month,2025-02,F.E.D.E.I.,103.35846586475633,F.E.D.E.I.
San Juan,informacion_consolidada2025_5.xlsx,febrero,2025,month,2025-02,Financ. | Educativo | Ley Nº 26.075,0.0,Financiamiento Educativo
San Juan,informacion_consolidada2025_5.xlsx,febrero,2025,month,2025-02,Fondo | Compens. | de | Desequilib.,2.2,Fondo | Compens. | de | Desequilib.
San Juan,informacion_consolidada2025_5.xlsx,febrero,2025,month,2025-02,I.V.A. | Ley Nº 23.966 | Art. 5 | Punto 2,0.0,I.V.A. | Ley Nº 23.966 | Art. 5 | Punto 2
San Juan,informacion_consolidada2025_5.xlsx,febrero,2025,month,2025-02,Impuesto a los Combustibles Líquidos | Ley Nº 23.966 y Nº 24.699 | Obras de | Infraestr.,316.5602,Impuesto a los Combustibles Líquidos | Ley Nº 23.966 y Nº 24.699 | Obras de | Infraestr.
San Juan,informacion_consolidada2025_5.xlsx,febrero,2025,month,2025-02,Impuesto s/ | Los Activos | Fdo. Educ. | Ley Nº 23.906,0.0,Impuesto s/ | Los Activos | Fdo. Educ. | Ley Nº 23.906
San Juan,informacion_consolidada2025_5.xlsx,febrero,2025,month,2025-02,Impuesto sobre los | Bienes Personales | Ley | Nº 24.699,1194.2226,Impuesto sobre los | Bienes Personales | Ley | Nº 24.699
San Juan,informacion_consolidada2025_5.xlsx,febrero,2025,month,2025-02,Ley Nº 23.966 | Art. 30,0.0,Ley Nº 23.966 | Art. 30
San Juan,informacion_consolidada2025_5.xlsx,febrero,2025,month,2025-02,Ley Nº 24.464 | FO.NA.VI.,1668.544,Ley Nº 24.464 | FO.NA.VI.
San Juan,informacion_consolidada2025_5.xlsx,febrero,2025,month,2025-02,Reg.Simplif. | P/Peq.Contrib. | Ley Nº 24.977 | Aart. 59 Inc. A,418.5777,Reg.Simplif. | P/Peq.Contrib. | Ley Nº 24.977 | Aart. 59 Inc. A
San Juan,informacion_consolidada2025_5.xlsx,febrero,2025,month,2025-02,Régimen de la Energía Eléctrica | L E Y Nº 2 4 . 0 6 5 | Fdo. P/Comp. | Tarifa Elect.,131.11413211062316,Régimen de la Energía Eléctrica | L E Y Nº 2 4 . 0 6 5 | Fdo. P/Comp. | Tarifa Elect.
San Juan,informacion_consolidada2025_5.xlsx,febrero,2025,month,2025-02,Subtotal,133409.9291,Subtotal
San Juan,informacion_consolidada2025_5.xlsx,febrero,2025,month,2025-02,Subtotal,133412.4374,Subtotal
San Juan,informacion_consolidada2025_5.xlsx,febrero,2025,month,2025-02,Total | (1) + (2),139375.12465988536,Total | (1) + (2)
San Juan,informacion_consolidada2025_5.xlsx,febrero,2025,month,2025-02,Total | Recursos | Origen Nacional | (1),137864.57199988537,Total | Recursos | Origen Nacional | (1)
San Juan,informacion_consolidada2025_5.xlsx,febrero,2025,month,2025-02,Transfer. | De Servicios | Ley | Nº 24.049,2.5083,Transfer. | De Servicios | Ley | Nº 24.049
San Juan,informacion_consolidada2025_5.xlsx,febrero,2025,month,2025-02,Vialidad | Provincial,445.08959999999996,Vialidad | Provincial
San Juan,informacion_consolidada2025_5.xlsx,marzo,2025,month,2025-03,C.F.I. | Neta De | Ley Nº 26.075,113937.656,CFI | Neta
San Juan,informacion_consolidada2025_5.xlsx,marzo,2025,month,2025-03,Compensación | Consenso Fiscal | II. a y b; II. d y e | (2),1359.497394,Compensación Consenso Fiscal
San Juan,informacion_consolidada2025_5.xlsx,marzo,2025,month,2025-03,F.E.D.E.I.,100.05092357,F.E.D.E.I.
San Juan,informacion_consolidada2025_5.xlsx,marzo,2025,month,2025-03,F.E.D.E.I.,175.31797919029788,F.E.D.E.I.
San Juan,informacion_consolidada2025_5.xlsx,marzo,2025,month,2025-03,Financ. | Educativo | Ley Nº 26.075,6858.45878456,Financiamiento Educativo
San Juan,informacion_consolidada2025_5.xlsx,marzo,2025,month,2025-03,Fondo | Compens. | de | Desequilib.,2.2,Fondo | Compens. | de | Desequilib.
San Juan,informacion_consolidada2025_5.xlsx,marzo,2025,month,2025-03,I.V.A. | Ley Nº 23.966 | Art. 5 | Punto 2,0.0,I.V.A. | Ley Nº 23.966 | Art. 5 | Punto 2
San Juan,informacion_consolidada2025_5.xlsx,marzo,2025,month,2025-03,Impuesto a los Combustibles Líquidos | Ley Nº 23.966 y Nº 24.699 | Obras de | Infraestr.,289.1202,Impuesto a los Combustibles Líquidos | Ley Nº 23.966 y Nº 24.699 | Obras de | Infraestr.
San Juan,informacion_consolidada2025_5.xlsx,marzo,2025,month,2025-03,Impuesto s/ | Los Activos | Fdo. Educ. | Ley Nº 23.906,0.0,Impuesto s/ | Los Activos | Fdo. Educ. | Ley Nº 23.906
San Juan,informacion_consolidada2025_5.xlsx,marzo,2025,month,2025-03,Impuesto sobre los | Bienes Personales | Ley | Nº 24.699,546.0903000000001,Impuesto sobre los | Bienes Personales | Ley | Nº 24.699
San Juan,informacion_consolidada2025_5.xlsx,marzo,2025,month,2025-03,Ley Nº 23.966 | Art. 30,0.0,Ley Nº 23.966 | Art. 30
San Juan,informacion_consolidada2025_5.xlsx,marzo,2025,month,2025-03,Ley Nº 24.464 | FO.NA.VI.,1523.9118999999998,Ley Nº 24.464 | FO.NA.VI.
San Juan,informacion_consolidada2025_5.xlsx,marzo,2025,month,2025-03,Reg.Simplif. | P/Peq.Contrib. | Ley Nº 24.977 | Aart. 59 Inc. A,450.3043,Reg.Simplif. | P/Peq.Contrib. | Ley Nº 24.977 | Aart. 59 Inc. A
San Juan,informacion_consolidada2025_5.xlsx,marzo,2025,month,2025-03,Régimen de la Energía Eléctrica | L E Y Nº 2 4 . 0 6 5 | Fdo. P/Comp. | Tarifa Elect.,222.3975026531835,Régimen de la Energía Eléctrica | L E Y Nº 2 4 . 0 6 5 | Fdo. P/Comp. | Tarifa Elect.
San Juan,informacion_consolidada2025_5.xlsx,marzo,2025,month,2025-03,Subtotal,120796.11478456,Subtotal
San Juan,informacion_consolidada2025_5.xlsx,marzo,2025,month,2025-03,Subtotal,120798.62308456001,Subtotal
San Juan,informacion_consolidada2025_5.xlsx,marzo,2025,month,2025-03,Total | (1) + (2),125874.0220839735,Total | (1) + (2)
San Juan,informacion_consolidada2025_5.xlsx,marzo,2025,month,2025-03,Total | Recursos | Origen Nacional | (1),124514.52468997349,Total | Recursos | Origen Nacional | (1)
San Juan,informacion_consolidada2025_5.xlsx,marzo,2025,month,2025-03,Transfer. | De Servicios | Ley | Nº 24.049,2.5083,Transfer. | De Servicios | Ley | Nº 24.049
San Juan,informacion_consolidada2025_5.xlsx,marzo,2025,month,2025-03,Vialidad | Provincial,406.5085,Vialidad | Provincial
San Juan,informacion_consolidada2025_5.xlsx,abril,2025,month,2025-04,C.F.I. | Neta De | Ley Nº 26.075,102422.7361,CFI | Neta
San Juan,informacion_consolidada2025_5.xlsx,abril,2025,month,2025-04,Compensación | Consenso Fiscal | II. a y b; II. d y e | (2),1820.818716,Compensación Consenso Fiscal
San Juan,informacion_consolidada2025_5.xlsx,abril,2025,month,2025-04,F.E.D.E.I.,126.1734680149727,F.E.D.E.I.
San Juan,informacion_consolidada2025_5.xlsx,abril,2025,month,2025-04,F.E.D.E.I.,151.2171586244006,F.E.D.E.I.
San Juan,informacion_consolidada2025_5.xlsx,abril,2025,month,2025-04,Financ. | Educativo | Ley Nº 26.075,27433.83513824,Financiamiento Educativo
San Juan,informacion_consolidada2025_5.xlsx,abril,2025,month,2025-04,Fondo | Compens. | de | Desequilib.,2.2,Fondo | Compens. | de | Desequilib.
San Juan,informacion_consolidada2025_5.xlsx,abril,2025,month,2025-04,I.V.A. | Ley Nº 23.966 | Art. 5 | Punto 2,0.0,I.V.A. | Ley Nº 23.966 | Art. 5 | Punto 2
San Juan,informacion_consolidada2025_5.xlsx,abril,2025,month,2025-04,Impuesto a los Combustibles Líquidos | Ley Nº 23.966 y Nº 24.699 | Obras de | Infraestr.,321.02759999999995,Impuesto a los Combustibles Líquidos | Ley Nº 23.966 y Nº 24.699 | Obras de | Infraestr.
San Juan,informacion_consolidada2025_5.xlsx,abril,2025,month,2025-04,Impuesto s/ | Los Activos | Fdo. Educ. | Ley Nº 23.906,0.0,Impuesto s/ | Los Activos | Fdo. Educ. | Ley Nº 23.906
San Juan,informacion_consolidada2025_5.xlsx,abril,2025,month,2025-04,Impuesto sobre los | Bienes Personales | Ley | Nº 24.699,1021.1532,Impuesto sobre los | Bienes Personales | Ley | Nº 24.699
San Juan,informacion_consolidada2025_5.xlsx,abril,2025,month,2025-04,Ley Nº 23.966 | Art. 30,0.0,Ley Nº 23.966 | Art. 30
San Juan,informacion_consolidada2025_5.xlsx,abril,2025,month,2025-04,Ley Nº 24.464 | FO.NA.VI.,1692.0909,Ley Nº 24.464 | FO.NA.VI.
San Juan,informacion_consolidada2025_5.xlsx,abril,2025,month,2025-04,Reg.Simplif. | P/Peq.Contrib. | Ley Nº 24.977 | Aart. 59 Inc. A,461.3442,Reg.Simplif. | P/Peq.Contrib. | Ley Nº 24.977 | Aart. 59 Inc. A
San Juan,informacion_consolidada2025_5.xlsx,abril,2025,month,2025-04,Régimen de la Energía Eléctrica | L E Y Nº 2 4 . 0 6 5 | Fdo. P/Comp. | Tarifa Elect.,191.82469813382818,Régimen de la Energía Eléctrica | L E Y Nº 2 4 . 0 6 5 | Fdo. P/Comp. | Tarifa Elect.
San Juan,informacion_consolidada2025_5.xlsx,abril,2025,month,2025-04,Subtotal,129856.57123824,Subtotal
San Juan,informacion_consolidada2025_5.xlsx,abril,2025,month,2025-04,Subtotal,129859.07953824,Subtotal
San Juan,informacion_consolidada2025_5.xlsx,abril,2025,month,2025-04,Total | (1) + (2),136098.30027901323,Total | (1) + (2)
San Juan,informacion_consolidada2025_5.xlsx,abril,2025,month,2025-04,Total | Recursos | Origen Nacional | (1),134277.48156301322,Total | Recursos | Origen Nacional | (1)
San Juan,informacion_consolidada2025_5.xlsx,abril,2025,month,2025-04,Transfer. | De Servicios | Ley | Nº 24.049,2.5083,Transfer. | De Servicios | Ley | Nº 24.049
San Juan,informacion_consolidada2025_5.xlsx,abril,2025,month,2025-04,Vialidad | Provincial,451.3708,Vialidad | Provincial
San Juan,informacion_consolidada2025_5.xlsx,mayo,2025,month,2025-05,C.F.I. | Neta De | Ley Nº 26.075,140436.5698,CFI | Neta
San Juan,informacion_consolidada2025_5.xlsx,mayo,2025,month,2025-05,Compensación | Consenso Fiscal | II. a y b; II. d y e | (2),1916.65128,Compensación Consenso Fiscal
San Juan,informacion_consolidada2025_5.xlsx,mayo,2025,month,2025-05,F.E.D.E.I.,243.2447348686235,F.E.D.E.I.
San Juan,informacion_consolidada2025_5.xlsx,mayo,2025,month,2025-05,F.E.D.E.I.,562.7404298396959,F.E.D.E.I.
San Juan,informacion_consolidada2025_5.xlsx,mayo,2025,month,2025-05,Financ. | Educativo | Ley Nº 26.075,28291.142486309993,Financiamiento Educativo
San Juan,informacion_consolidada2025_5.xlsx,mayo,2025,month,2025-05,Fondo | Compens. | de | Desequilib.,2.2,Fondo | Compens. | de | Desequilib.
San Juan,informacion_consolidada2025_5.xlsx,mayo,2025,month,2025-05,I.V.A. | Ley Nº 23.966 | Art. 5 | Punto 2,0.0,I.V.A. | Ley Nº 23.966 | Art. 5 | Punto 2
San Juan,informacion_consolidada2025_5.xlsx,mayo,2025,month,2025-05,Impuesto a los Combustibles Líquidos | Ley Nº 23.966 y Nº 24.699 | Obras de | Infraestr.,349.30129999999997,Impuesto a los Combustibles Líquidos | Ley Nº 23.966 y Nº 24.699 | Obras de | Infraestr.
San Juan,informacion_consolidada2025_5.xlsx,mayo,2025,month,2025-05,Impuesto s/ | Los Activos | Fdo. Educ. | Ley Nº 23.906,0.0,Impuesto s/ | Los Activos | Fdo. Educ. | Ley Nº 23.906
San Juan,informacion_consolidada2025_5.xlsx,mayo,2025,month,2025-05,Impuesto sobre los | Bienes Personales | Ley | Nº 24.699,705.0861,Impuesto sobre los | Bienes Personales | Ley | Nº 24.699
San Juan,informacion_consolidada2025_5.xlsx,mayo,2025,month,2025-05,Ley Nº 23.966 | Art. 30,0.0,Ley Nº 23.966 | Art. 30
San Juan,informacion_consolidada2025_5.xlsx,mayo,2025,month,2025-05,Ley Nº 24.464 | FO.NA.VI.,1841.1179,Ley Nº 24.464 | FO.NA.VI.
San Juan,informacion_consolidada2025_5.xlsx,mayo,2025,month,2025-05,Reg.Simplif. | P/Peq.Contrib. | Ley Nº 24.977 | Aart. 59 Inc. A,484.2423,Reg.Simplif. | P/Peq.Contrib. | Ley Nº 24.977 | Aart. 59 Inc. A
San Juan,informacion_consolidada2025_5.xlsx,mayo,2025,month,2025-05,Régimen de la Energía Eléctrica | L E Y Nº 2 4 . 0 6 5 | Fdo. P/Comp. | Tarifa Elect.,327.17039144707576,Régimen de la Energía Eléctrica | L E Y Nº 2 4 . 0 6 5 | Fdo. P/Comp. | Tarifa Elect.
San Juan,informacion_consolidada2025_5.xlsx,mayo,2025,month,2025-05,Subtotal,168727.71228630998,Subtotal
San Juan,informacion_consolidada2025_5.xlsx,mayo,2025,month,2025-05,Subtotal,168730.22058630997,Subtotal
San Juan,informacion_consolidada2025_5.xlsx,mayo,2025,month,2025-05,Total | (1) + (2),175653.09932246536,Total | (1) + (2)
San Juan,informacion_consolidada2025_5.xlsx,mayo,2025,month,2025-05,Total | Recursos | Origen Nacional | (1),173736.44804246537,Total | Recursos | Origen Nacional | (1)
San Juan,informacion_consolidada2025_5.xlsx,mayo,2025,month,2025-05,Transfer. | De Servicios | Ley | Nº 24.049,2.5083,Transfer. | De Servicios | Ley | Nº 24.049
San Juan,informacion_consolidada2025_5.xlsx,mayo,2025,month,2025-05,Vialidad | Provincial,491.1243,Vialidad | Provincial
San Juan,informacion_consolidada2025_5.xlsx,junio,2025,month,2025-06,C.F.I. | Neta De | Ley Nº 26.075,115543.78259999999,CFI | Neta
San Juan,informacion_consolidada2025_5.xlsx,junio,2025,month,2025-06,Compensación | Consenso Fiscal | II. a y b; II. d y e | (2),1820.818716,Compensación Consenso Fiscal
San Juan,informacion_consolidada2025_5.xlsx,junio,2025,month,2025-06,F.E.D.E.I.,139.1954635254537,F.E.D.E.I.
San Juan,informacion_consolidada2025_5.xlsx,junio,2025,month,2025-06,F.E.D.E.I.,161.3301694952063,F.E.D.E.I.
San Juan,informacion_consolidada2025_5.xlsx,junio,2025,month,2025-06,Financ. | Educativo | Ley Nº 26.075,27433.835138239992,Financiamiento Educativo
San Juan,informacion_consolidada2025_5.xlsx,junio,2025,month,2025-06,Fondo | Compens. | de | Desequilib.,2.2,Fondo | Compens. | de | Desequilib.
San Juan,informacion_consolidada2025_5.xlsx,junio,2025,month,2025-06,I.V.A. | Ley Nº 23.966 | Art. 5 | Punto 2,0.0,I.V.A. | Ley Nº 23.966 | Art. 5 | Punto 2
San Juan,informacion_consolidada2025_5.xlsx,junio,2025,month,2025-06,Impuesto a los Combustibles Líquidos | Ley Nº 23.966 y Nº 24.699 | Obras de | Infraestr.,377.24440000000004,Impuesto a los Combustibles Líquidos | Ley Nº 23.966 y Nº 24.699 | Obras de | Infraestr.
San Juan,informacion_consolidada2025_5.xlsx,junio,2025,month,2025-06,Impuesto s/ | Los Activos | Fdo. Educ. | Ley Nº 23.906,0.0,Impuesto s/ | Los Activos | Fdo. Educ. | Ley Nº 23.906
San Juan,informacion_consolidada2025_5.xlsx,junio,2025,month,2025-06,Impuesto sobre los | Bienes Personales | Ley | Nº 24.699,20556.5096,Impuesto sobre los | Bienes Personales | Ley | Nº 24.699
San Juan,informacion_consolidada2025_5.xlsx,junio,2025,month,2025-06,Ley Nº 23.966 | Art. 30,0.0,Ley Nº 23.966 | Art. 30
San Juan,informacion_consolidada2025_5.xlsx,junio,2025,month,2025-06,Ley Nº 24.464 | FO.NA.VI.,1988.4017,Ley Nº 24.464 | FO.NA.VI.
San Juan,informacion_consolidada2025_5.xlsx,junio,2025,month,2025-06,Reg.Simplif. | P/Peq.Contrib. | Ley Nº 24.977 | Aart. 59 Inc. A,494.26279999999997,Reg.Simplif. | P/Peq.Contrib. | Ley Nº 24.977 | Aart. 59 Inc. A
San Juan,informacion_consolidada2025_5.xlsx,junio,2025,month,2025-06,Régimen de la Energía Eléctrica | L E Y Nº 2 4 . 0 6 5 | Fdo. P/Comp. | Tarifa Elect.,589.4813839730275,Régimen de la Energía Eléctrica | L E Y Nº 2 4 . 0 6 5 | Fdo. P/Comp. | Tarifa Elect.
San Juan,informacion_consolidada2025_5.xlsx,junio,2025,month,2025-06,Subtotal,142977.61773824,Subtotal
San Juan,informacion_consolidada2025_5.xlsx,junio,2025,month,2025-06,Subtotal,142980.12603823998,Subtotal
San Juan,informacion_consolidada2025_5.xlsx,junio,2025,month,2025-06,Total | (1) + (2),169639.98297123364,Total | (1) + (2)
San Juan,informacion_consolidada2025_5.xlsx,junio,2025,month,2025-06,Total | Recursos | Origen Nacional | (1),167819.16425523363,Total | Recursos | Origen Nacional | (1)
San Juan,informacion_consolidada2025_5.xlsx,junio,2025,month,2025-06,Transfer. | De Servicios | Ley | Nº 24.049,2.5083,Transfer. | De Servicios | Ley | Nº 24.049
San Juan,informacion_consolidada2025_5.xlsx,junio,2025,month,2025-06,Vialidad | Provincial,530.4127,Vialidad | Provincial
San Juan,informacion_consolidada2025_5.xlsx,julio,2025,month,2025-07,C.F.I. | Neta De | Ley Nº 26.075,120276.4964,CFI | Neta
San Juan,informacion_consolidada2025_5.xlsx,julio,2025,month,2025-07,Compensación | Consenso Fiscal | II. a y b; II. d y e | (2),2684.0263339999997,Compensación Consenso Fiscal
San Juan,informacion_consolidada2025_5.xlsx,julio,2025,month,2025-07,F.E.D.E.I.,150.4469515959459,F.E.D.E.I.
San Juan,informacion_consolidada2025_5.xlsx,julio,2025,month,2025-07,F.E.D.E.I.,258.0919787019511,F.E.D.E.I.
San Juan,informacion_consolidada2025_5.xlsx,julio,2025,month,2025-07,Financ. | Educativo | Ley Nº 26.075,30005.757182450045,Financiamiento Educativo
San Juan,informacion_consolidada2025_5.xlsx,julio,2025,month,2025-07,Fondo | Compens. | de | Desequilib.,2.2,Fondo | Compens. | de | Desequilib.
San Juan,informacion_consolidada2025_5.xlsx,julio,2025,month,2025-07,I.V.A. | Ley Nº 23.966 | Art. 5 | Punto 2,0.0,I.V.A. | Ley Nº 23.966 | Art. 5 | Punto 2
San Juan,informacion_consolidada2025_5.xlsx,julio,2025,month,2025-07,Impuesto a los Combustibles Líquidos | Ley Nº 23.966 y Nº 24.699 | Obras de | Infraestr.,337.101,Impuesto a los Combustibles Líquidos | Ley Nº 23.966 y Nº 24.699 | Obras de | Infraestr.
San Juan,informacion_consolidada2025_5.xlsx,julio,2025,month,2025-07,Impuesto s/ | Los Activos | Fdo. Educ. | Ley Nº 23.906,0.0,Impuesto s/ | Los Activos | Fdo. Educ. | Ley Nº 23.906
San Juan,informacion_consolidada2025_5.xlsx,julio,2025,month,2025-07,Impuesto sobre los | Bienes Personales | Ley | Nº 24.699,1867.1981,Impuesto sobre los | Bienes Personales | Ley | Nº 24.699
San Juan,informacion_consolidada2025_5.xlsx,julio,2025,month,2025-07,Ley Nº 23.966 | Art. 30,0.0,Ley Nº 23.966 | Art. 30
San Juan,informacion_consolidada2025_5.xlsx,julio,2025,month,2025-07,Ley Nº 24.464 | FO.NA.VI.,1776.8119,Ley Nº 24.464 | FO.NA.VI.
San Juan,informacion_consolidada2025_5.xlsx,julio,2025,month,2025-07,Reg.Simplif. | P/Peq.Contrib. | Ley Nº 24.977 | Aart. 59 Inc. A,499.7445,Reg.Simplif. | P/Peq.Contrib. | Ley Nº 24.977 | Aart. 59 Inc. A
San Juan,informacion_consolidada2025_5.xlsx,julio,2025,month,2025-07,Régimen de la Energía Eléctrica | L E Y Nº 2 4 . 0 6 5 | Fdo. P/Comp. | Tarifa Elect.,326.37008524810386,Régimen de la Energía Eléctrica | L E Y Nº 2 4 . 0 6 5 | Fdo. P/Comp. | Tarifa Elect.
San Juan,informacion_consolidada2025_5.xlsx,julio,2025,month,2025-07,Subtotal,150282.25358245004,Subtotal
San Juan,informacion_consolidada2025_5.xlsx,julio,2025,month,2025-07,Subtotal,150284.76188245002,Subtotal
San Juan,informacion_consolidada2025_5.xlsx,julio,2025,month,2025-07,Total | (1) + (2),158660.72313199603,Total | (1) + (2)
San Juan,informacion_consolidada2025_5.xlsx,julio,2025,month,2025-07,Total | Recursos | Origen Nacional | (1),155976.69679799603,Total | Recursos | Origen Nacional | (1)
San Juan,informacion_consolidada2025_5.xlsx,julio,2025,month,2025-07,Transfer. | De Servicios | Ley | Nº 24.049,2.5083,Transfer. | De Servicios | Ley | Nº 24.049
San Juan,informacion_consolidada2025_5.xlsx,julio,2025,month,2025-07,Vialidad | Provincial,473.97040000000004,Vialidad | Provincial
San Juan,informacion_consolidada2025_5.xlsx,agosto,2025,month,2025-08,C.F.I. | Neta De | Ley Nº 26.075,135789.4207,CFI | Neta
San Juan,informacion_consolidada2025_5.xlsx,agosto,2025,month,2025-08,Compensación | Consenso Fiscal | II. a y b; II. d y e | (2),2440.02394,Compensación Consenso Fiscal
San Juan,informacion_consolidada2025_5.xlsx,agosto,2025,month,2025-08,F.E.D.E.I.,134.19225790901498,F.E.D.E.I.
San Juan,informacion_consolidada2025_5.xlsx,agosto,2025,month,2025-08,F.E.D.E.I.,178.0523500879018,F.E.D.E.I.
San Juan,informacion_consolidada2025_5.xlsx,agosto,2025,month,2025-08,Financ. | Educativo | Ley Nº 26.075,17146.146961400147,Financiamiento Educativo
San Juan,informacion_consolidada2025_5.xlsx,agosto,2025,month,2025-08,Fondo | Compens. | de | Desequilib.,2.2,Fondo | Compens. | de | Desequilib.
San Juan,informacion_consolidada2025_5.xlsx,agosto,2025,month,2025-08,I.V.A. | Ley Nº 23.966 | Art. 5 | Punto 2,0.0,I.V.A. | Ley Nº 23.966 | Art. 5 | Punto 2
San Juan,informacion_consolidada2025_5.xlsx,agosto,2025,month,2025-08,Impuesto a los Combustibles Líquidos | Ley Nº 23.966 y Nº 24.699 | Obras de | Infraestr.,398.5332,Impuesto a los Combustibles Líquidos | Ley Nº 23.966 y Nº 24.699 | Obras de | Infraestr.
San Juan,informacion_consolidada2025_5.xlsx,agosto,2025,month,2025-08,Impuesto s/ | Los Activos | Fdo. Educ. | Ley Nº 23.906,0.08136042,Impuesto s/ | Los Activos | Fdo. Educ. | Ley Nº 23.906
San Juan,informacion_consolidada2025_5.xlsx,agosto,2025,month,2025-08,Impuesto sobre los | Bienes Personales | Ley | Nº 24.699,1926.9251000000002,Impuesto sobre los | Bienes Personales | Ley | Nº 24.699
San Juan,informacion_consolidada2025_5.xlsx,agosto,2025,month,2025-08,Ley Nº 23.966 | Art. 30,0.0,Ley Nº 23.966 | Art. 30
San Juan,informacion_consolidada2025_5.xlsx,agosto,2025,month,2025-08,Ley Nº 24.464 | FO.NA.VI.,2100.6121000000003,Ley Nº 24.464 | FO.NA.VI.
San Juan,informacion_consolidada2025_5.xlsx,agosto,2025,month,2025-08,Reg.Simplif. | P/Peq.Contrib. | Ley Nº 24.977 | Aart. 59 Inc. A,711.8385,Reg.Simplif. | P/Peq.Contrib. | Ley Nº 24.977 | Aart. 59 Inc. A
San Juan,informacion_consolidada2025_5.xlsx,agosto,2025,month,2025-08,Régimen de la Energía Eléctrica | L E Y Nº 2 4 . 0 6 5 | Fdo. P/Comp. | Tarifa Elect.,225.15601210153258,Régimen de la Energía Eléctrica | L E Y Nº 2 4 . 0 6 5 | Fdo. P/Comp. | Tarifa Elect.
San Juan,informacion_consolidada2025_5.xlsx,agosto,2025,month,2025-08,Subtotal,152935.56766140013,Subtotal
San Juan,informacion_consolidada2025_5.xlsx,agosto,2025,month,2025-08,Subtotal,152938.0759614001,Subtotal
San Juan,informacion_consolidada2025_5.xlsx,agosto,2025,month,2025-08,Total | (1) + (2),161616.03598191863,Total | (1) + (2)
San Juan,informacion_consolidada2025_5.xlsx,agosto,2025,month,2025-08,Total | Recursos | Origen Nacional | (1),159176.0120419186,Total | Recursos | Origen Nacional | (1)
San Juan,informacion_consolidada2025_5.xlsx,agosto,2025,month,2025-08,Transfer. | De Servicios | Ley | Nº 24.049,2.5083,Transfer. | De Servicios | Ley | Nº 24.049
San Juan,informacion_consolidada2025_5.xlsx,agosto,2025,month,2025-08,Vialidad | Provincial,560.3452,Vialidad | Provincial
San Juan,informacion_consolidada2025_5.xlsx,septiembre,2025,month,2025-09,C.F.I. | Neta De | Ley Nº 26.075,132156.0713,CFI | Neta
San Juan,informacion_consolidada2025_5.xlsx,septiembre,2025,month,2025-09,Compensación | Consenso Fiscal | II. a y b; II. d y e | (2),2684.0263339999997,Compensación Consenso Fiscal
San Juan,informacion_consolidada2025_5.xlsx,septiembre,2025,month,2025-09,F.E.D.E.I.,158.85746465638877,F.E.D.E.I.
San Juan,informacion_consolidada2025_5.xlsx,septiembre,2025,month,2025-09,F.E.D.E.I.,221.68980746150285,F.E.D.E.I.
San Juan,informacion_consolidada2025_5.xlsx,septiembre,2025,month,2025-09,Financ. | Educativo | Ley Nº 26.075,18860.761657540163,Financiamiento Educativo
San Juan,informacion_consolidada2025_5.xlsx,septiembre,2025,month,2025-09,Fondo | Compens. | de | Desequilib.,2.2,Fondo | Compens. | de | Desequilib.
San Juan,informacion_consolidada2025_5.xlsx,septiembre,2025,month,2025-09,I.V.A. | Ley Nº 23.966 | Art. 5 | Punto 2,0.0,I.V.A. | Ley Nº 23.966 | Art. 5 | Punto 2
San Juan,informacion_consolidada2025_5.xlsx,septiembre,2025,month,2025-09,Impuesto a los Combustibles Líquidos | Ley Nº 23.966 y Nº 24.699 | Obras de | Infraestr.,412.2248,Impuesto a los Combustibles Líquidos | Ley Nº 23.966 y Nº 24.699 | Obras de | Infraestr.
San Juan,informacion_consolidada2025_5.xlsx,septiembre,2025,month,2025-09,Impuesto s/ | Los Activos | Fdo. Educ. | Ley Nº 23.906,0.0,Impuesto s/ | Los Activos | Fdo. Educ. | Ley Nº 23.906
San Juan,informacion_consolidada2025_5.xlsx,septiembre,2025,month,2025-09,Impuesto sobre los | Bienes Personales | Ley | Nº 24.699,1726.9878,Impuesto sobre los | Bienes Personales | Ley | Nº 24.699
San Juan,informacion_consolidada2025_5.xlsx,septiembre,2025,month,2025-09,Ley Nº 23.966 | Art. 30,0.0,Ley Nº 23.966 | Art. 30
San Juan,informacion_consolidada2025_5.xlsx,septiembre,2025,month,2025-09,Ley Nº 24.464 | FO.NA.VI.,2172.7786,Ley Nº 24.464 | FO.NA.VI.
San Juan,informacion_consolidada2025_5.xlsx,septiembre,2025,month,2025-09,Reg.Simplif. | P/Peq.Contrib. | Ley Nº 24.977 | Aart. 59 Inc. A,751.2119,Reg.Simplif. | P/Peq.Contrib. | Ley Nº 24.977 | Aart. 59 Inc. A
San Juan,informacion_consolidada2025_5.xlsx,septiembre,2025,month,2025-09,Régimen de la Energía Eléctrica | L E Y Nº 2 4 . 0 6 5 | Fdo. P/Comp. | Tarifa Elect.,280.3377374646536,Régimen de la Energía Eléctrica | L E Y Nº 2 4 . 0 6 5 | Fdo. P/Comp. | Tarifa Elect.
San Juan,informacion_consolidada2025_5.xlsx,septiembre,2025,month,2025-09,Subtotal,151016.83295754017,Subtotal
San Juan,informacion_consolidada2025_5.xlsx,septiembre,2025,month,2025-09,Subtotal,151019.34125754016,Subtotal
San Juan,informacion_consolidada2025_5.xlsx,septiembre,2025,month,2025-09,Total | (1) + (2),160009.2516011227,Total | (1) + (2)
San Juan,informacion_consolidada2025_5.xlsx,septiembre,2025,month,2025-09,Total | Recursos | Origen Nacional | (1),157325.2252671227,Total | Recursos | Origen Nacional | (1)
San Juan,informacion_consolidada2025_5.xlsx,septiembre,2025,month,2025-09,Transfer. | De Servicios | Ley | Nº 24.049,2.5083,Transfer. | De Servicios | Ley | Nº 24.049
San Juan,informacion_consolidada2025_5.xlsx,septiembre,2025,month,2025-09,Vialidad | Provincial,579.5959,Vialidad | Provincial
San Juan,informacion_consolidada2025_5.xlsx,octubre,2025,month,2025-10,C.F.I. | Neta De | Ley Nº 26.075,143734.8111,CFI | Neta
San Juan,informacion_consolidada2025_5.xlsx,octubre,2025,month,2025-10,Compensación | Consenso Fiscal | II. a y b; II. d y e | (2),3077.256446,Compensación Consenso Fiscal
San Juan,informacion_consolidada2025_5.xlsx,octubre,2025,month,2025-10,F.E.D.E.I.,164.34479490890308,F.E.D.E.I.
San Juan,informacion_consolidada2025_5.xlsx,octubre,2025,month,2025-10,F.E.D.E.I.,217.47051828242465,F.E.D.E.I.
San Juan,informacion_consolidada2025_5.xlsx,octubre,2025,month,2025-10,Financ. | Educativo | Ley Nº 26.075,19718.069005610167,Financiamiento Educativo
San Juan,informacion_consolidada2025_5.xlsx,octubre,2025,month,2025-10,Fondo | Compens. | de | Desequilib.,2.2,Fondo | Compens. | de | Desequilib.
San Juan,informacion_consolidada2025_5.xlsx,octubre,2025,month,2025-10,I.V.A. | Ley Nº 23.966 | Art. 5 | Punto 2,0.0,I.V.A. | Ley Nº 23.966 | Art. 5 | Punto 2
San Juan,informacion_consolidada2025_5.xlsx,octubre,2025,month,2025-10,Impuesto a los Combustibles Líquidos | Ley Nº 23.966 y Nº 24.699 | Obras de | Infraestr.,396.0915,Impuesto a los Combustibles Líquidos | Ley Nº 23.966 y Nº 24.699 | Obras de | Infraestr.
San Juan,informacion_consolidada2025_5.xlsx,octubre,2025,month,2025-10,Impuesto s/ | Los Activos | Fdo. Educ. | Ley Nº 23.906,0.0,Impuesto s/ | Los Activos | Fdo. Educ. | Ley Nº 23.906
San Juan,informacion_consolidada2025_5.xlsx,octubre,2025,month,2025-10,Impuesto sobre los | Bienes Personales | Ley | Nº 24.699,1705.0278,Impuesto sobre los | Bienes Personales | Ley | Nº 24.699
San Juan,informacion_consolidada2025_5.xlsx,octubre,2025,month,2025-10,Ley Nº 23.966 | Art. 30,0.0,Ley Nº 23.966 | Art. 30
San Juan,informacion_consolidada2025_5.xlsx,octubre,2025,month,2025-10,Ley Nº 24.464 | FO.NA.VI.,2087.7421,Ley Nº 24.464 | FO.NA.VI.
San Juan,informacion_consolidada2025_5.xlsx,octubre,2025,month,2025-10,Reg.Simplif. | P/Peq.Contrib. | Ley Nº 24.977 | Aart. 59 Inc. A,788.4975999999999,Reg.Simplif. | P/Peq.Contrib. | Ley Nº 24.977 | Aart. 59 Inc. A
San Juan,informacion_consolidada2025_5.xlsx,octubre,2025,month,2025-10,Régimen de la Energía Eléctrica | L E Y Nº 2 4 . 0 6 5 | Fdo. P/Comp. | Tarifa Elect.,275.00223738348797,Régimen de la Energía Eléctrica | L E Y Nº 2 4 . 0 6 5 | Fdo. P/Comp. | Tarifa Elect.
San Juan,informacion_consolidada2025_5.xlsx,octubre,2025,month,2025-10,Subtotal,163452.88010561015,Subtotal
San Juan,informacion_consolidada2025_5.xlsx,octubre,2025,month,2025-10,Subtotal,163455.38840561014,Subtotal
San Juan,informacion_consolidada2025_5.xlsx,octubre,2025,month,2025-10,Total | (1) + (2),172725.93350218498,Total | (1) + (2)
San Juan,informacion_consolidada2025_5.xlsx,octubre,2025,month,2025-10,Total | Recursos | Origen Nacional | (1),169648.67705618497,Total | Recursos | Origen Nacional | (1)
San Juan,informacion_consolidada2025_5.xlsx,octubre,2025,month,2025-10,Transfer. | De Servicios | Ley | Nº 24.049,2.5083,Transfer. | De Servicios | Ley | Nº 24.049
San Juan,informacion_consolidada2025_5.xlsx,octubre,2025,month,2025-10,Vialidad | Provincial,556.9121,Vialidad | Provincial
San Juan,informacion_consolidada2025_5.xlsx,noviembre,2025,month,2025-11,C.F.I. | Neta De | Ley Nº 26.075,144286.174,CFI | Neta
San Juan,informacion_consolidada2025_5.xlsx,noviembre,2025,month,2025-11,Compensación | Consenso Fiscal | II. a y b; II. d y e | (2),2377.879981,Compensación Consenso Fiscal
San Juan,informacion_consolidada2025_5.xlsx,noviembre,2025,month,2025-11,F.E.D.E.I.,0.0,F.E.D.E.I.
San Juan,informacion_consolidada2025_5.xlsx,noviembre,2025,month,2025-11,F.E.D.E.I.,0.0,F.E.D.E.I.
San Juan,informacion_consolidada2025_5.xlsx,noviembre,2025,month,2025-11,Financ. | Educativo | Ley Nº 26.075,14574.224917190126,Financiamiento Educativo
San Juan,informacion_consolidada2025_5.xlsx,noviembre,2025,month,2025-11,Fondo | Compens. | de | Desequilib.,2.2,Fondo | Compens. | de | Desequilib.
San Juan,informacion_consolidada2025_5.xlsx,noviembre,2025,month,2025-11,I.V.A. | Ley Nº 23.966 | Art. 5 | Punto 2,0.0,I.V.A. | Ley Nº 23.966 | Art. 5 | Punto 2
San Juan,informacion_consolidada2025_5.xlsx,noviembre,2025,month,2025-11,Impuesto a los Combustibles Líquidos | Ley Nº 23.966 y Nº 24.699 | Obras de | Infraestr.,419.4875,Impuesto a los Combustibles Líquidos | Ley Nº 23.966 y Nº 24.699 | Obras de | Infraestr.
San Juan,informacion_consolidada2025_5.xlsx,noviembre,2025,month,2025-11,Impuesto s/ | Los Activos | Fdo. Educ. | Ley Nº 23.906,0.0,Impuesto s/ | Los Activos | Fdo. Educ. | Ley Nº 23.906
San Juan,informacion_consolidada2025_5.xlsx,noviembre,2025,month,2025-11,Impuesto sobre los | Bienes Personales | Ley | Nº 24.699,1030.1939,Impuesto sobre los | Bienes Personales | Ley | Nº 24.699
San Juan,informacion_consolidada2025_5.xlsx,noviembre,2025,month,2025-11,Ley Nº 23.966 | Art. 30,0.0,Ley Nº 23.966 | Art. 30
San Juan,informacion_consolidada2025_5.xlsx,noviembre,2025,month,2025-11,Ley Nº 24.464 | FO.NA.VI.,2211.0593,Ley Nº 24.464 | FO.NA.VI.
San Juan,informacion_consolidada2025_5.xlsx,noviembre,2025,month,2025-11,Reg.Simplif. | P/Peq.Contrib. | Ley Nº 24.977 | Aart. 59 Inc. A,777.7241,Reg.Simplif. | P/Peq.Contrib. | Ley Nº 24.977 | Aart. 59 Inc. A
San Juan,informacion_consolidada2025_5.xlsx,noviembre,2025,month,2025-11,Régimen de la Energía Eléctrica | L E Y Nº 2 4 . 0 6 5 | Fdo. P/Comp. | Tarifa Elect.,0.0,Régimen de la Energía Eléctrica | L E Y Nº 2 4 . 0 6 5 | Fdo. P/Comp. | Tarifa Elect.
San Juan,informacion_consolidada2025_5.xlsx,noviembre,2025,month,2025-11,Subtotal,158860.39891719012,Subtotal
San Juan,informacion_consolidada2025_5.xlsx,noviembre,2025,month,2025-11,Subtotal,158862.9072171901,Subtotal
San Juan,informacion_consolidada2025_5.xlsx,noviembre,2025,month,2025-11,Total | (1) + (2),166271.2592981901,Total | (1) + (2)
San Juan,informacion_consolidada2025_5.xlsx,noviembre,2025,month,2025-11,Total | Recursos | Origen Nacional | (1),163893.3793171901,Total | Recursos | Origen Nacional | (1)
San Juan,informacion_consolidada2025_5.xlsx,noviembre,2025,month,2025-11,Transfer. | De Servicios | Ley | Nº 24.049,2.5083,Transfer. | De Servicios | Ley | Nº 24.049
San Juan,informacion_consolidada2025_5.xlsx,noviembre,2025,month,2025-11,Vialidad | Provincial,589.8073,Vialidad | Provincial
San Juan,informacion_consolidada2025_5.xlsx,diciembre,2025,month,2025-12,C.F.I. | Neta De | Ley Nº 26.075,148959.8571,CFI | Neta
San Juan,informacion_consolidada2025_5.xlsx,diciembre,2025,month,2025-12,Compensación | Consenso Fiscal | II. a y b; II. d y e | (2),11937.381153,Compensación Consenso Fiscal
San Juan,informacion_consolidada2025_5.xlsx,diciembre,2025,month,2025-12,F.E.D.E.I.,325.1362574548236,F.E.D.E.I.
San Juan,informacion_consolidada2025_5.xlsx,diciembre,2025,month,2025-12,F.E.D.E.I.,465.97073587296074,F.E.D.E.I.
San Juan,informacion_consolidada2025_5.xlsx,diciembre,2025,month,2025-12,Financ. | Educativo | Ley Nº 26.075,18003.454309470155,Financiamiento Educativo
San Juan,informacion_consolidada2025_5.xlsx,diciembre,2025,month,2025-12,Fondo | Compens. | de | Desequilib.,2.2,Fondo | Compens. | de | Desequilib.
San Juan,informacion_consolidada2025_5.xlsx,diciembre,2025,month,2025-12,I.V.A. | Ley Nº 23.966 | Art. 5 | Punto 2,0.0,I.V.A. | Ley Nº 23.966 | Art. 5 | Punto 2
San Juan,informacion_consolidada2025_5.xlsx,diciembre,2025,month,2025-12,Impuesto a los Combustibles Líquidos | Ley Nº 23.966 y Nº 24.699 | Obras de | Infraestr.,596.7494,Impuesto a los Combustibles Líquidos | Ley Nº 23.966 y Nº 24.699 | Obras de | Infraestr.
San Juan,informacion_consolidada2025_5.xlsx,diciembre,2025,month,2025-12,Impuesto s/ | Los Activos | Fdo. Educ. | Ley Nº 23.906,0.00235741,Impuesto s/ | Los Activos | Fdo. Educ. | Ley Nº 23.906
San Juan,informacion_consolidada2025_5.xlsx,diciembre,2025,month,2025-12,Impuesto sobre los | Bienes Personales | Ley | Nº 24.699,1714.0961000000002,Impuesto sobre los | Bienes Personales | Ley | Nº 24.699
San Juan,informacion_consolidada2025_5.xlsx,diciembre,2025,month,2025-12,Ley Nº 23.966 | Art. 30,0.0,Ley Nº 23.966 | Art. 30
San Juan,informacion_consolidada2025_5.xlsx,diciembre,2025,month,2025-12,Ley Nº 24.464 | FO.NA.VI.,3145.3815,Ley Nº 24.464 | FO.NA.VI.
San Juan,informacion_consolidada2025_5.xlsx,diciembre,2025,month,2025-12,Reg.Simplif. | P/Peq.Contrib. | Ley Nº 24.977 | Aart. 59 Inc. A,821.7909000000001,Reg.Simplif. | P/Peq.Contrib. | Ley Nº 24.977 | Aart. 59 Inc. A
San Juan,informacion_consolidada2025_5.xlsx,diciembre,2025,month,2025-12,Régimen de la Energía Eléctrica | L E Y Nº 2 4 . 0 6 5 | Fdo. P/Comp. | Tarifa Elect.,589.2430658119569,Régimen de la Energía Eléctrica | L E Y Nº 2 4 . 0 6 5 | Fdo. P/Comp. | Tarifa Elect.
San Juan,informacion_consolidada2025_5.xlsx,diciembre,2025,month,2025-12,Subtotal,166963.31140947016,Subtotal
San Juan,informacion_consolidada2025_5.xlsx,diciembre,2025,month,2025-12,Subtotal,166965.81970947015,Subtotal
San Juan,informacion_consolidada2025_5.xlsx,diciembre,2025,month,2025-12,Total | (1) + (2),187402.81207901984,Total | (1) + (2)
San Juan,informacion_consolidada2025_5.xlsx,diciembre,2025,month,2025-12,Total | Recursos | Origen Nacional | (1),175465.43092601985,Total | Recursos | Origen Nacional | (1)
San Juan,informacion_consolidada2025_5.xlsx,diciembre,2025,month,2025-12,Transfer. | De Servicios | Ley | Nº 24.049,2.5083,Transfer. | De Servicios | Ley | Nº 24.049
San Juan,informacion_consolidada2025_5.xlsx,diciembre,2025,month,2025-12,Vialidad | Provincial,839.0409000000001,Vialidad | Provincial
San Juan,informacion_consolidada2025_5.xlsx,CONS,2025,consolidated,CONS,C.F.I. | Neta De | Ley Nº 26.075,1575645.7426,CFI | Neta
San Juan,informacion_consolidada2025_5.xlsx,CONS,2025,consolidated,CONS,Compensación | Consenso Fiscal | II. a y b; II. d y e | (2),35290.54087999999,Compensación Consenso Fiscal
San Juan,informacion_consolidada2025_5.xlsx,CONS,2025,consolidated,CONS,F.E.D.E.I.,1714.1102184141264,F.E.D.E.I.
San Juan,informacion_consolidada2025_5.xlsx,CONS,2025,consolidated,CONS,F.E.D.E.I.,2495.2395934210977,F.E.D.E.I.
San Juan,informacion_consolidada2025_5.xlsx,CONS,2025,consolidated,CONS,Financ. | Educativo | Ley Nº 26.075,208325.6856,Financiamiento Educativo
San Juan,informacion_consolidada2025_5.xlsx,CONS,2025,consolidated,CONS,Fondo | Compens. | de | Desequilib.,26.4,Fondo | Compens. | de | Desequilib.
San Juan,informacion_consolidada2025_5.xlsx,CONS,2025,consolidated,CONS,I.V.A. | Ley Nº 23.966 | Art. 5 | Punto 2,0.0,I.V.A. | Ley Nº 23.966 | Art. 5 | Punto 2
San Juan,informacion_consolidada2025_5.xlsx,CONS,2025,consolidated,CONS,Impuesto a los Combustibles Líquidos | Ley Nº 23.966 y Nº 24.699 | Obras de | Infraestr.,4464.7408000000005,Impuesto a los Combustibles Líquidos | Ley Nº 23.966 y Nº 24.699 | Obras de | Infraestr.
San Juan,informacion_consolidada2025_5.xlsx,CONS,2025,consolidated,CONS,Impuesto s/ | Los Activos | Fdo. Educ. | Ley Nº 23.906,0.08380000000000001,Impuesto s/ | Los Activos | Fdo. Educ. | Ley Nº 23.906
San Juan,informacion_consolidada2025_5.xlsx,CONS,2025,consolidated,CONS,Impuesto sobre los | Bienes Personales | Ley | Nº 24.699,34854.5021,Impuesto sobre los | Bienes Personales | Ley | Nº 24.699
San Juan,informacion_consolidada2025_5.xlsx,CONS,2025,consolidated,CONS,Ley Nº 23.966 | Art. 30,0.0,Ley Nº 23.966 | Art. 30
San Juan,informacion_consolidada2025_5.xlsx,CONS,2025,consolidated,CONS,Ley Nº 24.464 | FO.NA.VI.,23533.016900000002,Ley Nº 24.464 | FO.NA.VI.
San Juan,informacion_consolidada2025_5.xlsx,CONS,2025,consolidated,CONS,Reg.Simplif. | P/Peq.Contrib. | Ley Nº 24.977 | Aart. 59 Inc. A,6946.559399999999,Reg.Simplif. | P/Peq.Contrib. | Ley Nº 24.977 | Aart. 59 Inc. A
San Juan,informacion_consolidada2025_5.xlsx,CONS,2025,consolidated,CONS,Régimen de la Energía Eléctrica | L E Y Nº 2 4 . 0 6 5 | Fdo. P/Comp. | Tarifa Elect.,3158.0972000000006,Régimen de la Energía Eléctrica | L E Y Nº 2 4 . 0 6 5 | Fdo. P/Comp. | Tarifa Elect.
San Juan,informacion_consolidada2025_5.xlsx,CONS,2025,consolidated,CONS,Subtotal,1783971.4282,Subtotal
San Juan,informacion_consolidada2025_5.xlsx,CONS,2025,consolidated,CONS,Subtotal,1784001.5278,Subtotal
San Juan,informacion_consolidada2025_5.xlsx,CONS,2025,consolidated,CONS,Total | (1) + (2),1902762.328491835,Total | (1) + (2)
San Juan,informacion_consolidada2025_5.xlsx,CONS,2025,consolidated,CONS,Total | Recursos | Origen Nacional | (1),1867471.787611835,Total | Recursos | Origen Nacional | (1)
San Juan,informacion_consolidada2025_5.xlsx,CONS,2025,consolidated,CONS,Transfer. | De Servicios | Ley | Nº 24.049,30.099599999999995,Transfer. | De Servicios | Ley | Nº 24.049
San Juan,informacion_consolidada2025_5.xlsx,CONS,2025,consolidated,CONS,Vialidad | Provincial,6277.5098,Vialidad | Provincial
San Luis,informacion_consolidada2025_5.xlsx,enero,2025,month,2025-01,C.F.I. | Neta De | Ley Nº 26.075,97698.17809999999,CFI | Neta
San Luis,informacion_consolidada2025_5.xlsx,enero,2025,month,2025-01,Compensación | Consenso Fiscal | II. a y b; II. d y e | (2),0.0,Compensación Consenso Fiscal
San Luis,informacion_consolidada2025_5.xlsx,enero,2025,month,2025-01,F.E.D.E.I.,0.0,F.E.D.E.I.
San Luis,informacion_consolidada2025_5.xlsx,enero,2025,month,2025-01,F.E.D.E.I.,0.0,F.E.D.E.I.
San Luis,informacion_consolidada2025_5.xlsx,enero,2025,month,2025-01,Financ. | Educativo | Ley Nº 26.075,0.0,Financiamiento Educativo
San Luis,informacion_consolidada2025_5.xlsx,enero,2025,month,2025-01,Fondo | Compens. | de | Desequilib.,2.2,Fondo | Compens. | de | Desequilib.
San Luis,informacion_consolidada2025_5.xlsx,enero,2025,month,2025-01,I.V.A. | Ley Nº 23.966 | Art. 5 | Punto 2,0.0,I.V.A. | Ley Nº 23.966 | Art. 5 | Punto 2
San Luis,informacion_consolidada2025_5.xlsx,enero,2025,month,2025-01,Impuesto a los Combustibles Líquidos | Ley Nº 23.966 y Nº 24.699 | Obras de | Infraestr.,169.6769,Impuesto a los Combustibles Líquidos | Ley Nº 23.966 y Nº 24.699 | Obras de | Infraestr.
San Luis,informacion_consolidada2025_5.xlsx,enero,2025,month,2025-01,Impuesto s/ | Los Activos | Fdo. Educ. | Ley Nº 23.906,0.0,Impuesto s/ | Los Activos | Fdo. Educ. | Ley Nº 23.906
San Luis,informacion_consolidada2025_5.xlsx,enero,2025,month,2025-01,Impuesto sobre los | Bienes Personales | Ley | Nº 24.699,581.3666999999999,Impuesto sobre los | Bienes Personales | Ley | Nº 24.699
San Luis,informacion_consolidada2025_5.xlsx,enero,2025,month,2025-01,Ley Nº 23.966 | Art. 30,0.0,Ley Nº 23.966 | Art. 30
San Luis,informacion_consolidada2025_5.xlsx,enero,2025,month,2025-01,Ley Nº 24.464 | FO.NA.VI.,1324.565,Ley Nº 24.464 | FO.NA.VI.
San Luis,informacion_consolidada2025_5.xlsx,enero,2025,month,2025-01,Reg.Simplif. | P/Peq.Contrib. | Ley Nº 24.977 | Aart. 59 Inc. A,193.7956,Reg.Simplif. | P/Peq.Contrib. | Ley Nº 24.977 | Aart. 59 Inc. A
San Luis,informacion_consolidada2025_5.xlsx,enero,2025,month,2025-01,Régimen de la Energía Eléctrica | L E Y Nº 2 4 . 0 6 5 | Fdo. P/Comp. | Tarifa Elect.,0.0,Régimen de la Energía Eléctrica | L E Y Nº 2 4 . 0 6 5 | Fdo. P/Comp. | Tarifa Elect.
San Luis,informacion_consolidada2025_5.xlsx,enero,2025,month,2025-01,Subtotal,97698.17809999999,Subtotal
San Luis,informacion_consolidada2025_5.xlsx,enero,2025,month,2025-01,Subtotal,97699.75319999999,Subtotal
San Luis,informacion_consolidada2025_5.xlsx,enero,2025,month,2025-01,Total | (1) + (2),100270.58249999999,Total | (1) + (2)
San Luis,informacion_consolidada2025_5.xlsx,enero,2025,month,2025-01,Total | Recursos | Origen Nacional | (1),100270.58249999999,Total | Recursos | Origen Nacional | (1)
San Luis,informacion_consolidada2025_5.xlsx,enero,2025,month,2025-01,Transfer. | De Servicios | Ley | Nº 24.049,1.5751000000000002,Transfer. | De Servicios | Ley | Nº 24.049
San Luis,informacion_consolidada2025_5.xlsx,enero,2025,month,2025-01,Vialidad | Provincial,299.2251,Vialidad | Provincial
San Luis,informacion_consolidada2025_5.xlsx,febrero,2025,month,2025-02,C.F.I. | Neta De | Ley Nº 26.075,90080.2085,CFI | Neta
San Luis,informacion_consolidada2025_5.xlsx,febrero,2025,month,2025-02,Compensación | Consenso Fiscal | II. a y b; II. d y e | (2),0.0,Compensación Consenso Fiscal
San Luis,informacion_consolidada2025_5.xlsx,febrero,2025,month,2025-02,F.E.D.E.I.,168.95349163999998,F.E.D.E.I.
San Luis,informacion_consolidada2025_5.xlsx,febrero,2025,month,2025-02,F.E.D.E.I.,101.25231132113817,F.E.D.E.I.
San Luis,informacion_consolidada2025_5.xlsx,febrero,2025,month,2025-02,Financ. | Educativo | Ley Nº 26.075,0.0,Financiamiento Educativo
San Luis,informacion_consolidada2025_5.xlsx,febrero,2025,month,2025-02,Fondo | Compens. | de | Desequilib.,2.2,Fondo | Compens. | de | Desequilib.
San Luis,informacion_consolidada2025_5.xlsx,febrero,2025,month,2025-02,I.V.A. | Ley Nº 23.966 | Art. 5 | Punto 2,0.0,I.V.A. | Ley Nº 23.966 | Art. 5 | Punto 2
San Luis,informacion_consolidada2025_5.xlsx,febrero,2025,month,2025-02,Impuesto a los Combustibles Líquidos | Ley Nº 23.966 y Nº 24.699 | Obras de | Infraestr.,213.7406,Impuesto a los Combustibles Líquidos | Ley Nº 23.966 y Nº 24.699 | Obras de | Infraestr.
San Luis,informacion_consolidada2025_5.xlsx,febrero,2025,month,2025-02,Impuesto s/ | Los Activos | Fdo. Educ. | Ley Nº 23.906,0.0,Impuesto s/ | Los Activos | Fdo. Educ. | Ley Nº 23.906
San Luis,informacion_consolidada2025_5.xlsx,febrero,2025,month,2025-02,Impuesto sobre los | Bienes Personales | Ley | Nº 24.699,806.3554,Impuesto sobre los | Bienes Personales | Ley | Nº 24.699
San Luis,informacion_consolidada2025_5.xlsx,febrero,2025,month,2025-02,Ley Nº 23.966 | Art. 30,0.0,Ley Nº 23.966 | Art. 30
San Luis,informacion_consolidada2025_5.xlsx,febrero,2025,month,2025-02,Ley Nº 24.464 | FO.NA.VI.,1668.544,Ley Nº 24.464 | FO.NA.VI.
San Luis,informacion_consolidada2025_5.xlsx,febrero,2025,month,2025-02,Reg.Simplif. | P/Peq.Contrib. | Ley Nº 24.977 | Aart. 59 Inc. A,282.6226,Reg.Simplif. | P/Peq.Contrib. | Ley Nº 24.977 | Aart. 59 Inc. A
San Luis,informacion_consolidada2025_5.xlsx,febrero,2025,month,2025-02,Régimen de la Energía Eléctrica | L E Y Nº 2 4 . 0 6 5 | Fdo. P/Comp. | Tarifa Elect.,148.9852914058101,Régimen de la Energía Eléctrica | L E Y Nº 2 4 . 0 6 5 | Fdo. P/Comp. | Tarifa Elect.
San Luis,informacion_consolidada2025_5.xlsx,febrero,2025,month,2025-02,Subtotal,90080.2085,Subtotal
San Luis,informacion_consolidada2025_5.xlsx,febrero,2025,month,2025-02,Subtotal,90081.7836,Subtotal
San Luis,informacion_consolidada2025_5.xlsx,febrero,2025,month,2025-02,Total | (1) + (2),93851.36879436695,Total | (1) + (2)
San Luis,informacion_consolidada2025_5.xlsx,febrero,2025,month,2025-02,Total | Recursos | Origen Nacional | (1),93851.36879436695,Total | Recursos | Origen Nacional | (1)
San Luis,informacion_consolidada2025_5.xlsx,febrero,2025,month,2025-02,Transfer. | De Servicios | Ley | Nº 24.049,1.5751000000000002,Transfer. | De Servicios | Ley | Nº 24.049
San Luis,informacion_consolidada2025_5.xlsx,febrero,2025,month,2025-02,Vialidad | Provincial,376.9315,Vialidad | Provincial
San Luis,informacion_consolidada2025_5.xlsx,marzo,2025,month,2025-03,C.F.I. | Neta De | Ley Nº 26.075,77601.13070000001,CFI | Neta
San Luis,informacion_consolidada2025_5.xlsx,marzo,2025,month,2025-03,Compensación | Consenso Fiscal | II. a y b; II. d y e | (2),0.0,Compensación Consenso Fiscal
San Luis,informacion_consolidada2025_5.xlsx,marzo,2025,month,2025-03,F.E.D.E.I.,98.01216743,F.E.D.E.I.
San Luis,informacion_consolidada2025_5.xlsx,marzo,2025,month,2025-03,F.E.D.E.I.,171.7454923670797,F.E.D.E.I.
San Luis,informacion_consolidada2025_5.xlsx,marzo,2025,month,2025-03,Financ. | Educativo | Ley Nº 26.075,3962.0578635999996,Financiamiento Educativo
San Luis,informacion_consolidada2025_5.xlsx,marzo,2025,month,2025-03,Fondo | Compens. | de | Desequilib.,2.2,Fondo | Compens. | de | Desequilib.
San Luis,informacion_consolidada2025_5.xlsx,marzo,2025,month,2025-03,I.V.A. | Ley Nº 23.966 | Art. 5 | Punto 2,0.0,I.V.A. | Ley Nº 23.966 | Art. 5 | Punto 2
San Luis,informacion_consolidada2025_5.xlsx,marzo,2025,month,2025-03,Impuesto a los Combustibles Líquidos | Ley Nº 23.966 y Nº 24.699 | Obras de | Infraestr.,195.2132,Impuesto a los Combustibles Líquidos | Ley Nº 23.966 y Nº 24.699 | Obras de | Infraestr.
San Luis,informacion_consolidada2025_5.xlsx,marzo,2025,month,2025-03,Impuesto s/ | Los Activos | Fdo. Educ. | Ley Nº 23.906,0.0,Impuesto s/ | Los Activos | Fdo. Educ. | Ley Nº 23.906
San Luis,informacion_consolidada2025_5.xlsx,marzo,2025,month,2025-03,Impuesto sobre los | Bienes Personales | Ley | Nº 24.699,368.7276,Impuesto sobre los | Bienes Personales | Ley | Nº 24.699
San Luis,informacion_consolidada2025_5.xlsx,marzo,2025,month,2025-03,Ley Nº 23.966 | Art. 30,0.0,Ley Nº 23.966 | Art. 30
San Luis,informacion_consolidada2025_5.xlsx,marzo,2025,month,2025-03,Ley Nº 24.464 | FO.NA.VI.,1523.9118999999998,Ley Nº 24.464 | FO.NA.VI.
San Luis,informacion_consolidada2025_5.xlsx,marzo,2025,month,2025-03,Reg.Simplif. | P/Peq.Contrib. | Ley Nº 24.977 | Aart. 59 Inc. A,304.04429999999996,Reg.Simplif. | P/Peq.Contrib. | Ley Nº 24.977 | Aart. 59 Inc. A
San Luis,informacion_consolidada2025_5.xlsx,marzo,2025,month,2025-03,Régimen de la Energía Eléctrica | L E Y Nº 2 4 . 0 6 5 | Fdo. P/Comp. | Tarifa Elect.,252.7107963764602,Régimen de la Energía Eléctrica | L E Y Nº 2 4 . 0 6 5 | Fdo. P/Comp. | Tarifa Elect.
San Luis,informacion_consolidada2025_5.xlsx,marzo,2025,month,2025-03,Subtotal,81563.18856360001,Subtotal
San Luis,informacion_consolidada2025_5.xlsx,marzo,2025,month,2025-03,Subtotal,81564.76366360001,Subtotal
San Luis,informacion_consolidada2025_5.xlsx,marzo,2025,month,2025-03,Total | (1) + (2),84825.58761977353,Total | (1) + (2)
San Luis,informacion_consolidada2025_5.xlsx,marzo,2025,month,2025-03,Total | Recursos | Origen Nacional | (1),84825.58761977353,Total | Recursos | Origen Nacional | (1)
San Luis,informacion_consolidada2025_5.xlsx,marzo,2025,month,2025-03,Transfer. | De Servicios | Ley | Nº 24.049,1.5751000000000002,Transfer. | De Servicios | Ley | Nº 24.049
San Luis,informacion_consolidada2025_5.xlsx,marzo,2025,month,2025-03,Vialidad | Provincial,344.2585,Vialidad | Provincial
San Luis,informacion_consolidada2025_5.xlsx,abril,2025,month,2025-04,C.F.I. | Neta De | Ley Nº 26.075,71832.7013,CFI | Neta
San Luis,informacion_consolidada2025_5.xlsx,abril,2025,month,2025-04,Compensación | Consenso Fiscal | II. a y b; II. d y e | (2),0.0,Compensación Consenso Fiscal
San Luis,informacion_consolidada2025_5.xlsx,abril,2025,month,2025-04,F.E.D.E.I.,123.60240796339045,F.E.D.E.I.
San Luis,informacion_consolidada2025_5.xlsx,abril,2025,month,2025-04,F.E.D.E.I.,148.13577866534118,F.E.D.E.I.
San Luis,informacion_consolidada2025_5.xlsx,abril,2025,month,2025-04,Financ. | Educativo | Ley Nº 26.075,15848.231454400006,Financiamiento Educativo
San Luis,informacion_consolidada2025_5.xlsx,abril,2025,month,2025-04,Fondo | Compens. | de | Desequilib.,2.2,Fondo | Compens. | de | Desequilib.
San Luis,informacion_consolidada2025_5.xlsx,abril,2025,month,2025-04,I.V.A. | Ley Nº 23.966 | Art. 5 | Punto 2,0.0,I.V.A. | Ley Nº 23.966 | Art. 5 | Punto 2
San Luis,informacion_consolidada2025_5.xlsx,abril,2025,month,2025-04,Impuesto a los Combustibles Líquidos | Ley Nº 23.966 y Nº 24.699 | Obras de | Infraestr.,216.7569,Impuesto a los Combustibles Líquidos | Ley Nº 23.966 y Nº 24.699 | Obras de | Infraestr.
San Luis,informacion_consolidada2025_5.xlsx,abril,2025,month,2025-04,Impuesto s/ | Los Activos | Fdo. Educ. | Ley Nº 23.906,0.0,Impuesto s/ | Los Activos | Fdo. Educ. | Ley Nº 23.906
San Luis,informacion_consolidada2025_5.xlsx,abril,2025,month,2025-04,Impuesto sobre los | Bienes Personales | Ley | Nº 24.699,689.4966,Impuesto sobre los | Bienes Personales | Ley | Nº 24.699
San Luis,informacion_consolidada2025_5.xlsx,abril,2025,month,2025-04,Ley Nº 23.966 | Art. 30,0.0,Ley Nº 23.966 | Art. 30
San Luis,informacion_consolidada2025_5.xlsx,abril,2025,month,2025-04,Ley Nº 24.464 | FO.NA.VI.,1692.0909,Ley Nº 24.464 | FO.NA.VI.
San Luis,informacion_consolidada2025_5.xlsx,abril,2025,month,2025-04,Reg.Simplif. | P/Peq.Contrib. | Ley Nº 24.977 | Aart. 59 Inc. A,311.4984,Reg.Simplif. | P/Peq.Contrib. | Ley Nº 24.977 | Aart. 59 Inc. A
San Luis,informacion_consolidada2025_5.xlsx,abril,2025,month,2025-04,Régimen de la Energía Eléctrica | L E Y Nº 2 4 . 0 6 5 | Fdo. P/Comp. | Tarifa Elect.,217.97084793291182,Régimen de la Energía Eléctrica | L E Y Nº 2 4 . 0 6 5 | Fdo. P/Comp. | Tarifa Elect.
San Luis,informacion_consolidada2025_5.xlsx,abril,2025,month,2025-04,Subtotal,87680.93275440001,Subtotal
San Luis,informacion_consolidada2025_5.xlsx,abril,2025,month,2025-04,Subtotal,87682.50785440001,Subtotal
San Luis,informacion_consolidada2025_5.xlsx,abril,2025,month,2025-04,Total | (1) + (2),91466.51048896163,Total | (1) + (2)
San Luis,informacion_consolidada2025_5.xlsx,abril,2025,month,2025-04,Total | Recursos | Origen Nacional | (1),91466.51048896163,Total | Recursos | Origen Nacional | (1)
San Luis,informacion_consolidada2025_5.xlsx,abril,2025,month,2025-04,Transfer. | De Servicios | Ley | Nº 24.049,1.5751000000000002,Transfer. | De Servicios | Ley | Nº 24.049
San Luis,informacion_consolidada2025_5.xlsx,abril,2025,month,2025-04,Vialidad | Provincial,382.25079999999997,Vialidad | Provincial
San Luis,informacion_consolidada2025_5.xlsx,mayo,2025,month,2025-05,C.F.I. | Neta De | Ley Nº 26.075,97583.7701,CFI | Neta
San Luis,informacion_consolidada2025_5.xlsx,mayo,2025,month,2025-05,Compensación | Consenso Fiscal | II. a y b; II. d y e | (2),0.0,Compensación Consenso Fiscal
San Luis,informacion_consolidada2025_5.xlsx,mayo,2025,month,2025-05,F.E.D.E.I.,238.28809201049918,F.E.D.E.I.
San Luis,informacion_consolidada2025_5.xlsx,mayo,2025,month,2025-05,F.E.D.E.I.,551.2733642128644,F.E.D.E.I.
San Luis,informacion_consolidada2025_5.xlsx,mayo,2025,month,2025-05,Financ. | Educativo | Ley Nº 26.075,16343.488687350015,Financiamiento Educativo
San Luis,informacion_consolidada2025_5.xlsx,mayo,2025,month,2025-05,Fondo | Compens. | de | Desequilib.,2.2,Fondo | Compens. | de | Desequilib.
San Luis,informacion_consolidada2025_5.xlsx,mayo,2025,month,2025-05,I.V.A. | Ley Nº 23.966 | Art. 5 | Punto 2,0.0,I.V.A. | Ley Nº 23.966 | Art. 5 | Punto 2
San Luis,informacion_consolidada2025_5.xlsx,mayo,2025,month,2025-05,Impuesto a los Combustibles Líquidos | Ley Nº 23.966 y Nº 24.699 | Obras de | Infraestr.,235.8473,Impuesto a los Combustibles Líquidos | Ley Nº 23.966 y Nº 24.699 | Obras de | Infraestr.
San Luis,informacion_consolidada2025_5.xlsx,mayo,2025,month,2025-05,Impuesto s/ | Los Activos | Fdo. Educ. | Ley Nº 23.906,0.0,Impuesto s/ | Los Activos | Fdo. Educ. | Ley Nº 23.906
San Luis,informacion_consolidada2025_5.xlsx,mayo,2025,month,2025-05,Impuesto sobre los | Bienes Personales | Ley | Nº 24.699,476.0838,Impuesto sobre los | Bienes Personales | Ley | Nº 24.699
San Luis,informacion_consolidada2025_5.xlsx,mayo,2025,month,2025-05,Ley Nº 23.966 | Art. 30,0.0,Ley Nº 23.966 | Art. 30
San Luis,informacion_consolidada2025_5.xlsx,mayo,2025,month,2025-05,Ley Nº 24.464 | FO.NA.VI.,1841.1179,Ley Nº 24.464 | FO.NA.VI.
San Luis,informacion_consolidada2025_5.xlsx,mayo,2025,month,2025-05,Reg.Simplif. | P/Peq.Contrib. | Ley Nº 24.977 | Aart. 59 Inc. A,326.9591,Reg.Simplif. | P/Peq.Contrib. | Ley Nº 24.977 | Aart. 59 Inc. A
San Luis,informacion_consolidada2025_5.xlsx,mayo,2025,month,2025-05,Régimen de la Energía Eléctrica | L E Y Nº 2 4 . 0 6 5 | Fdo. P/Comp. | Tarifa Elect.,371.7644721310129,Régimen de la Energía Eléctrica | L E Y Nº 2 4 . 0 6 5 | Fdo. P/Comp. | Tarifa Elect.
San Luis,informacion_consolidada2025_5.xlsx,mayo,2025,month,2025-05,Subtotal,113927.25878735,Subtotal
San Luis,informacion_consolidada2025_5.xlsx,mayo,2025,month,2025-05,Subtotal,113928.83388735,Subtotal
San Luis,informacion_consolidada2025_5.xlsx,mayo,2025,month,2025-05,Total | (1) + (2),118388.28461570434,Total | (1) + (2)
San Luis,informacion_consolidada2025_5.xlsx,mayo,2025,month,2025-05,Total | Recursos | Origen Nacional | (1),118388.28461570434,Total | Recursos | Origen Nacional | (1)
San Luis,informacion_consolidada2025_5.xlsx,mayo,2025,month,2025-05,Transfer. | De Servicios | Ley | Nº 24.049,1.5751000000000002,Transfer. | De Servicios | Ley | Nº 24.049
San Luis,informacion_consolidada2025_5.xlsx,mayo,2025,month,2025-05,Vialidad | Provincial,415.9167,Vialidad | Provincial
San Luis,informacion_consolidada2025_5.xlsx,junio,2025,month,2025-06,C.F.I. | Neta De | Ley Nº 26.075,80692.2113,CFI | Neta
San Luis,informacion_consolidada2025_5.xlsx,junio,2025,month,2025-06,Compensación | Consenso Fiscal | II. a y b; II. d y e | (2),0.0,Compensación Consenso Fiscal
San Luis,informacion_consolidada2025_5.xlsx,junio,2025,month,2025-06,F.E.D.E.I.,136.3590518791946,F.E.D.E.I.
San Luis,informacion_consolidada2025_5.xlsx,junio,2025,month,2025-06,F.E.D.E.I.,158.04271484858998,F.E.D.E.I.
San Luis,informacion_consolidada2025_5.xlsx,junio,2025,month,2025-06,Financ. | Educativo | Ley Nº 26.075,15848.231454400013,Financiamiento Educativo
San Luis,informacion_consolidada2025_5.xlsx,junio,2025,month,2025-06,Fondo | Compens. | de | Desequilib.,2.2,Fondo | Compens. | de | Desequilib.
San Luis,informacion_consolidada2025_5.xlsx,junio,2025,month,2025-06,I.V.A. | Ley Nº 23.966 | Art. 5 | Punto 2,0.0,I.V.A. | Ley Nº 23.966 | Art. 5 | Punto 2
San Luis,informacion_consolidada2025_5.xlsx,junio,2025,month,2025-06,Impuesto a los Combustibles Líquidos | Ley Nº 23.966 y Nº 24.699 | Obras de | Infraestr.,254.71439999999998,Impuesto a los Combustibles Líquidos | Ley Nº 23.966 y Nº 24.699 | Obras de | Infraestr.
San Luis,informacion_consolidada2025_5.xlsx,junio,2025,month,2025-06,Impuesto s/ | Los Activos | Fdo. Educ. | Ley Nº 23.906,0.0,Impuesto s/ | Los Activos | Fdo. Educ. | Ley Nº 23.906
San Luis,informacion_consolidada2025_5.xlsx,junio,2025,month,2025-06,Impuesto sobre los | Bienes Personales | Ley | Nº 24.699,13880.0364,Impuesto sobre los | Bienes Personales | Ley | Nº 24.699
San Luis,informacion_consolidada2025_5.xlsx,junio,2025,month,2025-06,Ley Nº 23.966 | Art. 30,0.0,Ley Nº 23.966 | Art. 30
San Luis,informacion_consolidada2025_5.xlsx,junio,2025,month,2025-06,Ley Nº 24.464 | FO.NA.VI.,1988.4017,Ley Nº 24.464 | FO.NA.VI.
San Luis,informacion_consolidada2025_5.xlsx,junio,2025,month,2025-06,Reg.Simplif. | P/Peq.Contrib. | Ley Nº 24.977 | Aart. 59 Inc. A,333.72490000000005,Reg.Simplif. | P/Peq.Contrib. | Ley Nº 24.977 | Aart. 59 Inc. A
San Luis,informacion_consolidada2025_5.xlsx,junio,2025,month,2025-06,Régimen de la Energía Eléctrica | L E Y Nº 2 4 . 0 6 5 | Fdo. P/Comp. | Tarifa Elect.,677.0625154286046,Régimen de la Energía Eléctrica | L E Y Nº 2 4 . 0 6 5 | Fdo. P/Comp. | Tarifa Elect.
San Luis,informacion_consolidada2025_5.xlsx,junio,2025,month,2025-06,Subtotal,96540.4427544,Subtotal
San Luis,informacion_consolidada2025_5.xlsx,junio,2025,month,2025-06,Subtotal,96542.01785440001,Subtotal
San Luis,informacion_consolidada2025_5.xlsx,junio,2025,month,2025-06,Total | (1) + (2),114421.7483365564,Total | (1) + (2)
San Luis,informacion_consolidada2025_5.xlsx,junio,2025,month,2025-06,Total | Recursos | Origen Nacional | (1),114421.7483365564,Total | Recursos | Origen Nacional | (1)
San Luis,informacion_consolidada2025_5.xlsx,junio,2025,month,2025-06,Transfer. | De Servicios | Ley | Nº 24.049,1.5751000000000002,Transfer. | De Servicios | Ley | Nº 24.049
San Luis,informacion_consolidada2025_5.xlsx,junio,2025,month,2025-06,Vialidad | Provincial,449.1888,Vialidad | Provincial
San Luis,informacion_consolidada2025_5.xlsx,julio,2025,month,2025-07,C.F.I. | Neta De | Ley Nº 26.075,84138.6296,CFI | Neta
San Luis,informacion_consolidada2025_5.xlsx,julio,2025,month,2025-07,Compensación | Consenso Fiscal | II. a y b; II. d y e | (2),0.0,Compensación Consenso Fiscal
San Luis,informacion_consolidada2025_5.xlsx,julio,2025,month,2025-07,F.E.D.E.I.,147.38126630322114,F.E.D.E.I.
San Luis,informacion_consolidada2025_5.xlsx,julio,2025,month,2025-07,F.E.D.E.I.,252.83279081464846,F.E.D.E.I.
San Luis,informacion_consolidada2025_5.xlsx,julio,2025,month,2025-07,Financ. | Educativo | Ley Nº 26.075,17334.003153249945,Financiamiento Educativo
San Luis,informacion_consolidada2025_5.xlsx,julio,2025,month,2025-07,Fondo | Compens. | de | Desequilib.,2.2,Fondo | Compens. | de | Desequilib.
San Luis,informacion_consolidada2025_5.xlsx,julio,2025,month,2025-07,I.V.A. | Ley Nº 23.966 | Art. 5 | Punto 2,0.0,I.V.A. | Ley Nº 23.966 | Art. 5 | Punto 2
San Luis,informacion_consolidada2025_5.xlsx,julio,2025,month,2025-07,Impuesto a los Combustibles Líquidos | Ley Nº 23.966 y Nº 24.699 | Obras de | Infraestr.,227.6097,Impuesto a los Combustibles Líquidos | Ley Nº 23.966 y Nº 24.699 | Obras de | Infraestr.
San Luis,informacion_consolidada2025_5.xlsx,julio,2025,month,2025-07,Impuesto s/ | Los Activos | Fdo. Educ. | Ley Nº 23.906,0.0,Impuesto s/ | Los Activos | Fdo. Educ. | Ley Nº 23.906
San Luis,informacion_consolidada2025_5.xlsx,julio,2025,month,2025-07,Impuesto sobre los | Bienes Personales | Ley | Nº 24.699,1260.7576999999999,Impuesto sobre los | Bienes Personales | Ley | Nº 24.699
San Luis,informacion_consolidada2025_5.xlsx,julio,2025,month,2025-07,Ley Nº 23.966 | Art. 30,0.0,Ley Nº 23.966 | Art. 30
San Luis,informacion_consolidada2025_5.xlsx,julio,2025,month,2025-07,Ley Nº 24.464 | FO.NA.VI.,1776.8119,Ley Nº 24.464 | FO.NA.VI.
San Luis,informacion_consolidada2025_5.xlsx,julio,2025,month,2025-07,Reg.Simplif. | P/Peq.Contrib. | Ley Nº 24.977 | Aart. 59 Inc. A,337.4262,Reg.Simplif. | P/Peq.Contrib. | Ley Nº 24.977 | Aart. 59 Inc. A
San Luis,informacion_consolidada2025_5.xlsx,julio,2025,month,2025-07,Régimen de la Energía Eléctrica | L E Y Nº 2 4 . 0 6 5 | Fdo. P/Comp. | Tarifa Elect.,374.85993093106305,Régimen de la Energía Eléctrica | L E Y Nº 2 4 . 0 6 5 | Fdo. P/Comp. | Tarifa Elect.
San Luis,informacion_consolidada2025_5.xlsx,julio,2025,month,2025-07,Subtotal,101472.63275324994,Subtotal
San Luis,informacion_consolidada2025_5.xlsx,julio,2025,month,2025-07,Subtotal,101474.20785324994,Subtotal
San Luis,informacion_consolidada2025_5.xlsx,julio,2025,month,2025-07,Total | (1) + (2),106255.47704129887,Total | (1) + (2)
San Luis,informacion_consolidada2025_5.xlsx,julio,2025,month,2025-07,Total | Recursos | Origen Nacional | (1),106255.47704129887,Total | Recursos | Origen Nacional | (1)
San Luis,informacion_consolidada2025_5.xlsx,julio,2025,month,2025-07,Transfer. | De Servicios | Ley | Nº 24.049,1.5751000000000002,Transfer. | De Servicios | Ley | Nº 24.049
San Luis,informacion_consolidada2025_5.xlsx,julio,2025,month,2025-07,Vialidad | Provincial,401.3897,Vialidad | Provincial
San Luis,informacion_consolidada2025_5.xlsx,agosto,2025,month,2025-08,C.F.I. | Neta De | Ley Nº 26.075,93359.04209999999,CFI | Neta
San Luis,informacion_consolidada2025_5.xlsx,agosto,2025,month,2025-08,Compensación | Consenso Fiscal | II. a y b; II. d y e | (2),0.0,Compensación Consenso Fiscal
San Luis,informacion_consolidada2025_5.xlsx,agosto,2025,month,2025-08,F.E.D.E.I.,131.45779749519494,F.E.D.E.I.
San Luis,informacion_consolidada2025_5.xlsx,agosto,2025,month,2025-08,F.E.D.E.I.,174.42414448535075,F.E.D.E.I.
San Luis,informacion_consolidada2025_5.xlsx,agosto,2025,month,2025-08,Financ. | Educativo | Ley Nº 26.075,9905.144658999938,Financiamiento Educativo
San Luis,informacion_consolidada2025_5.xlsx,agosto,2025,month,2025-08,Fondo | Compens. | de | Desequilib.,2.2,Fondo | Compens. | de | Desequilib.
San Luis,informacion_consolidada2025_5.xlsx,agosto,2025,month,2025-08,I.V.A. | Ley Nº 23.966 | Art. 5 | Punto 2,0.0,I.V.A. | Ley Nº 23.966 | Art. 5 | Punto 2
San Luis,informacion_consolidada2025_5.xlsx,agosto,2025,month,2025-08,Impuesto a los Combustibles Líquidos | Ley Nº 23.966 y Nº 24.699 | Obras de | Infraestr.,269.0885,Impuesto a los Combustibles Líquidos | Ley Nº 23.966 y Nº 24.699 | Obras de | Infraestr.
San Luis,informacion_consolidada2025_5.xlsx,agosto,2025,month,2025-08,Impuesto s/ | Los Activos | Fdo. Educ. | Ley Nº 23.906,0.06730693,Impuesto s/ | Los Activos | Fdo. Educ. | Ley Nº 23.906
San Luis,informacion_consolidada2025_5.xlsx,agosto,2025,month,2025-08,Impuesto sobre los | Bienes Personales | Ley | Nº 24.699,1301.0862,Impuesto sobre los | Bienes Personales | Ley | Nº 24.699
San Luis,informacion_consolidada2025_5.xlsx,agosto,2025,month,2025-08,Ley Nº 23.966 | Art. 30,0.0,Ley Nº 23.966 | Art. 30
San Luis,informacion_consolidada2025_5.xlsx,agosto,2025,month,2025-08,Ley Nº 24.464 | FO.NA.VI.,2100.6121000000003,Ley Nº 24.464 | FO.NA.VI.
San Luis,informacion_consolidada2025_5.xlsx,agosto,2025,month,2025-08,Reg.Simplif. | P/Peq.Contrib. | Ley Nº 24.977 | Aart. 59 Inc. A,480.6315,Reg.Simplif. | P/Peq.Contrib. | Ley Nº 24.977 | Aart. 59 Inc. A
San Luis,informacion_consolidada2025_5.xlsx,agosto,2025,month,2025-08,Régimen de la Energía Eléctrica | L E Y Nº 2 4 . 0 6 5 | Fdo. P/Comp. | Tarifa Elect.,258.6081597489062,Régimen de la Energía Eléctrica | L E Y Nº 2 4 . 0 6 5 | Fdo. P/Comp. | Tarifa Elect.
San Luis,informacion_consolidada2025_5.xlsx,agosto,2025,month,2025-08,Subtotal,103264.18675899993,Subtotal
San Luis,informacion_consolidada2025_5.xlsx,agosto,2025,month,2025-08,Subtotal,103265.76185899993,Subtotal
San Luis,informacion_consolidada2025_5.xlsx,agosto,2025,month,2025-08,Total | (1) + (2),108458.47516765939,Total | (1) + (2)
San Luis,informacion_consolidada2025_5.xlsx,agosto,2025,month,2025-08,Total | Recursos | Origen Nacional | (1),108458.47516765939,Total | Recursos | Origen Nacional | (1)
San Luis,informacion_consolidada2025_5.xlsx,agosto,2025,month,2025-08,Transfer. | De Servicios | Ley | Nº 24.049,1.5751000000000002,Transfer. | De Servicios | Ley | Nº 24.049
San Luis,informacion_consolidada2025_5.xlsx,agosto,2025,month,2025-08,Vialidad | Provincial,474.5376,Vialidad | Provincial
San Luis,informacion_consolidada2025_5.xlsx,septiembre,2025,month,2025-09,C.F.I. | Neta De | Ley Nº 26.075,91072.97170000001,CFI | Neta
San Luis,informacion_consolidada2025_5.xlsx,septiembre,2025,month,2025-09,Compensación | Consenso Fiscal | II. a y b; II. d y e | (2),0.0,Compensación Consenso Fiscal
San Luis,informacion_consolidada2025_5.xlsx,septiembre,2025,month,2025-09,F.E.D.E.I.,155.62039677791344,F.E.D.E.I.
San Luis,informacion_consolidada2025_5.xlsx,septiembre,2025,month,2025-09,F.E.D.E.I.,217.17239334550808,F.E.D.E.I.
San Luis,informacion_consolidada2025_5.xlsx,septiembre,2025,month,2025-09,Financ. | Educativo | Ley Nº 26.075,10895.659124899934,Financiamiento Educativo
San Luis,informacion_consolidada2025_5.xlsx,septiembre,2025,month,2025-09,Fondo | Compens. | de | Desequilib.,2.2,Fondo | Compens. | de | Desequilib.
San Luis,informacion_consolidada2025_5.xlsx,septiembre,2025,month,2025-09,I.V.A. | Ley Nº 23.966 | Art. 5 | Punto 2,0.0,I.V.A. | Ley Nº 23.966 | Art. 5 | Punto 2
San Luis,informacion_consolidada2025_5.xlsx,septiembre,2025,month,2025-09,Impuesto a los Combustibles Líquidos | Ley Nº 23.966 y Nº 24.699 | Obras de | Infraestr.,278.3331,Impuesto a los Combustibles Líquidos | Ley Nº 23.966 y Nº 24.699 | Obras de | Infraestr.
San Luis,informacion_consolidada2025_5.xlsx,septiembre,2025,month,2025-09,Impuesto s/ | Los Activos | Fdo. Educ. | Ley Nº 23.906,0.0,Impuesto s/ | Los Activos | Fdo. Educ. | Ley Nº 23.906
San Luis,informacion_consolidada2025_5.xlsx,septiembre,2025,month,2025-09,Impuesto sobre los | Bienes Personales | Ley | Nº 24.699,1166.0856999999999,Impuesto sobre los | Bienes Personales | Ley | Nº 24.699
San Luis,informacion_consolidada2025_5.xlsx,septiembre,2025,month,2025-09,Ley Nº 23.966 | Art. 30,0.0,Ley Nº 23.966 | Art. 30
San Luis,informacion_consolidada2025_5.xlsx,septiembre,2025,month,2025-09,Ley Nº 24.464 | FO.NA.VI.,2172.7786,Ley Nº 24.464 | FO.NA.VI.
San Luis,informacion_consolidada2025_5.xlsx,septiembre,2025,month,2025-09,Reg.Simplif. | P/Peq.Contrib. | Ley Nº 24.977 | Aart. 59 Inc. A,507.2162,Reg.Simplif. | P/Peq.Contrib. | Ley Nº 24.977 | Aart. 59 Inc. A
San Luis,informacion_consolidada2025_5.xlsx,septiembre,2025,month,2025-09,Régimen de la Energía Eléctrica | L E Y Nº 2 4 . 0 6 5 | Fdo. P/Comp. | Tarifa Elect.,321.98841024404356,Régimen de la Energía Eléctrica | L E Y Nº 2 4 . 0 6 5 | Fdo. P/Comp. | Tarifa Elect.
San Luis,informacion_consolidada2025_5.xlsx,septiembre,2025,month,2025-09,Subtotal,101968.63082489994,Subtotal
San Luis,informacion_consolidada2025_5.xlsx,septiembre,2025,month,2025-09,Subtotal,101970.20592489994,Subtotal
San Luis,informacion_consolidada2025_5.xlsx,septiembre,2025,month,2025-09,Total | (1) + (2),107282.4410252674,Total | (1) + (2)
San Luis,informacion_consolidada2025_5.xlsx,septiembre,2025,month,2025-09,Total | Recursos | Origen Nacional | (1),107282.4410252674,Total | Recursos | Origen Nacional | (1)
San Luis,informacion_consolidada2025_5.xlsx,septiembre,2025,month,2025-09,Transfer. | De Servicios | Ley | Nº 24.049,1.5751000000000002,Transfer. | De Servicios | Ley | Nº 24.049
San Luis,informacion_consolidada2025_5.xlsx,septiembre,2025,month,2025-09,Vialidad | Provincial,490.8403,Vialidad | Provincial
San Luis,informacion_consolidada2025_5.xlsx,octubre,2025,month,2025-10,C.F.I. | Neta De | Ley Nº 26.075,98974.7035,CFI | Neta
San Luis,informacion_consolidada2025_5.xlsx,octubre,2025,month,2025-10,Compensación | Consenso Fiscal | II. a y b; II. d y e | (2),0.0,Compensación Consenso Fiscal
San Luis,informacion_consolidada2025_5.xlsx,octubre,2025,month,2025-10,F.E.D.E.I.,160.99591068702478,F.E.D.E.I.
San Luis,informacion_consolidada2025_5.xlsx,octubre,2025,month,2025-10,F.E.D.E.I.,213.0390814031829,F.E.D.E.I.
San Luis,informacion_consolidada2025_5.xlsx,octubre,2025,month,2025-10,Financ. | Educativo | Ley Nº 26.075,11390.916357849937,Financiamiento Educativo
San Luis,informacion_consolidada2025_5.xlsx,octubre,2025,month,2025-10,Fondo | Compens. | de | Desequilib.,2.2,Fondo | Compens. | de | Desequilib.
San Luis,informacion_consolidada2025_5.xlsx,octubre,2025,month,2025-10,I.V.A. | Ley Nº 23.966 | Art. 5 | Punto 2,0.0,I.V.A. | Ley Nº 23.966 | Art. 5 | Punto 2
San Luis,informacion_consolidada2025_5.xlsx,octubre,2025,month,2025-10,Impuesto a los Combustibles Líquidos | Ley Nº 23.966 y Nº 24.699 | Obras de | Infraestr.,267.4399,Impuesto a los Combustibles Líquidos | Ley Nº 23.966 y Nº 24.699 | Obras de | Infraestr.
San Luis,informacion_consolidada2025_5.xlsx,octubre,2025,month,2025-10,Impuesto s/ | Los Activos | Fdo. Educ. | Ley Nº 23.906,0.0,Impuesto s/ | Los Activos | Fdo. Educ. | Ley Nº 23.906
San Luis,informacion_consolidada2025_5.xlsx,octubre,2025,month,2025-10,Impuesto sobre los | Bienes Personales | Ley | Nº 24.699,1151.2581,Impuesto sobre los | Bienes Personales | Ley | Nº 24.699
San Luis,informacion_consolidada2025_5.xlsx,octubre,2025,month,2025-10,Ley Nº 23.966 | Art. 30,0.0,Ley Nº 23.966 | Art. 30
San Luis,informacion_consolidada2025_5.xlsx,octubre,2025,month,2025-10,Ley Nº 24.464 | FO.NA.VI.,2087.7421,Ley Nº 24.464 | FO.NA.VI.
San Luis,informacion_consolidada2025_5.xlsx,octubre,2025,month,2025-10,Reg.Simplif. | P/Peq.Contrib. | Ley Nº 24.977 | Aart. 59 Inc. A,532.3915,Reg.Simplif. | P/Peq.Contrib. | Ley Nº 24.977 | Aart. 59 Inc. A
San Luis,informacion_consolidada2025_5.xlsx,octubre,2025,month,2025-10,Régimen de la Energía Eléctrica | L E Y Nº 2 4 . 0 6 5 | Fdo. P/Comp. | Tarifa Elect.,315.8601978830717,Régimen de la Energía Eléctrica | L E Y Nº 2 4 . 0 6 5 | Fdo. P/Comp. | Tarifa Elect.
San Luis,informacion_consolidada2025_5.xlsx,octubre,2025,month,2025-10,Subtotal,110365.61985784995,Subtotal
San Luis,informacion_consolidada2025_5.xlsx,octubre,2025,month,2025-10,Subtotal,110367.19495784995,Subtotal
San Luis,informacion_consolidada2025_5.xlsx,octubre,2025,month,2025-10,Total | (1) + (2),115569.75194782323,Total | (1) + (2)
San Luis,informacion_consolidada2025_5.xlsx,octubre,2025,month,2025-10,Total | Recursos | Origen Nacional | (1),115569.75194782323,Total | Recursos | Origen Nacional | (1)
San Luis,informacion_consolidada2025_5.xlsx,octubre,2025,month,2025-10,Transfer. | De Servicios | Ley | Nº 24.049,1.5751000000000002,Transfer. | De Servicios | Ley | Nº 24.049
San Luis,informacion_consolidada2025_5.xlsx,octubre,2025,month,2025-10,Vialidad | Provincial,471.6302,Vialidad | Provincial
San Luis,informacion_consolidada2025_5.xlsx,noviembre,2025,month,2025-11,C.F.I. | Neta De | Ley Nº 26.075,98845.34079999999,CFI | Neta
San Luis,informacion_consolidada2025_5.xlsx,noviembre,2025,month,2025-11,Compensación | Consenso Fiscal | II. a y b; II. d y e | (2),0.0,Compensación Consenso Fiscal
San Luis,informacion_consolidada2025_5.xlsx,noviembre,2025,month,2025-11,F.E.D.E.I.,0.0,F.E.D.E.I.
San Luis,informacion_consolidada2025_5.xlsx,noviembre,2025,month,2025-11,F.E.D.E.I.,0.0,F.E.D.E.I.
San Luis,informacion_consolidada2025_5.xlsx,noviembre,2025,month,2025-11,Financ. | Educativo | Ley Nº 26.075,8419.372960149947,Financiamiento Educativo
San Luis,informacion_consolidada2025_5.xlsx,noviembre,2025,month,2025-11,Fondo | Compens. | de | Desequilib.,2.2,Fondo | Compens. | de | Desequilib.
San Luis,informacion_consolidada2025_5.xlsx,noviembre,2025,month,2025-11,I.V.A. | Ley Nº 23.966 | Art. 5 | Punto 2,0.0,I.V.A. | Ley Nº 23.966 | Art. 5 | Punto 2
San Luis,informacion_consolidada2025_5.xlsx,noviembre,2025,month,2025-11,Impuesto a los Combustibles Líquidos | Ley Nº 23.966 y Nº 24.699 | Obras de | Infraestr.,283.2368,Impuesto a los Combustibles Líquidos | Ley Nº 23.966 y Nº 24.699 | Obras de | Infraestr.
San Luis,informacion_consolidada2025_5.xlsx,noviembre,2025,month,2025-11,Impuesto s/ | Los Activos | Fdo. Educ. | Ley Nº 23.906,0.0,Impuesto s/ | Los Activos | Fdo. Educ. | Ley Nº 23.906
San Luis,informacion_consolidada2025_5.xlsx,noviembre,2025,month,2025-11,Impuesto sobre los | Bienes Personales | Ley | Nº 24.699,695.601,Impuesto sobre los | Bienes Personales | Ley | Nº 24.699
San Luis,informacion_consolidada2025_5.xlsx,noviembre,2025,month,2025-11,Ley Nº 23.966 | Art. 30,0.0,Ley Nº 23.966 | Art. 30
San Luis,informacion_consolidada2025_5.xlsx,noviembre,2025,month,2025-11,Ley Nº 24.464 | FO.NA.VI.,2211.0593,Ley Nº 24.464 | FO.NA.VI.
San Luis,informacion_consolidada2025_5.xlsx,noviembre,2025,month,2025-11,Reg.Simplif. | P/Peq.Contrib. | Ley Nº 24.977 | Aart. 59 Inc. A,525.1173,Reg.Simplif. | P/Peq.Contrib. | Ley Nº 24.977 | Aart. 59 Inc. A
San Luis,informacion_consolidada2025_5.xlsx,noviembre,2025,month,2025-11,Régimen de la Energía Eléctrica | L E Y Nº 2 4 . 0 6 5 | Fdo. P/Comp. | Tarifa Elect.,0.0,Régimen de la Energía Eléctrica | L E Y Nº 2 4 . 0 6 5 | Fdo. P/Comp. | Tarifa Elect.
San Luis,informacion_consolidada2025_5.xlsx,noviembre,2025,month,2025-11,Subtotal,107264.71376014994,Subtotal
San Luis,informacion_consolidada2025_5.xlsx,noviembre,2025,month,2025-11,Subtotal,107266.28886014994,Subtotal
San Luis,informacion_consolidada2025_5.xlsx,noviembre,2025,month,2025-11,Total | (1) + (2),111482.99136014993,Total | (1) + (2)
San Luis,informacion_consolidada2025_5.xlsx,noviembre,2025,month,2025-11,Total | Recursos | Origen Nacional | (1),111482.99136014993,Total | Recursos | Origen Nacional | (1)
San Luis,informacion_consolidada2025_5.xlsx,noviembre,2025,month,2025-11,Transfer. | De Servicios | Ley | Nº 24.049,1.5751000000000002,Transfer. | De Servicios | Ley | Nº 24.049
San Luis,informacion_consolidada2025_5.xlsx,noviembre,2025,month,2025-11,Vialidad | Provincial,499.4881,Vialidad | Provincial
San Luis,informacion_consolidada2025_5.xlsx,diciembre,2025,month,2025-12,C.F.I. | Neta De | Ley Nº 26.075,102335.5092,CFI | Neta
San Luis,informacion_consolidada2025_5.xlsx,diciembre,2025,month,2025-12,Compensación | Consenso Fiscal | II. a y b; II. d y e | (2),0.0,Compensación Consenso Fiscal
San Luis,informacion_consolidada2025_5.xlsx,diciembre,2025,month,2025-12,F.E.D.E.I.,318.510895939619,F.E.D.E.I.
San Luis,informacion_consolidada2025_5.xlsx,diciembre,2025,month,2025-12,F.E.D.E.I.,456.47556419000335,F.E.D.E.I.
San Luis,informacion_consolidada2025_5.xlsx,diciembre,2025,month,2025-12,Financ. | Educativo | Ley Nº 26.075,10400.401891949938,Financiamiento Educativo
San Luis,informacion_consolidada2025_5.xlsx,diciembre,2025,month,2025-12,Fondo | Compens. | de | Desequilib.,2.2,Fondo | Compens. | de | Desequilib.
San Luis,informacion_consolidada2025_5.xlsx,diciembre,2025,month,2025-12,I.V.A. | Ley Nº 23.966 | Art. 5 | Punto 2,0.0,I.V.A. | Ley Nº 23.966 | Art. 5 | Punto 2
San Luis,informacion_consolidada2025_5.xlsx,diciembre,2025,month,2025-12,Impuesto a los Combustibles Líquidos | Ley Nº 23.966 y Nº 24.699 | Obras de | Infraestr.,402.92359999999996,Impuesto a los Combustibles Líquidos | Ley Nº 23.966 y Nº 24.699 | Obras de | Infraestr.
San Luis,informacion_consolidada2025_5.xlsx,diciembre,2025,month,2025-12,Impuesto s/ | Los Activos | Fdo. Educ. | Ley Nº 23.906,0.00195021,Impuesto s/ | Los Activos | Fdo. Educ. | Ley Nº 23.906
San Luis,informacion_consolidada2025_5.xlsx,diciembre,2025,month,2025-12,Impuesto sobre los | Bienes Personales | Ley | Nº 24.699,1157.3811,Impuesto sobre los | Bienes Personales | Ley | Nº 24.699
San Luis,informacion_consolidada2025_5.xlsx,diciembre,2025,month,2025-12,Ley Nº 23.966 | Art. 30,0.0,Ley Nº 23.966 | Art. 30
San Luis,informacion_consolidada2025_5.xlsx,diciembre,2025,month,2025-12,Ley Nº 24.464 | FO.NA.VI.,3145.3815,Ley Nº 24.464 | FO.NA.VI.
San Luis,informacion_consolidada2025_5.xlsx,diciembre,2025,month,2025-12,Reg.Simplif. | P/Peq.Contrib. | Ley Nº 24.977 | Aart. 59 Inc. A,554.871,Reg.Simplif. | P/Peq.Contrib. | Ley Nº 24.977 | Aart. 59 Inc. A
San Luis,informacion_consolidada2025_5.xlsx,diciembre,2025,month,2025-12,Régimen de la Energía Eléctrica | L E Y Nº 2 4 . 0 6 5 | Fdo. P/Comp. | Tarifa Elect.,676.7887895868087,Régimen de la Energía Eléctrica | L E Y Nº 2 4 . 0 6 5 | Fdo. P/Comp. | Tarifa Elect.
San Luis,informacion_consolidada2025_5.xlsx,diciembre,2025,month,2025-12,Subtotal,112735.91109194994,Subtotal
San Luis,informacion_consolidada2025_5.xlsx,diciembre,2025,month,2025-12,Subtotal,112737.48619194994,Subtotal
San Luis,informacion_consolidada2025_5.xlsx,diciembre,2025,month,2025-12,Total | (1) + (2),120162.57619187636,Total | (1) + (2)
San Luis,informacion_consolidada2025_5.xlsx,diciembre,2025,month,2025-12,Total | Recursos | Origen Nacional | (1),120162.57619187636,Total | Recursos | Origen Nacional | (1)
San Luis,informacion_consolidada2025_5.xlsx,diciembre,2025,month,2025-12,Transfer. | De Servicios | Ley | Nº 24.049,1.5751000000000002,Transfer. | De Servicios | Ley | Nº 24.049
San Luis,informacion_consolidada2025_5.xlsx,diciembre,2025,month,2025-12,Vialidad | Provincial,710.5556,Vialidad | Provincial
San Luis,informacion_consolidada2025_5.xlsx,CONS,2025,consolidated,CONS,C.F.I. | Neta De | Ley Nº 26.075,1084214.3969,CFI | Neta
San Luis,informacion_consolidada2025_5.xlsx,CONS,2025,consolidated,CONS,Compensación | Consenso Fiscal | II. a y b; II. d y e | (2),0.0,Compensación Consenso Fiscal
San Luis,informacion_consolidada2025_5.xlsx,CONS,2025,consolidated,CONS,F.E.D.E.I.,1679.1814781260575,F.E.D.E.I.
San Luis,informacion_consolidada2025_5.xlsx,CONS,2025,consolidated,CONS,F.E.D.E.I.,2444.393635653707,F.E.D.E.I.
San Luis,informacion_consolidada2025_5.xlsx,CONS,2025,consolidated,CONS,Financ. | Educativo | Ley Nº 26.075,120347.50790000001,Financiamiento Educativo
San Luis,informacion_consolidada2025_5.xlsx,CONS,2025,consolidated,CONS,Fondo | Compens. | de | Desequilib.,26.4,Fondo | Compens. | de | Desequilib.
San Luis,informacion_consolidada2025_5.xlsx,CONS,2025,consolidated,CONS,I.V.A. | Ley Nº 23.966 | Art. 5 | Punto 2,0.0,I.V.A. | Ley Nº 23.966 | Art. 5 | Punto 2
San Luis,informacion_consolidada2025_5.xlsx,CONS,2025,consolidated,CONS,Impuesto a los Combustibles Líquidos | Ley Nº 23.966 y Nº 24.699 | Obras de | Infraestr.,3014.5808999999995,Impuesto a los Combustibles Líquidos | Ley Nº 23.966 y Nº 24.699 | Obras de | Infraestr.
San Luis,informacion_consolidada2025_5.xlsx,CONS,2025,consolidated,CONS,Impuesto s/ | Los Activos | Fdo. Educ. | Ley Nº 23.906,0.0693,Impuesto s/ | Los Activos | Fdo. Educ. | Ley Nº 23.906
San Luis,informacion_consolidada2025_5.xlsx,CONS,2025,consolidated,CONS,Impuesto sobre los | Bienes Personales | Ley | Nº 24.699,23534.2363,Impuesto sobre los | Bienes Personales | Ley | Nº 24.699
San Luis,informacion_consolidada2025_5.xlsx,CONS,2025,consolidated,CONS,Ley Nº 23.966 | Art. 30,0.0,Ley Nº 23.966 | Art. 30
San Luis,informacion_consolidada2025_5.xlsx,CONS,2025,consolidated,CONS,Ley Nº 24.464 | FO.NA.VI.,23533.016900000002,Ley Nº 24.464 | FO.NA.VI.
San Luis,informacion_consolidada2025_5.xlsx,CONS,2025,consolidated,CONS,Reg.Simplif. | P/Peq.Contrib. | Ley Nº 24.977 | Aart. 59 Inc. A,4690.2986,Reg.Simplif. | P/Peq.Contrib. | Ley Nº 24.977 | Aart. 59 Inc. A
San Luis,informacion_consolidada2025_5.xlsx,CONS,2025,consolidated,CONS,Régimen de la Energía Eléctrica | L E Y Nº 2 4 . 0 6 5 | Fdo. P/Comp. | Tarifa Elect.,3616.5994000000005,Régimen de la Energía Eléctrica | L E Y Nº 2 4 . 0 6 5 | Fdo. P/Comp. | Tarifa Elect.
San Luis,informacion_consolidada2025_5.xlsx,CONS,2025,consolidated,CONS,Subtotal,1204561.9048000001,Subtotal
San Luis,informacion_consolidada2025_5.xlsx,CONS,2025,consolidated,CONS,Subtotal,1204580.806,Subtotal
San Luis,informacion_consolidada2025_5.xlsx,CONS,2025,consolidated,CONS,Total | (1) + (2),1272435.7954137796,Total | (1) + (2)
San Luis,informacion_consolidada2025_5.xlsx,CONS,2025,consolidated,CONS,Total | Recursos | Origen Nacional | (1),1272435.7954137796,Total | Recursos | Origen Nacional | (1)
San Luis,informacion_consolidada2025_5.xlsx,CONS,2025,consolidated,CONS,Transfer. | De Servicios | Ley | Nº 24.049,18.9012,Transfer. | De Servicios | Ley | Nº 24.049
San Luis,informacion_consolidada2025_5.xlsx,CONS,2025,consolidated,CONS,Vialidad | Provincial,5316.2128999999995,Vialidad | Provincial
Santa Cruz,informacion_consolidada2025_5.xlsx,enero,2025,month,2025-01,C.F.I. | Neta De | Ley Nº 26.075,67694.78390000001,CFI | Neta
Santa Cruz,informacion_consolidada2025_5.xlsx,enero,2025,month,2025-01,Compensación | Consenso Fiscal | II. a y b; II. d y e | (2),229.503648,Compensación Consenso Fiscal
Santa Cruz,informacion_consolidada2025_5.xlsx,enero,2025,month,2025-01,F.E.D.E.I.,0.0,F.E.D.E.I.
Santa Cruz,informacion_consolidada2025_5.xlsx,enero,2025,month,2025-01,F.E.D.E.I.,0.0,F.E.D.E.I.
Santa Cruz,informacion_consolidada2025_5.xlsx,enero,2025,month,2025-01,Financ. | Educativo | Ley Nº 26.075,0.0,Financiamiento Educativo
Santa Cruz,informacion_consolidada2025_5.xlsx,enero,2025,month,2025-01,Fondo | Compens. | de | Desequilib.,3.0,Fondo | Compens. | de | Desequilib.
Santa Cruz,informacion_consolidada2025_5.xlsx,enero,2025,month,2025-01,I.V.A. | Ley Nº 23.966 | Art. 5 | Punto 2,437.07759999999996,I.V.A. | Ley Nº 23.966 | Art. 5 | Punto 2
Santa Cruz,informacion_consolidada2025_5.xlsx,enero,2025,month,2025-01,Impuesto a los Combustibles Líquidos | Ley Nº 23.966 y Nº 24.699 | Obras de | Infraestr.,117.5732,Impuesto a los Combustibles Líquidos | Ley Nº 23.966 y Nº 24.699 | Obras de | Infraestr.
Santa Cruz,informacion_consolidada2025_5.xlsx,enero,2025,month,2025-01,Impuesto s/ | Los Activos | Fdo. Educ. | Ley Nº 23.906,0.0,Impuesto s/ | Los Activos | Fdo. Educ. | Ley Nº 23.906
Santa Cruz,informacion_consolidada2025_5.xlsx,enero,2025,month,2025-01,Impuesto sobre los | Bienes Personales | Ley | Nº 24.699,402.8273,Impuesto sobre los | Bienes Personales | Ley | Nº 24.699
Santa Cruz,informacion_consolidada2025_5.xlsx,enero,2025,month,2025-01,Ley Nº 23.966 | Art. 30,36.4056,Ley Nº 23.966 | Art. 30
Santa Cruz,informacion_consolidada2025_5.xlsx,enero,2025,month,2025-01,Ley Nº 24.464 | FO.NA.VI.,1161.2625,Ley Nº 24.464 | FO.NA.VI.
Santa Cruz,informacion_consolidada2025_5.xlsx,enero,2025,month,2025-01,Reg.Simplif. | P/Peq.Contrib. | Ley Nº 24.977 | Aart. 59 Inc. A,134.28560000000002,Reg.Simplif. | P/Peq.Contrib. | Ley Nº 24.977 | Aart. 59 Inc. A
Santa Cruz,informacion_consolidada2025_5.xlsx,enero,2025,month,2025-01,Régimen de la Energía Eléctrica | L E Y Nº 2 4 . 0 6 5 | Fdo. P/Comp. | Tarifa Elect.,0.0,Régimen de la Energía Eléctrica | L E Y Nº 2 4 . 0 6 5 | Fdo. P/Comp. | Tarifa Elect.
Santa Cruz,informacion_consolidada2025_5.xlsx,enero,2025,month,2025-01,Subtotal,67694.78390000001,Subtotal
Santa Cruz,informacion_consolidada2025_5.xlsx,enero,2025,month,2025-01,Subtotal,67695.49220000001,Subtotal
Santa Cruz,informacion_consolidada2025_5.xlsx,enero,2025,month,2025-01,Total | (1) + (2),70533.69064800002,Total | (1) + (2)
Santa Cruz,informacion_consolidada2025_5.xlsx,enero,2025,month,2025-01,Total | Recursos | Origen Nacional | (1),70304.18700000002,Total | Recursos | Origen Nacional | (1)
Santa Cruz,informacion_consolidada2025_5.xlsx,enero,2025,month,2025-01,Transfer. | De Servicios | Ley | Nº 24.049,0.7082999999999999,Transfer. | De Servicios | Ley | Nº 24.049
Santa Cruz,informacion_consolidada2025_5.xlsx,enero,2025,month,2025-01,Vialidad | Provincial,316.263,Vialidad | Provincial
Santa Cruz,informacion_consolidada2025_5.xlsx,febrero,2025,month,2025-02,C.F.I. | Neta De | Ley Nº 26.075,62416.3149,CFI | Neta
Santa Cruz,informacion_consolidada2025_5.xlsx,febrero,2025,month,2025-02,Compensación | Consenso Fiscal | II. a y b; II. d y e | (2),208.63968,Compensación Consenso Fiscal
Santa Cruz,informacion_consolidada2025_5.xlsx,febrero,2025,month,2025-02,F.E.D.E.I.,237.72706612,F.E.D.E.I.
Santa Cruz,informacion_consolidada2025_5.xlsx,febrero,2025,month,2025-02,F.E.D.E.I.,142.4676973217242,F.E.D.E.I.
Santa Cruz,informacion_consolidada2025_5.xlsx,febrero,2025,month,2025-02,Financ. | Educativo | Ley Nº 26.075,0.0,Financiamiento Educativo
Santa Cruz,informacion_consolidada2025_5.xlsx,febrero,2025,month,2025-02,Fondo | Compens. | de | Desequilib.,3.0,Fondo | Compens. | de | Desequilib.
Santa Cruz,informacion_consolidada2025_5.xlsx,febrero,2025,month,2025-02,I.V.A. | Ley Nº 23.966 | Art. 5 | Punto 2,382.7351,I.V.A. | Ley Nº 23.966 | Art. 5 | Punto 2
Santa Cruz,informacion_consolidada2025_5.xlsx,febrero,2025,month,2025-02,Impuesto a los Combustibles Líquidos | Ley Nº 23.966 y Nº 24.699 | Obras de | Infraestr.,148.106,Impuesto a los Combustibles Líquidos | Ley Nº 23.966 y Nº 24.699 | Obras de | Infraestr.
Santa Cruz,informacion_consolidada2025_5.xlsx,febrero,2025,month,2025-02,Impuesto s/ | Los Activos | Fdo. Educ. | Ley Nº 23.906,0.0,Impuesto s/ | Los Activos | Fdo. Educ. | Ley Nº 23.906
Santa Cruz,informacion_consolidada2025_5.xlsx,febrero,2025,month,2025-02,Impuesto sobre los | Bienes Personales | Ley | Nº 24.699,558.7213,Impuesto sobre los | Bienes Personales | Ley | Nº 24.699
Santa Cruz,informacion_consolidada2025_5.xlsx,febrero,2025,month,2025-02,Ley Nº 23.966 | Art. 30,50.4946,Ley Nº 23.966 | Art. 30
Santa Cruz,informacion_consolidada2025_5.xlsx,febrero,2025,month,2025-02,Ley Nº 24.464 | FO.NA.VI.,1462.8331,Ley Nº 24.464 | FO.NA.VI.
Santa Cruz,informacion_consolidada2025_5.xlsx,febrero,2025,month,2025-02,Reg.Simplif. | P/Peq.Contrib. | Ley Nº 24.977 | Aart. 59 Inc. A,195.836,Reg.Simplif. | P/Peq.Contrib. | Ley Nº 24.977 | Aart. 59 Inc. A
Santa Cruz,informacion_consolidada2025_5.xlsx,febrero,2025,month,2025-02,Régimen de la Energía Eléctrica | L E Y Nº 2 4 . 0 6 5 | Fdo. P/Comp. | Tarifa Elect.,310.18977392343163,Régimen de la Energía Eléctrica | L E Y Nº 2 4 . 0 6 5 | Fdo. P/Comp. | Tarifa Elect.
Santa Cruz,informacion_consolidada2025_5.xlsx,febrero,2025,month,2025-02,Subtotal,62416.3149,Subtotal
Santa Cruz,informacion_consolidada2025_5.xlsx,febrero,2025,month,2025-02,Subtotal,62417.023199999996,Subtotal
Santa Cruz,informacion_consolidada2025_5.xlsx,febrero,2025,month,2025-02,Total | (1) + (2),66516.16751736513,Total | (1) + (2)
Santa Cruz,informacion_consolidada2025_5.xlsx,febrero,2025,month,2025-02,Total | Recursos | Origen Nacional | (1),66307.52783736514,Total | Recursos | Origen Nacional | (1)
Santa Cruz,informacion_consolidada2025_5.xlsx,febrero,2025,month,2025-02,Transfer. | De Servicios | Ley | Nº 24.049,0.7082999999999999,Transfer. | De Servicios | Ley | Nº 24.049
Santa Cruz,informacion_consolidada2025_5.xlsx,febrero,2025,month,2025-02,Vialidad | Provincial,398.394,Vialidad | Provincial
Santa Cruz,informacion_consolidada2025_5.xlsx,marzo,2025,month,2025-03,C.F.I. | Neta De | Ley Nº 26.075,54383.5826,CFI | Neta
Santa Cruz,informacion_consolidada2025_5.xlsx,marzo,2025,month,2025-03,Compensación | Consenso Fiscal | II. a y b; II. d y e | (2),187.775712,Compensación Consenso Fiscal
Santa Cruz,informacion_consolidada2025_5.xlsx,marzo,2025,month,2025-03,F.E.D.E.I.,137.90863261,F.E.D.E.I.
Santa Cruz,informacion_consolidada2025_5.xlsx,marzo,2025,month,2025-03,F.E.D.E.I.,241.65556819623404,F.E.D.E.I.
Santa Cruz,informacion_consolidada2025_5.xlsx,marzo,2025,month,2025-03,Financ. | Educativo | Ley Nº 26.075,2131.3138852800002,Financiamiento Educativo
Santa Cruz,informacion_consolidada2025_5.xlsx,marzo,2025,month,2025-03,Fondo | Compens. | de | Desequilib.,3.0,Fondo | Compens. | de | Desequilib.
Santa Cruz,informacion_consolidada2025_5.xlsx,marzo,2025,month,2025-03,I.V.A. | Ley Nº 23.966 | Art. 5 | Punto 2,358.0256,I.V.A. | Ley Nº 23.966 | Art. 5 | Punto 2
Santa Cruz,informacion_consolidada2025_5.xlsx,marzo,2025,month,2025-03,Impuesto a los Combustibles Líquidos | Ley Nº 23.966 y Nº 24.699 | Obras de | Infraestr.,135.268,Impuesto a los Combustibles Líquidos | Ley Nº 23.966 y Nº 24.699 | Obras de | Infraestr.
Santa Cruz,informacion_consolidada2025_5.xlsx,marzo,2025,month,2025-03,Impuesto s/ | Los Activos | Fdo. Educ. | Ley Nº 23.906,0.0,Impuesto s/ | Los Activos | Fdo. Educ. | Ley Nº 23.906
Santa Cruz,informacion_consolidada2025_5.xlsx,marzo,2025,month,2025-03,Impuesto sobre los | Bienes Personales | Ley | Nº 24.699,255.4903,Impuesto sobre los | Bienes Personales | Ley | Nº 24.699
Santa Cruz,informacion_consolidada2025_5.xlsx,marzo,2025,month,2025-03,Ley Nº 23.966 | Art. 30,23.09,Ley Nº 23.966 | Art. 30
Santa Cruz,informacion_consolidada2025_5.xlsx,marzo,2025,month,2025-03,Ley Nº 24.464 | FO.NA.VI.,1336.0323999999998,Ley Nº 24.464 | FO.NA.VI.
Santa Cruz,informacion_consolidada2025_5.xlsx,marzo,2025,month,2025-03,Reg.Simplif. | P/Peq.Contrib. | Ley Nº 24.977 | Aart. 59 Inc. A,210.6796,Reg.Simplif. | P/Peq.Contrib. | Ley Nº 24.977 | Aart. 59 Inc. A
Santa Cruz,informacion_consolidada2025_5.xlsx,marzo,2025,month,2025-03,Régimen de la Energía Eléctrica | L E Y Nº 2 4 . 0 6 5 | Fdo. P/Comp. | Tarifa Elect.,539.4682076273938,Régimen de la Energía Eléctrica | L E Y Nº 2 4 . 0 6 5 | Fdo. P/Comp. | Tarifa Elect.
Santa Cruz,informacion_consolidada2025_5.xlsx,marzo,2025,month,2025-03,Subtotal,56514.89648528,Subtotal
Santa Cruz,informacion_consolidada2025_5.xlsx,marzo,2025,month,2025-03,Subtotal,56515.60478528,Subtotal
Santa Cruz,informacion_consolidada2025_5.xlsx,marzo,2025,month,2025-03,Total | (1) + (2),60307.859305713624,Total | (1) + (2)
Santa Cruz,informacion_consolidada2025_5.xlsx,marzo,2025,month,2025-03,Total | Recursos | Origen Nacional | (1),60120.08359371362,Total | Recursos | Origen Nacional | (1)
Santa Cruz,informacion_consolidada2025_5.xlsx,marzo,2025,month,2025-03,Transfer. | De Servicios | Ley | Nº 24.049,0.7082999999999999,Transfer. | De Servicios | Ley | Nº 24.049
Santa Cruz,informacion_consolidada2025_5.xlsx,marzo,2025,month,2025-03,Vialidad | Provincial,363.8605,Vialidad | Provincial
Santa Cruz,informacion_consolidada2025_5.xlsx,abril,2025,month,2025-04,C.F.I. | Neta De | Ley Nº 26.075,52228.608100000005,CFI | Neta
Santa Cruz,informacion_consolidada2025_5.xlsx,abril,2025,month,2025-04,Compensación | Consenso Fiscal | II. a y b; II. d y e | (2),12.827527,Compensación Consenso Fiscal
Santa Cruz,informacion_consolidada2025_5.xlsx,abril,2025,month,2025-04,F.E.D.E.I.,173.91554046391494,F.E.D.E.I.
Santa Cruz,informacion_consolidada2025_5.xlsx,abril,2025,month,2025-04,F.E.D.E.I.,208.43537300042766,F.E.D.E.I.
Santa Cruz,informacion_consolidada2025_5.xlsx,abril,2025,month,2025-04,Financ. | Educativo | Ley Nº 26.075,8525.25554112,Financiamiento Educativo
Santa Cruz,informacion_consolidada2025_5.xlsx,abril,2025,month,2025-04,Fondo | Compens. | de | Desequilib.,3.0,Fondo | Compens. | de | Desequilib.
Santa Cruz,informacion_consolidada2025_5.xlsx,abril,2025,month,2025-04,I.V.A. | Ley Nº 23.966 | Art. 5 | Punto 2,382.4435,I.V.A. | Ley Nº 23.966 | Art. 5 | Punto 2
Santa Cruz,informacion_consolidada2025_5.xlsx,abril,2025,month,2025-04,Impuesto a los Combustibles Líquidos | Ley Nº 23.966 y Nº 24.699 | Obras de | Infraestr.,150.1961,Impuesto a los Combustibles Líquidos | Ley Nº 23.966 y Nº 24.699 | Obras de | Infraestr.
Santa Cruz,informacion_consolidada2025_5.xlsx,abril,2025,month,2025-04,Impuesto s/ | Los Activos | Fdo. Educ. | Ley Nº 23.906,0.0,Impuesto s/ | Los Activos | Fdo. Educ. | Ley Nº 23.906
Santa Cruz,informacion_consolidada2025_5.xlsx,abril,2025,month,2025-04,Impuesto sobre los | Bienes Personales | Ley | Nº 24.699,477.7502,Impuesto sobre los | Bienes Personales | Ley | Nº 24.699
Santa Cruz,informacion_consolidada2025_5.xlsx,abril,2025,month,2025-04,Ley Nº 23.966 | Art. 30,43.1768,Ley Nº 23.966 | Art. 30
Santa Cruz,informacion_consolidada2025_5.xlsx,abril,2025,month,2025-04,Ley Nº 24.464 | FO.NA.VI.,1483.4769,Ley Nº 24.464 | FO.NA.VI.
Santa Cruz,informacion_consolidada2025_5.xlsx,abril,2025,month,2025-04,Reg.Simplif. | P/Peq.Contrib. | Ley Nº 24.977 | Aart. 59 Inc. A,215.8448,Reg.Simplif. | P/Peq.Contrib. | Ley Nº 24.977 | Aart. 59 Inc. A
Santa Cruz,informacion_consolidada2025_5.xlsx,abril,2025,month,2025-04,Régimen de la Energía Eléctrica | L E Y Nº 2 4 . 0 6 5 | Fdo. P/Comp. | Tarifa Elect.,406.72817016236104,Régimen de la Energía Eléctrica | L E Y Nº 2 4 . 0 6 5 | Fdo. P/Comp. | Tarifa Elect.
Santa Cruz,informacion_consolidada2025_5.xlsx,abril,2025,month,2025-04,Subtotal,60753.863641120006,Subtotal
Santa Cruz,informacion_consolidada2025_5.xlsx,abril,2025,month,2025-04,Subtotal,60754.571941120004,Subtotal
Santa Cruz,informacion_consolidada2025_5.xlsx,abril,2025,month,2025-04,Total | (1) + (2),64716.383051746714,Total | (1) + (2)
Santa Cruz,informacion_consolidada2025_5.xlsx,abril,2025,month,2025-04,Total | Recursos | Origen Nacional | (1),64703.55552474671,Total | Recursos | Origen Nacional | (1)
Santa Cruz,informacion_consolidada2025_5.xlsx,abril,2025,month,2025-04,Transfer. | De Servicios | Ley | Nº 24.049,0.7082999999999999,Transfer. | De Servicios | Ley | Nº 24.049
Santa Cruz,informacion_consolidada2025_5.xlsx,abril,2025,month,2025-04,Vialidad | Provincial,404.0162,Vialidad | Provincial
Santa Cruz,informacion_consolidada2025_5.xlsx,mayo,2025,month,2025-05,C.F.I. | Neta De | Ley Nº 26.075,70148.197,CFI | Neta
Santa Cruz,informacion_consolidada2025_5.xlsx,mayo,2025,month,2025-05,Compensación | Consenso Fiscal | II. a y b; II. d y e | (2),13.50266,Compensación Consenso Fiscal
Santa Cruz,informacion_consolidada2025_5.xlsx,mayo,2025,month,2025-05,F.E.D.E.I.,335.28474880779595,F.E.D.E.I.
Santa Cruz,informacion_consolidada2025_5.xlsx,mayo,2025,month,2025-05,F.E.D.E.I.,775.6726317721949,F.E.D.E.I.
Santa Cruz,informacion_consolidada2025_5.xlsx,mayo,2025,month,2025-05,Financ. | Educativo | Ley Nº 26.075,8791.669776779996,Financiamiento Educativo
Santa Cruz,informacion_consolidada2025_5.xlsx,mayo,2025,month,2025-05,Fondo | Compens. | de | Desequilib.,3.0,Fondo | Compens. | de | Desequilib.
Santa Cruz,informacion_consolidada2025_5.xlsx,mayo,2025,month,2025-05,I.V.A. | Ley Nº 23.966 | Art. 5 | Punto 2,358.5713,I.V.A. | Ley Nº 23.966 | Art. 5 | Punto 2
Santa Cruz,informacion_consolidada2025_5.xlsx,mayo,2025,month,2025-05,Impuesto a los Combustibles Líquidos | Ley Nº 23.966 y Nº 24.699 | Obras de | Infraestr.,163.4243,Impuesto a los Combustibles Líquidos | Ley Nº 23.966 y Nº 24.699 | Obras de | Infraestr.
Santa Cruz,informacion_consolidada2025_5.xlsx,mayo,2025,month,2025-05,Impuesto s/ | Los Activos | Fdo. Educ. | Ley Nº 23.906,0.0,Impuesto s/ | Los Activos | Fdo. Educ. | Ley Nº 23.906
Santa Cruz,informacion_consolidada2025_5.xlsx,mayo,2025,month,2025-05,Impuesto sobre los | Bienes Personales | Ley | Nº 24.699,329.8771,Impuesto sobre los | Bienes Personales | Ley | Nº 24.699
Santa Cruz,informacion_consolidada2025_5.xlsx,mayo,2025,month,2025-05,Ley Nº 23.966 | Art. 30,29.8127,Ley Nº 23.966 | Art. 30
Santa Cruz,informacion_consolidada2025_5.xlsx,mayo,2025,month,2025-05,Ley Nº 24.464 | FO.NA.VI.,1614.1308000000001,Ley Nº 24.464 | FO.NA.VI.
Santa Cruz,informacion_consolidada2025_5.xlsx,mayo,2025,month,2025-05,Reg.Simplif. | P/Peq.Contrib. | Ley Nº 24.977 | Aart. 59 Inc. A,226.5579,Reg.Simplif. | P/Peq.Contrib. | Ley Nº 24.977 | Aart. 59 Inc. A
Santa Cruz,informacion_consolidada2025_5.xlsx,mayo,2025,month,2025-05,Régimen de la Energía Eléctrica | L E Y Nº 2 4 . 0 6 5 | Fdo. P/Comp. | Tarifa Elect.,684.2532864773871,Régimen de la Energía Eléctrica | L E Y Nº 2 4 . 0 6 5 | Fdo. P/Comp. | Tarifa Elect.
Santa Cruz,informacion_consolidada2025_5.xlsx,mayo,2025,month,2025-05,Subtotal,78939.86677677999,Subtotal
Santa Cruz,informacion_consolidada2025_5.xlsx,mayo,2025,month,2025-05,Subtotal,78940.57507677999,Subtotal
Santa Cruz,informacion_consolidada2025_5.xlsx,mayo,2025,month,2025-05,Total | (1) + (2),83914.26150383735,Total | (1) + (2)
Santa Cruz,informacion_consolidada2025_5.xlsx,mayo,2025,month,2025-05,Total | Recursos | Origen Nacional | (1),83900.75884383735,Total | Recursos | Origen Nacional | (1)
Santa Cruz,informacion_consolidada2025_5.xlsx,mayo,2025,month,2025-05,Transfer. | De Servicios | Ley | Nº 24.049,0.7082999999999999,Transfer. | De Servicios | Ley | Nº 24.049
Santa Cruz,informacion_consolidada2025_5.xlsx,mayo,2025,month,2025-05,Vialidad | Provincial,439.599,Vialidad | Provincial
Santa Cruz,informacion_consolidada2025_5.xlsx,junio,2025,month,2025-06,C.F.I. | Neta De | Ley Nº 26.075,58367.3369,CFI | Neta
Santa Cruz,informacion_consolidada2025_5.xlsx,junio,2025,month,2025-06,Compensación | Consenso Fiscal | II. a y b; II. d y e | (2),12.827527,Compensación Consenso Fiscal
Santa Cruz,informacion_consolidada2025_5.xlsx,junio,2025,month,2025-06,F.E.D.E.I.,191.86485598995662,F.E.D.E.I.
Santa Cruz,informacion_consolidada2025_5.xlsx,junio,2025,month,2025-06,F.E.D.E.I.,222.37498945946746,F.E.D.E.I.
Santa Cruz,informacion_consolidada2025_5.xlsx,junio,2025,month,2025-06,Financ. | Educativo | Ley Nº 26.075,8525.25554112,Financiamiento Educativo
Santa Cruz,informacion_consolidada2025_5.xlsx,junio,2025,month,2025-06,Fondo | Compens. | de | Desequilib.,3.0,Fondo | Compens. | de | Desequilib.
Santa Cruz,informacion_consolidada2025_5.xlsx,junio,2025,month,2025-06,I.V.A. | Ley Nº 23.966 | Art. 5 | Punto 2,415.9535,I.V.A. | Ley Nº 23.966 | Art. 5 | Punto 2
Santa Cruz,informacion_consolidada2025_5.xlsx,junio,2025,month,2025-06,Impuesto a los Combustibles Líquidos | Ley Nº 23.966 y Nº 24.699 | Obras de | Infraestr.,176.49779999999998,Impuesto a los Combustibles Líquidos | Ley Nº 23.966 y Nº 24.699 | Obras de | Infraestr.
Santa Cruz,informacion_consolidada2025_5.xlsx,junio,2025,month,2025-06,Impuesto s/ | Los Activos | Fdo. Educ. | Ley Nº 23.906,0.0,Impuesto s/ | Los Activos | Fdo. Educ. | Ley Nº 23.906
Santa Cruz,informacion_consolidada2025_5.xlsx,junio,2025,month,2025-06,Impuesto sobre los | Bienes Personales | Ley | Nº 24.699,9617.4369,Impuesto sobre los | Bienes Personales | Ley | Nº 24.699
Santa Cruz,informacion_consolidada2025_5.xlsx,junio,2025,month,2025-06,Ley Nº 23.966 | Art. 30,869.1782,Ley Nº 23.966 | Art. 30
Santa Cruz,informacion_consolidada2025_5.xlsx,junio,2025,month,2025-06,Ley Nº 24.464 | FO.NA.VI.,1743.2563,Ley Nº 24.464 | FO.NA.VI.
Santa Cruz,informacion_consolidada2025_5.xlsx,junio,2025,month,2025-06,Reg.Simplif. | P/Peq.Contrib. | Ley Nº 24.977 | Aart. 59 Inc. A,231.2461,Reg.Simplif. | P/Peq.Contrib. | Ley Nº 24.977 | Aart. 59 Inc. A
Santa Cruz,informacion_consolidada2025_5.xlsx,junio,2025,month,2025-06,Régimen de la Energía Eléctrica | L E Y Nº 2 4 . 0 6 5 | Fdo. P/Comp. | Tarifa Elect.,1268.624918472601,Régimen de la Energía Eléctrica | L E Y Nº 2 4 . 0 6 5 | Fdo. P/Comp. | Tarifa Elect.
Santa Cruz,informacion_consolidada2025_5.xlsx,junio,2025,month,2025-06,Subtotal,66892.59244112,Subtotal
Santa Cruz,informacion_consolidada2025_5.xlsx,junio,2025,month,2025-06,Subtotal,66893.30074112,Subtotal
Santa Cruz,informacion_consolidada2025_5.xlsx,junio,2025,month,2025-06,Total | (1) + (2),82120.32733204201,Total | (1) + (2)
Santa Cruz,informacion_consolidada2025_5.xlsx,junio,2025,month,2025-06,Total | Recursos | Origen Nacional | (1),82107.49980504201,Total | Recursos | Origen Nacional | (1)
Santa Cruz,informacion_consolidada2025_5.xlsx,junio,2025,month,2025-06,Transfer. | De Servicios | Ley | Nº 24.049,0.7082999999999999,Transfer. | De Servicios | Ley | Nº 24.049
Santa Cruz,informacion_consolidada2025_5.xlsx,junio,2025,month,2025-06,Vialidad | Provincial,474.7655,Vialidad | Provincial
Santa Cruz,informacion_consolidada2025_5.xlsx,julio,2025,month,2025-07,C.F.I. | Neta De | Ley Nº 26.075,60985.5943,CFI | Neta
Santa Cruz,informacion_consolidada2025_5.xlsx,julio,2025,month,2025-07,Compensación | Consenso Fiscal | II. a y b; II. d y e | (2),453.57499,Compensación Consenso Fiscal
Santa Cruz,informacion_consolidada2025_5.xlsx,julio,2025,month,2025-07,F.E.D.E.I.,207.37373164639416,F.E.D.E.I.
Santa Cruz,informacion_consolidada2025_5.xlsx,julio,2025,month,2025-07,F.E.D.E.I.,355.7499581419623,F.E.D.E.I.
Santa Cruz,informacion_consolidada2025_5.xlsx,julio,2025,month,2025-07,Financ. | Educativo | Ley Nº 26.075,9324.498248099995,Financiamiento Educativo
Santa Cruz,informacion_consolidada2025_5.xlsx,julio,2025,month,2025-07,Fondo | Compens. | de | Desequilib.,3.0,Fondo | Compens. | de | Desequilib.
Santa Cruz,informacion_consolidada2025_5.xlsx,julio,2025,month,2025-07,I.V.A. | Ley Nº 23.966 | Art. 5 | Punto 2,418.5926,I.V.A. | Ley Nº 23.966 | Art. 5 | Punto 2
Santa Cruz,informacion_consolidada2025_5.xlsx,julio,2025,month,2025-07,Impuesto a los Combustibles Líquidos | Ley Nº 23.966 y Nº 24.699 | Obras de | Infraestr.,157.7163,Impuesto a los Combustibles Líquidos | Ley Nº 23.966 y Nº 24.699 | Obras de | Infraestr.
Santa Cruz,informacion_consolidada2025_5.xlsx,julio,2025,month,2025-07,Impuesto s/ | Los Activos | Fdo. Educ. | Ley Nº 23.906,0.0,Impuesto s/ | Los Activos | Fdo. Educ. | Ley Nº 23.906
Santa Cruz,informacion_consolidada2025_5.xlsx,julio,2025,month,2025-07,Impuesto sobre los | Bienes Personales | Ley | Nº 24.699,873.5753000000001,Impuesto sobre los | Bienes Personales | Ley | Nº 24.699
Santa Cruz,informacion_consolidada2025_5.xlsx,julio,2025,month,2025-07,Ley Nº 23.966 | Art. 30,78.9496,Ley Nº 23.966 | Art. 30
Santa Cruz,informacion_consolidada2025_5.xlsx,julio,2025,month,2025-07,Ley Nº 24.464 | FO.NA.VI.,1557.7529,Ley Nº 24.464 | FO.NA.VI.
Santa Cruz,informacion_consolidada2025_5.xlsx,julio,2025,month,2025-07,Reg.Simplif. | P/Peq.Contrib. | Ley Nº 24.977 | Aart. 59 Inc. A,233.8108,Reg.Simplif. | P/Peq.Contrib. | Ley Nº 24.977 | Aart. 59 Inc. A
Santa Cruz,informacion_consolidada2025_5.xlsx,julio,2025,month,2025-07,Régimen de la Energía Eléctrica | L E Y Nº 2 4 . 0 6 5 | Fdo. P/Comp. | Tarifa Elect.,758.0346154099535,Régimen de la Energía Eléctrica | L E Y Nº 2 4 . 0 6 5 | Fdo. P/Comp. | Tarifa Elect.
Santa Cruz,informacion_consolidada2025_5.xlsx,julio,2025,month,2025-07,Subtotal,70310.09254809999,Subtotal
Santa Cruz,informacion_consolidada2025_5.xlsx,julio,2025,month,2025-07,Subtotal,70310.80084809999,Subtotal
Santa Cruz,informacion_consolidada2025_5.xlsx,julio,2025,month,2025-07,Total | (1) + (2),75833.17644329832,Total | (1) + (2)
Santa Cruz,informacion_consolidada2025_5.xlsx,julio,2025,month,2025-07,Total | Recursos | Origen Nacional | (1),75379.60145329832,Total | Recursos | Origen Nacional | (1)
Santa Cruz,informacion_consolidada2025_5.xlsx,julio,2025,month,2025-07,Transfer. | De Servicios | Ley | Nº 24.049,0.7082999999999999,Transfer. | De Servicios | Ley | Nº 24.049
Santa Cruz,informacion_consolidada2025_5.xlsx,julio,2025,month,2025-07,Vialidad | Provincial,424.2448,Vialidad | Provincial
Santa Cruz,informacion_consolidada2025_5.xlsx,agosto,2025,month,2025-08,C.F.I. | Neta De | Ley Nº 26.075,66223.1704,CFI | Neta
Santa Cruz,informacion_consolidada2025_5.xlsx,agosto,2025,month,2025-08,Compensación | Consenso Fiscal | II. a y b; II. d y e | (2),412.34090000000003,Compensación Consenso Fiscal
Santa Cruz,informacion_consolidada2025_5.xlsx,agosto,2025,month,2025-08,F.E.D.E.I.,184.96851539368404,F.E.D.E.I.
Santa Cruz,informacion_consolidada2025_5.xlsx,agosto,2025,month,2025-08,F.E.D.E.I.,245.42458240415934,F.E.D.E.I.
Santa Cruz,informacion_consolidada2025_5.xlsx,agosto,2025,month,2025-08,Financ. | Educativo | Ley Nº 26.075,5328.284713199997,Financiamiento Educativo
Santa Cruz,informacion_consolidada2025_5.xlsx,agosto,2025,month,2025-08,Fondo | Compens. | de | Desequilib.,3.0,Fondo | Compens. | de | Desequilib.
Santa Cruz,informacion_consolidada2025_5.xlsx,agosto,2025,month,2025-08,I.V.A. | Ley Nº 23.966 | Art. 5 | Punto 2,427.3,I.V.A. | Ley Nº 23.966 | Art. 5 | Punto 2
Santa Cruz,informacion_consolidada2025_5.xlsx,agosto,2025,month,2025-08,Impuesto a los Combustibles Líquidos | Ley Nº 23.966 y Nº 24.699 | Obras de | Infraestr.,186.458,Impuesto a los Combustibles Líquidos | Ley Nº 23.966 y Nº 24.699 | Obras de | Infraestr.
Santa Cruz,informacion_consolidada2025_5.xlsx,agosto,2025,month,2025-08,Impuesto s/ | Los Activos | Fdo. Educ. | Ley Nº 23.906,0.06737827,Impuesto s/ | Los Activos | Fdo. Educ. | Ley Nº 23.906
Santa Cruz,informacion_consolidada2025_5.xlsx,agosto,2025,month,2025-08,Impuesto sobre los | Bienes Personales | Ley | Nº 24.699,901.5188,Impuesto sobre los | Bienes Personales | Ley | Nº 24.699
Santa Cruz,informacion_consolidada2025_5.xlsx,agosto,2025,month,2025-08,Ley Nº 23.966 | Art. 30,81.475,Ley Nº 23.966 | Art. 30
Santa Cruz,informacion_consolidada2025_5.xlsx,agosto,2025,month,2025-08,Ley Nº 24.464 | FO.NA.VI.,1841.6325,Ley Nº 24.464 | FO.NA.VI.
Santa Cruz,informacion_consolidada2025_5.xlsx,agosto,2025,month,2025-08,Reg.Simplif. | P/Peq.Contrib. | Ley Nº 24.977 | Aart. 59 Inc. A,333.0412,Reg.Simplif. | P/Peq.Contrib. | Ley Nº 24.977 | Aart. 59 Inc. A
Santa Cruz,informacion_consolidada2025_5.xlsx,agosto,2025,month,2025-08,Régimen de la Energía Eléctrica | L E Y Nº 2 4 . 0 6 5 | Fdo. P/Comp. | Tarifa Elect.,475.1175572277181,Régimen de la Energía Eléctrica | L E Y Nº 2 4 . 0 6 5 | Fdo. P/Comp. | Tarifa Elect.
Santa Cruz,informacion_consolidada2025_5.xlsx,agosto,2025,month,2025-08,Subtotal,71551.4551132,Subtotal
Santa Cruz,informacion_consolidada2025_5.xlsx,agosto,2025,month,2025-08,Subtotal,71552.1634132,Subtotal
Santa Cruz,informacion_consolidada2025_5.xlsx,agosto,2025,month,2025-08,Total | (1) + (2),77146.06554649559,Total | (1) + (2)
Santa Cruz,informacion_consolidada2025_5.xlsx,agosto,2025,month,2025-08,Total | Recursos | Origen Nacional | (1),76733.7246464956,Total | Recursos | Origen Nacional | (1)
Santa Cruz,informacion_consolidada2025_5.xlsx,agosto,2025,month,2025-08,Transfer. | De Servicios | Ley | Nº 24.049,0.7082999999999999,Transfer. | De Servicios | Ley | Nº 24.049
Santa Cruz,informacion_consolidada2025_5.xlsx,agosto,2025,month,2025-08,Vialidad | Provincial,501.5577,Vialidad | Provincial
Santa Cruz,informacion_consolidada2025_5.xlsx,septiembre,2025,month,2025-09,C.F.I. | Neta De | Ley Nº 26.075,64792.655,CFI | Neta
Santa Cruz,informacion_consolidada2025_5.xlsx,septiembre,2025,month,2025-09,Compensación | Consenso Fiscal | II. a y b; II. d y e | (2),453.57499,Compensación Consenso Fiscal
Santa Cruz,informacion_consolidada2025_5.xlsx,septiembre,2025,month,2025-09,F.E.D.E.I.,218.96665167645506,F.E.D.E.I.
Santa Cruz,informacion_consolidada2025_5.xlsx,septiembre,2025,month,2025-09,F.E.D.E.I.,305.5737730484871,F.E.D.E.I.
Santa Cruz,informacion_consolidada2025_5.xlsx,septiembre,2025,month,2025-09,Financ. | Educativo | Ley Nº 26.075,5861.113184520001,Financiamiento Educativo
Santa Cruz,informacion_consolidada2025_5.xlsx,septiembre,2025,month,2025-09,Fondo | Compens. | de | Desequilib.,3.0,Fondo | Compens. | de | Desequilib.
Santa Cruz,informacion_consolidada2025_5.xlsx,septiembre,2025,month,2025-09,I.V.A. | Ley Nº 23.966 | Art. 5 | Punto 2,446.7805,I.V.A. | Ley Nº 23.966 | Art. 5 | Punto 2
Santa Cruz,informacion_consolidada2025_5.xlsx,septiembre,2025,month,2025-09,Impuesto a los Combustibles Líquidos | Ley Nº 23.966 y Nº 24.699 | Obras de | Infraestr.,192.86370000000002,Impuesto a los Combustibles Líquidos | Ley Nº 23.966 y Nº 24.699 | Obras de | Infraestr.
Santa Cruz,informacion_consolidada2025_5.xlsx,septiembre,2025,month,2025-09,Impuesto s/ | Los Activos | Fdo. Educ. | Ley Nº 23.906,0.0,Impuesto s/ | Los Activos | Fdo. Educ. | Ley Nº 23.906
Santa Cruz,informacion_consolidada2025_5.xlsx,septiembre,2025,month,2025-09,Impuesto sobre los | Bienes Personales | Ley | Nº 24.699,807.9774,Impuesto sobre los | Bienes Personales | Ley | Nº 24.699
Santa Cruz,informacion_consolidada2025_5.xlsx,septiembre,2025,month,2025-09,Ley Nº 23.966 | Art. 30,73.0212,Ley Nº 23.966 | Art. 30
Santa Cruz,informacion_consolidada2025_5.xlsx,septiembre,2025,month,2025-09,Ley Nº 24.464 | FO.NA.VI.,1904.9018,Ley Nº 24.464 | FO.NA.VI.
Santa Cruz,informacion_consolidada2025_5.xlsx,septiembre,2025,month,2025-09,Reg.Simplif. | P/Peq.Contrib. | Ley Nº 24.977 | Aart. 59 Inc. A,351.4624,Reg.Simplif. | P/Peq.Contrib. | Ley Nº 24.977 | Aart. 59 Inc. A
Santa Cruz,informacion_consolidada2025_5.xlsx,septiembre,2025,month,2025-09,Régimen de la Energía Eléctrica | L E Y Nº 2 4 . 0 6 5 | Fdo. P/Comp. | Tarifa Elect.,657.7681509876527,Régimen de la Energía Eléctrica | L E Y Nº 2 4 . 0 6 5 | Fdo. P/Comp. | Tarifa Elect.
Santa Cruz,informacion_consolidada2025_5.xlsx,septiembre,2025,month,2025-09,Subtotal,70653.76818452,Subtotal
Santa Cruz,informacion_consolidada2025_5.xlsx,septiembre,2025,month,2025-09,Subtotal,70654.47648452,Subtotal
Santa Cruz,informacion_consolidada2025_5.xlsx,septiembre,2025,month,2025-09,Total | (1) + (2),76589.1558502326,Total | (1) + (2)
Santa Cruz,informacion_consolidada2025_5.xlsx,septiembre,2025,month,2025-09,Total | Recursos | Origen Nacional | (1),76135.5808602326,Total | Recursos | Origen Nacional | (1)
Santa Cruz,informacion_consolidada2025_5.xlsx,septiembre,2025,month,2025-09,Transfer. | De Servicios | Ley | Nº 24.049,0.7082999999999999,Transfer. | De Servicios | Ley | Nº 24.049
Santa Cruz,informacion_consolidada2025_5.xlsx,septiembre,2025,month,2025-09,Vialidad | Provincial,518.7888,Vialidad | Provincial
Santa Cruz,informacion_consolidada2025_5.xlsx,octubre,2025,month,2025-10,C.F.I. | Neta De | Ley Nº 26.075,70344.4901,CFI | Neta
Santa Cruz,informacion_consolidada2025_5.xlsx,octubre,2025,month,2025-10,Compensación | Consenso Fiscal | II. a y b; II. d y e | (2),565.5664300000001,Compensación Consenso Fiscal
Santa Cruz,informacion_consolidada2025_5.xlsx,octubre,2025,month,2025-10,F.E.D.E.I.,226.53030211081202,F.E.D.E.I.
Santa Cruz,informacion_consolidada2025_5.xlsx,octubre,2025,month,2025-10,F.E.D.E.I.,299.7579706541937,F.E.D.E.I.
Santa Cruz,informacion_consolidada2025_5.xlsx,octubre,2025,month,2025-10,Financ. | Educativo | Ley Nº 26.075,6127.527420180084,Financiamiento Educativo
Santa Cruz,informacion_consolidada2025_5.xlsx,octubre,2025,month,2025-10,Fondo | Compens. | de | Desequilib.,3.0,Fondo | Compens. | de | Desequilib.
Santa Cruz,informacion_consolidada2025_5.xlsx,octubre,2025,month,2025-10,I.V.A. | Ley Nº 23.966 | Art. 5 | Punto 2,466.95140000000004,I.V.A. | Ley Nº 23.966 | Art. 5 | Punto 2
Santa Cruz,informacion_consolidada2025_5.xlsx,octubre,2025,month,2025-10,Impuesto a los Combustibles Líquidos | Ley Nº 23.966 y Nº 24.699 | Obras de | Infraestr.,185.31560000000002,Impuesto a los Combustibles Líquidos | Ley Nº 23.966 y Nº 24.699 | Obras de | Infraestr.
Santa Cruz,informacion_consolidada2025_5.xlsx,octubre,2025,month,2025-10,Impuesto s/ | Los Activos | Fdo. Educ. | Ley Nº 23.906,0.0,Impuesto s/ | Los Activos | Fdo. Educ. | Ley Nº 23.906
Santa Cruz,informacion_consolidada2025_5.xlsx,octubre,2025,month,2025-10,Impuesto sobre los | Bienes Personales | Ley | Nº 24.699,797.7034,Impuesto sobre los | Bienes Personales | Ley | Nº 24.699
Santa Cruz,informacion_consolidada2025_5.xlsx,octubre,2025,month,2025-10,Ley Nº 23.966 | Art. 30,72.0926,Ley Nº 23.966 | Art. 30
Santa Cruz,informacion_consolidada2025_5.xlsx,octubre,2025,month,2025-10,Ley Nº 24.464 | FO.NA.VI.,1830.3491999999999,Ley Nº 24.464 | FO.NA.VI.
Santa Cruz,informacion_consolidada2025_5.xlsx,octubre,2025,month,2025-10,Reg.Simplif. | P/Peq.Contrib. | Ley Nº 24.977 | Aart. 59 Inc. A,368.9069,Reg.Simplif. | P/Peq.Contrib. | Ley Nº 24.977 | Aart. 59 Inc. A
Santa Cruz,informacion_consolidada2025_5.xlsx,octubre,2025,month,2025-10,Régimen de la Energía Eléctrica | L E Y Nº 2 4 . 0 6 5 | Fdo. P/Comp. | Tarifa Elect.,625.4096755305986,Régimen de la Energía Eléctrica | L E Y Nº 2 4 . 0 6 5 | Fdo. P/Comp. | Tarifa Elect.
Santa Cruz,informacion_consolidada2025_5.xlsx,octubre,2025,month,2025-10,Subtotal,76472.01752018007,Subtotal
Santa Cruz,informacion_consolidada2025_5.xlsx,octubre,2025,month,2025-10,Subtotal,76472.72582018007,Subtotal
Santa Cruz,informacion_consolidada2025_5.xlsx,octubre,2025,month,2025-10,Total | (1) + (2),82412.79409847569,Total | (1) + (2)
Santa Cruz,informacion_consolidada2025_5.xlsx,octubre,2025,month,2025-10,Total | Recursos | Origen Nacional | (1),81847.22766847568,Total | Recursos | Origen Nacional | (1)
Santa Cruz,informacion_consolidada2025_5.xlsx,octubre,2025,month,2025-10,Transfer. | De Servicios | Ley | Nº 24.049,0.7082999999999999,Transfer. | De Servicios | Ley | Nº 24.049
Santa Cruz,informacion_consolidada2025_5.xlsx,octubre,2025,month,2025-10,Vialidad | Provincial,498.4848,Vialidad | Provincial
Santa Cruz,informacion_consolidada2025_5.xlsx,noviembre,2025,month,2025-11,C.F.I. | Neta De | Ley Nº 26.075,69794.3667,CFI | Neta
Santa Cruz,informacion_consolidada2025_5.xlsx,noviembre,2025,month,2025-11,Compensación | Consenso Fiscal | II. a y b; II. d y e | (2),437.02860499999997,Compensación Consenso Fiscal
Santa Cruz,informacion_consolidada2025_5.xlsx,noviembre,2025,month,2025-11,F.E.D.E.I.,0.0,F.E.D.E.I.
Santa Cruz,informacion_consolidada2025_5.xlsx,noviembre,2025,month,2025-11,F.E.D.E.I.,0.0,F.E.D.E.I.
Santa Cruz,informacion_consolidada2025_5.xlsx,noviembre,2025,month,2025-11,Financ. | Educativo | Ley Nº 26.075,4529.042006220062,Financiamiento Educativo
Santa Cruz,informacion_consolidada2025_5.xlsx,noviembre,2025,month,2025-11,Fondo | Compens. | de | Desequilib.,3.0,Fondo | Compens. | de | Desequilib.
Santa Cruz,informacion_consolidada2025_5.xlsx,noviembre,2025,month,2025-11,I.V.A. | Ley Nº 23.966 | Art. 5 | Punto 2,437.45259999999996,I.V.A. | Ley Nº 23.966 | Art. 5 | Punto 2
Santa Cruz,informacion_consolidada2025_5.xlsx,noviembre,2025,month,2025-11,Impuesto a los Combustibles Líquidos | Ley Nº 23.966 y Nº 24.699 | Obras de | Infraestr.,196.26170000000002,Impuesto a los Combustibles Líquidos | Ley Nº 23.966 y Nº 24.699 | Obras de | Infraestr.
Santa Cruz,informacion_consolidada2025_5.xlsx,noviembre,2025,month,2025-11,Impuesto s/ | Los Activos | Fdo. Educ. | Ley Nº 23.906,0.0,Impuesto s/ | Los Activos | Fdo. Educ. | Ley Nº 23.906
Santa Cruz,informacion_consolidada2025_5.xlsx,noviembre,2025,month,2025-11,Impuesto sobre los | Bienes Personales | Ley | Nº 24.699,481.97990000000004,Impuesto sobre los | Bienes Personales | Ley | Nº 24.699
Santa Cruz,informacion_consolidada2025_5.xlsx,noviembre,2025,month,2025-11,Ley Nº 23.966 | Art. 30,43.5591,Ley Nº 23.966 | Art. 30
Santa Cruz,informacion_consolidada2025_5.xlsx,noviembre,2025,month,2025-11,Ley Nº 24.464 | FO.NA.VI.,1938.4629,Ley Nº 24.464 | FO.NA.VI.
Santa Cruz,informacion_consolidada2025_5.xlsx,noviembre,2025,month,2025-11,Reg.Simplif. | P/Peq.Contrib. | Ley Nº 24.977 | Aart. 59 Inc. A,363.8665,Reg.Simplif. | P/Peq.Contrib. | Ley Nº 24.977 | Aart. 59 Inc. A
Santa Cruz,informacion_consolidada2025_5.xlsx,noviembre,2025,month,2025-11,Régimen de la Energía Eléctrica | L E Y Nº 2 4 . 0 6 5 | Fdo. P/Comp. | Tarifa Elect.,0.0,Régimen de la Energía Eléctrica | L E Y Nº 2 4 . 0 6 5 | Fdo. P/Comp. | Tarifa Elect.
Santa Cruz,informacion_consolidada2025_5.xlsx,noviembre,2025,month,2025-11,Subtotal,74323.40870622006,Subtotal
Santa Cruz,informacion_consolidada2025_5.xlsx,noviembre,2025,month,2025-11,Subtotal,74324.11700622005,Subtotal
Santa Cruz,informacion_consolidada2025_5.xlsx,noviembre,2025,month,2025-11,Total | (1) + (2),78753.65721122007,Total | (1) + (2)
Santa Cruz,informacion_consolidada2025_5.xlsx,noviembre,2025,month,2025-11,Total | Recursos | Origen Nacional | (1),78316.62860622007,Total | Recursos | Origen Nacional | (1)
Santa Cruz,informacion_consolidada2025_5.xlsx,noviembre,2025,month,2025-11,Transfer. | De Servicios | Ley | Nº 24.049,0.7082999999999999,Transfer. | De Servicios | Ley | Nº 24.049
Santa Cruz,informacion_consolidada2025_5.xlsx,noviembre,2025,month,2025-11,Vialidad | Provincial,527.9289,Vialidad | Provincial
Santa Cruz,informacion_consolidada2025_5.xlsx,diciembre,2025,month,2025-12,C.F.I. | Neta De | Ley Nº 26.075,72519.6865,CFI | Neta
Santa Cruz,informacion_consolidada2025_5.xlsx,diciembre,2025,month,2025-12,Compensación | Consenso Fiscal | II. a y b; II. d y e | (2),539.858865,Compensación Consenso Fiscal
Santa Cruz,informacion_consolidada2025_5.xlsx,diciembre,2025,month,2025-12,F.E.D.E.I.,448.1627463337082,F.E.D.E.I.
Santa Cruz,informacion_consolidada2025_5.xlsx,diciembre,2025,month,2025-12,F.E.D.E.I.,642.2867948652362,F.E.D.E.I.
Santa Cruz,informacion_consolidada2025_5.xlsx,diciembre,2025,month,2025-12,Financ. | Educativo | Ley Nº 26.075,5594.6989488600775,Financiamiento Educativo
Santa Cruz,informacion_consolidada2025_5.xlsx,diciembre,2025,month,2025-12,Fondo | Compens. | de | Desequilib.,3.0,Fondo | Compens. | de | Desequilib.
Santa Cruz,informacion_consolidada2025_5.xlsx,diciembre,2025,month,2025-12,I.V.A. | Ley Nº 23.966 | Art. 5 | Punto 2,447.72209999999995,I.V.A. | Ley Nº 23.966 | Art. 5 | Punto 2
Santa Cruz,informacion_consolidada2025_5.xlsx,diciembre,2025,month,2025-12,Impuesto a los Combustibles Líquidos | Ley Nº 23.966 y Nº 24.699 | Obras de | Infraestr.,279.1955,Impuesto a los Combustibles Líquidos | Ley Nº 23.966 y Nº 24.699 | Obras de | Infraestr.
Santa Cruz,informacion_consolidada2025_5.xlsx,diciembre,2025,month,2025-12,Impuesto s/ | Los Activos | Fdo. Educ. | Ley Nº 23.906,0.00195228,Impuesto s/ | Los Activos | Fdo. Educ. | Ley Nº 23.906
Santa Cruz,informacion_consolidada2025_5.xlsx,diciembre,2025,month,2025-12,Impuesto sobre los | Bienes Personales | Ley | Nº 24.699,801.946,Impuesto sobre los | Bienes Personales | Ley | Nº 24.699
Santa Cruz,informacion_consolidada2025_5.xlsx,diciembre,2025,month,2025-12,Ley Nº 23.966 | Art. 30,72.4761,Ley Nº 23.966 | Art. 30
Santa Cruz,informacion_consolidada2025_5.xlsx,diciembre,2025,month,2025-12,Ley Nº 24.464 | FO.NA.VI.,2757.5947,Ley Nº 24.464 | FO.NA.VI.
Santa Cruz,informacion_consolidada2025_5.xlsx,diciembre,2025,month,2025-12,Reg.Simplif. | P/Peq.Contrib. | Ley Nº 24.977 | Aart. 59 Inc. A,384.48359999999997,Reg.Simplif. | P/Peq.Contrib. | Ley Nº 24.977 | Aart. 59 Inc. A
Santa Cruz,informacion_consolidada2025_5.xlsx,diciembre,2025,month,2025-12,Régimen de la Energía Eléctrica | L E Y Nº 2 4 . 0 6 5 | Fdo. P/Comp. | Tarifa Elect.,1453.839603183658,Régimen de la Energía Eléctrica | L E Y Nº 2 4 . 0 6 5 | Fdo. P/Comp. | Tarifa Elect.
Santa Cruz,informacion_consolidada2025_5.xlsx,diciembre,2025,month,2025-12,Subtotal,78114.38544886008,Subtotal
Santa Cruz,informacion_consolidada2025_5.xlsx,diciembre,2025,month,2025-12,Subtotal,78115.09374886008,Subtotal
Santa Cruz,informacion_consolidada2025_5.xlsx,diciembre,2025,month,2025-12,Total | (1) + (2),86696.67631052269,Total | (1) + (2)
Santa Cruz,informacion_consolidada2025_5.xlsx,diciembre,2025,month,2025-12,Total | Recursos | Origen Nacional | (1),86156.81744552268,Total | Recursos | Origen Nacional | (1)
Santa Cruz,informacion_consolidada2025_5.xlsx,diciembre,2025,month,2025-12,Transfer. | De Servicios | Ley | Nº 24.049,0.7082999999999999,Transfer. | De Servicios | Ley | Nº 24.049
Santa Cruz,informacion_consolidada2025_5.xlsx,diciembre,2025,month,2025-12,Vialidad | Provincial,751.0146,Vialidad | Provincial
Santa Cruz,informacion_consolidada2025_5.xlsx,CONS,2025,consolidated,CONS,C.F.I. | Neta De | Ley Nº 26.075,769898.7864,CFI | Neta
Santa Cruz,informacion_consolidada2025_5.xlsx,CONS,2025,consolidated,CONS,Compensación | Consenso Fiscal | II. a y b; II. d y e | (2),3527.021534,Compensación Consenso Fiscal
Santa Cruz,informacion_consolidada2025_5.xlsx,CONS,2025,consolidated,CONS,F.E.D.E.I.,2362.7027911527207,F.E.D.E.I.
Santa Cruz,informacion_consolidada2025_5.xlsx,CONS,2025,consolidated,CONS,F.E.D.E.I.,3439.3993388640865,F.E.D.E.I.
Santa Cruz,informacion_consolidada2025_5.xlsx,CONS,2025,consolidated,CONS,Financ. | Educativo | Ley Nº 26.075,64738.65910000001,Financiamiento Educativo
Santa Cruz,informacion_consolidada2025_5.xlsx,CONS,2025,consolidated,CONS,Fondo | Compens. | de | Desequilib.,36.0,Fondo | Compens. | de | Desequilib.
Santa Cruz,informacion_consolidada2025_5.xlsx,CONS,2025,consolidated,CONS,I.V.A. | Ley Nº 23.966 | Art. 5 | Punto 2,4979.605799999998,I.V.A. | Ley Nº 23.966 | Art. 5 | Punto 2
Santa Cruz,informacion_consolidada2025_5.xlsx,CONS,2025,consolidated,CONS,Impuesto a los Combustibles Líquidos | Ley Nº 23.966 y Nº 24.699 | Obras de | Infraestr.,2088.8762,Impuesto a los Combustibles Líquidos | Ley Nº 23.966 y Nº 24.699 | Obras de | Infraestr.
Santa Cruz,informacion_consolidada2025_5.xlsx,CONS,2025,consolidated,CONS,Impuesto s/ | Los Activos | Fdo. Educ. | Ley Nº 23.906,0.0694,Impuesto s/ | Los Activos | Fdo. Educ. | Ley Nº 23.906
Santa Cruz,informacion_consolidada2025_5.xlsx,CONS,2025,consolidated,CONS,Impuesto sobre los | Bienes Personales | Ley | Nº 24.699,16306.803900000004,Impuesto sobre los | Bienes Personales | Ley | Nº 24.699
Santa Cruz,informacion_consolidada2025_5.xlsx,CONS,2025,consolidated,CONS,Ley Nº 23.966 | Art. 30,1473.7315000000003,Ley Nº 23.966 | Art. 30
Santa Cruz,informacion_consolidada2025_5.xlsx,CONS,2025,consolidated,CONS,Ley Nº 24.464 | FO.NA.VI.,20631.686,Ley Nº 24.464 | FO.NA.VI.
Santa Cruz,informacion_consolidada2025_5.xlsx,CONS,2025,consolidated,CONS,Reg.Simplif. | P/Peq.Contrib. | Ley Nº 24.977 | Aart. 59 Inc. A,3250.0214,Reg.Simplif. | P/Peq.Contrib. | Ley Nº 24.977 | Aart. 59 Inc. A
Santa Cruz,informacion_consolidada2025_5.xlsx,CONS,2025,consolidated,CONS,Régimen de la Energía Eléctrica | L E Y Nº 2 4 . 0 6 5 | Fdo. P/Comp. | Tarifa Elect.,7179.4340999999995,Régimen de la Energía Eléctrica | L E Y Nº 2 4 . 0 6 5 | Fdo. P/Comp. | Tarifa Elect.
Santa Cruz,informacion_consolidada2025_5.xlsx,CONS,2025,consolidated,CONS,Subtotal,834637.4455,Subtotal
Santa Cruz,informacion_consolidada2025_5.xlsx,CONS,2025,consolidated,CONS,Subtotal,834645.9451,Subtotal
Santa Cruz,informacion_consolidada2025_5.xlsx,CONS,2025,consolidated,CONS,Total | (1) + (2),905540.2148640171,Total | (1) + (2)
Santa Cruz,informacion_consolidada2025_5.xlsx,CONS,2025,consolidated,CONS,Total | Recursos | Origen Nacional | (1),902013.193330017,Total | Recursos | Origen Nacional | (1)
Santa Cruz,informacion_consolidada2025_5.xlsx,CONS,2025,consolidated,CONS,Transfer. | De Servicios | Ley | Nº 24.049,8.499600000000001,Transfer. | De Servicios | Ley | Nº 24.049
Santa Cruz,informacion_consolidada2025_5.xlsx,CONS,2025,consolidated,CONS,Vialidad | Provincial,5618.9178,Vialidad | Provincial
Santa Fe,informacion_consolidada2025_5.xlsx,enero,2025,month,2025-01,C.F.I. | Neta De | Ley Nº 26.075,390017.9474,CFI | Neta
Santa Fe,informacion_consolidada2025_5.xlsx,enero,2025,month,2025-01,Compensación | Consenso Fiscal | II. a y b; II. d y e | (2),4219.21324,Compensación Consenso Fiscal
Santa Fe,informacion_consolidada2025_5.xlsx,enero,2025,month,2025-01,F.E.D.E.I.,0.0,F.E.D.E.I.
Santa Fe,informacion_consolidada2025_5.xlsx,enero,2025,month,2025-01,F.E.D.E.I.,0.0,F.E.D.E.I.
Santa Fe,informacion_consolidada2025_5.xlsx,enero,2025,month,2025-01,Financ. | Educativo | Ley Nº 26.075,0.0,Financiamiento Educativo
Santa Fe,informacion_consolidada2025_5.xlsx,enero,2025,month,2025-01,Fondo | Compens. | de | Desequilib.,0.5,Fondo | Compens. | de | Desequilib.
Santa Fe,informacion_consolidada2025_5.xlsx,enero,2025,month,2025-01,I.V.A. | Ley Nº 23.966 | Art. 5 | Punto 2,6010.461,I.V.A. | Ley Nº 23.966 | Art. 5 | Punto 2
Santa Fe,informacion_consolidada2025_5.xlsx,enero,2025,month,2025-01,Impuesto a los Combustibles Líquidos | Ley Nº 23.966 y Nº 24.699 | Obras de | Infraestr.,707.2705,Impuesto a los Combustibles Líquidos | Ley Nº 23.966 y Nº 24.699 | Obras de | Infraestr.
Santa Fe,informacion_consolidada2025_5.xlsx,enero,2025,month,2025-01,Impuesto s/ | Los Activos | Fdo. Educ. | Ley Nº 23.906,8.100000000000001e-07,Impuesto s/ | Los Activos | Fdo. Educ. | Ley Nº 23.906
Santa Fe,informacion_consolidada2025_5.xlsx,enero,2025,month,2025-01,Impuesto sobre los | Bienes Personales | Ley | Nº 24.699,2320.4975,Impuesto sobre los | Bienes Personales | Ley | Nº 24.699
Santa Fe,informacion_consolidada2025_5.xlsx,enero,2025,month,2025-01,Ley Nº 23.966 | Art. 30,500.5060000000001,Ley Nº 23.966 | Art. 30
Santa Fe,informacion_consolidada2025_5.xlsx,enero,2025,month,2025-01,Ley Nº 24.464 | FO.NA.VI.,2090.0652,Ley Nº 24.464 | FO.NA.VI.
Santa Fe,informacion_consolidada2025_5.xlsx,enero,2025,month,2025-01,Reg.Simplif. | P/Peq.Contrib. | Ley Nº 24.977 | Aart. 59 Inc. A,773.5411,Reg.Simplif. | P/Peq.Contrib. | Ley Nº 24.977 | Aart. 59 Inc. A
Santa Fe,informacion_consolidada2025_5.xlsx,enero,2025,month,2025-01,Régimen de la Energía Eléctrica | L E Y Nº 2 4 . 0 6 5 | Fdo. P/Comp. | Tarifa Elect.,0.0,Régimen de la Energía Eléctrica | L E Y Nº 2 4 . 0 6 5 | Fdo. P/Comp. | Tarifa Elect.
Santa Fe,informacion_consolidada2025_5.xlsx,enero,2025,month,2025-01,Subtotal,390017.9474,Subtotal
Santa Fe,informacion_consolidada2025_5.xlsx,enero,2025,month,2025-01,Subtotal,390029.2382,Subtotal
Santa Fe,informacion_consolidada2025_5.xlsx,enero,2025,month,2025-01,Total | (1) + (2),408054.49154081004,Total | (1) + (2)
Santa Fe,informacion_consolidada2025_5.xlsx,enero,2025,month,2025-01,Total | Recursos | Origen Nacional | (1),403835.27830081,Total | Recursos | Origen Nacional | (1)
Santa Fe,informacion_consolidada2025_5.xlsx,enero,2025,month,2025-01,Transfer. | De Servicios | Ley | Nº 24.049,11.290799999999999,Transfer. | De Servicios | Ley | Nº 24.049
Santa Fe,informacion_consolidada2025_5.xlsx,enero,2025,month,2025-01,Vialidad | Provincial,1403.1988000000001,Vialidad | Provincial
Santa Fe,informacion_consolidada2025_5.xlsx,febrero,2025,month,2025-02,C.F.I. | Neta De | Ley Nº 26.075,359594.6582,CFI | Neta
Santa Fe,informacion_consolidada2025_5.xlsx,febrero,2025,month,2025-02,Compensación | Consenso Fiscal | II. a y b; II. d y e | (2),3835.6484,Compensación Consenso Fiscal
Santa Fe,informacion_consolidada2025_5.xlsx,febrero,2025,month,2025-02,F.E.D.E.I.,149.78904740000002,F.E.D.E.I.
Santa Fe,informacion_consolidada2025_5.xlsx,febrero,2025,month,2025-02,F.E.D.E.I.,89.76723187308667,F.E.D.E.I.
Santa Fe,informacion_consolidada2025_5.xlsx,febrero,2025,month,2025-02,Financ. | Educativo | Ley Nº 26.075,0.0,Financiamiento Educativo
Santa Fe,informacion_consolidada2025_5.xlsx,febrero,2025,month,2025-02,Fondo | Compens. | de | Desequilib.,0.5,Fondo | Compens. | de | Desequilib.
Santa Fe,informacion_consolidada2025_5.xlsx,febrero,2025,month,2025-02,I.V.A. | Ley Nº 23.966 | Art. 5 | Punto 2,5262.9511999999995,I.V.A. | Ley Nº 23.966 | Art. 5 | Punto 2
Santa Fe,informacion_consolidada2025_5.xlsx,febrero,2025,month,2025-02,Impuesto a los Combustibles Líquidos | Ley Nº 23.966 y Nº 24.699 | Obras de | Infraestr.,853.1524000000001,Impuesto a los Combustibles Líquidos | Ley Nº 23.966 y Nº 24.699 | Obras de | Infraestr.
Santa Fe,informacion_consolidada2025_5.xlsx,febrero,2025,month,2025-02,Impuesto s/ | Los Activos | Fdo. Educ. | Ley Nº 23.906,2.4199999999999997e-06,Impuesto s/ | Los Activos | Fdo. Educ. | Ley Nº 23.906
Santa Fe,informacion_consolidada2025_5.xlsx,febrero,2025,month,2025-02,Impuesto sobre los | Bienes Personales | Ley | Nº 24.699,3218.5257,Impuesto sobre los | Bienes Personales | Ley | Nº 24.699
Santa Fe,informacion_consolidada2025_5.xlsx,febrero,2025,month,2025-02,Ley Nº 23.966 | Art. 30,694.2009,Ley Nº 23.966 | Art. 30
Santa Fe,informacion_consolidada2025_5.xlsx,febrero,2025,month,2025-02,Ley Nº 24.464 | FO.NA.VI.,2632.8387000000002,Ley Nº 24.464 | FO.NA.VI.
Santa Fe,informacion_consolidada2025_5.xlsx,febrero,2025,month,2025-02,Reg.Simplif. | P/Peq.Contrib. | Ley Nº 24.977 | Aart. 59 Inc. A,1128.0969,Reg.Simplif. | P/Peq.Contrib. | Ley Nº 24.977 | Aart. 59 Inc. A
Santa Fe,informacion_consolidada2025_5.xlsx,febrero,2025,month,2025-02,Régimen de la Energía Eléctrica | L E Y Nº 2 4 . 0 6 5 | Fdo. P/Comp. | Tarifa Elect.,106.35432030472856,Régimen de la Energía Eléctrica | L E Y Nº 2 4 . 0 6 5 | Fdo. P/Comp. | Tarifa Elect.
Santa Fe,informacion_consolidada2025_5.xlsx,febrero,2025,month,2025-02,Subtotal,359594.6582,Subtotal
Santa Fe,informacion_consolidada2025_5.xlsx,febrero,2025,month,2025-02,Subtotal,359605.949,Subtotal
Santa Fe,informacion_consolidada2025_5.xlsx,febrero,2025,month,2025-02,Total | (1) + (2),379345.37230199785,Total | (1) + (2)
Santa Fe,informacion_consolidada2025_5.xlsx,febrero,2025,month,2025-02,Total | Recursos | Origen Nacional | (1),375509.72390199784,Total | Recursos | Origen Nacional | (1)
Santa Fe,informacion_consolidada2025_5.xlsx,febrero,2025,month,2025-02,Transfer. | De Servicios | Ley | Nº 24.049,11.290799999999999,Transfer. | De Servicios | Ley | Nº 24.049
Santa Fe,informacion_consolidada2025_5.xlsx,febrero,2025,month,2025-02,Vialidad | Provincial,1767.5985,Vialidad | Provincial
Santa Fe,informacion_consolidada2025_5.xlsx,marzo,2025,month,2025-03,C.F.I. | Neta De | Ley Nº 26.075,307364.977,CFI | Neta
Santa Fe,informacion_consolidada2025_5.xlsx,marzo,2025,month,2025-03,Compensación | Consenso Fiscal | II. a y b; II. d y e | (2),3452.08356,Compensación Consenso Fiscal
Santa Fe,informacion_consolidada2025_5.xlsx,marzo,2025,month,2025-03,F.E.D.E.I.,86.89461845000001,F.E.D.E.I.
Santa Fe,informacion_consolidada2025_5.xlsx,marzo,2025,month,2025-03,F.E.D.E.I.,152.26435066181008,F.E.D.E.I.
Santa Fe,informacion_consolidada2025_5.xlsx,marzo,2025,month,2025-03,Financ. | Educativo | Ley Nº 26.075,18225.46617256,Financiamiento Educativo
Santa Fe,informacion_consolidada2025_5.xlsx,marzo,2025,month,2025-03,Fondo | Compens. | de | Desequilib.,0.5,Fondo | Compens. | de | Desequilib.
Santa Fe,informacion_consolidada2025_5.xlsx,marzo,2025,month,2025-03,I.V.A. | Ley Nº 23.966 | Art. 5 | Punto 2,4923.0202,I.V.A. | Ley Nº 23.966 | Art. 5 | Punto 2
Santa Fe,informacion_consolidada2025_5.xlsx,marzo,2025,month,2025-03,Impuesto a los Combustibles Líquidos | Ley Nº 23.966 y Nº 24.699 | Obras de | Infraestr.,779.2,Impuesto a los Combustibles Líquidos | Ley Nº 23.966 y Nº 24.699 | Obras de | Infraestr.
Santa Fe,informacion_consolidada2025_5.xlsx,marzo,2025,month,2025-03,Impuesto s/ | Los Activos | Fdo. Educ. | Ley Nº 23.906,7.799999999999999e-07,Impuesto s/ | Los Activos | Fdo. Educ. | Ley Nº 23.906
Santa Fe,informacion_consolidada2025_5.xlsx,marzo,2025,month,2025-03,Impuesto sobre los | Bienes Personales | Ley | Nº 24.699,1471.7548000000002,Impuesto sobre los | Bienes Personales | Ley | Nº 24.699
Santa Fe,informacion_consolidada2025_5.xlsx,marzo,2025,month,2025-03,Ley Nº 23.966 | Art. 30,317.4413,Ley Nº 23.966 | Art. 30
Santa Fe,informacion_consolidada2025_5.xlsx,marzo,2025,month,2025-03,Ley Nº 24.464 | FO.NA.VI.,2404.6207000000004,Ley Nº 24.464 | FO.NA.VI.
Santa Fe,informacion_consolidada2025_5.xlsx,marzo,2025,month,2025-03,Reg.Simplif. | P/Peq.Contrib. | Ley Nº 24.977 | Aart. 59 Inc. A,1213.6022,Reg.Simplif. | P/Peq.Contrib. | Ley Nº 24.977 | Aart. 59 Inc. A
Santa Fe,informacion_consolidada2025_5.xlsx,marzo,2025,month,2025-03,Régimen de la Energía Eléctrica | L E Y Nº 2 4 . 0 6 5 | Fdo. P/Comp. | Tarifa Elect.,180.39958661102395,Régimen de la Energía Eléctrica | L E Y Nº 2 4 . 0 6 5 | Fdo. P/Comp. | Tarifa Elect.
Santa Fe,informacion_consolidada2025_5.xlsx,marzo,2025,month,2025-03,Subtotal,325590.44317256,Subtotal
Santa Fe,informacion_consolidada2025_5.xlsx,marzo,2025,month,2025-03,Subtotal,325601.73397256003,Subtotal
Santa Fe,informacion_consolidada2025_5.xlsx,marzo,2025,month,2025-03,Total | (1) + (2),342197.89598906296,Total | (1) + (2)
Santa Fe,informacion_consolidada2025_5.xlsx,marzo,2025,month,2025-03,Total | Recursos | Origen Nacional | (1),338745.81242906296,Total | Recursos | Origen Nacional | (1)
Santa Fe,informacion_consolidada2025_5.xlsx,marzo,2025,month,2025-03,Transfer. | De Servicios | Ley | Nº 24.049,11.290799999999999,Transfer. | De Servicios | Ley | Nº 24.049
Santa Fe,informacion_consolidada2025_5.xlsx,marzo,2025,month,2025-03,Vialidad | Provincial,1614.3807,Vialidad | Provincial
Santa Fe,informacion_consolidada2025_5.xlsx,abril,2025,month,2025-04,C.F.I. | Neta De | Ley Nº 26.075,277097.57180000003,CFI | Neta
Santa Fe,informacion_consolidada2025_5.xlsx,abril,2025,month,2025-04,Compensación | Consenso Fiscal | II. a y b; II. d y e | (2),4252.427981,Compensación Consenso Fiscal
Santa Fe,informacion_consolidada2025_5.xlsx,abril,2025,month,2025-04,F.E.D.E.I.,109.58215049572523,F.E.D.E.I.
Santa Fe,informacion_consolidada2025_5.xlsx,abril,2025,month,2025-04,F.E.D.E.I.,131.33269372811878,F.E.D.E.I.
Santa Fe,informacion_consolidada2025_5.xlsx,abril,2025,month,2025-04,Financ. | Educativo | Ley Nº 26.075,72901.86469023999,Financiamiento Educativo
Santa Fe,informacion_consolidada2025_5.xlsx,abril,2025,month,2025-04,Fondo | Compens. | de | Desequilib.,0.5,Fondo | Compens. | de | Desequilib.
Santa Fe,informacion_consolidada2025_5.xlsx,abril,2025,month,2025-04,I.V.A. | Ley Nº 23.966 | Art. 5 | Punto 2,5258.476100000001,I.V.A. | Ley Nº 23.966 | Art. 5 | Punto 2
Santa Fe,informacion_consolidada2025_5.xlsx,abril,2025,month,2025-04,Impuesto a los Combustibles Líquidos | Ley Nº 23.966 y Nº 24.699 | Obras de | Infraestr.,865.192,Impuesto a los Combustibles Líquidos | Ley Nº 23.966 y Nº 24.699 | Obras de | Infraestr.
Santa Fe,informacion_consolidada2025_5.xlsx,abril,2025,month,2025-04,Impuesto s/ | Los Activos | Fdo. Educ. | Ley Nº 23.906,7.6e-07,Impuesto s/ | Los Activos | Fdo. Educ. | Ley Nº 23.906
Santa Fe,informacion_consolidada2025_5.xlsx,abril,2025,month,2025-04,Impuesto sobre los | Bienes Personales | Ley | Nº 24.699,2752.0946,Impuesto sobre los | Bienes Personales | Ley | Nº 24.699
Santa Fe,informacion_consolidada2025_5.xlsx,abril,2025,month,2025-04,Ley Nº 23.966 | Art. 30,593.5965999999999,Ley Nº 23.966 | Art. 30
Santa Fe,informacion_consolidada2025_5.xlsx,abril,2025,month,2025-04,Ley Nº 24.464 | FO.NA.VI.,2669.993,Ley Nº 24.464 | FO.NA.VI.
Santa Fe,informacion_consolidada2025_5.xlsx,abril,2025,month,2025-04,Reg.Simplif. | P/Peq.Contrib. | Ley Nº 24.977 | Aart. 59 Inc. A,1243.3553,Reg.Simplif. | P/Peq.Contrib. | Ley Nº 24.977 | Aart. 59 Inc. A
Santa Fe,informacion_consolidada2025_5.xlsx,abril,2025,month,2025-04,Régimen de la Energía Eléctrica | L E Y Nº 2 4 . 0 6 5 | Fdo. P/Comp. | Tarifa Elect.,155.60020158304036,Régimen de la Energía Eléctrica | L E Y Nº 2 4 . 0 6 5 | Fdo. P/Comp. | Tarifa Elect.
Santa Fe,informacion_consolidada2025_5.xlsx,abril,2025,month,2025-04,Subtotal,349999.43649024004,Subtotal
Santa Fe,informacion_consolidada2025_5.xlsx,abril,2025,month,2025-04,Subtotal,350010.72729024006,Subtotal
Santa Fe,informacion_consolidada2025_5.xlsx,abril,2025,month,2025-04,Total | (1) + (2),369835.42061780696,Total | (1) + (2)
Santa Fe,informacion_consolidada2025_5.xlsx,abril,2025,month,2025-04,Total | Recursos | Origen Nacional | (1),365582.992636807,Total | Recursos | Origen Nacional | (1)
Santa Fe,informacion_consolidada2025_5.xlsx,abril,2025,month,2025-04,Transfer. | De Servicios | Ley | Nº 24.049,11.290799999999999,Transfer. | De Servicios | Ley | Nº 24.049
Santa Fe,informacion_consolidada2025_5.xlsx,abril,2025,month,2025-04,Vialidad | Provincial,1792.5427,Vialidad | Provincial
Santa Fe,informacion_consolidada2025_5.xlsx,mayo,2025,month,2025-05,C.F.I. | Neta De | Ley Nº 26.075,379534.48110000003,CFI | Neta
Santa Fe,informacion_consolidada2025_5.xlsx,mayo,2025,month,2025-05,Compensación | Consenso Fiscal | II. a y b; II. d y e | (2),4476.23998,Compensación Consenso Fiscal
Santa Fe,informacion_consolidada2025_5.xlsx,mayo,2025,month,2025-05,F.E.D.E.I.,211.25900365667474,F.E.D.E.I.
Santa Fe,informacion_consolidada2025_5.xlsx,mayo,2025,month,2025-05,F.E.D.E.I.,488.74226440980135,F.E.D.E.I.
Santa Fe,informacion_consolidada2025_5.xlsx,mayo,2025,month,2025-05,Financ. | Educativo | Ley Nº 26.075,75180.04796181012,Financiamiento Educativo
Santa Fe,informacion_consolidada2025_5.xlsx,mayo,2025,month,2025-05,Fondo | Compens. | de | Desequilib.,0.5,Fondo | Compens. | de | Desequilib.
Santa Fe,informacion_consolidada2025_5.xlsx,mayo,2025,month,2025-05,I.V.A. | Ley Nº 23.966 | Art. 5 | Punto 2,4929.6374,I.V.A. | Ley Nº 23.966 | Art. 5 | Punto 2
Santa Fe,informacion_consolidada2025_5.xlsx,mayo,2025,month,2025-05,Impuesto a los Combustibles Líquidos | Ley Nº 23.966 y Nº 24.699 | Obras de | Infraestr.,939.5110999999999,Impuesto a los Combustibles Líquidos | Ley Nº 23.966 y Nº 24.699 | Obras de | Infraestr.
Santa Fe,informacion_consolidada2025_5.xlsx,mayo,2025,month,2025-05,Impuesto s/ | Los Activos | Fdo. Educ. | Ley Nº 23.906,7.3e-07,Impuesto s/ | Los Activos | Fdo. Educ. | Ley Nº 23.906
Santa Fe,informacion_consolidada2025_5.xlsx,mayo,2025,month,2025-05,Impuesto sobre los | Bienes Personales | Ley | Nº 24.699,1900.2613000000001,Impuesto sobre los | Bienes Personales | Ley | Nº 24.699
Santa Fe,informacion_consolidada2025_5.xlsx,mayo,2025,month,2025-05,Ley Nº 23.966 | Art. 30,409.8656,Ley Nº 23.966 | Art. 30
Santa Fe,informacion_consolidada2025_5.xlsx,mayo,2025,month,2025-05,Ley Nº 24.464 | FO.NA.VI.,2899.3429,Ley Nº 24.464 | FO.NA.VI.
Santa Fe,informacion_consolidada2025_5.xlsx,mayo,2025,month,2025-05,Reg.Simplif. | P/Peq.Contrib. | Ley Nº 24.977 | Aart. 59 Inc. A,1305.068,Reg.Simplif. | P/Peq.Contrib. | Ley Nº 24.977 | Aart. 59 Inc. A
Santa Fe,informacion_consolidada2025_5.xlsx,mayo,2025,month,2025-05,Régimen de la Energía Eléctrica | L E Y Nº 2 4 . 0 6 5 | Fdo. P/Comp. | Tarifa Elect.,265.3869880024891,Régimen de la Energía Eléctrica | L E Y Nº 2 4 . 0 6 5 | Fdo. P/Comp. | Tarifa Elect.
Santa Fe,informacion_consolidada2025_5.xlsx,mayo,2025,month,2025-05,Subtotal,454714.5290618102,Subtotal
Santa Fe,informacion_consolidada2025_5.xlsx,mayo,2025,month,2025-05,Subtotal,454725.8198618102,Subtotal
Santa Fe,informacion_consolidada2025_5.xlsx,mayo,2025,month,2025-05,Total | (1) + (2),474498.1547986092,Total | (1) + (2)
Santa Fe,informacion_consolidada2025_5.xlsx,mayo,2025,month,2025-05,Total | Recursos | Origen Nacional | (1),470021.9148186092,Total | Recursos | Origen Nacional | (1)
Santa Fe,informacion_consolidada2025_5.xlsx,mayo,2025,month,2025-05,Transfer. | De Servicios | Ley | Nº 24.049,11.290799999999999,Transfer. | De Servicios | Ley | Nº 24.049
Santa Fe,informacion_consolidada2025_5.xlsx,mayo,2025,month,2025-05,Vialidad | Provincial,1946.5203999999999,Vialidad | Provincial
Santa Fe,informacion_consolidada2025_5.xlsx,junio,2025,month,2025-06,C.F.I. | Neta De | Ley Nº 26.075,312452.9697,CFI | Neta
Santa Fe,informacion_consolidada2025_5.xlsx,junio,2025,month,2025-06,Compensación | Consenso Fiscal | II. a y b; II. d y e | (2),4252.427981,Compensación Consenso Fiscal
Santa Fe,informacion_consolidada2025_5.xlsx,junio,2025,month,2025-06,F.E.D.E.I.,120.89180451545191,F.E.D.E.I.
Santa Fe,informacion_consolidada2025_5.xlsx,junio,2025,month,2025-06,F.E.D.E.I.,140.11588322263276,F.E.D.E.I.
Santa Fe,informacion_consolidada2025_5.xlsx,junio,2025,month,2025-06,Financ. | Educativo | Ley Nº 26.075,72901.86469024012,Financiamiento Educativo
Santa Fe,informacion_consolidada2025_5.xlsx,junio,2025,month,2025-06,Fondo | Compens. | de | Desequilib.,0.5,Fondo | Compens. | de | Desequilib.
Santa Fe,informacion_consolidada2025_5.xlsx,junio,2025,month,2025-06,I.V.A. | Ley Nº 23.966 | Art. 5 | Punto 2,5718.8262,I.V.A. | Ley Nº 23.966 | Art. 5 | Punto 2
Santa Fe,informacion_consolidada2025_5.xlsx,junio,2025,month,2025-06,Impuesto a los Combustibles Líquidos | Ley Nº 23.966 y Nº 24.699 | Obras de | Infraestr.,1018.4653000000001,Impuesto a los Combustibles Líquidos | Ley Nº 23.966 y Nº 24.699 | Obras de | Infraestr.
Santa Fe,informacion_consolidada2025_5.xlsx,junio,2025,month,2025-06,Impuesto s/ | Los Activos | Fdo. Educ. | Ley Nº 23.906,7.3e-07,Impuesto s/ | Los Activos | Fdo. Educ. | Ley Nº 23.906
Santa Fe,informacion_consolidada2025_5.xlsx,junio,2025,month,2025-06,Impuesto sobre los | Bienes Personales | Ley | Nº 24.699,55401.4547,Impuesto sobre los | Bienes Personales | Ley | Nº 24.699
Santa Fe,informacion_consolidada2025_5.xlsx,junio,2025,month,2025-06,Ley Nº 23.966 | Art. 30,11949.4895,Ley Nº 23.966 | Art. 30
Santa Fe,informacion_consolidada2025_5.xlsx,junio,2025,month,2025-06,Ley Nº 24.464 | FO.NA.VI.,3142.9963,Ley Nº 24.464 | FO.NA.VI.
Santa Fe,informacion_consolidada2025_5.xlsx,junio,2025,month,2025-06,Reg.Simplif. | P/Peq.Contrib. | Ley Nº 24.977 | Aart. 59 Inc. A,1332.0736000000002,Reg.Simplif. | P/Peq.Contrib. | Ley Nº 24.977 | Aart. 59 Inc. A
Santa Fe,informacion_consolidada2025_5.xlsx,junio,2025,month,2025-06,Régimen de la Energía Eléctrica | L E Y Nº 2 4 . 0 6 5 | Fdo. P/Comp. | Tarifa Elect.,485.354116064799,Régimen de la Energía Eléctrica | L E Y Nº 2 4 . 0 6 5 | Fdo. P/Comp. | Tarifa Elect.
Santa Fe,informacion_consolidada2025_5.xlsx,junio,2025,month,2025-06,Subtotal,385354.83439024014,Subtotal
Santa Fe,informacion_consolidada2025_5.xlsx,junio,2025,month,2025-06,Subtotal,385366.12519024016,Subtotal
Santa Fe,informacion_consolidada2025_5.xlsx,junio,2025,month,2025-06,Total | (1) + (2),471038.821575773,Total | (1) + (2)
Santa Fe,informacion_consolidada2025_5.xlsx,junio,2025,month,2025-06,Total | Recursos | Origen Nacional | (1),466786.393594773,Total | Recursos | Origen Nacional | (1)
Santa Fe,informacion_consolidada2025_5.xlsx,junio,2025,month,2025-06,Transfer. | De Servicios | Ley | Nº 24.049,11.290799999999999,Transfer. | De Servicios | Ley | Nº 24.049
Santa Fe,informacion_consolidada2025_5.xlsx,junio,2025,month,2025-06,Vialidad | Provincial,2110.101,Vialidad | Provincial
Santa Fe,informacion_consolidada2025_5.xlsx,julio,2025,month,2025-07,C.F.I. | Neta De | Ley Nº 26.075,325345.8935,CFI | Neta
Santa Fe,informacion_consolidada2025_5.xlsx,julio,2025,month,2025-07,Compensación | Consenso Fiscal | II. a y b; II. d y e | (2),6768.716657999999,Compensación Consenso Fiscal
Santa Fe,informacion_consolidada2025_5.xlsx,julio,2025,month,2025-07,F.E.D.E.I.,130.66376590925566,F.E.D.E.I.
Santa Fe,informacion_consolidada2025_5.xlsx,julio,2025,month,2025-07,F.E.D.E.I.,224.15389299292323,F.E.D.E.I.
Santa Fe,informacion_consolidada2025_5.xlsx,julio,2025,month,2025-07,Financ. | Educativo | Ley Nº 26.075,79736.41450495017,Financiamiento Educativo
Santa Fe,informacion_consolidada2025_5.xlsx,julio,2025,month,2025-07,Fondo | Compens. | de | Desequilib.,0.5,Fondo | Compens. | de | Desequilib.
Santa Fe,informacion_consolidada2025_5.xlsx,julio,2025,month,2025-07,I.V.A. | Ley Nº 23.966 | Art. 5 | Punto 2,5756.4301000000005,I.V.A. | Ley Nº 23.966 | Art. 5 | Punto 2
Santa Fe,informacion_consolidada2025_5.xlsx,julio,2025,month,2025-07,Impuesto a los Combustibles Líquidos | Ley Nº 23.966 y Nº 24.699 | Obras de | Infraestr.,906.8664,Impuesto a los Combustibles Líquidos | Ley Nº 23.966 y Nº 24.699 | Obras de | Infraestr.
Santa Fe,informacion_consolidada2025_5.xlsx,julio,2025,month,2025-07,Impuesto s/ | Los Activos | Fdo. Educ. | Ley Nº 23.906,6.9e-07,Impuesto s/ | Los Activos | Fdo. Educ. | Ley Nº 23.906
Santa Fe,informacion_consolidada2025_5.xlsx,julio,2025,month,2025-07,Impuesto sobre los | Bienes Personales | Ley | Nº 24.699,5032.2502,Impuesto sobre los | Bienes Personales | Ley | Nº 24.699
Santa Fe,informacion_consolidada2025_5.xlsx,julio,2025,month,2025-07,Ley Nº 23.966 | Art. 30,1085.4015,Ley Nº 23.966 | Art. 30
Santa Fe,informacion_consolidada2025_5.xlsx,julio,2025,month,2025-07,Ley Nº 24.464 | FO.NA.VI.,2798.6007999999997,Ley Nº 24.464 | FO.NA.VI.
Santa Fe,informacion_consolidada2025_5.xlsx,julio,2025,month,2025-07,Reg.Simplif. | P/Peq.Contrib. | Ley Nº 24.977 | Aart. 59 Inc. A,1346.8473000000001,Reg.Simplif. | P/Peq.Contrib. | Ley Nº 24.977 | Aart. 59 Inc. A
Santa Fe,informacion_consolidada2025_5.xlsx,julio,2025,month,2025-07,Régimen de la Energía Eléctrica | L E Y Nº 2 4 . 0 6 5 | Fdo. P/Comp. | Tarifa Elect.,268.7193667865411,Régimen de la Energía Eléctrica | L E Y Nº 2 4 . 0 6 5 | Fdo. P/Comp. | Tarifa Elect.
Santa Fe,informacion_consolidada2025_5.xlsx,julio,2025,month,2025-07,Subtotal,405082.3080049502,Subtotal
Santa Fe,informacion_consolidada2025_5.xlsx,julio,2025,month,2025-07,Subtotal,405093.5988049502,Subtotal
Santa Fe,informacion_consolidada2025_5.xlsx,julio,2025,month,2025-07,Total | (1) + (2),431291.63438932894,Total | (1) + (2)
Santa Fe,informacion_consolidada2025_5.xlsx,julio,2025,month,2025-07,Total | Recursos | Origen Nacional | (1),424522.9177313289,Total | Recursos | Origen Nacional | (1)
Santa Fe,informacion_consolidada2025_5.xlsx,julio,2025,month,2025-07,Transfer. | De Servicios | Ley | Nº 24.049,11.290799999999999,Transfer. | De Servicios | Ley | Nº 24.049
Santa Fe,informacion_consolidada2025_5.xlsx,julio,2025,month,2025-07,Vialidad | Provincial,1878.8856,Vialidad | Provincial
Santa Fe,informacion_consolidada2025_5.xlsx,agosto,2025,month,2025-08,C.F.I. | Neta De | Ley Nº 26.075,366632.972,CFI | Neta
Santa Fe,informacion_consolidada2025_5.xlsx,agosto,2025,month,2025-08,Compensación | Consenso Fiscal | II. a y b; II. d y e | (2),6153.37878,Compensación Consenso Fiscal
Santa Fe,informacion_consolidada2025_5.xlsx,agosto,2025,month,2025-08,F.E.D.E.I.,116.54650086873703,F.E.D.E.I.
Santa Fe,informacion_consolidada2025_5.xlsx,agosto,2025,month,2025-08,F.E.D.E.I.,154.6391624833038,F.E.D.E.I.
Santa Fe,informacion_consolidada2025_5.xlsx,agosto,2025,month,2025-08,Financ. | Educativo | Ley Nº 26.075,45563.66543140015,Financiamiento Educativo
Santa Fe,informacion_consolidada2025_5.xlsx,agosto,2025,month,2025-08,Fondo | Compens. | de | Desequilib.,0.5,Fondo | Compens. | de | Desequilib.
Santa Fe,informacion_consolidada2025_5.xlsx,agosto,2025,month,2025-08,I.V.A. | Ley Nº 23.966 | Art. 5 | Punto 2,5876.055199999999,I.V.A. | Ley Nº 23.966 | Art. 5 | Punto 2
Santa Fe,informacion_consolidada2025_5.xlsx,agosto,2025,month,2025-08,Impuesto a los Combustibles Líquidos | Ley Nº 23.966 y Nº 24.699 | Obras de | Infraestr.,1074.9463,Impuesto a los Combustibles Líquidos | Ley Nº 23.966 y Nº 24.699 | Obras de | Infraestr.
Santa Fe,informacion_consolidada2025_5.xlsx,agosto,2025,month,2025-08,Impuesto s/ | Los Activos | Fdo. Educ. | Ley Nº 23.906,0.27842920000000004,Impuesto s/ | Los Activos | Fdo. Educ. | Ley Nº 23.906
Santa Fe,informacion_consolidada2025_5.xlsx,agosto,2025,month,2025-08,Impuesto sobre los | Bienes Personales | Ley | Nº 24.699,5193.2252,Impuesto sobre los | Bienes Personales | Ley | Nº 24.699
Santa Fe,informacion_consolidada2025_5.xlsx,agosto,2025,month,2025-08,Ley Nº 23.966 | Art. 30,1120.122,Ley Nº 23.966 | Art. 30
Santa Fe,informacion_consolidada2025_5.xlsx,agosto,2025,month,2025-08,Ley Nº 24.464 | FO.NA.VI.,3317.2975,Ley Nº 24.464 | FO.NA.VI.
Santa Fe,informacion_consolidada2025_5.xlsx,agosto,2025,month,2025-08,Reg.Simplif. | P/Peq.Contrib. | Ley Nº 24.977 | Aart. 59 Inc. A,1918.4558,Reg.Simplif. | P/Peq.Contrib. | Ley Nº 24.977 | Aart. 59 Inc. A
Santa Fe,informacion_consolidada2025_5.xlsx,agosto,2025,month,2025-08,Régimen de la Energía Eléctrica | L E Y Nº 2 4 . 0 6 5 | Fdo. P/Comp. | Tarifa Elect.,185.38396665997595,Régimen de la Energía Eléctrica | L E Y Nº 2 4 . 0 6 5 | Fdo. P/Comp. | Tarifa Elect.
Santa Fe,informacion_consolidada2025_5.xlsx,agosto,2025,month,2025-08,Subtotal,412196.63743140013,Subtotal
Santa Fe,informacion_consolidada2025_5.xlsx,agosto,2025,month,2025-08,Subtotal,412207.92823140015,Subtotal
Santa Fe,informacion_consolidada2025_5.xlsx,agosto,2025,month,2025-08,Total | (1) + (2),439545.8779706121,Total | (1) + (2)
Santa Fe,informacion_consolidada2025_5.xlsx,agosto,2025,month,2025-08,Total | Recursos | Origen Nacional | (1),433392.49919061206,Total | Recursos | Origen Nacional | (1)
Santa Fe,informacion_consolidada2025_5.xlsx,agosto,2025,month,2025-08,Transfer. | De Servicios | Ley | Nº 24.049,11.290799999999999,Transfer. | De Servicios | Ley | Nº 24.049
Santa Fe,informacion_consolidada2025_5.xlsx,agosto,2025,month,2025-08,Vialidad | Provincial,2227.1209,Vialidad | Provincial
Santa Fe,informacion_consolidada2025_5.xlsx,septiembre,2025,month,2025-09,C.F.I. | Neta De | Ley Nº 26.075,357003.0293,CFI | Neta
Santa Fe,informacion_consolidada2025_5.xlsx,septiembre,2025,month,2025-09,Compensación | Consenso Fiscal | II. a y b; II. d y e | (2),6768.716657999999,Compensación Consenso Fiscal
Santa Fe,informacion_consolidada2025_5.xlsx,septiembre,2025,month,2025-09,F.E.D.E.I.,137.9683294040183,F.E.D.E.I.
Santa Fe,informacion_consolidada2025_5.xlsx,septiembre,2025,month,2025-09,F.E.D.E.I.,192.53846488687938,F.E.D.E.I.
Santa Fe,informacion_consolidada2025_5.xlsx,septiembre,2025,month,2025-09,Financ. | Educativo | Ley Nº 26.075,50120.03197454016,Financiamiento Educativo
Santa Fe,informacion_consolidada2025_5.xlsx,septiembre,2025,month,2025-09,Fondo | Compens. | de | Desequilib.,0.5,Fondo | Compens. | de | Desequilib.
Santa Fe,informacion_consolidada2025_5.xlsx,septiembre,2025,month,2025-09,I.V.A. | Ley Nº 23.966 | Art. 5 | Punto 2,6143.984,I.V.A. | Ley Nº 23.966 | Art. 5 | Punto 2
Santa Fe,informacion_consolidada2025_5.xlsx,septiembre,2025,month,2025-09,Impuesto a los Combustibles Líquidos | Ley Nº 23.966 y Nº 24.699 | Obras de | Infraestr.,1111.867,Impuesto a los Combustibles Líquidos | Ley Nº 23.966 y Nº 24.699 | Obras de | Infraestr.
Santa Fe,informacion_consolidada2025_5.xlsx,septiembre,2025,month,2025-09,Impuesto s/ | Los Activos | Fdo. Educ. | Ley Nº 23.906,1.2299999999999999e-06,Impuesto s/ | Los Activos | Fdo. Educ. | Ley Nº 23.906
Santa Fe,informacion_consolidada2025_5.xlsx,septiembre,2025,month,2025-09,Impuesto sobre los | Bienes Personales | Ley | Nº 24.699,4654.3774,Impuesto sobre los | Bienes Personales | Ley | Nº 24.699
Santa Fe,informacion_consolidada2025_5.xlsx,septiembre,2025,month,2025-09,Ley Nº 23.966 | Art. 30,1003.8984,Ley Nº 23.966 | Art. 30
Santa Fe,informacion_consolidada2025_5.xlsx,septiembre,2025,month,2025-09,Ley Nº 24.464 | FO.NA.VI.,3431.2352,Ley Nº 24.464 | FO.NA.VI.
Santa Fe,informacion_consolidada2025_5.xlsx,septiembre,2025,month,2025-09,Reg.Simplif. | P/Peq.Contrib. | Ley Nº 24.977 | Aart. 59 Inc. A,2024.5697,Reg.Simplif. | P/Peq.Contrib. | Ley Nº 24.977 | Aart. 59 Inc. A
Santa Fe,informacion_consolidada2025_5.xlsx,septiembre,2025,month,2025-09,Régimen de la Energía Eléctrica | L E Y Nº 2 4 . 0 6 5 | Fdo. P/Comp. | Tarifa Elect.,230.818272577081,Régimen de la Energía Eléctrica | L E Y Nº 2 4 . 0 6 5 | Fdo. P/Comp. | Tarifa Elect.
Santa Fe,informacion_consolidada2025_5.xlsx,septiembre,2025,month,2025-09,Subtotal,407123.06127454014,Subtotal
Santa Fe,informacion_consolidada2025_5.xlsx,septiembre,2025,month,2025-09,Subtotal,407134.35207454016,Subtotal
Santa Fe,informacion_consolidada2025_5.xlsx,septiembre,2025,month,2025-09,Total | (1) + (2),435138.44030063815,Total | (1) + (2)
Santa Fe,informacion_consolidada2025_5.xlsx,septiembre,2025,month,2025-09,Total | Recursos | Origen Nacional | (1),428369.7236426381,Total | Recursos | Origen Nacional | (1)
Santa Fe,informacion_consolidada2025_5.xlsx,septiembre,2025,month,2025-09,Transfer. | De Servicios | Ley | Nº 24.049,11.290799999999999,Transfer. | De Servicios | Ley | Nº 24.049
Santa Fe,informacion_consolidada2025_5.xlsx,septiembre,2025,month,2025-09,Vialidad | Provincial,2303.6148,Vialidad | Provincial
Santa Fe,informacion_consolidada2025_5.xlsx,octubre,2025,month,2025-10,C.F.I. | Neta De | Ley Nº 26.075,388195.8107,CFI | Neta
Santa Fe,informacion_consolidada2025_5.xlsx,octubre,2025,month,2025-10,Compensación | Consenso Fiscal | II. a y b; II. d y e | (2),7814.07836,Compensación Consenso Fiscal
Santa Fe,informacion_consolidada2025_5.xlsx,octubre,2025,month,2025-10,F.E.D.E.I.,142.73409719188612,F.E.D.E.I.
Santa Fe,informacion_consolidada2025_5.xlsx,octubre,2025,month,2025-10,F.E.D.E.I.,188.87399573877684,F.E.D.E.I.
Santa Fe,informacion_consolidada2025_5.xlsx,octubre,2025,month,2025-10,Financ. | Educativo | Ley Nº 26.075,52398.21524611017,Financiamiento Educativo
Santa Fe,informacion_consolidada2025_5.xlsx,octubre,2025,month,2025-10,Fondo | Compens. | de | Desequilib.,0.5,Fondo | Compens. | de | Desequilib.
Santa Fe,informacion_consolidada2025_5.xlsx,octubre,2025,month,2025-10,I.V.A. | Ley Nº 23.966 | Art. 5 | Punto 2,6421.5844,I.V.A. | Ley Nº 23.966 | Art. 5 | Punto 2
Santa Fe,informacion_consolidada2025_5.xlsx,octubre,2025,month,2025-10,Impuesto a los Combustibles Líquidos | Ley Nº 23.966 y Nº 24.699 | Obras de | Infraestr.,1067.4922,Impuesto a los Combustibles Líquidos | Ley Nº 23.966 y Nº 24.699 | Obras de | Infraestr.
Santa Fe,informacion_consolidada2025_5.xlsx,octubre,2025,month,2025-10,Impuesto s/ | Los Activos | Fdo. Educ. | Ley Nº 23.906,5.0899999999999995e-06,Impuesto s/ | Los Activos | Fdo. Educ. | Ley Nº 23.906
Santa Fe,informacion_consolidada2025_5.xlsx,octubre,2025,month,2025-10,Impuesto sobre los | Bienes Personales | Ley | Nº 24.699,4595.177900000001,Impuesto sobre los | Bienes Personales | Ley | Nº 24.699
Santa Fe,informacion_consolidada2025_5.xlsx,octubre,2025,month,2025-10,Ley Nº 23.966 | Art. 30,991.1298000000002,Ley Nº 23.966 | Art. 30
Santa Fe,informacion_consolidada2025_5.xlsx,octubre,2025,month,2025-10,Ley Nº 24.464 | FO.NA.VI.,3294.294,Ley Nº 24.464 | FO.NA.VI.
Santa Fe,informacion_consolidada2025_5.xlsx,octubre,2025,month,2025-10,Reg.Simplif. | P/Peq.Contrib. | Ley Nº 24.977 | Aart. 59 Inc. A,2125.0573999999997,Reg.Simplif. | P/Peq.Contrib. | Ley Nº 24.977 | Aart. 59 Inc. A
Santa Fe,informacion_consolidada2025_5.xlsx,octubre,2025,month,2025-10,Régimen de la Energía Eléctrica | L E Y Nº 2 4 . 0 6 5 | Fdo. P/Comp. | Tarifa Elect.,226.4252467879257,Régimen de la Energía Eléctrica | L E Y Nº 2 4 . 0 6 5 | Fdo. P/Comp. | Tarifa Elect.
Santa Fe,informacion_consolidada2025_5.xlsx,octubre,2025,month,2025-10,Subtotal,440594.02594611014,Subtotal
Santa Fe,informacion_consolidada2025_5.xlsx,octubre,2025,month,2025-10,Subtotal,440605.31674611015,Subtotal
Santa Fe,informacion_consolidada2025_5.xlsx,octubre,2025,month,2025-10,Total | (1) + (2),469684.3412509187,Total | (1) + (2)
Santa Fe,informacion_consolidada2025_5.xlsx,octubre,2025,month,2025-10,Total | Recursos | Origen Nacional | (1),461870.2628909187,Total | Recursos | Origen Nacional | (1)
Santa Fe,informacion_consolidada2025_5.xlsx,octubre,2025,month,2025-10,Transfer. | De Servicios | Ley | Nº 24.049,11.290799999999999,Transfer. | De Servicios | Ley | Nº 24.049
Santa Fe,informacion_consolidada2025_5.xlsx,octubre,2025,month,2025-10,Vialidad | Provincial,2211.6771,Vialidad | Provincial
Santa Fe,informacion_consolidada2025_5.xlsx,noviembre,2025,month,2025-11,C.F.I. | Neta De | Ley Nº 26.075,389463.2067,CFI | Neta
Santa Fe,informacion_consolidada2025_5.xlsx,noviembre,2025,month,2025-11,Compensación | Consenso Fiscal | II. a y b; II. d y e | (2),6038.15146,Compensación Consenso Fiscal
Santa Fe,informacion_consolidada2025_5.xlsx,noviembre,2025,month,2025-11,F.E.D.E.I.,0.0,F.E.D.E.I.
Santa Fe,informacion_consolidada2025_5.xlsx,noviembre,2025,month,2025-11,F.E.D.E.I.,0.0,F.E.D.E.I.
Santa Fe,informacion_consolidada2025_5.xlsx,noviembre,2025,month,2025-11,Financ. | Educativo | Ley Nº 26.075,38729.11561669012,Financiamiento Educativo
Santa Fe,informacion_consolidada2025_5.xlsx,noviembre,2025,month,2025-11,Fondo | Compens. | de | Desequilib.,0.5,Fondo | Compens. | de | Desequilib.
Santa Fe,informacion_consolidada2025_5.xlsx,noviembre,2025,month,2025-11,I.V.A. | Ley Nº 23.966 | Art. 5 | Punto 2,6015.2836,I.V.A. | Ley Nº 23.966 | Art. 5 | Punto 2
Santa Fe,informacion_consolidada2025_5.xlsx,noviembre,2025,month,2025-11,Impuesto a los Combustibles Líquidos | Ley Nº 23.966 y Nº 24.699 | Obras de | Infraestr.,1130.5502,Impuesto a los Combustibles Líquidos | Ley Nº 23.966 y Nº 24.699 | Obras de | Infraestr.
Santa Fe,informacion_consolidada2025_5.xlsx,noviembre,2025,month,2025-11,Impuesto s/ | Los Activos | Fdo. Educ. | Ley Nº 23.906,6.25e-06,Impuesto s/ | Los Activos | Fdo. Educ. | Ley Nº 23.906
Santa Fe,informacion_consolidada2025_5.xlsx,noviembre,2025,month,2025-11,Impuesto sobre los | Bienes Personales | Ley | Nº 24.699,2776.4655,Impuesto sobre los | Bienes Personales | Ley | Nº 24.699
Santa Fe,informacion_consolidada2025_5.xlsx,noviembre,2025,month,2025-11,Ley Nº 23.966 | Art. 30,598.8534000000001,Ley Nº 23.966 | Art. 30
Santa Fe,informacion_consolidada2025_5.xlsx,noviembre,2025,month,2025-11,Ley Nº 24.464 | FO.NA.VI.,3488.8918,Ley Nº 24.464 | FO.NA.VI.
Santa Fe,informacion_consolidada2025_5.xlsx,noviembre,2025,month,2025-11,Reg.Simplif. | P/Peq.Contrib. | Ley Nº 24.977 | Aart. 59 Inc. A,2096.0222,Reg.Simplif. | P/Peq.Contrib. | Ley Nº 24.977 | Aart. 59 Inc. A
Santa Fe,informacion_consolidada2025_5.xlsx,noviembre,2025,month,2025-11,Régimen de la Energía Eléctrica | L E Y Nº 2 4 . 0 6 5 | Fdo. P/Comp. | Tarifa Elect.,0.0,Régimen de la Energía Eléctrica | L E Y Nº 2 4 . 0 6 5 | Fdo. P/Comp. | Tarifa Elect.
Santa Fe,informacion_consolidada2025_5.xlsx,noviembre,2025,month,2025-11,Subtotal,428192.3223166901,Subtotal
Santa Fe,informacion_consolidada2025_5.xlsx,noviembre,2025,month,2025-11,Subtotal,428203.61311669013,Subtotal
Santa Fe,informacion_consolidada2025_5.xlsx,noviembre,2025,month,2025-11,Total | (1) + (2),452690.65478294017,Total | (1) + (2)
Santa Fe,informacion_consolidada2025_5.xlsx,noviembre,2025,month,2025-11,Total | Recursos | Origen Nacional | (1),446652.50332294015,Total | Recursos | Origen Nacional | (1)
Santa Fe,informacion_consolidada2025_5.xlsx,noviembre,2025,month,2025-11,Transfer. | De Servicios | Ley | Nº 24.049,11.290799999999999,Transfer. | De Servicios | Ley | Nº 24.049
Santa Fe,informacion_consolidada2025_5.xlsx,noviembre,2025,month,2025-11,Vialidad | Provincial,2342.3235,Vialidad | Provincial
Santa Fe,informacion_consolidada2025_5.xlsx,diciembre,2025,month,2025-12,C.F.I. | Neta De | Ley Nº 26.075,402163.1134,CFI | Neta
Santa Fe,informacion_consolidada2025_5.xlsx,diciembre,2025,month,2025-12,Compensación | Consenso Fiscal | II. a y b; II. d y e | (2),7458.8929800000005,Compensación Consenso Fiscal
Santa Fe,informacion_consolidada2025_5.xlsx,diciembre,2025,month,2025-12,F.E.D.E.I.,282.3821113334942,F.E.D.E.I.
Santa Fe,informacion_consolidada2025_5.xlsx,diciembre,2025,month,2025-12,F.E.D.E.I.,404.69740668966665,F.E.D.E.I.
Santa Fe,informacion_consolidada2025_5.xlsx,diciembre,2025,month,2025-12,Financ. | Educativo | Ley Nº 26.075,47841.84870297016,Financiamiento Educativo
Santa Fe,informacion_consolidada2025_5.xlsx,diciembre,2025,month,2025-12,Fondo | Compens. | de | Desequilib.,0.5,Fondo | Compens. | de | Desequilib.
Santa Fe,informacion_consolidada2025_5.xlsx,diciembre,2025,month,2025-12,I.V.A. | Ley Nº 23.966 | Art. 5 | Punto 2,6155.9612,I.V.A. | Ley Nº 23.966 | Art. 5 | Punto 2
Santa Fe,informacion_consolidada2025_5.xlsx,diciembre,2025,month,2025-12,Impuesto a los Combustibles Líquidos | Ley Nº 23.966 y Nº 24.699 | Obras de | Infraestr.,1608.2833999999998,Impuesto a los Combustibles Líquidos | Ley Nº 23.966 y Nº 24.699 | Obras de | Infraestr.
Santa Fe,informacion_consolidada2025_5.xlsx,diciembre,2025,month,2025-12,Impuesto s/ | Los Activos | Fdo. Educ. | Ley Nº 23.906,0.00791391,Impuesto s/ | Los Activos | Fdo. Educ. | Ley Nº 23.906
Santa Fe,informacion_consolidada2025_5.xlsx,diciembre,2025,month,2025-12,Impuesto sobre los | Bienes Personales | Ley | Nº 24.699,4619.6213,Impuesto sobre los | Bienes Personales | Ley | Nº 24.699
Santa Fe,informacion_consolidada2025_5.xlsx,diciembre,2025,month,2025-12,Ley Nº 23.966 | Art. 30,996.402,Ley Nº 23.966 | Art. 30
Santa Fe,informacion_consolidada2025_5.xlsx,diciembre,2025,month,2025-12,Ley Nº 24.464 | FO.NA.VI.,4963.1822999999995,Ley Nº 24.464 | FO.NA.VI.
Santa Fe,informacion_consolidada2025_5.xlsx,diciembre,2025,month,2025-12,Reg.Simplif. | P/Peq.Contrib. | Ley Nº 24.977 | Aart. 59 Inc. A,2214.7853,Reg.Simplif. | P/Peq.Contrib. | Ley Nº 24.977 | Aart. 59 Inc. A
Santa Fe,informacion_consolidada2025_5.xlsx,diciembre,2025,month,2025-12,Régimen de la Energía Eléctrica | L E Y Nº 2 4 . 0 6 5 | Fdo. P/Comp. | Tarifa Elect.,485.1578949467144,Régimen de la Energía Eléctrica | L E Y Nº 2 4 . 0 6 5 | Fdo. P/Comp. | Tarifa Elect.
Santa Fe,informacion_consolidada2025_5.xlsx,diciembre,2025,month,2025-12,Subtotal,450004.9621029701,Subtotal
Santa Fe,informacion_consolidada2025_5.xlsx,diciembre,2025,month,2025-12,Subtotal,450016.2529029701,Subtotal
Santa Fe,informacion_consolidada2025_5.xlsx,diciembre,2025,month,2025-12,Total | (1) + (2),482538.23880985007,Total | (1) + (2)
Santa Fe,informacion_consolidada2025_5.xlsx,diciembre,2025,month,2025-12,Total | Recursos | Origen Nacional | (1),475079.34582985006,Total | Recursos | Origen Nacional | (1)
Santa Fe,informacion_consolidada2025_5.xlsx,diciembre,2025,month,2025-12,Transfer. | De Servicios | Ley | Nº 24.049,11.290799999999999,Transfer. | De Servicios | Ley | Nº 24.049
Santa Fe,informacion_consolidada2025_5.xlsx,diciembre,2025,month,2025-12,Vialidad | Provincial,3332.1121000000003,Vialidad | Provincial
Santa Fe,informacion_consolidada2025_5.xlsx,CONS,2025,consolidated,CONS,C.F.I. | Neta De | Ley Nº 26.075,4254866.630799999,CFI | Neta
Santa Fe,informacion_consolidada2025_5.xlsx,CONS,2025,consolidated,CONS,Compensación | Consenso Fiscal | II. a y b; II. d y e | (2),65489.976038,Compensación Consenso Fiscal
Santa Fe,informacion_consolidada2025_5.xlsx,CONS,2025,consolidated,CONS,F.E.D.E.I.,1488.7114292252431,F.E.D.E.I.
Santa Fe,informacion_consolidada2025_5.xlsx,CONS,2025,consolidated,CONS,F.E.D.E.I.,2167.1253466869994,F.E.D.E.I.
Santa Fe,informacion_consolidada2025_5.xlsx,CONS,2025,consolidated,CONS,Financ. | Educativo | Ley Nº 26.075,553598.535,Financiamiento Educativo
Santa Fe,informacion_consolidada2025_5.xlsx,CONS,2025,consolidated,CONS,Fondo | Compens. | de | Desequilib.,6.0,Fondo | Compens. | de | Desequilib.
Santa Fe,informacion_consolidada2025_5.xlsx,CONS,2025,consolidated,CONS,I.V.A. | Ley Nº 23.966 | Art. 5 | Punto 2,68472.6706,I.V.A. | Ley Nº 23.966 | Art. 5 | Punto 2
Santa Fe,informacion_consolidada2025_5.xlsx,CONS,2025,consolidated,CONS,Impuesto a los Combustibles Líquidos | Ley Nº 23.966 y Nº 24.699 | Obras de | Infraestr.,12062.796799999998,Impuesto a los Combustibles Líquidos | Ley Nº 23.966 y Nº 24.699 | Obras de | Infraestr.
Santa Fe,informacion_consolidada2025_5.xlsx,CONS,2025,consolidated,CONS,Impuesto s/ | Los Activos | Fdo. Educ. | Ley Nº 23.906,0.28629999999999994,Impuesto s/ | Los Activos | Fdo. Educ. | Ley Nº 23.906
Santa Fe,informacion_consolidada2025_5.xlsx,CONS,2025,consolidated,CONS,Impuesto sobre los | Bienes Personales | Ley | Nº 24.699,93935.70610000001,Impuesto sobre los | Bienes Personales | Ley | Nº 24.699
Santa Fe,informacion_consolidada2025_5.xlsx,CONS,2025,consolidated,CONS,Ley Nº 23.966 | Art. 30,20260.907,Ley Nº 23.966 | Art. 30
Santa Fe,informacion_consolidada2025_5.xlsx,CONS,2025,consolidated,CONS,Ley Nº 24.464 | FO.NA.VI.,37133.3584,Ley Nº 24.464 | FO.NA.VI.
Santa Fe,informacion_consolidada2025_5.xlsx,CONS,2025,consolidated,CONS,Reg.Simplif. | P/Peq.Contrib. | Ley Nº 24.977 | Aart. 59 Inc. A,18721.474799999996,Reg.Simplif. | P/Peq.Contrib. | Ley Nº 24.977 | Aart. 59 Inc. A
Santa Fe,informacion_consolidada2025_5.xlsx,CONS,2025,consolidated,CONS,Régimen de la Energía Eléctrica | L E Y Nº 2 4 . 0 6 5 | Fdo. P/Comp. | Tarifa Elect.,2589.6,Régimen de la Energía Eléctrica | L E Y Nº 2 4 . 0 6 5 | Fdo. P/Comp. | Tarifa Elect.
Santa Fe,informacion_consolidada2025_5.xlsx,CONS,2025,consolidated,CONS,Subtotal,4808465.1658,Subtotal
Santa Fe,informacion_consolidada2025_5.xlsx,CONS,2025,consolidated,CONS,Subtotal,4808600.6554,Subtotal
Santa Fe,informacion_consolidada2025_5.xlsx,CONS,2025,consolidated,CONS,Total | (1) + (2),5155859.34431391,Total | (1) + (2)
Santa Fe,informacion_consolidada2025_5.xlsx,CONS,2025,consolidated,CONS,Total | Recursos | Origen Nacional | (1),5090369.368275911,Total | Recursos | Origen Nacional | (1)
Santa Fe,informacion_consolidada2025_5.xlsx,CONS,2025,consolidated,CONS,Transfer. | De Servicios | Ley | Nº 24.049,135.4896,Transfer. | De Servicios | Ley | Nº 24.049
Santa Fe,informacion_consolidada2025_5.xlsx,CONS,2025,consolidated,CONS,Vialidad | Provincial,24930.076100000002,Vialidad | Provincial
Santiago del Estero,informacion_consolidada2025_5.xlsx,enero,2025,month,2025-01,C.F.I. | Neta De | Ley Nº 26.075,176846.0692,CFI | Neta
Santiago del Estero,informacion_consolidada2025_5.xlsx,enero,2025,month,2025-01,Compensación | Consenso Fiscal | II. a y b; II. d y e | (2),4457.874146,Compensación Consenso Fiscal
Santiago del Estero,informacion_consolidada2025_5.xlsx,enero,2025,month,2025-01,F.E.D.E.I.,0.0,F.E.D.E.I.
Santiago del Estero,informacion_consolidada2025_5.xlsx,enero,2025,month,2025-01,F.E.D.E.I.,0.0,F.E.D.E.I.
Santiago del Estero,informacion_consolidada2025_5.xlsx,enero,2025,month,2025-01,Financ. | Educativo | Ley Nº 26.075,0.0,Financiamiento Educativo
Santiago del Estero,informacion_consolidada2025_5.xlsx,enero,2025,month,2025-01,Fondo | Compens. | de | Desequilib.,2.2,Fondo | Compens. | de | Desequilib.
Santiago del Estero,informacion_consolidada2025_5.xlsx,enero,2025,month,2025-01,I.V.A. | Ley Nº 23.966 | Art. 5 | Punto 2,0.0,I.V.A. | Ley Nº 23.966 | Art. 5 | Punto 2
Santiago del Estero,informacion_consolidada2025_5.xlsx,enero,2025,month,2025-01,Impuesto a los Combustibles Líquidos | Ley Nº 23.966 y Nº 24.699 | Obras de | Infraestr.,307.1449,Impuesto a los Combustibles Líquidos | Ley Nº 23.966 y Nº 24.699 | Obras de | Infraestr.
Santiago del Estero,informacion_consolidada2025_5.xlsx,enero,2025,month,2025-01,Impuesto s/ | Los Activos | Fdo. Educ. | Ley Nº 23.906,0.0,Impuesto s/ | Los Activos | Fdo. Educ. | Ley Nº 23.906
Santiago del Estero,informacion_consolidada2025_5.xlsx,enero,2025,month,2025-01,Impuesto sobre los | Bienes Personales | Ley | Nº 24.699,1052.3473999999999,Impuesto sobre los | Bienes Personales | Ley | Nº 24.699
Santiago del Estero,informacion_consolidada2025_5.xlsx,enero,2025,month,2025-01,Ley Nº 23.966 | Art. 30,0.0,Ley Nº 23.966 | Art. 30
Santiago del Estero,informacion_consolidada2025_5.xlsx,enero,2025,month,2025-01,Ley Nº 24.464 | FO.NA.VI.,1560.4463999999998,Ley Nº 24.464 | FO.NA.VI.
Santiago del Estero,informacion_consolidada2025_5.xlsx,enero,2025,month,2025-01,Reg.Simplif. | P/Peq.Contrib. | Ley Nº 24.977 | Aart. 59 Inc. A,350.8039,Reg.Simplif. | P/Peq.Contrib. | Ley Nº 24.977 | Aart. 59 Inc. A
Santiago del Estero,informacion_consolidada2025_5.xlsx,enero,2025,month,2025-01,Régimen de la Energía Eléctrica | L E Y Nº 2 4 . 0 6 5 | Fdo. P/Comp. | Tarifa Elect.,0.0,Régimen de la Energía Eléctrica | L E Y Nº 2 4 . 0 6 5 | Fdo. P/Comp. | Tarifa Elect.
Santiago del Estero,informacion_consolidada2025_5.xlsx,enero,2025,month,2025-01,Subtotal,176846.0692,Subtotal
Santiago del Estero,informacion_consolidada2025_5.xlsx,enero,2025,month,2025-01,Subtotal,176848.70249999998,Subtotal
Santiago del Estero,informacion_consolidada2025_5.xlsx,enero,2025,month,2025-01,Total | (1) + (2),185210.516446,Total | (1) + (2)
Santiago del Estero,informacion_consolidada2025_5.xlsx,enero,2025,month,2025-01,Total | Recursos | Origen Nacional | (1),180752.6423,Total | Recursos | Origen Nacional | (1)
Santiago del Estero,informacion_consolidada2025_5.xlsx,enero,2025,month,2025-01,Transfer. | De Servicios | Ley | Nº 24.049,2.6333,Transfer. | De Servicios | Ley | Nº 24.049
Santiago del Estero,informacion_consolidada2025_5.xlsx,enero,2025,month,2025-01,Vialidad | Provincial,630.9971999999999,Vialidad | Provincial
Santiago del Estero,informacion_consolidada2025_5.xlsx,febrero,2025,month,2025-02,C.F.I. | Neta De | Ley Nº 26.075,163056.58,CFI | Neta
Santiago del Estero,informacion_consolidada2025_5.xlsx,febrero,2025,month,2025-02,Compensación | Consenso Fiscal | II. a y b; II. d y e | (2),4052.6128599999997,Compensación Consenso Fiscal
Santiago del Estero,informacion_consolidada2025_5.xlsx,febrero,2025,month,2025-02,F.E.D.E.I.,199.71613778999998,F.E.D.E.I.
Santiago del Estero,informacion_consolidada2025_5.xlsx,febrero,2025,month,2025-02,F.E.D.E.I.,119.68808908902932,F.E.D.E.I.
Santiago del Estero,informacion_consolidada2025_5.xlsx,febrero,2025,month,2025-02,Financ. | Educativo | Ley Nº 26.075,0.0,Financiamiento Educativo
Santiago del Estero,informacion_consolidada2025_5.xlsx,febrero,2025,month,2025-02,Fondo | Compens. | de | Desequilib.,2.2,Fondo | Compens. | de | Desequilib.
Santiago del Estero,informacion_consolidada2025_5.xlsx,febrero,2025,month,2025-02,I.V.A. | Ley Nº 23.966 | Art. 5 | Punto 2,0.0,I.V.A. | Ley Nº 23.966 | Art. 5 | Punto 2
Santiago del Estero,informacion_consolidada2025_5.xlsx,febrero,2025,month,2025-02,Impuesto a los Combustibles Líquidos | Ley Nº 23.966 y Nº 24.699 | Obras de | Infraestr.,386.908,Impuesto a los Combustibles Líquidos | Ley Nº 23.966 y Nº 24.699 | Obras de | Infraestr.
Santiago del Estero,informacion_consolidada2025_5.xlsx,febrero,2025,month,2025-02,Impuesto s/ | Los Activos | Fdo. Educ. | Ley Nº 23.906,0.0,Impuesto s/ | Los Activos | Fdo. Educ. | Ley Nº 23.906
Santiago del Estero,informacion_consolidada2025_5.xlsx,febrero,2025,month,2025-02,Impuesto sobre los | Bienes Personales | Ley | Nº 24.699,1459.6054,Impuesto sobre los | Bienes Personales | Ley | Nº 24.699
Santiago del Estero,informacion_consolidada2025_5.xlsx,febrero,2025,month,2025-02,Ley Nº 23.966 | Art. 30,0.0,Ley Nº 23.966 | Art. 30
Santiago del Estero,informacion_consolidada2025_5.xlsx,febrero,2025,month,2025-02,Ley Nº 24.464 | FO.NA.VI.,1965.682,Ley Nº 24.464 | FO.NA.VI.
Santiago del Estero,informacion_consolidada2025_5.xlsx,febrero,2025,month,2025-02,Reg.Simplif. | P/Peq.Contrib. | Ley Nº 24.977 | Aart. 59 Inc. A,511.5964,Reg.Simplif. | P/Peq.Contrib. | Ley Nº 24.977 | Aart. 59 Inc. A
Santiago del Estero,informacion_consolidada2025_5.xlsx,febrero,2025,month,2025-02,Régimen de la Energía Eléctrica | L E Y Nº 2 4 . 0 6 5 | Fdo. P/Comp. | Tarifa Elect.,177.17772931917102,Régimen de la Energía Eléctrica | L E Y Nº 2 4 . 0 6 5 | Fdo. P/Comp. | Tarifa Elect.
Santiago del Estero,informacion_consolidada2025_5.xlsx,febrero,2025,month,2025-02,Subtotal,163056.58,Subtotal
Santiago del Estero,informacion_consolidada2025_5.xlsx,febrero,2025,month,2025-02,Subtotal,163059.21329999997,Subtotal
Santiago del Estero,informacion_consolidada2025_5.xlsx,febrero,2025,month,2025-02,Total | (1) + (2),172729.2620161982,Total | (1) + (2)
Santiago del Estero,informacion_consolidada2025_5.xlsx,febrero,2025,month,2025-02,Total | Recursos | Origen Nacional | (1),168676.6491561982,Total | Recursos | Origen Nacional | (1)
Santiago del Estero,informacion_consolidada2025_5.xlsx,febrero,2025,month,2025-02,Transfer. | De Servicios | Ley | Nº 24.049,2.6333,Transfer. | De Servicios | Ley | Nº 24.049
Santiago del Estero,informacion_consolidada2025_5.xlsx,febrero,2025,month,2025-02,Vialidad | Provincial,794.8620999999999,Vialidad | Provincial
Santiago del Estero,informacion_consolidada2025_5.xlsx,marzo,2025,month,2025-03,C.F.I. | Neta De | Ley Nº 26.075,138595.27409999998,CFI | Neta
Santiago del Estero,informacion_consolidada2025_5.xlsx,marzo,2025,month,2025-03,Compensación | Consenso Fiscal | II. a y b; II. d y e | (2),3647.351574,Compensación Consenso Fiscal
Santiago del Estero,informacion_consolidada2025_5.xlsx,marzo,2025,month,2025-03,F.E.D.E.I.,115.85798758,F.E.D.E.I.
Santiago del Estero,informacion_consolidada2025_5.xlsx,marzo,2025,month,2025-03,F.E.D.E.I.,203.01649930392668,F.E.D.E.I.
Santiago del Estero,informacion_consolidada2025_5.xlsx,marzo,2025,month,2025-03,Financ. | Educativo | Ley Nº 26.075,9044.421743839997,Financiamiento Educativo
Santiago del Estero,informacion_consolidada2025_5.xlsx,marzo,2025,month,2025-03,Fondo | Compens. | de | Desequilib.,2.2,Fondo | Compens. | de | Desequilib.
Santiago del Estero,informacion_consolidada2025_5.xlsx,marzo,2025,month,2025-03,I.V.A. | Ley Nº 23.966 | Art. 5 | Punto 2,0.0,I.V.A. | Ley Nº 23.966 | Art. 5 | Punto 2
Santiago del Estero,informacion_consolidada2025_5.xlsx,marzo,2025,month,2025-03,Impuesto a los Combustibles Líquidos | Ley Nº 23.966 y Nº 24.699 | Obras de | Infraestr.,353.3701,Impuesto a los Combustibles Líquidos | Ley Nº 23.966 y Nº 24.699 | Obras de | Infraestr.
Santiago del Estero,informacion_consolidada2025_5.xlsx,marzo,2025,month,2025-03,Impuesto s/ | Los Activos | Fdo. Educ. | Ley Nº 23.906,0.0,Impuesto s/ | Los Activos | Fdo. Educ. | Ley Nº 23.906
Santiago del Estero,informacion_consolidada2025_5.xlsx,marzo,2025,month,2025-03,Impuesto sobre los | Bienes Personales | Ley | Nº 24.699,667.4436999999999,Impuesto sobre los | Bienes Personales | Ley | Nº 24.699
Santiago del Estero,informacion_consolidada2025_5.xlsx,marzo,2025,month,2025-03,Ley Nº 23.966 | Art. 30,0.0,Ley Nº 23.966 | Art. 30
Santiago del Estero,informacion_consolidada2025_5.xlsx,marzo,2025,month,2025-03,Ley Nº 24.464 | FO.NA.VI.,1795.2935,Ley Nº 24.464 | FO.NA.VI.
Santiago del Estero,informacion_consolidada2025_5.xlsx,marzo,2025,month,2025-03,Reg.Simplif. | P/Peq.Contrib. | Ley Nº 24.977 | Aart. 59 Inc. A,550.3734000000001,Reg.Simplif. | P/Peq.Contrib. | Ley Nº 24.977 | Aart. 59 Inc. A
Santiago del Estero,informacion_consolidada2025_5.xlsx,marzo,2025,month,2025-03,Régimen de la Energía Eléctrica | L E Y Nº 2 4 . 0 6 5 | Fdo. P/Comp. | Tarifa Elect.,296.52131563611005,Régimen de la Energía Eléctrica | L E Y Nº 2 4 . 0 6 5 | Fdo. P/Comp. | Tarifa Elect.
Santiago del Estero,informacion_consolidada2025_5.xlsx,marzo,2025,month,2025-03,Subtotal,147639.69584384,Subtotal
Santiago del Estero,informacion_consolidada2025_5.xlsx,marzo,2025,month,2025-03,Subtotal,147642.32914383998,Subtotal
Santiago del Estero,informacion_consolidada2025_5.xlsx,marzo,2025,month,2025-03,Total | (1) + (2),155999.71942036005,Total | (1) + (2)
Santiago del Estero,informacion_consolidada2025_5.xlsx,marzo,2025,month,2025-03,Total | Recursos | Origen Nacional | (1),152352.36784636005,Total | Recursos | Origen Nacional | (1)
Santiago del Estero,informacion_consolidada2025_5.xlsx,marzo,2025,month,2025-03,Transfer. | De Servicios | Ley | Nº 24.049,2.6333,Transfer. | De Servicios | Ley | Nº 24.049
Santiago del Estero,informacion_consolidada2025_5.xlsx,marzo,2025,month,2025-03,Vialidad | Provincial,725.9621999999999,Vialidad | Provincial
Santiago del Estero,informacion_consolidada2025_5.xlsx,abril,2025,month,2025-04,C.F.I. | Neta De | Ley Nº 26.075,122535.9001,CFI | Neta
Santiago del Estero,informacion_consolidada2025_5.xlsx,abril,2025,month,2025-04,Compensación | Consenso Fiscal | II. a y b; II. d y e | (2),5942.280019999999,Compensación Consenso Fiscal
Santiago del Estero,informacion_consolidada2025_5.xlsx,abril,2025,month,2025-04,F.E.D.E.I.,146.10763767318272,F.E.D.E.I.
Santiago del Estero,informacion_consolidada2025_5.xlsx,abril,2025,month,2025-04,F.E.D.E.I.,175.10798561635394,F.E.D.E.I.
Santiago del Estero,informacion_consolidada2025_5.xlsx,abril,2025,month,2025-04,Financ. | Educativo | Ley Nº 26.075,36177.68697535998,Financiamiento Educativo
Santiago del Estero,informacion_consolidada2025_5.xlsx,abril,2025,month,2025-04,Fondo | Compens. | de | Desequilib.,2.2,Fondo | Compens. | de | Desequilib.
Santiago del Estero,informacion_consolidada2025_5.xlsx,abril,2025,month,2025-04,I.V.A. | Ley Nº 23.966 | Art. 5 | Punto 2,0.0,I.V.A. | Ley Nº 23.966 | Art. 5 | Punto 2
Santiago del Estero,informacion_consolidada2025_5.xlsx,abril,2025,month,2025-04,Impuesto a los Combustibles Líquidos | Ley Nº 23.966 y Nº 24.699 | Obras de | Infraestr.,392.36809999999997,Impuesto a los Combustibles Líquidos | Ley Nº 23.966 y Nº 24.699 | Obras de | Infraestr.
Santiago del Estero,informacion_consolidada2025_5.xlsx,abril,2025,month,2025-04,Impuesto s/ | Los Activos | Fdo. Educ. | Ley Nº 23.906,0.0,Impuesto s/ | Los Activos | Fdo. Educ. | Ley Nº 23.906
Santiago del Estero,informacion_consolidada2025_5.xlsx,abril,2025,month,2025-04,Impuesto sobre los | Bienes Personales | Ley | Nº 24.699,1248.0761,Impuesto sobre los | Bienes Personales | Ley | Nº 24.699
Santiago del Estero,informacion_consolidada2025_5.xlsx,abril,2025,month,2025-04,Ley Nº 23.966 | Art. 30,0.0,Ley Nº 23.966 | Art. 30
Santiago del Estero,informacion_consolidada2025_5.xlsx,abril,2025,month,2025-04,Ley Nº 24.464 | FO.NA.VI.,1993.4221,Ley Nº 24.464 | FO.NA.VI.
Santiago del Estero,informacion_consolidada2025_5.xlsx,abril,2025,month,2025-04,Reg.Simplif. | P/Peq.Contrib. | Ley Nº 24.977 | Aart. 59 Inc. A,563.8666999999999,Reg.Simplif. | P/Peq.Contrib. | Ley Nº 24.977 | Aart. 59 Inc. A
Santiago del Estero,informacion_consolidada2025_5.xlsx,abril,2025,month,2025-04,Régimen de la Energía Eléctrica | L E Y Nº 2 4 . 0 6 5 | Fdo. P/Comp. | Tarifa Elect.,286.22359478299614,Régimen de la Energía Eléctrica | L E Y Nº 2 4 . 0 6 5 | Fdo. P/Comp. | Tarifa Elect.
Santiago del Estero,informacion_consolidada2025_5.xlsx,abril,2025,month,2025-04,Subtotal,158713.58707535997,Subtotal
Santiago del Estero,informacion_consolidada2025_5.xlsx,abril,2025,month,2025-04,Subtotal,158716.22037535996,Subtotal
Santiago del Estero,informacion_consolidada2025_5.xlsx,abril,2025,month,2025-04,Total | (1) + (2),170271.95201343248,Total | (1) + (2)
Santiago del Estero,informacion_consolidada2025_5.xlsx,abril,2025,month,2025-04,Total | Recursos | Origen Nacional | (1),164329.67199343248,Total | Recursos | Origen Nacional | (1)
Santiago del Estero,informacion_consolidada2025_5.xlsx,abril,2025,month,2025-04,Transfer. | De Servicios | Ley | Nº 24.049,2.6333,Transfer. | De Servicios | Ley | Nº 24.049
Santiago del Estero,informacion_consolidada2025_5.xlsx,abril,2025,month,2025-04,Vialidad | Provincial,806.0794000000001,Vialidad | Provincial
Santiago del Estero,informacion_consolidada2025_5.xlsx,mayo,2025,month,2025-05,C.F.I. | Neta De | Ley Nº 26.075,168914.5198,CFI | Neta
Santiago del Estero,informacion_consolidada2025_5.xlsx,mayo,2025,month,2025-05,Compensación | Consenso Fiscal | II. a y b; II. d y e | (2),6255.031599999999,Compensación Consenso Fiscal
Santiago del Estero,informacion_consolidada2025_5.xlsx,mayo,2025,month,2025-05,F.E.D.E.I.,281.6750157577119,F.E.D.E.I.
Santiago del Estero,informacion_consolidada2025_5.xlsx,mayo,2025,month,2025-05,F.E.D.E.I.,651.6478949349561,F.E.D.E.I.
Santiago del Estero,informacion_consolidada2025_5.xlsx,mayo,2025,month,2025-05,Financ. | Educativo | Ley Nº 26.075,37308.239693340045,Financiamiento Educativo
Santiago del Estero,informacion_consolidada2025_5.xlsx,mayo,2025,month,2025-05,Fondo | Compens. | de | Desequilib.,2.2,Fondo | Compens. | de | Desequilib.
Santiago del Estero,informacion_consolidada2025_5.xlsx,mayo,2025,month,2025-05,I.V.A. | Ley Nº 23.966 | Art. 5 | Punto 2,0.0,I.V.A. | Ley Nº 23.966 | Art. 5 | Punto 2
Santiago del Estero,informacion_consolidada2025_5.xlsx,mayo,2025,month,2025-05,Impuesto a los Combustibles Líquidos | Ley Nº 23.966 y Nº 24.699 | Obras de | Infraestr.,426.925,Impuesto a los Combustibles Líquidos | Ley Nº 23.966 y Nº 24.699 | Obras de | Infraestr.
Santiago del Estero,informacion_consolidada2025_5.xlsx,mayo,2025,month,2025-05,Impuesto s/ | Los Activos | Fdo. Educ. | Ley Nº 23.906,0.0,Impuesto s/ | Los Activos | Fdo. Educ. | Ley Nº 23.906
Santiago del Estero,informacion_consolidada2025_5.xlsx,mayo,2025,month,2025-05,Impuesto sobre los | Bienes Personales | Ley | Nº 24.699,861.7719000000001,Impuesto sobre los | Bienes Personales | Ley | Nº 24.699
Santiago del Estero,informacion_consolidada2025_5.xlsx,mayo,2025,month,2025-05,Ley Nº 23.966 | Art. 30,0.0,Ley Nº 23.966 | Art. 30
Santiago del Estero,informacion_consolidada2025_5.xlsx,mayo,2025,month,2025-05,Ley Nº 24.464 | FO.NA.VI.,2168.9883,Ley Nº 24.464 | FO.NA.VI.
Santiago del Estero,informacion_consolidada2025_5.xlsx,mayo,2025,month,2025-05,Reg.Simplif. | P/Peq.Contrib. | Ley Nº 24.977 | Aart. 59 Inc. A,591.8533,Reg.Simplif. | P/Peq.Contrib. | Ley Nº 24.977 | Aart. 59 Inc. A
Santiago del Estero,informacion_consolidada2025_5.xlsx,mayo,2025,month,2025-05,Régimen de la Energía Eléctrica | L E Y Nº 2 4 . 0 6 5 | Fdo. P/Comp. | Tarifa Elect.,499.73053168530294,Régimen de la Energía Eléctrica | L E Y Nº 2 4 . 0 6 5 | Fdo. P/Comp. | Tarifa Elect.
Santiago del Estero,informacion_consolidada2025_5.xlsx,mayo,2025,month,2025-05,Subtotal,206222.75949334004,Subtotal
Santiago del Estero,informacion_consolidada2025_5.xlsx,mayo,2025,month,2025-05,Subtotal,206225.39279334003,Subtotal
Santiago del Estero,informacion_consolidada2025_5.xlsx,mayo,2025,month,2025-05,Total | (1) + (2),218842.28933571797,Total | (1) + (2)
Santiago del Estero,informacion_consolidada2025_5.xlsx,mayo,2025,month,2025-05,Total | Recursos | Origen Nacional | (1),212587.25773571798,Total | Recursos | Origen Nacional | (1)
Santiago del Estero,informacion_consolidada2025_5.xlsx,mayo,2025,month,2025-05,Transfer. | De Servicios | Ley | Nº 24.049,2.6333,Transfer. | De Servicios | Ley | Nº 24.049
Santiago del Estero,informacion_consolidada2025_5.xlsx,mayo,2025,month,2025-05,Vialidad | Provincial,877.073,Vialidad | Provincial
Santiago del Estero,informacion_consolidada2025_5.xlsx,junio,2025,month,2025-06,C.F.I. | Neta De | Ley Nº 26.075,138572.7347,CFI | Neta
Santiago del Estero,informacion_consolidada2025_5.xlsx,junio,2025,month,2025-06,Compensación | Consenso Fiscal | II. a y b; II. d y e | (2),5942.280019999999,Compensación Consenso Fiscal
Santiago del Estero,informacion_consolidada2025_5.xlsx,junio,2025,month,2025-06,F.E.D.E.I.,161.18698068723785,F.E.D.E.I.
Santiago del Estero,informacion_consolidada2025_5.xlsx,junio,2025,month,2025-06,F.E.D.E.I.,186.8187529587873,F.E.D.E.I.
Santiago del Estero,informacion_consolidada2025_5.xlsx,junio,2025,month,2025-06,Financ. | Educativo | Ley Nº 26.075,36177.68697536002,Financiamiento Educativo
Santiago del Estero,informacion_consolidada2025_5.xlsx,junio,2025,month,2025-06,Fondo | Compens. | de | Desequilib.,2.2,Fondo | Compens. | de | Desequilib.
Santiago del Estero,informacion_consolidada2025_5.xlsx,junio,2025,month,2025-06,I.V.A. | Ley Nº 23.966 | Art. 5 | Punto 2,0.0,I.V.A. | Ley Nº 23.966 | Art. 5 | Punto 2
Santiago del Estero,informacion_consolidada2025_5.xlsx,junio,2025,month,2025-06,Impuesto a los Combustibles Líquidos | Ley Nº 23.966 y Nº 24.699 | Obras de | Infraestr.,461.0777,Impuesto a los Combustibles Líquidos | Ley Nº 23.966 y Nº 24.699 | Obras de | Infraestr.
Santiago del Estero,informacion_consolidada2025_5.xlsx,junio,2025,month,2025-06,Impuesto s/ | Los Activos | Fdo. Educ. | Ley Nº 23.906,0.0,Impuesto s/ | Los Activos | Fdo. Educ. | Ley Nº 23.906
Santiago del Estero,informacion_consolidada2025_5.xlsx,junio,2025,month,2025-06,Impuesto sobre los | Bienes Personales | Ley | Nº 24.699,25124.6229,Impuesto sobre los | Bienes Personales | Ley | Nº 24.699
Santiago del Estero,informacion_consolidada2025_5.xlsx,junio,2025,month,2025-06,Ley Nº 23.966 | Art. 30,0.0,Ley Nº 23.966 | Art. 30
Santiago del Estero,informacion_consolidada2025_5.xlsx,junio,2025,month,2025-06,Ley Nº 24.464 | FO.NA.VI.,2342.5006000000003,Ley Nº 24.464 | FO.NA.VI.
Santiago del Estero,informacion_consolidada2025_5.xlsx,junio,2025,month,2025-06,Reg.Simplif. | P/Peq.Contrib. | Ley Nº 24.977 | Aart. 59 Inc. A,604.1007,Reg.Simplif. | P/Peq.Contrib. | Ley Nº 24.977 | Aart. 59 Inc. A
Santiago del Estero,informacion_consolidada2025_5.xlsx,junio,2025,month,2025-06,Régimen de la Energía Eléctrica | L E Y Nº 2 4 . 0 6 5 | Fdo. P/Comp. | Tarifa Elect.,832.1436518112401,Régimen de la Energía Eléctrica | L E Y Nº 2 4 . 0 6 5 | Fdo. P/Comp. | Tarifa Elect.
Santiago del Estero,informacion_consolidada2025_5.xlsx,junio,2025,month,2025-06,Subtotal,174750.42167536,Subtotal
Santiago del Estero,informacion_consolidada2025_5.xlsx,junio,2025,month,2025-06,Subtotal,174753.05497536,Subtotal
Santiago del Estero,informacion_consolidada2025_5.xlsx,junio,2025,month,2025-06,Total | (1) + (2),211357.22238081726,Total | (1) + (2)
Santiago del Estero,informacion_consolidada2025_5.xlsx,junio,2025,month,2025-06,Total | Recursos | Origen Nacional | (1),205414.94236081725,Total | Recursos | Origen Nacional | (1)
Santiago del Estero,informacion_consolidada2025_5.xlsx,junio,2025,month,2025-06,Transfer. | De Servicios | Ley | Nº 24.049,2.6333,Transfer. | De Servicios | Ley | Nº 24.049
Santiago del Estero,informacion_consolidada2025_5.xlsx,junio,2025,month,2025-06,Vialidad | Provincial,947.2361,Vialidad | Provincial
Santiago del Estero,informacion_consolidada2025_5.xlsx,julio,2025,month,2025-07,C.F.I. | Neta De | Ley Nº 26.075,144108.96480000002,CFI | Neta
Santiago del Estero,informacion_consolidada2025_5.xlsx,julio,2025,month,2025-07,Compensación | Consenso Fiscal | II. a y b; II. d y e | (2),6833.884574,Compensación Consenso Fiscal
Santiago del Estero,informacion_consolidada2025_5.xlsx,julio,2025,month,2025-07,F.E.D.E.I.,174.2160934446288,F.E.D.E.I.
Santiago del Estero,informacion_consolidada2025_5.xlsx,julio,2025,month,2025-07,F.E.D.E.I.,298.86797839101513,F.E.D.E.I.
Santiago del Estero,informacion_consolidada2025_5.xlsx,julio,2025,month,2025-07,Financ. | Educativo | Ley Nº 26.075,39569.34512929991,Financiamiento Educativo
Santiago del Estero,informacion_consolidada2025_5.xlsx,julio,2025,month,2025-07,Fondo | Compens. | de | Desequilib.,2.2,Fondo | Compens. | de | Desequilib.
Santiago del Estero,informacion_consolidada2025_5.xlsx,julio,2025,month,2025-07,I.V.A. | Ley Nº 23.966 | Art. 5 | Punto 2,0.0,I.V.A. | Ley Nº 23.966 | Art. 5 | Punto 2
Santiago del Estero,informacion_consolidada2025_5.xlsx,julio,2025,month,2025-07,Impuesto a los Combustibles Líquidos | Ley Nº 23.966 y Nº 24.699 | Obras de | Infraestr.,412.0135,Impuesto a los Combustibles Líquidos | Ley Nº 23.966 y Nº 24.699 | Obras de | Infraestr.
Santiago del Estero,informacion_consolidada2025_5.xlsx,julio,2025,month,2025-07,Impuesto s/ | Los Activos | Fdo. Educ. | Ley Nº 23.906,0.0,Impuesto s/ | Los Activos | Fdo. Educ. | Ley Nº 23.906
Santiago del Estero,informacion_consolidada2025_5.xlsx,julio,2025,month,2025-07,Impuesto sobre los | Bienes Personales | Ley | Nº 24.699,2282.131,Impuesto sobre los | Bienes Personales | Ley | Nº 24.699
Santiago del Estero,informacion_consolidada2025_5.xlsx,julio,2025,month,2025-07,Ley Nº 23.966 | Art. 30,0.0,Ley Nº 23.966 | Art. 30
Santiago del Estero,informacion_consolidada2025_5.xlsx,julio,2025,month,2025-07,Ley Nº 24.464 | FO.NA.VI.,2093.2305,Ley Nº 24.464 | FO.NA.VI.
Santiago del Estero,informacion_consolidada2025_5.xlsx,julio,2025,month,2025-07,Reg.Simplif. | P/Peq.Contrib. | Ley Nº 24.977 | Aart. 59 Inc. A,610.8005,Reg.Simplif. | P/Peq.Contrib. | Ley Nº 24.977 | Aart. 59 Inc. A
Santiago del Estero,informacion_consolidada2025_5.xlsx,julio,2025,month,2025-07,Régimen de la Energía Eléctrica | L E Y Nº 2 4 . 0 6 5 | Fdo. P/Comp. | Tarifa Elect.,405.99396694553707,Régimen de la Energía Eléctrica | L E Y Nº 2 4 . 0 6 5 | Fdo. P/Comp. | Tarifa Elect.
Santiago del Estero,informacion_consolidada2025_5.xlsx,julio,2025,month,2025-07,Subtotal,183678.30992929992,Subtotal
Santiago del Estero,informacion_consolidada2025_5.xlsx,julio,2025,month,2025-07,Subtotal,183680.9432292999,Subtotal
Santiago del Estero,informacion_consolidada2025_5.xlsx,julio,2025,month,2025-07,Total | (1) + (2),197640.7202420811,Total | (1) + (2)
Santiago del Estero,informacion_consolidada2025_5.xlsx,julio,2025,month,2025-07,Total | Recursos | Origen Nacional | (1),190806.8356680811,Total | Recursos | Origen Nacional | (1)
Santiago del Estero,informacion_consolidada2025_5.xlsx,julio,2025,month,2025-07,Transfer. | De Servicios | Ley | Nº 24.049,2.6333,Transfer. | De Servicios | Ley | Nº 24.049
Santiago del Estero,informacion_consolidada2025_5.xlsx,julio,2025,month,2025-07,Vialidad | Provincial,846.4389,Vialidad | Provincial
Santiago del Estero,informacion_consolidada2025_5.xlsx,agosto,2025,month,2025-08,C.F.I. | Neta De | Ley Nº 26.075,164310.195,CFI | Neta
Santiago del Estero,informacion_consolidada2025_5.xlsx,agosto,2025,month,2025-08,Compensación | Consenso Fiscal | II. a y b; II. d y e | (2),6212.62234,Compensación Consenso Fiscal
Santiago del Estero,informacion_consolidada2025_5.xlsx,agosto,2025,month,2025-08,F.E.D.E.I.,155.39331767689552,F.E.D.E.I.
Santiago del Estero,informacion_consolidada2025_5.xlsx,agosto,2025,month,2025-08,F.E.D.E.I.,206.18287398050242,F.E.D.E.I.
Santiago del Estero,informacion_consolidada2025_5.xlsx,agosto,2025,month,2025-08,Financ. | Educativo | Ley Nº 26.075,22611.054359599915,Financiamiento Educativo
Santiago del Estero,informacion_consolidada2025_5.xlsx,agosto,2025,month,2025-08,Fondo | Compens. | de | Desequilib.,2.2,Fondo | Compens. | de | Desequilib.
Santiago del Estero,informacion_consolidada2025_5.xlsx,agosto,2025,month,2025-08,I.V.A. | Ley Nº 23.966 | Art. 5 | Punto 2,0.0,I.V.A. | Ley Nº 23.966 | Art. 5 | Punto 2
Santiago del Estero,informacion_consolidada2025_5.xlsx,agosto,2025,month,2025-08,Impuesto a los Combustibles Líquidos | Ley Nº 23.966 y Nº 24.699 | Obras de | Infraestr.,487.09740000000005,Impuesto a los Combustibles Líquidos | Ley Nº 23.966 y Nº 24.699 | Obras de | Infraestr.
Santiago del Estero,informacion_consolidada2025_5.xlsx,agosto,2025,month,2025-08,Impuesto s/ | Los Activos | Fdo. Educ. | Ley Nº 23.906,0.13564826000000002,Impuesto s/ | Los Activos | Fdo. Educ. | Ley Nº 23.906
Santiago del Estero,informacion_consolidada2025_5.xlsx,agosto,2025,month,2025-08,Impuesto sobre los | Bienes Personales | Ley | Nº 24.699,2355.1307,Impuesto sobre los | Bienes Personales | Ley | Nº 24.699
Santiago del Estero,informacion_consolidada2025_5.xlsx,agosto,2025,month,2025-08,Ley Nº 23.966 | Art. 30,0.0,Ley Nº 23.966 | Art. 30
Santiago del Estero,informacion_consolidada2025_5.xlsx,agosto,2025,month,2025-08,Ley Nº 24.464 | FO.NA.VI.,2474.6937000000003,Ley Nº 24.464 | FO.NA.VI.
Santiago del Estero,informacion_consolidada2025_5.xlsx,agosto,2025,month,2025-08,Reg.Simplif. | P/Peq.Contrib. | Ley Nº 24.977 | Aart. 59 Inc. A,870.0273000000001,Reg.Simplif. | P/Peq.Contrib. | Ley Nº 24.977 | Aart. 59 Inc. A
Santiago del Estero,informacion_consolidada2025_5.xlsx,agosto,2025,month,2025-08,Régimen de la Energía Eléctrica | L E Y Nº 2 4 . 0 6 5 | Fdo. P/Comp. | Tarifa Elect.,286.5851423414131,Régimen de la Energía Eléctrica | L E Y Nº 2 4 . 0 6 5 | Fdo. P/Comp. | Tarifa Elect.
Santiago del Estero,informacion_consolidada2025_5.xlsx,agosto,2025,month,2025-08,Subtotal,186921.24935959993,Subtotal
Santiago del Estero,informacion_consolidada2025_5.xlsx,agosto,2025,month,2025-08,Subtotal,186923.8826595999,Subtotal
Santiago del Estero,informacion_consolidada2025_5.xlsx,agosto,2025,month,2025-08,Total | (1) + (2),200974.64208185874,Total | (1) + (2)
Santiago del Estero,informacion_consolidada2025_5.xlsx,agosto,2025,month,2025-08,Total | Recursos | Origen Nacional | (1),194762.01974185873,Total | Recursos | Origen Nacional | (1)
Santiago del Estero,informacion_consolidada2025_5.xlsx,agosto,2025,month,2025-08,Transfer. | De Servicios | Ley | Nº 24.049,2.6333,Transfer. | De Servicios | Ley | Nº 24.049
Santiago del Estero,informacion_consolidada2025_5.xlsx,agosto,2025,month,2025-08,Vialidad | Provincial,1000.691,Vialidad | Provincial
Santiago del Estero,informacion_consolidada2025_5.xlsx,septiembre,2025,month,2025-09,C.F.I. | Neta De | Ley Nº 26.075,159703.9694,CFI | Neta
Santiago del Estero,informacion_consolidada2025_5.xlsx,septiembre,2025,month,2025-09,Compensación | Consenso Fiscal | II. a y b; II. d y e | (2),6833.884574,Compensación Consenso Fiscal
Santiago del Estero,informacion_consolidada2025_5.xlsx,septiembre,2025,month,2025-09,F.E.D.E.I.,183.95538503027544,F.E.D.E.I.
Santiago del Estero,informacion_consolidada2025_5.xlsx,septiembre,2025,month,2025-09,F.E.D.E.I.,256.71462134644787,F.E.D.E.I.
Santiago del Estero,informacion_consolidada2025_5.xlsx,septiembre,2025,month,2025-09,Financ. | Educativo | Ley Nº 26.075,24872.159795560045,Financiamiento Educativo
Santiago del Estero,informacion_consolidada2025_5.xlsx,septiembre,2025,month,2025-09,Fondo | Compens. | de | Desequilib.,2.2,Fondo | Compens. | de | Desequilib.
Santiago del Estero,informacion_consolidada2025_5.xlsx,septiembre,2025,month,2025-09,I.V.A. | Ley Nº 23.966 | Art. 5 | Punto 2,0.0,I.V.A. | Ley Nº 23.966 | Art. 5 | Punto 2
Santiago del Estero,informacion_consolidada2025_5.xlsx,septiembre,2025,month,2025-09,Impuesto a los Combustibles Líquidos | Ley Nº 23.966 y Nº 24.699 | Obras de | Infraestr.,503.8317,Impuesto a los Combustibles Líquidos | Ley Nº 23.966 y Nº 24.699 | Obras de | Infraestr.
Santiago del Estero,informacion_consolidada2025_5.xlsx,septiembre,2025,month,2025-09,Impuesto s/ | Los Activos | Fdo. Educ. | Ley Nº 23.906,0.0,Impuesto s/ | Los Activos | Fdo. Educ. | Ley Nº 23.906
Santiago del Estero,informacion_consolidada2025_5.xlsx,septiembre,2025,month,2025-09,Impuesto sobre los | Bienes Personales | Ley | Nº 24.699,2110.7628,Impuesto sobre los | Bienes Personales | Ley | Nº 24.699
Santiago del Estero,informacion_consolidada2025_5.xlsx,septiembre,2025,month,2025-09,Ley Nº 23.966 | Art. 30,0.0,Ley Nº 23.966 | Art. 30
Santiago del Estero,informacion_consolidada2025_5.xlsx,septiembre,2025,month,2025-09,Ley Nº 24.464 | FO.NA.VI.,2559.7118,Ley Nº 24.464 | FO.NA.VI.
Santiago del Estero,informacion_consolidada2025_5.xlsx,septiembre,2025,month,2025-09,Reg.Simplif. | P/Peq.Contrib. | Ley Nº 24.977 | Aart. 59 Inc. A,918.1503,Reg.Simplif. | P/Peq.Contrib. | Ley Nº 24.977 | Aart. 59 Inc. A
Santiago del Estero,informacion_consolidada2025_5.xlsx,septiembre,2025,month,2025-09,Régimen de la Energía Eléctrica | L E Y Nº 2 4 . 0 6 5 | Fdo. P/Comp. | Tarifa Elect.,354.96967725318234,Régimen de la Energía Eléctrica | L E Y Nº 2 4 . 0 6 5 | Fdo. P/Comp. | Tarifa Elect.
Santiago del Estero,informacion_consolidada2025_5.xlsx,septiembre,2025,month,2025-09,Subtotal,184576.12919556006,Subtotal
Santiago del Estero,informacion_consolidada2025_5.xlsx,septiembre,2025,month,2025-09,Subtotal,184578.76249556005,Subtotal
Santiago del Estero,informacion_consolidada2025_5.xlsx,septiembre,2025,month,2025-09,Total | (1) + (2),199338.01315318997,Total | (1) + (2)
Santiago del Estero,informacion_consolidada2025_5.xlsx,septiembre,2025,month,2025-09,Total | Recursos | Origen Nacional | (1),192504.12857918997,Total | Recursos | Origen Nacional | (1)
Santiago del Estero,informacion_consolidada2025_5.xlsx,septiembre,2025,month,2025-09,Transfer. | De Servicios | Ley | Nº 24.049,2.6333,Transfer. | De Servicios | Ley | Nº 24.049
Santiago del Estero,informacion_consolidada2025_5.xlsx,septiembre,2025,month,2025-09,Vialidad | Provincial,1035.0698,Vialidad | Provincial
Santiago del Estero,informacion_consolidada2025_5.xlsx,octubre,2025,month,2025-10,C.F.I. | Neta De | Ley Nº 26.075,173773.02980000002,CFI | Neta
Santiago del Estero,informacion_consolidada2025_5.xlsx,octubre,2025,month,2025-10,Compensación | Consenso Fiscal | II. a y b; II. d y e | (2),7633.368775999999,Compensación Consenso Fiscal
Santiago del Estero,informacion_consolidada2025_5.xlsx,octubre,2025,month,2025-10,F.E.D.E.I.,190.3096595960614,F.E.D.E.I.
Santiago del Estero,informacion_consolidada2025_5.xlsx,octubre,2025,month,2025-10,F.E.D.E.I.,251.82872588589007,F.E.D.E.I.
Santiago del Estero,informacion_consolidada2025_5.xlsx,octubre,2025,month,2025-10,Financ. | Educativo | Ley Nº 26.075,26002.712513540253,Financiamiento Educativo
Santiago del Estero,informacion_consolidada2025_5.xlsx,octubre,2025,month,2025-10,Fondo | Compens. | de | Desequilib.,2.2,Fondo | Compens. | de | Desequilib.
Santiago del Estero,informacion_consolidada2025_5.xlsx,octubre,2025,month,2025-10,I.V.A. | Ley Nº 23.966 | Art. 5 | Punto 2,0.0,I.V.A. | Ley Nº 23.966 | Art. 5 | Punto 2
Santiago del Estero,informacion_consolidada2025_5.xlsx,octubre,2025,month,2025-10,Impuesto a los Combustibles Líquidos | Ley Nº 23.966 y Nº 24.699 | Obras de | Infraestr.,484.1131,Impuesto a los Combustibles Líquidos | Ley Nº 23.966 y Nº 24.699 | Obras de | Infraestr.
Santiago del Estero,informacion_consolidada2025_5.xlsx,octubre,2025,month,2025-10,Impuesto s/ | Los Activos | Fdo. Educ. | Ley Nº 23.906,0.0,Impuesto s/ | Los Activos | Fdo. Educ. | Ley Nº 23.906
Santiago del Estero,informacion_consolidada2025_5.xlsx,octubre,2025,month,2025-10,Impuesto sobre los | Bienes Personales | Ley | Nº 24.699,2083.9229,Impuesto sobre los | Bienes Personales | Ley | Nº 24.699
Santiago del Estero,informacion_consolidada2025_5.xlsx,octubre,2025,month,2025-10,Ley Nº 23.966 | Art. 30,0.0,Ley Nº 23.966 | Art. 30
Santiago del Estero,informacion_consolidada2025_5.xlsx,octubre,2025,month,2025-10,Ley Nº 24.464 | FO.NA.VI.,2459.5317999999997,Ley Nº 24.464 | FO.NA.VI.
Santiago del Estero,informacion_consolidada2025_5.xlsx,octubre,2025,month,2025-10,Reg.Simplif. | P/Peq.Contrib. | Ley Nº 24.977 | Aart. 59 Inc. A,963.7219,Reg.Simplif. | P/Peq.Contrib. | Ley Nº 24.977 | Aart. 59 Inc. A
Santiago del Estero,informacion_consolidada2025_5.xlsx,octubre,2025,month,2025-10,Régimen de la Energía Eléctrica | L E Y Nº 2 4 . 0 6 5 | Fdo. P/Comp. | Tarifa Elect.,348.53814231941686,Régimen de la Energía Eléctrica | L E Y Nº 2 4 . 0 6 5 | Fdo. P/Comp. | Tarifa Elect.
Santiago del Estero,informacion_consolidada2025_5.xlsx,octubre,2025,month,2025-10,Subtotal,199775.74231354028,Subtotal
Santiago del Estero,informacion_consolidada2025_5.xlsx,octubre,2025,month,2025-10,Subtotal,199778.37561354027,Subtotal
Santiago del Estero,informacion_consolidada2025_5.xlsx,octubre,2025,month,2025-10,Total | (1) + (2),215190.47061734163,Total | (1) + (2)
Santiago del Estero,informacion_consolidada2025_5.xlsx,octubre,2025,month,2025-10,Total | Recursos | Origen Nacional | (1),207557.10184134165,Total | Recursos | Origen Nacional | (1)
Santiago del Estero,informacion_consolidada2025_5.xlsx,octubre,2025,month,2025-10,Transfer. | De Servicios | Ley | Nº 24.049,2.6333,Transfer. | De Servicios | Ley | Nº 24.049
Santiago del Estero,informacion_consolidada2025_5.xlsx,octubre,2025,month,2025-10,Vialidad | Provincial,994.56,Vialidad | Provincial
Santiago del Estero,informacion_consolidada2025_5.xlsx,noviembre,2025,month,2025-11,C.F.I. | Neta De | Ley Nº 26.075,174943.3136,CFI | Neta
Santiago del Estero,informacion_consolidada2025_5.xlsx,noviembre,2025,month,2025-11,Compensación | Consenso Fiscal | II. a y b; II. d y e | (2),5898.512236,Compensación Consenso Fiscal
Santiago del Estero,informacion_consolidada2025_5.xlsx,noviembre,2025,month,2025-11,F.E.D.E.I.,0.0,F.E.D.E.I.
Santiago del Estero,informacion_consolidada2025_5.xlsx,noviembre,2025,month,2025-11,F.E.D.E.I.,0.0,F.E.D.E.I.
Santiago del Estero,informacion_consolidada2025_5.xlsx,noviembre,2025,month,2025-11,Financ. | Educativo | Ley Nº 26.075,19219.396205660185,Financiamiento Educativo
Santiago del Estero,informacion_consolidada2025_5.xlsx,noviembre,2025,month,2025-11,Fondo | Compens. | de | Desequilib.,2.2,Fondo | Compens. | de | Desequilib.
Santiago del Estero,informacion_consolidada2025_5.xlsx,noviembre,2025,month,2025-11,I.V.A. | Ley Nº 23.966 | Art. 5 | Punto 2,0.0,I.V.A. | Ley Nº 23.966 | Art. 5 | Punto 2
Santiago del Estero,informacion_consolidada2025_5.xlsx,noviembre,2025,month,2025-11,Impuesto a los Combustibles Líquidos | Ley Nº 23.966 y Nº 24.699 | Obras de | Infraestr.,512.7083,Impuesto a los Combustibles Líquidos | Ley Nº 23.966 y Nº 24.699 | Obras de | Infraestr.
Santiago del Estero,informacion_consolidada2025_5.xlsx,noviembre,2025,month,2025-11,Impuesto s/ | Los Activos | Fdo. Educ. | Ley Nº 23.906,0.0,Impuesto s/ | Los Activos | Fdo. Educ. | Ley Nº 23.906
Santiago del Estero,informacion_consolidada2025_5.xlsx,noviembre,2025,month,2025-11,Impuesto sobre los | Bienes Personales | Ley | Nº 24.699,1259.1259,Impuesto sobre los | Bienes Personales | Ley | Nº 24.699
Santiago del Estero,informacion_consolidada2025_5.xlsx,noviembre,2025,month,2025-11,Ley Nº 23.966 | Art. 30,0.0,Ley Nº 23.966 | Art. 30
Santiago del Estero,informacion_consolidada2025_5.xlsx,noviembre,2025,month,2025-11,Ley Nº 24.464 | FO.NA.VI.,2604.8095,Ley Nº 24.464 | FO.NA.VI.
Santiago del Estero,informacion_consolidada2025_5.xlsx,noviembre,2025,month,2025-11,Reg.Simplif. | P/Peq.Contrib. | Ley Nº 24.977 | Aart. 59 Inc. A,950.5543,Reg.Simplif. | P/Peq.Contrib. | Ley Nº 24.977 | Aart. 59 Inc. A
Santiago del Estero,informacion_consolidada2025_5.xlsx,noviembre,2025,month,2025-11,Régimen de la Energía Eléctrica | L E Y Nº 2 4 . 0 6 5 | Fdo. P/Comp. | Tarifa Elect.,0.0,Régimen de la Energía Eléctrica | L E Y Nº 2 4 . 0 6 5 | Fdo. P/Comp. | Tarifa Elect.
Santiago del Estero,informacion_consolidada2025_5.xlsx,noviembre,2025,month,2025-11,Subtotal,194162.70980566018,Subtotal
Santiago del Estero,informacion_consolidada2025_5.xlsx,noviembre,2025,month,2025-11,Subtotal,194165.34310566017,Subtotal
Santiago del Estero,informacion_consolidada2025_5.xlsx,noviembre,2025,month,2025-11,Total | (1) + (2),206446.5592416602,Total | (1) + (2)
Santiago del Estero,informacion_consolidada2025_5.xlsx,noviembre,2025,month,2025-11,Total | Recursos | Origen Nacional | (1),200548.0470056602,Total | Recursos | Origen Nacional | (1)
Santiago del Estero,informacion_consolidada2025_5.xlsx,noviembre,2025,month,2025-11,Transfer. | De Servicios | Ley | Nº 24.049,2.6333,Transfer. | De Servicios | Ley | Nº 24.049
Santiago del Estero,informacion_consolidada2025_5.xlsx,noviembre,2025,month,2025-11,Vialidad | Provincial,1053.3058999999998,Vialidad | Provincial
Santiago del Estero,informacion_consolidada2025_5.xlsx,diciembre,2025,month,2025-12,C.F.I. | Neta De | Ley Nº 26.075,180324.6625,CFI | Neta
Santiago del Estero,informacion_consolidada2025_5.xlsx,diciembre,2025,month,2025-12,Compensación | Consenso Fiscal | II. a y b; II. d y e | (2),7286.397468,Compensación Consenso Fiscal
Santiago del Estero,informacion_consolidada2025_5.xlsx,diciembre,2025,month,2025-12,F.E.D.E.I.,376.5045952224588,F.E.D.E.I.
Santiago del Estero,informacion_consolidada2025_5.xlsx,diciembre,2025,month,2025-12,F.E.D.E.I.,539.589539045551,F.E.D.E.I.
Santiago del Estero,informacion_consolidada2025_5.xlsx,diciembre,2025,month,2025-12,Financ. | Educativo | Ley Nº 26.075,23741.607077580233,Financiamiento Educativo
Santiago del Estero,informacion_consolidada2025_5.xlsx,diciembre,2025,month,2025-12,Fondo | Compens. | de | Desequilib.,2.2,Fondo | Compens. | de | Desequilib.
Santiago del Estero,informacion_consolidada2025_5.xlsx,diciembre,2025,month,2025-12,I.V.A. | Ley Nº 23.966 | Art. 5 | Punto 2,0.0,I.V.A. | Ley Nº 23.966 | Art. 5 | Punto 2
Santiago del Estero,informacion_consolidada2025_5.xlsx,diciembre,2025,month,2025-12,Impuesto a los Combustibles Líquidos | Ley Nº 23.966 y Nº 24.699 | Obras de | Infraestr.,729.3623,Impuesto a los Combustibles Líquidos | Ley Nº 23.966 y Nº 24.699 | Obras de | Infraestr.
Santiago del Estero,informacion_consolidada2025_5.xlsx,diciembre,2025,month,2025-12,Impuesto s/ | Los Activos | Fdo. Educ. | Ley Nº 23.906,0.0039304,Impuesto s/ | Los Activos | Fdo. Educ. | Ley Nº 23.906
Santiago del Estero,informacion_consolidada2025_5.xlsx,diciembre,2025,month,2025-12,Impuesto sobre los | Bienes Personales | Ley | Nº 24.699,2095.0063999999998,Impuesto sobre los | Bienes Personales | Ley | Nº 24.699
Santiago del Estero,informacion_consolidada2025_5.xlsx,diciembre,2025,month,2025-12,Ley Nº 23.966 | Art. 30,0.0,Ley Nº 23.966 | Art. 30
Santiago del Estero,informacion_consolidada2025_5.xlsx,diciembre,2025,month,2025-12,Ley Nº 24.464 | FO.NA.VI.,3705.5179,Ley Nº 24.464 | FO.NA.VI.
Santiago del Estero,informacion_consolidada2025_5.xlsx,diciembre,2025,month,2025-12,Reg.Simplif. | P/Peq.Contrib. | Ley Nº 24.977 | Aart. 59 Inc. A,1004.4139,Reg.Simplif. | P/Peq.Contrib. | Ley Nº 24.977 | Aart. 59 Inc. A
Santiago del Estero,informacion_consolidada2025_5.xlsx,diciembre,2025,month,2025-12,Régimen de la Energía Eléctrica | L E Y Nº 2 4 . 0 6 5 | Fdo. P/Comp. | Tarifa Elect.,753.1779255158762,Régimen de la Energía Eléctrica | L E Y Nº 2 4 . 0 6 5 | Fdo. P/Comp. | Tarifa Elect.
Santiago del Estero,informacion_consolidada2025_5.xlsx,diciembre,2025,month,2025-12,Subtotal,204066.26957758024,Subtotal
Santiago del Estero,informacion_consolidada2025_5.xlsx,diciembre,2025,month,2025-12,Subtotal,204068.90287758023,Subtotal
Santiago del Estero,informacion_consolidada2025_5.xlsx,diciembre,2025,month,2025-12,Total | (1) + (2),222059.47583576417,Total | (1) + (2)
Santiago del Estero,informacion_consolidada2025_5.xlsx,diciembre,2025,month,2025-12,Total | Recursos | Origen Nacional | (1),214773.07836776416,Total | Recursos | Origen Nacional | (1)
Santiago del Estero,informacion_consolidada2025_5.xlsx,diciembre,2025,month,2025-12,Transfer. | De Servicios | Ley | Nº 24.049,2.6333,Transfer. | De Servicios | Ley | Nº 24.049
Santiago del Estero,informacion_consolidada2025_5.xlsx,diciembre,2025,month,2025-12,Vialidad | Provincial,1498.399,Vialidad | Provincial
Santiago del Estero,informacion_consolidada2025_5.xlsx,CONS,2025,consolidated,CONS,C.F.I. | Neta De | Ley Nº 26.075,1905685.213,CFI | Neta
Santiago del Estero,informacion_consolidada2025_5.xlsx,CONS,2025,consolidated,CONS,Compensación | Consenso Fiscal | II. a y b; II. d y e | (2),70996.100188,Compensación Consenso Fiscal
Santiago del Estero,informacion_consolidada2025_5.xlsx,CONS,2025,consolidated,CONS,F.E.D.E.I.,1984.9228104584524,F.E.D.E.I.
Santiago del Estero,informacion_consolidada2025_5.xlsx,CONS,2025,consolidated,CONS,F.E.D.E.I.,2889.4629605524597,F.E.D.E.I.
Santiago del Estero,informacion_consolidada2025_5.xlsx,CONS,2025,consolidated,CONS,Financ. | Educativo | Ley Nº 26.075,274724.3105,Financiamiento Educativo
Santiago del Estero,informacion_consolidada2025_5.xlsx,CONS,2025,consolidated,CONS,Fondo | Compens. | de | Desequilib.,26.4,Fondo | Compens. | de | Desequilib.
Santiago del Estero,informacion_consolidada2025_5.xlsx,CONS,2025,consolidated,CONS,I.V.A. | Ley Nº 23.966 | Art. 5 | Punto 2,0.0,I.V.A. | Ley Nº 23.966 | Art. 5 | Punto 2
Santiago del Estero,informacion_consolidada2025_5.xlsx,CONS,2025,consolidated,CONS,Impuesto a los Combustibles Líquidos | Ley Nº 23.966 y Nº 24.699 | Obras de | Infraestr.,5456.920099999999,Impuesto a los Combustibles Líquidos | Ley Nº 23.966 y Nº 24.699 | Obras de | Infraestr.
Santiago del Estero,informacion_consolidada2025_5.xlsx,CONS,2025,consolidated,CONS,Impuesto s/ | Los Activos | Fdo. Educ. | Ley Nº 23.906,0.1395,Impuesto s/ | Los Activos | Fdo. Educ. | Ley Nº 23.906
Santiago del Estero,informacion_consolidada2025_5.xlsx,CONS,2025,consolidated,CONS,Impuesto sobre los | Bienes Personales | Ley | Nº 24.699,42599.9471,Impuesto sobre los | Bienes Personales | Ley | Nº 24.699
Santiago del Estero,informacion_consolidada2025_5.xlsx,CONS,2025,consolidated,CONS,Ley Nº 23.966 | Art. 30,0.0,Ley Nº 23.966 | Art. 30
Santiago del Estero,informacion_consolidada2025_5.xlsx,CONS,2025,consolidated,CONS,Ley Nº 24.464 | FO.NA.VI.,27723.828100000002,Ley Nº 24.464 | FO.NA.VI.
Santiago del Estero,informacion_consolidada2025_5.xlsx,CONS,2025,consolidated,CONS,Reg.Simplif. | P/Peq.Contrib. | Ley Nº 24.977 | Aart. 59 Inc. A,8490.2626,Reg.Simplif. | P/Peq.Contrib. | Ley Nº 24.977 | Aart. 59 Inc. A
Santiago del Estero,informacion_consolidada2025_5.xlsx,CONS,2025,consolidated,CONS,Régimen de la Energía Eléctrica | L E Y Nº 2 4 . 0 6 5 | Fdo. P/Comp. | Tarifa Elect.,4241.061600000001,Régimen de la Energía Eléctrica | L E Y Nº 2 4 . 0 6 5 | Fdo. P/Comp. | Tarifa Elect.
Santiago del Estero,informacion_consolidada2025_5.xlsx,CONS,2025,consolidated,CONS,Subtotal,2180409.5235,Subtotal
Santiago del Estero,informacion_consolidada2025_5.xlsx,CONS,2025,consolidated,CONS,Subtotal,2180441.1231,Subtotal
Santiago del Estero,informacion_consolidada2025_5.xlsx,CONS,2025,consolidated,CONS,Total | (1) + (2),2356060.8426590115,Total | (1) + (2)
Santiago del Estero,informacion_consolidada2025_5.xlsx,CONS,2025,consolidated,CONS,Total | Recursos | Origen Nacional | (1),2285064.7424710114,Total | Recursos | Origen Nacional | (1)
Santiago del Estero,informacion_consolidada2025_5.xlsx,CONS,2025,consolidated,CONS,Transfer. | De Servicios | Ley | Nº 24.049,31.599599999999995,Transfer. | De Servicios | Ley | Nº 24.049
Santiago del Estero,informacion_consolidada2025_5.xlsx,CONS,2025,consolidated,CONS,Vialidad | Provincial,11210.6746,Vialidad | Provincial
Tierra del Fuego,informacion_consolidada2025_5.xlsx,enero,2025,month,2025-01,C.F.I. | Neta De | Ley Nº 26.075,52792.1172,CFI | Neta
Tierra del Fuego,informacion_consolidada2025_5.xlsx,enero,2025,month,2025-01,Compensación | Consenso Fiscal | II. a y b; II. d y e | (2),116.64694800000001,Compensación Consenso Fiscal
Tierra del Fuego,informacion_consolidada2025_5.xlsx,enero,2025,month,2025-01,F.E.D.E.I.,0.0,F.E.D.E.I.
Tierra del Fuego,informacion_consolidada2025_5.xlsx,enero,2025,month,2025-01,F.E.D.E.I.,0.0,F.E.D.E.I.
Tierra del Fuego,informacion_consolidada2025_5.xlsx,enero,2025,month,2025-01,Financ. | Educativo | Ley Nº 26.075,0.0,Financiamiento Educativo
Tierra del Fuego,informacion_consolidada2025_5.xlsx,enero,2025,month,2025-01,Fondo | Compens. | de | Desequilib.,3.0,Fondo | Compens. | de | Desequilib.
Tierra del Fuego,informacion_consolidada2025_5.xlsx,enero,2025,month,2025-01,I.V.A. | Ley Nº 23.966 | Art. 5 | Punto 2,38.7696,I.V.A. | Ley Nº 23.966 | Art. 5 | Punto 2
Tierra del Fuego,informacion_consolidada2025_5.xlsx,enero,2025,month,2025-01,Impuesto a los Combustibles Líquidos | Ley Nº 23.966 y Nº 24.699 | Obras de | Infraestr.,91.6904,Impuesto a los Combustibles Líquidos | Ley Nº 23.966 y Nº 24.699 | Obras de | Infraestr.
Tierra del Fuego,informacion_consolidada2025_5.xlsx,enero,2025,month,2025-01,Impuesto s/ | Los Activos | Fdo. Educ. | Ley Nº 23.906,0.0,Impuesto s/ | Los Activos | Fdo. Educ. | Ley Nº 23.906
Tierra del Fuego,informacion_consolidada2025_5.xlsx,enero,2025,month,2025-01,Impuesto sobre los | Bienes Personales | Ley | Nº 24.699,314.14509999999996,Impuesto sobre los | Bienes Personales | Ley | Nº 24.699
Tierra del Fuego,informacion_consolidada2025_5.xlsx,enero,2025,month,2025-01,Ley Nº 23.966 | Art. 30,3.2291999999999996,Ley Nº 23.966 | Art. 30
Tierra del Fuego,informacion_consolidada2025_5.xlsx,enero,2025,month,2025-01,Ley Nº 24.464 | FO.NA.VI.,961.6705,Ley Nº 24.464 | FO.NA.VI.
Tierra del Fuego,informacion_consolidada2025_5.xlsx,enero,2025,month,2025-01,Reg.Simplif. | P/Peq.Contrib. | Ley Nº 24.977 | Aart. 59 Inc. A,104.7237,Reg.Simplif. | P/Peq.Contrib. | Ley Nº 24.977 | Aart. 59 Inc. A
Tierra del Fuego,informacion_consolidada2025_5.xlsx,enero,2025,month,2025-01,Régimen de la Energía Eléctrica | L E Y Nº 2 4 . 0 6 5 | Fdo. P/Comp. | Tarifa Elect.,0.0,Régimen de la Energía Eléctrica | L E Y Nº 2 4 . 0 6 5 | Fdo. P/Comp. | Tarifa Elect.
Tierra del Fuego,informacion_consolidada2025_5.xlsx,enero,2025,month,2025-01,Subtotal,52792.1172,Subtotal
Tierra del Fuego,informacion_consolidada2025_5.xlsx,enero,2025,month,2025-01,Subtotal,52793.1172,Subtotal
Tierra del Fuego,informacion_consolidada2025_5.xlsx,enero,2025,month,2025-01,Total | (1) + (2),54685.302048000005,Total | (1) + (2)
Tierra del Fuego,informacion_consolidada2025_5.xlsx,enero,2025,month,2025-01,Total | Recursos | Origen Nacional | (1),54568.6551,Total | Recursos | Origen Nacional | (1)
Tierra del Fuego,informacion_consolidada2025_5.xlsx,enero,2025,month,2025-01,Transfer. | De Servicios | Ley | Nº 24.049,1.0,Transfer. | De Servicios | Ley | Nº 24.049
Tierra del Fuego,informacion_consolidada2025_5.xlsx,enero,2025,month,2025-01,Vialidad | Provincial,258.3094,Vialidad | Provincial
Tierra del Fuego,informacion_consolidada2025_5.xlsx,febrero,2025,month,2025-02,C.F.I. | Neta De | Ley Nº 26.075,48675.7008,CFI | Neta
Tierra del Fuego,informacion_consolidada2025_5.xlsx,febrero,2025,month,2025-02,Compensación | Consenso Fiscal | II. a y b; II. d y e | (2),106.04267999999999,Compensación Consenso Fiscal
Tierra del Fuego,informacion_consolidada2025_5.xlsx,febrero,2025,month,2025-02,F.E.D.E.I.,174.82279440000002,F.E.D.E.I.
Tierra del Fuego,informacion_consolidada2025_5.xlsx,febrero,2025,month,2025-02,F.E.D.E.I.,104.76973178729438,F.E.D.E.I.
Tierra del Fuego,informacion_consolidada2025_5.xlsx,febrero,2025,month,2025-02,Financ. | Educativo | Ley Nº 26.075,0.0,Financiamiento Educativo
Tierra del Fuego,informacion_consolidada2025_5.xlsx,febrero,2025,month,2025-02,Fondo | Compens. | de | Desequilib.,3.0,Fondo | Compens. | de | Desequilib.
Tierra del Fuego,informacion_consolidada2025_5.xlsx,febrero,2025,month,2025-02,I.V.A. | Ley Nº 23.966 | Art. 5 | Punto 2,33.9493,I.V.A. | Ley Nº 23.966 | Art. 5 | Punto 2
Tierra del Fuego,informacion_consolidada2025_5.xlsx,febrero,2025,month,2025-02,Impuesto a los Combustibles Líquidos | Ley Nº 23.966 y Nº 24.699 | Obras de | Infraestr.,115.5017,Impuesto a los Combustibles Líquidos | Ley Nº 23.966 y Nº 24.699 | Obras de | Infraestr.
Tierra del Fuego,informacion_consolidada2025_5.xlsx,febrero,2025,month,2025-02,Impuesto s/ | Los Activos | Fdo. Educ. | Ley Nº 23.906,0.0,Impuesto s/ | Los Activos | Fdo. Educ. | Ley Nº 23.906
Tierra del Fuego,informacion_consolidada2025_5.xlsx,febrero,2025,month,2025-02,Impuesto sobre los | Bienes Personales | Ley | Nº 24.699,435.71909999999997,Impuesto sobre los | Bienes Personales | Ley | Nº 24.699
Tierra del Fuego,informacion_consolidada2025_5.xlsx,febrero,2025,month,2025-02,Ley Nº 23.966 | Art. 30,4.479,Ley Nº 23.966 | Art. 30
Tierra del Fuego,informacion_consolidada2025_5.xlsx,febrero,2025,month,2025-02,Ley Nº 24.464 | FO.NA.VI.,1211.4087,Ley Nº 24.464 | FO.NA.VI.
Tierra del Fuego,informacion_consolidada2025_5.xlsx,febrero,2025,month,2025-02,Reg.Simplif. | P/Peq.Contrib. | Ley Nº 24.977 | Aart. 59 Inc. A,152.7243,Reg.Simplif. | P/Peq.Contrib. | Ley Nº 24.977 | Aart. 59 Inc. A
Tierra del Fuego,informacion_consolidada2025_5.xlsx,febrero,2025,month,2025-02,Régimen de la Energía Eléctrica | L E Y Nº 2 4 . 0 6 5 | Fdo. P/Comp. | Tarifa Elect.,104.94427277853656,Régimen de la Energía Eléctrica | L E Y Nº 2 4 . 0 6 5 | Fdo. P/Comp. | Tarifa Elect.
Tierra del Fuego,informacion_consolidada2025_5.xlsx,febrero,2025,month,2025-02,Subtotal,48675.7008,Subtotal
Tierra del Fuego,informacion_consolidada2025_5.xlsx,febrero,2025,month,2025-02,Subtotal,48676.7008,Subtotal
Tierra del Fuego,informacion_consolidada2025_5.xlsx,febrero,2025,month,2025-02,Total | (1) + (2),51449.452678965834,Total | (1) + (2)
Tierra del Fuego,informacion_consolidada2025_5.xlsx,febrero,2025,month,2025-02,Total | Recursos | Origen Nacional | (1),51343.409998965835,Total | Recursos | Origen Nacional | (1)
Tierra del Fuego,informacion_consolidada2025_5.xlsx,febrero,2025,month,2025-02,Transfer. | De Servicios | Ley | Nº 24.049,1.0,Transfer. | De Servicios | Ley | Nº 24.049
Tierra del Fuego,informacion_consolidada2025_5.xlsx,febrero,2025,month,2025-02,Vialidad | Provincial,325.39029999999997,Vialidad | Provincial
Tierra del Fuego,informacion_consolidada2025_5.xlsx,marzo,2025,month,2025-03,C.F.I. | Neta De | Ley Nº 26.075,43035.144700000004,CFI | Neta
Tierra del Fuego,informacion_consolidada2025_5.xlsx,marzo,2025,month,2025-03,Compensación | Consenso Fiscal | II. a y b; II. d y e | (2),95.438412,Compensación Consenso Fiscal
Tierra del Fuego,informacion_consolidada2025_5.xlsx,marzo,2025,month,2025-03,F.E.D.E.I.,101.41702802,F.E.D.E.I.
Tierra del Fuego,informacion_consolidada2025_5.xlsx,marzo,2025,month,2025-03,F.E.D.E.I.,177.71178689538215,F.E.D.E.I.
Tierra del Fuego,informacion_consolidada2025_5.xlsx,marzo,2025,month,2025-03,Financ. | Educativo | Ley Nº 26.075,1038.3324056000001,Financiamiento Educativo
Tierra del Fuego,informacion_consolidada2025_5.xlsx,marzo,2025,month,2025-03,Fondo | Compens. | de | Desequilib.,3.0,Fondo | Compens. | de | Desequilib.
Tierra del Fuego,informacion_consolidada2025_5.xlsx,marzo,2025,month,2025-03,I.V.A. | Ley Nº 23.966 | Art. 5 | Punto 2,31.7576,I.V.A. | Ley Nº 23.966 | Art. 5 | Punto 2
Tierra del Fuego,informacion_consolidada2025_5.xlsx,marzo,2025,month,2025-03,Impuesto a los Combustibles Líquidos | Ley Nº 23.966 y Nº 24.699 | Obras de | Infraestr.,105.4898,Impuesto a los Combustibles Líquidos | Ley Nº 23.966 y Nº 24.699 | Obras de | Infraestr.
Tierra del Fuego,informacion_consolidada2025_5.xlsx,marzo,2025,month,2025-03,Impuesto s/ | Los Activos | Fdo. Educ. | Ley Nº 23.906,0.0,Impuesto s/ | Los Activos | Fdo. Educ. | Ley Nº 23.906
Tierra del Fuego,informacion_consolidada2025_5.xlsx,marzo,2025,month,2025-03,Impuesto sobre los | Bienes Personales | Ley | Nº 24.699,199.2442,Impuesto sobre los | Bienes Personales | Ley | Nº 24.699
Tierra del Fuego,informacion_consolidada2025_5.xlsx,marzo,2025,month,2025-03,Ley Nº 23.966 | Art. 30,2.0481,Ley Nº 23.966 | Art. 30
Tierra del Fuego,informacion_consolidada2025_5.xlsx,marzo,2025,month,2025-03,Ley Nº 24.464 | FO.NA.VI.,1106.4018,Ley Nº 24.464 | FO.NA.VI.
Tierra del Fuego,informacion_consolidada2025_5.xlsx,marzo,2025,month,2025-03,Reg.Simplif. | P/Peq.Contrib. | Ley Nº 24.977 | Aart. 59 Inc. A,164.30020000000002,Reg.Simplif. | P/Peq.Contrib. | Ley Nº 24.977 | Aart. 59 Inc. A
Tierra del Fuego,informacion_consolidada2025_5.xlsx,marzo,2025,month,2025-03,Régimen de la Energía Eléctrica | L E Y Nº 2 4 . 0 6 5 | Fdo. P/Comp. | Tarifa Elect.,178.0078455915856,Régimen de la Energía Eléctrica | L E Y Nº 2 4 . 0 6 5 | Fdo. P/Comp. | Tarifa Elect.
Tierra del Fuego,informacion_consolidada2025_5.xlsx,marzo,2025,month,2025-03,Subtotal,44073.4771056,Subtotal
Tierra del Fuego,informacion_consolidada2025_5.xlsx,marzo,2025,month,2025-03,Subtotal,44074.4771056,Subtotal
Tierra del Fuego,informacion_consolidada2025_5.xlsx,marzo,2025,month,2025-03,Total | (1) + (2),46536.478878106966,Total | (1) + (2)
Tierra del Fuego,informacion_consolidada2025_5.xlsx,marzo,2025,month,2025-03,Total | Recursos | Origen Nacional | (1),46441.04046610696,Total | Recursos | Origen Nacional | (1)
Tierra del Fuego,informacion_consolidada2025_5.xlsx,marzo,2025,month,2025-03,Transfer. | De Servicios | Ley | Nº 24.049,1.0,Transfer. | De Servicios | Ley | Nº 24.049
Tierra del Fuego,informacion_consolidada2025_5.xlsx,marzo,2025,month,2025-03,Vialidad | Provincial,297.185,Vialidad | Provincial
Tierra del Fuego,informacion_consolidada2025_5.xlsx,abril,2025,month,2025-04,C.F.I. | Neta De | Ley Nº 26.075,43225.9079,CFI | Neta
Tierra del Fuego,informacion_consolidada2025_5.xlsx,abril,2025,month,2025-04,Compensación | Consenso Fiscal | II. a y b; II. d y e | (2),0.0,Compensación Consenso Fiscal
Tierra del Fuego,informacion_consolidada2025_5.xlsx,abril,2025,month,2025-04,F.E.D.E.I.,127.89625206187664,F.E.D.E.I.
Tierra del Fuego,informacion_consolidada2025_5.xlsx,abril,2025,month,2025-04,F.E.D.E.I.,153.2818915214002,F.E.D.E.I.
Tierra del Fuego,informacion_consolidada2025_5.xlsx,abril,2025,month,2025-04,Financ. | Educativo | Ley Nº 26.075,4153.329622399999,Financiamiento Educativo
Tierra del Fuego,informacion_consolidada2025_5.xlsx,abril,2025,month,2025-04,Fondo | Compens. | de | Desequilib.,3.0,Fondo | Compens. | de | Desequilib.
Tierra del Fuego,informacion_consolidada2025_5.xlsx,abril,2025,month,2025-04,I.V.A. | Ley Nº 23.966 | Art. 5 | Punto 2,33.9235,I.V.A. | Ley Nº 23.966 | Art. 5 | Punto 2
Tierra del Fuego,informacion_consolidada2025_5.xlsx,abril,2025,month,2025-04,Impuesto a los Combustibles Líquidos | Ley Nº 23.966 y Nº 24.699 | Obras de | Infraestr.,117.1317,Impuesto a los Combustibles Líquidos | Ley Nº 23.966 y Nº 24.699 | Obras de | Infraestr.
Tierra del Fuego,informacion_consolidada2025_5.xlsx,abril,2025,month,2025-04,Impuesto s/ | Los Activos | Fdo. Educ. | Ley Nº 23.906,0.0,Impuesto s/ | Los Activos | Fdo. Educ. | Ley Nº 23.906
Tierra del Fuego,informacion_consolidada2025_5.xlsx,abril,2025,month,2025-04,Impuesto sobre los | Bienes Personales | Ley | Nº 24.699,372.57370000000003,Impuesto sobre los | Bienes Personales | Ley | Nº 24.699
Tierra del Fuego,informacion_consolidada2025_5.xlsx,abril,2025,month,2025-04,Ley Nº 23.966 | Art. 30,3.8299000000000003,Ley Nº 23.966 | Art. 30
Tierra del Fuego,informacion_consolidada2025_5.xlsx,abril,2025,month,2025-04,Ley Nº 24.464 | FO.NA.VI.,1228.5043,Ley Nº 24.464 | FO.NA.VI.
Tierra del Fuego,informacion_consolidada2025_5.xlsx,abril,2025,month,2025-04,Reg.Simplif. | P/Peq.Contrib. | Ley Nº 24.977 | Aart. 59 Inc. A,168.32829999999998,Reg.Simplif. | P/Peq.Contrib. | Ley Nº 24.977 | Aart. 59 Inc. A
Tierra del Fuego,informacion_consolidada2025_5.xlsx,abril,2025,month,2025-04,Régimen de la Energía Eléctrica | L E Y Nº 2 4 . 0 6 5 | Fdo. P/Comp. | Tarifa Elect.,153.53725127176486,Régimen de la Energía Eléctrica | L E Y Nº 2 4 . 0 6 5 | Fdo. P/Comp. | Tarifa Elect.
Tierra del Fuego,informacion_consolidada2025_5.xlsx,abril,2025,month,2025-04,Subtotal,47379.2375224,Subtotal
Tierra del Fuego,informacion_consolidada2025_5.xlsx,abril,2025,month,2025-04,Subtotal,47380.2375224,Subtotal
Tierra del Fuego,informacion_consolidada2025_5.xlsx,abril,2025,month,2025-04,Total | (1) + (2),50072.22661725504,Total | (1) + (2)
Tierra del Fuego,informacion_consolidada2025_5.xlsx,abril,2025,month,2025-04,Total | Recursos | Origen Nacional | (1),50072.22661725504,Total | Recursos | Origen Nacional | (1)
Tierra del Fuego,informacion_consolidada2025_5.xlsx,abril,2025,month,2025-04,Transfer. | De Servicios | Ley | Nº 24.049,1.0,Transfer. | De Servicios | Ley | Nº 24.049
Tierra del Fuego,informacion_consolidada2025_5.xlsx,abril,2025,month,2025-04,Vialidad | Provincial,329.9823,Vialidad | Provincial
Tierra del Fuego,informacion_consolidada2025_5.xlsx,mayo,2025,month,2025-05,C.F.I. | Neta De | Ley Nº 26.075,57278.479,CFI | Neta
Tierra del Fuego,informacion_consolidada2025_5.xlsx,mayo,2025,month,2025-05,Compensación | Consenso Fiscal | II. a y b; II. d y e | (2),0.0,Compensación Consenso Fiscal
Tierra del Fuego,informacion_consolidada2025_5.xlsx,mayo,2025,month,2025-05,F.E.D.E.I.,246.56602070760638,F.E.D.E.I.
Tierra del Fuego,informacion_consolidada2025_5.xlsx,mayo,2025,month,2025-05,F.E.D.E.I.,570.4241390580268,F.E.D.E.I.
Tierra del Fuego,informacion_consolidada2025_5.xlsx,mayo,2025,month,2025-05,Financ. | Educativo | Ley Nº 26.075,4283.121173099997,Financiamiento Educativo
Tierra del Fuego,informacion_consolidada2025_5.xlsx,mayo,2025,month,2025-05,Fondo | Compens. | de | Desequilib.,3.0,Fondo | Compens. | de | Desequilib.
Tierra del Fuego,informacion_consolidada2025_5.xlsx,mayo,2025,month,2025-05,I.V.A. | Ley Nº 23.966 | Art. 5 | Punto 2,31.806,I.V.A. | Ley Nº 23.966 | Art. 5 | Punto 2
Tierra del Fuego,informacion_consolidada2025_5.xlsx,mayo,2025,month,2025-05,Impuesto a los Combustibles Líquidos | Ley Nº 23.966 y Nº 24.699 | Obras de | Infraestr.,127.4478,Impuesto a los Combustibles Líquidos | Ley Nº 23.966 y Nº 24.699 | Obras de | Infraestr.
Tierra del Fuego,informacion_consolidada2025_5.xlsx,mayo,2025,month,2025-05,Impuesto s/ | Los Activos | Fdo. Educ. | Ley Nº 23.906,0.0,Impuesto s/ | Los Activos | Fdo. Educ. | Ley Nº 23.906
Tierra del Fuego,informacion_consolidada2025_5.xlsx,mayo,2025,month,2025-05,Impuesto sobre los | Bienes Personales | Ley | Nº 24.699,257.2548,Impuesto sobre los | Bienes Personales | Ley | Nº 24.699
Tierra del Fuego,informacion_consolidada2025_5.xlsx,mayo,2025,month,2025-05,Ley Nº 23.966 | Art. 30,2.6444,Ley Nº 23.966 | Art. 30
Tierra del Fuego,informacion_consolidada2025_5.xlsx,mayo,2025,month,2025-05,Ley Nº 24.464 | FO.NA.VI.,1336.7021000000002,Ley Nº 24.464 | FO.NA.VI.
Tierra del Fuego,informacion_consolidada2025_5.xlsx,mayo,2025,month,2025-05,Reg.Simplif. | P/Peq.Contrib. | Ley Nº 24.977 | Aart. 59 Inc. A,176.683,Reg.Simplif. | P/Peq.Contrib. | Ley Nº 24.977 | Aart. 59 Inc. A
Tierra del Fuego,informacion_consolidada2025_5.xlsx,mayo,2025,month,2025-05,Régimen de la Energía Eléctrica | L E Y Nº 2 4 . 0 6 5 | Fdo. P/Comp. | Tarifa Elect.,261.8684824600767,Régimen de la Energía Eléctrica | L E Y Nº 2 4 . 0 6 5 | Fdo. P/Comp. | Tarifa Elect.
Tierra del Fuego,informacion_consolidada2025_5.xlsx,mayo,2025,month,2025-05,Subtotal,61561.6001731,Subtotal
Tierra del Fuego,informacion_consolidada2025_5.xlsx,mayo,2025,month,2025-05,Subtotal,61562.6001731,Subtotal
Tierra del Fuego,informacion_consolidada2025_5.xlsx,mayo,2025,month,2025-05,Total | (1) + (2),64936.041715325715,Total | (1) + (2)
Tierra del Fuego,informacion_consolidada2025_5.xlsx,mayo,2025,month,2025-05,Total | Recursos | Origen Nacional | (1),64936.041715325715,Total | Recursos | Origen Nacional | (1)
Tierra del Fuego,informacion_consolidada2025_5.xlsx,mayo,2025,month,2025-05,Transfer. | De Servicios | Ley | Nº 24.049,1.0,Transfer. | De Servicios | Ley | Nº 24.049
Tierra del Fuego,informacion_consolidada2025_5.xlsx,mayo,2025,month,2025-05,Vialidad | Provincial,359.0448,Vialidad | Provincial
Tierra del Fuego,informacion_consolidada2025_5.xlsx,junio,2025,month,2025-06,C.F.I. | Neta De | Ley Nº 26.075,48013.198200000006,CFI | Neta
Tierra del Fuego,informacion_consolidada2025_5.xlsx,junio,2025,month,2025-06,Compensación | Consenso Fiscal | II. a y b; II. d y e | (2),0.0,Compensación Consenso Fiscal
Tierra del Fuego,informacion_consolidada2025_5.xlsx,junio,2025,month,2025-06,F.E.D.E.I.,141.09605111159075,F.E.D.E.I.
Tierra del Fuego,informacion_consolidada2025_5.xlsx,junio,2025,month,2025-06,F.E.D.E.I.,163.53298636086566,F.E.D.E.I.
Tierra del Fuego,informacion_consolidada2025_5.xlsx,junio,2025,month,2025-06,Financ. | Educativo | Ley Nº 26.075,4153.329622399997,Financiamiento Educativo
Tierra del Fuego,informacion_consolidada2025_5.xlsx,junio,2025,month,2025-06,Fondo | Compens. | de | Desequilib.,3.0,Fondo | Compens. | de | Desequilib.
Tierra del Fuego,informacion_consolidada2025_5.xlsx,junio,2025,month,2025-06,I.V.A. | Ley Nº 23.966 | Art. 5 | Punto 2,36.895900000000005,I.V.A. | Ley Nº 23.966 | Art. 5 | Punto 2
Tierra del Fuego,informacion_consolidada2025_5.xlsx,junio,2025,month,2025-06,Impuesto a los Combustibles Líquidos | Ley Nº 23.966 y Nº 24.699 | Obras de | Infraestr.,137.6432,Impuesto a los Combustibles Líquidos | Ley Nº 23.966 y Nº 24.699 | Obras de | Infraestr.
Tierra del Fuego,informacion_consolidada2025_5.xlsx,junio,2025,month,2025-06,Impuesto s/ | Los Activos | Fdo. Educ. | Ley Nº 23.906,0.0,Impuesto s/ | Los Activos | Fdo. Educ. | Ley Nº 23.906
Tierra del Fuego,informacion_consolidada2025_5.xlsx,junio,2025,month,2025-06,Impuesto sobre los | Bienes Personales | Ley | Nº 24.699,7500.1625,Impuesto sobre los | Bienes Personales | Ley | Nº 24.699
Tierra del Fuego,informacion_consolidada2025_5.xlsx,junio,2025,month,2025-06,Ley Nº 23.966 | Art. 30,77.0978,Ley Nº 23.966 | Art. 30
Tierra del Fuego,informacion_consolidada2025_5.xlsx,junio,2025,month,2025-06,Ley Nº 24.464 | FO.NA.VI.,1443.6341,Ley Nº 24.464 | FO.NA.VI.
Tierra del Fuego,informacion_consolidada2025_5.xlsx,junio,2025,month,2025-06,Reg.Simplif. | P/Peq.Contrib. | Ley Nº 24.977 | Aart. 59 Inc. A,180.3391,Reg.Simplif. | P/Peq.Contrib. | Ley Nº 24.977 | Aart. 59 Inc. A
Tierra del Fuego,informacion_consolidada2025_5.xlsx,junio,2025,month,2025-06,Régimen de la Energía Eléctrica | L E Y Nº 2 4 . 0 6 5 | Fdo. P/Comp. | Tarifa Elect.,472.77449340532945,Régimen de la Energía Eléctrica | L E Y Nº 2 4 . 0 6 5 | Fdo. P/Comp. | Tarifa Elect.
Tierra del Fuego,informacion_consolidada2025_5.xlsx,junio,2025,month,2025-06,Subtotal,52166.52782240001,Subtotal
Tierra del Fuego,informacion_consolidada2025_5.xlsx,junio,2025,month,2025-06,Subtotal,52167.52782240001,Subtotal
Tierra del Fuego,informacion_consolidada2025_5.xlsx,junio,2025,month,2025-06,Total | (1) + (2),62711.471153277795,Total | (1) + (2)
Tierra del Fuego,informacion_consolidada2025_5.xlsx,junio,2025,month,2025-06,Total | Recursos | Origen Nacional | (1),62711.471153277795,Total | Recursos | Origen Nacional | (1)
Tierra del Fuego,informacion_consolidada2025_5.xlsx,junio,2025,month,2025-06,Transfer. | De Servicios | Ley | Nº 24.049,1.0,Transfer. | De Servicios | Ley | Nº 24.049
Tierra del Fuego,informacion_consolidada2025_5.xlsx,junio,2025,month,2025-06,Vialidad | Provincial,387.7672,Vialidad | Provincial
Tierra del Fuego,informacion_consolidada2025_5.xlsx,julio,2025,month,2025-07,C.F.I. | Neta De | Ley Nº 26.075,50288.9626,CFI | Neta
Tierra del Fuego,informacion_consolidada2025_5.xlsx,julio,2025,month,2025-07,Compensación | Consenso Fiscal | II. a y b; II. d y e | (2),172.803566375,Compensación Consenso Fiscal
Tierra del Fuego,informacion_consolidada2025_5.xlsx,julio,2025,month,2025-07,F.E.D.E.I.,152.5011680205709,F.E.D.E.I.
Tierra del Fuego,informacion_consolidada2025_5.xlsx,julio,2025,month,2025-07,F.E.D.E.I.,261.6159901470167,F.E.D.E.I.
Tierra del Fuego,informacion_consolidada2025_5.xlsx,julio,2025,month,2025-07,Financ. | Educativo | Ley Nº 26.075,4542.704274500017,Financiamiento Educativo
Tierra del Fuego,informacion_consolidada2025_5.xlsx,julio,2025,month,2025-07,Fondo | Compens. | de | Desequilib.,3.0,Fondo | Compens. | de | Desequilib.
Tierra del Fuego,informacion_consolidada2025_5.xlsx,julio,2025,month,2025-07,I.V.A. | Ley Nº 23.966 | Art. 5 | Punto 2,37.13,I.V.A. | Ley Nº 23.966 | Art. 5 | Punto 2
Tierra del Fuego,informacion_consolidada2025_5.xlsx,julio,2025,month,2025-07,Impuesto a los Combustibles Líquidos | Ley Nº 23.966 y Nº 24.699 | Obras de | Infraestr.,122.9963,Impuesto a los Combustibles Líquidos | Ley Nº 23.966 y Nº 24.699 | Obras de | Infraestr.
Tierra del Fuego,informacion_consolidada2025_5.xlsx,julio,2025,month,2025-07,Impuesto s/ | Los Activos | Fdo. Educ. | Ley Nº 23.906,0.0,Impuesto s/ | Los Activos | Fdo. Educ. | Ley Nº 23.906
Tierra del Fuego,informacion_consolidada2025_5.xlsx,julio,2025,month,2025-07,Impuesto sobre los | Bienes Personales | Ley | Nº 24.699,681.2581,Impuesto sobre los | Bienes Personales | Ley | Nº 24.699
Tierra del Fuego,informacion_consolidada2025_5.xlsx,julio,2025,month,2025-07,Ley Nº 23.966 | Art. 30,7.003,Ley Nº 23.966 | Art. 30
Tierra del Fuego,informacion_consolidada2025_5.xlsx,julio,2025,month,2025-07,Ley Nº 24.464 | FO.NA.VI.,1290.0141,Ley Nº 24.464 | FO.NA.VI.
Tierra del Fuego,informacion_consolidada2025_5.xlsx,julio,2025,month,2025-07,Reg.Simplif. | P/Peq.Contrib. | Ley Nº 24.977 | Aart. 59 Inc. A,182.3392,Reg.Simplif. | P/Peq.Contrib. | Ley Nº 24.977 | Aart. 59 Inc. A
Tierra del Fuego,informacion_consolidada2025_5.xlsx,julio,2025,month,2025-07,Régimen de la Energía Eléctrica | L E Y Nº 2 4 . 0 6 5 | Fdo. P/Comp. | Tarifa Elect.,261.75457937545707,Régimen de la Energía Eléctrica | L E Y Nº 2 4 . 0 6 5 | Fdo. P/Comp. | Tarifa Elect.
Tierra del Fuego,informacion_consolidada2025_5.xlsx,julio,2025,month,2025-07,Subtotal,54831.66687450001,Subtotal
Tierra del Fuego,informacion_consolidada2025_5.xlsx,julio,2025,month,2025-07,Subtotal,54832.66687450001,Subtotal
Tierra del Fuego,informacion_consolidada2025_5.xlsx,julio,2025,month,2025-07,Total | (1) + (2),58351.58707841805,Total | (1) + (2)
Tierra del Fuego,informacion_consolidada2025_5.xlsx,julio,2025,month,2025-07,Total | Recursos | Origen Nacional | (1),58178.78351204305,Total | Recursos | Origen Nacional | (1)
Tierra del Fuego,informacion_consolidada2025_5.xlsx,julio,2025,month,2025-07,Transfer. | De Servicios | Ley | Nº 24.049,1.0,Transfer. | De Servicios | Ley | Nº 24.049
Tierra del Fuego,informacion_consolidada2025_5.xlsx,julio,2025,month,2025-07,Vialidad | Provincial,346.5042,Vialidad | Provincial
Tierra del Fuego,informacion_consolidada2025_5.xlsx,agosto,2025,month,2025-08,C.F.I. | Neta De | Ley Nº 26.075,53203.913,CFI | Neta
Tierra del Fuego,informacion_consolidada2025_5.xlsx,agosto,2025,month,2025-08,Compensación | Consenso Fiscal | II. a y b; II. d y e | (2),157.09415124999998,Compensación Consenso Fiscal
Tierra del Fuego,informacion_consolidada2025_5.xlsx,agosto,2025,month,2025-08,F.E.D.E.I.,136.02453126286898,F.E.D.E.I.
Tierra del Fuego,informacion_consolidada2025_5.xlsx,agosto,2025,month,2025-08,F.E.D.E.I.,180.4834931375779,F.E.D.E.I.
Tierra del Fuego,informacion_consolidada2025_5.xlsx,agosto,2025,month,2025-08,Financ. | Educativo | Ley Nº 26.075,2595.8310140000153,Financiamiento Educativo
Tierra del Fuego,informacion_consolidada2025_5.xlsx,agosto,2025,month,2025-08,Fondo | Compens. | de | Desequilib.,3.0,Fondo | Compens. | de | Desequilib.
Tierra del Fuego,informacion_consolidada2025_5.xlsx,agosto,2025,month,2025-08,I.V.A. | Ley Nº 23.966 | Art. 5 | Punto 2,37.902300000000004,I.V.A. | Ley Nº 23.966 | Art. 5 | Punto 2
Tierra del Fuego,informacion_consolidada2025_5.xlsx,agosto,2025,month,2025-08,Impuesto a los Combustibles Líquidos | Ley Nº 23.966 y Nº 24.699 | Obras de | Infraestr.,145.4108,Impuesto a los Combustibles Líquidos | Ley Nº 23.966 y Nº 24.699 | Obras de | Infraestr.
Tierra del Fuego,informacion_consolidada2025_5.xlsx,agosto,2025,month,2025-08,Impuesto s/ | Los Activos | Fdo. Educ. | Ley Nº 23.906,0.032156750000000005,Impuesto s/ | Los Activos | Fdo. Educ. | Ley Nº 23.906
Tierra del Fuego,informacion_consolidada2025_5.xlsx,agosto,2025,month,2025-08,Impuesto sobre los | Bienes Personales | Ley | Nº 24.699,703.0499,Impuesto sobre los | Bienes Personales | Ley | Nº 24.699
Tierra del Fuego,informacion_consolidada2025_5.xlsx,agosto,2025,month,2025-08,Ley Nº 23.966 | Art. 30,7.227,Ley Nº 23.966 | Art. 30
Tierra del Fuego,informacion_consolidada2025_5.xlsx,agosto,2025,month,2025-08,Ley Nº 24.464 | FO.NA.VI.,1525.1019,Ley Nº 24.464 | FO.NA.VI.
Tierra del Fuego,informacion_consolidada2025_5.xlsx,agosto,2025,month,2025-08,Reg.Simplif. | P/Peq.Contrib. | Ley Nº 24.977 | Aart. 59 Inc. A,259.7249,Reg.Simplif. | P/Peq.Contrib. | Ley Nº 24.977 | Aart. 59 Inc. A
Tierra del Fuego,informacion_consolidada2025_5.xlsx,agosto,2025,month,2025-08,Régimen de la Energía Eléctrica | L E Y Nº 2 4 . 0 6 5 | Fdo. P/Comp. | Tarifa Elect.,180.57910301070447,Régimen de la Energía Eléctrica | L E Y Nº 2 4 . 0 6 5 | Fdo. P/Comp. | Tarifa Elect.
Tierra del Fuego,informacion_consolidada2025_5.xlsx,agosto,2025,month,2025-08,Subtotal,55799.74401400002,Subtotal
Tierra del Fuego,informacion_consolidada2025_5.xlsx,agosto,2025,month,2025-08,Subtotal,55800.74401400002,Subtotal
Tierra del Fuego,informacion_consolidada2025_5.xlsx,agosto,2025,month,2025-08,Total | (1) + (2),59546.02414941117,Total | (1) + (2)
Tierra del Fuego,informacion_consolidada2025_5.xlsx,agosto,2025,month,2025-08,Total | Recursos | Origen Nacional | (1),59388.92999816117,Total | Recursos | Origen Nacional | (1)
Tierra del Fuego,informacion_consolidada2025_5.xlsx,agosto,2025,month,2025-08,Transfer. | De Servicios | Ley | Nº 24.049,1.0,Transfer. | De Servicios | Ley | Nº 24.049
Tierra del Fuego,informacion_consolidada2025_5.xlsx,agosto,2025,month,2025-08,Vialidad | Provincial,409.6499,Vialidad | Provincial
Tierra del Fuego,informacion_consolidada2025_5.xlsx,septiembre,2025,month,2025-09,C.F.I. | Neta De | Ley Nº 26.075,52244.268299999996,CFI | Neta
Tierra del Fuego,informacion_consolidada2025_5.xlsx,septiembre,2025,month,2025-09,Compensación | Consenso Fiscal | II. a y b; II. d y e | (2),172.803566375,Compensación Consenso Fiscal
Tierra del Fuego,informacion_consolidada2025_5.xlsx,septiembre,2025,month,2025-09,F.E.D.E.I.,161.0265189901714,F.E.D.E.I.
Tierra del Fuego,informacion_consolidada2025_5.xlsx,septiembre,2025,month,2025-09,F.E.D.E.I.,224.71678034382393,F.E.D.E.I.
Tierra del Fuego,informacion_consolidada2025_5.xlsx,septiembre,2025,month,2025-09,Financ. | Educativo | Ley Nº 26.075,2855.4141154000167,Financiamiento Educativo
Tierra del Fuego,informacion_consolidada2025_5.xlsx,septiembre,2025,month,2025-09,Fondo | Compens. | de | Desequilib.,3.0,Fondo | Compens. | de | Desequilib.
Tierra del Fuego,informacion_consolidada2025_5.xlsx,septiembre,2025,month,2025-09,I.V.A. | Ley Nº 23.966 | Art. 5 | Punto 2,39.630300000000005,I.V.A. | Ley Nº 23.966 | Art. 5 | Punto 2
Tierra del Fuego,informacion_consolidada2025_5.xlsx,septiembre,2025,month,2025-09,Impuesto a los Combustibles Líquidos | Ley Nº 23.966 y Nº 24.699 | Obras de | Infraestr.,150.4063,Impuesto a los Combustibles Líquidos | Ley Nº 23.966 y Nº 24.699 | Obras de | Infraestr.
Tierra del Fuego,informacion_consolidada2025_5.xlsx,septiembre,2025,month,2025-09,Impuesto s/ | Los Activos | Fdo. Educ. | Ley Nº 23.906,0.0,Impuesto s/ | Los Activos | Fdo. Educ. | Ley Nº 23.906
Tierra del Fuego,informacion_consolidada2025_5.xlsx,septiembre,2025,month,2025-09,Impuesto sobre los | Bienes Personales | Ley | Nº 24.699,630.1016,Impuesto sobre los | Bienes Personales | Ley | Nº 24.699
Tierra del Fuego,informacion_consolidada2025_5.xlsx,septiembre,2025,month,2025-09,Ley Nº 23.966 | Art. 30,6.4771,Ley Nº 23.966 | Art. 30
Tierra del Fuego,informacion_consolidada2025_5.xlsx,septiembre,2025,month,2025-09,Ley Nº 24.464 | FO.NA.VI.,1577.4968000000001,Ley Nº 24.464 | FO.NA.VI.
Tierra del Fuego,informacion_consolidada2025_5.xlsx,septiembre,2025,month,2025-09,Reg.Simplif. | P/Peq.Contrib. | Ley Nº 24.977 | Aart. 59 Inc. A,274.0908,Reg.Simplif. | P/Peq.Contrib. | Ley Nº 24.977 | Aart. 59 Inc. A
Tierra del Fuego,informacion_consolidada2025_5.xlsx,septiembre,2025,month,2025-09,Régimen de la Energía Eléctrica | L E Y Nº 2 4 . 0 6 5 | Fdo. P/Comp. | Tarifa Elect.,224.835822494116,Régimen de la Energía Eléctrica | L E Y Nº 2 4 . 0 6 5 | Fdo. P/Comp. | Tarifa Elect.
Tierra del Fuego,informacion_consolidada2025_5.xlsx,septiembre,2025,month,2025-09,Subtotal,55099.68241540001,Subtotal
Tierra del Fuego,informacion_consolidada2025_5.xlsx,septiembre,2025,month,2025-09,Subtotal,55100.68241540001,Subtotal
Tierra del Fuego,informacion_consolidada2025_5.xlsx,septiembre,2025,month,2025-09,Total | (1) + (2),58988.99140360312,Total | (1) + (2)
Tierra del Fuego,informacion_consolidada2025_5.xlsx,septiembre,2025,month,2025-09,Total | Recursos | Origen Nacional | (1),58816.18783722812,Total | Recursos | Origen Nacional | (1)
Tierra del Fuego,informacion_consolidada2025_5.xlsx,septiembre,2025,month,2025-09,Transfer. | De Servicios | Ley | Nº 24.049,1.0,Transfer. | De Servicios | Ley | Nº 24.049
Tierra del Fuego,informacion_consolidada2025_5.xlsx,septiembre,2025,month,2025-09,Vialidad | Provincial,423.7234,Vialidad | Provincial
Tierra del Fuego,informacion_consolidada2025_5.xlsx,octubre,2025,month,2025-10,C.F.I. | Neta De | Ley Nº 26.075,56651.841100000005,CFI | Neta
Tierra del Fuego,informacion_consolidada2025_5.xlsx,octubre,2025,month,2025-10,Compensación | Consenso Fiscal | II. a y b; II. d y e | (2),341.614636,Compensación Consenso Fiscal
Tierra del Fuego,informacion_consolidada2025_5.xlsx,octubre,2025,month,2025-10,F.E.D.E.I.,166.58877374778623,F.E.D.E.I.
Tierra del Fuego,informacion_consolidada2025_5.xlsx,octubre,2025,month,2025-10,F.E.D.E.I.,220.43988061392244,F.E.D.E.I.
Tierra del Fuego,informacion_consolidada2025_5.xlsx,octubre,2025,month,2025-10,Financ. | Educativo | Ley Nº 26.075,2985.205666100016,Financiamiento Educativo
Tierra del Fuego,informacion_consolidada2025_5.xlsx,octubre,2025,month,2025-10,Fondo | Compens. | de | Desequilib.,3.0,Fondo | Compens. | de | Desequilib.
Tierra del Fuego,informacion_consolidada2025_5.xlsx,octubre,2025,month,2025-10,I.V.A. | Ley Nº 23.966 | Art. 5 | Punto 2,41.4195,I.V.A. | Ley Nº 23.966 | Art. 5 | Punto 2
Tierra del Fuego,informacion_consolidada2025_5.xlsx,octubre,2025,month,2025-10,Impuesto a los Combustibles Líquidos | Ley Nº 23.966 y Nº 24.699 | Obras de | Infraestr.,144.5199,Impuesto a los Combustibles Líquidos | Ley Nº 23.966 y Nº 24.699 | Obras de | Infraestr.
Tierra del Fuego,informacion_consolidada2025_5.xlsx,octubre,2025,month,2025-10,Impuesto s/ | Los Activos | Fdo. Educ. | Ley Nº 23.906,0.0,Impuesto s/ | Los Activos | Fdo. Educ. | Ley Nº 23.906
Tierra del Fuego,informacion_consolidada2025_5.xlsx,octubre,2025,month,2025-10,Impuesto sobre los | Bienes Personales | Ley | Nº 24.699,622.0894000000001,Impuesto sobre los | Bienes Personales | Ley | Nº 24.699
Tierra del Fuego,informacion_consolidada2025_5.xlsx,octubre,2025,month,2025-10,Ley Nº 23.966 | Art. 30,6.3948,Ley Nº 23.966 | Art. 30
Tierra del Fuego,informacion_consolidada2025_5.xlsx,octubre,2025,month,2025-10,Ley Nº 24.464 | FO.NA.VI.,1515.758,Ley Nº 24.464 | FO.NA.VI.
Tierra del Fuego,informacion_consolidada2025_5.xlsx,octubre,2025,month,2025-10,Reg.Simplif. | P/Peq.Contrib. | Ley Nº 24.977 | Aart. 59 Inc. A,287.69509999999997,Reg.Simplif. | P/Peq.Contrib. | Ley Nº 24.977 | Aart. 59 Inc. A
Tierra del Fuego,informacion_consolidada2025_5.xlsx,octubre,2025,month,2025-10,Régimen de la Energía Eléctrica | L E Y Nº 2 4 . 0 6 5 | Fdo. P/Comp. | Tarifa Elect.,220.55665708775413,Régimen de la Energía Eléctrica | L E Y Nº 2 4 . 0 6 5 | Fdo. P/Comp. | Tarifa Elect.
Tierra del Fuego,informacion_consolidada2025_5.xlsx,octubre,2025,month,2025-10,Subtotal,59637.04676610002,Subtotal
Tierra del Fuego,informacion_consolidada2025_5.xlsx,octubre,2025,month,2025-10,Subtotal,59638.04676610002,Subtotal
Tierra del Fuego,informacion_consolidada2025_5.xlsx,octubre,2025,month,2025-10,Total | (1) + (2),63615.263513549486,Total | (1) + (2)
Tierra del Fuego,informacion_consolidada2025_5.xlsx,octubre,2025,month,2025-10,Total | Recursos | Origen Nacional | (1),63273.64887754949,Total | Recursos | Origen Nacional | (1)
Tierra del Fuego,informacion_consolidada2025_5.xlsx,octubre,2025,month,2025-10,Transfer. | De Servicios | Ley | Nº 24.049,1.0,Transfer. | De Servicios | Ley | Nº 24.049
Tierra del Fuego,informacion_consolidada2025_5.xlsx,octubre,2025,month,2025-10,Vialidad | Provincial,407.14009999999996,Vialidad | Provincial
Tierra del Fuego,informacion_consolidada2025_5.xlsx,noviembre,2025,month,2025-11,C.F.I. | Neta De | Ley Nº 26.075,55754.9969,CFI | Neta
Tierra del Fuego,informacion_consolidada2025_5.xlsx,noviembre,2025,month,2025-11,Compensación | Consenso Fiscal | II. a y b; II. d y e | (2),263.974946,Compensación Consenso Fiscal
Tierra del Fuego,informacion_consolidada2025_5.xlsx,noviembre,2025,month,2025-11,F.E.D.E.I.,0.0,F.E.D.E.I.
Tierra del Fuego,informacion_consolidada2025_5.xlsx,noviembre,2025,month,2025-11,F.E.D.E.I.,0.0,F.E.D.E.I.
Tierra del Fuego,informacion_consolidada2025_5.xlsx,noviembre,2025,month,2025-11,Financ. | Educativo | Ley Nº 26.075,2206.456361900013,Financiamiento Educativo
Tierra del Fuego,informacion_consolidada2025_5.xlsx,noviembre,2025,month,2025-11,Fondo | Compens. | de | Desequilib.,3.0,Fondo | Compens. | de | Desequilib.
Tierra del Fuego,informacion_consolidada2025_5.xlsx,noviembre,2025,month,2025-11,I.V.A. | Ley Nº 23.966 | Art. 5 | Punto 2,38.8029,I.V.A. | Ley Nº 23.966 | Art. 5 | Punto 2
Tierra del Fuego,informacion_consolidada2025_5.xlsx,noviembre,2025,month,2025-11,Impuesto a los Combustibles Líquidos | Ley Nº 23.966 y Nº 24.699 | Obras de | Infraestr.,153.05620000000002,Impuesto a los Combustibles Líquidos | Ley Nº 23.966 y Nº 24.699 | Obras de | Infraestr.
Tierra del Fuego,informacion_consolidada2025_5.xlsx,noviembre,2025,month,2025-11,Impuesto s/ | Los Activos | Fdo. Educ. | Ley Nº 23.906,0.0,Impuesto s/ | Los Activos | Fdo. Educ. | Ley Nº 23.906
Tierra del Fuego,informacion_consolidada2025_5.xlsx,noviembre,2025,month,2025-11,Impuesto sobre los | Bienes Personales | Ley | Nº 24.699,375.8723,Impuesto sobre los | Bienes Personales | Ley | Nº 24.699
Tierra del Fuego,informacion_consolidada2025_5.xlsx,noviembre,2025,month,2025-11,Ley Nº 23.966 | Art. 30,3.8638000000000003,Ley Nº 23.966 | Art. 30
Tierra del Fuego,informacion_consolidada2025_5.xlsx,noviembre,2025,month,2025-11,Ley Nº 24.464 | FO.NA.VI.,1605.2896,Ley Nº 24.464 | FO.NA.VI.
Tierra del Fuego,informacion_consolidada2025_5.xlsx,noviembre,2025,month,2025-11,Reg.Simplif. | P/Peq.Contrib. | Ley Nº 24.977 | Aart. 59 Inc. A,283.7642,Reg.Simplif. | P/Peq.Contrib. | Ley Nº 24.977 | Aart. 59 Inc. A
Tierra del Fuego,informacion_consolidada2025_5.xlsx,noviembre,2025,month,2025-11,Régimen de la Energía Eléctrica | L E Y Nº 2 4 . 0 6 5 | Fdo. P/Comp. | Tarifa Elect.,0.0,Régimen de la Energía Eléctrica | L E Y Nº 2 4 . 0 6 5 | Fdo. P/Comp. | Tarifa Elect.
Tierra del Fuego,informacion_consolidada2025_5.xlsx,noviembre,2025,month,2025-11,Subtotal,57961.45326190001,Subtotal
Tierra del Fuego,informacion_consolidada2025_5.xlsx,noviembre,2025,month,2025-11,Subtotal,57962.45326190001,Subtotal
Tierra del Fuego,informacion_consolidada2025_5.xlsx,noviembre,2025,month,2025-11,Total | (1) + (2),61121.26590790001,Total | (1) + (2)
Tierra del Fuego,informacion_consolidada2025_5.xlsx,noviembre,2025,month,2025-11,Total | Recursos | Origen Nacional | (1),60857.290961900006,Total | Recursos | Origen Nacional | (1)
Tierra del Fuego,informacion_consolidada2025_5.xlsx,noviembre,2025,month,2025-11,Transfer. | De Servicios | Ley | Nº 24.049,1.0,Transfer. | De Servicios | Ley | Nº 24.049
Tierra del Fuego,informacion_consolidada2025_5.xlsx,noviembre,2025,month,2025-11,Vialidad | Provincial,431.18870000000004,Vialidad | Provincial
Tierra del Fuego,informacion_consolidada2025_5.xlsx,diciembre,2025,month,2025-12,C.F.I. | Neta De | Ley Nº 26.075,58192.2256,CFI | Neta
Tierra del Fuego,informacion_consolidada2025_5.xlsx,diciembre,2025,month,2025-12,Compensación | Consenso Fiscal | II. a y b; II. d y e | (2),326.08669799999996,Compensación Consenso Fiscal
Tierra del Fuego,informacion_consolidada2025_5.xlsx,diciembre,2025,month,2025-12,F.E.D.E.I.,329.57569762652656,F.E.D.E.I.
Tierra del Fuego,informacion_consolidada2025_5.xlsx,diciembre,2025,month,2025-12,F.E.D.E.I.,472.33314286224703,F.E.D.E.I.
Tierra del Fuego,informacion_consolidada2025_5.xlsx,diciembre,2025,month,2025-12,Financ. | Educativo | Ley Nº 26.075,2725.622564700016,Financiamiento Educativo
Tierra del Fuego,informacion_consolidada2025_5.xlsx,diciembre,2025,month,2025-12,Fondo | Compens. | de | Desequilib.,3.0,Fondo | Compens. | de | Desequilib.
Tierra del Fuego,informacion_consolidada2025_5.xlsx,diciembre,2025,month,2025-12,I.V.A. | Ley Nº 23.966 | Art. 5 | Punto 2,39.713800000000006,I.V.A. | Ley Nº 23.966 | Art. 5 | Punto 2
Tierra del Fuego,informacion_consolidada2025_5.xlsx,diciembre,2025,month,2025-12,Impuesto a los Combustibles Líquidos | Ley Nº 23.966 y Nº 24.699 | Obras de | Infraestr.,217.7329,Impuesto a los Combustibles Líquidos | Ley Nº 23.966 y Nº 24.699 | Obras de | Infraestr.
Tierra del Fuego,informacion_consolidada2025_5.xlsx,diciembre,2025,month,2025-12,Impuesto s/ | Los Activos | Fdo. Educ. | Ley Nº 23.906,0.00093174,Impuesto s/ | Los Activos | Fdo. Educ. | Ley Nº 23.906
Tierra del Fuego,informacion_consolidada2025_5.xlsx,diciembre,2025,month,2025-12,Impuesto sobre los | Bienes Personales | Ley | Nº 24.699,625.398,Impuesto sobre los | Bienes Personales | Ley | Nº 24.699
Tierra del Fuego,informacion_consolidada2025_5.xlsx,diciembre,2025,month,2025-12,Ley Nº 23.966 | Art. 30,6.4288,Ley Nº 23.966 | Art. 30
Tierra del Fuego,informacion_consolidada2025_5.xlsx,diciembre,2025,month,2025-12,Ley Nº 24.464 | FO.NA.VI.,2283.6332,Ley Nº 24.464 | FO.NA.VI.
Tierra del Fuego,informacion_consolidada2025_5.xlsx,diciembre,2025,month,2025-12,Reg.Simplif. | P/Peq.Contrib. | Ley Nº 24.977 | Aart. 59 Inc. A,299.8426,Reg.Simplif. | P/Peq.Contrib. | Ley Nº 24.977 | Aart. 59 Inc. A
Tierra del Fuego,informacion_consolidada2025_5.xlsx,diciembre,2025,month,2025-12,Régimen de la Energía Eléctrica | L E Y Nº 2 4 . 0 6 5 | Fdo. P/Comp. | Tarifa Elect.,472.58335804085687,Régimen de la Energía Eléctrica | L E Y Nº 2 4 . 0 6 5 | Fdo. P/Comp. | Tarifa Elect.
Tierra del Fuego,informacion_consolidada2025_5.xlsx,diciembre,2025,month,2025-12,Subtotal,60917.848164700015,Subtotal
Tierra del Fuego,informacion_consolidada2025_5.xlsx,diciembre,2025,month,2025-12,Subtotal,60918.848164700015,Subtotal
Tierra del Fuego,informacion_consolidada2025_5.xlsx,diciembre,2025,month,2025-12,Total | (1) + (2),66608.57239296965,Total | (1) + (2)
Tierra del Fuego,informacion_consolidada2025_5.xlsx,diciembre,2025,month,2025-12,Total | Recursos | Origen Nacional | (1),66282.48569496966,Total | Recursos | Origen Nacional | (1)
Tierra del Fuego,informacion_consolidada2025_5.xlsx,diciembre,2025,month,2025-12,Transfer. | De Servicios | Ley | Nº 24.049,1.0,Transfer. | De Servicios | Ley | Nº 24.049
Tierra del Fuego,informacion_consolidada2025_5.xlsx,diciembre,2025,month,2025-12,Vialidad | Provincial,613.3951,Vialidad | Provincial
Tierra del Fuego,informacion_consolidada2025_5.xlsx,CONS,2025,consolidated,CONS,C.F.I. | Neta De | Ley Nº 26.075,619356.7553000001,CFI | Neta
Tierra del Fuego,informacion_consolidada2025_5.xlsx,CONS,2025,consolidated,CONS,Compensación | Consenso Fiscal | II. a y b; II. d y e | (2),1752.5056039999997,Compensación Consenso Fiscal
Tierra del Fuego,informacion_consolidada2025_5.xlsx,CONS,2025,consolidated,CONS,F.E.D.E.I.,1737.5148359489976,F.E.D.E.I.
Tierra del Fuego,informacion_consolidada2025_5.xlsx,CONS,2025,consolidated,CONS,F.E.D.E.I.,2529.309822727557,F.E.D.E.I.
Tierra del Fuego,informacion_consolidada2025_5.xlsx,CONS,2025,consolidated,CONS,Financ. | Educativo | Ley Nº 26.075,31539.346899999997,Financiamiento Educativo
Tierra del Fuego,informacion_consolidada2025_5.xlsx,CONS,2025,consolidated,CONS,Fondo | Compens. | de | Desequilib.,36.0,Fondo | Compens. | de | Desequilib.
Tierra del Fuego,informacion_consolidada2025_5.xlsx,CONS,2025,consolidated,CONS,I.V.A. | Ley Nº 23.966 | Art. 5 | Punto 2,441.7007,I.V.A. | Ley Nº 23.966 | Art. 5 | Punto 2
Tierra del Fuego,informacion_consolidada2025_5.xlsx,CONS,2025,consolidated,CONS,Impuesto a los Combustibles Líquidos | Ley Nº 23.966 y Nº 24.699 | Obras de | Infraestr.,1629.027,Impuesto a los Combustibles Líquidos | Ley Nº 23.966 y Nº 24.699 | Obras de | Infraestr.
Tierra del Fuego,informacion_consolidada2025_5.xlsx,CONS,2025,consolidated,CONS,Impuesto s/ | Los Activos | Fdo. Educ. | Ley Nº 23.906,0.033100000000000004,Impuesto s/ | Los Activos | Fdo. Educ. | Ley Nº 23.906
Tierra del Fuego,informacion_consolidada2025_5.xlsx,CONS,2025,consolidated,CONS,Impuesto sobre los | Bienes Personales | Ley | Nº 24.699,12716.8687,Impuesto sobre los | Bienes Personales | Ley | Nº 24.699
Tierra del Fuego,informacion_consolidada2025_5.xlsx,CONS,2025,consolidated,CONS,Ley Nº 23.966 | Art. 30,130.7229,Ley Nº 23.966 | Art. 30
Tierra del Fuego,informacion_consolidada2025_5.xlsx,CONS,2025,consolidated,CONS,Ley Nº 24.464 | FO.NA.VI.,17085.615100000003,Ley Nº 24.464 | FO.NA.VI.
Tierra del Fuego,informacion_consolidada2025_5.xlsx,CONS,2025,consolidated,CONS,Reg.Simplif. | P/Peq.Contrib. | Ley Nº 24.977 | Aart. 59 Inc. A,2534.5554,Reg.Simplif. | P/Peq.Contrib. | Ley Nº 24.977 | Aart. 59 Inc. A
Tierra del Fuego,informacion_consolidada2025_5.xlsx,CONS,2025,consolidated,CONS,Régimen de la Energía Eléctrica | L E Y Nº 2 4 . 0 6 5 | Fdo. P/Comp. | Tarifa Elect.,2531.442,Régimen de la Energía Eléctrica | L E Y Nº 2 4 . 0 6 5 | Fdo. P/Comp. | Tarifa Elect.
Tierra del Fuego,informacion_consolidada2025_5.xlsx,CONS,2025,consolidated,CONS,Subtotal,650896.1022000001,Subtotal
Tierra del Fuego,informacion_consolidada2025_5.xlsx,CONS,2025,consolidated,CONS,Subtotal,650908.1022000001,Subtotal
Tierra del Fuego,informacion_consolidada2025_5.xlsx,CONS,2025,consolidated,CONS,Total | (1) + (2),698622.6777626767,Total | (1) + (2)
Tierra del Fuego,informacion_consolidada2025_5.xlsx,CONS,2025,consolidated,CONS,Total | Recursos | Origen Nacional | (1),696870.1721586768,Total | Recursos | Origen Nacional | (1)
Tierra del Fuego,informacion_consolidada2025_5.xlsx,CONS,2025,consolidated,CONS,Transfer. | De Servicios | Ley | Nº 24.049,12.0,Transfer. | De Servicios | Ley | Nº 24.049
Tierra del Fuego,informacion_consolidada2025_5.xlsx,CONS,2025,consolidated,CONS,Vialidad | Provincial,4589.280400000001,Vialidad | Provincial
Tucumán,informacion_consolidada2025_5.xlsx,enero,2025,month,2025-01,C.F.I. | Neta De | Ley Nº 26.075,203640.9282,CFI | Neta
Tucumán,informacion_consolidada2025_5.xlsx,enero,2025,month,2025-01,Compensación | Consenso Fiscal | II. a y b; II. d y e | (2),7726.88685,Compensación Consenso Fiscal
Tucumán,informacion_consolidada2025_5.xlsx,enero,2025,month,2025-01,F.E.D.E.I.,0.0,F.E.D.E.I.
Tucumán,informacion_consolidada2025_5.xlsx,enero,2025,month,2025-01,F.E.D.E.I.,0.0,F.E.D.E.I.
Tucumán,informacion_consolidada2025_5.xlsx,enero,2025,month,2025-01,Financ. | Educativo | Ley Nº 26.075,0.0,Financiamiento Educativo
Tucumán,informacion_consolidada2025_5.xlsx,enero,2025,month,2025-01,Fondo | Compens. | de | Desequilib.,2.2,Fondo | Compens. | de | Desequilib.
Tucumán,informacion_consolidada2025_5.xlsx,enero,2025,month,2025-01,I.V.A. | Ley Nº 23.966 | Art. 5 | Punto 2,0.0,I.V.A. | Ley Nº 23.966 | Art. 5 | Punto 2
Tucumán,informacion_consolidada2025_5.xlsx,enero,2025,month,2025-01,Impuesto a los Combustibles Líquidos | Ley Nº 23.966 y Nº 24.699 | Obras de | Infraestr.,353.68129999999996,Impuesto a los Combustibles Líquidos | Ley Nº 23.966 y Nº 24.699 | Obras de | Infraestr.
Tucumán,informacion_consolidada2025_5.xlsx,enero,2025,month,2025-01,Impuesto s/ | Los Activos | Fdo. Educ. | Ley Nº 23.906,0.0,Impuesto s/ | Los Activos | Fdo. Educ. | Ley Nº 23.906
Tucumán,informacion_consolidada2025_5.xlsx,enero,2025,month,2025-01,Impuesto sobre los | Bienes Personales | Ley | Nº 24.699,1211.7939,Impuesto sobre los | Bienes Personales | Ley | Nº 24.699
Tucumán,informacion_consolidada2025_5.xlsx,enero,2025,month,2025-01,Ley Nº 23.966 | Art. 30,0.0,Ley Nº 23.966 | Art. 30
Tucumán,informacion_consolidada2025_5.xlsx,enero,2025,month,2025-01,Ley Nº 24.464 | FO.NA.VI.,1524.157,Ley Nº 24.464 | FO.NA.VI.
Tucumán,informacion_consolidada2025_5.xlsx,enero,2025,month,2025-01,Reg.Simplif. | P/Peq.Contrib. | Ley Nº 24.977 | Aart. 59 Inc. A,403.95529999999997,Reg.Simplif. | P/Peq.Contrib. | Ley Nº 24.977 | Aart. 59 Inc. A
Tucumán,informacion_consolidada2025_5.xlsx,enero,2025,month,2025-01,Régimen de la Energía Eléctrica | L E Y Nº 2 4 . 0 6 5 | Fdo. P/Comp. | Tarifa Elect.,0.0,Régimen de la Energía Eléctrica | L E Y Nº 2 4 . 0 6 5 | Fdo. P/Comp. | Tarifa Elect.
Tucumán,informacion_consolidada2025_5.xlsx,enero,2025,month,2025-01,Subtotal,203640.9282,Subtotal
Tucumán,informacion_consolidada2025_5.xlsx,enero,2025,month,2025-01,Subtotal,203645.5782,Subtotal
Tucumán,informacion_consolidada2025_5.xlsx,enero,2025,month,2025-01,Total | (1) + (2),215337.25725,Total | (1) + (2)
Tucumán,informacion_consolidada2025_5.xlsx,enero,2025,month,2025-01,Total | Recursos | Origen Nacional | (1),207610.37039999999,Total | Recursos | Origen Nacional | (1)
Tucumán,informacion_consolidada2025_5.xlsx,enero,2025,month,2025-01,Transfer. | De Servicios | Ley | Nº 24.049,4.65,Transfer. | De Servicios | Ley | Nº 24.049
Tucumán,informacion_consolidada2025_5.xlsx,enero,2025,month,2025-01,Vialidad | Provincial,469.0047,Vialidad | Provincial
Tucumán,informacion_consolidada2025_5.xlsx,febrero,2025,month,2025-02,C.F.I. | Neta De | Ley Nº 26.075,187762.1224,CFI | Neta
Tucumán,informacion_consolidada2025_5.xlsx,febrero,2025,month,2025-02,Compensación | Consenso Fiscal | II. a y b; II. d y e | (2),7233.5335,Compensación Consenso Fiscal
Tucumán,informacion_consolidada2025_5.xlsx,febrero,2025,month,2025-02,F.E.D.E.I.,153.82489507,F.E.D.E.I.
Tucumán,informacion_consolidada2025_5.xlsx,febrero,2025,month,2025-02,F.E.D.E.I.,92.18587912429348,F.E.D.E.I.
Tucumán,informacion_consolidada2025_5.xlsx,febrero,2025,month,2025-02,Financ. | Educativo | Ley Nº 26.075,0.0,Financiamiento Educativo
Tucumán,informacion_consolidada2025_5.xlsx,febrero,2025,month,2025-02,Fondo | Compens. | de | Desequilib.,2.2,Fondo | Compens. | de | Desequilib.
Tucumán,informacion_consolidada2025_5.xlsx,febrero,2025,month,2025-02,I.V.A. | Ley Nº 23.966 | Art. 5 | Punto 2,0.0,I.V.A. | Ley Nº 23.966 | Art. 5 | Punto 2
Tucumán,informacion_consolidada2025_5.xlsx,febrero,2025,month,2025-02,Impuesto a los Combustibles Líquidos | Ley Nº 23.966 y Nº 24.699 | Obras de | Infraestr.,445.5295,Impuesto a los Combustibles Líquidos | Ley Nº 23.966 y Nº 24.699 | Obras de | Infraestr.
Tucumán,informacion_consolidada2025_5.xlsx,febrero,2025,month,2025-02,Impuesto s/ | Los Activos | Fdo. Educ. | Ley Nº 23.906,0.0,Impuesto s/ | Los Activos | Fdo. Educ. | Ley Nº 23.906
Tucumán,informacion_consolidada2025_5.xlsx,febrero,2025,month,2025-02,Impuesto sobre los | Bienes Personales | Ley | Nº 24.699,1680.7578,Impuesto sobre los | Bienes Personales | Ley | Nº 24.699
Tucumán,informacion_consolidada2025_5.xlsx,febrero,2025,month,2025-02,Ley Nº 23.966 | Art. 30,0.0,Ley Nº 23.966 | Art. 30
Tucumán,informacion_consolidada2025_5.xlsx,febrero,2025,month,2025-02,Ley Nº 24.464 | FO.NA.VI.,1919.9685,Ley Nº 24.464 | FO.NA.VI.
Tucumán,informacion_consolidada2025_5.xlsx,febrero,2025,month,2025-02,Reg.Simplif. | P/Peq.Contrib. | Ley Nº 24.977 | Aart. 59 Inc. A,589.1098000000001,Reg.Simplif. | P/Peq.Contrib. | Ley Nº 24.977 | Aart. 59 Inc. A
Tucumán,informacion_consolidada2025_5.xlsx,febrero,2025,month,2025-02,Régimen de la Energía Eléctrica | L E Y Nº 2 4 . 0 6 5 | Fdo. P/Comp. | Tarifa Elect.,162.86716424612501,Régimen de la Energía Eléctrica | L E Y Nº 2 4 . 0 6 5 | Fdo. P/Comp. | Tarifa Elect.
Tucumán,informacion_consolidada2025_5.xlsx,febrero,2025,month,2025-02,Subtotal,187762.1224,Subtotal
Tucumán,informacion_consolidada2025_5.xlsx,febrero,2025,month,2025-02,Subtotal,187766.7724,Subtotal
Tucumán,informacion_consolidada2025_5.xlsx,febrero,2025,month,2025-02,Total | (1) + (2),200637.5510384404,Total | (1) + (2)
Tucumán,informacion_consolidada2025_5.xlsx,febrero,2025,month,2025-02,Total | Recursos | Origen Nacional | (1),193404.0175384404,Total | Recursos | Origen Nacional | (1)
Tucumán,informacion_consolidada2025_5.xlsx,febrero,2025,month,2025-02,Transfer. | De Servicios | Ley | Nº 24.049,4.65,Transfer. | De Servicios | Ley | Nº 24.049
Tucumán,informacion_consolidada2025_5.xlsx,febrero,2025,month,2025-02,Vialidad | Provincial,590.8016,Vialidad | Provincial
Tucumán,informacion_consolidada2025_5.xlsx,marzo,2025,month,2025-03,C.F.I. | Neta De | Ley Nº 26.075,158696.9884,CFI | Neta
Tucumán,informacion_consolidada2025_5.xlsx,marzo,2025,month,2025-03,Compensación | Consenso Fiscal | II. a y b; II. d y e | (2),6740.18015,Compensación Consenso Fiscal
Tucumán,informacion_consolidada2025_5.xlsx,marzo,2025,month,2025-03,F.E.D.E.I.,89.23586737000001,F.E.D.E.I.
Tucumán,informacion_consolidada2025_5.xlsx,marzo,2025,month,2025-03,F.E.D.E.I.,156.36689175984614,F.E.D.E.I.
Tucumán,informacion_consolidada2025_5.xlsx,marzo,2025,month,2025-03,Financ. | Educativo | Ley Nº 26.075,11312.358314,Financiamiento Educativo
Tucumán,informacion_consolidada2025_5.xlsx,marzo,2025,month,2025-03,Fondo | Compens. | de | Desequilib.,2.2,Fondo | Compens. | de | Desequilib.
Tucumán,informacion_consolidada2025_5.xlsx,marzo,2025,month,2025-03,I.V.A. | Ley Nº 23.966 | Art. 5 | Punto 2,0.0,I.V.A. | Ley Nº 23.966 | Art. 5 | Punto 2
Tucumán,informacion_consolidada2025_5.xlsx,marzo,2025,month,2025-03,Impuesto a los Combustibles Líquidos | Ley Nº 23.966 y Nº 24.699 | Obras de | Infraestr.,406.9103,Impuesto a los Combustibles Líquidos | Ley Nº 23.966 y Nº 24.699 | Obras de | Infraestr.
Tucumán,informacion_consolidada2025_5.xlsx,marzo,2025,month,2025-03,Impuesto s/ | Los Activos | Fdo. Educ. | Ley Nº 23.906,0.0,Impuesto s/ | Los Activos | Fdo. Educ. | Ley Nº 23.906
Tucumán,informacion_consolidada2025_5.xlsx,marzo,2025,month,2025-03,Impuesto sobre los | Bienes Personales | Ley | Nº 24.699,768.5715,Impuesto sobre los | Bienes Personales | Ley | Nº 24.699
Tucumán,informacion_consolidada2025_5.xlsx,marzo,2025,month,2025-03,Ley Nº 23.966 | Art. 30,0.0,Ley Nº 23.966 | Art. 30
Tucumán,informacion_consolidada2025_5.xlsx,marzo,2025,month,2025-03,Ley Nº 24.464 | FO.NA.VI.,1753.5425,Ley Nº 24.464 | FO.NA.VI.
Tucumán,informacion_consolidada2025_5.xlsx,marzo,2025,month,2025-03,Reg.Simplif. | P/Peq.Contrib. | Ley Nº 24.977 | Aart. 59 Inc. A,633.7621,Reg.Simplif. | P/Peq.Contrib. | Ley Nº 24.977 | Aart. 59 Inc. A
Tucumán,informacion_consolidada2025_5.xlsx,marzo,2025,month,2025-03,Régimen de la Energía Eléctrica | L E Y Nº 2 4 . 0 6 5 | Fdo. P/Comp. | Tarifa Elect.,269.6228610016929,Régimen de la Energía Eléctrica | L E Y Nº 2 4 . 0 6 5 | Fdo. P/Comp. | Tarifa Elect.
Tucumán,informacion_consolidada2025_5.xlsx,marzo,2025,month,2025-03,Subtotal,170009.346714,Subtotal
Tucumán,informacion_consolidada2025_5.xlsx,marzo,2025,month,2025-03,Subtotal,170013.996714,Subtotal
Tucumán,informacion_consolidada2025_5.xlsx,marzo,2025,month,2025-03,Total | (1) + (2),181373.97878413156,Total | (1) + (2)
Tucumán,informacion_consolidada2025_5.xlsx,marzo,2025,month,2025-03,Total | Recursos | Origen Nacional | (1),174633.79863413156,Total | Recursos | Origen Nacional | (1)
Tucumán,informacion_consolidada2025_5.xlsx,marzo,2025,month,2025-03,Transfer. | De Servicios | Ley | Nº 24.049,4.65,Transfer. | De Servicios | Ley | Nº 24.049
Tucumán,informacion_consolidada2025_5.xlsx,marzo,2025,month,2025-03,Vialidad | Provincial,539.5899000000001,Vialidad | Provincial
Tucumán,informacion_consolidada2025_5.xlsx,abril,2025,month,2025-04,C.F.I. | Neta De | Ley Nº 26.075,137511.667,CFI | Neta
Tucumán,informacion_consolidada2025_5.xlsx,abril,2025,month,2025-04,Compensación | Consenso Fiscal | II. a y b; II. d y e | (2),9592.211172,Compensación Consenso Fiscal
Tucumán,informacion_consolidada2025_5.xlsx,abril,2025,month,2025-04,F.E.D.E.I.,112.53468185950103,F.E.D.E.I.
Tucumán,informacion_consolidada2025_5.xlsx,abril,2025,month,2025-04,F.E.D.E.I.,134.87126183414506,F.E.D.E.I.
Tucumán,informacion_consolidada2025_5.xlsx,abril,2025,month,2025-04,Financ. | Educativo | Ley Nº 26.075,45249.433256,Financiamiento Educativo
Tucumán,informacion_consolidada2025_5.xlsx,abril,2025,month,2025-04,Fondo | Compens. | de | Desequilib.,2.2,Fondo | Compens. | de | Desequilib.
Tucumán,informacion_consolidada2025_5.xlsx,abril,2025,month,2025-04,I.V.A. | Ley Nº 23.966 | Art. 5 | Punto 2,0.0,I.V.A. | Ley Nº 23.966 | Art. 5 | Punto 2
Tucumán,informacion_consolidada2025_5.xlsx,abril,2025,month,2025-04,Impuesto a los Combustibles Líquidos | Ley Nº 23.966 y Nº 24.699 | Obras de | Infraestr.,451.81690000000003,Impuesto a los Combustibles Líquidos | Ley Nº 23.966 y Nº 24.699 | Obras de | Infraestr.
Tucumán,informacion_consolidada2025_5.xlsx,abril,2025,month,2025-04,Impuesto s/ | Los Activos | Fdo. Educ. | Ley Nº 23.906,0.0,Impuesto s/ | Los Activos | Fdo. Educ. | Ley Nº 23.906
Tucumán,informacion_consolidada2025_5.xlsx,abril,2025,month,2025-04,Impuesto sobre los | Bienes Personales | Ley | Nº 24.699,1437.1786000000002,Impuesto sobre los | Bienes Personales | Ley | Nº 24.699
Tucumán,informacion_consolidada2025_5.xlsx,abril,2025,month,2025-04,Ley Nº 23.966 | Art. 30,0.0,Ley Nº 23.966 | Art. 30
Tucumán,informacion_consolidada2025_5.xlsx,abril,2025,month,2025-04,Ley Nº 24.464 | FO.NA.VI.,1947.0635,Ley Nº 24.464 | FO.NA.VI.
Tucumán,informacion_consolidada2025_5.xlsx,abril,2025,month,2025-04,Reg.Simplif. | P/Peq.Contrib. | Ley Nº 24.977 | Aart. 59 Inc. A,649.2998,Reg.Simplif. | P/Peq.Contrib. | Ley Nº 24.977 | Aart. 59 Inc. A
Tucumán,informacion_consolidada2025_5.xlsx,abril,2025,month,2025-04,Régimen de la Energía Eléctrica | L E Y Nº 2 4 . 0 6 5 | Fdo. P/Comp. | Tarifa Elect.,270.5109996606347,Régimen de la Energía Eléctrica | L E Y Nº 2 4 . 0 6 5 | Fdo. P/Comp. | Tarifa Elect.
Tucumán,informacion_consolidada2025_5.xlsx,abril,2025,month,2025-04,Subtotal,182761.10025599998,Subtotal
Tucumán,informacion_consolidada2025_5.xlsx,abril,2025,month,2025-04,Subtotal,182765.75025599997,Subtotal
Tucumán,informacion_consolidada2025_5.xlsx,abril,2025,month,2025-04,Total | (1) + (2),197962.5762713543,Total | (1) + (2)
Tucumán,informacion_consolidada2025_5.xlsx,abril,2025,month,2025-04,Total | Recursos | Origen Nacional | (1),188370.3650993543,Total | Recursos | Origen Nacional | (1)
Tucumán,informacion_consolidada2025_5.xlsx,abril,2025,month,2025-04,Transfer. | De Servicios | Ley | Nº 24.049,4.65,Transfer. | De Servicios | Ley | Nº 24.049
Tucumán,informacion_consolidada2025_5.xlsx,abril,2025,month,2025-04,Vialidad | Provincial,599.1391,Vialidad | Provincial
Tucumán,informacion_consolidada2025_5.xlsx,mayo,2025,month,2025-05,C.F.I. | Neta De | Ley Nº 26.075,190805.15409999999,CFI | Neta
Tucumán,informacion_consolidada2025_5.xlsx,mayo,2025,month,2025-05,Compensación | Consenso Fiscal | II. a y b; II. d y e | (2),9976.01176,Compensación Consenso Fiscal
Tucumán,informacion_consolidada2025_5.xlsx,mayo,2025,month,2025-05,F.E.D.E.I.,216.95106972764648,F.E.D.E.I.
Tucumán,informacion_consolidada2025_5.xlsx,mayo,2025,month,2025-05,F.E.D.E.I.,501.9107126642436,F.E.D.E.I.
Tucumán,informacion_consolidada2025_5.xlsx,mayo,2025,month,2025-05,Financ. | Educativo | Ley Nº 26.075,46663.47804524999,Financiamiento Educativo
Tucumán,informacion_consolidada2025_5.xlsx,mayo,2025,month,2025-05,Fondo | Compens. | de | Desequilib.,2.2,Fondo | Compens. | de | Desequilib.
Tucumán,informacion_consolidada2025_5.xlsx,mayo,2025,month,2025-05,I.V.A. | Ley Nº 23.966 | Art. 5 | Punto 2,0.0,I.V.A. | Ley Nº 23.966 | Art. 5 | Punto 2
Tucumán,informacion_consolidada2025_5.xlsx,mayo,2025,month,2025-05,Impuesto a los Combustibles Líquidos | Ley Nº 23.966 y Nº 24.699 | Obras de | Infraestr.,491.60970000000003,Impuesto a los Combustibles Líquidos | Ley Nº 23.966 y Nº 24.699 | Obras de | Infraestr.
Tucumán,informacion_consolidada2025_5.xlsx,mayo,2025,month,2025-05,Impuesto s/ | Los Activos | Fdo. Educ. | Ley Nº 23.906,0.0,Impuesto s/ | Los Activos | Fdo. Educ. | Ley Nº 23.906
Tucumán,informacion_consolidada2025_5.xlsx,mayo,2025,month,2025-05,Impuesto sobre los | Bienes Personales | Ley | Nº 24.699,992.3434,Impuesto sobre los | Bienes Personales | Ley | Nº 24.699
Tucumán,informacion_consolidada2025_5.xlsx,mayo,2025,month,2025-05,Ley Nº 23.966 | Art. 30,0.0,Ley Nº 23.966 | Art. 30
Tucumán,informacion_consolidada2025_5.xlsx,mayo,2025,month,2025-05,Ley Nº 24.464 | FO.NA.VI.,2118.5467000000003,Ley Nº 24.464 | FO.NA.VI.
Tucumán,informacion_consolidada2025_5.xlsx,mayo,2025,month,2025-05,Reg.Simplif. | P/Peq.Contrib. | Ley Nº 24.977 | Aart. 59 Inc. A,681.5268000000001,Reg.Simplif. | P/Peq.Contrib. | Ley Nº 24.977 | Aart. 59 Inc. A
Tucumán,informacion_consolidada2025_5.xlsx,mayo,2025,month,2025-05,Régimen de la Energía Eléctrica | L E Y Nº 2 4 . 0 6 5 | Fdo. P/Comp. | Tarifa Elect.,467.1864014066932,Régimen de la Energía Eléctrica | L E Y Nº 2 4 . 0 6 5 | Fdo. P/Comp. | Tarifa Elect.
Tucumán,informacion_consolidada2025_5.xlsx,mayo,2025,month,2025-05,Subtotal,237468.63214524998,Subtotal
Tucumán,informacion_consolidada2025_5.xlsx,mayo,2025,month,2025-05,Subtotal,237473.28214524998,Subtotal
Tucumán,informacion_consolidada2025_5.xlsx,mayo,2025,month,2025-05,Total | (1) + (2),253573.47558904858,Total | (1) + (2)
Tucumán,informacion_consolidada2025_5.xlsx,mayo,2025,month,2025-05,Total | Recursos | Origen Nacional | (1),243597.4638290486,Total | Recursos | Origen Nacional | (1)
Tucumán,informacion_consolidada2025_5.xlsx,mayo,2025,month,2025-05,Transfer. | De Servicios | Ley | Nº 24.049,4.65,Transfer. | De Servicios | Ley | Nº 24.049
Tucumán,informacion_consolidada2025_5.xlsx,mayo,2025,month,2025-05,Vialidad | Provincial,651.9069000000001,Vialidad | Provincial
Tucumán,informacion_consolidada2025_5.xlsx,junio,2025,month,2025-06,C.F.I. | Neta De | Ley Nº 26.075,155978.325,CFI | Neta
Tucumán,informacion_consolidada2025_5.xlsx,junio,2025,month,2025-06,Compensación | Consenso Fiscal | II. a y b; II. d y e | (2),9592.211172,Compensación Consenso Fiscal
Tucumán,informacion_consolidada2025_5.xlsx,junio,2025,month,2025-06,F.E.D.E.I.,124.14905812106613,F.E.D.E.I.
Tucumán,informacion_consolidada2025_5.xlsx,junio,2025,month,2025-06,F.E.D.E.I.,143.8911015784572,F.E.D.E.I.
Tucumán,informacion_consolidada2025_5.xlsx,junio,2025,month,2025-06,Financ. | Educativo | Ley Nº 26.075,45249.433256,Financiamiento Educativo
Tucumán,informacion_consolidada2025_5.xlsx,junio,2025,month,2025-06,Fondo | Compens. | de | Desequilib.,2.2,Fondo | Compens. | de | Desequilib.
Tucumán,informacion_consolidada2025_5.xlsx,junio,2025,month,2025-06,I.V.A. | Ley Nº 23.966 | Art. 5 | Punto 2,0.0,I.V.A. | Ley Nº 23.966 | Art. 5 | Punto 2
Tucumán,informacion_consolidada2025_5.xlsx,junio,2025,month,2025-06,Impuesto a los Combustibles Líquidos | Ley Nº 23.966 y Nº 24.699 | Obras de | Infraestr.,530.9369,Impuesto a los Combustibles Líquidos | Ley Nº 23.966 y Nº 24.699 | Obras de | Infraestr.
Tucumán,informacion_consolidada2025_5.xlsx,junio,2025,month,2025-06,Impuesto s/ | Los Activos | Fdo. Educ. | Ley Nº 23.906,0.0,Impuesto s/ | Los Activos | Fdo. Educ. | Ley Nº 23.906
Tucumán,informacion_consolidada2025_5.xlsx,junio,2025,month,2025-06,Impuesto sobre los | Bienes Personales | Ley | Nº 24.699,28931.383899999997,Impuesto sobre los | Bienes Personales | Ley | Nº 24.699
Tucumán,informacion_consolidada2025_5.xlsx,junio,2025,month,2025-06,Ley Nº 23.966 | Art. 30,0.0,Ley Nº 23.966 | Art. 30
Tucumán,informacion_consolidada2025_5.xlsx,junio,2025,month,2025-06,Ley Nº 24.464 | FO.NA.VI.,2288.0238,Ley Nº 24.464 | FO.NA.VI.
Tucumán,informacion_consolidada2025_5.xlsx,junio,2025,month,2025-06,Reg.Simplif. | P/Peq.Contrib. | Ley Nº 24.977 | Aart. 59 Inc. A,695.6297,Reg.Simplif. | P/Peq.Contrib. | Ley Nº 24.977 | Aart. 59 Inc. A
Tucumán,informacion_consolidada2025_5.xlsx,junio,2025,month,2025-06,Régimen de la Energía Eléctrica | L E Y Nº 2 4 . 0 6 5 | Fdo. P/Comp. | Tarifa Elect.,743.1660767843357,Régimen de la Energía Eléctrica | L E Y Nº 2 4 . 0 6 5 | Fdo. P/Comp. | Tarifa Elect.
Tucumán,informacion_consolidada2025_5.xlsx,junio,2025,month,2025-06,Subtotal,201227.758256,Subtotal
Tucumán,informacion_consolidada2025_5.xlsx,junio,2025,month,2025-06,Subtotal,201232.408256,Subtotal
Tucumán,informacion_consolidada2025_5.xlsx,junio,2025,month,2025-06,Total | (1) + (2),244988.05736448383,Total | (1) + (2)
Tucumán,informacion_consolidada2025_5.xlsx,junio,2025,month,2025-06,Total | Recursos | Origen Nacional | (1),235395.84619248382,Total | Recursos | Origen Nacional | (1)
Tucumán,informacion_consolidada2025_5.xlsx,junio,2025,month,2025-06,Transfer. | De Servicios | Ley | Nº 24.049,4.65,Transfer. | De Servicios | Ley | Nº 24.049
Tucumán,informacion_consolidada2025_5.xlsx,junio,2025,month,2025-06,Vialidad | Provincial,704.0574,Vialidad | Provincial
Tucumán,informacion_consolidada2025_5.xlsx,julio,2025,month,2025-07,C.F.I. | Neta De | Ley Nº 26.075,162016.7892,CFI | Neta
Tucumán,informacion_consolidada2025_5.xlsx,julio,2025,month,2025-07,Compensación | Consenso Fiscal | II. a y b; II. d y e | (2),10599.1392,Compensación Consenso Fiscal
Tucumán,informacion_consolidada2025_5.xlsx,julio,2025,month,2025-07,F.E.D.E.I.,134.1843107375084,F.E.D.E.I.
Tucumán,informacion_consolidada2025_5.xlsx,julio,2025,month,2025-07,F.E.D.E.I.,230.19339304452376,F.E.D.E.I.
Tucumán,informacion_consolidada2025_5.xlsx,julio,2025,month,2025-07,Financ. | Educativo | Ley Nº 26.075,49491.56762375,Financiamiento Educativo
Tucumán,informacion_consolidada2025_5.xlsx,julio,2025,month,2025-07,Fondo | Compens. | de | Desequilib.,2.2,Fondo | Compens. | de | Desequilib.
Tucumán,informacion_consolidada2025_5.xlsx,julio,2025,month,2025-07,I.V.A. | Ley Nº 23.966 | Art. 5 | Punto 2,0.0,I.V.A. | Ley Nº 23.966 | Art. 5 | Punto 2
Tucumán,informacion_consolidada2025_5.xlsx,julio,2025,month,2025-07,Impuesto a los Combustibles Líquidos | Ley Nº 23.966 y Nº 24.699 | Obras de | Infraestr.,474.43890000000005,Impuesto a los Combustibles Líquidos | Ley Nº 23.966 y Nº 24.699 | Obras de | Infraestr.
Tucumán,informacion_consolidada2025_5.xlsx,julio,2025,month,2025-07,Impuesto s/ | Los Activos | Fdo. Educ. | Ley Nº 23.906,0.0,Impuesto s/ | Los Activos | Fdo. Educ. | Ley Nº 23.906
Tucumán,informacion_consolidada2025_5.xlsx,julio,2025,month,2025-07,Impuesto sobre los | Bienes Personales | Ley | Nº 24.699,2627.9084,Impuesto sobre los | Bienes Personales | Ley | Nº 24.699
Tucumán,informacion_consolidada2025_5.xlsx,julio,2025,month,2025-07,Ley Nº 23.966 | Art. 30,0.0,Ley Nº 23.966 | Art. 30
Tucumán,informacion_consolidada2025_5.xlsx,julio,2025,month,2025-07,Ley Nº 24.464 | FO.NA.VI.,2044.5507,Ley Nº 24.464 | FO.NA.VI.
Tucumán,informacion_consolidada2025_5.xlsx,julio,2025,month,2025-07,Reg.Simplif. | P/Peq.Contrib. | Ley Nº 24.977 | Aart. 59 Inc. A,703.3447,Reg.Simplif. | P/Peq.Contrib. | Ley Nº 24.977 | Aart. 59 Inc. A
Tucumán,informacion_consolidada2025_5.xlsx,julio,2025,month,2025-07,Régimen de la Energía Eléctrica | L E Y Nº 2 4 . 0 6 5 | Fdo. P/Comp. | Tarifa Elect.,338.21648036581956,Régimen de la Energía Eléctrica | L E Y Nº 2 4 . 0 6 5 | Fdo. P/Comp. | Tarifa Elect.
Tucumán,informacion_consolidada2025_5.xlsx,julio,2025,month,2025-07,Subtotal,211508.35682375001,Subtotal
Tucumán,informacion_consolidada2025_5.xlsx,julio,2025,month,2025-07,Subtotal,211513.00682375,Subtotal
Tucumán,informacion_consolidada2025_5.xlsx,julio,2025,month,2025-07,Total | (1) + (2),229296.32020789784,Total | (1) + (2)
Tucumán,informacion_consolidada2025_5.xlsx,julio,2025,month,2025-07,Total | Recursos | Origen Nacional | (1),218697.18100789783,Total | Recursos | Origen Nacional | (1)
Tucumán,informacion_consolidada2025_5.xlsx,julio,2025,month,2025-07,Transfer. | De Servicios | Ley | Nº 24.049,4.65,Transfer. | De Servicios | Ley | Nº 24.049
Tucumán,informacion_consolidada2025_5.xlsx,julio,2025,month,2025-07,Vialidad | Provincial,629.1373000000001,Vialidad | Provincial
Tucumán,informacion_consolidada2025_5.xlsx,agosto,2025,month,2025-08,C.F.I. | Neta De | Ley Nº 26.075,186961.755,CFI | Neta
Tucumán,informacion_consolidada2025_5.xlsx,agosto,2025,month,2025-08,Compensación | Consenso Fiscal | II. a y b; II. d y e | (2),9844.672,Compensación Consenso Fiscal
Tucumán,informacion_consolidada2025_5.xlsx,agosto,2025,month,2025-08,F.E.D.E.I.,119.68667655557823,F.E.D.E.I.
Tucumán,informacion_consolidada2025_5.xlsx,agosto,2025,month,2025-08,F.E.D.E.I.,158.80568942812664,F.E.D.E.I.
Tucumán,informacion_consolidada2025_5.xlsx,agosto,2025,month,2025-08,Financ. | Educativo | Ley Nº 26.075,28280.895785,Financiamiento Educativo
Tucumán,informacion_consolidada2025_5.xlsx,agosto,2025,month,2025-08,Fondo | Compens. | de | Desequilib.,2.2,Fondo | Compens. | de | Desequilib.
Tucumán,informacion_consolidada2025_5.xlsx,agosto,2025,month,2025-08,I.V.A. | Ley Nº 23.966 | Art. 5 | Punto 2,0.0,I.V.A. | Ley Nº 23.966 | Art. 5 | Punto 2
Tucumán,informacion_consolidada2025_5.xlsx,agosto,2025,month,2025-08,Impuesto a los Combustibles Líquidos | Ley Nº 23.966 y Nº 24.699 | Obras de | Infraestr.,560.899,Impuesto a los Combustibles Líquidos | Ley Nº 23.966 y Nº 24.699 | Obras de | Infraestr.
Tucumán,informacion_consolidada2025_5.xlsx,agosto,2025,month,2025-08,Impuesto s/ | Los Activos | Fdo. Educ. | Ley Nº 23.906,0.12312853,Impuesto s/ | Los Activos | Fdo. Educ. | Ley Nº 23.906
Tucumán,informacion_consolidada2025_5.xlsx,agosto,2025,month,2025-08,Impuesto sobre los | Bienes Personales | Ley | Nº 24.699,2711.9687000000004,Impuesto sobre los | Bienes Personales | Ley | Nº 24.699
Tucumán,informacion_consolidada2025_5.xlsx,agosto,2025,month,2025-08,Ley Nº 23.966 | Art. 30,0.0,Ley Nº 23.966 | Art. 30
Tucumán,informacion_consolidada2025_5.xlsx,agosto,2025,month,2025-08,Ley Nº 24.464 | FO.NA.VI.,2417.1427000000003,Ley Nº 24.464 | FO.NA.VI.
Tucumán,informacion_consolidada2025_5.xlsx,agosto,2025,month,2025-08,Reg.Simplif. | P/Peq.Contrib. | Ley Nº 24.977 | Aart. 59 Inc. A,1001.8475999999999,Reg.Simplif. | P/Peq.Contrib. | Ley Nº 24.977 | Aart. 59 Inc. A
Tucumán,informacion_consolidada2025_5.xlsx,agosto,2025,month,2025-08,Régimen de la Energía Eléctrica | L E Y Nº 2 4 . 0 6 5 | Fdo. P/Comp. | Tarifa Elect.,244.3982628397391,Régimen de la Energía Eléctrica | L E Y Nº 2 4 . 0 6 5 | Fdo. P/Comp. | Tarifa Elect.
Tucumán,informacion_consolidada2025_5.xlsx,agosto,2025,month,2025-08,Subtotal,215242.650785,Subtotal
Tucumán,informacion_consolidada2025_5.xlsx,agosto,2025,month,2025-08,Subtotal,215247.300785,Subtotal
Tucumán,informacion_consolidada2025_5.xlsx,agosto,2025,month,2025-08,Total | (1) + (2),233052.83364235342,Total | (1) + (2)
Tucumán,informacion_consolidada2025_5.xlsx,agosto,2025,month,2025-08,Total | Recursos | Origen Nacional | (1),223208.16164235343,Total | Recursos | Origen Nacional | (1)
Tucumán,informacion_consolidada2025_5.xlsx,agosto,2025,month,2025-08,Transfer. | De Servicios | Ley | Nº 24.049,4.65,Transfer. | De Servicios | Ley | Nº 24.049
Tucumán,informacion_consolidada2025_5.xlsx,agosto,2025,month,2025-08,Vialidad | Provincial,743.7891,Vialidad | Provincial
Tucumán,informacion_consolidada2025_5.xlsx,septiembre,2025,month,2025-09,C.F.I. | Neta De | Ley Nº 26.075,181433.224,CFI | Neta
Tucumán,informacion_consolidada2025_5.xlsx,septiembre,2025,month,2025-09,Compensación | Consenso Fiscal | II. a y b; II. d y e | (2),10599.1392,Compensación Consenso Fiscal
Tucumán,informacion_consolidada2025_5.xlsx,septiembre,2025,month,2025-09,F.E.D.E.I.,141.68568503048874,F.E.D.E.I.
Tucumán,informacion_consolidada2025_5.xlsx,septiembre,2025,month,2025-09,F.E.D.E.I.,197.7261333167187,F.E.D.E.I.
Tucumán,informacion_consolidada2025_5.xlsx,septiembre,2025,month,2025-09,Financ. | Educativo | Ley Nº 26.075,31108.9853635,Financiamiento Educativo
Tucumán,informacion_consolidada2025_5.xlsx,septiembre,2025,month,2025-09,Fondo | Compens. | de | Desequilib.,2.2,Fondo | Compens. | de | Desequilib.
Tucumán,informacion_consolidada2025_5.xlsx,septiembre,2025,month,2025-09,I.V.A. | Ley Nº 23.966 | Art. 5 | Punto 2,0.0,I.V.A. | Ley Nº 23.966 | Art. 5 | Punto 2
Tucumán,informacion_consolidada2025_5.xlsx,septiembre,2025,month,2025-09,Impuesto a los Combustibles Líquidos | Ley Nº 23.966 y Nº 24.699 | Obras de | Infraestr.,580.1687,Impuesto a los Combustibles Líquidos | Ley Nº 23.966 y Nº 24.699 | Obras de | Infraestr.
Tucumán,informacion_consolidada2025_5.xlsx,septiembre,2025,month,2025-09,Impuesto s/ | Los Activos | Fdo. Educ. | Ley Nº 23.906,0.0,Impuesto s/ | Los Activos | Fdo. Educ. | Ley Nº 23.906
Tucumán,informacion_consolidada2025_5.xlsx,septiembre,2025,month,2025-09,Impuesto sobre los | Bienes Personales | Ley | Nº 24.699,2430.5753999999997,Impuesto sobre los | Bienes Personales | Ley | Nº 24.699
Tucumán,informacion_consolidada2025_5.xlsx,septiembre,2025,month,2025-09,Ley Nº 23.966 | Art. 30,0.0,Ley Nº 23.966 | Art. 30
Tucumán,informacion_consolidada2025_5.xlsx,septiembre,2025,month,2025-09,Ley Nº 24.464 | FO.NA.VI.,2500.1836000000003,Ley Nº 24.464 | FO.NA.VI.
Tucumán,informacion_consolidada2025_5.xlsx,septiembre,2025,month,2025-09,Reg.Simplif. | P/Peq.Contrib. | Ley Nº 24.977 | Aart. 59 Inc. A,1057.262,Reg.Simplif. | P/Peq.Contrib. | Ley Nº 24.977 | Aart. 59 Inc. A
Tucumán,informacion_consolidada2025_5.xlsx,septiembre,2025,month,2025-09,Régimen de la Energía Eléctrica | L E Y Nº 2 4 . 0 6 5 | Fdo. P/Comp. | Tarifa Elect.,325.3953693825499,Régimen de la Energía Eléctrica | L E Y Nº 2 4 . 0 6 5 | Fdo. P/Comp. | Tarifa Elect.
Tucumán,informacion_consolidada2025_5.xlsx,septiembre,2025,month,2025-09,Subtotal,212542.20936349998,Subtotal
Tucumán,informacion_consolidada2025_5.xlsx,septiembre,2025,month,2025-09,Subtotal,212546.85936349997,Subtotal
Tucumán,informacion_consolidada2025_5.xlsx,septiembre,2025,month,2025-09,Total | (1) + (2),231150.53745122973,Total | (1) + (2)
Tucumán,informacion_consolidada2025_5.xlsx,septiembre,2025,month,2025-09,Total | Recursos | Origen Nacional | (1),220551.39825122972,Total | Recursos | Origen Nacional | (1)
Tucumán,informacion_consolidada2025_5.xlsx,septiembre,2025,month,2025-09,Transfer. | De Servicios | Ley | Nº 24.049,4.65,Transfer. | De Servicios | Ley | Nº 24.049
Tucumán,informacion_consolidada2025_5.xlsx,septiembre,2025,month,2025-09,Vialidad | Provincial,769.342,Vialidad | Provincial
Tucumán,informacion_consolidada2025_5.xlsx,octubre,2025,month,2025-10,C.F.I. | Neta De | Ley Nº 26.075,197521.764,CFI | Neta
Tucumán,informacion_consolidada2025_5.xlsx,octubre,2025,month,2025-10,Compensación | Consenso Fiscal | II. a y b; II. d y e | (2),11558.327716,Compensación Consenso Fiscal
Tucumán,informacion_consolidada2025_5.xlsx,octubre,2025,month,2025-10,F.E.D.E.I.,146.57985947506023,F.E.D.E.I.
Tucumán,informacion_consolidada2025_5.xlsx,octubre,2025,month,2025-10,F.E.D.E.I.,193.96293039445507,F.E.D.E.I.
Tucumán,informacion_consolidada2025_5.xlsx,octubre,2025,month,2025-10,Financ. | Educativo | Ley Nº 26.075,32523.03015275,Financiamiento Educativo
Tucumán,informacion_consolidada2025_5.xlsx,octubre,2025,month,2025-10,Fondo | Compens. | de | Desequilib.,2.2,Fondo | Compens. | de | Desequilib.
Tucumán,informacion_consolidada2025_5.xlsx,octubre,2025,month,2025-10,I.V.A. | Ley Nº 23.966 | Art. 5 | Punto 2,0.0,I.V.A. | Ley Nº 23.966 | Art. 5 | Punto 2
Tucumán,informacion_consolidada2025_5.xlsx,octubre,2025,month,2025-10,Impuesto a los Combustibles Líquidos | Ley Nº 23.966 y Nº 24.699 | Obras de | Infraestr.,557.4625,Impuesto a los Combustibles Líquidos | Ley Nº 23.966 y Nº 24.699 | Obras de | Infraestr.
Tucumán,informacion_consolidada2025_5.xlsx,octubre,2025,month,2025-10,Impuesto s/ | Los Activos | Fdo. Educ. | Ley Nº 23.906,0.0,Impuesto s/ | Los Activos | Fdo. Educ. | Ley Nº 23.906
Tucumán,informacion_consolidada2025_5.xlsx,octubre,2025,month,2025-10,Impuesto sobre los | Bienes Personales | Ley | Nº 24.699,2399.6688,Impuesto sobre los | Bienes Personales | Ley | Nº 24.699
Tucumán,informacion_consolidada2025_5.xlsx,octubre,2025,month,2025-10,Ley Nº 23.966 | Art. 30,0.0,Ley Nº 23.966 | Art. 30
Tucumán,informacion_consolidada2025_5.xlsx,octubre,2025,month,2025-10,Ley Nº 24.464 | FO.NA.VI.,2402.3334,Ley Nº 24.464 | FO.NA.VI.
Tucumán,informacion_consolidada2025_5.xlsx,octubre,2025,month,2025-10,Reg.Simplif. | P/Peq.Contrib. | Ley Nº 24.977 | Aart. 59 Inc. A,1109.7383,Reg.Simplif. | P/Peq.Contrib. | Ley Nº 24.977 | Aart. 59 Inc. A
Tucumán,informacion_consolidada2025_5.xlsx,octubre,2025,month,2025-10,Régimen de la Energía Eléctrica | L E Y Nº 2 4 . 0 6 5 | Fdo. P/Comp. | Tarifa Elect.,321.2814887209723,Régimen de la Energía Eléctrica | L E Y Nº 2 4 . 0 6 5 | Fdo. P/Comp. | Tarifa Elect.
Tucumán,informacion_consolidada2025_5.xlsx,octubre,2025,month,2025-10,Subtotal,230044.79415275,Subtotal
Tucumán,informacion_consolidada2025_5.xlsx,octubre,2025,month,2025-10,Subtotal,230049.44415275,Subtotal
Tucumán,informacion_consolidada2025_5.xlsx,octubre,2025,month,2025-10,Total | (1) + (2),249480.23124734047,Total | (1) + (2)
Tucumán,informacion_consolidada2025_5.xlsx,octubre,2025,month,2025-10,Total | Recursos | Origen Nacional | (1),237921.90353134047,Total | Recursos | Origen Nacional | (1)
Tucumán,informacion_consolidada2025_5.xlsx,octubre,2025,month,2025-10,Transfer. | De Servicios | Ley | Nº 24.049,4.65,Transfer. | De Servicios | Ley | Nº 24.049
Tucumán,informacion_consolidada2025_5.xlsx,octubre,2025,month,2025-10,Vialidad | Provincial,739.2321,Vialidad | Provincial
Tucumán,informacion_consolidada2025_5.xlsx,noviembre,2025,month,2025-11,C.F.I. | Neta De | Ley Nº 26.075,199542.54069999998,CFI | Neta
Tucumán,informacion_consolidada2025_5.xlsx,noviembre,2025,month,2025-11,Compensación | Consenso Fiscal | II. a y b; II. d y e | (2),9454.162326,Compensación Consenso Fiscal
Tucumán,informacion_consolidada2025_5.xlsx,noviembre,2025,month,2025-11,F.E.D.E.I.,0.0,F.E.D.E.I.
Tucumán,informacion_consolidada2025_5.xlsx,noviembre,2025,month,2025-11,F.E.D.E.I.,0.0,F.E.D.E.I.
Tucumán,informacion_consolidada2025_5.xlsx,noviembre,2025,month,2025-11,Financ. | Educativo | Ley Nº 26.075,24038.76141725,Financiamiento Educativo
Tucumán,informacion_consolidada2025_5.xlsx,noviembre,2025,month,2025-11,Fondo | Compens. | de | Desequilib.,2.2,Fondo | Compens. | de | Desequilib.
Tucumán,informacion_consolidada2025_5.xlsx,noviembre,2025,month,2025-11,I.V.A. | Ley Nº 23.966 | Art. 5 | Punto 2,0.0,I.V.A. | Ley Nº 23.966 | Art. 5 | Punto 2
Tucumán,informacion_consolidada2025_5.xlsx,noviembre,2025,month,2025-11,Impuesto a los Combustibles Líquidos | Ley Nº 23.966 y Nº 24.699 | Obras de | Infraestr.,590.3903,Impuesto a los Combustibles Líquidos | Ley Nº 23.966 y Nº 24.699 | Obras de | Infraestr.
Tucumán,informacion_consolidada2025_5.xlsx,noviembre,2025,month,2025-11,Impuesto s/ | Los Activos | Fdo. Educ. | Ley Nº 23.906,0.0,Impuesto s/ | Los Activos | Fdo. Educ. | Ley Nº 23.906
Tucumán,informacion_consolidada2025_5.xlsx,noviembre,2025,month,2025-11,Impuesto sobre los | Bienes Personales | Ley | Nº 24.699,1449.9026000000001,Impuesto sobre los | Bienes Personales | Ley | Nº 24.699
Tucumán,informacion_consolidada2025_5.xlsx,noviembre,2025,month,2025-11,Ley Nº 23.966 | Art. 30,0.0,Ley Nº 23.966 | Art. 30
Tucumán,informacion_consolidada2025_5.xlsx,noviembre,2025,month,2025-11,Ley Nº 24.464 | FO.NA.VI.,2544.2326000000003,Ley Nº 24.464 | FO.NA.VI.
Tucumán,informacion_consolidada2025_5.xlsx,noviembre,2025,month,2025-11,Reg.Simplif. | P/Peq.Contrib. | Ley Nº 24.977 | Aart. 59 Inc. A,1094.5756000000001,Reg.Simplif. | P/Peq.Contrib. | Ley Nº 24.977 | Aart. 59 Inc. A
Tucumán,informacion_consolidada2025_5.xlsx,noviembre,2025,month,2025-11,Régimen de la Energía Eléctrica | L E Y Nº 2 4 . 0 6 5 | Fdo. P/Comp. | Tarifa Elect.,0.0,Régimen de la Energía Eléctrica | L E Y Nº 2 4 . 0 6 5 | Fdo. P/Comp. | Tarifa Elect.
Tucumán,informacion_consolidada2025_5.xlsx,noviembre,2025,month,2025-11,Subtotal,223581.30211725,Subtotal
Tucumán,informacion_consolidada2025_5.xlsx,noviembre,2025,month,2025-11,Subtotal,223585.95211724998,Subtotal
Tucumán,informacion_consolidada2025_5.xlsx,noviembre,2025,month,2025-11,Total | (1) + (2),239504.31204324999,Total | (1) + (2)
Tucumán,informacion_consolidada2025_5.xlsx,noviembre,2025,month,2025-11,Total | Recursos | Origen Nacional | (1),230050.14971725,Total | Recursos | Origen Nacional | (1)
Tucumán,informacion_consolidada2025_5.xlsx,noviembre,2025,month,2025-11,Transfer. | De Servicios | Ley | Nº 24.049,4.65,Transfer. | De Servicios | Ley | Nº 24.049
Tucumán,informacion_consolidada2025_5.xlsx,noviembre,2025,month,2025-11,Vialidad | Provincial,782.8965,Vialidad | Provincial
Tucumán,informacion_consolidada2025_5.xlsx,diciembre,2025,month,2025-12,C.F.I. | Neta De | Ley Nº 26.075,205290.4607,CFI | Neta
Tucumán,informacion_consolidada2025_5.xlsx,diciembre,2025,month,2025-12,Compensación | Consenso Fiscal | II. a y b; II. d y e | (2),11137.494638,Compensación Consenso Fiscal
Tucumán,informacion_consolidada2025_5.xlsx,diciembre,2025,month,2025-12,F.E.D.E.I.,289.99048595969936,F.E.D.E.I.
Tucumán,informacion_consolidada2025_5.xlsx,diciembre,2025,month,2025-12,F.E.D.E.I.,415.60138870085206,F.E.D.E.I.
Tucumán,informacion_consolidada2025_5.xlsx,diciembre,2025,month,2025-12,Financ. | Educativo | Ley Nº 26.075,29694.940574250002,Financiamiento Educativo
Tucumán,informacion_consolidada2025_5.xlsx,diciembre,2025,month,2025-12,Fondo | Compens. | de | Desequilib.,2.2,Fondo | Compens. | de | Desequilib.
Tucumán,informacion_consolidada2025_5.xlsx,diciembre,2025,month,2025-12,I.V.A. | Ley Nº 23.966 | Art. 5 | Punto 2,0.0,I.V.A. | Ley Nº 23.966 | Art. 5 | Punto 2
Tucumán,informacion_consolidada2025_5.xlsx,diciembre,2025,month,2025-12,Impuesto a los Combustibles Líquidos | Ley Nº 23.966 y Nº 24.699 | Obras de | Infraestr.,839.8701,Impuesto a los Combustibles Líquidos | Ley Nº 23.966 y Nº 24.699 | Obras de | Infraestr.
Tucumán,informacion_consolidada2025_5.xlsx,diciembre,2025,month,2025-12,Impuesto s/ | Los Activos | Fdo. Educ. | Ley Nº 23.906,0.00356764,Impuesto s/ | Los Activos | Fdo. Educ. | Ley Nº 23.906
Tucumán,informacion_consolidada2025_5.xlsx,diciembre,2025,month,2025-12,Impuesto sobre los | Bienes Personales | Ley | Nº 24.699,2412.4316,Impuesto sobre los | Bienes Personales | Ley | Nº 24.699
Tucumán,informacion_consolidada2025_5.xlsx,diciembre,2025,month,2025-12,Ley Nº 23.966 | Art. 30,0.0,Ley Nº 23.966 | Art. 30
Tucumán,informacion_consolidada2025_5.xlsx,diciembre,2025,month,2025-12,Ley Nº 24.464 | FO.NA.VI.,3619.3431,Ley Nº 24.464 | FO.NA.VI.
Tucumán,informacion_consolidada2025_5.xlsx,diciembre,2025,month,2025-12,Reg.Simplif. | P/Peq.Contrib. | Ley Nº 24.977 | Aart. 59 Inc. A,1156.5956,Reg.Simplif. | P/Peq.Contrib. | Ley Nº 24.977 | Aart. 59 Inc. A
Tucumán,informacion_consolidada2025_5.xlsx,diciembre,2025,month,2025-12,Régimen de la Energía Eléctrica | L E Y Nº 2 4 . 0 6 5 | Fdo. P/Comp. | Tarifa Elect.,707.1636869882313,Régimen de la Energía Eléctrica | L E Y Nº 2 4 . 0 6 5 | Fdo. P/Comp. | Tarifa Elect.
Tucumán,informacion_consolidada2025_5.xlsx,diciembre,2025,month,2025-12,Subtotal,234985.40127425,Subtotal
Tucumán,informacion_consolidada2025_5.xlsx,diciembre,2025,month,2025-12,Subtotal,234990.05127425,Subtotal
Tucumán,informacion_consolidada2025_5.xlsx,diciembre,2025,month,2025-12,Total | (1) + (2),256684.46874153882,Total | (1) + (2)
Tucumán,informacion_consolidada2025_5.xlsx,diciembre,2025,month,2025-12,Total | Recursos | Origen Nacional | (1),245546.9741035388,Total | Recursos | Origen Nacional | (1)
Tucumán,informacion_consolidada2025_5.xlsx,diciembre,2025,month,2025-12,Transfer. | De Servicios | Ley | Nº 24.049,4.65,Transfer. | De Servicios | Ley | Nº 24.049
Tucumán,informacion_consolidada2025_5.xlsx,diciembre,2025,month,2025-12,Vialidad | Provincial,1113.7233,Vialidad | Provincial
Tucumán,informacion_consolidada2025_5.xlsx,CONS,2025,consolidated,CONS,C.F.I. | Neta De | Ley Nº 26.075,2167161.7186999996,CFI | Neta
Tucumán,informacion_consolidada2025_5.xlsx,CONS,2025,consolidated,CONS,Compensación | Consenso Fiscal | II. a y b; II. d y e | (2),114053.969684,Compensación Consenso Fiscal
Tucumán,informacion_consolidada2025_5.xlsx,CONS,2025,consolidated,CONS,F.E.D.E.I.,1528.8225899065483,F.E.D.E.I.
Tucumán,informacion_consolidada2025_5.xlsx,CONS,2025,consolidated,CONS,F.E.D.E.I.,2225.515381845662,F.E.D.E.I.
Tucumán,informacion_consolidada2025_5.xlsx,CONS,2025,consolidated,CONS,Financ. | Educativo | Ley Nº 26.075,343612.88389999996,Financiamiento Educativo
Tucumán,informacion_consolidada2025_5.xlsx,CONS,2025,consolidated,CONS,Fondo | Compens. | de | Desequilib.,26.4,Fondo | Compens. | de | Desequilib.
Tucumán,informacion_consolidada2025_5.xlsx,CONS,2025,consolidated,CONS,I.V.A. | Ley Nº 23.966 | Art. 5 | Punto 2,0.0,I.V.A. | Ley Nº 23.966 | Art. 5 | Punto 2
Tucumán,informacion_consolidada2025_5.xlsx,CONS,2025,consolidated,CONS,Impuesto a los Combustibles Líquidos | Ley Nº 23.966 y Nº 24.699 | Obras de | Infraestr.,6283.714099999999,Impuesto a los Combustibles Líquidos | Ley Nº 23.966 y Nº 24.699 | Obras de | Infraestr.
Tucumán,informacion_consolidada2025_5.xlsx,CONS,2025,consolidated,CONS,Impuesto s/ | Los Activos | Fdo. Educ. | Ley Nº 23.906,0.12669999999999998,Impuesto s/ | Los Activos | Fdo. Educ. | Ley Nº 23.906
Tucumán,informacion_consolidada2025_5.xlsx,CONS,2025,consolidated,CONS,Impuesto sobre los | Bienes Personales | Ley | Nº 24.699,49054.4846,Impuesto sobre los | Bienes Personales | Ley | Nº 24.699
Tucumán,informacion_consolidada2025_5.xlsx,CONS,2025,consolidated,CONS,Ley Nº 23.966 | Art. 30,0.0,Ley Nº 23.966 | Art. 30
Tucumán,informacion_consolidada2025_5.xlsx,CONS,2025,consolidated,CONS,Ley Nº 24.464 | FO.NA.VI.,27079.0881,Ley Nº 24.464 | FO.NA.VI.
Tucumán,informacion_consolidada2025_5.xlsx,CONS,2025,consolidated,CONS,Reg.Simplif. | P/Peq.Contrib. | Ley Nº 24.977 | Aart. 59 Inc. A,9776.647299999999,Reg.Simplif. | P/Peq.Contrib. | Ley Nº 24.977 | Aart. 59 Inc. A
Tucumán,informacion_consolidada2025_5.xlsx,CONS,2025,consolidated,CONS,Régimen de la Energía Eléctrica | L E Y Nº 2 4 . 0 6 5 | Fdo. P/Comp. | Tarifa Elect.,3849.809,Régimen de la Energía Eléctrica | L E Y Nº 2 4 . 0 6 5 | Fdo. P/Comp. | Tarifa Elect.
Tucumán,informacion_consolidada2025_5.xlsx,CONS,2025,consolidated,CONS,Subtotal,2510774.6025999994,Subtotal
Tucumán,informacion_consolidada2025_5.xlsx,CONS,2025,consolidated,CONS,Subtotal,2510830.402599999,Subtotal
Tucumán,informacion_consolidada2025_5.xlsx,CONS,2025,consolidated,CONS,Total | (1) + (2),2733041.5999557506,Total | (1) + (2)
Tucumán,informacion_consolidada2025_5.xlsx,CONS,2025,consolidated,CONS,Total | Recursos | Origen Nacional | (1),2618987.6302717505,Total | Recursos | Origen Nacional | (1)
Tucumán,informacion_consolidada2025_5.xlsx,CONS,2025,consolidated,CONS,Transfer. | De Servicios | Ley | Nº 24.049,55.8,Transfer. | De Servicios | Ley | Nº 24.049
Tucumán,informacion_consolidada2025_5.xlsx,CONS,2025,consolidated,CONS,Vialidad | Provincial,8332.6199,Vialidad | Provincial
