province,source,sheet,year,period_type,period,category,value_millions,category_normalized
Buenos Aires,informacion_consolidada_2026_6.xlsx,enero,2026,month,2026-01,C.F.I. | Neta De | Ley Nº 26.075,972488.7257999999,CFI | Neta
Buenos Aires,informacion_consolidada_2026_6.xlsx,enero,2026,month,2026-01,Compensación | Consenso Fiscal | II. a y b; II. d y e | (2),173124.265083,Compensación Consenso Fiscal
Buenos Aires,informacion_consolidada_2026_6.xlsx,enero,2026,month,2026-01,F.E.D.E.I.,206.86889622214798,F.E.D.E.I.
Buenos Aires,informacion_consolidada_2026_6.xlsx,enero,2026,month,2026-01,F.E.D.E.I.,196.30424611404703,F.E.D.E.I.
Buenos Aires,informacion_consolidada_2026_6.xlsx,enero,2026,month,2026-01,Financ. | Educativo | Ley Nº 26.075,168715.9232627251,Financiamiento Educativo
Buenos Aires,informacion_consolidada_2026_6.xlsx,enero,2026,month,2026-01,Fondo | Compens. | de | Desequilib.,0.0,Fondo | Compens. | de | Desequilib.
Buenos Aires,informacion_consolidada_2026_6.xlsx,enero,2026,month,2026-01,I.V.A. | Ley Nº 23.966 | Art. 5 | Punto 2,18610.9396,I.V.A. | Ley Nº 23.966 | Art. 5 | Punto 2
Buenos Aires,informacion_consolidada_2026_6.xlsx,enero,2026,month,2026-01,Impuesto a los Combustibles Líquidos | Ley Nº 23.966 y Nº 24.699 | Obras de | Infraestr.,1935.0076000000001,Impuesto a los Combustibles Líquidos | Ley Nº 23.966 y Nº 24.699 | Obras de | Infraestr.
Buenos Aires,informacion_consolidada_2026_6.xlsx,enero,2026,month,2026-01,Impuesto s/ | Los Activos | Fdo. Educ. | Ley Nº 23.906,0.0,Impuesto s/ | Los Activos | Fdo. Educ. | Ley Nº 23.906
Buenos Aires,informacion_consolidada_2026_6.xlsx,enero,2026,month,2026-01,Impuesto sobre los | Bienes Personales | Ley | Nº 24.699,6326.6279,Impuesto sobre los | Bienes Personales | Ley | Nº 24.699
Buenos Aires,informacion_consolidada_2026_6.xlsx,enero,2026,month,2026-01,Ley Nº 23.966 | Art. 30,1506.1852,Ley Nº 23.966 | Art. 30
Buenos Aires,informacion_consolidada_2026_6.xlsx,enero,2026,month,2026-01,Ley Nº 24.464 | FO.NA.VI.,6333.6077000000005,Ley Nº 24.464 | FO.NA.VI.
Buenos Aires,informacion_consolidada_2026_6.xlsx,enero,2026,month,2026-01,Reg.Simplif. | P/Peq.Contrib. | Ley Nº 24.977 | Aart. 59 Inc. A,5378.2829,Reg.Simplif. | P/Peq.Contrib. | Ley Nº 24.977 | Aart. 59 Inc. A
Buenos Aires,informacion_consolidada_2026_6.xlsx,enero,2026,month,2026-01,Régimen de la Energía Eléctrica | L E Y Nº 2 4 . 0 6 5 | Fdo. P/Comp. | Tarifa Elect.,269.41966913693034,Régimen de la Energía Eléctrica | L E Y Nº 2 4 . 0 6 5 | Fdo. P/Comp. | Tarifa Elect.
Buenos Aires,informacion_consolidada_2026_6.xlsx,enero,2026,month,2026-01,Subtotal,1141204.649062725,Subtotal
Buenos Aires,informacion_consolidada_2026_6.xlsx,enero,2026,month,2026-01,Subtotal,1141239.657462725,Subtotal
Buenos Aires,informacion_consolidada_2026_6.xlsx,enero,2026,month,2026-01,Total | (1) + (2),1359359.689457198,Total | (1) + (2)
Buenos Aires,informacion_consolidada_2026_6.xlsx,enero,2026,month,2026-01,Total | Recursos | Origen Nacional | (1),1186235.4243741978,Total | Recursos | Origen Nacional | (1)
Buenos Aires,informacion_consolidada_2026_6.xlsx,enero,2026,month,2026-01,Transfer. | De Servicios | Ley | Nº 24.049,35.008399999999995,Transfer. | De Servicios | Ley | Nº 24.049
Buenos Aires,informacion_consolidada_2026_6.xlsx,enero,2026,month,2026-01,Vialidad | Provincial,4232.5232000000005,Vialidad | Provincial
Buenos Aires,informacion_consolidada_2026_6.xlsx,febrero,2026,month,2026-02,C.F.I. | Neta De | Ley Nº 26.075,729010.0978999999,CFI | Neta
Buenos Aires,informacion_consolidada_2026_6.xlsx,febrero,2026,month,2026-02,Compensación | Consenso Fiscal | II. a y b; II. d y e | (2),148392.22721399998,Compensación Consenso Fiscal
Buenos Aires,informacion_consolidada_2026_6.xlsx,febrero,2026,month,2026-02,F.E.D.E.I.,0.0,F.E.D.E.I.
Buenos Aires,informacion_consolidada_2026_6.xlsx,febrero,2026,month,2026-02,F.E.D.E.I.,0.0,F.E.D.E.I.
Buenos Aires,informacion_consolidada_2026_6.xlsx,febrero,2026,month,2026-02,Financ. | Educativo | Ley Nº 26.075,322094.0353197477,Financiamiento Educativo
Buenos Aires,informacion_consolidada_2026_6.xlsx,febrero,2026,month,2026-02,Fondo | Compens. | de | Desequilib.,0.0,Fondo | Compens. | de | Desequilib.
Buenos Aires,informacion_consolidada_2026_6.xlsx,febrero,2026,month,2026-02,I.V.A. | Ley Nº 23.966 | Art. 5 | Punto 2,16196.0165,I.V.A. | Ley Nº 23.966 | Art. 5 | Punto 2
Buenos Aires,informacion_consolidada_2026_6.xlsx,febrero,2026,month,2026-02,Impuesto a los Combustibles Líquidos | Ley Nº 23.966 y Nº 24.699 | Obras de | Infraestr.,3303.0207,Impuesto a los Combustibles Líquidos | Ley Nº 23.966 y Nº 24.699 | Obras de | Infraestr.
Buenos Aires,informacion_consolidada_2026_6.xlsx,febrero,2026,month,2026-02,Impuesto s/ | Los Activos | Fdo. Educ. | Ley Nº 23.906,0.0,Impuesto s/ | Los Activos | Fdo. Educ. | Ley Nº 23.906
Buenos Aires,informacion_consolidada_2026_6.xlsx,febrero,2026,month,2026-02,Impuesto sobre los | Bienes Personales | Ley | Nº 24.699,8878.891,Impuesto sobre los | Bienes Personales | Ley | Nº 24.699
Buenos Aires,informacion_consolidada_2026_6.xlsx,febrero,2026,month,2026-02,Ley Nº 23.966 | Art. 30,2113.8044,Ley Nº 23.966 | Art. 30
Buenos Aires,informacion_consolidada_2026_6.xlsx,febrero,2026,month,2026-02,Ley Nº 24.464 | FO.NA.VI.,10646.288199999999,Ley Nº 24.464 | FO.NA.VI.
Buenos Aires,informacion_consolidada_2026_6.xlsx,febrero,2026,month,2026-02,Reg.Simplif. | P/Peq.Contrib. | Ley Nº 24.977 | Aart. 59 Inc. A,6494.0549,Reg.Simplif. | P/Peq.Contrib. | Ley Nº 24.977 | Aart. 59 Inc. A
Buenos Aires,informacion_consolidada_2026_6.xlsx,febrero,2026,month,2026-02,Régimen de la Energía Eléctrica | L E Y Nº 2 4 . 0 6 5 | Fdo. P/Comp. | Tarifa Elect.,0.0,Régimen de la Energía Eléctrica | L E Y Nº 2 4 . 0 6 5 | Fdo. P/Comp. | Tarifa Elect.
Buenos Aires,informacion_consolidada_2026_6.xlsx,febrero,2026,month,2026-02,Subtotal,1051104.1332197476,Subtotal
Buenos Aires,informacion_consolidada_2026_6.xlsx,febrero,2026,month,2026-02,Subtotal,1051139.1416197475,Subtotal
Buenos Aires,informacion_consolidada_2026_6.xlsx,febrero,2026,month,2026-02,Total | (1) + (2),1254277.9776337475,Total | (1) + (2)
Buenos Aires,informacion_consolidada_2026_6.xlsx,febrero,2026,month,2026-02,Total | Recursos | Origen Nacional | (1),1105885.7504197476,Total | Recursos | Origen Nacional | (1)
Buenos Aires,informacion_consolidada_2026_6.xlsx,febrero,2026,month,2026-02,Transfer. | De Servicios | Ley | Nº 24.049,35.008399999999995,Transfer. | De Servicios | Ley | Nº 24.049
Buenos Aires,informacion_consolidada_2026_6.xlsx,febrero,2026,month,2026-02,Vialidad | Provincial,7114.5331,Vialidad | Provincial
Buenos Aires,informacion_consolidada_2026_6.xlsx,marzo,2026,month,2026-03,C.F.I. | Neta De | Ley Nº 26.075,607074.3235,CFI | Neta
Buenos Aires,informacion_consolidada_2026_6.xlsx,marzo,2026,month,2026-03,Compensación | Consenso Fiscal | II. a y b; II. d y e | (2),173124.265083,Compensación Consenso Fiscal
Buenos Aires,informacion_consolidada_2026_6.xlsx,marzo,2026,month,2026-03,F.E.D.E.I.,280.55992537378665,F.E.D.E.I.
Buenos Aires,informacion_consolidada_2026_6.xlsx,marzo,2026,month,2026-03,F.E.D.E.I.,395.96396515652305,F.E.D.E.I.
Buenos Aires,informacion_consolidada_2026_6.xlsx,marzo,2026,month,2026-03,Financ. | Educativo | Ley Nº 26.075,352769.6577311522,Financiamiento Educativo
Buenos Aires,informacion_consolidada_2026_6.xlsx,marzo,2026,month,2026-03,Fondo | Compens. | de | Desequilib.,0.0,Fondo | Compens. | de | Desequilib.
Buenos Aires,informacion_consolidada_2026_6.xlsx,marzo,2026,month,2026-03,I.V.A. | Ley Nº 23.966 | Art. 5 | Punto 2,16621.326,I.V.A. | Ley Nº 23.966 | Art. 5 | Punto 2
Buenos Aires,informacion_consolidada_2026_6.xlsx,marzo,2026,month,2026-03,Impuesto a los Combustibles Líquidos | Ley Nº 23.966 y Nº 24.699 | Obras de | Infraestr.,3262.2951000000003,Impuesto a los Combustibles Líquidos | Ley Nº 23.966 y Nº 24.699 | Obras de | Infraestr.
Buenos Aires,informacion_consolidada_2026_6.xlsx,marzo,2026,month,2026-03,Impuesto s/ | Los Activos | Fdo. Educ. | Ley Nº 23.906,0.0,Impuesto s/ | Los Activos | Fdo. Educ. | Ley Nº 23.906
Buenos Aires,informacion_consolidada_2026_6.xlsx,marzo,2026,month,2026-03,Impuesto sobre los | Bienes Personales | Ley | Nº 24.699,4291.1952,Impuesto sobre los | Bienes Personales | Ley | Nº 24.699
Buenos Aires,informacion_consolidada_2026_6.xlsx,marzo,2026,month,2026-03,Ley Nº 23.966 | Art. 30,1021.6080999999999,Ley Nº 23.966 | Art. 30
Buenos Aires,informacion_consolidada_2026_6.xlsx,marzo,2026,month,2026-03,Ley Nº 24.464 | FO.NA.VI.,10515.0214,Ley Nº 24.464 | FO.NA.VI.
Buenos Aires,informacion_consolidada_2026_6.xlsx,marzo,2026,month,2026-03,Reg.Simplif. | P/Peq.Contrib. | Ley Nº 24.977 | Aart. 59 Inc. A,6142.2252,Reg.Simplif. | P/Peq.Contrib. | Ley Nº 24.977 | Aart. 59 Inc. A
Buenos Aires,informacion_consolidada_2026_6.xlsx,marzo,2026,month,2026-03,Régimen de la Energía Eléctrica | L E Y Nº 2 4 . 0 6 5 | Fdo. P/Comp. | Tarifa Elect.,543.4445896925563,Régimen de la Energía Eléctrica | L E Y Nº 2 4 . 0 6 5 | Fdo. P/Comp. | Tarifa Elect.
Buenos Aires,informacion_consolidada_2026_6.xlsx,marzo,2026,month,2026-03,Subtotal,959843.9812311523,Subtotal
Buenos Aires,informacion_consolidada_2026_6.xlsx,marzo,2026,month,2026-03,Subtotal,959878.9896311524,Subtotal
Buenos Aires,informacion_consolidada_2026_6.xlsx,marzo,2026,month,2026-03,Total | (1) + (2),1183103.706294375,Total | (1) + (2)
Buenos Aires,informacion_consolidada_2026_6.xlsx,marzo,2026,month,2026-03,Total | Recursos | Origen Nacional | (1),1009979.441211375,Total | Recursos | Origen Nacional | (1)
Buenos Aires,informacion_consolidada_2026_6.xlsx,marzo,2026,month,2026-03,Transfer. | De Servicios | Ley | Nº 24.049,35.008399999999995,Transfer. | De Servicios | Ley | Nº 24.049
Buenos Aires,informacion_consolidada_2026_6.xlsx,marzo,2026,month,2026-03,Vialidad | Provincial,7026.812099999999,Vialidad | Provincial
Buenos Aires,informacion_consolidada_2026_6.xlsx,abril,2026,month,2026-04,C.F.I. | Neta De | Ley Nº 26.075,706316.0861000001,CFI | Neta
Buenos Aires,informacion_consolidada_2026_6.xlsx,abril,2026,month,2026-04,Compensación | Consenso Fiscal | II. a y b; II. d y e | (2),154598.36558,Compensación Consenso Fiscal
Buenos Aires,informacion_consolidada_2026_6.xlsx,abril,2026,month,2026-04,F.E.D.E.I.,0.0,F.E.D.E.I.
Buenos Aires,informacion_consolidada_2026_6.xlsx,abril,2026,month,2026-04,F.E.D.E.I.,0.0,F.E.D.E.I.
Buenos Aires,informacion_consolidada_2026_6.xlsx,abril,2026,month,2026-04,Financ. | Educativo | Ley Nº 26.075,368107.4689363741,Financiamiento Educativo
Buenos Aires,informacion_consolidada_2026_6.xlsx,abril,2026,month,2026-04,Fondo | Compens. | de | Desequilib.,0.0,Fondo | Compens. | de | Desequilib.
Buenos Aires,informacion_consolidada_2026_6.xlsx,abril,2026,month,2026-04,I.V.A. | Ley Nº 23.966 | Art. 5 | Punto 2,17898.426199999998,I.V.A. | Ley Nº 23.966 | Art. 5 | Punto 2
Buenos Aires,informacion_consolidada_2026_6.xlsx,abril,2026,month,2026-04,Impuesto a los Combustibles Líquidos | Ley Nº 23.966 y Nº 24.699 | Obras de | Infraestr.,3552.4295,Impuesto a los Combustibles Líquidos | Ley Nº 23.966 y Nº 24.699 | Obras de | Infraestr.
Buenos Aires,informacion_consolidada_2026_6.xlsx,abril,2026,month,2026-04,Impuesto s/ | Los Activos | Fdo. Educ. | Ley Nº 23.906,0.0,Impuesto s/ | Los Activos | Fdo. Educ. | Ley Nº 23.906
Buenos Aires,informacion_consolidada_2026_6.xlsx,abril,2026,month,2026-04,Impuesto sobre los | Bienes Personales | Ley | Nº 24.699,7407.1257000000005,Impuesto sobre los | Bienes Personales | Ley | Nº 24.699
Buenos Aires,informacion_consolidada_2026_6.xlsx,abril,2026,month,2026-04,Ley Nº 23.966 | Art. 30,1763.4201,Ley Nº 23.966 | Art. 30
Buenos Aires,informacion_consolidada_2026_6.xlsx,abril,2026,month,2026-04,Ley Nº 24.464 | FO.NA.VI.,11450.1819,Ley Nº 24.464 | FO.NA.VI.
Buenos Aires,informacion_consolidada_2026_6.xlsx,abril,2026,month,2026-04,Reg.Simplif. | P/Peq.Contrib. | Ley Nº 24.977 | Aart. 59 Inc. A,7034.455099999999,Reg.Simplif. | P/Peq.Contrib. | Ley Nº 24.977 | Aart. 59 Inc. A
Buenos Aires,informacion_consolidada_2026_6.xlsx,abril,2026,month,2026-04,Régimen de la Energía Eléctrica | L E Y Nº 2 4 . 0 6 5 | Fdo. P/Comp. | Tarifa Elect.,0.0,Régimen de la Energía Eléctrica | L E Y Nº 2 4 . 0 6 5 | Fdo. P/Comp. | Tarifa Elect.
Buenos Aires,informacion_consolidada_2026_6.xlsx,abril,2026,month,2026-04,Subtotal,1074423.5550363741,Subtotal
Buenos Aires,informacion_consolidada_2026_6.xlsx,abril,2026,month,2026-04,Subtotal,1074458.563436374,Subtotal
Buenos Aires,informacion_consolidada_2026_6.xlsx,abril,2026,month,2026-04,Total | (1) + (2),1285814.7139163741,Total | (1) + (2)
Buenos Aires,informacion_consolidada_2026_6.xlsx,abril,2026,month,2026-04,Total | Recursos | Origen Nacional | (1),1131216.3483363742,Total | Recursos | Origen Nacional | (1)
Buenos Aires,informacion_consolidada_2026_6.xlsx,abril,2026,month,2026-04,Transfer. | De Servicios | Ley | Nº 24.049,35.008399999999995,Transfer. | De Servicios | Ley | Nº 24.049
Buenos Aires,informacion_consolidada_2026_6.xlsx,abril,2026,month,2026-04,Vialidad | Provincial,7651.7464,Vialidad | Provincial
Buenos Aires,informacion_consolidada_2026_6.xlsx,mayo,2026,month,2026-05,C.F.I. | Neta De | Ley Nº 26.075,1300846.4405,CFI | Neta
Buenos Aires,informacion_consolidada_2026_6.xlsx,mayo,2026,month,2026-05,Compensación | Consenso Fiscal | II. a y b; II. d y e | (2),146868.447301,Compensación Consenso Fiscal
Buenos Aires,informacion_consolidada_2026_6.xlsx,mayo,2026,month,2026-05,F.E.D.E.I.,173.7822145049301,F.E.D.E.I.
Buenos Aires,informacion_consolidada_2026_6.xlsx,mayo,2026,month,2026-05,F.E.D.E.I.,215.1510523506832,F.E.D.E.I.
Buenos Aires,informacion_consolidada_2026_6.xlsx,mayo,2026,month,2026-05,Financ. | Educativo | Ley Nº 26.075,291418.41290796484,Financiamiento Educativo
Buenos Aires,informacion_consolidada_2026_6.xlsx,mayo,2026,month,2026-05,Fondo | Compens. | de | Desequilib.,0.0,Fondo | Compens. | de | Desequilib.
Buenos Aires,informacion_consolidada_2026_6.xlsx,mayo,2026,month,2026-05,I.V.A. | Ley Nº 23.966 | Art. 5 | Punto 2,15829.492900000001,I.V.A. | Ley Nº 23.966 | Art. 5 | Punto 2
Buenos Aires,informacion_consolidada_2026_6.xlsx,mayo,2026,month,2026-05,Impuesto a los Combustibles Líquidos | Ley Nº 23.966 y Nº 24.699 | Obras de | Infraestr.,3273.1005,Impuesto a los Combustibles Líquidos | Ley Nº 23.966 y Nº 24.699 | Obras de | Infraestr.
Buenos Aires,informacion_consolidada_2026_6.xlsx,mayo,2026,month,2026-05,Impuesto s/ | Los Activos | Fdo. Educ. | Ley Nº 23.906,0.0,Impuesto s/ | Los Activos | Fdo. Educ. | Ley Nº 23.906
Buenos Aires,informacion_consolidada_2026_6.xlsx,mayo,2026,month,2026-05,Impuesto sobre los | Bienes Personales | Ley | Nº 24.699,8164.96,Impuesto sobre los | Bienes Personales | Ley | Nº 24.699
Buenos Aires,informacion_consolidada_2026_6.xlsx,mayo,2026,month,2026-05,Ley Nº 23.966 | Art. 30,1943.8383000000001,Ley Nº 23.966 | Art. 30
Buenos Aires,informacion_consolidada_2026_6.xlsx,mayo,2026,month,2026-05,Ley Nº 24.464 | FO.NA.VI.,10549.8495,Ley Nº 24.464 | FO.NA.VI.
Buenos Aires,informacion_consolidada_2026_6.xlsx,mayo,2026,month,2026-05,Reg.Simplif. | P/Peq.Contrib. | Ley Nº 24.977 | Aart. 59 Inc. A,6888.0715,Reg.Simplif. | P/Peq.Contrib. | Ley Nº 24.977 | Aart. 59 Inc. A
Buenos Aires,informacion_consolidada_2026_6.xlsx,mayo,2026,month,2026-05,Régimen de la Energía Eléctrica | L E Y Nº 2 4 . 0 6 5 | Fdo. P/Comp. | Tarifa Elect.,295.28615141845404,Régimen de la Energía Eléctrica | L E Y Nº 2 4 . 0 6 5 | Fdo. P/Comp. | Tarifa Elect.
Buenos Aires,informacion_consolidada_2026_6.xlsx,mayo,2026,month,2026-05,Subtotal,1592264.8534079648,Subtotal
Buenos Aires,informacion_consolidada_2026_6.xlsx,mayo,2026,month,2026-05,Subtotal,1592299.8618079647,Subtotal
Buenos Aires,informacion_consolidada_2026_6.xlsx,mayo,2026,month,2026-05,Total | (1) + (2),1793551.9277272387,Total | (1) + (2)
Buenos Aires,informacion_consolidada_2026_6.xlsx,mayo,2026,month,2026-05,Total | Recursos | Origen Nacional | (1),1646683.4804262386,Total | Recursos | Origen Nacional | (1)
Buenos Aires,informacion_consolidada_2026_6.xlsx,mayo,2026,month,2026-05,Transfer. | De Servicios | Ley | Nº 24.049,35.008399999999995,Transfer. | De Servicios | Ley | Nº 24.049
Buenos Aires,informacion_consolidada_2026_6.xlsx,mayo,2026,month,2026-05,Vialidad | Provincial,7050.0865,Vialidad | Provincial
Buenos Aires,informacion_consolidada_2026_6.xlsx,junio,2026,month,2026-06,C.F.I. | Neta De | Ley Nº 26.075,814895.5462999999,CFI | Neta
Buenos Aires,informacion_consolidada_2026_6.xlsx,junio,2026,month,2026-06,Compensación | Consenso Fiscal | II. a y b; II. d y e | (2),162328.283859,Compensación Consenso Fiscal
Buenos Aires,informacion_consolidada_2026_6.xlsx,junio,2026,month,2026-06,F.E.D.E.I.,363.6239149497982,F.E.D.E.I.
Buenos Aires,informacion_consolidada_2026_6.xlsx,junio,2026,month,2026-06,F.E.D.E.I.,522.1075069406367,F.E.D.E.I.
Buenos Aires,informacion_consolidada_2026_6.xlsx,junio,2026,month,2026-06,Financ. | Educativo | Ley Nº 26.075,322094.0353193298,Financiamiento Educativo
Buenos Aires,informacion_consolidada_2026_6.xlsx,junio,2026,month,2026-06,Fondo | Compens. | de | Desequilib.,0.0,Fondo | Compens. | de | Desequilib.
Buenos Aires,informacion_consolidada_2026_6.xlsx,junio,2026,month,2026-06,I.V.A. | Ley Nº 23.966 | Art. 5 | Punto 2,19478.8802,I.V.A. | Ley Nº 23.966 | Art. 5 | Punto 2
Buenos Aires,informacion_consolidada_2026_6.xlsx,junio,2026,month,2026-06,Impuesto a los Combustibles Líquidos | Ley Nº 23.966 y Nº 24.699 | Obras de | Infraestr.,4060.4366,Impuesto a los Combustibles Líquidos | Ley Nº 23.966 y Nº 24.699 | Obras de | Infraestr.
Buenos Aires,informacion_consolidada_2026_6.xlsx,junio,2026,month,2026-06,Impuesto s/ | Los Activos | Fdo. Educ. | Ley Nº 23.906,0.0,Impuesto s/ | Los Activos | Fdo. Educ. | Ley Nº 23.906
Buenos Aires,informacion_consolidada_2026_6.xlsx,junio,2026,month,2026-06,Impuesto sobre los | Bienes Personales | Ley | Nº 24.699,196334.9985,Impuesto sobre los | Bienes Personales | Ley | Nº 24.699
Buenos Aires,informacion_consolidada_2026_6.xlsx,junio,2026,month,2026-06,Ley Nº 23.966 | Art. 30,46741.624899999995,Ley Nº 23.966 | Art. 30
Buenos Aires,informacion_consolidada_2026_6.xlsx,junio,2026,month,2026-06,Ley Nº 24.464 | FO.NA.VI.,13087.589199999999,Ley Nº 24.464 | FO.NA.VI.
Buenos Aires,informacion_consolidada_2026_6.xlsx,junio,2026,month,2026-06,Reg.Simplif. | P/Peq.Contrib. | Ley Nº 24.977 | Aart. 59 Inc. A,7019.8638,Reg.Simplif. | P/Peq.Contrib. | Ley Nº 24.977 | Aart. 59 Inc. A
Buenos Aires,informacion_consolidada_2026_6.xlsx,junio,2026,month,2026-06,Régimen de la Energía Eléctrica | L E Y Nº 2 4 . 0 6 5 | Fdo. P/Comp. | Tarifa Elect.,717.5774287930421,Régimen de la Energía Eléctrica | L E Y Nº 2 4 . 0 6 5 | Fdo. P/Comp. | Tarifa Elect.
Buenos Aires,informacion_consolidada_2026_6.xlsx,junio,2026,month,2026-06,Subtotal,1136989.5816193298,Subtotal
Buenos Aires,informacion_consolidada_2026_6.xlsx,junio,2026,month,2026-06,Subtotal,1137024.5900193297,Subtotal
Buenos Aires,informacion_consolidada_2026_6.xlsx,junio,2026,month,2026-06,Total | (1) + (2),1596425.542929013,Total | (1) + (2)
Buenos Aires,informacion_consolidada_2026_6.xlsx,junio,2026,month,2026-06,Total | Recursos | Origen Nacional | (1),1434097.259070013,Total | Recursos | Origen Nacional | (1)
Buenos Aires,informacion_consolidada_2026_6.xlsx,junio,2026,month,2026-06,Transfer. | De Servicios | Ley | Nº 24.049,35.008399999999995,Transfer. | De Servicios | Ley | Nº 24.049
Buenos Aires,informacion_consolidada_2026_6.xlsx,junio,2026,month,2026-06,Vialidad | Provincial,8745.967,Vialidad | Provincial
Buenos Aires,informacion_consolidada_2026_6.xlsx,julio,2026,month,2026-07,C.F.I. | Neta De | Ley Nº 26.075,1081352.3255,CFI | Neta
Buenos Aires,informacion_consolidada_2026_6.xlsx,julio,2026,month,2026-07,Compensación | Consenso Fiscal | II. a y b; II. d y e | (2),158484.169746,Compensación Consenso Fiscal
Buenos Aires,informacion_consolidada_2026_6.xlsx,julio,2026,month,2026-07,F.E.D.E.I.,216.4901803837792,F.E.D.E.I.
Buenos Aires,informacion_consolidada_2026_6.xlsx,julio,2026,month,2026-07,F.E.D.E.I.,265.22979133857507,F.E.D.E.I.
Buenos Aires,informacion_consolidada_2026_6.xlsx,julio,2026,month,2026-07,Financ. | Educativo | Ley Nº 26.075,322094.03531932976,Financiamiento Educativo
Buenos Aires,informacion_consolidada_2026_6.xlsx,julio,2026,month,2026-07,Fondo | Compens. | de | Desequilib.,0.0,Fondo | Compens. | de | Desequilib.
Buenos Aires,informacion_consolidada_2026_6.xlsx,julio,2026,month,2026-07,I.V.A. | Ley Nº 23.966 | Art. 5 | Punto 2,20429.0283,I.V.A. | Ley Nº 23.966 | Art. 5 | Punto 2
Buenos Aires,informacion_consolidada_2026_6.xlsx,julio,2026,month,2026-07,Impuesto a los Combustibles Líquidos | Ley Nº 23.966 y Nº 24.699 | Obras de | Infraestr.,3652.7135,Impuesto a los Combustibles Líquidos | Ley Nº 23.966 y Nº 24.699 | Obras de | Infraestr.
Buenos Aires,informacion_consolidada_2026_6.xlsx,julio,2026,month,2026-07,Impuesto s/ | Los Activos | Fdo. Educ. | Ley Nº 23.906,0.0,Impuesto s/ | Los Activos | Fdo. Educ. | Ley Nº 23.906
Buenos Aires,informacion_consolidada_2026_6.xlsx,julio,2026,month,2026-07,Impuesto sobre los | Bienes Personales | Ley | Nº 24.699,19815.605600000003,Impuesto sobre los | Bienes Personales | Ley | Nº 24.699
Buenos Aires,informacion_consolidada_2026_6.xlsx,julio,2026,month,2026-07,Ley Nº 23.966 | Art. 30,4717.5165,Ley Nº 23.966 | Art. 30
Buenos Aires,informacion_consolidada_2026_6.xlsx,julio,2026,month,2026-07,Ley Nº 24.464 | FO.NA.VI.,11773.4172,Ley Nº 24.464 | FO.NA.VI.
Buenos Aires,informacion_consolidada_2026_6.xlsx,julio,2026,month,2026-07,Reg.Simplif. | P/Peq.Contrib. | Ley Nº 24.977 | Aart. 59 Inc. A,6964.5477,Reg.Simplif. | P/Peq.Contrib. | Ley Nº 24.977 | Aart. 59 Inc. A
Buenos Aires,informacion_consolidada_2026_6.xlsx,julio,2026,month,2026-07,Régimen de la Energía Eléctrica | L E Y Nº 2 4 . 0 6 5 | Fdo. P/Comp. | Tarifa Elect.,364.52820382536527,Régimen de la Energía Eléctrica | L E Y Nº 2 4 . 0 6 5 | Fdo. P/Comp. | Tarifa Elect.
Buenos Aires,informacion_consolidada_2026_6.xlsx,julio,2026,month,2026-07,Subtotal,1403446.3608193297,Subtotal
Buenos Aires,informacion_consolidada_2026_6.xlsx,julio,2026,month,2026-07,Subtotal,1403481.3692193297,Subtotal
Buenos Aires,informacion_consolidada_2026_6.xlsx,julio,2026,month,2026-07,Total | (1) + (2),1638032.3689408773,Total | (1) + (2)
Buenos Aires,informacion_consolidada_2026_6.xlsx,julio,2026,month,2026-07,Total | Recursos | Origen Nacional | (1),1479548.1991948772,Total | Recursos | Origen Nacional | (1)
Buenos Aires,informacion_consolidada_2026_6.xlsx,julio,2026,month,2026-07,Transfer. | De Servicios | Ley | Nº 24.049,35.008399999999995,Transfer. | De Servicios | Ley | Nº 24.049
Buenos Aires,informacion_consolidada_2026_6.xlsx,julio,2026,month,2026-07,Vialidad | Provincial,7867.753,Vialidad | Provincial
Buenos Aires,informacion_consolidada_2026_6.xlsx,agosto,2026,month,2026-08,C.F.I. | Neta De | Ley Nº 26.075,1023190.4251,CFI | Neta
Buenos Aires,informacion_consolidada_2026_6.xlsx,agosto,2026,month,2026-08,Compensación | Consenso Fiscal | II. a y b; II. d y e | (2),150937.30452,Compensación Consenso Fiscal
Buenos Aires,informacion_consolidada_2026_6.xlsx,agosto,2026,month,2026-08,F.E.D.E.I.,0.0,F.E.D.E.I.
Buenos Aires,informacion_consolidada_2026_6.xlsx,agosto,2026,month,2026-08,F.E.D.E.I.,0.0,F.E.D.E.I.
Buenos Aires,informacion_consolidada_2026_6.xlsx,agosto,2026,month,2026-08,Financ. | Educativo | Ley Nº 26.075,306756.22411364573,Financiamiento Educativo
Buenos Aires,informacion_consolidada_2026_6.xlsx,agosto,2026,month,2026-08,Fondo | Compens. | de | Desequilib.,0.0,Fondo | Compens. | de | Desequilib.
Buenos Aires,informacion_consolidada_2026_6.xlsx,agosto,2026,month,2026-08,I.V.A. | Ley Nº 23.966 | Art. 5 | Punto 2,19859.5298,I.V.A. | Ley Nº 23.966 | Art. 5 | Punto 2
Buenos Aires,informacion_consolidada_2026_6.xlsx,agosto,2026,month,2026-08,Impuesto a los Combustibles Líquidos | Ley Nº 23.966 y Nº 24.699 | Obras de | Infraestr.,3981.4935,Impuesto a los Combustibles Líquidos | Ley Nº 23.966 y Nº 24.699 | Obras de | Infraestr.
Buenos Aires,informacion_consolidada_2026_6.xlsx,agosto,2026,month,2026-08,Impuesto s/ | Los Activos | Fdo. Educ. | Ley Nº 23.906,0.14105645,Impuesto s/ | Los Activos | Fdo. Educ. | Ley Nº 23.906
Buenos Aires,informacion_consolidada_2026_6.xlsx,agosto,2026,month,2026-08,Impuesto sobre los | Bienes Personales | Ley | Nº 24.699,15967.293,Impuesto sobre los | Bienes Personales | Ley | Nº 24.699
Buenos Aires,informacion_consolidada_2026_6.xlsx,agosto,2026,month,2026-08,Ley Nº 23.966 | Art. 30,3801.3457999999996,Ley Nº 23.966 | Art. 30
Buenos Aires,informacion_consolidada_2026_6.xlsx,agosto,2026,month,2026-08,Ley Nº 24.464 | FO.NA.VI.,12833.14,Ley Nº 24.464 | FO.NA.VI.
Buenos Aires,informacion_consolidada_2026_6.xlsx,agosto,2026,month,2026-08,Reg.Simplif. | P/Peq.Contrib. | Ley Nº 24.977 | Aart. 59 Inc. A,8199.6429,Reg.Simplif. | P/Peq.Contrib. | Ley Nº 24.977 | Aart. 59 Inc. A
Buenos Aires,informacion_consolidada_2026_6.xlsx,agosto,2026,month,2026-08,Régimen de la Energía Eléctrica | L E Y Nº 2 4 . 0 6 5 | Fdo. P/Comp. | Tarifa Elect.,0.0,Régimen de la Energía Eléctrica | L E Y Nº 2 4 . 0 6 5 | Fdo. P/Comp. | Tarifa Elect.
Buenos Aires,informacion_consolidada_2026_6.xlsx,agosto,2026,month,2026-08,Subtotal,1329946.6492136456,Subtotal
Buenos Aires,informacion_consolidada_2026_6.xlsx,agosto,2026,month,2026-08,Subtotal,1329981.6576136455,Subtotal
Buenos Aires,informacion_consolidada_2026_6.xlsx,agosto,2026,month,2026-08,Total | (1) + (2),1554137.4759900956,Total | (1) + (2)
Buenos Aires,informacion_consolidada_2026_6.xlsx,agosto,2026,month,2026-08,Total | Recursos | Origen Nacional | (1),1403200.1714700956,Total | Recursos | Origen Nacional | (1)
Buenos Aires,informacion_consolidada_2026_6.xlsx,agosto,2026,month,2026-08,Transfer. | De Servicios | Ley | Nº 24.049,35.008399999999995,Transfer. | De Servicios | Ley | Nº 24.049
Buenos Aires,informacion_consolidada_2026_6.xlsx,agosto,2026,month,2026-08,Vialidad | Provincial,8575.927800000001,Vialidad | Provincial
Buenos Aires,informacion_consolidada_2026_6.xlsx,septiembre,2026,month,2026-09,C.F.I. | Neta De | Ley Nº 26.075,1029530.1385,CFI | Neta
Buenos Aires,informacion_consolidada_2026_6.xlsx,septiembre,2026,month,2026-09,Compensación | Consenso Fiscal | II. a y b; II. d y e | (2),166031.034972,Compensación Consenso Fiscal
Buenos Aires,informacion_consolidada_2026_6.xlsx,septiembre,2026,month,2026-09,F.E.D.E.I.,406.59923509096245,F.E.D.E.I.
Buenos Aires,informacion_consolidada_2026_6.xlsx,septiembre,2026,month,2026-09,F.E.D.E.I.,598.7481625041232,F.E.D.E.I.
Buenos Aires,informacion_consolidada_2026_6.xlsx,septiembre,2026,month,2026-09,Financ. | Educativo | Ley Nº 26.075,337431.8465250068,Financiamiento Educativo
Buenos Aires,informacion_consolidada_2026_6.xlsx,septiembre,2026,month,2026-09,Fondo | Compens. | de | Desequilib.,0.0,Fondo | Compens. | de | Desequilib.
Buenos Aires,informacion_consolidada_2026_6.xlsx,septiembre,2026,month,2026-09,I.V.A. | Ley Nº 23.966 | Art. 5 | Punto 2,20501.042100000002,I.V.A. | Ley Nº 23.966 | Art. 5 | Punto 2
Buenos Aires,informacion_consolidada_2026_6.xlsx,septiembre,2026,month,2026-09,Impuesto a los Combustibles Líquidos | Ley Nº 23.966 y Nº 24.699 | Obras de | Infraestr.,3937.9707999999996,Impuesto a los Combustibles Líquidos | Ley Nº 23.966 y Nº 24.699 | Obras de | Infraestr.
Buenos Aires,informacion_consolidada_2026_6.xlsx,septiembre,2026,month,2026-09,Impuesto s/ | Los Activos | Fdo. Educ. | Ley Nº 23.906,0.0,Impuesto s/ | Los Activos | Fdo. Educ. | Ley Nº 23.906
Buenos Aires,informacion_consolidada_2026_6.xlsx,septiembre,2026,month,2026-09,Impuesto sobre los | Bienes Personales | Ley | Nº 24.699,10777.3716,Impuesto sobre los | Bienes Personales | Ley | Nº 24.699
Buenos Aires,informacion_consolidada_2026_6.xlsx,septiembre,2026,month,2026-09,Ley Nº 23.966 | Art. 30,2565.7772,Ley Nº 23.966 | Art. 30
Buenos Aires,informacion_consolidada_2026_6.xlsx,septiembre,2026,month,2026-09,Ley Nº 24.464 | FO.NA.VI.,12692.857800000002,Ley Nº 24.464 | FO.NA.VI.
Buenos Aires,informacion_consolidada_2026_6.xlsx,septiembre,2026,month,2026-09,Reg.Simplif. | P/Peq.Contrib. | Ley Nº 24.977 | Aart. 59 Inc. A,8457.533800000001,Reg.Simplif. | P/Peq.Contrib. | Ley Nº 24.977 | Aart. 59 Inc. A
Buenos Aires,informacion_consolidada_2026_6.xlsx,septiembre,2026,month,2026-09,Régimen de la Energía Eléctrica | L E Y Nº 2 4 . 0 6 5 | Fdo. P/Comp. | Tarifa Elect.,822.9112993464909,Régimen de la Energía Eléctrica | L E Y Nº 2 4 . 0 6 5 | Fdo. P/Comp. | Tarifa Elect.
Buenos Aires,informacion_consolidada_2026_6.xlsx,septiembre,2026,month,2026-09,Subtotal,1366961.9850250068,Subtotal
Buenos Aires,informacion_consolidada_2026_6.xlsx,septiembre,2026,month,2026-09,Subtotal,1366996.9934250067,Subtotal
Buenos Aires,informacion_consolidada_2026_6.xlsx,septiembre,2026,month,2026-09,Total | (1) + (2),1602271.022593948,Total | (1) + (2)
Buenos Aires,informacion_consolidada_2026_6.xlsx,septiembre,2026,month,2026-09,Total | Recursos | Origen Nacional | (1),1436239.9876219481,Total | Recursos | Origen Nacional | (1)
Buenos Aires,informacion_consolidada_2026_6.xlsx,septiembre,2026,month,2026-09,Transfer. | De Servicios | Ley | Nº 24.049,35.008399999999995,Transfer. | De Servicios | Ley | Nº 24.049
Buenos Aires,informacion_consolidada_2026_6.xlsx,septiembre,2026,month,2026-09,Vialidad | Provincial,8482.1822,Vialidad | Provincial
Buenos Aires,informacion_consolidada_2026_6.xlsx,CONS,2026,consolidated,CONS,C.F.I. | Neta De | Ley Nº 26.075,8264704.1092,CFI | Neta
Buenos Aires,informacion_consolidada_2026_6.xlsx,CONS,2026,consolidated,CONS,Compensación | Consenso Fiscal | II. a y b; II. d y e | (2),1433888.3633579998,Compensación Consenso Fiscal
Buenos Aires,informacion_consolidada_2026_6.xlsx,CONS,2026,consolidated,CONS,F.E.D.E.I.,1647.9243665254044,F.E.D.E.I.
Buenos Aires,informacion_consolidada_2026_6.xlsx,CONS,2026,consolidated,CONS,F.E.D.E.I.,2193.5047244045877,F.E.D.E.I.
Buenos Aires,informacion_consolidada_2026_6.xlsx,CONS,2026,consolidated,CONS,Financ. | Educativo | Ley Nº 26.075,2791481.6393,Financiamiento Educativo
Buenos Aires,informacion_consolidada_2026_6.xlsx,CONS,2026,consolidated,CONS,Fondo | Compens. | de | Desequilib.,0.0,Fondo | Compens. | de | Desequilib.
Buenos Aires,informacion_consolidada_2026_6.xlsx,CONS,2026,consolidated,CONS,I.V.A. | Ley Nº 23.966 | Art. 5 | Punto 2,165424.68159999998,I.V.A. | Ley Nº 23.966 | Art. 5 | Punto 2
Buenos Aires,informacion_consolidada_2026_6.xlsx,CONS,2026,consolidated,CONS,Impuesto a los Combustibles Líquidos | Ley Nº 23.966 y Nº 24.699 | Obras de | Infraestr.,30958.467800000002,Impuesto a los Combustibles Líquidos | Ley Nº 23.966 y Nº 24.699 | Obras de | Infraestr.
Buenos Aires,informacion_consolidada_2026_6.xlsx,CONS,2026,consolidated,CONS,Impuesto s/ | Los Activos | Fdo. Educ. | Ley Nº 23.906,0.1411,Impuesto s/ | Los Activos | Fdo. Educ. | Ley Nº 23.906
Buenos Aires,informacion_consolidada_2026_6.xlsx,CONS,2026,consolidated,CONS,Impuesto sobre los | Bienes Personales | Ley | Nº 24.699,277964.0685,Impuesto sobre los | Bienes Personales | Ley | Nº 24.699
Buenos Aires,informacion_consolidada_2026_6.xlsx,CONS,2026,consolidated,CONS,Ley Nº 23.966 | Art. 30,66175.1205,Ley Nº 23.966 | Art. 30
Buenos Aires,informacion_consolidada_2026_6.xlsx,CONS,2026,consolidated,CONS,Ley Nº 24.464 | FO.NA.VI.,99881.95289999999,Ley Nº 24.464 | FO.NA.VI.
Buenos Aires,informacion_consolidada_2026_6.xlsx,CONS,2026,consolidated,CONS,Reg.Simplif. | P/Peq.Contrib. | Ley Nº 24.977 | Aart. 59 Inc. A,62578.6778,Reg.Simplif. | P/Peq.Contrib. | Ley Nº 24.977 | Aart. 59 Inc. A
Buenos Aires,informacion_consolidada_2026_6.xlsx,CONS,2026,consolidated,CONS,Régimen de la Energía Eléctrica | L E Y Nº 2 4 . 0 6 5 | Fdo. P/Comp. | Tarifa Elect.,3013.1674000000003,Régimen de la Energía Eléctrica | L E Y Nº 2 4 . 0 6 5 | Fdo. P/Comp. | Tarifa Elect.
Buenos Aires,informacion_consolidada_2026_6.xlsx,CONS,2026,consolidated,CONS,Subtotal,11056185.7485,Subtotal
Buenos Aires,informacion_consolidada_2026_6.xlsx,CONS,2026,consolidated,CONS,Subtotal,11056500.8241,Subtotal
Buenos Aires,informacion_consolidada_2026_6.xlsx,CONS,2026,consolidated,CONS,Total | (1) + (2),13266974.425448934,Total | (1) + (2)
Buenos Aires,informacion_consolidada_2026_6.xlsx,CONS,2026,consolidated,CONS,Total | Recursos | Origen Nacional | (1),11833086.062090933,Total | Recursos | Origen Nacional | (1)
Buenos Aires,informacion_consolidada_2026_6.xlsx,CONS,2026,consolidated,CONS,Transfer. | De Servicios | Ley | Nº 24.049,315.0756,Transfer. | De Servicios | Ley | Nº 24.049
Buenos Aires,informacion_consolidada_2026_6.xlsx,CONS,2026,consolidated,CONS,Vialidad | Provincial,66747.5313,Vialidad | Provincial
CABA,informacion_consolidada_2026_6.xlsx,enero,2026,month,2026-01,C.F.I. | Neta De | Ley Nº 26.075,102465.67,CFI | Neta
CABA,informacion_consolidada_2026_6.xlsx,enero,2026,month,2026-01,F.E.D.E.I.,0.0,F.E.D.E.I.
CABA,informacion_consolidada_2026_6.xlsx,enero,2026,month,2026-01,F.E.D.E.I.,0.0,F.E.D.E.I.
CABA,informacion_consolidada_2026_6.xlsx,enero,2026,month,2026-01,Financ. | Educativo | Ley Nº 26.075,25722.70645857813,Financiamiento Educativo
CABA,informacion_consolidada_2026_6.xlsx,enero,2026,month,2026-01,Fondo | Compens. | de | Desequilib.,0.0,Fondo | Compens. | de | Desequilib.
CABA,informacion_consolidada_2026_6.xlsx,enero,2026,month,2026-01,I.V.A. | Ley Nº 23.966 | Art. 5 | Punto 2,0.0,I.V.A. | Ley Nº 23.966 | Art. 5 | Punto 2
CABA,informacion_consolidada_2026_6.xlsx,enero,2026,month,2026-01,Impuesto a los Combustibles Líquidos | Ley Nº 23.966 y Nº 24.699 | Obras de | Infraestr.,0.0,Impuesto a los Combustibles Líquidos | Ley Nº 23.966 y Nº 24.699 | Obras de | Infraestr.
CABA,informacion_consolidada_2026_6.xlsx,enero,2026,month,2026-01,Impuesto s/ | Los Activos | Fdo. Educ. | Ley Nº 23.906,0.0,Impuesto s/ | Los Activos | Fdo. Educ. | Ley Nº 23.906
CABA,informacion_consolidada_2026_6.xlsx,enero,2026,month,2026-01,Impuesto sobre los | Bienes Personales | Ley | Nº 24.699,0.0,Impuesto sobre los | Bienes Personales | Ley | Nº 24.699
CABA,informacion_consolidada_2026_6.xlsx,enero,2026,month,2026-01,Ley Nº 23.966 | Art. 30,0.0,Ley Nº 23.966 | Art. 30
CABA,informacion_consolidada_2026_6.xlsx,enero,2026,month,2026-01,Ley Nº 24.464 | FO.NA.VI.,567.8407,Ley Nº 24.464 | FO.NA.VI.
CABA,informacion_consolidada_2026_6.xlsx,enero,2026,month,2026-01,Reg.Simplif. | P/Peq.Contrib. | Ley Nº 24.977 | Aart. 59 Inc. A,0.0,Reg.Simplif. | P/Peq.Contrib. | Ley Nº 24.977 | Aart. 59 Inc. A
CABA,informacion_consolidada_2026_6.xlsx,enero,2026,month,2026-01,Régimen de la Energía Eléctrica | L E Y Nº 2 4 . 0 6 5 | Fdo. P/Comp. | Tarifa Elect.,0.0,Régimen de la Energía Eléctrica | L E Y Nº 2 4 . 0 6 5 | Fdo. P/Comp. | Tarifa Elect.
CABA,informacion_consolidada_2026_6.xlsx,enero,2026,month,2026-01,Subtotal,128188.37645857813,Subtotal
CABA,informacion_consolidada_2026_6.xlsx,enero,2026,month,2026-01,Subtotal,128188.37645857813,Subtotal
CABA,informacion_consolidada_2026_6.xlsx,enero,2026,month,2026-01,Total | (1) + (2),128756.21715857813,Total | (1) + (2)
CABA,informacion_consolidada_2026_6.xlsx,enero,2026,month,2026-01,Total | Recursos | Origen Nacional | (1),128756.21715857813,Total | Recursos | Origen Nacional | (1)
CABA,informacion_consolidada_2026_6.xlsx,enero,2026,month,2026-01,Transfer. | De Servicios | Ley | Nº 24.049,0.0,Transfer. | De Servicios | Ley | Nº 24.049
CABA,informacion_consolidada_2026_6.xlsx,enero,2026,month,2026-01,Vialidad | Provincial,0.0,Vialidad | Provincial
CABA,informacion_consolidada_2026_6.xlsx,febrero,2026,month,2026-02,C.F.I. | Neta De | Ley Nº 26.075,65356.0256,CFI | Neta
CABA,informacion_consolidada_2026_6.xlsx,febrero,2026,month,2026-02,F.E.D.E.I.,0.0,F.E.D.E.I.
CABA,informacion_consolidada_2026_6.xlsx,febrero,2026,month,2026-02,F.E.D.E.I.,0.0,F.E.D.E.I.
CABA,informacion_consolidada_2026_6.xlsx,febrero,2026,month,2026-02,Financ. | Educativo | Ley Nº 26.075,52711.81476757439,Financiamiento Educativo
CABA,informacion_consolidada_2026_6.xlsx,febrero,2026,month,2026-02,Fondo | Compens. | de | Desequilib.,0.0,Fondo | Compens. | de | Desequilib.
CABA,informacion_consolidada_2026_6.xlsx,febrero,2026,month,2026-02,I.V.A. | Ley Nº 23.966 | Art. 5 | Punto 2,0.0,I.V.A. | Ley Nº 23.966 | Art. 5 | Punto 2
CABA,informacion_consolidada_2026_6.xlsx,febrero,2026,month,2026-02,Impuesto a los Combustibles Líquidos | Ley Nº 23.966 y Nº 24.699 | Obras de | Infraestr.,0.0,Impuesto a los Combustibles Líquidos | Ley Nº 23.966 y Nº 24.699 | Obras de | Infraestr.
CABA,informacion_consolidada_2026_6.xlsx,febrero,2026,month,2026-02,Impuesto s/ | Los Activos | Fdo. Educ. | Ley Nº 23.906,0.0,Impuesto s/ | Los Activos | Fdo. Educ. | Ley Nº 23.906
CABA,informacion_consolidada_2026_6.xlsx,febrero,2026,month,2026-02,Impuesto sobre los | Bienes Personales | Ley | Nº 24.699,0.0,Impuesto sobre los | Bienes Personales | Ley | Nº 24.699
CABA,informacion_consolidada_2026_6.xlsx,febrero,2026,month,2026-02,Ley Nº 23.966 | Art. 30,0.0,Ley Nº 23.966 | Art. 30
CABA,informacion_consolidada_2026_6.xlsx,febrero,2026,month,2026-02,Ley Nº 24.464 | FO.NA.VI.,954.4948,Ley Nº 24.464 | FO.NA.VI.
CABA,informacion_consolidada_2026_6.xlsx,febrero,2026,month,2026-02,Reg.Simplif. | P/Peq.Contrib. | Ley Nº 24.977 | Aart. 59 Inc. A,0.0,Reg.Simplif. | P/Peq.Contrib. | Ley Nº 24.977 | Aart. 59 Inc. A
CABA,informacion_consolidada_2026_6.xlsx,febrero,2026,month,2026-02,Régimen de la Energía Eléctrica | L E Y Nº 2 4 . 0 6 5 | Fdo. P/Comp. | Tarifa Elect.,0.0,Régimen de la Energía Eléctrica | L E Y Nº 2 4 . 0 6 5 | Fdo. P/Comp. | Tarifa Elect.
CABA,informacion_consolidada_2026_6.xlsx,febrero,2026,month,2026-02,Subtotal,118067.84036757439,Subtotal
CABA,informacion_consolidada_2026_6.xlsx,febrero,2026,month,2026-02,Subtotal,118067.84036757439,Subtotal
CABA,informacion_consolidada_2026_6.xlsx,febrero,2026,month,2026-02,Total | (1) + (2),119022.33516757439,Total | (1) + (2)
CABA,informacion_consolidada_2026_6.xlsx,febrero,2026,month,2026-02,Total | Recursos | Origen Nacional | (1),119022.33516757439,Total | Recursos | Origen Nacional | (1)
CABA,informacion_consolidada_2026_6.xlsx,febrero,2026,month,2026-02,Transfer. | De Servicios | Ley | Nº 24.049,0.0,Transfer. | De Servicios | Ley | Nº 24.049
CABA,informacion_consolidada_2026_6.xlsx,febrero,2026,month,2026-02,Vialidad | Provincial,0.0,Vialidad | Provincial
CABA,informacion_consolidada_2026_6.xlsx,marzo,2026,month,2026-03,C.F.I. | Neta De | Ley Nº 26.075,51442.2361,CFI | Neta
CABA,informacion_consolidada_2026_6.xlsx,marzo,2026,month,2026-03,F.E.D.E.I.,0.0,F.E.D.E.I.
CABA,informacion_consolidada_2026_6.xlsx,marzo,2026,month,2026-03,F.E.D.E.I.,0.0,F.E.D.E.I.
CABA,informacion_consolidada_2026_6.xlsx,marzo,2026,month,2026-03,Financ. | Educativo | Ley Nº 26.075,56374.81213129702,Financiamiento Educativo
CABA,informacion_consolidada_2026_6.xlsx,marzo,2026,month,2026-03,Fondo | Compens. | de | Desequilib.,0.0,Fondo | Compens. | de | Desequilib.
CABA,informacion_consolidada_2026_6.xlsx,marzo,2026,month,2026-03,I.V.A. | Ley Nº 23.966 | Art. 5 | Punto 2,0.0,I.V.A. | Ley Nº 23.966 | Art. 5 | Punto 2
CABA,informacion_consolidada_2026_6.xlsx,marzo,2026,month,2026-03,Impuesto a los Combustibles Líquidos | Ley Nº 23.966 y Nº 24.699 | Obras de | Infraestr.,0.0,Impuesto a los Combustibles Líquidos | Ley Nº 23.966 y Nº 24.699 | Obras de | Infraestr.
CABA,informacion_consolidada_2026_6.xlsx,marzo,2026,month,2026-03,Impuesto s/ | Los Activos | Fdo. Educ. | Ley Nº 23.906,0.0,Impuesto s/ | Los Activos | Fdo. Educ. | Ley Nº 23.906
CABA,informacion_consolidada_2026_6.xlsx,marzo,2026,month,2026-03,Impuesto sobre los | Bienes Personales | Ley | Nº 24.699,0.0,Impuesto sobre los | Bienes Personales | Ley | Nº 24.699
CABA,informacion_consolidada_2026_6.xlsx,marzo,2026,month,2026-03,Ley Nº 23.966 | Art. 30,0.0,Ley Nº 23.966 | Art. 30
CABA,informacion_consolidada_2026_6.xlsx,marzo,2026,month,2026-03,Ley Nº 24.464 | FO.NA.VI.,942.7261,Ley Nº 24.464 | FO.NA.VI.
CABA,informacion_consolidada_2026_6.xlsx,marzo,2026,month,2026-03,Reg.Simplif. | P/Peq.Contrib. | Ley Nº 24.977 | Aart. 59 Inc. A,0.0,Reg.Simplif. | P/Peq.Contrib. | Ley Nº 24.977 | Aart. 59 Inc. A
CABA,informacion_consolidada_2026_6.xlsx,marzo,2026,month,2026-03,Régimen de la Energía Eléctrica | L E Y Nº 2 4 . 0 6 5 | Fdo. P/Comp. | Tarifa Elect.,0.0,Régimen de la Energía Eléctrica | L E Y Nº 2 4 . 0 6 5 | Fdo. P/Comp. | Tarifa Elect.
CABA,informacion_consolidada_2026_6.xlsx,marzo,2026,month,2026-03,Subtotal,107817.04823129703,Subtotal
CABA,informacion_consolidada_2026_6.xlsx,marzo,2026,month,2026-03,Subtotal,107817.04823129703,Subtotal
CABA,informacion_consolidada_2026_6.xlsx,marzo,2026,month,2026-03,Total | (1) + (2),108759.77433129703,Total | (1) + (2)
CABA,informacion_consolidada_2026_6.xlsx,marzo,2026,month,2026-03,Total | Recursos | Origen Nacional | (1),108759.77433129703,Total | Recursos | Origen Nacional | (1)
CABA,informacion_consolidada_2026_6.xlsx,marzo,2026,month,2026-03,Transfer. | De Servicios | Ley | Nº 24.049,0.0,Transfer. | De Servicios | Ley | Nº 24.049
CABA,informacion_consolidada_2026_6.xlsx,marzo,2026,month,2026-03,Vialidad | Provincial,0.0,Vialidad | Provincial
CABA,informacion_consolidada_2026_6.xlsx,abril,2026,month,2026-04,C.F.I. | Neta De | Ley Nº 26.075,62567.329600000005,CFI | Neta
CABA,informacion_consolidada_2026_6.xlsx,abril,2026,month,2026-04,F.E.D.E.I.,0.0,F.E.D.E.I.
CABA,informacion_consolidada_2026_6.xlsx,abril,2026,month,2026-04,F.E.D.E.I.,0.0,F.E.D.E.I.
CABA,informacion_consolidada_2026_6.xlsx,abril,2026,month,2026-04,Financ. | Educativo | Ley Nº 26.075,58119.863782739805,Financiamiento Educativo
CABA,informacion_consolidada_2026_6.xlsx,abril,2026,month,2026-04,Fondo | Compens. | de | Desequilib.,0.0,Fondo | Compens. | de | Desequilib.
CABA,informacion_consolidada_2026_6.xlsx,abril,2026,month,2026-04,I.V.A. | Ley Nº 23.966 | Art. 5 | Punto 2,0.0,I.V.A. | Ley Nº 23.966 | Art. 5 | Punto 2
CABA,informacion_consolidada_2026_6.xlsx,abril,2026,month,2026-04,Impuesto a los Combustibles Líquidos | Ley Nº 23.966 y Nº 24.699 | Obras de | Infraestr.,0.0,Impuesto a los Combustibles Líquidos | Ley Nº 23.966 y Nº 24.699 | Obras de | Infraestr.
CABA,informacion_consolidada_2026_6.xlsx,abril,2026,month,2026-04,Impuesto s/ | Los Activos | Fdo. Educ. | Ley Nº 23.906,0.0,Impuesto s/ | Los Activos | Fdo. Educ. | Ley Nº 23.906
CABA,informacion_consolidada_2026_6.xlsx,abril,2026,month,2026-04,Impuesto sobre los | Bienes Personales | Ley | Nº 24.699,0.0,Impuesto sobre los | Bienes Personales | Ley | Nº 24.699
CABA,informacion_consolidada_2026_6.xlsx,abril,2026,month,2026-04,Ley Nº 23.966 | Art. 30,0.0,Ley Nº 23.966 | Art. 30
CABA,informacion_consolidada_2026_6.xlsx,abril,2026,month,2026-04,Ley Nº 24.464 | FO.NA.VI.,1026.568,Ley Nº 24.464 | FO.NA.VI.
CABA,informacion_consolidada_2026_6.xlsx,abril,2026,month,2026-04,Reg.Simplif. | P/Peq.Contrib. | Ley Nº 24.977 | Aart. 59 Inc. A,0.0,Reg.Simplif. | P/Peq.Contrib. | Ley Nº 24.977 | Aart. 59 Inc. A
CABA,informacion_consolidada_2026_6.xlsx,abril,2026,month,2026-04,Régimen de la Energía Eléctrica | L E Y Nº 2 4 . 0 6 5 | Fdo. P/Comp. | Tarifa Elect.,0.0,Régimen de la Energía Eléctrica | L E Y Nº 2 4 . 0 6 5 | Fdo. P/Comp. | Tarifa Elect.
CABA,informacion_consolidada_2026_6.xlsx,abril,2026,month,2026-04,Subtotal,120687.19338273982,Subtotal
CABA,informacion_consolidada_2026_6.xlsx,abril,2026,month,2026-04,Subtotal,120687.19338273982,Subtotal
CABA,informacion_consolidada_2026_6.xlsx,abril,2026,month,2026-04,Total | (1) + (2),121713.76138273982,Total | (1) + (2)
CABA,informacion_consolidada_2026_6.xlsx,abril,2026,month,2026-04,Total | Recursos | Origen Nacional | (1),121713.76138273982,Total | Recursos | Origen Nacional | (1)
CABA,informacion_consolidada_2026_6.xlsx,abril,2026,month,2026-04,Transfer. | De Servicios | Ley | Nº 24.049,0.0,Transfer. | De Servicios | Ley | Nº 24.049
CABA,informacion_consolidada_2026_6.xlsx,abril,2026,month,2026-04,Vialidad | Provincial,0.0,Vialidad | Provincial
CABA,informacion_consolidada_2026_6.xlsx,mayo,2026,month,2026-05,C.F.I. | Neta De | Ley Nº 26.075,131577.168,CFI | Neta
CABA,informacion_consolidada_2026_6.xlsx,mayo,2026,month,2026-05,F.E.D.E.I.,0.0,F.E.D.E.I.
CABA,informacion_consolidada_2026_6.xlsx,mayo,2026,month,2026-05,F.E.D.E.I.,0.0,F.E.D.E.I.
CABA,informacion_consolidada_2026_6.xlsx,mayo,2026,month,2026-05,Financ. | Educativo | Ley Nº 26.075,47276.52411490248,Financiamiento Educativo
CABA,informacion_consolidada_2026_6.xlsx,mayo,2026,month,2026-05,Fondo | Compens. | de | Desequilib.,0.0,Fondo | Compens. | de | Desequilib.
CABA,informacion_consolidada_2026_6.xlsx,mayo,2026,month,2026-05,I.V.A. | Ley Nº 23.966 | Art. 5 | Punto 2,0.0,I.V.A. | Ley Nº 23.966 | Art. 5 | Punto 2
CABA,informacion_consolidada_2026_6.xlsx,mayo,2026,month,2026-05,Impuesto a los Combustibles Líquidos | Ley Nº 23.966 y Nº 24.699 | Obras de | Infraestr.,0.0,Impuesto a los Combustibles Líquidos | Ley Nº 23.966 y Nº 24.699 | Obras de | Infraestr.
CABA,informacion_consolidada_2026_6.xlsx,mayo,2026,month,2026-05,Impuesto s/ | Los Activos | Fdo. Educ. | Ley Nº 23.906,0.0,Impuesto s/ | Los Activos | Fdo. Educ. | Ley Nº 23.906
CABA,informacion_consolidada_2026_6.xlsx,mayo,2026,month,2026-05,Impuesto sobre los | Bienes Personales | Ley | Nº 24.699,0.0,Impuesto sobre los | Bienes Personales | Ley | Nº 24.699
CABA,informacion_consolidada_2026_6.xlsx,mayo,2026,month,2026-05,Ley Nº 23.966 | Art. 30,0.0,Ley Nº 23.966 | Art. 30
CABA,informacion_consolidada_2026_6.xlsx,mayo,2026,month,2026-05,Ley Nº 24.464 | FO.NA.VI.,945.8486,Ley Nº 24.464 | FO.NA.VI.
CABA,informacion_consolidada_2026_6.xlsx,mayo,2026,month,2026-05,Reg.Simplif. | P/Peq.Contrib. | Ley Nº 24.977 | Aart. 59 Inc. A,0.0,Reg.Simplif. | P/Peq.Contrib. | Ley Nº 24.977 | Aart. 59 Inc. A
CABA,informacion_consolidada_2026_6.xlsx,mayo,2026,month,2026-05,Régimen de la Energía Eléctrica | L E Y Nº 2 4 . 0 6 5 | Fdo. P/Comp. | Tarifa Elect.,0.0,Régimen de la Energía Eléctrica | L E Y Nº 2 4 . 0 6 5 | Fdo. P/Comp. | Tarifa Elect.
CABA,informacion_consolidada_2026_6.xlsx,mayo,2026,month,2026-05,Subtotal,178853.6921149025,Subtotal
CABA,informacion_consolidada_2026_6.xlsx,mayo,2026,month,2026-05,Subtotal,178853.6921149025,Subtotal
CABA,informacion_consolidada_2026_6.xlsx,mayo,2026,month,2026-05,Total | (1) + (2),179799.54071490248,Total | (1) + (2)
CABA,informacion_consolidada_2026_6.xlsx,mayo,2026,month,2026-05,Total | Recursos | Origen Nacional | (1),179799.54071490248,Total | Recursos | Origen Nacional | (1)
CABA,informacion_consolidada_2026_6.xlsx,mayo,2026,month,2026-05,Transfer. | De Servicios | Ley | Nº 24.049,0.0,Transfer. | De Servicios | Ley | Nº 24.049
CABA,informacion_consolidada_2026_6.xlsx,mayo,2026,month,2026-05,Vialidad | Provincial,0.0,Vialidad | Provincial
CABA,informacion_consolidada_2026_6.xlsx,junio,2026,month,2026-06,C.F.I. | Neta De | Ley Nº 26.075,76844.9893,CFI | Neta
CABA,informacion_consolidada_2026_6.xlsx,junio,2026,month,2026-06,F.E.D.E.I.,0.0,F.E.D.E.I.
CABA,informacion_consolidada_2026_6.xlsx,junio,2026,month,2026-06,F.E.D.E.I.,0.0,F.E.D.E.I.
CABA,informacion_consolidada_2026_6.xlsx,junio,2026,month,2026-06,Financ. | Educativo | Ley Nº 26.075,50869.92989762793,Financiamiento Educativo
CABA,informacion_consolidada_2026_6.xlsx,junio,2026,month,2026-06,Fondo | Compens. | de | Desequilib.,0.0,Fondo | Compens. | de | Desequilib.
CABA,informacion_consolidada_2026_6.xlsx,junio,2026,month,2026-06,I.V.A. | Ley Nº 23.966 | Art. 5 | Punto 2,0.0,I.V.A. | Ley Nº 23.966 | Art. 5 | Punto 2
CABA,informacion_consolidada_2026_6.xlsx,junio,2026,month,2026-06,Impuesto a los Combustibles Líquidos | Ley Nº 23.966 y Nº 24.699 | Obras de | Infraestr.,0.0,Impuesto a los Combustibles Líquidos | Ley Nº 23.966 y Nº 24.699 | Obras de | Infraestr.
CABA,informacion_consolidada_2026_6.xlsx,junio,2026,month,2026-06,Impuesto s/ | Los Activos | Fdo. Educ. | Ley Nº 23.906,0.0,Impuesto s/ | Los Activos | Fdo. Educ. | Ley Nº 23.906
CABA,informacion_consolidada_2026_6.xlsx,junio,2026,month,2026-06,Impuesto sobre los | Bienes Personales | Ley | Nº 24.699,0.0,Impuesto sobre los | Bienes Personales | Ley | Nº 24.699
CABA,informacion_consolidada_2026_6.xlsx,junio,2026,month,2026-06,Ley Nº 23.966 | Art. 30,0.0,Ley Nº 23.966 | Art. 30
CABA,informacion_consolidada_2026_6.xlsx,junio,2026,month,2026-06,Ley Nº 24.464 | FO.NA.VI.,1173.3701,Ley Nº 24.464 | FO.NA.VI.
CABA,informacion_consolidada_2026_6.xlsx,junio,2026,month,2026-06,Reg.Simplif. | P/Peq.Contrib. | Ley Nº 24.977 | Aart. 59 Inc. A,0.0,Reg.Simplif. | P/Peq.Contrib. | Ley Nº 24.977 | Aart. 59 Inc. A
CABA,informacion_consolidada_2026_6.xlsx,junio,2026,month,2026-06,Régimen de la Energía Eléctrica | L E Y Nº 2 4 . 0 6 5 | Fdo. P/Comp. | Tarifa Elect.,0.0,Régimen de la Energía Eléctrica | L E Y Nº 2 4 . 0 6 5 | Fdo. P/Comp. | Tarifa Elect.
CABA,informacion_consolidada_2026_6.xlsx,junio,2026,month,2026-06,Subtotal,127714.91919762793,Subtotal
CABA,informacion_consolidada_2026_6.xlsx,junio,2026,month,2026-06,Subtotal,127714.91919762793,Subtotal
CABA,informacion_consolidada_2026_6.xlsx,junio,2026,month,2026-06,Total | (1) + (2),128888.28929762793,Total | (1) + (2)
CABA,informacion_consolidada_2026_6.xlsx,junio,2026,month,2026-06,Total | Recursos | Origen Nacional | (1),128888.28929762793,Total | Recursos | Origen Nacional | (1)
CABA,informacion_consolidada_2026_6.xlsx,junio,2026,month,2026-06,Transfer. | De Servicios | Ley | Nº 24.049,0.0,Transfer. | De Servicios | Ley | Nº 24.049
CABA,informacion_consolidada_2026_6.xlsx,junio,2026,month,2026-06,Vialidad | Provincial,0.0,Vialidad | Provincial
CABA,informacion_consolidada_2026_6.xlsx,julio,2026,month,2026-07,C.F.I. | Neta De | Ley Nº 26.075,105885.9028,CFI | Neta
CABA,informacion_consolidada_2026_6.xlsx,julio,2026,month,2026-07,F.E.D.E.I.,0.0,F.E.D.E.I.
CABA,informacion_consolidada_2026_6.xlsx,julio,2026,month,2026-07,F.E.D.E.I.,0.0,F.E.D.E.I.
CABA,informacion_consolidada_2026_6.xlsx,julio,2026,month,2026-07,Financ. | Educativo | Ley Nº 26.075,51758.7612192825,Financiamiento Educativo
CABA,informacion_consolidada_2026_6.xlsx,julio,2026,month,2026-07,Fondo | Compens. | de | Desequilib.,0.0,Fondo | Compens. | de | Desequilib.
CABA,informacion_consolidada_2026_6.xlsx,julio,2026,month,2026-07,I.V.A. | Ley Nº 23.966 | Art. 5 | Punto 2,0.0,I.V.A. | Ley Nº 23.966 | Art. 5 | Punto 2
CABA,informacion_consolidada_2026_6.xlsx,julio,2026,month,2026-07,Impuesto a los Combustibles Líquidos | Ley Nº 23.966 y Nº 24.699 | Obras de | Infraestr.,0.0,Impuesto a los Combustibles Líquidos | Ley Nº 23.966 y Nº 24.699 | Obras de | Infraestr.
CABA,informacion_consolidada_2026_6.xlsx,julio,2026,month,2026-07,Impuesto s/ | Los Activos | Fdo. Educ. | Ley Nº 23.906,0.0,Impuesto s/ | Los Activos | Fdo. Educ. | Ley Nº 23.906
CABA,informacion_consolidada_2026_6.xlsx,julio,2026,month,2026-07,Impuesto sobre los | Bienes Personales | Ley | Nº 24.699,0.0,Impuesto sobre los | Bienes Personales | Ley | Nº 24.699
CABA,informacion_consolidada_2026_6.xlsx,julio,2026,month,2026-07,Ley Nº 23.966 | Art. 30,0.0,Ley Nº 23.966 | Art. 30
CABA,informacion_consolidada_2026_6.xlsx,julio,2026,month,2026-07,Ley Nº 24.464 | FO.NA.VI.,1055.5478,Ley Nº 24.464 | FO.NA.VI.
CABA,informacion_consolidada_2026_6.xlsx,julio,2026,month,2026-07,Reg.Simplif. | P/Peq.Contrib. | Ley Nº 24.977 | Aart. 59 Inc. A,0.0,Reg.Simplif. | P/Peq.Contrib. | Ley Nº 24.977 | Aart. 59 Inc. A
CABA,informacion_consolidada_2026_6.xlsx,julio,2026,month,2026-07,Régimen de la Energía Eléctrica | L E Y Nº 2 4 . 0 6 5 | Fdo. P/Comp. | Tarifa Elect.,0.0,Régimen de la Energía Eléctrica | L E Y Nº 2 4 . 0 6 5 | Fdo. P/Comp. | Tarifa Elect.
CABA,informacion_consolidada_2026_6.xlsx,julio,2026,month,2026-07,Subtotal,157644.6640192825,Subtotal
CABA,informacion_consolidada_2026_6.xlsx,julio,2026,month,2026-07,Subtotal,157644.6640192825,Subtotal
CABA,informacion_consolidada_2026_6.xlsx,julio,2026,month,2026-07,Total | (1) + (2),158700.2118192825,Total | (1) + (2)
CABA,informacion_consolidada_2026_6.xlsx,julio,2026,month,2026-07,Total | Recursos | Origen Nacional | (1),158700.2118192825,Total | Recursos | Origen Nacional | (1)
CABA,informacion_consolidada_2026_6.xlsx,julio,2026,month,2026-07,Transfer. | De Servicios | Ley | Nº 24.049,0.0,Transfer. | De Servicios | Ley | Nº 24.049
CABA,informacion_consolidada_2026_6.xlsx,julio,2026,month,2026-07,Vialidad | Provincial,0.0,Vialidad | Provincial
CABA,informacion_consolidada_2026_6.xlsx,agosto,2026,month,2026-08,C.F.I. | Neta De | Ley Nº 26.075,100382.6854,CFI | Neta
CABA,informacion_consolidada_2026_6.xlsx,agosto,2026,month,2026-08,F.E.D.E.I.,0.0,F.E.D.E.I.
CABA,informacion_consolidada_2026_6.xlsx,agosto,2026,month,2026-08,F.E.D.E.I.,0.0,F.E.D.E.I.
CABA,informacion_consolidada_2026_6.xlsx,agosto,2026,month,2026-08,Financ. | Educativo | Ley Nº 26.075,49006.12706945523,Financiamiento Educativo
CABA,informacion_consolidada_2026_6.xlsx,agosto,2026,month,2026-08,Fondo | Compens. | de | Desequilib.,0.0,Fondo | Compens. | de | Desequilib.
CABA,informacion_consolidada_2026_6.xlsx,agosto,2026,month,2026-08,I.V.A. | Ley Nº 23.966 | Art. 5 | Punto 2,0.0,I.V.A. | Ley Nº 23.966 | Art. 5 | Punto 2
CABA,informacion_consolidada_2026_6.xlsx,agosto,2026,month,2026-08,Impuesto a los Combustibles Líquidos | Ley Nº 23.966 y Nº 24.699 | Obras de | Infraestr.,0.0,Impuesto a los Combustibles Líquidos | Ley Nº 23.966 y Nº 24.699 | Obras de | Infraestr.
CABA,informacion_consolidada_2026_6.xlsx,agosto,2026,month,2026-08,Impuesto s/ | Los Activos | Fdo. Educ. | Ley Nº 23.906,0.0158844,Impuesto s/ | Los Activos | Fdo. Educ. | Ley Nº 23.906
CABA,informacion_consolidada_2026_6.xlsx,agosto,2026,month,2026-08,Impuesto sobre los | Bienes Personales | Ley | Nº 24.699,0.0,Impuesto sobre los | Bienes Personales | Ley | Nº 24.699
CABA,informacion_consolidada_2026_6.xlsx,agosto,2026,month,2026-08,Ley Nº 23.966 | Art. 30,0.0,Ley Nº 23.966 | Art. 30
CABA,informacion_consolidada_2026_6.xlsx,agosto,2026,month,2026-08,Ley Nº 24.464 | FO.NA.VI.,1150.5574,Ley Nº 24.464 | FO.NA.VI.
CABA,informacion_consolidada_2026_6.xlsx,agosto,2026,month,2026-08,Reg.Simplif. | P/Peq.Contrib. | Ley Nº 24.977 | Aart. 59 Inc. A,0.0,Reg.Simplif. | P/Peq.Contrib. | Ley Nº 24.977 | Aart. 59 Inc. A
CABA,informacion_consolidada_2026_6.xlsx,agosto,2026,month,2026-08,Régimen de la Energía Eléctrica | L E Y Nº 2 4 . 0 6 5 | Fdo. P/Comp. | Tarifa Elect.,0.0,Régimen de la Energía Eléctrica | L E Y Nº 2 4 . 0 6 5 | Fdo. P/Comp. | Tarifa Elect.
CABA,informacion_consolidada_2026_6.xlsx,agosto,2026,month,2026-08,Subtotal,149388.81246945524,Subtotal
CABA,informacion_consolidada_2026_6.xlsx,agosto,2026,month,2026-08,Subtotal,149388.81246945524,Subtotal
CABA,informacion_consolidada_2026_6.xlsx,agosto,2026,month,2026-08,Total | (1) + (2),150539.38575385523,Total | (1) + (2)
CABA,informacion_consolidada_2026_6.xlsx,agosto,2026,month,2026-08,Total | Recursos | Origen Nacional | (1),150539.38575385523,Total | Recursos | Origen Nacional | (1)
CABA,informacion_consolidada_2026_6.xlsx,agosto,2026,month,2026-08,Transfer. | De Servicios | Ley | Nº 24.049,0.0,Transfer. | De Servicios | Ley | Nº 24.049
CABA,informacion_consolidada_2026_6.xlsx,agosto,2026,month,2026-08,Vialidad | Provincial,0.0,Vialidad | Provincial
CABA,informacion_consolidada_2026_6.xlsx,septiembre,2026,month,2026-09,C.F.I. | Neta De | Ley Nº 26.075,99290.7583,CFI | Neta
CABA,informacion_consolidada_2026_6.xlsx,septiembre,2026,month,2026-09,F.E.D.E.I.,0.0,F.E.D.E.I.
CABA,informacion_consolidada_2026_6.xlsx,septiembre,2026,month,2026-09,F.E.D.E.I.,0.0,F.E.D.E.I.
CABA,informacion_consolidada_2026_6.xlsx,septiembre,2026,month,2026-09,Financ. | Educativo | Ley Nº 26.075,54255.800032284234,Financiamiento Educativo
CABA,informacion_consolidada_2026_6.xlsx,septiembre,2026,month,2026-09,Fondo | Compens. | de | Desequilib.,0.0,Fondo | Compens. | de | Desequilib.
CABA,informacion_consolidada_2026_6.xlsx,septiembre,2026,month,2026-09,I.V.A. | Ley Nº 23.966 | Art. 5 | Punto 2,0.0,I.V.A. | Ley Nº 23.966 | Art. 5 | Punto 2
CABA,informacion_consolidada_2026_6.xlsx,septiembre,2026,month,2026-09,Impuesto a los Combustibles Líquidos | Ley Nº 23.966 y Nº 24.699 | Obras de | Infraestr.,0.0,Impuesto a los Combustibles Líquidos | Ley Nº 23.966 y Nº 24.699 | Obras de | Infraestr.
CABA,informacion_consolidada_2026_6.xlsx,septiembre,2026,month,2026-09,Impuesto s/ | Los Activos | Fdo. Educ. | Ley Nº 23.906,0.0,Impuesto s/ | Los Activos | Fdo. Educ. | Ley Nº 23.906
CABA,informacion_consolidada_2026_6.xlsx,septiembre,2026,month,2026-09,Impuesto sobre los | Bienes Personales | Ley | Nº 24.699,0.0,Impuesto sobre los | Bienes Personales | Ley | Nº 24.699
CABA,informacion_consolidada_2026_6.xlsx,septiembre,2026,month,2026-09,Ley Nº 23.966 | Art. 30,0.0,Ley Nº 23.966 | Art. 30
CABA,informacion_consolidada_2026_6.xlsx,septiembre,2026,month,2026-09,Ley Nº 24.464 | FO.NA.VI.,1137.9804,Ley Nº 24.464 | FO.NA.VI.
CABA,informacion_consolidada_2026_6.xlsx,septiembre,2026,month,2026-09,Reg.Simplif. | P/Peq.Contrib. | Ley Nº 24.977 | Aart. 59 Inc. A,0.0,Reg.Simplif. | P/Peq.Contrib. | Ley Nº 24.977 | Aart. 59 Inc. A
CABA,informacion_consolidada_2026_6.xlsx,septiembre,2026,month,2026-09,Régimen de la Energía Eléctrica | L E Y Nº 2 4 . 0 6 5 | Fdo. P/Comp. | Tarifa Elect.,0.0,Régimen de la Energía Eléctrica | L E Y Nº 2 4 . 0 6 5 | Fdo. P/Comp. | Tarifa Elect.
CABA,informacion_consolidada_2026_6.xlsx,septiembre,2026,month,2026-09,Subtotal,153546.55833228424,Subtotal
CABA,informacion_consolidada_2026_6.xlsx,septiembre,2026,month,2026-09,Subtotal,153546.55833228424,Subtotal
CABA,informacion_consolidada_2026_6.xlsx,septiembre,2026,month,2026-09,Total | (1) + (2),154684.53873228424,Total | (1) + (2)
CABA,informacion_consolidada_2026_6.xlsx,septiembre,2026,month,2026-09,Total | Recursos | Origen Nacional | (1),154684.53873228424,Total | Recursos | Origen Nacional | (1)
CABA,informacion_consolidada_2026_6.xlsx,septiembre,2026,month,2026-09,Transfer. | De Servicios | Ley | Nº 24.049,0.0,Transfer. | De Servicios | Ley | Nº 24.049
CABA,informacion_consolidada_2026_6.xlsx,septiembre,2026,month,2026-09,Vialidad | Provincial,0.0,Vialidad | Provincial
CABA,informacion_consolidada_2026_6.xlsx,CONS,2026,consolidated,CONS,C.F.I. | Neta De | Ley Nº 26.075,795812.7651,CFI | Neta
CABA,informacion_consolidada_2026_6.xlsx,CONS,2026,consolidated,CONS,F.E.D.E.I.,0.0,F.E.D.E.I.
CABA,informacion_consolidada_2026_6.xlsx,CONS,2026,consolidated,CONS,F.E.D.E.I.,0.0,F.E.D.E.I.
CABA,informacion_consolidada_2026_6.xlsx,CONS,2026,consolidated,CONS,Financ. | Educativo | Ley Nº 26.075,446096.3395,Financiamiento Educativo
CABA,informacion_consolidada_2026_6.xlsx,CONS,2026,consolidated,CONS,Fondo | Compens. | de | Desequilib.,0.0,Fondo | Compens. | de | Desequilib.
CABA,informacion_consolidada_2026_6.xlsx,CONS,2026,consolidated,CONS,I.V.A. | Ley Nº 23.966 | Art. 5 | Punto 2,0.0,I.V.A. | Ley Nº 23.966 | Art. 5 | Punto 2
CABA,informacion_consolidada_2026_6.xlsx,CONS,2026,consolidated,CONS,Impuesto a los Combustibles Líquidos | Ley Nº 23.966 y Nº 24.699 | Obras de | Infraestr.,0.0,Impuesto a los Combustibles Líquidos | Ley Nº 23.966 y Nº 24.699 | Obras de | Infraestr.
CABA,informacion_consolidada_2026_6.xlsx,CONS,2026,consolidated,CONS,Impuesto s/ | Los Activos | Fdo. Educ. | Ley Nº 23.906,0.0159,Impuesto s/ | Los Activos | Fdo. Educ. | Ley Nº 23.906
CABA,informacion_consolidada_2026_6.xlsx,CONS,2026,consolidated,CONS,Impuesto sobre los | Bienes Personales | Ley | Nº 24.699,0.0,Impuesto sobre los | Bienes Personales | Ley | Nº 24.699
CABA,informacion_consolidada_2026_6.xlsx,CONS,2026,consolidated,CONS,Ley Nº 23.966 | Art. 30,0.0,Ley Nº 23.966 | Art. 30
CABA,informacion_consolidada_2026_6.xlsx,CONS,2026,consolidated,CONS,Ley Nº 24.464 | FO.NA.VI.,8954.9339,Ley Nº 24.464 | FO.NA.VI.
CABA,informacion_consolidada_2026_6.xlsx,CONS,2026,consolidated,CONS,Reg.Simplif. | P/Peq.Contrib. | Ley Nº 24.977 | Aart. 59 Inc. A,0.0,Reg.Simplif. | P/Peq.Contrib. | Ley Nº 24.977 | Aart. 59 Inc. A
CABA,informacion_consolidada_2026_6.xlsx,CONS,2026,consolidated,CONS,Régimen de la Energía Eléctrica | L E Y Nº 2 4 . 0 6 5 | Fdo. P/Comp. | Tarifa Elect.,0.0,Régimen de la Energía Eléctrica | L E Y Nº 2 4 . 0 6 5 | Fdo. P/Comp. | Tarifa Elect.
CABA,informacion_consolidada_2026_6.xlsx,CONS,2026,consolidated,CONS,Subtotal,1241909.1046,Subtotal
CABA,informacion_consolidada_2026_6.xlsx,CONS,2026,consolidated,CONS,Subtotal,1241909.1046,Subtotal
CABA,informacion_consolidada_2026_6.xlsx,CONS,2026,consolidated,CONS,Total | (1) + (2),1250864.0544,Total | (1) + (2)
CABA,informacion_consolidada_2026_6.xlsx,CONS,2026,consolidated,CONS,Total | Recursos | Origen Nacional | (1),1250864.0544,Total | Recursos | Origen Nacional | (1)
CABA,informacion_consolidada_2026_6.xlsx,CONS,2026,consolidated,CONS,Transfer. | De Servicios | Ley | Nº 24.049,0.0,Transfer. | De Servicios | Ley | Nº 24.049
CABA,informacion_consolidada_2026_6.xlsx,CONS,2026,consolidated,CONS,Vialidad | Provincial,0.0,Vialidad | Provincial
Catamarca,informacion_consolidada_2026_6.xlsx,enero,2026,month,2026-01,C.F.I. | Neta De | Ley Nº 26.075,135271.6347,CFI | Neta
Catamarca,informacion_consolidada_2026_6.xlsx,enero,2026,month,2026-01,Compensación | Consenso Fiscal | II. a y b; II. d y e | (2),928.062723,Compensación Consenso Fiscal
Catamarca,informacion_consolidada_2026_6.xlsx,enero,2026,month,2026-01,F.E.D.E.I.,311.78151201027276,F.E.D.E.I.
Catamarca,informacion_consolidada_2026_6.xlsx,enero,2026,month,2026-01,F.E.D.E.I.,295.85904785142435,F.E.D.E.I.
Catamarca,informacion_consolidada_2026_6.xlsx,enero,2026,month,2026-01,Financ. | Educativo | Ley Nº 26.075,7863.87777918456,Financiamiento Educativo
Catamarca,informacion_consolidada_2026_6.xlsx,enero,2026,month,2026-01,Fondo | Compens. | de | Desequilib.,2.2,Fondo | Compens. | de | Desequilib.
Catamarca,informacion_consolidada_2026_6.xlsx,enero,2026,month,2026-01,I.V.A. | Ley Nº 23.966 | Art. 5 | Punto 2,0.0,I.V.A. | Ley Nº 23.966 | Art. 5 | Punto 2
Catamarca,informacion_consolidada_2026_6.xlsx,enero,2026,month,2026-01,Impuesto a los Combustibles Líquidos | Ley Nº 23.966 y Nº 24.699 | Obras de | Infraestr.,246.46470000000002,Impuesto a los Combustibles Líquidos | Ley Nº 23.966 y Nº 24.699 | Obras de | Infraestr.
Catamarca,informacion_consolidada_2026_6.xlsx,enero,2026,month,2026-01,Impuesto s/ | Los Activos | Fdo. Educ. | Ley Nº 23.906,0.0,Impuesto s/ | Los Activos | Fdo. Educ. | Ley Nº 23.906
Catamarca,informacion_consolidada_2026_6.xlsx,enero,2026,month,2026-01,Impuesto sobre los | Bienes Personales | Ley | Nº 24.699,793.5169000000001,Impuesto sobre los | Bienes Personales | Ley | Nº 24.699
Catamarca,informacion_consolidada_2026_6.xlsx,enero,2026,month,2026-01,Ley Nº 23.966 | Art. 30,0.0,Ley Nº 23.966 | Art. 30
Catamarca,informacion_consolidada_2026_6.xlsx,enero,2026,month,2026-01,Ley Nº 24.464 | FO.NA.VI.,917.2810999999999,Ley Nº 24.464 | FO.NA.VI.
Catamarca,informacion_consolidada_2026_6.xlsx,enero,2026,month,2026-01,Reg.Simplif. | P/Peq.Contrib. | Ley Nº 24.977 | Aart. 59 Inc. A,674.5811,Reg.Simplif. | P/Peq.Contrib. | Ley Nº 24.977 | Aart. 59 Inc. A
Catamarca,informacion_consolidada_2026_6.xlsx,enero,2026,month,2026-01,Régimen de la Energía Eléctrica | L E Y Nº 2 4 . 0 6 5 | Fdo. P/Comp. | Tarifa Elect.,395.62879096888645,Régimen de la Energía Eléctrica | L E Y Nº 2 4 . 0 6 5 | Fdo. P/Comp. | Tarifa Elect.
Catamarca,informacion_consolidada_2026_6.xlsx,enero,2026,month,2026-01,Subtotal,143135.51247918454,Subtotal
Catamarca,informacion_consolidada_2026_6.xlsx,enero,2026,month,2026-01,Subtotal,143137.29577918455,Subtotal
Catamarca,informacion_consolidada_2026_6.xlsx,enero,2026,month,2026-01,Total | (1) + (2),148137.17355301516,Total | (1) + (2)
Catamarca,informacion_consolidada_2026_6.xlsx,enero,2026,month,2026-01,Total | Recursos | Origen Nacional | (1),147209.11083001515,Total | Recursos | Origen Nacional | (1)
Catamarca,informacion_consolidada_2026_6.xlsx,enero,2026,month,2026-01,Transfer. | De Servicios | Ley | Nº 24.049,1.7832999999999999,Transfer. | De Servicios | Ley | Nº 24.049
Catamarca,informacion_consolidada_2026_6.xlsx,enero,2026,month,2026-01,Vialidad | Provincial,434.50190000000003,Vialidad | Provincial
Catamarca,informacion_consolidada_2026_6.xlsx,febrero,2026,month,2026-02,C.F.I. | Neta De | Ley Nº 26.075,116821.804,CFI | Neta
Catamarca,informacion_consolidada_2026_6.xlsx,febrero,2026,month,2026-02,Compensación | Consenso Fiscal | II. a y b; II. d y e | (2),4795.482333999999,Compensación Consenso Fiscal
Catamarca,informacion_consolidada_2026_6.xlsx,febrero,2026,month,2026-02,F.E.D.E.I.,0.0,F.E.D.E.I.
Catamarca,informacion_consolidada_2026_6.xlsx,febrero,2026,month,2026-02,F.E.D.E.I.,0.0,F.E.D.E.I.
Catamarca,informacion_consolidada_2026_6.xlsx,febrero,2026,month,2026-02,Financ. | Educativo | Ley Nº 26.075,15012.857578443254,Financiamiento Educativo
Catamarca,informacion_consolidada_2026_6.xlsx,febrero,2026,month,2026-02,Fondo | Compens. | de | Desequilib.,2.2,Fondo | Compens. | de | Desequilib.
Catamarca,informacion_consolidada_2026_6.xlsx,febrero,2026,month,2026-02,I.V.A. | Ley Nº 23.966 | Art. 5 | Punto 2,0.0,I.V.A. | Ley Nº 23.966 | Art. 5 | Punto 2
Catamarca,informacion_consolidada_2026_6.xlsx,febrero,2026,month,2026-02,Impuesto a los Combustibles Líquidos | Ley Nº 23.966 y Nº 24.699 | Obras de | Infraestr.,414.2875,Impuesto a los Combustibles Líquidos | Ley Nº 23.966 y Nº 24.699 | Obras de | Infraestr.
Catamarca,informacion_consolidada_2026_6.xlsx,febrero,2026,month,2026-02,Impuesto s/ | Los Activos | Fdo. Educ. | Ley Nº 23.906,0.0,Impuesto s/ | Los Activos | Fdo. Educ. | Ley Nº 23.906
Catamarca,informacion_consolidada_2026_6.xlsx,febrero,2026,month,2026-02,Impuesto sobre los | Bienes Personales | Ley | Nº 24.699,1113.6343,Impuesto sobre los | Bienes Personales | Ley | Nº 24.699
Catamarca,informacion_consolidada_2026_6.xlsx,febrero,2026,month,2026-02,Ley Nº 23.966 | Art. 30,0.0,Ley Nº 23.966 | Art. 30
Catamarca,informacion_consolidada_2026_6.xlsx,febrero,2026,month,2026-02,Ley Nº 24.464 | FO.NA.VI.,1541.8762,Ley Nº 24.464 | FO.NA.VI.
Catamarca,informacion_consolidada_2026_6.xlsx,febrero,2026,month,2026-02,Reg.Simplif. | P/Peq.Contrib. | Ley Nº 24.977 | Aart. 59 Inc. A,814.5288,Reg.Simplif. | P/Peq.Contrib. | Ley Nº 24.977 | Aart. 59 Inc. A
Catamarca,informacion_consolidada_2026_6.xlsx,febrero,2026,month,2026-02,Régimen de la Energía Eléctrica | L E Y Nº 2 4 . 0 6 5 | Fdo. P/Comp. | Tarifa Elect.,0.0,Régimen de la Energía Eléctrica | L E Y Nº 2 4 . 0 6 5 | Fdo. P/Comp. | Tarifa Elect.
Catamarca,informacion_consolidada_2026_6.xlsx,febrero,2026,month,2026-02,Subtotal,131834.66157844325,Subtotal
Catamarca,informacion_consolidada_2026_6.xlsx,febrero,2026,month,2026-02,Subtotal,131836.44487844326,Subtotal
Catamarca,informacion_consolidada_2026_6.xlsx,febrero,2026,month,2026-02,Total | (1) + (2),141248.8170124433,Total | (1) + (2)
Catamarca,informacion_consolidada_2026_6.xlsx,febrero,2026,month,2026-02,Total | Recursos | Origen Nacional | (1),136453.3346784433,Total | Recursos | Origen Nacional | (1)
Catamarca,informacion_consolidada_2026_6.xlsx,febrero,2026,month,2026-02,Transfer. | De Servicios | Ley | Nº 24.049,1.7832999999999999,Transfer. | De Servicios | Ley | Nº 24.049
Catamarca,informacion_consolidada_2026_6.xlsx,febrero,2026,month,2026-02,Vialidad | Provincial,730.363,Vialidad | Provincial
Catamarca,informacion_consolidada_2026_6.xlsx,marzo,2026,month,2026-03,C.F.I. | Neta De | Ley Nº 26.075,103945.7099,CFI | Neta
Catamarca,informacion_consolidada_2026_6.xlsx,marzo,2026,month,2026-03,Compensación | Consenso Fiscal | II. a y b; II. d y e | (2),4928.062723,Compensación Consenso Fiscal
Catamarca,informacion_consolidada_2026_6.xlsx,marzo,2026,month,2026-03,F.E.D.E.I.,422.84461000017154,F.E.D.E.I.
Catamarca,informacion_consolidada_2026_6.xlsx,marzo,2026,month,2026-03,F.E.D.E.I.,596.77528143633,F.E.D.E.I.
Catamarca,informacion_consolidada_2026_6.xlsx,marzo,2026,month,2026-03,Financ. | Educativo | Ley Nº 26.075,16442.653538294984,Financiamiento Educativo
Catamarca,informacion_consolidada_2026_6.xlsx,marzo,2026,month,2026-03,Fondo | Compens. | de | Desequilib.,2.2,Fondo | Compens. | de | Desequilib.
Catamarca,informacion_consolidada_2026_6.xlsx,marzo,2026,month,2026-03,I.V.A. | Ley Nº 23.966 | Art. 5 | Punto 2,0.0,I.V.A. | Ley Nº 23.966 | Art. 5 | Punto 2
Catamarca,informacion_consolidada_2026_6.xlsx,marzo,2026,month,2026-03,Impuesto a los Combustibles Líquidos | Ley Nº 23.966 y Nº 24.699 | Obras de | Infraestr.,409.17940000000004,Impuesto a los Combustibles Líquidos | Ley Nº 23.966 y Nº 24.699 | Obras de | Infraestr.
Catamarca,informacion_consolidada_2026_6.xlsx,marzo,2026,month,2026-03,Impuesto s/ | Los Activos | Fdo. Educ. | Ley Nº 23.906,0.0,Impuesto s/ | Los Activos | Fdo. Educ. | Ley Nº 23.906
Catamarca,informacion_consolidada_2026_6.xlsx,marzo,2026,month,2026-03,Impuesto sobre los | Bienes Personales | Ley | Nº 24.699,538.2228,Impuesto sobre los | Bienes Personales | Ley | Nº 24.699
Catamarca,informacion_consolidada_2026_6.xlsx,marzo,2026,month,2026-03,Ley Nº 23.966 | Art. 30,0.0,Ley Nº 23.966 | Art. 30
Catamarca,informacion_consolidada_2026_6.xlsx,marzo,2026,month,2026-03,Ley Nº 24.464 | FO.NA.VI.,1522.8652,Ley Nº 24.464 | FO.NA.VI.
Catamarca,informacion_consolidada_2026_6.xlsx,marzo,2026,month,2026-03,Reg.Simplif. | P/Peq.Contrib. | Ley Nº 24.977 | Aart. 59 Inc. A,770.4,Reg.Simplif. | P/Peq.Contrib. | Ley Nº 24.977 | Aart. 59 Inc. A
Catamarca,informacion_consolidada_2026_6.xlsx,marzo,2026,month,2026-03,Régimen de la Energía Eléctrica | L E Y Nº 2 4 . 0 6 5 | Fdo. P/Comp. | Tarifa Elect.,819.805053451667,Régimen de la Energía Eléctrica | L E Y Nº 2 4 . 0 6 5 | Fdo. P/Comp. | Tarifa Elect.
Catamarca,informacion_consolidada_2026_6.xlsx,marzo,2026,month,2026-03,Subtotal,120388.36343829498,Subtotal
Catamarca,informacion_consolidada_2026_6.xlsx,marzo,2026,month,2026-03,Subtotal,120390.14673829498,Subtotal
Catamarca,informacion_consolidada_2026_6.xlsx,marzo,2026,month,2026-03,Total | (1) + (2),131121.85950618313,Total | (1) + (2)
Catamarca,informacion_consolidada_2026_6.xlsx,marzo,2026,month,2026-03,Total | Recursos | Origen Nacional | (1),126193.79678318313,Total | Recursos | Origen Nacional | (1)
Catamarca,informacion_consolidada_2026_6.xlsx,marzo,2026,month,2026-03,Transfer. | De Servicios | Ley | Nº 24.049,1.7832999999999999,Transfer. | De Servicios | Ley | Nº 24.049
Catamarca,informacion_consolidada_2026_6.xlsx,marzo,2026,month,2026-03,Vialidad | Provincial,721.3576999999999,Vialidad | Provincial
Catamarca,informacion_consolidada_2026_6.xlsx,abril,2026,month,2026-04,C.F.I. | Neta De | Ley Nº 26.075,117601.94690000001,CFI | Neta
Catamarca,informacion_consolidada_2026_6.xlsx,abril,2026,month,2026-04,Compensación | Consenso Fiscal | II. a y b; II. d y e | (2),547.39054,Compensación Consenso Fiscal
Catamarca,informacion_consolidada_2026_6.xlsx,abril,2026,month,2026-04,F.E.D.E.I.,0.0,F.E.D.E.I.
Catamarca,informacion_consolidada_2026_6.xlsx,abril,2026,month,2026-04,F.E.D.E.I.,0.0,F.E.D.E.I.
Catamarca,informacion_consolidada_2026_6.xlsx,abril,2026,month,2026-04,Financ. | Educativo | Ley Nº 26.075,17157.55151822093,Financiamiento Educativo
Catamarca,informacion_consolidada_2026_6.xlsx,abril,2026,month,2026-04,Fondo | Compens. | de | Desequilib.,2.2,Fondo | Compens. | de | Desequilib.
Catamarca,informacion_consolidada_2026_6.xlsx,abril,2026,month,2026-04,I.V.A. | Ley Nº 23.966 | Art. 5 | Punto 2,0.0,I.V.A. | Ley Nº 23.966 | Art. 5 | Punto 2
Catamarca,informacion_consolidada_2026_6.xlsx,abril,2026,month,2026-04,Impuesto a los Combustibles Líquidos | Ley Nº 23.966 y Nº 24.699 | Obras de | Infraestr.,445.57,Impuesto a los Combustibles Líquidos | Ley Nº 23.966 y Nº 24.699 | Obras de | Infraestr.
Catamarca,informacion_consolidada_2026_6.xlsx,abril,2026,month,2026-04,Impuesto s/ | Los Activos | Fdo. Educ. | Ley Nº 23.906,0.0,Impuesto s/ | Los Activos | Fdo. Educ. | Ley Nº 23.906
Catamarca,informacion_consolidada_2026_6.xlsx,abril,2026,month,2026-04,Impuesto sobre los | Bienes Personales | Ley | Nº 24.699,929.0382,Impuesto sobre los | Bienes Personales | Ley | Nº 24.699
Catamarca,informacion_consolidada_2026_6.xlsx,abril,2026,month,2026-04,Ley Nº 23.966 | Art. 30,0.0,Ley Nº 23.966 | Art. 30
Catamarca,informacion_consolidada_2026_6.xlsx,abril,2026,month,2026-04,Ley Nº 24.464 | FO.NA.VI.,1658.3021999999999,Ley Nº 24.464 | FO.NA.VI.
Catamarca,informacion_consolidada_2026_6.xlsx,abril,2026,month,2026-04,Reg.Simplif. | P/Peq.Contrib. | Ley Nº 24.977 | Aart. 59 Inc. A,882.3095,Reg.Simplif. | P/Peq.Contrib. | Ley Nº 24.977 | Aart. 59 Inc. A
Catamarca,informacion_consolidada_2026_6.xlsx,abril,2026,month,2026-04,Régimen de la Energía Eléctrica | L E Y Nº 2 4 . 0 6 5 | Fdo. P/Comp. | Tarifa Elect.,0.0,Régimen de la Energía Eléctrica | L E Y Nº 2 4 . 0 6 5 | Fdo. P/Comp. | Tarifa Elect.
Catamarca,informacion_consolidada_2026_6.xlsx,abril,2026,month,2026-04,Subtotal,134759.49841822093,Subtotal
Catamarca,informacion_consolidada_2026_6.xlsx,abril,2026,month,2026-04,Subtotal,134761.28171822094,Subtotal
Catamarca,informacion_consolidada_2026_6.xlsx,abril,2026,month,2026-04,Total | (1) + (2),140011.60425822096,Total | (1) + (2)
Catamarca,informacion_consolidada_2026_6.xlsx,abril,2026,month,2026-04,Total | Recursos | Origen Nacional | (1),139464.21371822097,Total | Recursos | Origen Nacional | (1)
Catamarca,informacion_consolidada_2026_6.xlsx,abril,2026,month,2026-04,Transfer. | De Servicios | Ley | Nº 24.049,1.7832999999999999,Transfer. | De Servicios | Ley | Nº 24.049
Catamarca,informacion_consolidada_2026_6.xlsx,abril,2026,month,2026-04,Vialidad | Provincial,785.5121,Vialidad | Provincial
Catamarca,informacion_consolidada_2026_6.xlsx,mayo,2026,month,2026-05,C.F.I. | Neta De | Ley Nº 26.075,186126.645,CFI | Neta
Catamarca,informacion_consolidada_2026_6.xlsx,mayo,2026,month,2026-05,Compensación | Consenso Fiscal | II. a y b; II. d y e | (2),8520.021013,Compensación Consenso Fiscal
Catamarca,informacion_consolidada_2026_6.xlsx,mayo,2026,month,2026-05,F.E.D.E.I.,261.91507080784396,F.E.D.E.I.
Catamarca,informacion_consolidada_2026_6.xlsx,mayo,2026,month,2026-05,F.E.D.E.I.,324.2639257963483,F.E.D.E.I.
Catamarca,informacion_consolidada_2026_6.xlsx,mayo,2026,month,2026-05,Financ. | Educativo | Ley Nº 26.075,13583.061618591582,Financiamiento Educativo
Catamarca,informacion_consolidada_2026_6.xlsx,mayo,2026,month,2026-05,Fondo | Compens. | de | Desequilib.,2.2,Fondo | Compens. | de | Desequilib.
Catamarca,informacion_consolidada_2026_6.xlsx,mayo,2026,month,2026-05,I.V.A. | Ley Nº 23.966 | Art. 5 | Punto 2,0.0,I.V.A. | Ley Nº 23.966 | Art. 5 | Punto 2
Catamarca,informacion_consolidada_2026_6.xlsx,mayo,2026,month,2026-05,Impuesto a los Combustibles Líquidos | Ley Nº 23.966 y Nº 24.699 | Obras de | Infraestr.,410.5347,Impuesto a los Combustibles Líquidos | Ley Nº 23.966 y Nº 24.699 | Obras de | Infraestr.
Catamarca,informacion_consolidada_2026_6.xlsx,mayo,2026,month,2026-05,Impuesto s/ | Los Activos | Fdo. Educ. | Ley Nº 23.906,0.0,Impuesto s/ | Los Activos | Fdo. Educ. | Ley Nº 23.906
Catamarca,informacion_consolidada_2026_6.xlsx,mayo,2026,month,2026-05,Impuesto sobre los | Bienes Personales | Ley | Nº 24.699,1024.0895,Impuesto sobre los | Bienes Personales | Ley | Nº 24.699
Catamarca,informacion_consolidada_2026_6.xlsx,mayo,2026,month,2026-05,Ley Nº 23.966 | Art. 30,0.0,Ley Nº 23.966 | Art. 30
Catamarca,informacion_consolidada_2026_6.xlsx,mayo,2026,month,2026-05,Ley Nº 24.464 | FO.NA.VI.,1527.9092,Ley Nº 24.464 | FO.NA.VI.
Catamarca,informacion_consolidada_2026_6.xlsx,mayo,2026,month,2026-05,Reg.Simplif. | P/Peq.Contrib. | Ley Nº 24.977 | Aart. 59 Inc. A,863.9490999999999,Reg.Simplif. | P/Peq.Contrib. | Ley Nº 24.977 | Aart. 59 Inc. A
Catamarca,informacion_consolidada_2026_6.xlsx,mayo,2026,month,2026-05,Régimen de la Energía Eléctrica | L E Y Nº 2 4 . 0 6 5 | Fdo. P/Comp. | Tarifa Elect.,450.9001664453888,Régimen de la Energía Eléctrica | L E Y Nº 2 4 . 0 6 5 | Fdo. P/Comp. | Tarifa Elect.
Catamarca,informacion_consolidada_2026_6.xlsx,mayo,2026,month,2026-05,Subtotal,199709.70661859156,Subtotal
Catamarca,informacion_consolidada_2026_6.xlsx,mayo,2026,month,2026-05,Subtotal,199711.48991859157,Subtotal
Catamarca,informacion_consolidada_2026_6.xlsx,mayo,2026,month,2026-05,Total | (1) + (2),213821.01959464114,Total | (1) + (2)
Catamarca,informacion_consolidada_2026_6.xlsx,mayo,2026,month,2026-05,Total | Recursos | Origen Nacional | (1),205300.99858164115,Total | Recursos | Origen Nacional | (1)
Catamarca,informacion_consolidada_2026_6.xlsx,mayo,2026,month,2026-05,Transfer. | De Servicios | Ley | Nº 24.049,1.7832999999999999,Transfer. | De Servicios | Ley | Nº 24.049
Catamarca,informacion_consolidada_2026_6.xlsx,mayo,2026,month,2026-05,Vialidad | Provincial,723.747,Vialidad | Provincial
Catamarca,informacion_consolidada_2026_6.xlsx,junio,2026,month,2026-06,C.F.I. | Neta De | Ley Nº 26.075,127593.9803,CFI | Neta
Catamarca,informacion_consolidada_2026_6.xlsx,junio,2026,month,2026-06,Compensación | Consenso Fiscal | II. a y b; II. d y e | (2),4574.760067,Compensación Consenso Fiscal
Catamarca,informacion_consolidada_2026_6.xlsx,junio,2026,month,2026-06,F.E.D.E.I.,548.0341224651494,F.E.D.E.I.
Catamarca,informacion_consolidada_2026_6.xlsx,junio,2026,month,2026-06,F.E.D.E.I.,786.8919442385534,F.E.D.E.I.
Catamarca,informacion_consolidada_2026_6.xlsx,junio,2026,month,2026-06,Financ. | Educativo | Ley Nº 26.075,15012.85757844333,Financiamiento Educativo
Catamarca,informacion_consolidada_2026_6.xlsx,junio,2026,month,2026-06,Fondo | Compens. | de | Desequilib.,2.2,Fondo | Compens. | de | Desequilib.
Catamarca,informacion_consolidada_2026_6.xlsx,junio,2026,month,2026-06,I.V.A. | Ley Nº 23.966 | Art. 5 | Punto 2,0.0,I.V.A. | Ley Nº 23.966 | Art. 5 | Punto 2
Catamarca,informacion_consolidada_2026_6.xlsx,junio,2026,month,2026-06,Impuesto a los Combustibles Líquidos | Ley Nº 23.966 y Nº 24.699 | Obras de | Infraestr.,509.2878,Impuesto a los Combustibles Líquidos | Ley Nº 23.966 y Nº 24.699 | Obras de | Infraestr.
Catamarca,informacion_consolidada_2026_6.xlsx,junio,2026,month,2026-06,Impuesto s/ | Los Activos | Fdo. Educ. | Ley Nº 23.906,0.0,Impuesto s/ | Los Activos | Fdo. Educ. | Ley Nº 23.906
Catamarca,informacion_consolidada_2026_6.xlsx,junio,2026,month,2026-06,Impuesto sobre los | Bienes Personales | Ley | Nº 24.699,24625.3033,Impuesto sobre los | Bienes Personales | Ley | Nº 24.699
Catamarca,informacion_consolidada_2026_6.xlsx,junio,2026,month,2026-06,Ley Nº 23.966 | Art. 30,0.0,Ley Nº 23.966 | Art. 30
Catamarca,informacion_consolidada_2026_6.xlsx,junio,2026,month,2026-06,Ley Nº 24.464 | FO.NA.VI.,1895.4439,Ley Nº 24.464 | FO.NA.VI.
Catamarca,informacion_consolidada_2026_6.xlsx,junio,2026,month,2026-06,Reg.Simplif. | P/Peq.Contrib. | Ley Nº 24.977 | Aart. 59 Inc. A,880.4794,Reg.Simplif. | P/Peq.Contrib. | Ley Nº 24.977 | Aart. 59 Inc. A
Catamarca,informacion_consolidada_2026_6.xlsx,junio,2026,month,2026-06,Régimen de la Energía Eléctrica | L E Y Nº 2 4 . 0 6 5 | Fdo. P/Comp. | Tarifa Elect.,1026.4583258643725,Régimen de la Energía Eléctrica | L E Y Nº 2 4 . 0 6 5 | Fdo. P/Comp. | Tarifa Elect.
Catamarca,informacion_consolidada_2026_6.xlsx,junio,2026,month,2026-06,Subtotal,142606.83787844333,Subtotal
Catamarca,informacion_consolidada_2026_6.xlsx,junio,2026,month,2026-06,Subtotal,142608.62117844334,Subtotal
Catamarca,informacion_consolidada_2026_6.xlsx,junio,2026,month,2026-06,Total | (1) + (2),178355.32253801145,Total | (1) + (2)
Catamarca,informacion_consolidada_2026_6.xlsx,junio,2026,month,2026-06,Total | Recursos | Origen Nacional | (1),173780.56247101145,Total | Recursos | Origen Nacional | (1)
Catamarca,informacion_consolidada_2026_6.xlsx,junio,2026,month,2026-06,Transfer. | De Servicios | Ley | Nº 24.049,1.7832999999999999,Transfer. | De Servicios | Ley | Nº 24.049
Catamarca,informacion_consolidada_2026_6.xlsx,junio,2026,month,2026-06,Vialidad | Provincial,897.8425,Vialidad | Provincial
Catamarca,informacion_consolidada_2026_6.xlsx,julio,2026,month,2026-07,C.F.I. | Neta De | Ley Nº 26.075,161014.303,CFI | Neta
Catamarca,informacion_consolidada_2026_6.xlsx,julio,2026,month,2026-07,Compensación | Consenso Fiscal | II. a y b; II. d y e | (2),5365.4888169999995,Compensación Consenso Fiscal
Catamarca,informacion_consolidada_2026_6.xlsx,julio,2026,month,2026-07,F.E.D.E.I.,326.28218648476866,F.E.D.E.I.
Catamarca,informacion_consolidada_2026_6.xlsx,julio,2026,month,2026-07,F.E.D.E.I.,399.7398685241672,F.E.D.E.I.
Catamarca,informacion_consolidada_2026_6.xlsx,julio,2026,month,2026-07,Financ. | Educativo | Ley Nº 26.075,15012.85757844333,Financiamiento Educativo
Catamarca,informacion_consolidada_2026_6.xlsx,julio,2026,month,2026-07,Fondo | Compens. | de | Desequilib.,2.2,Fondo | Compens. | de | Desequilib.
Catamarca,informacion_consolidada_2026_6.xlsx,julio,2026,month,2026-07,I.V.A. | Ley Nº 23.966 | Art. 5 | Punto 2,0.0,I.V.A. | Ley Nº 23.966 | Art. 5 | Punto 2
Catamarca,informacion_consolidada_2026_6.xlsx,julio,2026,month,2026-07,Impuesto a los Combustibles Líquidos | Ley Nº 23.966 y Nº 24.699 | Obras de | Infraestr.,458.1483,Impuesto a los Combustibles Líquidos | Ley Nº 23.966 y Nº 24.699 | Obras de | Infraestr.
Catamarca,informacion_consolidada_2026_6.xlsx,julio,2026,month,2026-07,Impuesto s/ | Los Activos | Fdo. Educ. | Ley Nº 23.906,0.0,Impuesto s/ | Los Activos | Fdo. Educ. | Ley Nº 23.906
Catamarca,informacion_consolidada_2026_6.xlsx,julio,2026,month,2026-07,Impuesto sobre los | Bienes Personales | Ley | Nº 24.699,2485.3709,Impuesto sobre los | Bienes Personales | Ley | Nº 24.699
Catamarca,informacion_consolidada_2026_6.xlsx,julio,2026,month,2026-07,Ley Nº 23.966 | Art. 30,0.0,Ley Nº 23.966 | Art. 30
Catamarca,informacion_consolidada_2026_6.xlsx,julio,2026,month,2026-07,Ley Nº 24.464 | FO.NA.VI.,1705.1156,Ley Nº 24.464 | FO.NA.VI.
Catamarca,informacion_consolidada_2026_6.xlsx,julio,2026,month,2026-07,Reg.Simplif. | P/Peq.Contrib. | Ley Nº 24.977 | Aart. 59 Inc. A,873.5413000000001,Reg.Simplif. | P/Peq.Contrib. | Ley Nº 24.977 | Aart. 59 Inc. A
Catamarca,informacion_consolidada_2026_6.xlsx,julio,2026,month,2026-07,Régimen de la Energía Eléctrica | L E Y Nº 2 4 . 0 6 5 | Fdo. P/Comp. | Tarifa Elect.,519.7898609734199,Régimen de la Energía Eléctrica | L E Y Nº 2 4 . 0 6 5 | Fdo. P/Comp. | Tarifa Elect.
Catamarca,informacion_consolidada_2026_6.xlsx,julio,2026,month,2026-07,Subtotal,176027.16057844335,Subtotal
Catamarca,informacion_consolidada_2026_6.xlsx,julio,2026,month,2026-07,Subtotal,176028.94387844336,Subtotal
Catamarca,informacion_consolidada_2026_6.xlsx,julio,2026,month,2026-07,Total | (1) + (2),188972.30761142576,Total | (1) + (2)
Catamarca,informacion_consolidada_2026_6.xlsx,julio,2026,month,2026-07,Total | Recursos | Origen Nacional | (1),183606.81879442575,Total | Recursos | Origen Nacional | (1)
Catamarca,informacion_consolidada_2026_6.xlsx,julio,2026,month,2026-07,Transfer. | De Servicios | Ley | Nº 24.049,1.7832999999999999,Transfer. | De Servicios | Ley | Nº 24.049
Catamarca,informacion_consolidada_2026_6.xlsx,julio,2026,month,2026-07,Vialidad | Provincial,807.6869,Vialidad | Provincial
Catamarca,informacion_consolidada_2026_6.xlsx,agosto,2026,month,2026-08,C.F.I. | Neta De | Ley Nº 26.075,152510.5049,CFI | Neta
Catamarca,informacion_consolidada_2026_6.xlsx,agosto,2026,month,2026-08,Compensación | Consenso Fiscal | II. a y b; II. d y e | (2),1300.4655400000001,Compensación Consenso Fiscal
Catamarca,informacion_consolidada_2026_6.xlsx,agosto,2026,month,2026-08,F.E.D.E.I.,0.0,F.E.D.E.I.
Catamarca,informacion_consolidada_2026_6.xlsx,agosto,2026,month,2026-08,F.E.D.E.I.,0.0,F.E.D.E.I.
Catamarca,informacion_consolidada_2026_6.xlsx,agosto,2026,month,2026-08,Financ. | Educativo | Ley Nº 26.075,14297.959598517455,Financiamiento Educativo
Catamarca,informacion_consolidada_2026_6.xlsx,agosto,2026,month,2026-08,Fondo | Compens. | de | Desequilib.,2.2,Fondo | Compens. | de | Desequilib.
Catamarca,informacion_consolidada_2026_6.xlsx,agosto,2026,month,2026-08,I.V.A. | Ley Nº 23.966 | Art. 5 | Punto 2,0.0,I.V.A. | Ley Nº 23.966 | Art. 5 | Punto 2
Catamarca,informacion_consolidada_2026_6.xlsx,agosto,2026,month,2026-08,Impuesto a los Combustibles Líquidos | Ley Nº 23.966 y Nº 24.699 | Obras de | Infraestr.,499.38620000000003,Impuesto a los Combustibles Líquidos | Ley Nº 23.966 y Nº 24.699 | Obras de | Infraestr.
Catamarca,informacion_consolidada_2026_6.xlsx,agosto,2026,month,2026-08,Impuesto s/ | Los Activos | Fdo. Educ. | Ley Nº 23.906,0.010556989999999999,Impuesto s/ | Los Activos | Fdo. Educ. | Ley Nº 23.906
Catamarca,informacion_consolidada_2026_6.xlsx,agosto,2026,month,2026-08,Impuesto sobre los | Bienes Personales | Ley | Nº 24.699,2002.6966,Impuesto sobre los | Bienes Personales | Ley | Nº 24.699
Catamarca,informacion_consolidada_2026_6.xlsx,agosto,2026,month,2026-08,Ley Nº 23.966 | Art. 30,0.0,Ley Nº 23.966 | Art. 30
Catamarca,informacion_consolidada_2026_6.xlsx,agosto,2026,month,2026-08,Ley Nº 24.464 | FO.NA.VI.,1858.5927,Ley Nº 24.464 | FO.NA.VI.
Catamarca,informacion_consolidada_2026_6.xlsx,agosto,2026,month,2026-08,Reg.Simplif. | P/Peq.Contrib. | Ley Nº 24.977 | Aart. 59 Inc. A,1028.4554,Reg.Simplif. | P/Peq.Contrib. | Ley Nº 24.977 | Aart. 59 Inc. A
Catamarca,informacion_consolidada_2026_6.xlsx,agosto,2026,month,2026-08,Régimen de la Energía Eléctrica | L E Y Nº 2 4 . 0 6 5 | Fdo. P/Comp. | Tarifa Elect.,0.0,Régimen de la Energía Eléctrica | L E Y Nº 2 4 . 0 6 5 | Fdo. P/Comp. | Tarifa Elect.
Catamarca,informacion_consolidada_2026_6.xlsx,agosto,2026,month,2026-08,Subtotal,166808.46449851745,Subtotal
Catamarca,informacion_consolidada_2026_6.xlsx,agosto,2026,month,2026-08,Subtotal,166810.24779851746,Subtotal
Catamarca,informacion_consolidada_2026_6.xlsx,agosto,2026,month,2026-08,Total | (1) + (2),174382.4414955075,Total | (1) + (2)
Catamarca,informacion_consolidada_2026_6.xlsx,agosto,2026,month,2026-08,Total | Recursos | Origen Nacional | (1),173081.97595550749,Total | Recursos | Origen Nacional | (1)
Catamarca,informacion_consolidada_2026_6.xlsx,agosto,2026,month,2026-08,Transfer. | De Servicios | Ley | Nº 24.049,1.7832999999999999,Transfer. | De Servicios | Ley | Nº 24.049
Catamarca,informacion_consolidada_2026_6.xlsx,agosto,2026,month,2026-08,Vialidad | Provincial,880.3866999999999,Vialidad | Provincial
Catamarca,informacion_consolidada_2026_6.xlsx,septiembre,2026,month,2026-09,C.F.I. | Neta De | Ley Nº 26.075,155723.3548,CFI | Neta
Catamarca,informacion_consolidada_2026_6.xlsx,septiembre,2026,month,2026-09,Compensación | Consenso Fiscal | II. a y b; II. d y e | (2),1430.512094,Compensación Consenso Fiscal
Catamarca,informacion_consolidada_2026_6.xlsx,septiembre,2026,month,2026-09,F.E.D.E.I.,612.8041799194974,F.E.D.E.I.
Catamarca,informacion_consolidada_2026_6.xlsx,septiembre,2026,month,2026-09,F.E.D.E.I.,902.400558184701,F.E.D.E.I.
Catamarca,informacion_consolidada_2026_6.xlsx,septiembre,2026,month,2026-09,Financ. | Educativo | Ley Nº 26.075,15727.755558369203,Financiamiento Educativo
Catamarca,informacion_consolidada_2026_6.xlsx,septiembre,2026,month,2026-09,Fondo | Compens. | de | Desequilib.,2.2,Fondo | Compens. | de | Desequilib.
Catamarca,informacion_consolidada_2026_6.xlsx,septiembre,2026,month,2026-09,I.V.A. | Ley Nº 23.966 | Art. 5 | Punto 2,0.0,I.V.A. | Ley Nº 23.966 | Art. 5 | Punto 2
Catamarca,informacion_consolidada_2026_6.xlsx,septiembre,2026,month,2026-09,Impuesto a los Combustibles Líquidos | Ley Nº 23.966 y Nº 24.699 | Obras de | Infraestr.,493.9273,Impuesto a los Combustibles Líquidos | Ley Nº 23.966 y Nº 24.699 | Obras de | Infraestr.
Catamarca,informacion_consolidada_2026_6.xlsx,septiembre,2026,month,2026-09,Impuesto s/ | Los Activos | Fdo. Educ. | Ley Nº 23.906,0.0,Impuesto s/ | Los Activos | Fdo. Educ. | Ley Nº 23.906
Catamarca,informacion_consolidada_2026_6.xlsx,septiembre,2026,month,2026-09,Impuesto sobre los | Bienes Personales | Ley | Nº 24.699,1351.7511000000002,Impuesto sobre los | Bienes Personales | Ley | Nº 24.699
Catamarca,informacion_consolidada_2026_6.xlsx,septiembre,2026,month,2026-09,Ley Nº 23.966 | Art. 30,0.0,Ley Nº 23.966 | Art. 30
Catamarca,informacion_consolidada_2026_6.xlsx,septiembre,2026,month,2026-09,Ley Nº 24.464 | FO.NA.VI.,1838.276,Ley Nº 24.464 | FO.NA.VI.
Catamarca,informacion_consolidada_2026_6.xlsx,septiembre,2026,month,2026-09,Reg.Simplif. | P/Peq.Contrib. | Ley Nº 24.977 | Aart. 59 Inc. A,1060.8018,Reg.Simplif. | P/Peq.Contrib. | Ley Nº 24.977 | Aart. 59 Inc. A
Catamarca,informacion_consolidada_2026_6.xlsx,septiembre,2026,month,2026-09,Régimen de la Energía Eléctrica | L E Y Nº 2 4 . 0 6 5 | Fdo. P/Comp. | Tarifa Elect.,1172.7455901951744,Régimen de la Energía Eléctrica | L E Y Nº 2 4 . 0 6 5 | Fdo. P/Comp. | Tarifa Elect.
Catamarca,informacion_consolidada_2026_6.xlsx,septiembre,2026,month,2026-09,Subtotal,171451.11035836922,Subtotal
Catamarca,informacion_consolidada_2026_6.xlsx,septiembre,2026,month,2026-09,Subtotal,171452.89365836923,Subtotal
Catamarca,informacion_consolidada_2026_6.xlsx,septiembre,2026,month,2026-09,Total | (1) + (2),181189.07518066862,Total | (1) + (2)
Catamarca,informacion_consolidada_2026_6.xlsx,septiembre,2026,month,2026-09,Total | Recursos | Origen Nacional | (1),179758.5630866686,Total | Recursos | Origen Nacional | (1)
Catamarca,informacion_consolidada_2026_6.xlsx,septiembre,2026,month,2026-09,Transfer. | De Servicios | Ley | Nº 24.049,1.7832999999999999,Transfer. | De Servicios | Ley | Nº 24.049
Catamarca,informacion_consolidada_2026_6.xlsx,septiembre,2026,month,2026-09,Vialidad | Provincial,870.7629000000001,Vialidad | Provincial
Catamarca,informacion_consolidada_2026_6.xlsx,CONS,2026,consolidated,CONS,C.F.I. | Neta De | Ley Nº 26.075,1256609.8835,CFI | Neta
Catamarca,informacion_consolidada_2026_6.xlsx,CONS,2026,consolidated,CONS,Compensación | Consenso Fiscal | II. a y b; II. d y e | (2),32390.245851,Compensación Consenso Fiscal
Catamarca,informacion_consolidada_2026_6.xlsx,CONS,2026,consolidated,CONS,F.E.D.E.I.,2483.661681687704,F.E.D.E.I.
Catamarca,informacion_consolidada_2026_6.xlsx,CONS,2026,consolidated,CONS,F.E.D.E.I.,3305.9306260315243,F.E.D.E.I.
Catamarca,informacion_consolidada_2026_6.xlsx,CONS,2026,consolidated,CONS,Financ. | Educativo | Ley Nº 26.075,130111.43239999998,Financiamiento Educativo
Catamarca,informacion_consolidada_2026_6.xlsx,CONS,2026,consolidated,CONS,Fondo | Compens. | de | Desequilib.,19.8,Fondo | Compens. | de | Desequilib.
Catamarca,informacion_consolidada_2026_6.xlsx,CONS,2026,consolidated,CONS,I.V.A. | Ley Nº 23.966 | Art. 5 | Punto 2,0.0,I.V.A. | Ley Nº 23.966 | Art. 5 | Punto 2
Catamarca,informacion_consolidada_2026_6.xlsx,CONS,2026,consolidated,CONS,Impuesto a los Combustibles Líquidos | Ley Nº 23.966 y Nº 24.699 | Obras de | Infraestr.,3886.7859,Impuesto a los Combustibles Líquidos | Ley Nº 23.966 y Nº 24.699 | Obras de | Infraestr.
Catamarca,informacion_consolidada_2026_6.xlsx,CONS,2026,consolidated,CONS,Impuesto s/ | Los Activos | Fdo. Educ. | Ley Nº 23.906,0.0106,Impuesto s/ | Los Activos | Fdo. Educ. | Ley Nº 23.906
Catamarca,informacion_consolidada_2026_6.xlsx,CONS,2026,consolidated,CONS,Impuesto sobre los | Bienes Personales | Ley | Nº 24.699,34863.6236,Impuesto sobre los | Bienes Personales | Ley | Nº 24.699
Catamarca,informacion_consolidada_2026_6.xlsx,CONS,2026,consolidated,CONS,Ley Nº 23.966 | Art. 30,0.0,Ley Nº 23.966 | Art. 30
Catamarca,informacion_consolidada_2026_6.xlsx,CONS,2026,consolidated,CONS,Ley Nº 24.464 | FO.NA.VI.,14465.6621,Ley Nº 24.464 | FO.NA.VI.
Catamarca,informacion_consolidada_2026_6.xlsx,CONS,2026,consolidated,CONS,Reg.Simplif. | P/Peq.Contrib. | Ley Nº 24.977 | Aart. 59 Inc. A,7849.0464,Reg.Simplif. | P/Peq.Contrib. | Ley Nº 24.977 | Aart. 59 Inc. A
Catamarca,informacion_consolidada_2026_6.xlsx,CONS,2026,consolidated,CONS,Régimen de la Energía Eléctrica | L E Y Nº 2 4 . 0 6 5 | Fdo. P/Comp. | Tarifa Elect.,4385.3279,Régimen de la Energía Eléctrica | L E Y Nº 2 4 . 0 6 5 | Fdo. P/Comp. | Tarifa Elect.
Catamarca,informacion_consolidada_2026_6.xlsx,CONS,2026,consolidated,CONS,Subtotal,1386721.3159,Subtotal
Catamarca,informacion_consolidada_2026_6.xlsx,CONS,2026,consolidated,CONS,Subtotal,1386737.3656000001,Subtotal
Catamarca,informacion_consolidada_2026_6.xlsx,CONS,2026,consolidated,CONS,Total | (1) + (2),1497239.6209587194,Total | (1) + (2)
Catamarca,informacion_consolidada_2026_6.xlsx,CONS,2026,consolidated,CONS,Total | Recursos | Origen Nacional | (1),1464849.3751077193,Total | Recursos | Origen Nacional | (1)
Catamarca,informacion_consolidada_2026_6.xlsx,CONS,2026,consolidated,CONS,Transfer. | De Servicios | Ley | Nº 24.049,16.049699999999998,Transfer. | De Servicios | Ley | Nº 24.049
Catamarca,informacion_consolidada_2026_6.xlsx,CONS,2026,consolidated,CONS,Vialidad | Provincial,6852.1607,Vialidad | Provincial
Chaco,informacion_consolidada_2026_6.xlsx,enero,2026,month,2026-01,C.F.I. | Neta De | Ley Nº 26.075,240351.70630000002,CFI | Neta
Chaco,informacion_consolidada_2026_6.xlsx,enero,2026,month,2026-01,Compensación | Consenso Fiscal | II. a y b; II. d y e | (2),8201.125443,Compensación Consenso Fiscal
Chaco,informacion_consolidada_2026_6.xlsx,enero,2026,month,2026-01,F.E.D.E.I.,278.15506167626785,F.E.D.E.I.
Chaco,informacion_consolidada_2026_6.xlsx,enero,2026,month,2026-01,F.E.D.E.I.,263.9498768661234,F.E.D.E.I.
Chaco,informacion_consolidada_2026_6.xlsx,enero,2026,month,2026-01,Financ. | Educativo | Ley Nº 26.075,18893.73232661226,Financiamiento Educativo
Chaco,informacion_consolidada_2026_6.xlsx,enero,2026,month,2026-01,Fondo | Compens. | de | Desequilib.,0.5,Fondo | Compens. | de | Desequilib.
Chaco,informacion_consolidada_2026_6.xlsx,enero,2026,month,2026-01,I.V.A. | Ley Nº 23.966 | Art. 5 | Punto 2,1597.7042,I.V.A. | Ley Nº 23.966 | Art. 5 | Punto 2
Chaco,informacion_consolidada_2026_6.xlsx,enero,2026,month,2026-01,Impuesto a los Combustibles Líquidos | Ley Nº 23.966 y Nº 24.699 | Obras de | Infraestr.,446.3929,Impuesto a los Combustibles Líquidos | Ley Nº 23.966 y Nº 24.699 | Obras de | Infraestr.
Chaco,informacion_consolidada_2026_6.xlsx,enero,2026,month,2026-01,Impuesto s/ | Los Activos | Fdo. Educ. | Ley Nº 23.906,0.0,Impuesto s/ | Los Activos | Fdo. Educ. | Ley Nº 23.906
Chaco,informacion_consolidada_2026_6.xlsx,enero,2026,month,2026-01,Impuesto sobre los | Bienes Personales | Ley | Nº 24.699,1437.2088999999999,Impuesto sobre los | Bienes Personales | Ley | Nº 24.699
Chaco,informacion_consolidada_2026_6.xlsx,enero,2026,month,2026-01,Ley Nº 23.966 | Art. 30,129.3024,Ley Nº 23.966 | Art. 30
Chaco,informacion_consolidada_2026_6.xlsx,enero,2026,month,2026-01,Ley Nº 24.464 | FO.NA.VI.,2009.2823999999998,Ley Nº 24.464 | FO.NA.VI.
Chaco,informacion_consolidada_2026_6.xlsx,enero,2026,month,2026-01,Reg.Simplif. | P/Peq.Contrib. | Ley Nº 24.977 | Aart. 59 Inc. A,1221.7902,Reg.Simplif. | P/Peq.Contrib. | Ley Nº 24.977 | Aart. 59 Inc. A
Chaco,informacion_consolidada_2026_6.xlsx,enero,2026,month,2026-01,Régimen de la Energía Eléctrica | L E Y Nº 2 4 . 0 6 5 | Fdo. P/Comp. | Tarifa Elect.,372.954596571179,Régimen de la Energía Eléctrica | L E Y Nº 2 4 . 0 6 5 | Fdo. P/Comp. | Tarifa Elect.
Chaco,informacion_consolidada_2026_6.xlsx,enero,2026,month,2026-01,Subtotal,259245.43862661227,Subtotal
Chaco,informacion_consolidada_2026_6.xlsx,enero,2026,month,2026-01,Subtotal,259248.23862661226,Subtotal
Chaco,informacion_consolidada_2026_6.xlsx,enero,2026,month,2026-01,Total | (1) + (2),275773.71090472577,Total | (1) + (2)
Chaco,informacion_consolidada_2026_6.xlsx,enero,2026,month,2026-01,Total | Recursos | Origen Nacional | (1),267572.5854617258,Total | Recursos | Origen Nacional | (1)
Chaco,informacion_consolidada_2026_6.xlsx,enero,2026,month,2026-01,Transfer. | De Servicios | Ley | Nº 24.049,2.8,Transfer. | De Servicios | Ley | Nº 24.049
Chaco,informacion_consolidada_2026_6.xlsx,enero,2026,month,2026-01,Vialidad | Provincial,567.1063,Vialidad | Provincial
Chaco,informacion_consolidada_2026_6.xlsx,febrero,2026,month,2026-02,C.F.I. | Neta De | Ley Nº 26.075,202707.6114,CFI | Neta
Chaco,informacion_consolidada_2026_6.xlsx,febrero,2026,month,2026-02,Compensación | Consenso Fiscal | II. a y b; II. d y e | (2),7029.536093999999,Compensación Consenso Fiscal
Chaco,informacion_consolidada_2026_6.xlsx,febrero,2026,month,2026-02,F.E.D.E.I.,0.0,F.E.D.E.I.
Chaco,informacion_consolidada_2026_6.xlsx,febrero,2026,month,2026-02,F.E.D.E.I.,0.0,F.E.D.E.I.
Chaco,informacion_consolidada_2026_6.xlsx,febrero,2026,month,2026-02,Financ. | Educativo | Ley Nº 26.075,36069.85262353251,Financiamiento Educativo
Chaco,informacion_consolidada_2026_6.xlsx,febrero,2026,month,2026-02,Fondo | Compens. | de | Desequilib.,0.5,Fondo | Compens. | de | Desequilib.
Chaco,informacion_consolidada_2026_6.xlsx,febrero,2026,month,2026-02,I.V.A. | Ley Nº 23.966 | Art. 5 | Punto 2,1390.3889,I.V.A. | Ley Nº 23.966 | Art. 5 | Punto 2
Chaco,informacion_consolidada_2026_6.xlsx,febrero,2026,month,2026-02,Impuesto a los Combustibles Líquidos | Ley Nº 23.966 y Nº 24.699 | Obras de | Infraestr.,750.3507,Impuesto a los Combustibles Líquidos | Ley Nº 23.966 y Nº 24.699 | Obras de | Infraestr.
Chaco,informacion_consolidada_2026_6.xlsx,febrero,2026,month,2026-02,Impuesto s/ | Los Activos | Fdo. Educ. | Ley Nº 23.906,0.0,Impuesto s/ | Los Activos | Fdo. Educ. | Ley Nº 23.906
Chaco,informacion_consolidada_2026_6.xlsx,febrero,2026,month,2026-02,Impuesto sobre los | Bienes Personales | Ley | Nº 24.699,2017.0019,Impuesto sobre los | Bienes Personales | Ley | Nº 24.699
Chaco,informacion_consolidada_2026_6.xlsx,febrero,2026,month,2026-02,Ley Nº 23.966 | Art. 30,181.465,Ley Nº 23.966 | Art. 30
Chaco,informacion_consolidada_2026_6.xlsx,febrero,2026,month,2026-02,Ley Nº 24.464 | FO.NA.VI.,3377.4432,Ley Nº 24.464 | FO.NA.VI.
Chaco,informacion_consolidada_2026_6.xlsx,febrero,2026,month,2026-02,Reg.Simplif. | P/Peq.Contrib. | Ley Nº 24.977 | Aart. 59 Inc. A,1475.2613999999999,Reg.Simplif. | P/Peq.Contrib. | Ley Nº 24.977 | Aart. 59 Inc. A
Chaco,informacion_consolidada_2026_6.xlsx,febrero,2026,month,2026-02,Régimen de la Energía Eléctrica | L E Y Nº 2 4 . 0 6 5 | Fdo. P/Comp. | Tarifa Elect.,0.0,Régimen de la Energía Eléctrica | L E Y Nº 2 4 . 0 6 5 | Fdo. P/Comp. | Tarifa Elect.
Chaco,informacion_consolidada_2026_6.xlsx,febrero,2026,month,2026-02,Subtotal,238777.46402353252,Subtotal
Chaco,informacion_consolidada_2026_6.xlsx,febrero,2026,month,2026-02,Subtotal,238780.2640235325,Subtotal
Chaco,informacion_consolidada_2026_6.xlsx,febrero,2026,month,2026-02,Total | (1) + (2),255955.47161753252,Total | (1) + (2)
Chaco,informacion_consolidada_2026_6.xlsx,febrero,2026,month,2026-02,Total | Recursos | Origen Nacional | (1),248925.9355235325,Total | Recursos | Origen Nacional | (1)
Chaco,informacion_consolidada_2026_6.xlsx,febrero,2026,month,2026-02,Transfer. | De Servicios | Ley | Nº 24.049,2.8,Transfer. | De Servicios | Ley | Nº 24.049
Chaco,informacion_consolidada_2026_6.xlsx,febrero,2026,month,2026-02,Vialidad | Provincial,953.2604,Vialidad | Provincial
Chaco,informacion_consolidada_2026_6.xlsx,marzo,2026,month,2026-03,C.F.I. | Neta De | Ley Nº 26.075,178540.98030000002,CFI | Neta
Chaco,informacion_consolidada_2026_6.xlsx,marzo,2026,month,2026-03,Compensación | Consenso Fiscal | II. a y b; II. d y e | (2),8201.125443,Compensación Consenso Fiscal
Chaco,informacion_consolidada_2026_6.xlsx,marzo,2026,month,2026-03,F.E.D.E.I.,377.239714504568,F.E.D.E.I.
Chaco,informacion_consolidada_2026_6.xlsx,marzo,2026,month,2026-03,F.E.D.E.I.,532.4115087857962,F.E.D.E.I.
Chaco,informacion_consolidada_2026_6.xlsx,marzo,2026,month,2026-03,Financ. | Educativo | Ley Nº 26.075,39505.0766829165,Financiamiento Educativo
Chaco,informacion_consolidada_2026_6.xlsx,marzo,2026,month,2026-03,Fondo | Compens. | de | Desequilib.,0.5,Fondo | Compens. | de | Desequilib.
Chaco,informacion_consolidada_2026_6.xlsx,marzo,2026,month,2026-03,I.V.A. | Ley Nº 23.966 | Art. 5 | Punto 2,1426.9006000000002,I.V.A. | Ley Nº 23.966 | Art. 5 | Punto 2
Chaco,informacion_consolidada_2026_6.xlsx,marzo,2026,month,2026-03,Impuesto a los Combustibles Líquidos | Ley Nº 23.966 y Nº 24.699 | Obras de | Infraestr.,741.099,Impuesto a los Combustibles Líquidos | Ley Nº 23.966 y Nº 24.699 | Obras de | Infraestr.
Chaco,informacion_consolidada_2026_6.xlsx,marzo,2026,month,2026-03,Impuesto s/ | Los Activos | Fdo. Educ. | Ley Nº 23.906,0.0,Impuesto s/ | Los Activos | Fdo. Educ. | Ley Nº 23.906
Chaco,informacion_consolidada_2026_6.xlsx,marzo,2026,month,2026-03,Impuesto sobre los | Bienes Personales | Ley | Nº 24.699,974.8231999999999,Impuesto sobre los | Bienes Personales | Ley | Nº 24.699
Chaco,informacion_consolidada_2026_6.xlsx,marzo,2026,month,2026-03,Ley Nº 23.966 | Art. 30,87.7026,Ley Nº 23.966 | Art. 30
Chaco,informacion_consolidada_2026_6.xlsx,marzo,2026,month,2026-03,Ley Nº 24.464 | FO.NA.VI.,3335.7999,Ley Nº 24.464 | FO.NA.VI.
Chaco,informacion_consolidada_2026_6.xlsx,marzo,2026,month,2026-03,Reg.Simplif. | P/Peq.Contrib. | Ley Nº 24.977 | Aart. 59 Inc. A,1395.3358,Reg.Simplif. | P/Peq.Contrib. | Ley Nº 24.977 | Aart. 59 Inc. A
Chaco,informacion_consolidada_2026_6.xlsx,marzo,2026,month,2026-03,Régimen de la Energía Eléctrica | L E Y Nº 2 4 . 0 6 5 | Fdo. P/Comp. | Tarifa Elect.,752.2841905298009,Régimen de la Energía Eléctrica | L E Y Nº 2 4 . 0 6 5 | Fdo. P/Comp. | Tarifa Elect.
Chaco,informacion_consolidada_2026_6.xlsx,marzo,2026,month,2026-03,Subtotal,218046.05698291652,Subtotal
Chaco,informacion_consolidada_2026_6.xlsx,marzo,2026,month,2026-03,Subtotal,218048.8569829165,Subtotal
Chaco,informacion_consolidada_2026_6.xlsx,marzo,2026,month,2026-03,Total | (1) + (2),236815.58583973668,Total | (1) + (2)
Chaco,informacion_consolidada_2026_6.xlsx,marzo,2026,month,2026-03,Total | Recursos | Origen Nacional | (1),228614.4603967367,Total | Recursos | Origen Nacional | (1)
Chaco,informacion_consolidada_2026_6.xlsx,marzo,2026,month,2026-03,Transfer. | De Servicios | Ley | Nº 24.049,2.8,Transfer. | De Servicios | Ley | Nº 24.049
Chaco,informacion_consolidada_2026_6.xlsx,marzo,2026,month,2026-03,Vialidad | Provincial,941.5069,Vialidad | Provincial
Chaco,informacion_consolidada_2026_6.xlsx,abril,2026,month,2026-04,C.F.I. | Neta De | Ley Nº 26.075,202852.2071,CFI | Neta
Chaco,informacion_consolidada_2026_6.xlsx,abril,2026,month,2026-04,Compensación | Consenso Fiscal | II. a y b; II. d y e | (2),9998.051539999999,Compensación Consenso Fiscal
Chaco,informacion_consolidada_2026_6.xlsx,abril,2026,month,2026-04,F.E.D.E.I.,0.0,F.E.D.E.I.
Chaco,informacion_consolidada_2026_6.xlsx,abril,2026,month,2026-04,F.E.D.E.I.,0.0,F.E.D.E.I.
Chaco,informacion_consolidada_2026_6.xlsx,abril,2026,month,2026-04,Financ. | Educativo | Ley Nº 26.075,41222.688712608426,Financiamiento Educativo
Chaco,informacion_consolidada_2026_6.xlsx,abril,2026,month,2026-04,Fondo | Compens. | de | Desequilib.,0.5,Fondo | Compens. | de | Desequilib.
Chaco,informacion_consolidada_2026_6.xlsx,abril,2026,month,2026-04,I.V.A. | Ley Nº 23.966 | Art. 5 | Punto 2,1536.5366000000001,I.V.A. | Ley Nº 23.966 | Art. 5 | Punto 2
Chaco,informacion_consolidada_2026_6.xlsx,abril,2026,month,2026-04,Impuesto a los Combustibles Líquidos | Ley Nº 23.966 y Nº 24.699 | Obras de | Infraestr.,807.0092,Impuesto a los Combustibles Líquidos | Ley Nº 23.966 y Nº 24.699 | Obras de | Infraestr.
Chaco,informacion_consolidada_2026_6.xlsx,abril,2026,month,2026-04,Impuesto s/ | Los Activos | Fdo. Educ. | Ley Nº 23.906,0.0,Impuesto s/ | Los Activos | Fdo. Educ. | Ley Nº 23.906
Chaco,informacion_consolidada_2026_6.xlsx,abril,2026,month,2026-04,Impuesto sobre los | Bienes Personales | Ley | Nº 24.699,1682.6636,Impuesto sobre los | Bienes Personales | Ley | Nº 24.699
Chaco,informacion_consolidada_2026_6.xlsx,abril,2026,month,2026-04,Ley Nº 23.966 | Art. 30,151.3854,Ley Nº 23.966 | Art. 30
Chaco,informacion_consolidada_2026_6.xlsx,abril,2026,month,2026-04,Ley Nº 24.464 | FO.NA.VI.,3632.4715,Ley Nº 24.464 | FO.NA.VI.
Chaco,informacion_consolidada_2026_6.xlsx,abril,2026,month,2026-04,Reg.Simplif. | P/Peq.Contrib. | Ley Nº 24.977 | Aart. 59 Inc. A,1598.0246000000002,Reg.Simplif. | P/Peq.Contrib. | Ley Nº 24.977 | Aart. 59 Inc. A
Chaco,informacion_consolidada_2026_6.xlsx,abril,2026,month,2026-04,Régimen de la Energía Eléctrica | L E Y Nº 2 4 . 0 6 5 | Fdo. P/Comp. | Tarifa Elect.,0.0,Régimen de la Energía Eléctrica | L E Y Nº 2 4 . 0 6 5 | Fdo. P/Comp. | Tarifa Elect.
Chaco,informacion_consolidada_2026_6.xlsx,abril,2026,month,2026-04,Subtotal,244074.89581260842,Subtotal
Chaco,informacion_consolidada_2026_6.xlsx,abril,2026,month,2026-04,Subtotal,244077.6958126084,Subtotal
Chaco,informacion_consolidada_2026_6.xlsx,abril,2026,month,2026-04,Total | (1) + (2),264509.57865260844,Total | (1) + (2)
Chaco,informacion_consolidada_2026_6.xlsx,abril,2026,month,2026-04,Total | Recursos | Origen Nacional | (1),254511.52711260843,Total | Recursos | Origen Nacional | (1)
Chaco,informacion_consolidada_2026_6.xlsx,abril,2026,month,2026-04,Transfer. | De Servicios | Ley | Nº 24.049,2.8,Transfer. | De Servicios | Ley | Nº 24.049
Chaco,informacion_consolidada_2026_6.xlsx,abril,2026,month,2026-04,Vialidad | Provincial,1025.2404000000001,Vialidad | Provincial
Chaco,informacion_consolidada_2026_6.xlsx,mayo,2026,month,2026-05,C.F.I. | Neta De | Ley Nº 26.075,329077.35760000005,CFI | Neta
Chaco,informacion_consolidada_2026_6.xlsx,mayo,2026,month,2026-05,Compensación | Consenso Fiscal | II. a y b; II. d y e | (2),9498.148963,Compensación Consenso Fiscal
Chaco,informacion_consolidada_2026_6.xlsx,mayo,2026,month,2026-05,F.E.D.E.I.,233.66684640377156,F.E.D.E.I.
Chaco,informacion_consolidada_2026_6.xlsx,mayo,2026,month,2026-05,F.E.D.E.I.,289.2912145375835,F.E.D.E.I.
Chaco,informacion_consolidada_2026_6.xlsx,mayo,2026,month,2026-05,Financ. | Educativo | Ley Nº 26.075,32634.628564148315,Financiamiento Educativo
Chaco,informacion_consolidada_2026_6.xlsx,mayo,2026,month,2026-05,Fondo | Compens. | de | Desequilib.,0.5,Fondo | Compens. | de | Desequilib.
Chaco,informacion_consolidada_2026_6.xlsx,mayo,2026,month,2026-05,I.V.A. | Ley Nº 23.966 | Art. 5 | Punto 2,1358.9237,I.V.A. | Ley Nº 23.966 | Art. 5 | Punto 2
Chaco,informacion_consolidada_2026_6.xlsx,mayo,2026,month,2026-05,Impuesto a los Combustibles Líquidos | Ley Nº 23.966 y Nº 24.699 | Obras de | Infraestr.,743.5536999999999,Impuesto a los Combustibles Líquidos | Ley Nº 23.966 y Nº 24.699 | Obras de | Infraestr.
Chaco,informacion_consolidada_2026_6.xlsx,mayo,2026,month,2026-05,Impuesto s/ | Los Activos | Fdo. Educ. | Ley Nº 23.906,0.0,Impuesto s/ | Los Activos | Fdo. Educ. | Ley Nº 23.906
Chaco,informacion_consolidada_2026_6.xlsx,mayo,2026,month,2026-05,Impuesto sobre los | Bienes Personales | Ley | Nº 24.699,1854.8195,Impuesto sobre los | Bienes Personales | Ley | Nº 24.699
Chaco,informacion_consolidada_2026_6.xlsx,mayo,2026,month,2026-05,Ley Nº 23.966 | Art. 30,166.8738,Ley Nº 23.966 | Art. 30
Chaco,informacion_consolidada_2026_6.xlsx,mayo,2026,month,2026-05,Ley Nº 24.464 | FO.NA.VI.,3346.8487999999998,Ley Nº 24.464 | FO.NA.VI.
Chaco,informacion_consolidada_2026_6.xlsx,mayo,2026,month,2026-05,Reg.Simplif. | P/Peq.Contrib. | Ley Nº 24.977 | Aart. 59 Inc. A,1564.7705,Reg.Simplif. | P/Peq.Contrib. | Ley Nº 24.977 | Aart. 59 Inc. A
Chaco,informacion_consolidada_2026_6.xlsx,mayo,2026,month,2026-05,Régimen de la Energía Eléctrica | L E Y Nº 2 4 . 0 6 5 | Fdo. P/Comp. | Tarifa Elect.,408.7612750281844,Régimen de la Energía Eléctrica | L E Y Nº 2 4 . 0 6 5 | Fdo. P/Comp. | Tarifa Elect.
Chaco,informacion_consolidada_2026_6.xlsx,mayo,2026,month,2026-05,Subtotal,361711.9861641484,Subtotal
Chaco,informacion_consolidada_2026_6.xlsx,mayo,2026,month,2026-05,Subtotal,361714.78616414836,Subtotal
Chaco,informacion_consolidada_2026_6.xlsx,mayo,2026,month,2026-05,Total | (1) + (2),382125.5697631178,Total | (1) + (2)
Chaco,informacion_consolidada_2026_6.xlsx,mayo,2026,month,2026-05,Total | Recursos | Origen Nacional | (1),372627.42080011783,Total | Recursos | Origen Nacional | (1)
Chaco,informacion_consolidada_2026_6.xlsx,mayo,2026,month,2026-05,Transfer. | De Servicios | Ley | Nº 24.049,2.8,Transfer. | De Servicios | Ley | Nº 24.049
Chaco,informacion_consolidada_2026_6.xlsx,mayo,2026,month,2026-05,Vialidad | Provincial,944.6253,Vialidad | Provincial
Chaco,informacion_consolidada_2026_6.xlsx,junio,2026,month,2026-06,C.F.I. | Neta De | Ley Nº 26.075,222218.05659999998,CFI | Neta
Chaco,informacion_consolidada_2026_6.xlsx,junio,2026,month,2026-06,Compensación | Consenso Fiscal | II. a y b; II. d y e | (2),10497.954117000001,Compensación Consenso Fiscal
Chaco,informacion_consolidada_2026_6.xlsx,junio,2026,month,2026-06,F.E.D.E.I.,488.92721109130093,F.E.D.E.I.
Chaco,informacion_consolidada_2026_6.xlsx,junio,2026,month,2026-06,F.E.D.E.I.,702.0235929702201,F.E.D.E.I.
Chaco,informacion_consolidada_2026_6.xlsx,junio,2026,month,2026-06,Financ. | Educativo | Ley Nº 26.075,36069.852623532344,Financiamiento Educativo
Chaco,informacion_consolidada_2026_6.xlsx,junio,2026,month,2026-06,Fondo | Compens. | de | Desequilib.,0.5,Fondo | Compens. | de | Desequilib.
Chaco,informacion_consolidada_2026_6.xlsx,junio,2026,month,2026-06,I.V.A. | Ley Nº 23.966 | Art. 5 | Punto 2,1672.2148,I.V.A. | Ley Nº 23.966 | Art. 5 | Punto 2
Chaco,informacion_consolidada_2026_6.xlsx,junio,2026,month,2026-06,Impuesto a los Combustibles Líquidos | Ley Nº 23.966 y Nº 24.699 | Obras de | Infraestr.,922.4137,Impuesto a los Combustibles Líquidos | Ley Nº 23.966 y Nº 24.699 | Obras de | Infraestr.
Chaco,informacion_consolidada_2026_6.xlsx,junio,2026,month,2026-06,Impuesto s/ | Los Activos | Fdo. Educ. | Ley Nº 23.906,0.0,Impuesto s/ | Los Activos | Fdo. Educ. | Ley Nº 23.906
Chaco,informacion_consolidada_2026_6.xlsx,junio,2026,month,2026-06,Impuesto sobre los | Bienes Personales | Ley | Nº 24.699,44601.0738,Impuesto sobre los | Bienes Personales | Ley | Nº 24.699
Chaco,informacion_consolidada_2026_6.xlsx,junio,2026,month,2026-06,Ley Nº 23.966 | Art. 30,4012.6555,Ley Nº 23.966 | Art. 30
Chaco,informacion_consolidada_2026_6.xlsx,junio,2026,month,2026-06,Ley Nº 24.464 | FO.NA.VI.,4151.9248,Ley Nº 24.464 | FO.NA.VI.
Chaco,informacion_consolidada_2026_6.xlsx,junio,2026,month,2026-06,Reg.Simplif. | P/Peq.Contrib. | Ley Nº 24.977 | Aart. 59 Inc. A,1594.7098999999998,Reg.Simplif. | P/Peq.Contrib. | Ley Nº 24.977 | Aart. 59 Inc. A
Chaco,informacion_consolidada_2026_6.xlsx,junio,2026,month,2026-06,Régimen de la Energía Eléctrica | L E Y Nº 2 4 . 0 6 5 | Fdo. P/Comp. | Tarifa Elect.,988.9040555119512,Régimen de la Energía Eléctrica | L E Y Nº 2 4 . 0 6 5 | Fdo. P/Comp. | Tarifa Elect.
Chaco,informacion_consolidada_2026_6.xlsx,junio,2026,month,2026-06,Subtotal,258287.90922353233,Subtotal
Chaco,informacion_consolidada_2026_6.xlsx,junio,2026,month,2026-06,Subtotal,258290.70922353232,Subtotal
Chaco,informacion_consolidada_2026_6.xlsx,junio,2026,month,2026-06,Total | (1) + (2),329095.86330010573,Total | (1) + (2)
Chaco,informacion_consolidada_2026_6.xlsx,junio,2026,month,2026-06,Total | Recursos | Origen Nacional | (1),318597.90918310574,Total | Recursos | Origen Nacional | (1)
Chaco,informacion_consolidada_2026_6.xlsx,junio,2026,month,2026-06,Transfer. | De Servicios | Ley | Nº 24.049,2.8,Transfer. | De Servicios | Ley | Nº 24.049
Chaco,informacion_consolidada_2026_6.xlsx,junio,2026,month,2026-06,Vialidad | Provincial,1171.8526000000002,Vialidad | Provincial
Chaco,informacion_consolidada_2026_6.xlsx,julio,2026,month,2026-07,C.F.I. | Neta De | Ley Nº 26.075,282748.5711,CFI | Neta
Chaco,informacion_consolidada_2026_6.xlsx,julio,2026,month,2026-07,Compensación | Consenso Fiscal | II. a y b; II. d y e | (2),10191.410355,Compensación Consenso Fiscal
Chaco,informacion_consolidada_2026_6.xlsx,julio,2026,month,2026-07,F.E.D.E.I.,291.091800535372,F.E.D.E.I.
Chaco,informacion_consolidada_2026_6.xlsx,julio,2026,month,2026-07,F.E.D.E.I.,356.6268797279805,F.E.D.E.I.
Chaco,informacion_consolidada_2026_6.xlsx,julio,2026,month,2026-07,Financ. | Educativo | Ley Nº 26.075,36069.852623532344,Financiamiento Educativo
Chaco,informacion_consolidada_2026_6.xlsx,julio,2026,month,2026-07,Fondo | Compens. | de | Desequilib.,0.5,Fondo | Compens. | de | Desequilib.
Chaco,informacion_consolidada_2026_6.xlsx,julio,2026,month,2026-07,I.V.A. | Ley Nº 23.966 | Art. 5 | Punto 2,1753.7827,I.V.A. | Ley Nº 23.966 | Art. 5 | Punto 2
Chaco,informacion_consolidada_2026_6.xlsx,julio,2026,month,2026-07,Impuesto a los Combustibles Líquidos | Ley Nº 23.966 y Nº 24.699 | Obras de | Infraestr.,829.7908,Impuesto a los Combustibles Líquidos | Ley Nº 23.966 y Nº 24.699 | Obras de | Infraestr.
Chaco,informacion_consolidada_2026_6.xlsx,julio,2026,month,2026-07,Impuesto s/ | Los Activos | Fdo. Educ. | Ley Nº 23.906,0.0,Impuesto s/ | Los Activos | Fdo. Educ. | Ley Nº 23.906
Chaco,informacion_consolidada_2026_6.xlsx,julio,2026,month,2026-07,Impuesto sobre los | Bienes Personales | Ley | Nº 24.699,4501.476,Impuesto sobre los | Bienes Personales | Ley | Nº 24.699
Chaco,informacion_consolidada_2026_6.xlsx,julio,2026,month,2026-07,Ley Nº 23.966 | Art. 30,404.98740000000004,Ley Nº 23.966 | Art. 30
Chaco,informacion_consolidada_2026_6.xlsx,julio,2026,month,2026-07,Ley Nº 24.464 | FO.NA.VI.,3735.0151,Ley Nº 24.464 | FO.NA.VI.
Chaco,informacion_consolidada_2026_6.xlsx,julio,2026,month,2026-07,Reg.Simplif. | P/Peq.Contrib. | Ley Nº 24.977 | Aart. 59 Inc. A,1582.1436999999999,Reg.Simplif. | P/Peq.Contrib. | Ley Nº 24.977 | Aart. 59 Inc. A
Chaco,informacion_consolidada_2026_6.xlsx,julio,2026,month,2026-07,Régimen de la Energía Eléctrica | L E Y Nº 2 4 . 0 6 5 | Fdo. P/Comp. | Tarifa Elect.,502.36170294278753,Régimen de la Energía Eléctrica | L E Y Nº 2 4 . 0 6 5 | Fdo. P/Comp. | Tarifa Elect.
Chaco,informacion_consolidada_2026_6.xlsx,julio,2026,month,2026-07,Subtotal,318818.42372353235,Subtotal
Chaco,informacion_consolidada_2026_6.xlsx,julio,2026,month,2026-07,Subtotal,318821.22372353234,Subtotal
Chaco,informacion_consolidada_2026_6.xlsx,julio,2026,month,2026-07,Total | (1) + (2),344024.5927617386,Total | (1) + (2)
Chaco,informacion_consolidada_2026_6.xlsx,julio,2026,month,2026-07,Total | Recursos | Origen Nacional | (1),333833.1824067386,Total | Recursos | Origen Nacional | (1)
Chaco,informacion_consolidada_2026_6.xlsx,julio,2026,month,2026-07,Transfer. | De Servicios | Ley | Nº 24.049,2.8,Transfer. | De Servicios | Ley | Nº 24.049
Chaco,informacion_consolidada_2026_6.xlsx,julio,2026,month,2026-07,Vialidad | Provincial,1054.1826,Vialidad | Provincial
Chaco,informacion_consolidada_2026_6.xlsx,agosto,2026,month,2026-08,C.F.I. | Neta De | Ley Nº 26.075,267769.3838,CFI | Neta
Chaco,informacion_consolidada_2026_6.xlsx,agosto,2026,month,2026-08,Compensación | Consenso Fiscal | II. a y b; II. d y e | (2),9706.105099999999,Compensación Consenso Fiscal
Chaco,informacion_consolidada_2026_6.xlsx,agosto,2026,month,2026-08,F.E.D.E.I.,0.0,F.E.D.E.I.
Chaco,informacion_consolidada_2026_6.xlsx,agosto,2026,month,2026-08,F.E.D.E.I.,0.0,F.E.D.E.I.
Chaco,informacion_consolidada_2026_6.xlsx,agosto,2026,month,2026-08,Financ. | Educativo | Ley Nº 26.075,34352.24059384033,Financiamiento Educativo
Chaco,informacion_consolidada_2026_6.xlsx,agosto,2026,month,2026-08,Fondo | Compens. | de | Desequilib.,0.5,Fondo | Compens. | de | Desequilib.
Chaco,informacion_consolidada_2026_6.xlsx,agosto,2026,month,2026-08,I.V.A. | Ley Nº 23.966 | Art. 5 | Punto 2,1704.8926000000001,I.V.A. | Ley Nº 23.966 | Art. 5 | Punto 2
Chaco,informacion_consolidada_2026_6.xlsx,agosto,2026,month,2026-08,Impuesto a los Combustibles Líquidos | Ley Nº 23.966 y Nº 24.699 | Obras de | Infraestr.,904.4801,Impuesto a los Combustibles Líquidos | Ley Nº 23.966 y Nº 24.699 | Obras de | Infraestr.
Chaco,informacion_consolidada_2026_6.xlsx,agosto,2026,month,2026-08,Impuesto s/ | Los Activos | Fdo. Educ. | Ley Nº 23.906,0.02287912,Impuesto s/ | Los Activos | Fdo. Educ. | Ley Nº 23.906
Chaco,informacion_consolidada_2026_6.xlsx,agosto,2026,month,2026-08,Impuesto sobre los | Bienes Personales | Ley | Nº 24.699,3627.2617,Impuesto sobre los | Bienes Personales | Ley | Nº 24.699
Chaco,informacion_consolidada_2026_6.xlsx,agosto,2026,month,2026-08,Ley Nº 23.966 | Art. 30,326.3363,Ley Nº 23.966 | Art. 30
Chaco,informacion_consolidada_2026_6.xlsx,agosto,2026,month,2026-08,Ley Nº 24.464 | FO.NA.VI.,4071.203,Ley Nº 24.464 | FO.NA.VI.
Chaco,informacion_consolidada_2026_6.xlsx,agosto,2026,month,2026-08,Reg.Simplif. | P/Peq.Contrib. | Ley Nº 24.977 | Aart. 59 Inc. A,1862.7216,Reg.Simplif. | P/Peq.Contrib. | Ley Nº 24.977 | Aart. 59 Inc. A
Chaco,informacion_consolidada_2026_6.xlsx,agosto,2026,month,2026-08,Régimen de la Energía Eléctrica | L E Y Nº 2 4 . 0 6 5 | Fdo. P/Comp. | Tarifa Elect.,0.0,Régimen de la Energía Eléctrica | L E Y Nº 2 4 . 0 6 5 | Fdo. P/Comp. | Tarifa Elect.
Chaco,informacion_consolidada_2026_6.xlsx,agosto,2026,month,2026-08,Subtotal,302121.6243938403,Subtotal
Chaco,informacion_consolidada_2026_6.xlsx,agosto,2026,month,2026-08,Subtotal,302124.4243938403,Subtotal
Chaco,informacion_consolidada_2026_6.xlsx,agosto,2026,month,2026-08,Total | (1) + (2),325477.01707296027,Total | (1) + (2)
Chaco,informacion_consolidada_2026_6.xlsx,agosto,2026,month,2026-08,Total | Recursos | Origen Nacional | (1),315770.9119729603,Total | Recursos | Origen Nacional | (1)
Chaco,informacion_consolidada_2026_6.xlsx,agosto,2026,month,2026-08,Transfer. | De Servicios | Ley | Nº 24.049,2.8,Transfer. | De Servicios | Ley | Nº 24.049
Chaco,informacion_consolidada_2026_6.xlsx,agosto,2026,month,2026-08,Vialidad | Provincial,1149.0693999999999,Vialidad | Provincial
Chaco,informacion_consolidada_2026_6.xlsx,septiembre,2026,month,2026-09,C.F.I. | Neta De | Ley Nº 26.075,272742.868,CFI | Neta
Chaco,informacion_consolidada_2026_6.xlsx,septiembre,2026,month,2026-09,Compensación | Consenso Fiscal | II. a y b; II. d y e | (2),10676.71561,Compensación Consenso Fiscal
Chaco,informacion_consolidada_2026_6.xlsx,septiembre,2026,month,2026-09,F.E.D.E.I.,546.7116487065821,F.E.D.E.I.
Chaco,informacion_consolidada_2026_6.xlsx,septiembre,2026,month,2026-09,F.E.D.E.I.,805.0743012559948,F.E.D.E.I.
Chaco,informacion_consolidada_2026_6.xlsx,septiembre,2026,month,2026-09,Financ. | Educativo | Ley Nº 26.075,37787.464653224364,Financiamiento Educativo
Chaco,informacion_consolidada_2026_6.xlsx,septiembre,2026,month,2026-09,Fondo | Compens. | de | Desequilib.,0.5,Fondo | Compens. | de | Desequilib.
Chaco,informacion_consolidada_2026_6.xlsx,septiembre,2026,month,2026-09,I.V.A. | Ley Nº 23.966 | Art. 5 | Punto 2,1759.9649,I.V.A. | Ley Nº 23.966 | Art. 5 | Punto 2
Chaco,informacion_consolidada_2026_6.xlsx,septiembre,2026,month,2026-09,Impuesto a los Combustibles Líquidos | Ley Nº 23.966 y Nº 24.699 | Obras de | Infraestr.,894.593,Impuesto a los Combustibles Líquidos | Ley Nº 23.966 y Nº 24.699 | Obras de | Infraestr.
Chaco,informacion_consolidada_2026_6.xlsx,septiembre,2026,month,2026-09,Impuesto s/ | Los Activos | Fdo. Educ. | Ley Nº 23.906,0.0,Impuesto s/ | Los Activos | Fdo. Educ. | Ley Nº 23.906
Chaco,informacion_consolidada_2026_6.xlsx,septiembre,2026,month,2026-09,Impuesto sobre los | Bienes Personales | Ley | Nº 24.699,2448.2763999999997,Impuesto sobre los | Bienes Personales | Ley | Nº 24.699
Chaco,informacion_consolidada_2026_6.xlsx,septiembre,2026,month,2026-09,Ley Nº 23.966 | Art. 30,220.26579999999998,Ley Nº 23.966 | Art. 30
Chaco,informacion_consolidada_2026_6.xlsx,septiembre,2026,month,2026-09,Ley Nº 24.464 | FO.NA.VI.,4026.6997,Ley Nº 24.464 | FO.NA.VI.
Chaco,informacion_consolidada_2026_6.xlsx,septiembre,2026,month,2026-09,Reg.Simplif. | P/Peq.Contrib. | Ley Nº 24.977 | Aart. 59 Inc. A,1921.3068999999998,Reg.Simplif. | P/Peq.Contrib. | Ley Nº 24.977 | Aart. 59 Inc. A
Chaco,informacion_consolidada_2026_6.xlsx,septiembre,2026,month,2026-09,Régimen de la Energía Eléctrica | L E Y Nº 2 4 . 0 6 5 | Fdo. P/Comp. | Tarifa Elect.,1134.0662186485106,Régimen de la Energía Eléctrica | L E Y Nº 2 4 . 0 6 5 | Fdo. P/Comp. | Tarifa Elect.
Chaco,informacion_consolidada_2026_6.xlsx,septiembre,2026,month,2026-09,Subtotal,310530.33265322435,Subtotal
Chaco,informacion_consolidada_2026_6.xlsx,septiembre,2026,month,2026-09,Subtotal,310533.13265322434,Subtotal
Chaco,informacion_consolidada_2026_6.xlsx,septiembre,2026,month,2026-09,Total | (1) + (2),336103.81573183544,Total | (1) + (2)
Chaco,informacion_consolidada_2026_6.xlsx,septiembre,2026,month,2026-09,Total | Recursos | Origen Nacional | (1),325427.1001218354,Total | Recursos | Origen Nacional | (1)
Chaco,informacion_consolidada_2026_6.xlsx,septiembre,2026,month,2026-09,Transfer. | De Servicios | Ley | Nº 24.049,2.8,Transfer. | De Servicios | Ley | Nº 24.049
Chaco,informacion_consolidada_2026_6.xlsx,septiembre,2026,month,2026-09,Vialidad | Provincial,1136.5086000000001,Vialidad | Provincial
Chaco,informacion_consolidada_2026_6.xlsx,CONS,2026,consolidated,CONS,C.F.I. | Neta De | Ley Nº 26.075,2199008.7421999997,CFI | Neta
Chaco,informacion_consolidada_2026_6.xlsx,CONS,2026,consolidated,CONS,Compensación | Consenso Fiscal | II. a y b; II. d y e | (2),84000.17266499999,Compensación Consenso Fiscal
Chaco,informacion_consolidada_2026_6.xlsx,CONS,2026,consolidated,CONS,F.E.D.E.I.,2215.7922829178624,F.E.D.E.I.
Chaco,informacion_consolidada_2026_6.xlsx,CONS,2026,consolidated,CONS,F.E.D.E.I.,2949.377374143699,F.E.D.E.I.
Chaco,informacion_consolidada_2026_6.xlsx,CONS,2026,consolidated,CONS,Financ. | Educativo | Ley Nº 26.075,312605.3894,Financiamiento Educativo
Chaco,informacion_consolidada_2026_6.xlsx,CONS,2026,consolidated,CONS,Fondo | Compens. | de | Desequilib.,4.5,Fondo | Compens. | de | Desequilib.
Chaco,informacion_consolidada_2026_6.xlsx,CONS,2026,consolidated,CONS,I.V.A. | Ley Nº 23.966 | Art. 5 | Punto 2,14201.308999999997,I.V.A. | Ley Nº 23.966 | Art. 5 | Punto 2
Chaco,informacion_consolidada_2026_6.xlsx,CONS,2026,consolidated,CONS,Impuesto a los Combustibles Líquidos | Ley Nº 23.966 y Nº 24.699 | Obras de | Infraestr.,7039.683099999999,Impuesto a los Combustibles Líquidos | Ley Nº 23.966 y Nº 24.699 | Obras de | Infraestr.
Chaco,informacion_consolidada_2026_6.xlsx,CONS,2026,consolidated,CONS,Impuesto s/ | Los Activos | Fdo. Educ. | Ley Nº 23.906,0.0229,Impuesto s/ | Los Activos | Fdo. Educ. | Ley Nº 23.906
Chaco,informacion_consolidada_2026_6.xlsx,CONS,2026,consolidated,CONS,Impuesto sobre los | Bienes Personales | Ley | Nº 24.699,63144.605,Impuesto sobre los | Bienes Personales | Ley | Nº 24.699
Chaco,informacion_consolidada_2026_6.xlsx,CONS,2026,consolidated,CONS,Ley Nº 23.966 | Art. 30,5680.974200000001,Ley Nº 23.966 | Art. 30
Chaco,informacion_consolidada_2026_6.xlsx,CONS,2026,consolidated,CONS,Ley Nº 24.464 | FO.NA.VI.,31686.688400000003,Ley Nº 24.464 | FO.NA.VI.
Chaco,informacion_consolidada_2026_6.xlsx,CONS,2026,consolidated,CONS,Reg.Simplif. | P/Peq.Contrib. | Ley Nº 24.977 | Aart. 59 Inc. A,14216.0646,Reg.Simplif. | P/Peq.Contrib. | Ley Nº 24.977 | Aart. 59 Inc. A
Chaco,informacion_consolidada_2026_6.xlsx,CONS,2026,consolidated,CONS,Régimen de la Energía Eléctrica | L E Y Nº 2 4 . 0 6 5 | Fdo. P/Comp. | Tarifa Elect.,4159.3321,Régimen de la Energía Eléctrica | L E Y Nº 2 4 . 0 6 5 | Fdo. P/Comp. | Tarifa Elect.
Chaco,informacion_consolidada_2026_6.xlsx,CONS,2026,consolidated,CONS,Subtotal,2511614.1316,Subtotal
Chaco,informacion_consolidada_2026_6.xlsx,CONS,2026,consolidated,CONS,Subtotal,2511639.3316,Subtotal
Chaco,informacion_consolidada_2026_6.xlsx,CONS,2026,consolidated,CONS,Total | (1) + (2),2749881.2057220624,Total | (1) + (2)
Chaco,informacion_consolidada_2026_6.xlsx,CONS,2026,consolidated,CONS,Total | Recursos | Origen Nacional | (1),2665881.0330570624,Total | Recursos | Origen Nacional | (1)
Chaco,informacion_consolidada_2026_6.xlsx,CONS,2026,consolidated,CONS,Transfer. | De Servicios | Ley | Nº 24.049,25.2,Transfer. | De Servicios | Ley | Nº 24.049
Chaco,informacion_consolidada_2026_6.xlsx,CONS,2026,consolidated,CONS,Vialidad | Provincial,8943.3525,Vialidad | Provincial
Chubut,informacion_consolidada_2026_6.xlsx,enero,2026,month,2026-01,C.F.I. | Neta De | Ley Nº 26.075,74526.4937,CFI | Neta
Chubut,informacion_consolidada_2026_6.xlsx,enero,2026,month,2026-01,Compensación | Consenso Fiscal | II. a y b; II. d y e | (2),1557.23127,Compensación Consenso Fiscal
Chubut,informacion_consolidada_2026_6.xlsx,enero,2026,month,2026-01,F.E.D.E.I.,291.64084339283784,F.E.D.E.I.
Chubut,informacion_consolidada_2026_6.xlsx,enero,2026,month,2026-01,F.E.D.E.I.,276.74694911024477,F.E.D.E.I.
Chubut,informacion_consolidada_2026_6.xlsx,enero,2026,month,2026-01,Financ. | Educativo | Ley Nº 26.075,7659.621213491454,Financiamiento Educativo
Chubut,informacion_consolidada_2026_6.xlsx,enero,2026,month,2026-01,Fondo | Compens. | de | Desequilib.,3.0,Fondo | Compens. | de | Desequilib.
Chubut,informacion_consolidada_2026_6.xlsx,enero,2026,month,2026-01,I.V.A. | Ley Nº 23.966 | Art. 5 | Punto 2,624.9919,I.V.A. | Ley Nº 23.966 | Art. 5 | Punto 2
Chubut,informacion_consolidada_2026_6.xlsx,enero,2026,month,2026-01,Impuesto a los Combustibles Líquidos | Ley Nº 23.966 y Nº 24.699 | Obras de | Infraestr.,141.5178,Impuesto a los Combustibles Líquidos | Ley Nº 23.966 y Nº 24.699 | Obras de | Infraestr.
Chubut,informacion_consolidada_2026_6.xlsx,enero,2026,month,2026-01,Impuesto s/ | Los Activos | Fdo. Educ. | Ley Nº 23.906,0.0,Impuesto s/ | Los Activos | Fdo. Educ. | Ley Nº 23.906
Chubut,informacion_consolidada_2026_6.xlsx,enero,2026,month,2026-01,Impuesto sobre los | Bienes Personales | Ley | Nº 24.699,455.6246,Impuesto sobre los | Bienes Personales | Ley | Nº 24.699
Chubut,informacion_consolidada_2026_6.xlsx,enero,2026,month,2026-01,Ley Nº 23.966 | Art. 30,50.5807,Ley Nº 23.966 | Art. 30
Chubut,informacion_consolidada_2026_6.xlsx,enero,2026,month,2026-01,Ley Nº 24.464 | FO.NA.VI.,1397.7617,Ley Nº 24.464 | FO.NA.VI.
Chubut,informacion_consolidada_2026_6.xlsx,enero,2026,month,2026-01,Reg.Simplif. | P/Peq.Contrib. | Ley Nº 24.977 | Aart. 59 Inc. A,387.3383,Reg.Simplif. | P/Peq.Contrib. | Ley Nº 24.977 | Aart. 59 Inc. A
Chubut,informacion_consolidada_2026_6.xlsx,enero,2026,month,2026-01,Régimen de la Energía Eléctrica | L E Y Nº 2 4 . 0 6 5 | Fdo. P/Comp. | Tarifa Elect.,509.2233852605732,Régimen de la Energía Eléctrica | L E Y Nº 2 4 . 0 6 5 | Fdo. P/Comp. | Tarifa Elect.
Chubut,informacion_consolidada_2026_6.xlsx,enero,2026,month,2026-01,Subtotal,82186.11491349146,Subtotal
Chubut,informacion_consolidada_2026_6.xlsx,enero,2026,month,2026-01,Subtotal,82188.13161349145,Subtotal
Chubut,informacion_consolidada_2026_6.xlsx,enero,2026,month,2026-01,Total | (1) + (2),88378.47286125511,Total | (1) + (2)
Chubut,informacion_consolidada_2026_6.xlsx,enero,2026,month,2026-01,Total | Recursos | Origen Nacional | (1),86821.24159125511,Total | Recursos | Origen Nacional | (1)
Chubut,informacion_consolidada_2026_6.xlsx,enero,2026,month,2026-01,Transfer. | De Servicios | Ley | Nº 24.049,2.0167,Transfer. | De Servicios | Ley | Nº 24.049
Chubut,informacion_consolidada_2026_6.xlsx,enero,2026,month,2026-01,Vialidad | Provincial,494.68379999999996,Vialidad | Provincial
Chubut,informacion_consolidada_2026_6.xlsx,febrero,2026,month,2026-02,C.F.I. | Neta De | Ley Nº 26.075,61074.4345,CFI | Neta
Chubut,informacion_consolidada_2026_6.xlsx,febrero,2026,month,2026-02,Compensación | Consenso Fiscal | II. a y b; II. d y e | (2),1334.76966,Compensación Consenso Fiscal
Chubut,informacion_consolidada_2026_6.xlsx,febrero,2026,month,2026-02,F.E.D.E.I.,0.0,F.E.D.E.I.
Chubut,informacion_consolidada_2026_6.xlsx,febrero,2026,month,2026-02,F.E.D.E.I.,0.0,F.E.D.E.I.
Chubut,informacion_consolidada_2026_6.xlsx,febrero,2026,month,2026-02,Financ. | Educativo | Ley Nº 26.075,14622.91322575642,Financiamiento Educativo
Chubut,informacion_consolidada_2026_6.xlsx,febrero,2026,month,2026-02,Fondo | Compens. | de | Desequilib.,3.0,Fondo | Compens. | de | Desequilib.
Chubut,informacion_consolidada_2026_6.xlsx,febrero,2026,month,2026-02,I.V.A. | Ley Nº 23.966 | Art. 5 | Punto 2,543.8941,I.V.A. | Ley Nº 23.966 | Art. 5 | Punto 2
Chubut,informacion_consolidada_2026_6.xlsx,febrero,2026,month,2026-02,Impuesto a los Combustibles Líquidos | Ley Nº 23.966 y Nº 24.699 | Obras de | Infraestr.,237.8801,Impuesto a los Combustibles Líquidos | Ley Nº 23.966 y Nº 24.699 | Obras de | Infraestr.
Chubut,informacion_consolidada_2026_6.xlsx,febrero,2026,month,2026-02,Impuesto s/ | Los Activos | Fdo. Educ. | Ley Nº 23.906,0.0,Impuesto s/ | Los Activos | Fdo. Educ. | Ley Nº 23.906
Chubut,informacion_consolidada_2026_6.xlsx,febrero,2026,month,2026-02,Impuesto sobre los | Bienes Personales | Ley | Nº 24.699,639.4309000000001,Impuesto sobre los | Bienes Personales | Ley | Nº 24.699
Chubut,informacion_consolidada_2026_6.xlsx,febrero,2026,month,2026-02,Ley Nº 23.966 | Art. 30,70.9857,Ley Nº 23.966 | Art. 30
Chubut,informacion_consolidada_2026_6.xlsx,febrero,2026,month,2026-02,Ley Nº 24.464 | FO.NA.VI.,2349.5257,Ley Nº 24.464 | FO.NA.VI.
Chubut,informacion_consolidada_2026_6.xlsx,febrero,2026,month,2026-02,Reg.Simplif. | P/Peq.Contrib. | Ley Nº 24.977 | Aart. 59 Inc. A,467.69509999999997,Reg.Simplif. | P/Peq.Contrib. | Ley Nº 24.977 | Aart. 59 Inc. A
Chubut,informacion_consolidada_2026_6.xlsx,febrero,2026,month,2026-02,Régimen de la Energía Eléctrica | L E Y Nº 2 4 . 0 6 5 | Fdo. P/Comp. | Tarifa Elect.,0.0,Régimen de la Energía Eléctrica | L E Y Nº 2 4 . 0 6 5 | Fdo. P/Comp. | Tarifa Elect.
Chubut,informacion_consolidada_2026_6.xlsx,febrero,2026,month,2026-02,Subtotal,75697.34772575642,Subtotal
Chubut,informacion_consolidada_2026_6.xlsx,febrero,2026,month,2026-02,Subtotal,75699.36442575642,Subtotal
Chubut,informacion_consolidada_2026_6.xlsx,febrero,2026,month,2026-02,Total | (1) + (2),82178.06968575643,Total | (1) + (2)
Chubut,informacion_consolidada_2026_6.xlsx,febrero,2026,month,2026-02,Total | Recursos | Origen Nacional | (1),80843.30002575643,Total | Recursos | Origen Nacional | (1)
Chubut,informacion_consolidada_2026_6.xlsx,febrero,2026,month,2026-02,Transfer. | De Servicios | Ley | Nº 24.049,2.0167,Transfer. | De Servicios | Ley | Nº 24.049
Chubut,informacion_consolidada_2026_6.xlsx,febrero,2026,month,2026-02,Vialidad | Provincial,831.524,Vialidad | Provincial
Chubut,informacion_consolidada_2026_6.xlsx,marzo,2026,month,2026-03,C.F.I. | Neta De | Ley Nº 26.075,53109.495299999995,CFI | Neta
Chubut,informacion_consolidada_2026_6.xlsx,marzo,2026,month,2026-03,Compensación | Consenso Fiscal | II. a y b; II. d y e | (2),1557.23127,Compensación Consenso Fiscal
Chubut,informacion_consolidada_2026_6.xlsx,marzo,2026,month,2026-03,F.E.D.E.I.,395.5294138072736,F.E.D.E.I.
Chubut,informacion_consolidada_2026_6.xlsx,marzo,2026,month,2026-03,F.E.D.E.I.,558.2243965151843,F.E.D.E.I.
Chubut,informacion_consolidada_2026_6.xlsx,marzo,2026,month,2026-03,Financ. | Educativo | Ley Nº 26.075,16015.571628209442,Financiamiento Educativo
Chubut,informacion_consolidada_2026_6.xlsx,marzo,2026,month,2026-03,Fondo | Compens. | de | Desequilib.,3.0,Fondo | Compens. | de | Desequilib.
Chubut,informacion_consolidada_2026_6.xlsx,marzo,2026,month,2026-03,I.V.A. | Ley Nº 23.966 | Art. 5 | Punto 2,558.1768000000001,I.V.A. | Ley Nº 23.966 | Art. 5 | Punto 2
Chubut,informacion_consolidada_2026_6.xlsx,marzo,2026,month,2026-03,Impuesto a los Combustibles Líquidos | Ley Nº 23.966 y Nº 24.699 | Obras de | Infraestr.,234.9471,Impuesto a los Combustibles Líquidos | Ley Nº 23.966 y Nº 24.699 | Obras de | Infraestr.
Chubut,informacion_consolidada_2026_6.xlsx,marzo,2026,month,2026-03,Impuesto s/ | Los Activos | Fdo. Educ. | Ley Nº 23.906,0.0,Impuesto s/ | Los Activos | Fdo. Educ. | Ley Nº 23.906
Chubut,informacion_consolidada_2026_6.xlsx,marzo,2026,month,2026-03,Impuesto sobre los | Bienes Personales | Ley | Nº 24.699,309.0389,Impuesto sobre los | Bienes Personales | Ley | Nº 24.699
Chubut,informacion_consolidada_2026_6.xlsx,marzo,2026,month,2026-03,Ley Nº 23.966 | Art. 30,34.3076,Ley Nº 23.966 | Art. 30
Chubut,informacion_consolidada_2026_6.xlsx,marzo,2026,month,2026-03,Ley Nº 24.464 | FO.NA.VI.,2320.5564,Ley Nº 24.464 | FO.NA.VI.
Chubut,informacion_consolidada_2026_6.xlsx,marzo,2026,month,2026-03,Reg.Simplif. | P/Peq.Contrib. | Ley Nº 24.977 | Aart. 59 Inc. A,442.3567,Reg.Simplif. | P/Peq.Contrib. | Ley Nº 24.977 | Aart. 59 Inc. A
Chubut,informacion_consolidada_2026_6.xlsx,marzo,2026,month,2026-03,Régimen de la Energía Eléctrica | L E Y Nº 2 4 . 0 6 5 | Fdo. P/Comp. | Tarifa Elect.,1002.4120151907313,Régimen de la Energía Eléctrica | L E Y Nº 2 4 . 0 6 5 | Fdo. P/Comp. | Tarifa Elect.
Chubut,informacion_consolidada_2026_6.xlsx,marzo,2026,month,2026-03,Subtotal,69125.06692820943,Subtotal
Chubut,informacion_consolidada_2026_6.xlsx,marzo,2026,month,2026-03,Subtotal,69127.08362820942,Subtotal
Chubut,informacion_consolidada_2026_6.xlsx,marzo,2026,month,2026-03,Total | (1) + (2),77364.13562372263,Total | (1) + (2)
Chubut,informacion_consolidada_2026_6.xlsx,marzo,2026,month,2026-03,Total | Recursos | Origen Nacional | (1),75806.90435372262,Total | Recursos | Origen Nacional | (1)
Chubut,informacion_consolidada_2026_6.xlsx,marzo,2026,month,2026-03,Transfer. | De Servicios | Ley | Nº 24.049,2.0167,Transfer. | De Servicios | Ley | Nº 24.049
Chubut,informacion_consolidada_2026_6.xlsx,marzo,2026,month,2026-03,Vialidad | Provincial,821.2714,Vialidad | Provincial
Chubut,informacion_consolidada_2026_6.xlsx,abril,2026,month,2026-04,C.F.I. | Neta De | Ley Nº 26.075,60664.8413,CFI | Neta
Chubut,informacion_consolidada_2026_6.xlsx,abril,2026,month,2026-04,Compensación | Consenso Fiscal | II. a y b; II. d y e | (2),1729.27702,Compensación Consenso Fiscal
Chubut,informacion_consolidada_2026_6.xlsx,abril,2026,month,2026-04,F.E.D.E.I.,0.0,F.E.D.E.I.
Chubut,informacion_consolidada_2026_6.xlsx,abril,2026,month,2026-04,F.E.D.E.I.,0.0,F.E.D.E.I.
Chubut,informacion_consolidada_2026_6.xlsx,abril,2026,month,2026-04,Financ. | Educativo | Ley Nº 26.075,16711.90082943586,Financiamiento Educativo
Chubut,informacion_consolidada_2026_6.xlsx,abril,2026,month,2026-04,Fondo | Compens. | de | Desequilib.,3.0,Fondo | Compens. | de | Desequilib.
Chubut,informacion_consolidada_2026_6.xlsx,abril,2026,month,2026-04,I.V.A. | Ley Nº 23.966 | Art. 5 | Punto 2,601.0643,I.V.A. | Ley Nº 23.966 | Art. 5 | Punto 2
Chubut,informacion_consolidada_2026_6.xlsx,abril,2026,month,2026-04,Impuesto a los Combustibles Líquidos | Ley Nº 23.966 y Nº 24.699 | Obras de | Infraestr.,255.8423,Impuesto a los Combustibles Líquidos | Ley Nº 23.966 y Nº 24.699 | Obras de | Infraestr.
Chubut,informacion_consolidada_2026_6.xlsx,abril,2026,month,2026-04,Impuesto s/ | Los Activos | Fdo. Educ. | Ley Nº 23.906,0.0,Impuesto s/ | Los Activos | Fdo. Educ. | Ley Nº 23.906
Chubut,informacion_consolidada_2026_6.xlsx,abril,2026,month,2026-04,Impuesto sobre los | Bienes Personales | Ley | Nº 24.699,533.4388,Impuesto sobre los | Bienes Personales | Ley | Nº 24.699
Chubut,informacion_consolidada_2026_6.xlsx,abril,2026,month,2026-04,Ley Nº 23.966 | Art. 30,59.2191,Ley Nº 23.966 | Art. 30
Chubut,informacion_consolidada_2026_6.xlsx,abril,2026,month,2026-04,Ley Nº 24.464 | FO.NA.VI.,2526.9367,Ley Nº 24.464 | FO.NA.VI.
Chubut,informacion_consolidada_2026_6.xlsx,abril,2026,month,2026-04,Reg.Simplif. | P/Peq.Contrib. | Ley Nº 24.977 | Aart. 59 Inc. A,506.61409999999995,Reg.Simplif. | P/Peq.Contrib. | Ley Nº 24.977 | Aart. 59 Inc. A
Chubut,informacion_consolidada_2026_6.xlsx,abril,2026,month,2026-04,Régimen de la Energía Eléctrica | L E Y Nº 2 4 . 0 6 5 | Fdo. P/Comp. | Tarifa Elect.,0.0,Régimen de la Energía Eléctrica | L E Y Nº 2 4 . 0 6 5 | Fdo. P/Comp. | Tarifa Elect.
Chubut,informacion_consolidada_2026_6.xlsx,abril,2026,month,2026-04,Subtotal,77376.74212943586,Subtotal
Chubut,informacion_consolidada_2026_6.xlsx,abril,2026,month,2026-04,Subtotal,77378.75882943586,Subtotal
Chubut,informacion_consolidada_2026_6.xlsx,abril,2026,month,2026-04,Total | (1) + (2),84488.46284943588,Total | (1) + (2)
Chubut,informacion_consolidada_2026_6.xlsx,abril,2026,month,2026-04,Total | Recursos | Origen Nacional | (1),82759.18582943588,Total | Recursos | Origen Nacional | (1)
Chubut,informacion_consolidada_2026_6.xlsx,abril,2026,month,2026-04,Transfer. | De Servicios | Ley | Nº 24.049,2.0167,Transfer. | De Servicios | Ley | Nº 24.049
Chubut,informacion_consolidada_2026_6.xlsx,abril,2026,month,2026-04,Vialidad | Provincial,894.3117,Vialidad | Provincial
Chubut,informacion_consolidada_2026_6.xlsx,mayo,2026,month,2026-05,C.F.I. | Neta De | Ley Nº 26.075,101439.8549,CFI | Neta
Chubut,informacion_consolidada_2026_6.xlsx,mayo,2026,month,2026-05,Compensación | Consenso Fiscal | II. a y b; II. d y e | (2),1642.813169,Compensación Consenso Fiscal
Chubut,informacion_consolidada_2026_6.xlsx,mayo,2026,month,2026-05,F.E.D.E.I.,244.9957075755605,F.E.D.E.I.
Chubut,informacion_consolidada_2026_6.xlsx,mayo,2026,month,2026-05,F.E.D.E.I.,303.31690994219304,F.E.D.E.I.
Chubut,informacion_consolidada_2026_6.xlsx,mayo,2026,month,2026-05,Financ. | Educativo | Ley Nº 26.075,13230.254823303383,Financiamiento Educativo
Chubut,informacion_consolidada_2026_6.xlsx,mayo,2026,month,2026-05,Fondo | Compens. | de | Desequilib.,3.0,Fondo | Compens. | de | Desequilib.
Chubut,informacion_consolidada_2026_6.xlsx,mayo,2026,month,2026-05,I.V.A. | Ley Nº 23.966 | Art. 5 | Punto 2,531.5855,I.V.A. | Ley Nº 23.966 | Art. 5 | Punto 2
Chubut,informacion_consolidada_2026_6.xlsx,mayo,2026,month,2026-05,Impuesto a los Combustibles Líquidos | Ley Nº 23.966 y Nº 24.699 | Obras de | Infraestr.,235.72529999999998,Impuesto a los Combustibles Líquidos | Ley Nº 23.966 y Nº 24.699 | Obras de | Infraestr.
Chubut,informacion_consolidada_2026_6.xlsx,mayo,2026,month,2026-05,Impuesto s/ | Los Activos | Fdo. Educ. | Ley Nº 23.906,0.0,Impuesto s/ | Los Activos | Fdo. Educ. | Ley Nº 23.906
Chubut,informacion_consolidada_2026_6.xlsx,mayo,2026,month,2026-05,Impuesto sobre los | Bienes Personales | Ley | Nº 24.699,588.0158,Impuesto sobre los | Bienes Personales | Ley | Nº 24.699
Chubut,informacion_consolidada_2026_6.xlsx,mayo,2026,month,2026-05,Ley Nº 23.966 | Art. 30,65.2779,Ley Nº 23.966 | Art. 30
Chubut,informacion_consolidada_2026_6.xlsx,mayo,2026,month,2026-05,Ley Nº 24.464 | FO.NA.VI.,2328.2427000000002,Ley Nº 24.464 | FO.NA.VI.
Chubut,informacion_consolidada_2026_6.xlsx,mayo,2026,month,2026-05,Reg.Simplif. | P/Peq.Contrib. | Ley Nº 24.977 | Aart. 59 Inc. A,496.0718,Reg.Simplif. | P/Peq.Contrib. | Ley Nº 24.977 | Aart. 59 Inc. A
Chubut,informacion_consolidada_2026_6.xlsx,mayo,2026,month,2026-05,Régimen de la Energía Eléctrica | L E Y Nº 2 4 . 0 6 5 | Fdo. P/Comp. | Tarifa Elect.,554.9412400208646,Régimen de la Energía Eléctrica | L E Y Nº 2 4 . 0 6 5 | Fdo. P/Comp. | Tarifa Elect.
Chubut,informacion_consolidada_2026_6.xlsx,mayo,2026,month,2026-05,Subtotal,114670.1097233034,Subtotal
Chubut,informacion_consolidada_2026_6.xlsx,mayo,2026,month,2026-05,Subtotal,114672.12642330339,Subtotal
Chubut,informacion_consolidada_2026_6.xlsx,mayo,2026,month,2026-05,Total | (1) + (2),122490.10404984202,Total | (1) + (2)
Chubut,informacion_consolidada_2026_6.xlsx,mayo,2026,month,2026-05,Total | Recursos | Origen Nacional | (1),120847.29088084202,Total | Recursos | Origen Nacional | (1)
Chubut,informacion_consolidada_2026_6.xlsx,mayo,2026,month,2026-05,Transfer. | De Servicios | Ley | Nº 24.049,2.0167,Transfer. | De Servicios | Ley | Nº 24.049
Chubut,informacion_consolidada_2026_6.xlsx,mayo,2026,month,2026-05,Vialidad | Provincial,823.9916,Vialidad | Provincial
Chubut,informacion_consolidada_2026_6.xlsx,junio,2026,month,2026-06,C.F.I. | Neta De | Ley Nº 26.075,67259.6453,CFI | Neta
Chubut,informacion_consolidada_2026_6.xlsx,junio,2026,month,2026-06,Compensación | Consenso Fiscal | II. a y b; II. d y e | (2),1815.740871,Compensación Consenso Fiscal
Chubut,informacion_consolidada_2026_6.xlsx,junio,2026,month,2026-06,F.E.D.E.I.,512.6318512226203,F.E.D.E.I.
Chubut,informacion_consolidada_2026_6.xlsx,junio,2026,month,2026-06,F.E.D.E.I.,736.0597772134358,F.E.D.E.I.
Chubut,informacion_consolidada_2026_6.xlsx,junio,2026,month,2026-06,Financ. | Educativo | Ley Nº 26.075,14622.913225756447,Financiamiento Educativo
Chubut,informacion_consolidada_2026_6.xlsx,junio,2026,month,2026-06,Fondo | Compens. | de | Desequilib.,3.0,Fondo | Compens. | de | Desequilib.
Chubut,informacion_consolidada_2026_6.xlsx,junio,2026,month,2026-06,I.V.A. | Ley Nº 23.966 | Art. 5 | Punto 2,654.1391,I.V.A. | Ley Nº 23.966 | Art. 5 | Punto 2
Chubut,informacion_consolidada_2026_6.xlsx,junio,2026,month,2026-06,Impuesto a los Combustibles Líquidos | Ley Nº 23.966 y Nº 24.699 | Obras de | Infraestr.,292.4284,Impuesto a los Combustibles Líquidos | Ley Nº 23.966 y Nº 24.699 | Obras de | Infraestr.
Chubut,informacion_consolidada_2026_6.xlsx,junio,2026,month,2026-06,Impuesto s/ | Los Activos | Fdo. Educ. | Ley Nº 23.906,0.0,Impuesto s/ | Los Activos | Fdo. Educ. | Ley Nº 23.906
Chubut,informacion_consolidada_2026_6.xlsx,junio,2026,month,2026-06,Impuesto sobre los | Bienes Personales | Ley | Nº 24.699,14139.454099999999,Impuesto sobre los | Bienes Personales | Ley | Nº 24.699
Chubut,informacion_consolidada_2026_6.xlsx,junio,2026,month,2026-06,Ley Nº 23.966 | Art. 30,1569.6756,Ley Nº 23.966 | Art. 30
Chubut,informacion_consolidada_2026_6.xlsx,junio,2026,month,2026-06,Ley Nº 24.464 | FO.NA.VI.,2888.2955,Ley Nº 24.464 | FO.NA.VI.
Chubut,informacion_consolidada_2026_6.xlsx,junio,2026,month,2026-06,Reg.Simplif. | P/Peq.Contrib. | Ley Nº 24.977 | Aart. 59 Inc. A,505.56329999999997,Reg.Simplif. | P/Peq.Contrib. | Ley Nº 24.977 | Aart. 59 Inc. A
Chubut,informacion_consolidada_2026_6.xlsx,junio,2026,month,2026-06,Régimen de la Energía Eléctrica | L E Y Nº 2 4 . 0 6 5 | Fdo. P/Comp. | Tarifa Elect.,1425.833012774768,Régimen de la Energía Eléctrica | L E Y Nº 2 4 . 0 6 5 | Fdo. P/Comp. | Tarifa Elect.
Chubut,informacion_consolidada_2026_6.xlsx,junio,2026,month,2026-06,Subtotal,81882.55852575645,Subtotal
Chubut,informacion_consolidada_2026_6.xlsx,junio,2026,month,2026-06,Subtotal,81884.57522575645,Subtotal
Chubut,informacion_consolidada_2026_6.xlsx,junio,2026,month,2026-06,Total | (1) + (2),107449.59753796726,Total | (1) + (2)
Chubut,informacion_consolidada_2026_6.xlsx,junio,2026,month,2026-06,Total | Recursos | Origen Nacional | (1),105633.85666696726,Total | Recursos | Origen Nacional | (1)
Chubut,informacion_consolidada_2026_6.xlsx,junio,2026,month,2026-06,Transfer. | De Servicios | Ley | Nº 24.049,2.0167,Transfer. | De Servicios | Ley | Nº 24.049
Chubut,informacion_consolidada_2026_6.xlsx,junio,2026,month,2026-06,Vialidad | Provincial,1022.2008000000001,Vialidad | Provincial
Chubut,informacion_consolidada_2026_6.xlsx,julio,2026,month,2026-07,C.F.I. | Neta De | Ley Nº 26.075,86449.05840000001,CFI | Neta
Chubut,informacion_consolidada_2026_6.xlsx,julio,2026,month,2026-07,Compensación | Consenso Fiscal | II. a y b; II. d y e | (2),1996.6080749999999,Compensación Consenso Fiscal
Chubut,informacion_consolidada_2026_6.xlsx,julio,2026,month,2026-07,F.E.D.E.I.,305.2047936767707,F.E.D.E.I.
Chubut,informacion_consolidada_2026_6.xlsx,julio,2026,month,2026-07,F.E.D.E.I.,373.9172077200205,F.E.D.E.I.
Chubut,informacion_consolidada_2026_6.xlsx,julio,2026,month,2026-07,Financ. | Educativo | Ley Nº 26.075,14622.913225756532,Financiamiento Educativo
Chubut,informacion_consolidada_2026_6.xlsx,julio,2026,month,2026-07,Fondo | Compens. | de | Desequilib.,3.0,Fondo | Compens. | de | Desequilib.
Chubut,informacion_consolidada_2026_6.xlsx,julio,2026,month,2026-07,I.V.A. | Ley Nº 23.966 | Art. 5 | Punto 2,686.0469,I.V.A. | Ley Nº 23.966 | Art. 5 | Punto 2
Chubut,informacion_consolidada_2026_6.xlsx,julio,2026,month,2026-07,Impuesto a los Combustibles Líquidos | Ley Nº 23.966 y Nº 24.699 | Obras de | Infraestr.,263.0646,Impuesto a los Combustibles Líquidos | Ley Nº 23.966 y Nº 24.699 | Obras de | Infraestr.
Chubut,informacion_consolidada_2026_6.xlsx,julio,2026,month,2026-07,Impuesto s/ | Los Activos | Fdo. Educ. | Ley Nº 23.906,0.0,Impuesto s/ | Los Activos | Fdo. Educ. | Ley Nº 23.906
Chubut,informacion_consolidada_2026_6.xlsx,julio,2026,month,2026-07,Impuesto sobre los | Bienes Personales | Ley | Nº 24.699,1427.0601000000001,Impuesto sobre los | Bienes Personales | Ley | Nº 24.699
Chubut,informacion_consolidada_2026_6.xlsx,julio,2026,month,2026-07,Ley Nº 23.966 | Art. 30,158.4235,Ley Nº 23.966 | Art. 30
Chubut,informacion_consolidada_2026_6.xlsx,julio,2026,month,2026-07,Ley Nº 24.464 | FO.NA.VI.,2598.2714,Ley Nº 24.464 | FO.NA.VI.
Chubut,informacion_consolidada_2026_6.xlsx,julio,2026,month,2026-07,Reg.Simplif. | P/Peq.Contrib. | Ley Nº 24.977 | Aart. 59 Inc. A,501.5795,Reg.Simplif. | P/Peq.Contrib. | Ley Nº 24.977 | Aart. 59 Inc. A
Chubut,informacion_consolidada_2026_6.xlsx,julio,2026,month,2026-07,Régimen de la Energía Eléctrica | L E Y Nº 2 4 . 0 6 5 | Fdo. P/Comp. | Tarifa Elect.,710.8996081796915,Régimen de la Energía Eléctrica | L E Y Nº 2 4 . 0 6 5 | Fdo. P/Comp. | Tarifa Elect.
Chubut,informacion_consolidada_2026_6.xlsx,julio,2026,month,2026-07,Subtotal,101071.97162575655,Subtotal
Chubut,informacion_consolidada_2026_6.xlsx,julio,2026,month,2026-07,Subtotal,101073.98832575654,Subtotal
Chubut,informacion_consolidada_2026_6.xlsx,julio,2026,month,2026-07,Total | (1) + (2),111017.62191033304,Total | (1) + (2)
Chubut,informacion_consolidada_2026_6.xlsx,julio,2026,month,2026-07,Total | Recursos | Origen Nacional | (1),109021.01383533304,Total | Recursos | Origen Nacional | (1)
Chubut,informacion_consolidada_2026_6.xlsx,julio,2026,month,2026-07,Transfer. | De Servicios | Ley | Nº 24.049,2.0167,Transfer. | De Servicios | Ley | Nº 24.049
Chubut,informacion_consolidada_2026_6.xlsx,julio,2026,month,2026-07,Vialidad | Provincial,919.5579,Vialidad | Provincial
Chubut,informacion_consolidada_2026_6.xlsx,agosto,2026,month,2026-08,C.F.I. | Neta De | Ley Nº 26.075,81852.1602,CFI | Neta
Chubut,informacion_consolidada_2026_6.xlsx,agosto,2026,month,2026-08,Compensación | Consenso Fiscal | II. a y b; II. d y e | (2),1901.5315,Compensación Consenso Fiscal
Chubut,informacion_consolidada_2026_6.xlsx,agosto,2026,month,2026-08,F.E.D.E.I.,0.0,F.E.D.E.I.
Chubut,informacion_consolidada_2026_6.xlsx,agosto,2026,month,2026-08,F.E.D.E.I.,0.0,F.E.D.E.I.
Chubut,informacion_consolidada_2026_6.xlsx,agosto,2026,month,2026-08,Financ. | Educativo | Ley Nº 26.075,13926.58402453003,Financiamiento Educativo
Chubut,informacion_consolidada_2026_6.xlsx,agosto,2026,month,2026-08,Fondo | Compens. | de | Desequilib.,3.0,Fondo | Compens. | de | Desequilib.
Chubut,informacion_consolidada_2026_6.xlsx,agosto,2026,month,2026-08,I.V.A. | Ley Nº 23.966 | Art. 5 | Punto 2,666.922,I.V.A. | Ley Nº 23.966 | Art. 5 | Punto 2
Chubut,informacion_consolidada_2026_6.xlsx,agosto,2026,month,2026-08,Impuesto a los Combustibles Líquidos | Ley Nº 23.966 y Nº 24.699 | Obras de | Infraestr.,286.743,Impuesto a los Combustibles Líquidos | Ley Nº 23.966 y Nº 24.699 | Obras de | Infraestr.
Chubut,informacion_consolidada_2026_6.xlsx,agosto,2026,month,2026-08,Impuesto s/ | Los Activos | Fdo. Educ. | Ley Nº 23.906,0.01056182,Impuesto s/ | Los Activos | Fdo. Educ. | Ley Nº 23.906
Chubut,informacion_consolidada_2026_6.xlsx,agosto,2026,month,2026-08,Impuesto sobre los | Bienes Personales | Ley | Nº 24.699,1149.9163,Impuesto sobre los | Bienes Personales | Ley | Nº 24.699
Chubut,informacion_consolidada_2026_6.xlsx,agosto,2026,month,2026-08,Ley Nº 23.966 | Art. 30,127.6567,Ley Nº 23.966 | Art. 30
Chubut,informacion_consolidada_2026_6.xlsx,agosto,2026,month,2026-08,Ley Nº 24.464 | FO.NA.VI.,2832.1412,Ley Nº 24.464 | FO.NA.VI.
Chubut,informacion_consolidada_2026_6.xlsx,agosto,2026,month,2026-08,Reg.Simplif. | P/Peq.Contrib. | Ley Nº 24.977 | Aart. 59 Inc. A,590.5298,Reg.Simplif. | P/Peq.Contrib. | Ley Nº 24.977 | Aart. 59 Inc. A
Chubut,informacion_consolidada_2026_6.xlsx,agosto,2026,month,2026-08,Régimen de la Energía Eléctrica | L E Y Nº 2 4 . 0 6 5 | Fdo. P/Comp. | Tarifa Elect.,0.0,Régimen de la Energía Eléctrica | L E Y Nº 2 4 . 0 6 5 | Fdo. P/Comp. | Tarifa Elect.
Chubut,informacion_consolidada_2026_6.xlsx,agosto,2026,month,2026-08,Subtotal,95778.74422453003,Subtotal
Chubut,informacion_consolidada_2026_6.xlsx,agosto,2026,month,2026-08,Subtotal,95780.76092453003,Subtotal
Chubut,informacion_consolidada_2026_6.xlsx,agosto,2026,month,2026-08,Total | (1) + (2),104341.53908635004,Total | (1) + (2)
Chubut,informacion_consolidada_2026_6.xlsx,agosto,2026,month,2026-08,Total | Recursos | Origen Nacional | (1),102440.00758635004,Total | Recursos | Origen Nacional | (1)
Chubut,informacion_consolidada_2026_6.xlsx,agosto,2026,month,2026-08,Transfer. | De Servicios | Ley | Nº 24.049,2.0167,Transfer. | De Servicios | Ley | Nº 24.049
Chubut,informacion_consolidada_2026_6.xlsx,agosto,2026,month,2026-08,Vialidad | Provincial,1002.3271,Vialidad | Provincial
Chubut,informacion_consolidada_2026_6.xlsx,septiembre,2026,month,2026-09,C.F.I. | Neta De | Ley Nº 26.075,83125.2346,CFI | Neta
Chubut,informacion_consolidada_2026_6.xlsx,septiembre,2026,month,2026-09,Compensación | Consenso Fiscal | II. a y b; II. d y e | (2),2091.6846499999997,Compensación Consenso Fiscal
Chubut,informacion_consolidada_2026_6.xlsx,septiembre,2026,month,2026-09,F.E.D.E.I.,573.2178496152522,F.E.D.E.I.
Chubut,informacion_consolidada_2026_6.xlsx,septiembre,2026,month,2026-09,F.E.D.E.I.,844.1066892074099,F.E.D.E.I.
Chubut,informacion_consolidada_2026_6.xlsx,septiembre,2026,month,2026-09,Financ. | Educativo | Ley Nº 26.075,15319.242426983032,Financiamiento Educativo
Chubut,informacion_consolidada_2026_6.xlsx,septiembre,2026,month,2026-09,Fondo | Compens. | de | Desequilib.,3.0,Fondo | Compens. | de | Desequilib.
Chubut,informacion_consolidada_2026_6.xlsx,septiembre,2026,month,2026-09,I.V.A. | Ley Nº 23.966 | Art. 5 | Punto 2,688.4653000000001,I.V.A. | Ley Nº 23.966 | Art. 5 | Punto 2
Chubut,informacion_consolidada_2026_6.xlsx,septiembre,2026,month,2026-09,Impuesto a los Combustibles Líquidos | Ley Nº 23.966 y Nº 24.699 | Obras de | Infraestr.,283.60859999999997,Impuesto a los Combustibles Líquidos | Ley Nº 23.966 y Nº 24.699 | Obras de | Infraestr.
Chubut,informacion_consolidada_2026_6.xlsx,septiembre,2026,month,2026-09,Impuesto s/ | Los Activos | Fdo. Educ. | Ley Nº 23.906,0.0,Impuesto s/ | Los Activos | Fdo. Educ. | Ley Nº 23.906
Chubut,informacion_consolidada_2026_6.xlsx,septiembre,2026,month,2026-09,Impuesto sobre los | Bienes Personales | Ley | Nº 24.699,776.1538,Impuesto sobre los | Bienes Personales | Ley | Nº 24.699
Chubut,informacion_consolidada_2026_6.xlsx,septiembre,2026,month,2026-09,Ley Nº 23.966 | Art. 30,86.16380000000001,Ley Nº 23.966 | Art. 30
Chubut,informacion_consolidada_2026_6.xlsx,septiembre,2026,month,2026-09,Ley Nº 24.464 | FO.NA.VI.,2801.1823999999997,Ley Nº 24.464 | FO.NA.VI.
Chubut,informacion_consolidada_2026_6.xlsx,septiembre,2026,month,2026-09,Reg.Simplif. | P/Peq.Contrib. | Ley Nº 24.977 | Aart. 59 Inc. A,609.1028,Reg.Simplif. | P/Peq.Contrib. | Ley Nº 24.977 | Aart. 59 Inc. A
Chubut,informacion_consolidada_2026_6.xlsx,septiembre,2026,month,2026-09,Régimen de la Energía Eléctrica | L E Y Nº 2 4 . 0 6 5 | Fdo. P/Comp. | Tarifa Elect.,1721.0013681154298,Régimen de la Energía Eléctrica | L E Y Nº 2 4 . 0 6 5 | Fdo. P/Comp. | Tarifa Elect.
Chubut,informacion_consolidada_2026_6.xlsx,septiembre,2026,month,2026-09,Subtotal,98444.47702698303,Subtotal
Chubut,informacion_consolidada_2026_6.xlsx,septiembre,2026,month,2026-09,Subtotal,98446.49372698303,Subtotal
Chubut,informacion_consolidada_2026_6.xlsx,septiembre,2026,month,2026-09,Total | (1) + (2),109915.5513839211,Total | (1) + (2)
Chubut,informacion_consolidada_2026_6.xlsx,septiembre,2026,month,2026-09,Total | Recursos | Origen Nacional | (1),107823.86673392111,Total | Recursos | Origen Nacional | (1)
Chubut,informacion_consolidada_2026_6.xlsx,septiembre,2026,month,2026-09,Transfer. | De Servicios | Ley | Nº 24.049,2.0167,Transfer. | De Servicios | Ley | Nº 24.049
Chubut,informacion_consolidada_2026_6.xlsx,septiembre,2026,month,2026-09,Vialidad | Provincial,991.3704,Vialidad | Provincial
Chubut,informacion_consolidada_2026_6.xlsx,CONS,2026,consolidated,CONS,C.F.I. | Neta De | Ley Nº 26.075,669501.2182000001,CFI | Neta
Chubut,informacion_consolidada_2026_6.xlsx,CONS,2026,consolidated,CONS,Compensación | Consenso Fiscal | II. a y b; II. d y e | (2),15626.887484999997,Compensación Consenso Fiscal
Chubut,informacion_consolidada_2026_6.xlsx,CONS,2026,consolidated,CONS,F.E.D.E.I.,2323.2204592903154,F.E.D.E.I.
Chubut,informacion_consolidada_2026_6.xlsx,CONS,2026,consolidated,CONS,F.E.D.E.I.,3092.371929708488,F.E.D.E.I.
Chubut,informacion_consolidada_2026_6.xlsx,CONS,2026,consolidated,CONS,Financ. | Educativo | Ley Nº 26.075,126731.91440000001,Financiamiento Educativo
Chubut,informacion_consolidada_2026_6.xlsx,CONS,2026,consolidated,CONS,Fondo | Compens. | de | Desequilib.,27.0,Fondo | Compens. | de | Desequilib.
Chubut,informacion_consolidada_2026_6.xlsx,CONS,2026,consolidated,CONS,I.V.A. | Ley Nº 23.966 | Art. 5 | Punto 2,5555.285900000001,I.V.A. | Ley Nº 23.966 | Art. 5 | Punto 2
Chubut,informacion_consolidada_2026_6.xlsx,CONS,2026,consolidated,CONS,Impuesto a los Combustibles Líquidos | Ley Nº 23.966 y Nº 24.699 | Obras de | Infraestr.,2231.7572,Impuesto a los Combustibles Líquidos | Ley Nº 23.966 y Nº 24.699 | Obras de | Infraestr.
Chubut,informacion_consolidada_2026_6.xlsx,CONS,2026,consolidated,CONS,Impuesto s/ | Los Activos | Fdo. Educ. | Ley Nº 23.906,0.0106,Impuesto s/ | Los Activos | Fdo. Educ. | Ley Nº 23.906
Chubut,informacion_consolidada_2026_6.xlsx,CONS,2026,consolidated,CONS,Impuesto sobre los | Bienes Personales | Ley | Nº 24.699,20018.1333,Impuesto sobre los | Bienes Personales | Ley | Nº 24.699
Chubut,informacion_consolidada_2026_6.xlsx,CONS,2026,consolidated,CONS,Ley Nº 23.966 | Art. 30,2222.2906000000003,Ley Nº 23.966 | Art. 30
Chubut,informacion_consolidada_2026_6.xlsx,CONS,2026,consolidated,CONS,Ley Nº 24.464 | FO.NA.VI.,22042.9137,Ley Nº 24.464 | FO.NA.VI.
Chubut,informacion_consolidada_2026_6.xlsx,CONS,2026,consolidated,CONS,Reg.Simplif. | P/Peq.Contrib. | Ley Nº 24.977 | Aart. 59 Inc. A,4506.8514,Reg.Simplif. | P/Peq.Contrib. | Ley Nº 24.977 | Aart. 59 Inc. A
Chubut,informacion_consolidada_2026_6.xlsx,CONS,2026,consolidated,CONS,Régimen de la Energía Eléctrica | L E Y Nº 2 4 . 0 6 5 | Fdo. P/Comp. | Tarifa Elect.,5924.3106,Régimen de la Energía Eléctrica | L E Y Nº 2 4 . 0 6 5 | Fdo. P/Comp. | Tarifa Elect.
Chubut,informacion_consolidada_2026_6.xlsx,CONS,2026,consolidated,CONS,Subtotal,796233.1326000001,Subtotal
Chubut,informacion_consolidada_2026_6.xlsx,CONS,2026,consolidated,CONS,Subtotal,796251.2829000001,Subtotal
Chubut,informacion_consolidada_2026_6.xlsx,CONS,2026,consolidated,CONS,Total | (1) + (2),887623.5547739989,Total | (1) + (2)
Chubut,informacion_consolidada_2026_6.xlsx,CONS,2026,consolidated,CONS,Total | Recursos | Origen Nacional | (1),871996.667288999,Total | Recursos | Origen Nacional | (1)
Chubut,informacion_consolidada_2026_6.xlsx,CONS,2026,consolidated,CONS,Transfer. | De Servicios | Ley | Nº 24.049,18.1503,Transfer. | De Servicios | Ley | Nº 24.049
Chubut,informacion_consolidada_2026_6.xlsx,CONS,2026,consolidated,CONS,Vialidad | Provincial,7801.238700000001,Vialidad | Provincial
Corrientes,informacion_consolidada_2026_6.xlsx,enero,2026,month,2026-01,C.F.I. | Neta De | Ley Nº 26.075,176740.2409,CFI | Neta
Corrientes,informacion_consolidada_2026_6.xlsx,enero,2026,month,2026-01,Compensación | Consenso Fiscal | II. a y b; II. d y e | (2),6724.6844280000005,Compensación Consenso Fiscal
Corrientes,informacion_consolidada_2026_6.xlsx,enero,2026,month,2026-01,F.E.D.E.I.,261.8949188292218,F.E.D.E.I.
Corrientes,informacion_consolidada_2026_6.xlsx,enero,2026,month,2026-01,F.E.D.E.I.,248.52012816197575,F.E.D.E.I.
Corrientes,informacion_consolidada_2026_6.xlsx,enero,2026,month,2026-01,Financ. | Educativo | Ley Nº 26.075,16442.653538294995,Financiamiento Educativo
Corrientes,informacion_consolidada_2026_6.xlsx,enero,2026,month,2026-01,Fondo | Compens. | de | Desequilib.,1.5,Fondo | Compens. | de | Desequilib.
Corrientes,informacion_consolidada_2026_6.xlsx,enero,2026,month,2026-01,I.V.A. | Ley Nº 23.966 | Art. 5 | Punto 2,2032.2633999999998,I.V.A. | Ley Nº 23.966 | Art. 5 | Punto 2
Corrientes,informacion_consolidada_2026_6.xlsx,enero,2026,month,2026-01,Impuesto a los Combustibles Líquidos | Ley Nº 23.966 y Nº 24.699 | Obras de | Infraestr.,332.63779999999997,Impuesto a los Combustibles Líquidos | Ley Nº 23.966 y Nº 24.699 | Obras de | Infraestr.
Corrientes,informacion_consolidada_2026_6.xlsx,enero,2026,month,2026-01,Impuesto s/ | Los Activos | Fdo. Educ. | Ley Nº 23.906,0.0,Impuesto s/ | Los Activos | Fdo. Educ. | Ley Nº 23.906
Corrientes,informacion_consolidada_2026_6.xlsx,enero,2026,month,2026-01,Impuesto sobre los | Bienes Personales | Ley | Nº 24.699,1070.9703,Impuesto sobre los | Bienes Personales | Ley | Nº 24.699
Corrientes,informacion_consolidada_2026_6.xlsx,enero,2026,month,2026-01,Ley Nº 23.966 | Art. 30,164.47129999999999,Ley Nº 23.966 | Art. 30
Corrientes,informacion_consolidada_2026_6.xlsx,enero,2026,month,2026-01,Ley Nº 24.464 | FO.NA.VI.,2162.1626,Ley Nº 24.464 | FO.NA.VI.
Corrientes,informacion_consolidada_2026_6.xlsx,enero,2026,month,2026-01,Reg.Simplif. | P/Peq.Contrib. | Ley Nº 24.977 | Aart. 59 Inc. A,910.4394,Reg.Simplif. | P/Peq.Contrib. | Ley Nº 24.977 | Aart. 59 Inc. A
Corrientes,informacion_consolidada_2026_6.xlsx,enero,2026,month,2026-01,Régimen de la Energía Eléctrica | L E Y Nº 2 4 . 0 6 5 | Fdo. P/Comp. | Tarifa Elect.,357.5659751160392,Régimen de la Energía Eléctrica | L E Y Nº 2 4 . 0 6 5 | Fdo. P/Comp. | Tarifa Elect.
Corrientes,informacion_consolidada_2026_6.xlsx,enero,2026,month,2026-01,Subtotal,193182.89443829498,Subtotal
Corrientes,informacion_consolidada_2026_6.xlsx,enero,2026,month,2026-01,Subtotal,193186.11113829497,Subtotal
Corrientes,informacion_consolidada_2026_6.xlsx,enero,2026,month,2026-01,Total | (1) + (2),208013.47558840222,Total | (1) + (2)
Corrientes,informacion_consolidada_2026_6.xlsx,enero,2026,month,2026-01,Total | Recursos | Origen Nacional | (1),201288.7911604022,Total | Recursos | Origen Nacional | (1)
Corrientes,informacion_consolidada_2026_6.xlsx,enero,2026,month,2026-01,Transfer. | De Servicios | Ley | Nº 24.049,3.2167,Transfer. | De Servicios | Ley | Nº 24.049
Corrientes,informacion_consolidada_2026_6.xlsx,enero,2026,month,2026-01,Vialidad | Provincial,560.2542,Vialidad | Provincial
Corrientes,informacion_consolidada_2026_6.xlsx,febrero,2026,month,2026-02,C.F.I. | Neta De | Ley Nº 26.075,146540.17669999998,CFI | Neta
Corrientes,informacion_consolidada_2026_6.xlsx,febrero,2026,month,2026-02,Compensación | Consenso Fiscal | II. a y b; II. d y e | (2),5764.015224000001,Compensación Consenso Fiscal
Corrientes,informacion_consolidada_2026_6.xlsx,febrero,2026,month,2026-02,F.E.D.E.I.,0.0,F.E.D.E.I.
Corrientes,informacion_consolidada_2026_6.xlsx,febrero,2026,month,2026-02,F.E.D.E.I.,0.0,F.E.D.E.I.
Corrientes,informacion_consolidada_2026_6.xlsx,febrero,2026,month,2026-02,Financ. | Educativo | Ley Nº 26.075,31390.520391290444,Financiamiento Educativo
Corrientes,informacion_consolidada_2026_6.xlsx,febrero,2026,month,2026-02,Fondo | Compens. | de | Desequilib.,1.5,Fondo | Compens. | de | Desequilib.
Corrientes,informacion_consolidada_2026_6.xlsx,febrero,2026,month,2026-02,I.V.A. | Ley Nº 23.966 | Art. 5 | Punto 2,1768.5605,I.V.A. | Ley Nº 23.966 | Art. 5 | Punto 2
Corrientes,informacion_consolidada_2026_6.xlsx,febrero,2026,month,2026-02,Impuesto a los Combustibles Líquidos | Ley Nº 23.966 y Nº 24.699 | Obras de | Infraestr.,559.1376,Impuesto a los Combustibles Líquidos | Ley Nº 23.966 y Nº 24.699 | Obras de | Infraestr.
Corrientes,informacion_consolidada_2026_6.xlsx,febrero,2026,month,2026-02,Impuesto s/ | Los Activos | Fdo. Educ. | Ley Nº 23.906,0.0,Impuesto s/ | Los Activos | Fdo. Educ. | Ley Nº 23.906
Corrientes,informacion_consolidada_2026_6.xlsx,febrero,2026,month,2026-02,Impuesto sobre los | Bienes Personales | Ley | Nº 24.699,1503.0168999999999,Impuesto sobre los | Bienes Personales | Ley | Nº 24.699
Corrientes,informacion_consolidada_2026_6.xlsx,febrero,2026,month,2026-02,Ley Nº 23.966 | Art. 30,230.82160000000002,Ley Nº 23.966 | Art. 30
Corrientes,informacion_consolidada_2026_6.xlsx,febrero,2026,month,2026-02,Ley Nº 24.464 | FO.NA.VI.,3634.4225,Ley Nº 24.464 | FO.NA.VI.
Corrientes,informacion_consolidada_2026_6.xlsx,febrero,2026,month,2026-02,Reg.Simplif. | P/Peq.Contrib. | Ley Nº 24.977 | Aart. 59 Inc. A,1099.3181000000002,Reg.Simplif. | P/Peq.Contrib. | Ley Nº 24.977 | Aart. 59 Inc. A
Corrientes,informacion_consolidada_2026_6.xlsx,febrero,2026,month,2026-02,Régimen de la Energía Eléctrica | L E Y Nº 2 4 . 0 6 5 | Fdo. P/Comp. | Tarifa Elect.,0.0,Régimen de la Energía Eléctrica | L E Y Nº 2 4 . 0 6 5 | Fdo. P/Comp. | Tarifa Elect.
Corrientes,informacion_consolidada_2026_6.xlsx,febrero,2026,month,2026-02,Subtotal,177930.69709129044,Subtotal
Corrientes,informacion_consolidada_2026_6.xlsx,febrero,2026,month,2026-02,Subtotal,177933.91379129043,Subtotal
Corrientes,informacion_consolidada_2026_6.xlsx,febrero,2026,month,2026-02,Total | (1) + (2),193436.44881529038,Total | (1) + (2)
Corrientes,informacion_consolidada_2026_6.xlsx,febrero,2026,month,2026-02,Total | Recursos | Origen Nacional | (1),187672.43359129038,Total | Recursos | Origen Nacional | (1)
Corrientes,informacion_consolidada_2026_6.xlsx,febrero,2026,month,2026-02,Transfer. | De Servicios | Ley | Nº 24.049,3.2167,Transfer. | De Servicios | Ley | Nº 24.049
Corrientes,informacion_consolidada_2026_6.xlsx,febrero,2026,month,2026-02,Vialidad | Provincial,941.7425999999999,Vialidad | Provincial
Corrientes,informacion_consolidada_2026_6.xlsx,marzo,2026,month,2026-03,C.F.I. | Neta De | Ley Nº 26.075,128102.1031,CFI | Neta
Corrientes,informacion_consolidada_2026_6.xlsx,marzo,2026,month,2026-03,Compensación | Consenso Fiscal | II. a y b; II. d y e | (2),6724.6844280000005,Compensación Consenso Fiscal
Corrientes,informacion_consolidada_2026_6.xlsx,marzo,2026,month,2026-03,F.E.D.E.I.,355.18736855634944,F.E.D.E.I.
Corrientes,informacion_consolidada_2026_6.xlsx,marzo,2026,month,2026-03,F.E.D.E.I.,501.28826717293276,F.E.D.E.I.
Corrientes,informacion_consolidada_2026_6.xlsx,marzo,2026,month,2026-03,Financ. | Educativo | Ley Nº 26.075,34380.09376188953,Financiamiento Educativo
Corrientes,informacion_consolidada_2026_6.xlsx,marzo,2026,month,2026-03,Fondo | Compens. | de | Desequilib.,1.5,Fondo | Compens. | de | Desequilib.
Corrientes,informacion_consolidada_2026_6.xlsx,marzo,2026,month,2026-03,I.V.A. | Ley Nº 23.966 | Art. 5 | Punto 2,1815.0031000000001,I.V.A. | Ley Nº 23.966 | Art. 5 | Punto 2
Corrientes,informacion_consolidada_2026_6.xlsx,marzo,2026,month,2026-03,Impuesto a los Combustibles Líquidos | Ley Nº 23.966 y Nº 24.699 | Obras de | Infraestr.,552.2435,Impuesto a los Combustibles Líquidos | Ley Nº 23.966 y Nº 24.699 | Obras de | Infraestr.
Corrientes,informacion_consolidada_2026_6.xlsx,marzo,2026,month,2026-03,Impuesto s/ | Los Activos | Fdo. Educ. | Ley Nº 23.906,0.0,Impuesto s/ | Los Activos | Fdo. Educ. | Ley Nº 23.906
Corrientes,informacion_consolidada_2026_6.xlsx,marzo,2026,month,2026-03,Impuesto sobre los | Bienes Personales | Ley | Nº 24.699,726.4127,Impuesto sobre los | Bienes Personales | Ley | Nº 24.699
Corrientes,informacion_consolidada_2026_6.xlsx,marzo,2026,month,2026-03,Ley Nº 23.966 | Art. 30,111.55680000000001,Ley Nº 23.966 | Art. 30
Corrientes,informacion_consolidada_2026_6.xlsx,marzo,2026,month,2026-03,Ley Nº 24.464 | FO.NA.VI.,3589.6108,Ley Nº 24.464 | FO.NA.VI.
Corrientes,informacion_consolidada_2026_6.xlsx,marzo,2026,month,2026-03,Reg.Simplif. | P/Peq.Contrib. | Ley Nº 24.977 | Aart. 59 Inc. A,1039.7601,Reg.Simplif. | P/Peq.Contrib. | Ley Nº 24.977 | Aart. 59 Inc. A
Corrientes,informacion_consolidada_2026_6.xlsx,marzo,2026,month,2026-03,Régimen de la Energía Eléctrica | L E Y Nº 2 4 . 0 6 5 | Fdo. P/Comp. | Tarifa Elect.,721.2439064229595,Régimen de la Energía Eléctrica | L E Y Nº 2 4 . 0 6 5 | Fdo. P/Comp. | Tarifa Elect.
Corrientes,informacion_consolidada_2026_6.xlsx,marzo,2026,month,2026-03,Subtotal,162482.19686188953,Subtotal
Corrientes,informacion_consolidada_2026_6.xlsx,marzo,2026,month,2026-03,Subtotal,162485.41356188952,Subtotal
Corrientes,informacion_consolidada_2026_6.xlsx,marzo,2026,month,2026-03,Total | (1) + (2),179554.03563204178,Total | (1) + (2)
Corrientes,informacion_consolidada_2026_6.xlsx,marzo,2026,month,2026-03,Total | Recursos | Origen Nacional | (1),172829.35120404177,Total | Recursos | Origen Nacional | (1)
Corrientes,informacion_consolidada_2026_6.xlsx,marzo,2026,month,2026-03,Transfer. | De Servicios | Ley | Nº 24.049,3.2167,Transfer. | De Servicios | Ley | Nº 24.049
Corrientes,informacion_consolidada_2026_6.xlsx,marzo,2026,month,2026-03,Vialidad | Provincial,930.1311,Vialidad | Provincial
Corrientes,informacion_consolidada_2026_6.xlsx,abril,2026,month,2026-04,C.F.I. | Neta De | Ley Nº 26.075,146003.32369999998,CFI | Neta
Corrientes,informacion_consolidada_2026_6.xlsx,abril,2026,month,2026-04,Compensación | Consenso Fiscal | II. a y b; II. d y e | (2),8297.6399,Compensación Consenso Fiscal
Corrientes,informacion_consolidada_2026_6.xlsx,abril,2026,month,2026-04,F.E.D.E.I.,0.0,F.E.D.E.I.
Corrientes,informacion_consolidada_2026_6.xlsx,abril,2026,month,2026-04,F.E.D.E.I.,0.0,F.E.D.E.I.
Corrientes,informacion_consolidada_2026_6.xlsx,abril,2026,month,2026-04,Financ. | Educativo | Ley Nº 26.075,35874.88044718908,Financiamiento Educativo
Corrientes,informacion_consolidada_2026_6.xlsx,abril,2026,month,2026-04,Fondo | Compens. | de | Desequilib.,1.5,Fondo | Compens. | de | Desequilib.
Corrientes,informacion_consolidada_2026_6.xlsx,abril,2026,month,2026-04,I.V.A. | Ley Nº 23.966 | Art. 5 | Punto 2,1954.4588999999999,I.V.A. | Ley Nº 23.966 | Art. 5 | Punto 2
Corrientes,informacion_consolidada_2026_6.xlsx,abril,2026,month,2026-04,Impuesto a los Combustibles Líquidos | Ley Nº 23.966 y Nº 24.699 | Obras de | Infraestr.,601.3576999999999,Impuesto a los Combustibles Líquidos | Ley Nº 23.966 y Nº 24.699 | Obras de | Infraestr.
Corrientes,informacion_consolidada_2026_6.xlsx,abril,2026,month,2026-04,Impuesto s/ | Los Activos | Fdo. Educ. | Ley Nº 23.906,0.0,Impuesto s/ | Los Activos | Fdo. Educ. | Ley Nº 23.906
Corrientes,informacion_consolidada_2026_6.xlsx,abril,2026,month,2026-04,Impuesto sobre los | Bienes Personales | Ley | Nº 24.699,1253.8768,Impuesto sobre los | Bienes Personales | Ley | Nº 24.699
Corrientes,informacion_consolidada_2026_6.xlsx,abril,2026,month,2026-04,Ley Nº 23.966 | Art. 30,192.5606,Ley Nº 23.966 | Art. 30
Corrientes,informacion_consolidada_2026_6.xlsx,abril,2026,month,2026-04,Ley Nº 24.464 | FO.NA.VI.,3908.8552,Ley Nº 24.464 | FO.NA.VI.
Corrientes,informacion_consolidada_2026_6.xlsx,abril,2026,month,2026-04,Reg.Simplif. | P/Peq.Contrib. | Ley Nº 24.977 | Aart. 59 Inc. A,1190.7974,Reg.Simplif. | P/Peq.Contrib. | Ley Nº 24.977 | Aart. 59 Inc. A
Corrientes,informacion_consolidada_2026_6.xlsx,abril,2026,month,2026-04,Régimen de la Energía Eléctrica | L E Y Nº 2 4 . 0 6 5 | Fdo. P/Comp. | Tarifa Elect.,0.0,Régimen de la Energía Eléctrica | L E Y Nº 2 4 . 0 6 5 | Fdo. P/Comp. | Tarifa Elect.
Corrientes,informacion_consolidada_2026_6.xlsx,abril,2026,month,2026-04,Subtotal,181878.20414718907,Subtotal
Corrientes,informacion_consolidada_2026_6.xlsx,abril,2026,month,2026-04,Subtotal,181881.42084718906,Subtotal
Corrientes,informacion_consolidada_2026_6.xlsx,abril,2026,month,2026-04,Total | (1) + (2),200295.32024718905,Total | (1) + (2)
Corrientes,informacion_consolidada_2026_6.xlsx,abril,2026,month,2026-04,Total | Recursos | Origen Nacional | (1),191997.68034718905,Total | Recursos | Origen Nacional | (1)
Corrientes,informacion_consolidada_2026_6.xlsx,abril,2026,month,2026-04,Transfer. | De Servicios | Ley | Nº 24.049,3.2167,Transfer. | De Servicios | Ley | Nº 24.049
Corrientes,informacion_consolidada_2026_6.xlsx,abril,2026,month,2026-04,Vialidad | Provincial,1012.8529,Vialidad | Provincial
Corrientes,informacion_consolidada_2026_6.xlsx,mayo,2026,month,2026-05,C.F.I. | Neta De | Ley Nº 26.075,241137.3284,CFI | Neta
Corrientes,informacion_consolidada_2026_6.xlsx,mayo,2026,month,2026-05,Compensación | Consenso Fiscal | II. a y b; II. d y e | (2),7882.757905,Compensación Consenso Fiscal
Corrientes,informacion_consolidada_2026_6.xlsx,mayo,2026,month,2026-05,F.E.D.E.I.,220.00735633308489,F.E.D.E.I.
Corrientes,informacion_consolidada_2026_6.xlsx,mayo,2026,month,2026-05,F.E.D.E.I.,272.38008431284106,F.E.D.E.I.
Corrientes,informacion_consolidada_2026_6.xlsx,mayo,2026,month,2026-05,Financ. | Educativo | Ley Nº 26.075,28400.94702069136,Financiamiento Educativo
Corrientes,informacion_consolidada_2026_6.xlsx,mayo,2026,month,2026-05,Fondo | Compens. | de | Desequilib.,1.5,Fondo | Compens. | de | Desequilib.
Corrientes,informacion_consolidada_2026_6.xlsx,mayo,2026,month,2026-05,I.V.A. | Ley Nº 23.966 | Art. 5 | Punto 2,1728.5371,I.V.A. | Ley Nº 23.966 | Art. 5 | Punto 2
Corrientes,informacion_consolidada_2026_6.xlsx,mayo,2026,month,2026-05,Impuesto a los Combustibles Líquidos | Ley Nº 23.966 y Nº 24.699 | Obras de | Infraestr.,554.0726999999999,Impuesto a los Combustibles Líquidos | Ley Nº 23.966 y Nº 24.699 | Obras de | Infraestr.
Corrientes,informacion_consolidada_2026_6.xlsx,mayo,2026,month,2026-05,Impuesto s/ | Los Activos | Fdo. Educ. | Ley Nº 23.906,0.0,Impuesto s/ | Los Activos | Fdo. Educ. | Ley Nº 23.906
Corrientes,informacion_consolidada_2026_6.xlsx,mayo,2026,month,2026-05,Impuesto sobre los | Bienes Personales | Ley | Nº 24.699,1382.1628,Impuesto sobre los | Bienes Personales | Ley | Nº 24.699
Corrientes,informacion_consolidada_2026_6.xlsx,mayo,2026,month,2026-05,Ley Nº 23.966 | Art. 30,212.2618,Ley Nº 23.966 | Art. 30
Corrientes,informacion_consolidada_2026_6.xlsx,mayo,2026,month,2026-05,Ley Nº 24.464 | FO.NA.VI.,3601.5004,Ley Nº 24.464 | FO.NA.VI.
Corrientes,informacion_consolidada_2026_6.xlsx,mayo,2026,month,2026-05,Reg.Simplif. | P/Peq.Contrib. | Ley Nº 24.977 | Aart. 59 Inc. A,1166.0175,Reg.Simplif. | P/Peq.Contrib. | Ley Nº 24.977 | Aart. 59 Inc. A
Corrientes,informacion_consolidada_2026_6.xlsx,mayo,2026,month,2026-05,Régimen de la Energía Eléctrica | L E Y Nº 2 4 . 0 6 5 | Fdo. P/Comp. | Tarifa Elect.,391.8952205982495,Régimen de la Energía Eléctrica | L E Y Nº 2 4 . 0 6 5 | Fdo. P/Comp. | Tarifa Elect.
Corrientes,informacion_consolidada_2026_6.xlsx,mayo,2026,month,2026-05,Subtotal,269538.27542069135,Subtotal
Corrientes,informacion_consolidada_2026_6.xlsx,mayo,2026,month,2026-05,Subtotal,269541.49212069134,Subtotal
Corrientes,informacion_consolidada_2026_6.xlsx,mayo,2026,month,2026-05,Total | (1) + (2),287887.79688693554,Total | (1) + (2)
Corrientes,informacion_consolidada_2026_6.xlsx,mayo,2026,month,2026-05,Total | Recursos | Origen Nacional | (1),280005.03898193553,Total | Recursos | Origen Nacional | (1)
Corrientes,informacion_consolidada_2026_6.xlsx,mayo,2026,month,2026-05,Transfer. | De Servicios | Ley | Nº 24.049,3.2167,Transfer. | De Servicios | Ley | Nº 24.049
Corrientes,informacion_consolidada_2026_6.xlsx,mayo,2026,month,2026-05,Vialidad | Provincial,933.2119,Vialidad | Provincial
Corrientes,informacion_consolidada_2026_6.xlsx,junio,2026,month,2026-06,C.F.I. | Neta De | Ley Nº 26.075,161078.84819999998,CFI | Neta
Corrientes,informacion_consolidada_2026_6.xlsx,junio,2026,month,2026-06,Compensación | Consenso Fiscal | II. a y b; II. d y e | (2),8712.521895,Compensación Consenso Fiscal
Corrientes,informacion_consolidada_2026_6.xlsx,junio,2026,month,2026-06,F.E.D.E.I.,460.34593615187754,F.E.D.E.I.
Corrientes,informacion_consolidada_2026_6.xlsx,junio,2026,month,2026-06,F.E.D.E.I.,660.9853180107339,F.E.D.E.I.
Corrientes,informacion_consolidada_2026_6.xlsx,junio,2026,month,2026-06,Financ. | Educativo | Ley Nº 26.075,31390.520391290178,Financiamiento Educativo
Corrientes,informacion_consolidada_2026_6.xlsx,junio,2026,month,2026-06,Fondo | Compens. | de | Desequilib.,1.5,Fondo | Compens. | de | Desequilib.
Corrientes,informacion_consolidada_2026_6.xlsx,junio,2026,month,2026-06,I.V.A. | Ley Nº 23.966 | Art. 5 | Punto 2,2127.0401,I.V.A. | Ley Nº 23.966 | Art. 5 | Punto 2
Corrientes,informacion_consolidada_2026_6.xlsx,junio,2026,month,2026-06,Impuesto a los Combustibles Líquidos | Ley Nº 23.966 y Nº 24.699 | Obras de | Infraestr.,687.3535,Impuesto a los Combustibles Líquidos | Ley Nº 23.966 y Nº 24.699 | Obras de | Infraestr.
Corrientes,informacion_consolidada_2026_6.xlsx,junio,2026,month,2026-06,Impuesto s/ | Los Activos | Fdo. Educ. | Ley Nº 23.906,0.0,Impuesto s/ | Los Activos | Fdo. Educ. | Ley Nº 23.906
Corrientes,informacion_consolidada_2026_6.xlsx,junio,2026,month,2026-06,Impuesto sobre los | Bienes Personales | Ley | Nº 24.699,33235.5492,Impuesto sobre los | Bienes Personales | Ley | Nº 24.699
Corrientes,informacion_consolidada_2026_6.xlsx,junio,2026,month,2026-06,Ley Nº 23.966 | Art. 30,5104.0569000000005,Ley Nº 23.966 | Art. 30
Corrientes,informacion_consolidada_2026_6.xlsx,junio,2026,month,2026-06,Ley Nº 24.464 | FO.NA.VI.,4467.8322,Ley Nº 24.464 | FO.NA.VI.
Corrientes,informacion_consolidada_2026_6.xlsx,junio,2026,month,2026-06,Reg.Simplif. | P/Peq.Contrib. | Ley Nº 24.977 | Aart. 59 Inc. A,1188.3274,Reg.Simplif. | P/Peq.Contrib. | Ley Nº 24.977 | Aart. 59 Inc. A
Corrientes,informacion_consolidada_2026_6.xlsx,junio,2026,month,2026-06,Régimen de la Energía Eléctrica | L E Y Nº 2 4 . 0 6 5 | Fdo. P/Comp. | Tarifa Elect.,971.018275182691,Régimen de la Energía Eléctrica | L E Y Nº 2 4 . 0 6 5 | Fdo. P/Comp. | Tarifa Elect.
Corrientes,informacion_consolidada_2026_6.xlsx,junio,2026,month,2026-06,Subtotal,192469.36859129014,Subtotal
Corrientes,informacion_consolidada_2026_6.xlsx,junio,2026,month,2026-06,Subtotal,192472.58529129013,Subtotal
Corrientes,informacion_consolidada_2026_6.xlsx,junio,2026,month,2026-06,Total | (1) + (2),251246.8097156355,Total | (1) + (2)
Corrientes,informacion_consolidada_2026_6.xlsx,junio,2026,month,2026-06,Total | Recursos | Origen Nacional | (1),242534.28782063548,Total | Recursos | Origen Nacional | (1)
Corrientes,informacion_consolidada_2026_6.xlsx,junio,2026,month,2026-06,Transfer. | De Servicios | Ley | Nº 24.049,3.2167,Transfer. | De Servicios | Ley | Nº 24.049
Corrientes,informacion_consolidada_2026_6.xlsx,junio,2026,month,2026-06,Vialidad | Provincial,1157.6937,Vialidad | Provincial
Corrientes,informacion_consolidada_2026_6.xlsx,julio,2026,month,2026-07,C.F.I. | Neta De | Ley Nº 26.075,206184.59840000002,CFI | Neta
Corrientes,informacion_consolidada_2026_6.xlsx,julio,2026,month,2026-07,Compensación | Consenso Fiscal | II. a y b; II. d y e | (2),8320.514286,Compensación Consenso Fiscal
Corrientes,informacion_consolidada_2026_6.xlsx,julio,2026,month,2026-07,F.E.D.E.I.,274.0754132423737,F.E.D.E.I.
Corrientes,informacion_consolidada_2026_6.xlsx,julio,2026,month,2026-07,F.E.D.E.I.,335.7795006702193,F.E.D.E.I.
Corrientes,informacion_consolidada_2026_6.xlsx,julio,2026,month,2026-07,Financ. | Educativo | Ley Nº 26.075,31390.52039129013,Financiamiento Educativo
Corrientes,informacion_consolidada_2026_6.xlsx,julio,2026,month,2026-07,Fondo | Compens. | de | Desequilib.,1.5,Fondo | Compens. | de | Desequilib.
Corrientes,informacion_consolidada_2026_6.xlsx,julio,2026,month,2026-07,I.V.A. | Ley Nº 23.966 | Art. 5 | Punto 2,2230.7937,I.V.A. | Ley Nº 23.966 | Art. 5 | Punto 2
Corrientes,informacion_consolidada_2026_6.xlsx,julio,2026,month,2026-07,Impuesto a los Combustibles Líquidos | Ley Nº 23.966 y Nº 24.699 | Obras de | Infraestr.,618.3338,Impuesto a los Combustibles Líquidos | Ley Nº 23.966 y Nº 24.699 | Obras de | Infraestr.
Corrientes,informacion_consolidada_2026_6.xlsx,julio,2026,month,2026-07,Impuesto s/ | Los Activos | Fdo. Educ. | Ley Nº 23.906,0.0,Impuesto s/ | Los Activos | Fdo. Educ. | Ley Nº 23.906
Corrientes,informacion_consolidada_2026_6.xlsx,julio,2026,month,2026-07,Impuesto sobre los | Bienes Personales | Ley | Nº 24.699,3354.3817000000004,Impuesto sobre los | Bienes Personales | Ley | Nº 24.699
Corrientes,informacion_consolidada_2026_6.xlsx,julio,2026,month,2026-07,Ley Nº 23.966 | Art. 30,515.1398,Ley Nº 23.966 | Art. 30
Corrientes,informacion_consolidada_2026_6.xlsx,julio,2026,month,2026-07,Ley Nº 24.464 | FO.NA.VI.,4019.201,Ley Nº 24.464 | FO.NA.VI.
Corrientes,informacion_consolidada_2026_6.xlsx,julio,2026,month,2026-07,Reg.Simplif. | P/Peq.Contrib. | Ley Nº 24.977 | Aart. 59 Inc. A,1178.9633999999999,Reg.Simplif. | P/Peq.Contrib. | Ley Nº 24.977 | Aart. 59 Inc. A
Corrientes,informacion_consolidada_2026_6.xlsx,julio,2026,month,2026-07,Régimen de la Energía Eléctrica | L E Y Nº 2 4 . 0 6 5 | Fdo. P/Comp. | Tarifa Elect.,493.2757546949584,Régimen de la Energía Eléctrica | L E Y Nº 2 4 . 0 6 5 | Fdo. P/Comp. | Tarifa Elect.
Corrientes,informacion_consolidada_2026_6.xlsx,julio,2026,month,2026-07,Subtotal,237575.11879129015,Subtotal
Corrientes,informacion_consolidada_2026_6.xlsx,julio,2026,month,2026-07,Subtotal,237578.33549129014,Subtotal
Corrientes,informacion_consolidada_2026_6.xlsx,julio,2026,month,2026-07,Total | (1) + (2),259961.7393458977,Total | (1) + (2)
Corrientes,informacion_consolidada_2026_6.xlsx,julio,2026,month,2026-07,Total | Recursos | Origen Nacional | (1),251641.2250598977,Total | Recursos | Origen Nacional | (1)
Corrientes,informacion_consolidada_2026_6.xlsx,julio,2026,month,2026-07,Transfer. | De Servicios | Ley | Nº 24.049,3.2167,Transfer. | De Servicios | Ley | Nº 24.049
Corrientes,informacion_consolidada_2026_6.xlsx,julio,2026,month,2026-07,Vialidad | Provincial,1041.4455,Vialidad | Provincial
Corrientes,informacion_consolidada_2026_6.xlsx,agosto,2026,month,2026-08,C.F.I. | Neta De | Ley Nº 26.075,195237.3687,CFI | Neta
Corrientes,informacion_consolidada_2026_6.xlsx,agosto,2026,month,2026-08,Compensación | Consenso Fiscal | II. a y b; II. d y e | (2),7924.29932,Compensación Consenso Fiscal
Corrientes,informacion_consolidada_2026_6.xlsx,agosto,2026,month,2026-08,F.E.D.E.I.,0.0,F.E.D.E.I.
Corrientes,informacion_consolidada_2026_6.xlsx,agosto,2026,month,2026-08,F.E.D.E.I.,0.0,F.E.D.E.I.
Corrientes,informacion_consolidada_2026_6.xlsx,agosto,2026,month,2026-08,Financ. | Educativo | Ley Nº 26.075,29895.733705990602,Financiamiento Educativo
Corrientes,informacion_consolidada_2026_6.xlsx,agosto,2026,month,2026-08,Fondo | Compens. | de | Desequilib.,1.5,Fondo | Compens. | de | Desequilib.
Corrientes,informacion_consolidada_2026_6.xlsx,agosto,2026,month,2026-08,I.V.A. | Ley Nº 23.966 | Art. 5 | Punto 2,2168.606,I.V.A. | Ley Nº 23.966 | Art. 5 | Punto 2
Corrientes,informacion_consolidada_2026_6.xlsx,agosto,2026,month,2026-08,Impuesto a los Combustibles Líquidos | Ley Nº 23.966 y Nº 24.699 | Obras de | Infraestr.,673.9899,Impuesto a los Combustibles Líquidos | Ley Nº 23.966 y Nº 24.699 | Obras de | Infraestr.
Corrientes,informacion_consolidada_2026_6.xlsx,agosto,2026,month,2026-08,Impuesto s/ | Los Activos | Fdo. Educ. | Ley Nº 23.906,0.01751116,Impuesto s/ | Los Activos | Fdo. Educ. | Ley Nº 23.906
Corrientes,informacion_consolidada_2026_6.xlsx,agosto,2026,month,2026-08,Impuesto sobre los | Bienes Personales | Ley | Nº 24.699,2702.9402,Impuesto sobre los | Bienes Personales | Ley | Nº 24.699
Corrientes,informacion_consolidada_2026_6.xlsx,agosto,2026,month,2026-08,Ley Nº 23.966 | Art. 30,415.0965,Ley Nº 23.966 | Art. 30
Corrientes,informacion_consolidada_2026_6.xlsx,agosto,2026,month,2026-08,Ley Nº 24.464 | FO.NA.VI.,4380.9685,Ley Nº 24.464 | FO.NA.VI.
Corrientes,informacion_consolidada_2026_6.xlsx,agosto,2026,month,2026-08,Reg.Simplif. | P/Peq.Contrib. | Ley Nº 24.977 | Aart. 59 Inc. A,1388.0412,Reg.Simplif. | P/Peq.Contrib. | Ley Nº 24.977 | Aart. 59 Inc. A
Corrientes,informacion_consolidada_2026_6.xlsx,agosto,2026,month,2026-08,Régimen de la Energía Eléctrica | L E Y Nº 2 4 . 0 6 5 | Fdo. P/Comp. | Tarifa Elect.,0.0,Régimen de la Energía Eléctrica | L E Y Nº 2 4 . 0 6 5 | Fdo. P/Comp. | Tarifa Elect.
Corrientes,informacion_consolidada_2026_6.xlsx,agosto,2026,month,2026-08,Subtotal,225133.1024059906,Subtotal
Corrientes,informacion_consolidada_2026_6.xlsx,agosto,2026,month,2026-08,Subtotal,225136.31910599058,Subtotal
Corrientes,informacion_consolidada_2026_6.xlsx,agosto,2026,month,2026-08,Total | (1) + (2),245926.96403715058,Total | (1) + (2)
Corrientes,informacion_consolidada_2026_6.xlsx,agosto,2026,month,2026-08,Total | Recursos | Origen Nacional | (1),238002.6647171506,Total | Recursos | Origen Nacional | (1)
Corrientes,informacion_consolidada_2026_6.xlsx,agosto,2026,month,2026-08,Transfer. | De Servicios | Ley | Nº 24.049,3.2167,Transfer. | De Servicios | Ley | Nº 24.049
Corrientes,informacion_consolidada_2026_6.xlsx,agosto,2026,month,2026-08,Vialidad | Provincial,1135.1858,Vialidad | Provincial
Corrientes,informacion_consolidada_2026_6.xlsx,septiembre,2026,month,2026-09,C.F.I. | Neta De | Ley Nº 26.075,198513.7439,CFI | Neta
Corrientes,informacion_consolidada_2026_6.xlsx,septiembre,2026,month,2026-09,Compensación | Consenso Fiscal | II. a y b; II. d y e | (2),8716.729252000001,Compensación Consenso Fiscal
Corrientes,informacion_consolidada_2026_6.xlsx,septiembre,2026,month,2026-09,F.E.D.E.I.,514.7524621524267,F.E.D.E.I.
Corrientes,informacion_consolidada_2026_6.xlsx,septiembre,2026,month,2026-09,F.E.D.E.I.,758.0119790291347,F.E.D.E.I.
Corrientes,informacion_consolidada_2026_6.xlsx,septiembre,2026,month,2026-09,Financ. | Educativo | Ley Nº 26.075,32885.307076589655,Financiamiento Educativo
Corrientes,informacion_consolidada_2026_6.xlsx,septiembre,2026,month,2026-09,Fondo | Compens. | de | Desequilib.,1.5,Fondo | Compens. | de | Desequilib.
Corrientes,informacion_consolidada_2026_6.xlsx,septiembre,2026,month,2026-09,I.V.A. | Ley Nº 23.966 | Art. 5 | Punto 2,2238.6574,I.V.A. | Ley Nº 23.966 | Art. 5 | Punto 2
Corrientes,informacion_consolidada_2026_6.xlsx,septiembre,2026,month,2026-09,Impuesto a los Combustibles Líquidos | Ley Nº 23.966 y Nº 24.699 | Obras de | Infraestr.,666.6224,Impuesto a los Combustibles Líquidos | Ley Nº 23.966 y Nº 24.699 | Obras de | Infraestr.
Corrientes,informacion_consolidada_2026_6.xlsx,septiembre,2026,month,2026-09,Impuesto s/ | Los Activos | Fdo. Educ. | Ley Nº 23.906,0.0,Impuesto s/ | Los Activos | Fdo. Educ. | Ley Nº 23.906
Corrientes,informacion_consolidada_2026_6.xlsx,septiembre,2026,month,2026-09,Impuesto sobre los | Bienes Personales | Ley | Nº 24.699,1824.3913,Impuesto sobre los | Bienes Personales | Ley | Nº 24.699
Corrientes,informacion_consolidada_2026_6.xlsx,septiembre,2026,month,2026-09,Ley Nº 23.966 | Art. 30,280.1758,Ley Nº 23.966 | Art. 30
Corrientes,informacion_consolidada_2026_6.xlsx,septiembre,2026,month,2026-09,Ley Nº 24.464 | FO.NA.VI.,4333.079,Ley Nº 24.464 | FO.NA.VI.
Corrientes,informacion_consolidada_2026_6.xlsx,septiembre,2026,month,2026-09,Reg.Simplif. | P/Peq.Contrib. | Ley Nº 24.977 | Aart. 59 Inc. A,1431.6971,Reg.Simplif. | P/Peq.Contrib. | Ley Nº 24.977 | Aart. 59 Inc. A
Corrientes,informacion_consolidada_2026_6.xlsx,septiembre,2026,month,2026-09,Régimen de la Energía Eléctrica | L E Y Nº 2 4 . 0 6 5 | Fdo. P/Comp. | Tarifa Elect.,1113.5549676825053,Régimen de la Energía Eléctrica | L E Y Nº 2 4 . 0 6 5 | Fdo. P/Comp. | Tarifa Elect.
Corrientes,informacion_consolidada_2026_6.xlsx,septiembre,2026,month,2026-09,Subtotal,231399.05097658967,Subtotal
Corrientes,informacion_consolidada_2026_6.xlsx,septiembre,2026,month,2026-09,Subtotal,231402.26767658966,Subtotal
Corrientes,informacion_consolidada_2026_6.xlsx,septiembre,2026,month,2026-09,Total | (1) + (2),254404.21613745368,Total | (1) + (2)
Corrientes,informacion_consolidada_2026_6.xlsx,septiembre,2026,month,2026-09,Total | Recursos | Origen Nacional | (1),245687.4868854537,Total | Recursos | Origen Nacional | (1)
Corrientes,informacion_consolidada_2026_6.xlsx,septiembre,2026,month,2026-09,Transfer. | De Servicios | Ley | Nº 24.049,3.2167,Transfer. | De Servicios | Ley | Nº 24.049
Corrientes,informacion_consolidada_2026_6.xlsx,septiembre,2026,month,2026-09,Vialidad | Provincial,1122.7768,Vialidad | Provincial
Corrientes,informacion_consolidada_2026_6.xlsx,CONS,2026,consolidated,CONS,C.F.I. | Neta De | Ley Nº 26.075,1599537.7320000003,CFI | Neta
Corrientes,informacion_consolidada_2026_6.xlsx,CONS,2026,consolidated,CONS,Compensación | Consenso Fiscal | II. a y b; II. d y e | (2),69067.846638,Compensación Consenso Fiscal
Corrientes,informacion_consolidada_2026_6.xlsx,CONS,2026,consolidated,CONS,F.E.D.E.I.,2086.263455265334,F.E.D.E.I.
Corrientes,informacion_consolidada_2026_6.xlsx,CONS,2026,consolidated,CONS,F.E.D.E.I.,2776.9652773578377,F.E.D.E.I.
Corrientes,informacion_consolidada_2026_6.xlsx,CONS,2026,consolidated,CONS,Financ. | Educativo | Ley Nº 26.075,272051.1767,Financiamiento Educativo
Corrientes,informacion_consolidada_2026_6.xlsx,CONS,2026,consolidated,CONS,Fondo | Compens. | de | Desequilib.,13.5,Fondo | Compens. | de | Desequilib.
Corrientes,informacion_consolidada_2026_6.xlsx,CONS,2026,consolidated,CONS,I.V.A. | Ley Nº 23.966 | Art. 5 | Punto 2,18063.9202,I.V.A. | Ley Nº 23.966 | Art. 5 | Punto 2
Corrientes,informacion_consolidada_2026_6.xlsx,CONS,2026,consolidated,CONS,Impuesto a los Combustibles Líquidos | Ley Nº 23.966 y Nº 24.699 | Obras de | Infraestr.,5245.7489000000005,Impuesto a los Combustibles Líquidos | Ley Nº 23.966 y Nº 24.699 | Obras de | Infraestr.
Corrientes,informacion_consolidada_2026_6.xlsx,CONS,2026,consolidated,CONS,Impuesto s/ | Los Activos | Fdo. Educ. | Ley Nº 23.906,0.0175,Impuesto s/ | Los Activos | Fdo. Educ. | Ley Nº 23.906
Corrientes,informacion_consolidada_2026_6.xlsx,CONS,2026,consolidated,CONS,Impuesto sobre los | Bienes Personales | Ley | Nº 24.699,47053.70190000001,Impuesto sobre los | Bienes Personales | Ley | Nº 24.699
Corrientes,informacion_consolidada_2026_6.xlsx,CONS,2026,consolidated,CONS,Ley Nº 23.966 | Art. 30,7226.1411,Ley Nº 23.966 | Art. 30
Corrientes,informacion_consolidada_2026_6.xlsx,CONS,2026,consolidated,CONS,Ley Nº 24.464 | FO.NA.VI.,34097.63219999999,Ley Nº 24.464 | FO.NA.VI.
Corrientes,informacion_consolidada_2026_6.xlsx,CONS,2026,consolidated,CONS,Reg.Simplif. | P/Peq.Contrib. | Ley Nº 24.977 | Aart. 59 Inc. A,10593.3616,Reg.Simplif. | P/Peq.Contrib. | Ley Nº 24.977 | Aart. 59 Inc. A
Corrientes,informacion_consolidada_2026_6.xlsx,CONS,2026,consolidated,CONS,Régimen de la Energía Eléctrica | L E Y Nº 2 4 . 0 6 5 | Fdo. P/Comp. | Tarifa Elect.,4048.5541999999996,Régimen de la Energía Eléctrica | L E Y Nº 2 4 . 0 6 5 | Fdo. P/Comp. | Tarifa Elect.
Corrientes,informacion_consolidada_2026_6.xlsx,CONS,2026,consolidated,CONS,Subtotal,1871588.9087000003,Subtotal
Corrientes,informacion_consolidada_2026_6.xlsx,CONS,2026,consolidated,CONS,Subtotal,1871617.8590000002,Subtotal
Corrientes,informacion_consolidada_2026_6.xlsx,CONS,2026,consolidated,CONS,Total | (1) + (2),2080726.8064706232,Total | (1) + (2)
Corrientes,informacion_consolidada_2026_6.xlsx,CONS,2026,consolidated,CONS,Total | Recursos | Origen Nacional | (1),2011658.9598326231,Total | Recursos | Origen Nacional | (1)
Corrientes,informacion_consolidada_2026_6.xlsx,CONS,2026,consolidated,CONS,Transfer. | De Servicios | Ley | Nº 24.049,28.950300000000002,Transfer. | De Servicios | Ley | Nº 24.049
Corrientes,informacion_consolidada_2026_6.xlsx,CONS,2026,consolidated,CONS,Vialidad | Provincial,8835.2945,Vialidad | Provincial
Córdoba,informacion_consolidada_2026_6.xlsx,enero,2026,month,2026-01,C.F.I. | Neta De | Ley Nº 26.075,425283.44960000005,CFI | Neta
Córdoba,informacion_consolidada_2026_6.xlsx,enero,2026,month,2026-01,Compensación | Consenso Fiscal | II. a y b; II. d y e | (2),5473.94988,Compensación Consenso Fiscal
Córdoba,informacion_consolidada_2026_6.xlsx,enero,2026,month,2026-01,F.E.D.E.I.,206.8688962222615,F.E.D.E.I.
Córdoba,informacion_consolidada_2026_6.xlsx,enero,2026,month,2026-01,F.E.D.E.I.,196.30424611404703,F.E.D.E.I.
Córdoba,informacion_consolidada_2026_6.xlsx,enero,2026,month,2026-01,Financ. | Educativo | Ley Nº 26.075,36153.41212767969,Financiamiento Educativo
Córdoba,informacion_consolidada_2026_6.xlsx,enero,2026,month,2026-01,Fondo | Compens. | de | Desequilib.,0.5,Fondo | Compens. | de | Desequilib.
Córdoba,informacion_consolidada_2026_6.xlsx,enero,2026,month,2026-01,I.V.A. | Ley Nº 23.966 | Art. 5 | Punto 2,6355.7157,I.V.A. | Ley Nº 23.966 | Art. 5 | Punto 2
Córdoba,informacion_consolidada_2026_6.xlsx,enero,2026,month,2026-01,Impuesto a los Combustibles Líquidos | Ley Nº 23.966 y Nº 24.699 | Obras de | Infraestr.,794.5399,Impuesto a los Combustibles Líquidos | Ley Nº 23.966 y Nº 24.699 | Obras de | Infraestr.
Córdoba,informacion_consolidada_2026_6.xlsx,enero,2026,month,2026-01,Impuesto s/ | Los Activos | Fdo. Educ. | Ley Nº 23.906,0.0,Impuesto s/ | Los Activos | Fdo. Educ. | Ley Nº 23.906
Córdoba,informacion_consolidada_2026_6.xlsx,enero,2026,month,2026-01,Impuesto sobre los | Bienes Personales | Ley | Nº 24.699,2558.1207999999997,Impuesto sobre los | Bienes Personales | Ley | Nº 24.699
Córdoba,informacion_consolidada_2026_6.xlsx,enero,2026,month,2026-01,Ley Nº 23.966 | Art. 30,514.3687,Ley Nº 23.966 | Art. 30
Córdoba,informacion_consolidada_2026_6.xlsx,enero,2026,month,2026-01,Ley Nº 24.464 | FO.NA.VI.,2467.923,Ley Nº 24.464 | FO.NA.VI.
Córdoba,informacion_consolidada_2026_6.xlsx,enero,2026,month,2026-01,Reg.Simplif. | P/Peq.Contrib. | Ley Nº 24.977 | Aart. 59 Inc. A,2174.6787000000004,Reg.Simplif. | P/Peq.Contrib. | Ley Nº 24.977 | Aart. 59 Inc. A
Córdoba,informacion_consolidada_2026_6.xlsx,enero,2026,month,2026-01,Régimen de la Energía Eléctrica | L E Y Nº 2 4 . 0 6 5 | Fdo. P/Comp. | Tarifa Elect.,255.20756770485463,Régimen de la Energía Eléctrica | L E Y Nº 2 4 . 0 6 5 | Fdo. P/Comp. | Tarifa Elect.
Córdoba,informacion_consolidada_2026_6.xlsx,enero,2026,month,2026-01,Subtotal,461436.86172767973,Subtotal
Córdoba,informacion_consolidada_2026_6.xlsx,enero,2026,month,2026-01,Subtotal,461447.30342767976,Subtotal
Córdoba,informacion_consolidada_2026_6.xlsx,enero,2026,month,2026-01,Total | (1) + (2),484347.4825177209,Total | (1) + (2)
Córdoba,informacion_consolidada_2026_6.xlsx,enero,2026,month,2026-01,Total | Recursos | Origen Nacional | (1),478873.53263772087,Total | Recursos | Origen Nacional | (1)
Córdoba,informacion_consolidada_2026_6.xlsx,enero,2026,month,2026-01,Transfer. | De Servicios | Ley | Nº 24.049,10.4417,Transfer. | De Servicios | Ley | Nº 24.049
Córdoba,informacion_consolidada_2026_6.xlsx,enero,2026,month,2026-01,Vialidad | Provincial,1902.0017,Vialidad | Provincial
Córdoba,informacion_consolidada_2026_6.xlsx,febrero,2026,month,2026-02,C.F.I. | Neta De | Ley Nº 26.075,355985.2971,CFI | Neta
Córdoba,informacion_consolidada_2026_6.xlsx,febrero,2026,month,2026-02,Compensación | Consenso Fiscal | II. a y b; II. d y e | (2),4691.95704,Compensación Consenso Fiscal
Córdoba,informacion_consolidada_2026_6.xlsx,febrero,2026,month,2026-02,F.E.D.E.I.,0.0,F.E.D.E.I.
Córdoba,informacion_consolidada_2026_6.xlsx,febrero,2026,month,2026-02,F.E.D.E.I.,0.0,F.E.D.E.I.
Córdoba,informacion_consolidada_2026_6.xlsx,febrero,2026,month,2026-02,Financ. | Educativo | Ley Nº 26.075,69020.15042557029,Financiamiento Educativo
Córdoba,informacion_consolidada_2026_6.xlsx,febrero,2026,month,2026-02,Fondo | Compens. | de | Desequilib.,0.5,Fondo | Compens. | de | Desequilib.
Córdoba,informacion_consolidada_2026_6.xlsx,febrero,2026,month,2026-02,I.V.A. | Ley Nº 23.966 | Art. 5 | Punto 2,5531.009099999999,I.V.A. | Ley Nº 23.966 | Art. 5 | Punto 2
Córdoba,informacion_consolidada_2026_6.xlsx,febrero,2026,month,2026-02,Impuesto a los Combustibles Líquidos | Ley Nº 23.966 y Nº 24.699 | Obras de | Infraestr.,1335.558,Impuesto a los Combustibles Líquidos | Ley Nº 23.966 y Nº 24.699 | Obras de | Infraestr.
Córdoba,informacion_consolidada_2026_6.xlsx,febrero,2026,month,2026-02,Impuesto s/ | Los Activos | Fdo. Educ. | Ley Nº 23.906,0.0,Impuesto s/ | Los Activos | Fdo. Educ. | Ley Nº 23.906
Córdoba,informacion_consolidada_2026_6.xlsx,febrero,2026,month,2026-02,Impuesto sobre los | Bienes Personales | Ley | Nº 24.699,3590.1077,Impuesto sobre los | Bienes Personales | Ley | Nº 24.699
Córdoba,informacion_consolidada_2026_6.xlsx,febrero,2026,month,2026-02,Ley Nº 23.966 | Art. 30,721.8733000000001,Ley Nº 23.966 | Art. 30
Córdoba,informacion_consolidada_2026_6.xlsx,febrero,2026,month,2026-02,Ley Nº 24.464 | FO.NA.VI.,4148.3813,Ley Nº 24.464 | FO.NA.VI.
Córdoba,informacion_consolidada_2026_6.xlsx,febrero,2026,month,2026-02,Reg.Simplif. | P/Peq.Contrib. | Ley Nº 24.977 | Aart. 59 Inc. A,2625.8349,Reg.Simplif. | P/Peq.Contrib. | Ley Nº 24.977 | Aart. 59 Inc. A
Córdoba,informacion_consolidada_2026_6.xlsx,febrero,2026,month,2026-02,Régimen de la Energía Eléctrica | L E Y Nº 2 4 . 0 6 5 | Fdo. P/Comp. | Tarifa Elect.,0.0,Régimen de la Energía Eléctrica | L E Y Nº 2 4 . 0 6 5 | Fdo. P/Comp. | Tarifa Elect.
Córdoba,informacion_consolidada_2026_6.xlsx,febrero,2026,month,2026-02,Subtotal,425005.4475255703,Subtotal
Córdoba,informacion_consolidada_2026_6.xlsx,febrero,2026,month,2026-02,Subtotal,425015.8892255703,Subtotal
Córdoba,informacion_consolidada_2026_6.xlsx,febrero,2026,month,2026-02,Total | (1) + (2),450858.22336557036,Total | (1) + (2)
Córdoba,informacion_consolidada_2026_6.xlsx,febrero,2026,month,2026-02,Total | Recursos | Origen Nacional | (1),446166.26632557035,Total | Recursos | Origen Nacional | (1)
Córdoba,informacion_consolidada_2026_6.xlsx,febrero,2026,month,2026-02,Transfer. | De Servicios | Ley | Nº 24.049,10.4417,Transfer. | De Servicios | Ley | Nº 24.049
Córdoba,informacion_consolidada_2026_6.xlsx,febrero,2026,month,2026-02,Vialidad | Provincial,3197.1128,Vialidad | Provincial
Córdoba,informacion_consolidada_2026_6.xlsx,marzo,2026,month,2026-03,C.F.I. | Neta De | Ley Nº 26.075,312511.6457,CFI | Neta
Córdoba,informacion_consolidada_2026_6.xlsx,marzo,2026,month,2026-03,Compensación | Consenso Fiscal | II. a y b; II. d y e | (2),5473.94988,Compensación Consenso Fiscal
Córdoba,informacion_consolidada_2026_6.xlsx,marzo,2026,month,2026-03,F.E.D.E.I.,280.55992537378665,F.E.D.E.I.
Córdoba,informacion_consolidada_2026_6.xlsx,marzo,2026,month,2026-03,F.E.D.E.I.,395.96396515652305,F.E.D.E.I.
Córdoba,informacion_consolidada_2026_6.xlsx,marzo,2026,month,2026-03,Financ. | Educativo | Ley Nº 26.075,75593.49808514843,Financiamiento Educativo
Córdoba,informacion_consolidada_2026_6.xlsx,marzo,2026,month,2026-03,Fondo | Compens. | de | Desequilib.,0.5,Fondo | Compens. | de | Desequilib.
Córdoba,informacion_consolidada_2026_6.xlsx,marzo,2026,month,2026-03,I.V.A. | Ley Nº 23.966 | Art. 5 | Punto 2,5676.254099999999,I.V.A. | Ley Nº 23.966 | Art. 5 | Punto 2
Córdoba,informacion_consolidada_2026_6.xlsx,marzo,2026,month,2026-03,Impuesto a los Combustibles Líquidos | Ley Nº 23.966 y Nº 24.699 | Obras de | Infraestr.,1319.0908,Impuesto a los Combustibles Líquidos | Ley Nº 23.966 y Nº 24.699 | Obras de | Infraestr.
Córdoba,informacion_consolidada_2026_6.xlsx,marzo,2026,month,2026-03,Impuesto s/ | Los Activos | Fdo. Educ. | Ley Nº 23.906,0.0,Impuesto s/ | Los Activos | Fdo. Educ. | Ley Nº 23.906
Córdoba,informacion_consolidada_2026_6.xlsx,marzo,2026,month,2026-03,Impuesto sobre los | Bienes Personales | Ley | Nº 24.699,1735.11,Impuesto sobre los | Bienes Personales | Ley | Nº 24.699
Córdoba,informacion_consolidada_2026_6.xlsx,marzo,2026,month,2026-03,Ley Nº 23.966 | Art. 30,348.8836,Ley Nº 23.966 | Art. 30
Córdoba,informacion_consolidada_2026_6.xlsx,marzo,2026,month,2026-03,Ley Nº 24.464 | FO.NA.VI.,4097.2325,Ley Nº 24.464 | FO.NA.VI.
Córdoba,informacion_consolidada_2026_6.xlsx,marzo,2026,month,2026-03,Reg.Simplif. | P/Peq.Contrib. | Ley Nº 24.977 | Aart. 59 Inc. A,2483.5745,Reg.Simplif. | P/Peq.Contrib. | Ley Nº 24.977 | Aart. 59 Inc. A
Córdoba,informacion_consolidada_2026_6.xlsx,marzo,2026,month,2026-03,Régimen de la Energía Eléctrica | L E Y Nº 2 4 . 0 6 5 | Fdo. P/Comp. | Tarifa Elect.,514.7774561555584,Régimen de la Energía Eléctrica | L E Y Nº 2 4 . 0 6 5 | Fdo. P/Comp. | Tarifa Elect.
Córdoba,informacion_consolidada_2026_6.xlsx,marzo,2026,month,2026-03,Subtotal,388105.1437851484,Subtotal
Córdoba,informacion_consolidada_2026_6.xlsx,marzo,2026,month,2026-03,Subtotal,388115.5854851484,Subtotal
Córdoba,informacion_consolidada_2026_6.xlsx,marzo,2026,month,2026-03,Total | (1) + (2),413599.1751118343,Total | (1) + (2)
Córdoba,informacion_consolidada_2026_6.xlsx,marzo,2026,month,2026-03,Total | Recursos | Origen Nacional | (1),408125.2252318343,Total | Recursos | Origen Nacional | (1)
Córdoba,informacion_consolidada_2026_6.xlsx,marzo,2026,month,2026-03,Transfer. | De Servicios | Ley | Nº 24.049,10.4417,Transfer. | De Servicios | Ley | Nº 24.049
Córdoba,informacion_consolidada_2026_6.xlsx,marzo,2026,month,2026-03,Vialidad | Provincial,3157.6929,Vialidad | Provincial
Córdoba,informacion_consolidada_2026_6.xlsx,abril,2026,month,2026-04,C.F.I. | Neta De | Ley Nº 26.075,355554.29510000005,CFI | Neta
Córdoba,informacion_consolidada_2026_6.xlsx,abril,2026,month,2026-04,Compensación | Consenso Fiscal | II. a y b; II. d y e | (2),4894.9666,Compensación Consenso Fiscal
Córdoba,informacion_consolidada_2026_6.xlsx,abril,2026,month,2026-04,F.E.D.E.I.,0.0,F.E.D.E.I.
Córdoba,informacion_consolidada_2026_6.xlsx,abril,2026,month,2026-04,F.E.D.E.I.,0.0,F.E.D.E.I.
Córdoba,informacion_consolidada_2026_6.xlsx,abril,2026,month,2026-04,Financ. | Educativo | Ley Nº 26.075,78880.1719149375,Financiamiento Educativo
Córdoba,informacion_consolidada_2026_6.xlsx,abril,2026,month,2026-04,Fondo | Compens. | de | Desequilib.,0.5,Fondo | Compens. | de | Desequilib.
Córdoba,informacion_consolidada_2026_6.xlsx,abril,2026,month,2026-04,I.V.A. | Ley Nº 23.966 | Art. 5 | Punto 2,6112.3893,I.V.A. | Ley Nº 23.966 | Art. 5 | Punto 2
Córdoba,informacion_consolidada_2026_6.xlsx,abril,2026,month,2026-04,Impuesto a los Combustibles Líquidos | Ley Nº 23.966 y Nº 24.699 | Obras de | Infraestr.,1436.4051000000002,Impuesto a los Combustibles Líquidos | Ley Nº 23.966 y Nº 24.699 | Obras de | Infraestr.
Córdoba,informacion_consolidada_2026_6.xlsx,abril,2026,month,2026-04,Impuesto s/ | Los Activos | Fdo. Educ. | Ley Nº 23.906,0.0,Impuesto s/ | Los Activos | Fdo. Educ. | Ley Nº 23.906
Córdoba,informacion_consolidada_2026_6.xlsx,abril,2026,month,2026-04,Impuesto sobre los | Bienes Personales | Ley | Nº 24.699,2995.0112999999997,Impuesto sobre los | Bienes Personales | Ley | Nº 24.699
Córdoba,informacion_consolidada_2026_6.xlsx,abril,2026,month,2026-04,Ley Nº 23.966 | Art. 30,602.2155,Ley Nº 23.966 | Art. 30
Córdoba,informacion_consolidada_2026_6.xlsx,abril,2026,month,2026-04,Ley Nº 24.464 | FO.NA.VI.,4461.6226,Ley Nº 24.464 | FO.NA.VI.
Córdoba,informacion_consolidada_2026_6.xlsx,abril,2026,month,2026-04,Reg.Simplif. | P/Peq.Contrib. | Ley Nº 24.977 | Aart. 59 Inc. A,2844.3427,Reg.Simplif. | P/Peq.Contrib. | Ley Nº 24.977 | Aart. 59 Inc. A
Córdoba,informacion_consolidada_2026_6.xlsx,abril,2026,month,2026-04,Régimen de la Energía Eléctrica | L E Y Nº 2 4 . 0 6 5 | Fdo. P/Comp. | Tarifa Elect.,0.0,Régimen de la Energía Eléctrica | L E Y Nº 2 4 . 0 6 5 | Fdo. P/Comp. | Tarifa Elect.
Córdoba,informacion_consolidada_2026_6.xlsx,abril,2026,month,2026-04,Subtotal,434434.46701493755,Subtotal
Córdoba,informacion_consolidada_2026_6.xlsx,abril,2026,month,2026-04,Subtotal,434444.90871493757,Subtotal
Córdoba,informacion_consolidada_2026_6.xlsx,abril,2026,month,2026-04,Total | (1) + (2),461230.8863149375,Total | (1) + (2)
Córdoba,informacion_consolidada_2026_6.xlsx,abril,2026,month,2026-04,Total | Recursos | Origen Nacional | (1),456335.9197149375,Total | Recursos | Origen Nacional | (1)
Córdoba,informacion_consolidada_2026_6.xlsx,abril,2026,month,2026-04,Transfer. | De Servicios | Ley | Nº 24.049,10.4417,Transfer. | De Servicios | Ley | Nº 24.049
Córdoba,informacion_consolidada_2026_6.xlsx,abril,2026,month,2026-04,Vialidad | Provincial,3438.5245,Vialidad | Provincial
Córdoba,informacion_consolidada_2026_6.xlsx,mayo,2026,month,2026-05,C.F.I. | Neta De | Ley Nº 26.075,581372.6012,CFI | Neta
Córdoba,informacion_consolidada_2026_6.xlsx,mayo,2026,month,2026-05,Compensación | Consenso Fiscal | II. a y b; II. d y e | (2),4650.218269999999,Compensación Consenso Fiscal
Córdoba,informacion_consolidada_2026_6.xlsx,mayo,2026,month,2026-05,F.E.D.E.I.,173.7822145049301,F.E.D.E.I.
Córdoba,informacion_consolidada_2026_6.xlsx,mayo,2026,month,2026-05,F.E.D.E.I.,215.1510523506832,F.E.D.E.I.
Córdoba,informacion_consolidada_2026_6.xlsx,mayo,2026,month,2026-05,Financ. | Educativo | Ley Nº 26.075,62446.80276599216,Financiamiento Educativo
Córdoba,informacion_consolidada_2026_6.xlsx,mayo,2026,month,2026-05,Fondo | Compens. | de | Desequilib.,0.5,Fondo | Compens. | de | Desequilib.
Córdoba,informacion_consolidada_2026_6.xlsx,mayo,2026,month,2026-05,I.V.A. | Ley Nº 23.966 | Art. 5 | Punto 2,5405.8397,I.V.A. | Ley Nº 23.966 | Art. 5 | Punto 2
Córdoba,informacion_consolidada_2026_6.xlsx,mayo,2026,month,2026-05,Impuesto a los Combustibles Líquidos | Ley Nº 23.966 y Nº 24.699 | Obras de | Infraestr.,1323.46,Impuesto a los Combustibles Líquidos | Ley Nº 23.966 y Nº 24.699 | Obras de | Infraestr.
Córdoba,informacion_consolidada_2026_6.xlsx,mayo,2026,month,2026-05,Impuesto s/ | Los Activos | Fdo. Educ. | Ley Nº 23.906,0.0,Impuesto s/ | Los Activos | Fdo. Educ. | Ley Nº 23.906
Córdoba,informacion_consolidada_2026_6.xlsx,mayo,2026,month,2026-05,Impuesto sobre los | Bienes Personales | Ley | Nº 24.699,3301.4355,Impuesto sobre los | Bienes Personales | Ley | Nº 24.699
Córdoba,informacion_consolidada_2026_6.xlsx,mayo,2026,month,2026-05,Ley Nº 23.966 | Art. 30,663.8290999999999,Ley Nº 23.966 | Art. 30
Córdoba,informacion_consolidada_2026_6.xlsx,mayo,2026,month,2026-05,Ley Nº 24.464 | FO.NA.VI.,4110.8034,Ley Nº 24.464 | FO.NA.VI.
Córdoba,informacion_consolidada_2026_6.xlsx,mayo,2026,month,2026-05,Reg.Simplif. | P/Peq.Contrib. | Ley Nº 24.977 | Aart. 59 Inc. A,2785.1533,Reg.Simplif. | P/Peq.Contrib. | Ley Nº 24.977 | Aart. 59 Inc. A
Córdoba,informacion_consolidada_2026_6.xlsx,mayo,2026,month,2026-05,Régimen de la Energía Eléctrica | L E Y Nº 2 4 . 0 6 5 | Fdo. P/Comp. | Tarifa Elect.,279.7095724973307,Régimen de la Energía Eléctrica | L E Y Nº 2 4 . 0 6 5 | Fdo. P/Comp. | Tarifa Elect.
Córdoba,informacion_consolidada_2026_6.xlsx,mayo,2026,month,2026-05,Subtotal,643819.4039659922,Subtotal
Córdoba,informacion_consolidada_2026_6.xlsx,mayo,2026,month,2026-05,Subtotal,643829.8456659921,Subtotal
Córdoba,informacion_consolidada_2026_6.xlsx,mayo,2026,month,2026-05,Total | (1) + (2),669907.8796753449,Total | (1) + (2)
Córdoba,informacion_consolidada_2026_6.xlsx,mayo,2026,month,2026-05,Total | Recursos | Origen Nacional | (1),665257.661405345,Total | Recursos | Origen Nacional | (1)
Córdoba,informacion_consolidada_2026_6.xlsx,mayo,2026,month,2026-05,Transfer. | De Servicios | Ley | Nº 24.049,10.4417,Transfer. | De Servicios | Ley | Nº 24.049
Córdoba,informacion_consolidada_2026_6.xlsx,mayo,2026,month,2026-05,Vialidad | Provincial,3168.1519,Vialidad | Provincial
Córdoba,informacion_consolidada_2026_6.xlsx,junio,2026,month,2026-06,C.F.I. | Neta De | Ley Nº 26.075,390712.38289999997,CFI | Neta
Córdoba,informacion_consolidada_2026_6.xlsx,junio,2026,month,2026-06,Compensación | Consenso Fiscal | II. a y b; II. d y e | (2),20139.71493,Compensación Consenso Fiscal
Córdoba,informacion_consolidada_2026_6.xlsx,junio,2026,month,2026-06,F.E.D.E.I.,363.6239149497982,F.E.D.E.I.
Córdoba,informacion_consolidada_2026_6.xlsx,junio,2026,month,2026-06,F.E.D.E.I.,522.1075069406367,F.E.D.E.I.
Córdoba,informacion_consolidada_2026_6.xlsx,junio,2026,month,2026-06,Financ. | Educativo | Ley Nº 26.075,69020.1504255703,Financiamiento Educativo
Córdoba,informacion_consolidada_2026_6.xlsx,junio,2026,month,2026-06,Fondo | Compens. | de | Desequilib.,0.5,Fondo | Compens. | de | Desequilib.
Córdoba,informacion_consolidada_2026_6.xlsx,junio,2026,month,2026-06,I.V.A. | Ley Nº 23.966 | Art. 5 | Punto 2,6652.1212000000005,I.V.A. | Ley Nº 23.966 | Art. 5 | Punto 2
Córdoba,informacion_consolidada_2026_6.xlsx,junio,2026,month,2026-06,Impuesto a los Combustibles Líquidos | Ley Nº 23.966 y Nº 24.699 | Obras de | Infraestr.,1641.8148999999999,Impuesto a los Combustibles Líquidos | Ley Nº 23.966 y Nº 24.699 | Obras de | Infraestr.
Córdoba,informacion_consolidada_2026_6.xlsx,junio,2026,month,2026-06,Impuesto s/ | Los Activos | Fdo. Educ. | Ley Nº 23.906,0.0,Impuesto s/ | Los Activos | Fdo. Educ. | Ley Nº 23.906
Córdoba,informacion_consolidada_2026_6.xlsx,junio,2026,month,2026-06,Impuesto sobre los | Bienes Personales | Ley | Nº 24.699,79386.4673,Impuesto sobre los | Bienes Personales | Ley | Nº 24.699
Córdoba,informacion_consolidada_2026_6.xlsx,junio,2026,month,2026-06,Ley Nº 23.966 | Art. 30,15962.4655,Ley Nº 23.966 | Art. 30
Córdoba,informacion_consolidada_2026_6.xlsx,junio,2026,month,2026-06,Ley Nº 24.464 | FO.NA.VI.,5099.6467999999995,Ley Nº 24.464 | FO.NA.VI.
Córdoba,informacion_consolidada_2026_6.xlsx,junio,2026,month,2026-06,Reg.Simplif. | P/Peq.Contrib. | Ley Nº 24.977 | Aart. 59 Inc. A,2838.4428,Reg.Simplif. | P/Peq.Contrib. | Ley Nº 24.977 | Aart. 59 Inc. A
Córdoba,informacion_consolidada_2026_6.xlsx,junio,2026,month,2026-06,Régimen de la Energía Eléctrica | L E Y Nº 2 4 . 0 6 5 | Fdo. P/Comp. | Tarifa Elect.,675.8288787000653,Régimen de la Energía Eléctrica | L E Y Nº 2 4 . 0 6 5 | Fdo. P/Comp. | Tarifa Elect.
Córdoba,informacion_consolidada_2026_6.xlsx,junio,2026,month,2026-06,Subtotal,459732.5333255703,Subtotal
Córdoba,informacion_consolidada_2026_6.xlsx,junio,2026,month,2026-06,Subtotal,459742.9750255703,Subtotal
Córdoba,informacion_consolidada_2026_6.xlsx,junio,2026,month,2026-06,Total | (1) + (2),596955.9516561608,Total | (1) + (2)
Córdoba,informacion_consolidada_2026_6.xlsx,junio,2026,month,2026-06,Total | Recursos | Origen Nacional | (1),576816.2367261607,Total | Recursos | Origen Nacional | (1)
Córdoba,informacion_consolidada_2026_6.xlsx,junio,2026,month,2026-06,Transfer. | De Servicios | Ley | Nº 24.049,10.4417,Transfer. | De Servicios | Ley | Nº 24.049
Córdoba,informacion_consolidada_2026_6.xlsx,junio,2026,month,2026-06,Vialidad | Provincial,3930.2428999999997,Vialidad | Provincial
Córdoba,informacion_consolidada_2026_6.xlsx,julio,2026,month,2026-07,C.F.I. | Neta De | Ley Nº 26.075,498452.0246,CFI | Neta
Córdoba,informacion_consolidada_2026_6.xlsx,julio,2026,month,2026-07,Compensación | Consenso Fiscal | II. a y b; II. d y e | (2),7267.741446000001,Compensación Consenso Fiscal
Córdoba,informacion_consolidada_2026_6.xlsx,julio,2026,month,2026-07,F.E.D.E.I.,216.4901803837792,F.E.D.E.I.
Córdoba,informacion_consolidada_2026_6.xlsx,julio,2026,month,2026-07,F.E.D.E.I.,265.22979133857507,F.E.D.E.I.
Córdoba,informacion_consolidada_2026_6.xlsx,julio,2026,month,2026-07,Financ. | Educativo | Ley Nº 26.075,69020.1504255703,Financiamiento Educativo
Córdoba,informacion_consolidada_2026_6.xlsx,julio,2026,month,2026-07,Fondo | Compens. | de | Desequilib.,0.5,Fondo | Compens. | de | Desequilib.
Córdoba,informacion_consolidada_2026_6.xlsx,julio,2026,month,2026-07,I.V.A. | Ley Nº 23.966 | Art. 5 | Punto 2,6976.6008,I.V.A. | Ley Nº 23.966 | Art. 5 | Punto 2
Córdoba,informacion_consolidada_2026_6.xlsx,julio,2026,month,2026-07,Impuesto a los Combustibles Líquidos | Ley Nº 23.966 y Nº 24.699 | Obras de | Infraestr.,1476.9543999999999,Impuesto a los Combustibles Líquidos | Ley Nº 23.966 y Nº 24.699 | Obras de | Infraestr.
Córdoba,informacion_consolidada_2026_6.xlsx,julio,2026,month,2026-07,Impuesto s/ | Los Activos | Fdo. Educ. | Ley Nº 23.906,0.0,Impuesto s/ | Los Activos | Fdo. Educ. | Ley Nº 23.906
Córdoba,informacion_consolidada_2026_6.xlsx,julio,2026,month,2026-07,Impuesto sobre los | Bienes Personales | Ley | Nº 24.699,8012.2797,Impuesto sobre los | Bienes Personales | Ley | Nº 24.699
Córdoba,informacion_consolidada_2026_6.xlsx,julio,2026,month,2026-07,Ley Nº 23.966 | Art. 30,1611.0521,Ley Nº 23.966 | Art. 30
Córdoba,informacion_consolidada_2026_6.xlsx,julio,2026,month,2026-07,Ley Nº 24.464 | FO.NA.VI.,4587.5729,Ley Nº 24.464 | FO.NA.VI.
Córdoba,informacion_consolidada_2026_6.xlsx,julio,2026,month,2026-07,Reg.Simplif. | P/Peq.Contrib. | Ley Nº 24.977 | Aart. 59 Inc. A,2816.076,Reg.Simplif. | P/Peq.Contrib. | Ley Nº 24.977 | Aart. 59 Inc. A
Córdoba,informacion_consolidada_2026_6.xlsx,julio,2026,month,2026-07,Régimen de la Energía Eléctrica | L E Y Nº 2 4 . 0 6 5 | Fdo. P/Comp. | Tarifa Elect.,343.32000612679525,Régimen de la Energía Eléctrica | L E Y Nº 2 4 . 0 6 5 | Fdo. P/Comp. | Tarifa Elect.
Córdoba,informacion_consolidada_2026_6.xlsx,julio,2026,month,2026-07,Subtotal,567472.1750255703,Subtotal
Córdoba,informacion_consolidada_2026_6.xlsx,julio,2026,month,2026-07,Subtotal,567482.6167255703,Subtotal
Córdoba,informacion_consolidada_2026_6.xlsx,julio,2026,month,2026-07,Total | (1) + (2),604592.0270494195,Total | (1) + (2)
Córdoba,informacion_consolidada_2026_6.xlsx,julio,2026,month,2026-07,Total | Recursos | Origen Nacional | (1),597324.2856034194,Total | Recursos | Origen Nacional | (1)
Córdoba,informacion_consolidada_2026_6.xlsx,julio,2026,month,2026-07,Transfer. | De Servicios | Ley | Nº 24.049,10.4417,Transfer. | De Servicios | Ley | Nº 24.049
Córdoba,informacion_consolidada_2026_6.xlsx,julio,2026,month,2026-07,Vialidad | Provincial,3535.593,Vialidad | Provincial
Córdoba,informacion_consolidada_2026_6.xlsx,agosto,2026,month,2026-08,C.F.I. | Neta De | Ley Nº 26.075,472019.685,CFI | Neta
Córdoba,informacion_consolidada_2026_6.xlsx,agosto,2026,month,2026-08,Compensación | Consenso Fiscal | II. a y b; II. d y e | (2),6921.65852,Compensación Consenso Fiscal
Córdoba,informacion_consolidada_2026_6.xlsx,agosto,2026,month,2026-08,F.E.D.E.I.,0.0,F.E.D.E.I.
Córdoba,informacion_consolidada_2026_6.xlsx,agosto,2026,month,2026-08,F.E.D.E.I.,0.0,F.E.D.E.I.
Córdoba,informacion_consolidada_2026_6.xlsx,agosto,2026,month,2026-08,Financ. | Educativo | Ley Nº 26.075,65733.47659578125,Financiamiento Educativo
Córdoba,informacion_consolidada_2026_6.xlsx,agosto,2026,month,2026-08,Fondo | Compens. | de | Desequilib.,0.5,Fondo | Compens. | de | Desequilib.
Córdoba,informacion_consolidada_2026_6.xlsx,agosto,2026,month,2026-08,I.V.A. | Ley Nº 23.966 | Art. 5 | Punto 2,6782.1146,I.V.A. | Ley Nº 23.966 | Art. 5 | Punto 2
Córdoba,informacion_consolidada_2026_6.xlsx,agosto,2026,month,2026-08,Impuesto a los Combustibles Líquidos | Ley Nº 23.966 y Nº 24.699 | Obras de | Infraestr.,1609.8947,Impuesto a los Combustibles Líquidos | Ley Nº 23.966 y Nº 24.699 | Obras de | Infraestr.
Córdoba,informacion_consolidada_2026_6.xlsx,agosto,2026,month,2026-08,Impuesto s/ | Los Activos | Fdo. Educ. | Ley Nº 23.906,0.039045859999999995,Impuesto s/ | Los Activos | Fdo. Educ. | Ley Nº 23.906
Córdoba,informacion_consolidada_2026_6.xlsx,agosto,2026,month,2026-08,Impuesto sobre los | Bienes Personales | Ley | Nº 24.699,6456.2457,Impuesto sobre los | Bienes Personales | Ley | Nº 24.699
Córdoba,informacion_consolidada_2026_6.xlsx,agosto,2026,month,2026-08,Ley Nº 23.966 | Art. 30,1298.1759,Ley Nº 23.966 | Art. 30
Córdoba,informacion_consolidada_2026_6.xlsx,agosto,2026,month,2026-08,Ley Nº 24.464 | FO.NA.VI.,5000.499400000001,Ley Nº 24.464 | FO.NA.VI.
Córdoba,informacion_consolidada_2026_6.xlsx,agosto,2026,month,2026-08,Reg.Simplif. | P/Peq.Contrib. | Ley Nº 24.977 | Aart. 59 Inc. A,3315.4799,Reg.Simplif. | P/Peq.Contrib. | Ley Nº 24.977 | Aart. 59 Inc. A
Córdoba,informacion_consolidada_2026_6.xlsx,agosto,2026,month,2026-08,Régimen de la Energía Eléctrica | L E Y Nº 2 4 . 0 6 5 | Fdo. P/Comp. | Tarifa Elect.,0.0,Régimen de la Energía Eléctrica | L E Y Nº 2 4 . 0 6 5 | Fdo. P/Comp. | Tarifa Elect.
Córdoba,informacion_consolidada_2026_6.xlsx,agosto,2026,month,2026-08,Subtotal,537753.1615957812,Subtotal
Córdoba,informacion_consolidada_2026_6.xlsx,agosto,2026,month,2026-08,Subtotal,537763.6032957812,Subtotal
Córdoba,informacion_consolidada_2026_6.xlsx,agosto,2026,month,2026-08,Total | (1) + (2),573002.0420616411,Total | (1) + (2)
Córdoba,informacion_consolidada_2026_6.xlsx,agosto,2026,month,2026-08,Total | Recursos | Origen Nacional | (1),566080.3835416411,Total | Recursos | Origen Nacional | (1)
Córdoba,informacion_consolidada_2026_6.xlsx,agosto,2026,month,2026-08,Transfer. | De Servicios | Ley | Nº 24.049,10.4417,Transfer. | De Servicios | Ley | Nº 24.049
Córdoba,informacion_consolidada_2026_6.xlsx,agosto,2026,month,2026-08,Vialidad | Provincial,3853.831,Vialidad | Provincial
Córdoba,informacion_consolidada_2026_6.xlsx,septiembre,2026,month,2026-09,C.F.I. | Neta De | Ley Nº 26.075,480413.1888,CFI | Neta
Córdoba,informacion_consolidada_2026_6.xlsx,septiembre,2026,month,2026-09,Compensación | Consenso Fiscal | II. a y b; II. d y e | (2),7613.824372,Compensación Consenso Fiscal
Córdoba,informacion_consolidada_2026_6.xlsx,septiembre,2026,month,2026-09,F.E.D.E.I.,406.59923509107614,F.E.D.E.I.
Córdoba,informacion_consolidada_2026_6.xlsx,septiembre,2026,month,2026-09,F.E.D.E.I.,598.7481625041232,F.E.D.E.I.
Córdoba,informacion_consolidada_2026_6.xlsx,septiembre,2026,month,2026-09,Financ. | Educativo | Ley Nº 26.075,72306.8242553593,Financiamiento Educativo
Córdoba,informacion_consolidada_2026_6.xlsx,septiembre,2026,month,2026-09,Fondo | Compens. | de | Desequilib.,0.5,Fondo | Compens. | de | Desequilib.
Córdoba,informacion_consolidada_2026_6.xlsx,septiembre,2026,month,2026-09,I.V.A. | Ley Nº 23.966 | Art. 5 | Punto 2,7001.1938,I.V.A. | Ley Nº 23.966 | Art. 5 | Punto 2
Córdoba,informacion_consolidada_2026_6.xlsx,septiembre,2026,month,2026-09,Impuesto a los Combustibles Líquidos | Ley Nº 23.966 y Nº 24.699 | Obras de | Infraestr.,1592.2965,Impuesto a los Combustibles Líquidos | Ley Nº 23.966 y Nº 24.699 | Obras de | Infraestr.
Córdoba,informacion_consolidada_2026_6.xlsx,septiembre,2026,month,2026-09,Impuesto s/ | Los Activos | Fdo. Educ. | Ley Nº 23.906,0.0,Impuesto s/ | Los Activos | Fdo. Educ. | Ley Nº 23.906
Córdoba,informacion_consolidada_2026_6.xlsx,septiembre,2026,month,2026-09,Impuesto sobre los | Bienes Personales | Ley | Nº 24.699,4357.743,Impuesto sobre los | Bienes Personales | Ley | Nº 24.699
Córdoba,informacion_consolidada_2026_6.xlsx,septiembre,2026,month,2026-09,Ley Nº 23.966 | Art. 30,876.2239000000001,Ley Nº 23.966 | Art. 30
Córdoba,informacion_consolidada_2026_6.xlsx,septiembre,2026,month,2026-09,Ley Nº 24.464 | FO.NA.VI.,4945.8377,Ley Nº 24.464 | FO.NA.VI.
Córdoba,informacion_consolidada_2026_6.xlsx,septiembre,2026,month,2026-09,Reg.Simplif. | P/Peq.Contrib. | Ley Nº 24.977 | Aart. 59 Inc. A,3419.7566,Reg.Simplif. | P/Peq.Contrib. | Ley Nº 24.977 | Aart. 59 Inc. A
Córdoba,informacion_consolidada_2026_6.xlsx,septiembre,2026,month,2026-09,Régimen de la Energía Eléctrica | L E Y Nº 2 4 . 0 6 5 | Fdo. P/Comp. | Tarifa Elect.,775.0344400394907,Régimen de la Energía Eléctrica | L E Y Nº 2 4 . 0 6 5 | Fdo. P/Comp. | Tarifa Elect.
Córdoba,informacion_consolidada_2026_6.xlsx,septiembre,2026,month,2026-09,Subtotal,552720.0130553592,Subtotal
Córdoba,informacion_consolidada_2026_6.xlsx,septiembre,2026,month,2026-09,Subtotal,552730.4547553592,Subtotal
Córdoba,informacion_consolidada_2026_6.xlsx,septiembre,2026,month,2026-09,Total | (1) + (2),588129.9162649941,Total | (1) + (2)
Córdoba,informacion_consolidada_2026_6.xlsx,septiembre,2026,month,2026-09,Total | Recursos | Origen Nacional | (1),580516.0918929941,Total | Recursos | Origen Nacional | (1)
Córdoba,informacion_consolidada_2026_6.xlsx,septiembre,2026,month,2026-09,Transfer. | De Servicios | Ley | Nº 24.049,10.4417,Transfer. | De Servicios | Ley | Nº 24.049
Córdoba,informacion_consolidada_2026_6.xlsx,septiembre,2026,month,2026-09,Vialidad | Provincial,3811.7038,Vialidad | Provincial
Córdoba,informacion_consolidada_2026_6.xlsx,CONS,2026,consolidated,CONS,C.F.I. | Neta De | Ley Nº 26.075,3872304.57,CFI | Neta
Córdoba,informacion_consolidada_2026_6.xlsx,CONS,2026,consolidated,CONS,Compensación | Consenso Fiscal | II. a y b; II. d y e | (2),67127.980938,Compensación Consenso Fiscal
Córdoba,informacion_consolidada_2026_6.xlsx,CONS,2026,consolidated,CONS,F.E.D.E.I.,1647.924366525632,F.E.D.E.I.
Córdoba,informacion_consolidada_2026_6.xlsx,CONS,2026,consolidated,CONS,F.E.D.E.I.,2193.5047244045877,F.E.D.E.I.
Córdoba,informacion_consolidada_2026_6.xlsx,CONS,2026,consolidated,CONS,Financ. | Educativo | Ley Nº 26.075,598174.637,Financiamiento Educativo
Córdoba,informacion_consolidada_2026_6.xlsx,CONS,2026,consolidated,CONS,Fondo | Compens. | de | Desequilib.,4.5,Fondo | Compens. | de | Desequilib.
Córdoba,informacion_consolidada_2026_6.xlsx,CONS,2026,consolidated,CONS,I.V.A. | Ley Nº 23.966 | Art. 5 | Punto 2,56493.2383,I.V.A. | Ley Nº 23.966 | Art. 5 | Punto 2
Córdoba,informacion_consolidada_2026_6.xlsx,CONS,2026,consolidated,CONS,Impuesto a los Combustibles Líquidos | Ley Nº 23.966 y Nº 24.699 | Obras de | Infraestr.,12530.0143,Impuesto a los Combustibles Líquidos | Ley Nº 23.966 y Nº 24.699 | Obras de | Infraestr.
Córdoba,informacion_consolidada_2026_6.xlsx,CONS,2026,consolidated,CONS,Impuesto s/ | Los Activos | Fdo. Educ. | Ley Nº 23.906,0.039,Impuesto s/ | Los Activos | Fdo. Educ. | Ley Nº 23.906
Córdoba,informacion_consolidada_2026_6.xlsx,CONS,2026,consolidated,CONS,Impuesto sobre los | Bienes Personales | Ley | Nº 24.699,112392.521,Impuesto sobre los | Bienes Personales | Ley | Nº 24.699
Córdoba,informacion_consolidada_2026_6.xlsx,CONS,2026,consolidated,CONS,Ley Nº 23.966 | Art. 30,22599.0876,Ley Nº 23.966 | Art. 30
Córdoba,informacion_consolidada_2026_6.xlsx,CONS,2026,consolidated,CONS,Ley Nº 24.464 | FO.NA.VI.,38919.5196,Ley Nº 24.464 | FO.NA.VI.
Córdoba,informacion_consolidada_2026_6.xlsx,CONS,2026,consolidated,CONS,Reg.Simplif. | P/Peq.Contrib. | Ley Nº 24.977 | Aart. 59 Inc. A,25303.3394,Reg.Simplif. | P/Peq.Contrib. | Ley Nº 24.977 | Aart. 59 Inc. A
Córdoba,informacion_consolidada_2026_6.xlsx,CONS,2026,consolidated,CONS,Régimen de la Energía Eléctrica | L E Y Nº 2 4 . 0 6 5 | Fdo. P/Comp. | Tarifa Elect.,2843.878,Régimen de la Energía Eléctrica | L E Y Nº 2 4 . 0 6 5 | Fdo. P/Comp. | Tarifa Elect.
Córdoba,informacion_consolidada_2026_6.xlsx,CONS,2026,consolidated,CONS,Subtotal,4470479.2069999995,Subtotal
Córdoba,informacion_consolidada_2026_6.xlsx,CONS,2026,consolidated,CONS,Subtotal,4470573.1822999995,Subtotal
Córdoba,informacion_consolidada_2026_6.xlsx,CONS,2026,consolidated,CONS,Total | (1) + (2),4842623.5840289295,Total | (1) + (2)
Córdoba,informacion_consolidada_2026_6.xlsx,CONS,2026,consolidated,CONS,Total | Recursos | Origen Nacional | (1),4775495.60309093,Total | Recursos | Origen Nacional | (1)
Córdoba,informacion_consolidada_2026_6.xlsx,CONS,2026,consolidated,CONS,Transfer. | De Servicios | Ley | Nº 24.049,93.97529999999999,Transfer. | De Servicios | Ley | Nº 24.049
Córdoba,informacion_consolidada_2026_6.xlsx,CONS,2026,consolidated,CONS,Vialidad | Provincial,29994.8545,Vialidad | Provincial
Entre Ríos,informacion_consolidada_2026_6.xlsx,enero,2026,month,2026-01,C.F.I. | Neta De | Ley Nº 26.075,237757.1503,CFI | Neta
Entre Ríos,informacion_consolidada_2026_6.xlsx,enero,2026,month,2026-01,Compensación | Consenso Fiscal | II. a y b; II. d y e | (2),3770.95047,Compensación Consenso Fiscal
Entre Ríos,informacion_consolidada_2026_6.xlsx,enero,2026,month,2026-01,F.E.D.E.I.,239.37963571702622,F.E.D.E.I.
Entre Ríos,informacion_consolidada_2026_6.xlsx,enero,2026,month,2026-01,F.E.D.E.I.,227.15468483862387,F.E.D.E.I.
Entre Ríos,informacion_consolidada_2026_6.xlsx,enero,2026,month,2026-01,Financ. | Educativo | Ley Nº 26.075,15983.076265485508,Financiamiento Educativo
Entre Ríos,informacion_consolidada_2026_6.xlsx,enero,2026,month,2026-01,Fondo | Compens. | de | Desequilib.,1.8,Fondo | Compens. | de | Desequilib.
Entre Ríos,informacion_consolidada_2026_6.xlsx,enero,2026,month,2026-01,I.V.A. | Ley Nº 23.966 | Art. 5 | Punto 2,2758.2407,I.V.A. | Ley Nº 23.966 | Art. 5 | Punto 2
Entre Ríos,informacion_consolidada_2026_6.xlsx,enero,2026,month,2026-01,Impuesto a los Combustibles Líquidos | Ley Nº 23.966 y Nº 24.699 | Obras de | Infraestr.,436.9065,Impuesto a los Combustibles Líquidos | Ley Nº 23.966 y Nº 24.699 | Obras de | Infraestr.
Entre Ríos,informacion_consolidada_2026_6.xlsx,enero,2026,month,2026-01,Impuesto s/ | Los Activos | Fdo. Educ. | Ley Nº 23.906,0.0,Impuesto s/ | Los Activos | Fdo. Educ. | Ley Nº 23.906
Entre Ríos,informacion_consolidada_2026_6.xlsx,enero,2026,month,2026-01,Impuesto sobre los | Bienes Personales | Ley | Nº 24.699,1406.689,Impuesto sobre los | Bienes Personales | Ley | Nº 24.699
Entre Ríos,informacion_consolidada_2026_6.xlsx,enero,2026,month,2026-01,Ley Nº 23.966 | Art. 30,223.22459999999998,Ley Nº 23.966 | Art. 30
Entre Ríos,informacion_consolidada_2026_6.xlsx,enero,2026,month,2026-01,Ley Nº 24.464 | FO.NA.VI.,1703.5221000000001,Ley Nº 24.464 | FO.NA.VI.
Entre Ríos,informacion_consolidada_2026_6.xlsx,enero,2026,month,2026-01,Reg.Simplif. | P/Peq.Contrib. | Ley Nº 24.977 | Aart. 59 Inc. A,1195.8258,Reg.Simplif. | P/Peq.Contrib. | Ley Nº 24.977 | Aart. 59 Inc. A
Entre Ríos,informacion_consolidada_2026_6.xlsx,enero,2026,month,2026-01,Régimen de la Energía Eléctrica | L E Y Nº 2 4 . 0 6 5 | Fdo. P/Comp. | Tarifa Elect.,356.37184764983544,Régimen de la Energía Eléctrica | L E Y Nº 2 4 . 0 6 5 | Fdo. P/Comp. | Tarifa Elect.
Entre Ríos,informacion_consolidada_2026_6.xlsx,enero,2026,month,2026-01,Subtotal,253740.22656548553,Subtotal
Entre Ríos,informacion_consolidada_2026_6.xlsx,enero,2026,month,2026-01,Subtotal,253745.85146548552,Subtotal
Entre Ríos,informacion_consolidada_2026_6.xlsx,enero,2026,month,2026-01,Total | (1) + (2),266779.937903691,Total | (1) + (2)
Entre Ríos,informacion_consolidada_2026_6.xlsx,enero,2026,month,2026-01,Total | Recursos | Origen Nacional | (1),263008.98743369104,Total | Recursos | Origen Nacional | (1)
Entre Ríos,informacion_consolidada_2026_6.xlsx,enero,2026,month,2026-01,Transfer. | De Servicios | Ley | Nº 24.049,5.6249,Transfer. | De Servicios | Ley | Nº 24.049
Entre Ríos,informacion_consolidada_2026_6.xlsx,enero,2026,month,2026-01,Vialidad | Provincial,714.0210999999999,Vialidad | Provincial
Entre Ríos,informacion_consolidada_2026_6.xlsx,febrero,2026,month,2026-02,C.F.I. | Neta De | Ley Nº 26.075,203193.7545,CFI | Neta
Entre Ríos,informacion_consolidada_2026_6.xlsx,febrero,2026,month,2026-02,Compensación | Consenso Fiscal | II. a y b; II. d y e | (2),3232.2432599999997,Compensación Consenso Fiscal
Entre Ríos,informacion_consolidada_2026_6.xlsx,febrero,2026,month,2026-02,F.E.D.E.I.,0.0,F.E.D.E.I.
Entre Ríos,informacion_consolidada_2026_6.xlsx,febrero,2026,month,2026-02,F.E.D.E.I.,0.0,F.E.D.E.I.
Entre Ríos,informacion_consolidada_2026_6.xlsx,febrero,2026,month,2026-02,Financ. | Educativo | Ley Nº 26.075,30513.145597745053,Financiamiento Educativo
Entre Ríos,informacion_consolidada_2026_6.xlsx,febrero,2026,month,2026-02,Fondo | Compens. | de | Desequilib.,1.8,Fondo | Compens. | de | Desequilib.
Entre Ríos,informacion_consolidada_2026_6.xlsx,febrero,2026,month,2026-02,I.V.A. | Ley Nº 23.966 | Art. 5 | Punto 2,2400.3361999999997,I.V.A. | Ley Nº 23.966 | Art. 5 | Punto 2
Entre Ríos,informacion_consolidada_2026_6.xlsx,febrero,2026,month,2026-02,Impuesto a los Combustibles Líquidos | Ley Nº 23.966 y Nº 24.699 | Obras de | Infraestr.,734.4049,Impuesto a los Combustibles Líquidos | Ley Nº 23.966 y Nº 24.699 | Obras de | Infraestr.
Entre Ríos,informacion_consolidada_2026_6.xlsx,febrero,2026,month,2026-02,Impuesto s/ | Los Activos | Fdo. Educ. | Ley Nº 23.906,0.0,Impuesto s/ | Los Activos | Fdo. Educ. | Ley Nº 23.906
Entre Ríos,informacion_consolidada_2026_6.xlsx,febrero,2026,month,2026-02,Impuesto sobre los | Bienes Personales | Ley | Nº 24.699,1974.1698999999999,Impuesto sobre los | Bienes Personales | Ley | Nº 24.699
Entre Ríos,informacion_consolidada_2026_6.xlsx,febrero,2026,month,2026-02,Ley Nº 23.966 | Art. 30,313.27719999999994,Ley Nº 23.966 | Art. 30
Entre Ríos,informacion_consolidada_2026_6.xlsx,febrero,2026,month,2026-02,Ley Nº 24.464 | FO.NA.VI.,2863.4844,Ley Nº 24.464 | FO.NA.VI.
Entre Ríos,informacion_consolidada_2026_6.xlsx,febrero,2026,month,2026-02,Reg.Simplif. | P/Peq.Contrib. | Ley Nº 24.977 | Aart. 59 Inc. A,1443.9103,Reg.Simplif. | P/Peq.Contrib. | Ley Nº 24.977 | Aart. 59 Inc. A
Entre Ríos,informacion_consolidada_2026_6.xlsx,febrero,2026,month,2026-02,Régimen de la Energía Eléctrica | L E Y Nº 2 4 . 0 6 5 | Fdo. P/Comp. | Tarifa Elect.,0.0,Régimen de la Energía Eléctrica | L E Y Nº 2 4 . 0 6 5 | Fdo. P/Comp. | Tarifa Elect.
Entre Ríos,informacion_consolidada_2026_6.xlsx,febrero,2026,month,2026-02,Subtotal,233706.90009774506,Subtotal
Entre Ríos,informacion_consolidada_2026_6.xlsx,febrero,2026,month,2026-02,Subtotal,233712.52499774506,Subtotal
Entre Ríos,informacion_consolidada_2026_6.xlsx,febrero,2026,month,2026-02,Total | (1) + (2),247876.363657745,Total | (1) + (2)
Entre Ríos,informacion_consolidada_2026_6.xlsx,febrero,2026,month,2026-02,Total | Recursos | Origen Nacional | (1),244644.12039774502,Total | Recursos | Origen Nacional | (1)
Entre Ríos,informacion_consolidada_2026_6.xlsx,febrero,2026,month,2026-02,Transfer. | De Servicios | Ley | Nº 24.049,5.6249,Transfer. | De Servicios | Ley | Nº 24.049
Entre Ríos,informacion_consolidada_2026_6.xlsx,febrero,2026,month,2026-02,Vialidad | Provincial,1200.2125,Vialidad | Provincial
Entre Ríos,informacion_consolidada_2026_6.xlsx,marzo,2026,month,2026-03,C.F.I. | Neta De | Ley Nº 26.075,179996.57580000002,CFI | Neta
Entre Ríos,informacion_consolidada_2026_6.xlsx,marzo,2026,month,2026-03,Compensación | Consenso Fiscal | II. a y b; II. d y e | (2),3770.95047,Compensación Consenso Fiscal
Entre Ríos,informacion_consolidada_2026_6.xlsx,marzo,2026,month,2026-03,F.E.D.E.I.,324.6516705049813,F.E.D.E.I.
Entre Ríos,informacion_consolidada_2026_6.xlsx,marzo,2026,month,2026-03,F.E.D.E.I.,458.1921761768218,F.E.D.E.I.
Entre Ríos,informacion_consolidada_2026_6.xlsx,marzo,2026,month,2026-03,Financ. | Educativo | Ley Nº 26.075,33419.15946419691,Financiamiento Educativo
Entre Ríos,informacion_consolidada_2026_6.xlsx,marzo,2026,month,2026-03,Fondo | Compens. | de | Desequilib.,1.8,Fondo | Compens. | de | Desequilib.
Entre Ríos,informacion_consolidada_2026_6.xlsx,marzo,2026,month,2026-03,I.V.A. | Ley Nº 23.966 | Art. 5 | Punto 2,2463.3693,I.V.A. | Ley Nº 23.966 | Art. 5 | Punto 2
Entre Ríos,informacion_consolidada_2026_6.xlsx,marzo,2026,month,2026-03,Impuesto a los Combustibles Líquidos | Ley Nº 23.966 y Nº 24.699 | Obras de | Infraestr.,725.3498000000001,Impuesto a los Combustibles Líquidos | Ley Nº 23.966 y Nº 24.699 | Obras de | Infraestr.
Entre Ríos,informacion_consolidada_2026_6.xlsx,marzo,2026,month,2026-03,Impuesto s/ | Los Activos | Fdo. Educ. | Ley Nº 23.906,0.0,Impuesto s/ | Los Activos | Fdo. Educ. | Ley Nº 23.906
Entre Ríos,informacion_consolidada_2026_6.xlsx,marzo,2026,month,2026-03,Impuesto sobre los | Bienes Personales | Ley | Nº 24.699,954.1223,Impuesto sobre los | Bienes Personales | Ley | Nº 24.699
Entre Ríos,informacion_consolidada_2026_6.xlsx,marzo,2026,month,2026-03,Ley Nº 23.966 | Art. 30,151.4077,Ley Nº 23.966 | Art. 30
Entre Ríos,informacion_consolidada_2026_6.xlsx,marzo,2026,month,2026-03,Ley Nº 24.464 | FO.NA.VI.,2828.1782000000003,Ley Nº 24.464 | FO.NA.VI.
Entre Ríos,informacion_consolidada_2026_6.xlsx,marzo,2026,month,2026-03,Reg.Simplif. | P/Peq.Contrib. | Ley Nº 24.977 | Aart. 59 Inc. A,1365.6833000000001,Reg.Simplif. | P/Peq.Contrib. | Ley Nº 24.977 | Aart. 59 Inc. A
Entre Ríos,informacion_consolidada_2026_6.xlsx,marzo,2026,month,2026-03,Régimen de la Energía Eléctrica | L E Y Nº 2 4 . 0 6 5 | Fdo. P/Comp. | Tarifa Elect.,718.835240003695,Régimen de la Energía Eléctrica | L E Y Nº 2 4 . 0 6 5 | Fdo. P/Comp. | Tarifa Elect.
Entre Ríos,informacion_consolidada_2026_6.xlsx,marzo,2026,month,2026-03,Subtotal,213415.73526419693,Subtotal
Entre Ríos,informacion_consolidada_2026_6.xlsx,marzo,2026,month,2026-03,Subtotal,213421.36016419693,Subtotal
Entre Ríos,informacion_consolidada_2026_6.xlsx,marzo,2026,month,2026-03,Total | (1) + (2),228369.31432088237,Total | (1) + (2)
Entre Ríos,informacion_consolidada_2026_6.xlsx,marzo,2026,month,2026-03,Total | Recursos | Origen Nacional | (1),224598.36385088236,Total | Recursos | Origen Nacional | (1)
Entre Ríos,informacion_consolidada_2026_6.xlsx,marzo,2026,month,2026-03,Transfer. | De Servicios | Ley | Nº 24.049,5.6249,Transfer. | De Servicios | Ley | Nº 24.049
Entre Ríos,informacion_consolidada_2026_6.xlsx,marzo,2026,month,2026-03,Vialidad | Provincial,1185.414,Vialidad | Provincial
Entre Ríos,informacion_consolidada_2026_6.xlsx,abril,2026,month,2026-04,C.F.I. | Neta De | Ley Nº 26.075,204019.67169999998,CFI | Neta
Entre Ríos,informacion_consolidada_2026_6.xlsx,abril,2026,month,2026-04,Compensación | Consenso Fiscal | II. a y b; II. d y e | (2),3906.74178,Compensación Consenso Fiscal
Entre Ríos,informacion_consolidada_2026_6.xlsx,abril,2026,month,2026-04,F.E.D.E.I.,0.0,F.E.D.E.I.
Entre Ríos,informacion_consolidada_2026_6.xlsx,abril,2026,month,2026-04,F.E.D.E.I.,0.0,F.E.D.E.I.
Entre Ríos,informacion_consolidada_2026_6.xlsx,abril,2026,month,2026-04,Financ. | Educativo | Ley Nº 26.075,34872.166397422865,Financiamiento Educativo
Entre Ríos,informacion_consolidada_2026_6.xlsx,abril,2026,month,2026-04,Fondo | Compens. | de | Desequilib.,1.8,Fondo | Compens. | de | Desequilib.
Entre Ríos,informacion_consolidada_2026_6.xlsx,abril,2026,month,2026-04,I.V.A. | Ley Nº 23.966 | Art. 5 | Punto 2,2652.6424,I.V.A. | Ley Nº 23.966 | Art. 5 | Punto 2
Entre Ríos,informacion_consolidada_2026_6.xlsx,abril,2026,month,2026-04,Impuesto a los Combustibles Líquidos | Ley Nº 23.966 y Nº 24.699 | Obras de | Infraestr.,789.8593000000001,Impuesto a los Combustibles Líquidos | Ley Nº 23.966 y Nº 24.699 | Obras de | Infraestr.
Entre Ríos,informacion_consolidada_2026_6.xlsx,abril,2026,month,2026-04,Impuesto s/ | Los Activos | Fdo. Educ. | Ley Nº 23.906,0.0,Impuesto s/ | Los Activos | Fdo. Educ. | Ley Nº 23.906
Entre Ríos,informacion_consolidada_2026_6.xlsx,abril,2026,month,2026-04,Impuesto sobre los | Bienes Personales | Ley | Nº 24.699,1646.9314,Impuesto sobre los | Bienes Personales | Ley | Nº 24.699
Entre Ríos,informacion_consolidada_2026_6.xlsx,abril,2026,month,2026-04,Ley Nº 23.966 | Art. 30,261.3483,Ley Nº 23.966 | Art. 30
Entre Ríos,informacion_consolidada_2026_6.xlsx,abril,2026,month,2026-04,Ley Nº 24.464 | FO.NA.VI.,3079.7041,Ley Nº 24.464 | FO.NA.VI.
Entre Ríos,informacion_consolidada_2026_6.xlsx,abril,2026,month,2026-04,Reg.Simplif. | P/Peq.Contrib. | Ley Nº 24.977 | Aart. 59 Inc. A,1564.0648,Reg.Simplif. | P/Peq.Contrib. | Ley Nº 24.977 | Aart. 59 Inc. A
Entre Ríos,informacion_consolidada_2026_6.xlsx,abril,2026,month,2026-04,Régimen de la Energía Eléctrica | L E Y Nº 2 4 . 0 6 5 | Fdo. P/Comp. | Tarifa Elect.,0.0,Régimen de la Energía Eléctrica | L E Y Nº 2 4 . 0 6 5 | Fdo. P/Comp. | Tarifa Elect.
Entre Ríos,informacion_consolidada_2026_6.xlsx,abril,2026,month,2026-04,Subtotal,238891.83809742285,Subtotal
Entre Ríos,informacion_consolidada_2026_6.xlsx,abril,2026,month,2026-04,Subtotal,238897.46299742284,Subtotal
Entre Ríos,informacion_consolidada_2026_6.xlsx,abril,2026,month,2026-04,Total | (1) + (2),254091.39467742288,Total | (1) + (2)
Entre Ríos,informacion_consolidada_2026_6.xlsx,abril,2026,month,2026-04,Total | Recursos | Origen Nacional | (1),250184.65289742287,Total | Recursos | Origen Nacional | (1)
Entre Ríos,informacion_consolidada_2026_6.xlsx,abril,2026,month,2026-04,Transfer. | De Servicios | Ley | Nº 24.049,5.6249,Transfer. | De Servicios | Ley | Nº 24.049
Entre Ríos,informacion_consolidada_2026_6.xlsx,abril,2026,month,2026-04,Vialidad | Provincial,1290.8396,Vialidad | Provincial
Entre Ríos,informacion_consolidada_2026_6.xlsx,mayo,2026,month,2026-05,C.F.I. | Neta De | Ley Nº 26.075,326423.7119,CFI | Neta
Entre Ríos,informacion_consolidada_2026_6.xlsx,mayo,2026,month,2026-05,Compensación | Consenso Fiscal | II. a y b; II. d y e | (2),3711.404691,Compensación Consenso Fiscal
Entre Ríos,informacion_consolidada_2026_6.xlsx,mayo,2026,month,2026-05,F.E.D.E.I.,201.0931752725034,F.E.D.E.I.
Entre Ríos,informacion_consolidada_2026_6.xlsx,mayo,2026,month,2026-05,F.E.D.E.I.,248.96338443843604,F.E.D.E.I.
Entre Ríos,informacion_consolidada_2026_6.xlsx,mayo,2026,month,2026-05,Financ. | Educativo | Ley Nº 26.075,27607.13173129309,Financiamiento Educativo
Entre Ríos,informacion_consolidada_2026_6.xlsx,mayo,2026,month,2026-05,Fondo | Compens. | de | Desequilib.,1.8,Fondo | Compens. | de | Desequilib.
Entre Ríos,informacion_consolidada_2026_6.xlsx,mayo,2026,month,2026-05,I.V.A. | Ley Nº 23.966 | Art. 5 | Punto 2,2346.0153999999998,I.V.A. | Ley Nº 23.966 | Art. 5 | Punto 2
Entre Ríos,informacion_consolidada_2026_6.xlsx,mayo,2026,month,2026-05,Impuesto a los Combustibles Líquidos | Ley Nº 23.966 y Nº 24.699 | Obras de | Infraestr.,727.7523,Impuesto a los Combustibles Líquidos | Ley Nº 23.966 y Nº 24.699 | Obras de | Infraestr.
Entre Ríos,informacion_consolidada_2026_6.xlsx,mayo,2026,month,2026-05,Impuesto s/ | Los Activos | Fdo. Educ. | Ley Nº 23.906,0.0,Impuesto s/ | Los Activos | Fdo. Educ. | Ley Nº 23.906
Entre Ríos,informacion_consolidada_2026_6.xlsx,mayo,2026,month,2026-05,Impuesto sobre los | Bienes Personales | Ley | Nº 24.699,1815.4314,Impuesto sobre los | Bienes Personales | Ley | Nº 24.699
Entre Ríos,informacion_consolidada_2026_6.xlsx,mayo,2026,month,2026-05,Ley Nº 23.966 | Art. 30,288.08719999999994,Ley Nº 23.966 | Art. 30
Entre Ríos,informacion_consolidada_2026_6.xlsx,mayo,2026,month,2026-05,Ley Nº 24.464 | FO.NA.VI.,2837.5457,Ley Nº 24.464 | FO.NA.VI.
Entre Ríos,informacion_consolidada_2026_6.xlsx,mayo,2026,month,2026-05,Reg.Simplif. | P/Peq.Contrib. | Ley Nº 24.977 | Aart. 59 Inc. A,1531.5173,Reg.Simplif. | P/Peq.Contrib. | Ley Nº 24.977 | Aart. 59 Inc. A
Entre Ríos,informacion_consolidada_2026_6.xlsx,mayo,2026,month,2026-05,Régimen de la Energía Eléctrica | L E Y Nº 2 4 . 0 6 5 | Fdo. P/Comp. | Tarifa Elect.,390.5864471655446,Régimen de la Energía Eléctrica | L E Y Nº 2 4 . 0 6 5 | Fdo. P/Comp. | Tarifa Elect.
Entre Ríos,informacion_consolidada_2026_6.xlsx,mayo,2026,month,2026-05,Subtotal,354030.8436312931,Subtotal
Entre Ríos,informacion_consolidada_2026_6.xlsx,mayo,2026,month,2026-05,Subtotal,354036.4685312931,Subtotal
Entre Ríos,informacion_consolidada_2026_6.xlsx,mayo,2026,month,2026-05,Total | (1) + (2),369326.00592916954,Total | (1) + (2)
Entre Ríos,informacion_consolidada_2026_6.xlsx,mayo,2026,month,2026-05,Total | Recursos | Origen Nacional | (1),365614.60123816953,Total | Recursos | Origen Nacional | (1)
Entre Ríos,informacion_consolidada_2026_6.xlsx,mayo,2026,month,2026-05,Transfer. | De Servicios | Ley | Nº 24.049,5.6249,Transfer. | De Servicios | Ley | Nº 24.049
Entre Ríos,informacion_consolidada_2026_6.xlsx,mayo,2026,month,2026-05,Vialidad | Provincial,1189.3403999999998,Vialidad | Provincial
Entre Ríos,informacion_consolidada_2026_6.xlsx,junio,2026,month,2026-06,C.F.I. | Neta De | Ley Nº 26.075,222289.8852,CFI | Neta
Entre Ríos,informacion_consolidada_2026_6.xlsx,junio,2026,month,2026-06,Compensación | Consenso Fiscal | II. a y b; II. d y e | (2),4102.078869,Compensación Consenso Fiscal
Entre Ríos,informacion_consolidada_2026_6.xlsx,junio,2026,month,2026-06,F.E.D.E.I.,420.7696850104451,F.E.D.E.I.
Entre Ríos,informacion_consolidada_2026_6.xlsx,junio,2026,month,2026-06,F.E.D.E.I.,604.1599636510987,F.E.D.E.I.
Entre Ríos,informacion_consolidada_2026_6.xlsx,junio,2026,month,2026-06,Financ. | Educativo | Ley Nº 26.075,30513.145597744995,Financiamiento Educativo
Entre Ríos,informacion_consolidada_2026_6.xlsx,junio,2026,month,2026-06,Fondo | Compens. | de | Desequilib.,1.8,Fondo | Compens. | de | Desequilib.
Entre Ríos,informacion_consolidada_2026_6.xlsx,junio,2026,month,2026-06,I.V.A. | Ley Nº 23.966 | Art. 5 | Punto 2,2886.8741,I.V.A. | Ley Nº 23.966 | Art. 5 | Punto 2
Entre Ríos,informacion_consolidada_2026_6.xlsx,junio,2026,month,2026-06,Impuesto a los Combustibles Líquidos | Ley Nº 23.966 y Nº 24.699 | Obras de | Infraestr.,902.8113000000001,Impuesto a los Combustibles Líquidos | Ley Nº 23.966 y Nº 24.699 | Obras de | Infraestr.
Entre Ríos,informacion_consolidada_2026_6.xlsx,junio,2026,month,2026-06,Impuesto s/ | Los Activos | Fdo. Educ. | Ley Nº 23.906,0.0,Impuesto s/ | Los Activos | Fdo. Educ. | Ley Nº 23.906
Entre Ríos,informacion_consolidada_2026_6.xlsx,junio,2026,month,2026-06,Impuesto sobre los | Bienes Personales | Ley | Nº 24.699,43653.9468,Impuesto sobre los | Bienes Personales | Ley | Nº 24.699
Entre Ríos,informacion_consolidada_2026_6.xlsx,junio,2026,month,2026-06,Ley Nº 23.966 | Art. 30,6927.3586,Ley Nº 23.966 | Art. 30
Entre Ríos,informacion_consolidada_2026_6.xlsx,junio,2026,month,2026-06,Ley Nº 24.464 | FO.NA.VI.,3520.1102,Ley Nº 24.464 | FO.NA.VI.
Entre Ríos,informacion_consolidada_2026_6.xlsx,junio,2026,month,2026-06,Reg.Simplif. | P/Peq.Contrib. | Ley Nº 24.977 | Aart. 59 Inc. A,1560.8205,Reg.Simplif. | P/Peq.Contrib. | Ley Nº 24.977 | Aart. 59 Inc. A
Entre Ríos,informacion_consolidada_2026_6.xlsx,junio,2026,month,2026-06,Régimen de la Energía Eléctrica | L E Y Nº 2 4 . 0 6 5 | Fdo. P/Comp. | Tarifa Elect.,944.3612572315099,Régimen de la Energía Eléctrica | L E Y Nº 2 4 . 0 6 5 | Fdo. P/Comp. | Tarifa Elect.
Entre Ríos,informacion_consolidada_2026_6.xlsx,junio,2026,month,2026-06,Subtotal,252803.03079774498,Subtotal
Entre Ríos,informacion_consolidada_2026_6.xlsx,junio,2026,month,2026-06,Subtotal,252808.65569774498,Subtotal
Entre Ríos,informacion_consolidada_2026_6.xlsx,junio,2026,month,2026-06,Total | (1) + (2),319809.180172638,Total | (1) + (2)
Entre Ríos,informacion_consolidada_2026_6.xlsx,junio,2026,month,2026-06,Total | Recursos | Origen Nacional | (1),315707.10130363796,Total | Recursos | Origen Nacional | (1)
Entre Ríos,informacion_consolidada_2026_6.xlsx,junio,2026,month,2026-06,Transfer. | De Servicios | Ley | Nº 24.049,5.6249,Transfer. | De Servicios | Ley | Nº 24.049
Entre Ríos,informacion_consolidada_2026_6.xlsx,junio,2026,month,2026-06,Vialidad | Provincial,1475.4332,Vialidad | Provincial
Entre Ríos,informacion_consolidada_2026_6.xlsx,julio,2026,month,2026-07,C.F.I. | Neta De | Ley Nº 26.075,281535.0027,CFI | Neta
Entre Ríos,informacion_consolidada_2026_6.xlsx,julio,2026,month,2026-07,Compensación | Consenso Fiscal | II. a y b; II. d y e | (2),4936.968099000001,Compensación Consenso Fiscal
Entre Ríos,informacion_consolidada_2026_6.xlsx,julio,2026,month,2026-07,F.E.D.E.I.,250.51296479797594,F.E.D.E.I.
Entre Ríos,informacion_consolidada_2026_6.xlsx,julio,2026,month,2026-07,F.E.D.E.I.,306.9123101377486,F.E.D.E.I.
Entre Ríos,informacion_consolidada_2026_6.xlsx,julio,2026,month,2026-07,Financ. | Educativo | Ley Nº 26.075,30513.145597744995,Financiamiento Educativo
Entre Ríos,informacion_consolidada_2026_6.xlsx,julio,2026,month,2026-07,Fondo | Compens. | de | Desequilib.,1.8,Fondo | Compens. | de | Desequilib.
Entre Ríos,informacion_consolidada_2026_6.xlsx,julio,2026,month,2026-07,I.V.A. | Ley Nº 23.966 | Art. 5 | Punto 2,3027.6911999999998,I.V.A. | Ley Nº 23.966 | Art. 5 | Punto 2
Entre Ríos,informacion_consolidada_2026_6.xlsx,julio,2026,month,2026-07,Impuesto a los Combustibles Líquidos | Ley Nº 23.966 y Nº 24.699 | Obras de | Infraestr.,812.1568000000001,Impuesto a los Combustibles Líquidos | Ley Nº 23.966 y Nº 24.699 | Obras de | Infraestr.
Entre Ríos,informacion_consolidada_2026_6.xlsx,julio,2026,month,2026-07,Impuesto s/ | Los Activos | Fdo. Educ. | Ley Nº 23.906,0.0,Impuesto s/ | Los Activos | Fdo. Educ. | Ley Nº 23.906
Entre Ríos,informacion_consolidada_2026_6.xlsx,julio,2026,month,2026-07,Impuesto sobre los | Bienes Personales | Ley | Nº 24.699,4405.8848,Impuesto sobre los | Bienes Personales | Ley | Nº 24.699
Entre Ríos,informacion_consolidada_2026_6.xlsx,julio,2026,month,2026-07,Ley Nº 23.966 | Art. 30,699.1612000000001,Ley Nº 23.966 | Art. 30
Entre Ríos,informacion_consolidada_2026_6.xlsx,julio,2026,month,2026-07,Ley Nº 24.464 | FO.NA.VI.,3166.6432999999997,Ley Nº 24.464 | FO.NA.VI.
Entre Ríos,informacion_consolidada_2026_6.xlsx,julio,2026,month,2026-07,Reg.Simplif. | P/Peq.Contrib. | Ley Nº 24.977 | Aart. 59 Inc. A,1548.5213,Reg.Simplif. | P/Peq.Contrib. | Ley Nº 24.977 | Aart. 59 Inc. A
Entre Ríos,informacion_consolidada_2026_6.xlsx,julio,2026,month,2026-07,Régimen de la Energía Eléctrica | L E Y Nº 2 4 . 0 6 5 | Fdo. P/Comp. | Tarifa Elect.,479.73403154764435,Régimen de la Energía Eléctrica | L E Y Nº 2 4 . 0 6 5 | Fdo. P/Comp. | Tarifa Elect.
Entre Ríos,informacion_consolidada_2026_6.xlsx,julio,2026,month,2026-07,Subtotal,312048.14829774504,Subtotal
Entre Ríos,informacion_consolidada_2026_6.xlsx,julio,2026,month,2026-07,Subtotal,312053.77319774503,Subtotal
Entre Ríos,informacion_consolidada_2026_6.xlsx,julio,2026,month,2026-07,Total | (1) + (2),333017.03890322836,Total | (1) + (2)
Entre Ríos,informacion_consolidada_2026_6.xlsx,julio,2026,month,2026-07,Total | Recursos | Origen Nacional | (1),328080.07080422837,Total | Recursos | Origen Nacional | (1)
Entre Ríos,informacion_consolidada_2026_6.xlsx,julio,2026,month,2026-07,Transfer. | De Servicios | Ley | Nº 24.049,5.6249,Transfer. | De Servicios | Ley | Nº 24.049
Entre Ríos,informacion_consolidada_2026_6.xlsx,julio,2026,month,2026-07,Vialidad | Provincial,1327.2797,Vialidad | Provincial
Entre Ríos,informacion_consolidada_2026_6.xlsx,agosto,2026,month,2026-08,C.F.I. | Neta De | Ley Nº 26.075,266645.7756,CFI | Neta
Entre Ríos,informacion_consolidada_2026_6.xlsx,agosto,2026,month,2026-08,Compensación | Consenso Fiscal | II. a y b; II. d y e | (2),4701.87438,Compensación Consenso Fiscal
Entre Ríos,informacion_consolidada_2026_6.xlsx,agosto,2026,month,2026-08,F.E.D.E.I.,0.0,F.E.D.E.I.
Entre Ríos,informacion_consolidada_2026_6.xlsx,agosto,2026,month,2026-08,F.E.D.E.I.,0.0,F.E.D.E.I.
Entre Ríos,informacion_consolidada_2026_6.xlsx,agosto,2026,month,2026-08,Financ. | Educativo | Ley Nº 26.075,29060.138664519043,Financiamiento Educativo
Entre Ríos,informacion_consolidada_2026_6.xlsx,agosto,2026,month,2026-08,Fondo | Compens. | de | Desequilib.,1.8,Fondo | Compens. | de | Desequilib.
Entre Ríos,informacion_consolidada_2026_6.xlsx,agosto,2026,month,2026-08,I.V.A. | Ley Nº 23.966 | Art. 5 | Punto 2,2943.2884000000004,I.V.A. | Ley Nº 23.966 | Art. 5 | Punto 2
Entre Ríos,informacion_consolidada_2026_6.xlsx,agosto,2026,month,2026-08,Impuesto a los Combustibles Líquidos | Ley Nº 23.966 y Nº 24.699 | Obras de | Infraestr.,885.2589,Impuesto a los Combustibles Líquidos | Ley Nº 23.966 y Nº 24.699 | Obras de | Infraestr.
Entre Ríos,informacion_consolidada_2026_6.xlsx,agosto,2026,month,2026-08,Impuesto s/ | Los Activos | Fdo. Educ. | Ley Nº 23.906,0.018125330000000002,Impuesto s/ | Los Activos | Fdo. Educ. | Ley Nº 23.906
Entre Ríos,informacion_consolidada_2026_6.xlsx,agosto,2026,month,2026-08,Impuesto sobre los | Bienes Personales | Ley | Nº 24.699,3550.2349,Impuesto sobre los | Bienes Personales | Ley | Nº 24.699
Entre Ríos,informacion_consolidada_2026_6.xlsx,agosto,2026,month,2026-08,Ley Nº 23.966 | Art. 30,563.3798,Ley Nº 23.966 | Art. 30
Entre Ríos,informacion_consolidada_2026_6.xlsx,agosto,2026,month,2026-08,Ley Nº 24.464 | FO.NA.VI.,3451.6721000000002,Ley Nº 24.464 | FO.NA.VI.
Entre Ríos,informacion_consolidada_2026_6.xlsx,agosto,2026,month,2026-08,Reg.Simplif. | P/Peq.Contrib. | Ley Nº 24.977 | Aart. 59 Inc. A,1823.1366,Reg.Simplif. | P/Peq.Contrib. | Ley Nº 24.977 | Aart. 59 Inc. A
Entre Ríos,informacion_consolidada_2026_6.xlsx,agosto,2026,month,2026-08,Régimen de la Energía Eléctrica | L E Y Nº 2 4 . 0 6 5 | Fdo. P/Comp. | Tarifa Elect.,0.0,Régimen de la Energía Eléctrica | L E Y Nº 2 4 . 0 6 5 | Fdo. P/Comp. | Tarifa Elect.
Entre Ríos,informacion_consolidada_2026_6.xlsx,agosto,2026,month,2026-08,Subtotal,295705.91426451906,Subtotal
Entre Ríos,informacion_consolidada_2026_6.xlsx,agosto,2026,month,2026-08,Subtotal,295711.53916451905,Subtotal
Entre Ríos,informacion_consolidada_2026_6.xlsx,agosto,2026,month,2026-08,Total | (1) + (2),315078.9501698491,Total | (1) + (2)
Entre Ríos,informacion_consolidada_2026_6.xlsx,agosto,2026,month,2026-08,Total | Recursos | Origen Nacional | (1),310377.0757898491,Total | Recursos | Origen Nacional | (1)
Entre Ríos,informacion_consolidada_2026_6.xlsx,agosto,2026,month,2026-08,Transfer. | De Servicios | Ley | Nº 24.049,5.6249,Transfer. | De Servicios | Ley | Nº 24.049
Entre Ríos,informacion_consolidada_2026_6.xlsx,agosto,2026,month,2026-08,Vialidad | Provincial,1446.7478,Vialidad | Provincial
Entre Ríos,informacion_consolidada_2026_6.xlsx,septiembre,2026,month,2026-09,C.F.I. | Neta De | Ley Nº 26.075,271969.9067,CFI | Neta
Entre Ríos,informacion_consolidada_2026_6.xlsx,septiembre,2026,month,2026-09,Compensación | Consenso Fiscal | II. a y b; II. d y e | (2),5172.061818,Compensación Consenso Fiscal
Entre Ríos,informacion_consolidada_2026_6.xlsx,septiembre,2026,month,2026-09,F.E.D.E.I.,470.4988452019702,F.E.D.E.I.
Entre Ríos,informacion_consolidada_2026_6.xlsx,septiembre,2026,month,2026-09,F.E.D.E.I.,692.8451770726151,F.E.D.E.I.
Entre Ríos,informacion_consolidada_2026_6.xlsx,septiembre,2026,month,2026-09,Financ. | Educativo | Ley Nº 26.075,31966.152530970947,Financiamiento Educativo
Entre Ríos,informacion_consolidada_2026_6.xlsx,septiembre,2026,month,2026-09,Fondo | Compens. | de | Desequilib.,1.8,Fondo | Compens. | de | Desequilib.
Entre Ríos,informacion_consolidada_2026_6.xlsx,septiembre,2026,month,2026-09,I.V.A. | Ley Nº 23.966 | Art. 5 | Punto 2,3038.3641,I.V.A. | Ley Nº 23.966 | Art. 5 | Punto 2
Entre Ríos,informacion_consolidada_2026_6.xlsx,septiembre,2026,month,2026-09,Impuesto a los Combustibles Líquidos | Ley Nº 23.966 y Nº 24.699 | Obras de | Infraestr.,875.5819,Impuesto a los Combustibles Líquidos | Ley Nº 23.966 y Nº 24.699 | Obras de | Infraestr.
Entre Ríos,informacion_consolidada_2026_6.xlsx,septiembre,2026,month,2026-09,Impuesto s/ | Los Activos | Fdo. Educ. | Ley Nº 23.906,0.0,Impuesto s/ | Los Activos | Fdo. Educ. | Ley Nº 23.906
Entre Ríos,informacion_consolidada_2026_6.xlsx,septiembre,2026,month,2026-09,Impuesto sobre los | Bienes Personales | Ley | Nº 24.699,2396.286,Impuesto sobre los | Bienes Personales | Ley | Nº 24.699
Entre Ríos,informacion_consolidada_2026_6.xlsx,septiembre,2026,month,2026-09,Ley Nº 23.966 | Art. 30,380.2619,Ley Nº 23.966 | Art. 30
Entre Ríos,informacion_consolidada_2026_6.xlsx,septiembre,2026,month,2026-09,Ley Nº 24.464 | FO.NA.VI.,3413.9411,Ley Nº 24.464 | FO.NA.VI.
Entre Ríos,informacion_consolidada_2026_6.xlsx,septiembre,2026,month,2026-09,Reg.Simplif. | P/Peq.Contrib. | Ley Nº 24.977 | Aart. 59 Inc. A,1880.4769,Reg.Simplif. | P/Peq.Contrib. | Ley Nº 24.977 | Aart. 59 Inc. A
Entre Ríos,informacion_consolidada_2026_6.xlsx,septiembre,2026,month,2026-09,Régimen de la Energía Eléctrica | L E Y Nº 2 4 . 0 6 5 | Fdo. P/Comp. | Tarifa Elect.,1082.9849408053733,Régimen de la Energía Eléctrica | L E Y Nº 2 4 . 0 6 5 | Fdo. P/Comp. | Tarifa Elect.
Entre Ríos,informacion_consolidada_2026_6.xlsx,septiembre,2026,month,2026-09,Subtotal,303936.0592309709,Subtotal
Entre Ríos,informacion_consolidada_2026_6.xlsx,septiembre,2026,month,2026-09,Subtotal,303941.6841309709,Subtotal
Entre Ríos,informacion_consolidada_2026_6.xlsx,septiembre,2026,month,2026-09,Total | (1) + (2),324777.7199120509,Total | (1) + (2)
Entre Ríos,informacion_consolidada_2026_6.xlsx,septiembre,2026,month,2026-09,Total | Recursos | Origen Nacional | (1),319605.6580940509,Total | Recursos | Origen Nacional | (1)
Entre Ríos,informacion_consolidada_2026_6.xlsx,septiembre,2026,month,2026-09,Transfer. | De Servicios | Ley | Nº 24.049,5.6249,Transfer. | De Servicios | Ley | Nº 24.049
Entre Ríos,informacion_consolidada_2026_6.xlsx,septiembre,2026,month,2026-09,Vialidad | Provincial,1430.9331000000002,Vialidad | Provincial
Entre Ríos,informacion_consolidada_2026_6.xlsx,CONS,2026,consolidated,CONS,C.F.I. | Neta De | Ley Nº 26.075,2193831.4343999997,CFI | Neta
Entre Ríos,informacion_consolidada_2026_6.xlsx,CONS,2026,consolidated,CONS,Compensación | Consenso Fiscal | II. a y b; II. d y e | (2),37305.273837,Compensación Consenso Fiscal
Entre Ríos,informacion_consolidada_2026_6.xlsx,CONS,2026,consolidated,CONS,F.E.D.E.I.,1906.905976504902,F.E.D.E.I.
Entre Ríos,informacion_consolidada_2026_6.xlsx,CONS,2026,consolidated,CONS,F.E.D.E.I.,2538.2276963153445,F.E.D.E.I.
Entre Ríos,informacion_consolidada_2026_6.xlsx,CONS,2026,consolidated,CONS,Financ. | Educativo | Ley Nº 26.075,264447.2619,Financiamiento Educativo
Entre Ríos,informacion_consolidada_2026_6.xlsx,CONS,2026,consolidated,CONS,Fondo | Compens. | de | Desequilib.,16.2,Fondo | Compens. | de | Desequilib.
Entre Ríos,informacion_consolidada_2026_6.xlsx,CONS,2026,consolidated,CONS,I.V.A. | Ley Nº 23.966 | Art. 5 | Punto 2,24516.821800000005,I.V.A. | Ley Nº 23.966 | Art. 5 | Punto 2
Entre Ríos,informacion_consolidada_2026_6.xlsx,CONS,2026,consolidated,CONS,Impuesto a los Combustibles Líquidos | Ley Nº 23.966 y Nº 24.699 | Obras de | Infraestr.,6890.081700000001,Impuesto a los Combustibles Líquidos | Ley Nº 23.966 y Nº 24.699 | Obras de | Infraestr.
Entre Ríos,informacion_consolidada_2026_6.xlsx,CONS,2026,consolidated,CONS,Impuesto s/ | Los Activos | Fdo. Educ. | Ley Nº 23.906,0.0181,Impuesto s/ | Los Activos | Fdo. Educ. | Ley Nº 23.906
Entre Ríos,informacion_consolidada_2026_6.xlsx,CONS,2026,consolidated,CONS,Impuesto sobre los | Bienes Personales | Ley | Nº 24.699,61803.69649999999,Impuesto sobre los | Bienes Personales | Ley | Nº 24.699
Entre Ríos,informacion_consolidada_2026_6.xlsx,CONS,2026,consolidated,CONS,Ley Nº 23.966 | Art. 30,9807.5065,Ley Nº 23.966 | Art. 30
Entre Ríos,informacion_consolidada_2026_6.xlsx,CONS,2026,consolidated,CONS,Ley Nº 24.464 | FO.NA.VI.,26864.8012,Ley Nº 24.464 | FO.NA.VI.
Entre Ríos,informacion_consolidada_2026_6.xlsx,CONS,2026,consolidated,CONS,Reg.Simplif. | P/Peq.Contrib. | Ley Nº 24.977 | Aart. 59 Inc. A,13913.9568,Reg.Simplif. | P/Peq.Contrib. | Ley Nº 24.977 | Aart. 59 Inc. A
Entre Ríos,informacion_consolidada_2026_6.xlsx,CONS,2026,consolidated,CONS,Régimen de la Energía Eléctrica | L E Y Nº 2 4 . 0 6 5 | Fdo. P/Comp. | Tarifa Elect.,3972.8736,Régimen de la Energía Eléctrica | L E Y Nº 2 4 . 0 6 5 | Fdo. P/Comp. | Tarifa Elect.
Entre Ríos,informacion_consolidada_2026_6.xlsx,CONS,2026,consolidated,CONS,Subtotal,2458278.6962999995,Subtotal
Entre Ríos,informacion_consolidada_2026_6.xlsx,CONS,2026,consolidated,CONS,Subtotal,2458329.3203999996,Subtotal
Entre Ríos,informacion_consolidada_2026_6.xlsx,CONS,2026,consolidated,CONS,Total | (1) + (2),2659125.9055098207,Total | (1) + (2)
Entre Ríos,informacion_consolidada_2026_6.xlsx,CONS,2026,consolidated,CONS,Total | Recursos | Origen Nacional | (1),2621820.6316728205,Total | Recursos | Origen Nacional | (1)
Entre Ríos,informacion_consolidada_2026_6.xlsx,CONS,2026,consolidated,CONS,Transfer. | De Servicios | Ley | Nº 24.049,50.624100000000006,Transfer. | De Servicios | Ley | Nº 24.049
Entre Ríos,informacion_consolidada_2026_6.xlsx,CONS,2026,consolidated,CONS,Vialidad | Provincial,11260.2214,Vialidad | Provincial
Formosa,informacion_consolidada_2026_6.xlsx,enero,2026,month,2026-01,C.F.I. | Neta De | Ley Nº 26.075,178404.57,CFI | Neta
Formosa,informacion_consolidada_2026_6.xlsx,enero,2026,month,2026-01,Compensación | Consenso Fiscal | II. a y b; II. d y e | (2),4036.2441839999997,Compensación Consenso Fiscal
Formosa,informacion_consolidada_2026_6.xlsx,enero,2026,month,2026-01,F.E.D.E.I.,321.4225661404487,F.E.D.E.I.
Formosa,informacion_consolidada_2026_6.xlsx,enero,2026,month,2026-01,F.E.D.E.I.,305.0077400836948,F.E.D.E.I.
Formosa,informacion_consolidada_2026_6.xlsx,enero,2026,month,2026-01,Financ. | Educativo | Ley Nº 26.075,10774.533840311311,Financiamiento Educativo
Formosa,informacion_consolidada_2026_6.xlsx,enero,2026,month,2026-01,Fondo | Compens. | de | Desequilib.,2.2,Fondo | Compens. | de | Desequilib.
Formosa,informacion_consolidada_2026_6.xlsx,enero,2026,month,2026-01,I.V.A. | Ley Nº 23.966 | Art. 5 | Punto 2,744.2418,I.V.A. | Ley Nº 23.966 | Art. 5 | Punto 2
Formosa,informacion_consolidada_2026_6.xlsx,enero,2026,month,2026-01,Impuesto a los Combustibles Líquidos | Ley Nº 23.966 y Nº 24.699 | Obras de | Infraestr.,325.74690000000004,Impuesto a los Combustibles Líquidos | Ley Nº 23.966 y Nº 24.699 | Obras de | Infraestr.
Formosa,informacion_consolidada_2026_6.xlsx,enero,2026,month,2026-01,Impuesto s/ | Los Activos | Fdo. Educ. | Ley Nº 23.906,0.0,Impuesto s/ | Los Activos | Fdo. Educ. | Ley Nº 23.906
Formosa,informacion_consolidada_2026_6.xlsx,enero,2026,month,2026-01,Impuesto sobre los | Bienes Personales | Ley | Nº 24.699,1048.774,Impuesto sobre los | Bienes Personales | Ley | Nº 24.699
Formosa,informacion_consolidada_2026_6.xlsx,enero,2026,month,2026-01,Ley Nº 23.966 | Art. 30,60.2316,Ley Nº 23.966 | Art. 30
Formosa,informacion_consolidada_2026_6.xlsx,enero,2026,month,2026-01,Ley Nº 24.464 | FO.NA.VI.,1747.2021000000002,Ley Nº 24.464 | FO.NA.VI.
Formosa,informacion_consolidada_2026_6.xlsx,enero,2026,month,2026-01,Reg.Simplif. | P/Peq.Contrib. | Ley Nº 24.977 | Aart. 59 Inc. A,891.5786999999999,Reg.Simplif. | P/Peq.Contrib. | Ley Nº 24.977 | Aart. 59 Inc. A
Formosa,informacion_consolidada_2026_6.xlsx,enero,2026,month,2026-01,Régimen de la Energía Eléctrica | L E Y Nº 2 4 . 0 6 5 | Fdo. P/Comp. | Tarifa Elect.,389.0016404705113,Régimen de la Energía Eléctrica | L E Y Nº 2 4 . 0 6 5 | Fdo. P/Comp. | Tarifa Elect.
Formosa,informacion_consolidada_2026_6.xlsx,enero,2026,month,2026-01,Subtotal,189179.10384031132,Subtotal
Formosa,informacion_consolidada_2026_6.xlsx,enero,2026,month,2026-01,Subtotal,189180.82894031133,Subtotal
Formosa,informacion_consolidada_2026_6.xlsx,enero,2026,month,2026-01,Total | (1) + (2),199434.57767100603,Total | (1) + (2)
Formosa,informacion_consolidada_2026_6.xlsx,enero,2026,month,2026-01,Total | Recursos | Origen Nacional | (1),195398.33348700602,Total | Recursos | Origen Nacional | (1)
Formosa,informacion_consolidada_2026_6.xlsx,enero,2026,month,2026-01,Transfer. | De Servicios | Ley | Nº 24.049,1.7251,Transfer. | De Servicios | Ley | Nº 24.049
Formosa,informacion_consolidada_2026_6.xlsx,enero,2026,month,2026-01,Vialidad | Provincial,382.0975,Vialidad | Provincial
Formosa,informacion_consolidada_2026_6.xlsx,febrero,2026,month,2026-02,C.F.I. | Neta De | Ley Nº 26.075,153673.4497,CFI | Neta
Formosa,informacion_consolidada_2026_6.xlsx,febrero,2026,month,2026-02,Compensación | Consenso Fiscal | II. a y b; II. d y e | (2),3459.637872,Compensación Consenso Fiscal
Formosa,informacion_consolidada_2026_6.xlsx,febrero,2026,month,2026-02,F.E.D.E.I.,0.0,F.E.D.E.I.
Formosa,informacion_consolidada_2026_6.xlsx,febrero,2026,month,2026-02,F.E.D.E.I.,0.0,F.E.D.E.I.
Formosa,informacion_consolidada_2026_6.xlsx,febrero,2026,month,2026-02,Financ. | Educativo | Ley Nº 26.075,20569.564604230687,Financiamiento Educativo
Formosa,informacion_consolidada_2026_6.xlsx,febrero,2026,month,2026-02,Fondo | Compens. | de | Desequilib.,2.2,Fondo | Compens. | de | Desequilib.
Formosa,informacion_consolidada_2026_6.xlsx,febrero,2026,month,2026-02,I.V.A. | Ley Nº 23.966 | Art. 5 | Punto 2,647.6703,I.V.A. | Ley Nº 23.966 | Art. 5 | Punto 2
Formosa,informacion_consolidada_2026_6.xlsx,febrero,2026,month,2026-02,Impuesto a los Combustibles Líquidos | Ley Nº 23.966 y Nº 24.699 | Obras de | Infraestr.,547.5545,Impuesto a los Combustibles Líquidos | Ley Nº 23.966 y Nº 24.699 | Obras de | Infraestr.
Formosa,informacion_consolidada_2026_6.xlsx,febrero,2026,month,2026-02,Impuesto s/ | Los Activos | Fdo. Educ. | Ley Nº 23.906,0.0,Impuesto s/ | Los Activos | Fdo. Educ. | Ley Nº 23.906
Formosa,informacion_consolidada_2026_6.xlsx,febrero,2026,month,2026-02,Impuesto sobre los | Bienes Personales | Ley | Nº 24.699,1471.8663000000001,Impuesto sobre los | Bienes Personales | Ley | Nº 24.699
Formosa,informacion_consolidada_2026_6.xlsx,febrero,2026,month,2026-02,Ley Nº 23.966 | Art. 30,84.5299,Ley Nº 23.966 | Art. 30
Formosa,informacion_consolidada_2026_6.xlsx,febrero,2026,month,2026-02,Ley Nº 24.464 | FO.NA.VI.,2936.9071,Ley Nº 24.464 | FO.NA.VI.
Formosa,informacion_consolidada_2026_6.xlsx,febrero,2026,month,2026-02,Reg.Simplif. | P/Peq.Contrib. | Ley Nº 24.977 | Aart. 59 Inc. A,1076.5445,Reg.Simplif. | P/Peq.Contrib. | Ley Nº 24.977 | Aart. 59 Inc. A
Formosa,informacion_consolidada_2026_6.xlsx,febrero,2026,month,2026-02,Régimen de la Energía Eléctrica | L E Y Nº 2 4 . 0 6 5 | Fdo. P/Comp. | Tarifa Elect.,0.0,Régimen de la Energía Eléctrica | L E Y Nº 2 4 . 0 6 5 | Fdo. P/Comp. | Tarifa Elect.
Formosa,informacion_consolidada_2026_6.xlsx,febrero,2026,month,2026-02,Subtotal,174243.0143042307,Subtotal
Formosa,informacion_consolidada_2026_6.xlsx,febrero,2026,month,2026-02,Subtotal,174244.7394042307,Subtotal
Formosa,informacion_consolidada_2026_6.xlsx,febrero,2026,month,2026-02,Total | (1) + (2),185113.9252762307,Total | (1) + (2)
Formosa,informacion_consolidada_2026_6.xlsx,febrero,2026,month,2026-02,Total | Recursos | Origen Nacional | (1),181654.2874042307,Total | Recursos | Origen Nacional | (1)
Formosa,informacion_consolidada_2026_6.xlsx,febrero,2026,month,2026-02,Transfer. | De Servicios | Ley | Nº 24.049,1.7251,Transfer. | De Servicios | Ley | Nº 24.049
Formosa,informacion_consolidada_2026_6.xlsx,febrero,2026,month,2026-02,Vialidad | Provincial,642.2754,Vialidad | Provincial
Formosa,informacion_consolidada_2026_6.xlsx,marzo,2026,month,2026-03,C.F.I. | Neta De | Ley Nº 26.075,136586.1194,CFI | Neta
Formosa,informacion_consolidada_2026_6.xlsx,marzo,2026,month,2026-03,Compensación | Consenso Fiscal | II. a y b; II. d y e | (2),4036.2441839999997,Compensación Consenso Fiscal
Formosa,informacion_consolidada_2026_6.xlsx,marzo,2026,month,2026-03,F.E.D.E.I.,435.92000932252193,F.E.D.E.I.
Formosa,informacion_consolidada_2026_6.xlsx,marzo,2026,month,2026-03,F.E.D.E.I.,615.2290465559656,F.E.D.E.I.
Formosa,informacion_consolidada_2026_6.xlsx,marzo,2026,month,2026-03,Financ. | Educativo | Ley Nº 26.075,22528.57075701456,Financiamiento Educativo
Formosa,informacion_consolidada_2026_6.xlsx,marzo,2026,month,2026-03,Fondo | Compens. | de | Desequilib.,2.2,Fondo | Compens. | de | Desequilib.
Formosa,informacion_consolidada_2026_6.xlsx,marzo,2026,month,2026-03,I.V.A. | Ley Nº 23.966 | Art. 5 | Punto 2,664.6782,I.V.A. | Ley Nº 23.966 | Art. 5 | Punto 2
Formosa,informacion_consolidada_2026_6.xlsx,marzo,2026,month,2026-03,Impuesto a los Combustibles Líquidos | Ley Nº 23.966 y Nº 24.699 | Obras de | Infraestr.,540.8032,Impuesto a los Combustibles Líquidos | Ley Nº 23.966 y Nº 24.699 | Obras de | Infraestr.
Formosa,informacion_consolidada_2026_6.xlsx,marzo,2026,month,2026-03,Impuesto s/ | Los Activos | Fdo. Educ. | Ley Nº 23.906,0.0,Impuesto s/ | Los Activos | Fdo. Educ. | Ley Nº 23.906
Formosa,informacion_consolidada_2026_6.xlsx,marzo,2026,month,2026-03,Impuesto sobre los | Bienes Personales | Ley | Nº 24.699,711.3575,Impuesto sobre los | Bienes Personales | Ley | Nº 24.699
Formosa,informacion_consolidada_2026_6.xlsx,marzo,2026,month,2026-03,Ley Nº 23.966 | Art. 30,40.8536,Ley Nº 23.966 | Art. 30
Formosa,informacion_consolidada_2026_6.xlsx,marzo,2026,month,2026-03,Ley Nº 24.464 | FO.NA.VI.,2900.6956,Ley Nº 24.464 | FO.NA.VI.
Formosa,informacion_consolidada_2026_6.xlsx,marzo,2026,month,2026-03,Reg.Simplif. | P/Peq.Contrib. | Ley Nº 24.977 | Aart. 59 Inc. A,1018.2203000000001,Reg.Simplif. | P/Peq.Contrib. | Ley Nº 24.977 | Aart. 59 Inc. A
Formosa,informacion_consolidada_2026_6.xlsx,marzo,2026,month,2026-03,Régimen de la Energía Eléctrica | L E Y Nº 2 4 . 0 6 5 | Fdo. P/Comp. | Tarifa Elect.,784.6525740791956,Régimen de la Energía Eléctrica | L E Y Nº 2 4 . 0 6 5 | Fdo. P/Comp. | Tarifa Elect.
Formosa,informacion_consolidada_2026_6.xlsx,marzo,2026,month,2026-03,Subtotal,159114.69015701456,Subtotal
Formosa,informacion_consolidada_2026_6.xlsx,marzo,2026,month,2026-03,Subtotal,159116.41525701457,Subtotal
Formosa,informacion_consolidada_2026_6.xlsx,marzo,2026,month,2026-03,Total | (1) + (2),171501.62577097228,Total | (1) + (2)
Formosa,informacion_consolidada_2026_6.xlsx,marzo,2026,month,2026-03,Total | Recursos | Origen Nacional | (1),167465.38158697227,Total | Recursos | Origen Nacional | (1)
Formosa,informacion_consolidada_2026_6.xlsx,marzo,2026,month,2026-03,Transfer. | De Servicios | Ley | Nº 24.049,1.7251,Transfer. | De Servicios | Ley | Nº 24.049
Formosa,informacion_consolidada_2026_6.xlsx,marzo,2026,month,2026-03,Vialidad | Provincial,634.3563,Vialidad | Provincial
Formosa,informacion_consolidada_2026_6.xlsx,abril,2026,month,2026-04,C.F.I. | Neta De | Ley Nº 26.075,154600.63390000002,CFI | Neta
Formosa,informacion_consolidada_2026_6.xlsx,abril,2026,month,2026-04,Compensación | Consenso Fiscal | II. a y b; II. d y e | (2),4604.54268,Compensación Consenso Fiscal
Formosa,informacion_consolidada_2026_6.xlsx,abril,2026,month,2026-04,F.E.D.E.I.,0.0,F.E.D.E.I.
Formosa,informacion_consolidada_2026_6.xlsx,abril,2026,month,2026-04,F.E.D.E.I.,0.0,F.E.D.E.I.
Formosa,informacion_consolidada_2026_6.xlsx,abril,2026,month,2026-04,Financ. | Educativo | Ley Nº 26.075,23508.07383340649,Financiamiento Educativo
Formosa,informacion_consolidada_2026_6.xlsx,abril,2026,month,2026-04,Fondo | Compens. | de | Desequilib.,2.2,Fondo | Compens. | de | Desequilib.
Formosa,informacion_consolidada_2026_6.xlsx,abril,2026,month,2026-04,I.V.A. | Ley Nº 23.966 | Art. 5 | Punto 2,715.7487,I.V.A. | Ley Nº 23.966 | Art. 5 | Punto 2
Formosa,informacion_consolidada_2026_6.xlsx,abril,2026,month,2026-04,Impuesto a los Combustibles Líquidos | Ley Nº 23.966 y Nº 24.699 | Obras de | Infraestr.,588.8999,Impuesto a los Combustibles Líquidos | Ley Nº 23.966 y Nº 24.699 | Obras de | Infraestr.
Formosa,informacion_consolidada_2026_6.xlsx,abril,2026,month,2026-04,Impuesto s/ | Los Activos | Fdo. Educ. | Ley Nº 23.906,0.0,Impuesto s/ | Los Activos | Fdo. Educ. | Ley Nº 23.906
Formosa,informacion_consolidada_2026_6.xlsx,abril,2026,month,2026-04,Impuesto sobre los | Bienes Personales | Ley | Nº 24.699,1227.8897,Impuesto sobre los | Bienes Personales | Ley | Nº 24.699
Formosa,informacion_consolidada_2026_6.xlsx,abril,2026,month,2026-04,Ley Nº 23.966 | Art. 30,70.5183,Ley Nº 23.966 | Art. 30
Formosa,informacion_consolidada_2026_6.xlsx,abril,2026,month,2026-04,Ley Nº 24.464 | FO.NA.VI.,3158.6709,Ley Nº 24.464 | FO.NA.VI.
Formosa,informacion_consolidada_2026_6.xlsx,abril,2026,month,2026-04,Reg.Simplif. | P/Peq.Contrib. | Ley Nº 24.977 | Aart. 59 Inc. A,1166.1287,Reg.Simplif. | P/Peq.Contrib. | Ley Nº 24.977 | Aart. 59 Inc. A
Formosa,informacion_consolidada_2026_6.xlsx,abril,2026,month,2026-04,Régimen de la Energía Eléctrica | L E Y Nº 2 4 . 0 6 5 | Fdo. P/Comp. | Tarifa Elect.,0.0,Régimen de la Energía Eléctrica | L E Y Nº 2 4 . 0 6 5 | Fdo. P/Comp. | Tarifa Elect.
Formosa,informacion_consolidada_2026_6.xlsx,abril,2026,month,2026-04,Subtotal,178108.7077334065,Subtotal
Formosa,informacion_consolidada_2026_6.xlsx,abril,2026,month,2026-04,Subtotal,178110.43283340652,Subtotal
Formosa,informacion_consolidada_2026_6.xlsx,abril,2026,month,2026-04,Total | (1) + (2),190335.80491340652,Total | (1) + (2)
Formosa,informacion_consolidada_2026_6.xlsx,abril,2026,month,2026-04,Total | Recursos | Origen Nacional | (1),185731.2622334065,Total | Recursos | Origen Nacional | (1)
Formosa,informacion_consolidada_2026_6.xlsx,abril,2026,month,2026-04,Transfer. | De Servicios | Ley | Nº 24.049,1.7251,Transfer. | De Servicios | Ley | Nº 24.049
Formosa,informacion_consolidada_2026_6.xlsx,abril,2026,month,2026-04,Vialidad | Provincial,690.7732,Vialidad | Provincial
Formosa,informacion_consolidada_2026_6.xlsx,mayo,2026,month,2026-05,C.F.I. | Neta De | Ley Nº 26.075,245341.4315,CFI | Neta
Formosa,informacion_consolidada_2026_6.xlsx,mayo,2026,month,2026-05,Compensación | Consenso Fiscal | II. a y b; II. d y e | (2),4374.315546,Compensación Consenso Fiscal
Formosa,informacion_consolidada_2026_6.xlsx,mayo,2026,month,2026-05,F.E.D.E.I.,270.014131464336,F.E.D.E.I.
Formosa,informacion_consolidada_2026_6.xlsx,mayo,2026,month,2026-05,F.E.D.E.I.,334.2909669809611,F.E.D.E.I.
Formosa,informacion_consolidada_2026_6.xlsx,mayo,2026,month,2026-05,Financ. | Educativo | Ley Nº 26.075,18610.558451446817,Financiamiento Educativo
Formosa,informacion_consolidada_2026_6.xlsx,mayo,2026,month,2026-05,Fondo | Compens. | de | Desequilib.,2.2,Fondo | Compens. | de | Desequilib.
Formosa,informacion_consolidada_2026_6.xlsx,mayo,2026,month,2026-05,I.V.A. | Ley Nº 23.966 | Art. 5 | Punto 2,633.0132,I.V.A. | Ley Nº 23.966 | Art. 5 | Punto 2
Formosa,informacion_consolidada_2026_6.xlsx,mayo,2026,month,2026-05,Impuesto a los Combustibles Líquidos | Ley Nº 23.966 y Nº 24.699 | Obras de | Infraestr.,542.5945,Impuesto a los Combustibles Líquidos | Ley Nº 23.966 y Nº 24.699 | Obras de | Infraestr.
Formosa,informacion_consolidada_2026_6.xlsx,mayo,2026,month,2026-05,Impuesto s/ | Los Activos | Fdo. Educ. | Ley Nº 23.906,0.0,Impuesto s/ | Los Activos | Fdo. Educ. | Ley Nº 23.906
Formosa,informacion_consolidada_2026_6.xlsx,mayo,2026,month,2026-05,Impuesto sobre los | Bienes Personales | Ley | Nº 24.699,1353.5168999999999,Impuesto sobre los | Bienes Personales | Ley | Nº 24.699
Formosa,informacion_consolidada_2026_6.xlsx,mayo,2026,month,2026-05,Ley Nº 23.966 | Art. 30,77.73310000000001,Ley Nº 23.966 | Art. 30
Formosa,informacion_consolidada_2026_6.xlsx,mayo,2026,month,2026-05,Ley Nº 24.464 | FO.NA.VI.,2910.3033,Ley Nº 24.464 | FO.NA.VI.
Formosa,informacion_consolidada_2026_6.xlsx,mayo,2026,month,2026-05,Reg.Simplif. | P/Peq.Contrib. | Ley Nº 24.977 | Aart. 59 Inc. A,1141.8621,Reg.Simplif. | P/Peq.Contrib. | Ley Nº 24.977 | Aart. 59 Inc. A
Formosa,informacion_consolidada_2026_6.xlsx,mayo,2026,month,2026-05,Régimen de la Energía Eléctrica | L E Y Nº 2 4 . 0 6 5 | Fdo. P/Comp. | Tarifa Elect.,426.3489658327285,Régimen de la Energía Eléctrica | L E Y Nº 2 4 . 0 6 5 | Fdo. P/Comp. | Tarifa Elect.
Formosa,informacion_consolidada_2026_6.xlsx,mayo,2026,month,2026-05,Subtotal,263951.9899514468,Subtotal
Formosa,informacion_consolidada_2026_6.xlsx,mayo,2026,month,2026-05,Subtotal,263953.7150514468,Subtotal
Formosa,informacion_consolidada_2026_6.xlsx,mayo,2026,month,2026-05,Total | (1) + (2),276656.36516172497,Total | (1) + (2)
Formosa,informacion_consolidada_2026_6.xlsx,mayo,2026,month,2026-05,Total | Recursos | Origen Nacional | (1),272282.04961572494,Total | Recursos | Origen Nacional | (1)
Formosa,informacion_consolidada_2026_6.xlsx,mayo,2026,month,2026-05,Transfer. | De Servicios | Ley | Nº 24.049,1.7251,Transfer. | De Servicios | Ley | Nº 24.049
Formosa,informacion_consolidada_2026_6.xlsx,mayo,2026,month,2026-05,Vialidad | Provincial,636.4574,Vialidad | Provincial
Formosa,informacion_consolidada_2026_6.xlsx,junio,2026,month,2026-06,C.F.I. | Neta De | Ley Nº 26.075,167910.8016,CFI | Neta
Formosa,informacion_consolidada_2026_6.xlsx,junio,2026,month,2026-06,Compensación | Consenso Fiscal | II. a y b; II. d y e | (2),4834.769814,Compensación Consenso Fiscal
Formosa,informacion_consolidada_2026_6.xlsx,junio,2026,month,2026-06,F.E.D.E.I.,564.9806906166632,F.E.D.E.I.
Formosa,informacion_consolidada_2026_6.xlsx,junio,2026,month,2026-06,F.E.D.E.I.,811.2245859709723,F.E.D.E.I.
Formosa,informacion_consolidada_2026_6.xlsx,junio,2026,month,2026-06,Financ. | Educativo | Ley Nº 26.075,20569.564604230683,Financiamiento Educativo
Formosa,informacion_consolidada_2026_6.xlsx,junio,2026,month,2026-06,Fondo | Compens. | de | Desequilib.,2.2,Fondo | Compens. | de | Desequilib.
Formosa,informacion_consolidada_2026_6.xlsx,junio,2026,month,2026-06,I.V.A. | Ley Nº 23.966 | Art. 5 | Punto 2,778.9503000000001,I.V.A. | Ley Nº 23.966 | Art. 5 | Punto 2
Formosa,informacion_consolidada_2026_6.xlsx,junio,2026,month,2026-06,Impuesto a los Combustibles Líquidos | Ley Nº 23.966 y Nº 24.699 | Obras de | Infraestr.,673.1142,Impuesto a los Combustibles Líquidos | Ley Nº 23.966 y Nº 24.699 | Obras de | Infraestr.
Formosa,informacion_consolidada_2026_6.xlsx,junio,2026,month,2026-06,Impuesto s/ | Los Activos | Fdo. Educ. | Ley Nº 23.906,0.0,Impuesto s/ | Los Activos | Fdo. Educ. | Ley Nº 23.906
Formosa,informacion_consolidada_2026_6.xlsx,junio,2026,month,2026-06,Impuesto sobre los | Bienes Personales | Ley | Nº 24.699,32546.7295,Impuesto sobre los | Bienes Personales | Ley | Nº 24.699
Formosa,informacion_consolidada_2026_6.xlsx,junio,2026,month,2026-06,Ley Nº 23.966 | Art. 30,1869.1732,Ley Nº 23.966 | Art. 30
Formosa,informacion_consolidada_2026_6.xlsx,junio,2026,month,2026-06,Ley Nº 24.464 | FO.NA.VI.,3610.3694,Ley Nº 24.464 | FO.NA.VI.
Formosa,informacion_consolidada_2026_6.xlsx,junio,2026,month,2026-06,Reg.Simplif. | P/Peq.Contrib. | Ley Nº 24.977 | Aart. 59 Inc. A,1163.7098999999998,Reg.Simplif. | P/Peq.Contrib. | Ley Nº 24.977 | Aart. 59 Inc. A
Formosa,informacion_consolidada_2026_6.xlsx,junio,2026,month,2026-06,Régimen de la Energía Eléctrica | L E Y Nº 2 4 . 0 6 5 | Fdo. P/Comp. | Tarifa Elect.,1031.7652460180675,Régimen de la Energía Eléctrica | L E Y Nº 2 4 . 0 6 5 | Fdo. P/Comp. | Tarifa Elect.
Formosa,informacion_consolidada_2026_6.xlsx,junio,2026,month,2026-06,Subtotal,188480.3662042307,Subtotal
Formosa,informacion_consolidada_2026_6.xlsx,junio,2026,month,2026-06,Subtotal,188482.0913042307,Subtotal
Formosa,informacion_consolidada_2026_6.xlsx,junio,2026,month,2026-06,Total | (1) + (2),237158.6337408364,Total | (1) + (2)
Formosa,informacion_consolidada_2026_6.xlsx,junio,2026,month,2026-06,Total | Recursos | Origen Nacional | (1),232323.8639268364,Total | Recursos | Origen Nacional | (1)
Formosa,informacion_consolidada_2026_6.xlsx,junio,2026,month,2026-06,Transfer. | De Servicios | Ley | Nº 24.049,1.7251,Transfer. | De Servicios | Ley | Nº 24.049
Formosa,informacion_consolidada_2026_6.xlsx,junio,2026,month,2026-06,Vialidad | Provincial,789.5556,Vialidad | Provincial
Formosa,informacion_consolidada_2026_6.xlsx,julio,2026,month,2026-07,C.F.I. | Neta De | Ley Nº 26.075,212081.7176,CFI | Neta
Formosa,informacion_consolidada_2026_6.xlsx,julio,2026,month,2026-07,Compensación | Consenso Fiscal | II. a y b; II. d y e | (2),5130.630057,Compensación Consenso Fiscal
Formosa,informacion_consolidada_2026_6.xlsx,julio,2026,month,2026-07,F.E.D.E.I.,336.37163727266767,F.E.D.E.I.
Formosa,informacion_consolidada_2026_6.xlsx,julio,2026,month,2026-07,F.E.D.E.I.,412.1008122134428,F.E.D.E.I.
Formosa,informacion_consolidada_2026_6.xlsx,julio,2026,month,2026-07,Financ. | Educativo | Ley Nº 26.075,20569.564604230683,Financiamiento Educativo
Formosa,informacion_consolidada_2026_6.xlsx,julio,2026,month,2026-07,Fondo | Compens. | de | Desequilib.,2.2,Fondo | Compens. | de | Desequilib.
Formosa,informacion_consolidada_2026_6.xlsx,julio,2026,month,2026-07,I.V.A. | Ley Nº 23.966 | Art. 5 | Punto 2,816.9462,I.V.A. | Ley Nº 23.966 | Art. 5 | Punto 2
Formosa,informacion_consolidada_2026_6.xlsx,julio,2026,month,2026-07,Impuesto a los Combustibles Líquidos | Ley Nº 23.966 y Nº 24.699 | Obras de | Infraestr.,605.5244,Impuesto a los Combustibles Líquidos | Ley Nº 23.966 y Nº 24.699 | Obras de | Infraestr.
Formosa,informacion_consolidada_2026_6.xlsx,julio,2026,month,2026-07,Impuesto s/ | Los Activos | Fdo. Educ. | Ley Nº 23.906,0.0,Impuesto s/ | Los Activos | Fdo. Educ. | Ley Nº 23.906
Formosa,informacion_consolidada_2026_6.xlsx,julio,2026,month,2026-07,Impuesto sobre los | Bienes Personales | Ley | Nº 24.699,3284.8609,Impuesto sobre los | Bienes Personales | Ley | Nº 24.699
Formosa,informacion_consolidada_2026_6.xlsx,julio,2026,month,2026-07,Ley Nº 23.966 | Art. 30,188.651,Ley Nº 23.966 | Art. 30
Formosa,informacion_consolidada_2026_6.xlsx,julio,2026,month,2026-07,Ley Nº 24.464 | FO.NA.VI.,3247.8392000000003,Ley Nº 24.464 | FO.NA.VI.
Formosa,informacion_consolidada_2026_6.xlsx,julio,2026,month,2026-07,Reg.Simplif. | P/Peq.Contrib. | Ley Nº 24.977 | Aart. 59 Inc. A,1154.5399,Reg.Simplif. | P/Peq.Contrib. | Ley Nº 24.977 | Aart. 59 Inc. A
Formosa,informacion_consolidada_2026_6.xlsx,julio,2026,month,2026-07,Régimen de la Energía Eléctrica | L E Y Nº 2 4 . 0 6 5 | Fdo. P/Comp. | Tarifa Elect.,524.1351202246143,Régimen de la Energía Eléctrica | L E Y Nº 2 4 . 0 6 5 | Fdo. P/Comp. | Tarifa Elect.
Formosa,informacion_consolidada_2026_6.xlsx,julio,2026,month,2026-07,Subtotal,232651.2822042307,Subtotal
Formosa,informacion_consolidada_2026_6.xlsx,julio,2026,month,2026-07,Subtotal,232653.0073042307,Subtotal
Formosa,informacion_consolidada_2026_6.xlsx,julio,2026,month,2026-07,Total | (1) + (2),249067.08003094146,Total | (1) + (2)
Formosa,informacion_consolidada_2026_6.xlsx,julio,2026,month,2026-07,Total | Recursos | Origen Nacional | (1),243936.44997394146,Total | Recursos | Origen Nacional | (1)
Formosa,informacion_consolidada_2026_6.xlsx,julio,2026,month,2026-07,Transfer. | De Servicios | Ley | Nº 24.049,1.7251,Transfer. | De Servicios | Ley | Nº 24.049
Formosa,informacion_consolidada_2026_6.xlsx,julio,2026,month,2026-07,Vialidad | Provincial,710.2735,Vialidad | Provincial
Formosa,informacion_consolidada_2026_6.xlsx,agosto,2026,month,2026-08,C.F.I. | Neta De | Ley Nº 26.075,200877.0698,CFI | Neta
Formosa,informacion_consolidada_2026_6.xlsx,agosto,2026,month,2026-08,Compensación | Consenso Fiscal | II. a y b; II. d y e | (2),4886.31434,Compensación Consenso Fiscal
Formosa,informacion_consolidada_2026_6.xlsx,agosto,2026,month,2026-08,F.E.D.E.I.,0.0,F.E.D.E.I.
Formosa,informacion_consolidada_2026_6.xlsx,agosto,2026,month,2026-08,F.E.D.E.I.,0.0,F.E.D.E.I.
Formosa,informacion_consolidada_2026_6.xlsx,agosto,2026,month,2026-08,Financ. | Educativo | Ley Nº 26.075,19590.06152783876,Financiamiento Educativo
Formosa,informacion_consolidada_2026_6.xlsx,agosto,2026,month,2026-08,Fondo | Compens. | de | Desequilib.,2.2,Fondo | Compens. | de | Desequilib.
Formosa,informacion_consolidada_2026_6.xlsx,agosto,2026,month,2026-08,I.V.A. | Ley Nº 23.966 | Art. 5 | Punto 2,794.1722,I.V.A. | Ley Nº 23.966 | Art. 5 | Punto 2
Formosa,informacion_consolidada_2026_6.xlsx,agosto,2026,month,2026-08,Impuesto a los Combustibles Líquidos | Ley Nº 23.966 y Nº 24.699 | Obras de | Infraestr.,660.0275,Impuesto a los Combustibles Líquidos | Ley Nº 23.966 y Nº 24.699 | Obras de | Infraestr.
Formosa,informacion_consolidada_2026_6.xlsx,agosto,2026,month,2026-08,Impuesto s/ | Los Activos | Fdo. Educ. | Ley Nº 23.906,0.012331799999999999,Impuesto s/ | Los Activos | Fdo. Educ. | Ley Nº 23.906
Formosa,informacion_consolidada_2026_6.xlsx,agosto,2026,month,2026-08,Impuesto sobre los | Bienes Personales | Ley | Nº 24.699,2646.9207,Impuesto sobre los | Bienes Personales | Ley | Nº 24.699
Formosa,informacion_consolidada_2026_6.xlsx,agosto,2026,month,2026-08,Ley Nº 23.966 | Art. 30,152.01379999999997,Ley Nº 23.966 | Art. 30
Formosa,informacion_consolidada_2026_6.xlsx,agosto,2026,month,2026-08,Ley Nº 24.464 | FO.NA.VI.,3540.1766000000002,Ley Nº 24.464 | FO.NA.VI.
Formosa,informacion_consolidada_2026_6.xlsx,agosto,2026,month,2026-08,Reg.Simplif. | P/Peq.Contrib. | Ley Nº 24.977 | Aart. 59 Inc. A,1359.2864,Reg.Simplif. | P/Peq.Contrib. | Ley Nº 24.977 | Aart. 59 Inc. A
Formosa,informacion_consolidada_2026_6.xlsx,agosto,2026,month,2026-08,Régimen de la Energía Eléctrica | L E Y Nº 2 4 . 0 6 5 | Fdo. P/Comp. | Tarifa Elect.,0.0,Régimen de la Energía Eléctrica | L E Y Nº 2 4 . 0 6 5 | Fdo. P/Comp. | Tarifa Elect.
Formosa,informacion_consolidada_2026_6.xlsx,agosto,2026,month,2026-08,Subtotal,220467.13132783875,Subtotal
Formosa,informacion_consolidada_2026_6.xlsx,agosto,2026,month,2026-08,Subtotal,220468.85642783876,Subtotal
Formosa,informacion_consolidada_2026_6.xlsx,agosto,2026,month,2026-08,Total | (1) + (2),235284.18539963878,Total | (1) + (2)
Formosa,informacion_consolidada_2026_6.xlsx,agosto,2026,month,2026-08,Total | Recursos | Origen Nacional | (1),230397.87105963877,Total | Recursos | Origen Nacional | (1)
Formosa,informacion_consolidada_2026_6.xlsx,agosto,2026,month,2026-08,Transfer. | De Servicios | Ley | Nº 24.049,1.7251,Transfer. | De Servicios | Ley | Nº 24.049
Formosa,informacion_consolidada_2026_6.xlsx,agosto,2026,month,2026-08,Vialidad | Provincial,774.2051,Vialidad | Provincial
Formosa,informacion_consolidada_2026_6.xlsx,septiembre,2026,month,2026-09,C.F.I. | Neta De | Ley Nº 26.075,205054.1481,CFI | Neta
Formosa,informacion_consolidada_2026_6.xlsx,septiembre,2026,month,2026-09,Compensación | Consenso Fiscal | II. a y b; II. d y e | (2),5374.945774,Compensación Consenso Fiscal
Formosa,informacion_consolidada_2026_6.xlsx,septiembre,2026,month,2026-09,F.E.D.E.I.,631.7535981608513,F.E.D.E.I.
Formosa,informacion_consolidada_2026_6.xlsx,septiembre,2026,month,2026-09,F.E.D.E.I.,930.3050114479785,F.E.D.E.I.
Formosa,informacion_consolidada_2026_6.xlsx,septiembre,2026,month,2026-09,Financ. | Educativo | Ley Nº 26.075,21549.06768062262,Financiamiento Educativo
Formosa,informacion_consolidada_2026_6.xlsx,septiembre,2026,month,2026-09,Fondo | Compens. | de | Desequilib.,2.2,Fondo | Compens. | de | Desequilib.
Formosa,informacion_consolidada_2026_6.xlsx,septiembre,2026,month,2026-09,I.V.A. | Ley Nº 23.966 | Art. 5 | Punto 2,819.826,I.V.A. | Ley Nº 23.966 | Art. 5 | Punto 2
Formosa,informacion_consolidada_2026_6.xlsx,septiembre,2026,month,2026-09,Impuesto a los Combustibles Líquidos | Ley Nº 23.966 y Nº 24.699 | Obras de | Infraestr.,652.8126,Impuesto a los Combustibles Líquidos | Ley Nº 23.966 y Nº 24.699 | Obras de | Infraestr.
Formosa,informacion_consolidada_2026_6.xlsx,septiembre,2026,month,2026-09,Impuesto s/ | Los Activos | Fdo. Educ. | Ley Nº 23.906,0.0,Impuesto s/ | Los Activos | Fdo. Educ. | Ley Nº 23.906
Formosa,informacion_consolidada_2026_6.xlsx,septiembre,2026,month,2026-09,Impuesto sobre los | Bienes Personales | Ley | Nº 24.699,1786.5801000000001,Impuesto sobre los | Bienes Personales | Ley | Nº 24.699
Formosa,informacion_consolidada_2026_6.xlsx,septiembre,2026,month,2026-09,Ley Nº 23.966 | Art. 30,102.6041,Ley Nº 23.966 | Art. 30
Formosa,informacion_consolidada_2026_6.xlsx,septiembre,2026,month,2026-09,Ley Nº 24.464 | FO.NA.VI.,3501.478,Ley Nº 24.464 | FO.NA.VI.
Formosa,informacion_consolidada_2026_6.xlsx,septiembre,2026,month,2026-09,Reg.Simplif. | P/Peq.Contrib. | Ley Nº 24.977 | Aart. 59 Inc. A,1402.0378999999998,Reg.Simplif. | P/Peq.Contrib. | Ley Nº 24.977 | Aart. 59 Inc. A
Formosa,informacion_consolidada_2026_6.xlsx,septiembre,2026,month,2026-09,Régimen de la Energía Eléctrica | L E Y Nº 2 4 . 0 6 5 | Fdo. P/Comp. | Tarifa Elect.,1183.2190439227682,Régimen de la Energía Eléctrica | L E Y Nº 2 4 . 0 6 5 | Fdo. P/Comp. | Tarifa Elect.
Formosa,informacion_consolidada_2026_6.xlsx,septiembre,2026,month,2026-09,Subtotal,226603.21578062262,Subtotal
Formosa,informacion_consolidada_2026_6.xlsx,septiembre,2026,month,2026-09,Subtotal,226604.94088062263,Subtotal
Formosa,informacion_consolidada_2026_6.xlsx,septiembre,2026,month,2026-09,Total | (1) + (2),243758.4450081542,Total | (1) + (2)
Formosa,informacion_consolidada_2026_6.xlsx,septiembre,2026,month,2026-09,Total | Recursos | Origen Nacional | (1),238383.4992341542,Total | Recursos | Origen Nacional | (1)
Formosa,informacion_consolidada_2026_6.xlsx,septiembre,2026,month,2026-09,Transfer. | De Servicios | Ley | Nº 24.049,1.7251,Transfer. | De Servicios | Ley | Nº 24.049
Formosa,informacion_consolidada_2026_6.xlsx,septiembre,2026,month,2026-09,Vialidad | Provincial,765.742,Vialidad | Provincial
Formosa,informacion_consolidada_2026_6.xlsx,CONS,2026,consolidated,CONS,C.F.I. | Neta De | Ley Nº 26.075,1654529.9416,CFI | Neta
Formosa,informacion_consolidada_2026_6.xlsx,CONS,2026,consolidated,CONS,Compensación | Consenso Fiscal | II. a y b; II. d y e | (2),40737.64445100001,Compensación Consenso Fiscal
Formosa,informacion_consolidada_2026_6.xlsx,CONS,2026,consolidated,CONS,F.E.D.E.I.,2560.4626329774887,F.E.D.E.I.
Formosa,informacion_consolidada_2026_6.xlsx,CONS,2026,consolidated,CONS,F.E.D.E.I.,3408.158163253015,F.E.D.E.I.
Formosa,informacion_consolidada_2026_6.xlsx,CONS,2026,consolidated,CONS,Financ. | Educativo | Ley Nº 26.075,178269.55989999996,Financiamiento Educativo
Formosa,informacion_consolidada_2026_6.xlsx,CONS,2026,consolidated,CONS,Fondo | Compens. | de | Desequilib.,19.8,Fondo | Compens. | de | Desequilib.
Formosa,informacion_consolidada_2026_6.xlsx,CONS,2026,consolidated,CONS,I.V.A. | Ley Nº 23.966 | Art. 5 | Punto 2,6615.2469,I.V.A. | Ley Nº 23.966 | Art. 5 | Punto 2
Formosa,informacion_consolidada_2026_6.xlsx,CONS,2026,consolidated,CONS,Impuesto a los Combustibles Líquidos | Ley Nº 23.966 y Nº 24.699 | Obras de | Infraestr.,5137.077699999999,Impuesto a los Combustibles Líquidos | Ley Nº 23.966 y Nº 24.699 | Obras de | Infraestr.
Formosa,informacion_consolidada_2026_6.xlsx,CONS,2026,consolidated,CONS,Impuesto s/ | Los Activos | Fdo. Educ. | Ley Nº 23.906,0.0123,Impuesto s/ | Los Activos | Fdo. Educ. | Ley Nº 23.906
Formosa,informacion_consolidada_2026_6.xlsx,CONS,2026,consolidated,CONS,Impuesto sobre los | Bienes Personales | Ley | Nº 24.699,46078.4956,Impuesto sobre los | Bienes Personales | Ley | Nº 24.699
Formosa,informacion_consolidada_2026_6.xlsx,CONS,2026,consolidated,CONS,Ley Nº 23.966 | Art. 30,2646.3086000000003,Ley Nº 23.966 | Art. 30
Formosa,informacion_consolidada_2026_6.xlsx,CONS,2026,consolidated,CONS,Ley Nº 24.464 | FO.NA.VI.,27553.6422,Ley Nº 24.464 | FO.NA.VI.
Formosa,informacion_consolidada_2026_6.xlsx,CONS,2026,consolidated,CONS,Reg.Simplif. | P/Peq.Contrib. | Ley Nº 24.977 | Aart. 59 Inc. A,10373.908400000002,Reg.Simplif. | P/Peq.Contrib. | Ley Nº 24.977 | Aart. 59 Inc. A
Formosa,informacion_consolidada_2026_6.xlsx,CONS,2026,consolidated,CONS,Régimen de la Energía Eléctrica | L E Y Nº 2 4 . 0 6 5 | Fdo. P/Comp. | Tarifa Elect.,4339.1225,Régimen de la Energía Eléctrica | L E Y Nº 2 4 . 0 6 5 | Fdo. P/Comp. | Tarifa Elect.
Formosa,informacion_consolidada_2026_6.xlsx,CONS,2026,consolidated,CONS,Subtotal,1832799.5015,Subtotal
Formosa,informacion_consolidada_2026_6.xlsx,CONS,2026,consolidated,CONS,Subtotal,1832815.0274,Subtotal
Formosa,informacion_consolidada_2026_6.xlsx,CONS,2026,consolidated,CONS,Total | (1) + (2),1988310.6428472307,Total | (1) + (2)
Formosa,informacion_consolidada_2026_6.xlsx,CONS,2026,consolidated,CONS,Total | Recursos | Origen Nacional | (1),1947572.9983962306,Total | Recursos | Origen Nacional | (1)
Formosa,informacion_consolidada_2026_6.xlsx,CONS,2026,consolidated,CONS,Transfer. | De Servicios | Ley | Nº 24.049,15.525900000000002,Transfer. | De Servicios | Ley | Nº 24.049
Formosa,informacion_consolidada_2026_6.xlsx,CONS,2026,consolidated,CONS,Vialidad | Provincial,6025.736,Vialidad | Provincial
Jujuy,informacion_consolidada_2026_6.xlsx,enero,2026,month,2026-01,C.F.I. | Neta De | Ley Nº 26.075,137273.7561,CFI | Neta
Jujuy,informacion_consolidada_2026_6.xlsx,enero,2026,month,2026-01,Compensación | Consenso Fiscal | II. a y b; II. d y e | (2),3908.490222,Compensación Consenso Fiscal
Jujuy,informacion_consolidada_2026_6.xlsx,enero,2026,month,2026-01,F.E.D.E.I.,259.3765148781842,F.E.D.E.I.
Jujuy,informacion_consolidada_2026_6.xlsx,enero,2026,month,2026-01,F.E.D.E.I.,246.1303373421243,F.E.D.E.I.
Jujuy,informacion_consolidada_2026_6.xlsx,enero,2026,month,2026-01,Financ. | Educativo | Ley Nº 26.075,10366.0207089251,Financiamiento Educativo
Jujuy,informacion_consolidada_2026_6.xlsx,enero,2026,month,2026-01,Fondo | Compens. | de | Desequilib.,2.2,Fondo | Compens. | de | Desequilib.
Jujuy,informacion_consolidada_2026_6.xlsx,enero,2026,month,2026-01,I.V.A. | Ley Nº 23.966 | Art. 5 | Punto 2,0.0,I.V.A. | Ley Nº 23.966 | Art. 5 | Punto 2
Jujuy,informacion_consolidada_2026_6.xlsx,enero,2026,month,2026-01,Impuesto a los Combustibles Líquidos | Ley Nº 23.966 y Nº 24.699 | Obras de | Infraestr.,254.2148,Impuesto a los Combustibles Líquidos | Ley Nº 23.966 y Nº 24.699 | Obras de | Infraestr.
Jujuy,informacion_consolidada_2026_6.xlsx,enero,2026,month,2026-01,Impuesto s/ | Los Activos | Fdo. Educ. | Ley Nº 23.906,0.0,Impuesto s/ | Los Activos | Fdo. Educ. | Ley Nº 23.906
Jujuy,informacion_consolidada_2026_6.xlsx,enero,2026,month,2026-01,Impuesto sobre los | Bienes Personales | Ley | Nº 24.699,818.4876999999999,Impuesto sobre los | Bienes Personales | Ley | Nº 24.699
Jujuy,informacion_consolidada_2026_6.xlsx,enero,2026,month,2026-01,Ley Nº 23.966 | Art. 30,0.0,Ley Nº 23.966 | Art. 30
Jujuy,informacion_consolidada_2026_6.xlsx,enero,2026,month,2026-01,Ley Nº 24.464 | FO.NA.VI.,1310.4016000000001,Ley Nº 24.464 | FO.NA.VI.
Jujuy,informacion_consolidada_2026_6.xlsx,enero,2026,month,2026-01,Reg.Simplif. | P/Peq.Contrib. | Ley Nº 24.977 | Aart. 59 Inc. A,695.7932,Reg.Simplif. | P/Peq.Contrib. | Ley Nº 24.977 | Aart. 59 Inc. A
Jujuy,informacion_consolidada_2026_6.xlsx,enero,2026,month,2026-01,Régimen de la Energía Eléctrica | L E Y Nº 2 4 . 0 6 5 | Fdo. P/Comp. | Tarifa Elect.,388.55997510165196,Régimen de la Energía Eléctrica | L E Y Nº 2 4 . 0 6 5 | Fdo. P/Comp. | Tarifa Elect.
Jujuy,informacion_consolidada_2026_6.xlsx,enero,2026,month,2026-01,Subtotal,147639.7768089251,Subtotal
Jujuy,informacion_consolidada_2026_6.xlsx,enero,2026,month,2026-01,Subtotal,147642.55180892508,Subtotal
Jujuy,informacion_consolidada_2026_6.xlsx,enero,2026,month,2026-01,Total | (1) + (2),155950.930858247,Total | (1) + (2)
Jujuy,informacion_consolidada_2026_6.xlsx,enero,2026,month,2026-01,Total | Recursos | Origen Nacional | (1),152042.44063624702,Total | Recursos | Origen Nacional | (1)
Jujuy,informacion_consolidada_2026_6.xlsx,enero,2026,month,2026-01,Transfer. | De Servicios | Ley | Nº 24.049,2.775,Transfer. | De Servicios | Ley | Nº 24.049
Jujuy,informacion_consolidada_2026_6.xlsx,enero,2026,month,2026-01,Vialidad | Provincial,424.7247,Vialidad | Provincial
Jujuy,informacion_consolidada_2026_6.xlsx,febrero,2026,month,2026-02,C.F.I. | Neta De | Ley Nº 26.075,116193.62890000001,CFI | Neta
Jujuy,informacion_consolidada_2026_6.xlsx,febrero,2026,month,2026-02,Compensación | Consenso Fiscal | II. a y b; II. d y e | (2),3350.1344759999997,Compensación Consenso Fiscal
Jujuy,informacion_consolidada_2026_6.xlsx,febrero,2026,month,2026-02,F.E.D.E.I.,0.0,F.E.D.E.I.
Jujuy,informacion_consolidada_2026_6.xlsx,febrero,2026,month,2026-02,F.E.D.E.I.,0.0,F.E.D.E.I.
Jujuy,informacion_consolidada_2026_6.xlsx,febrero,2026,month,2026-02,Financ. | Educativo | Ley Nº 26.075,19789.675898857007,Financiamiento Educativo
Jujuy,informacion_consolidada_2026_6.xlsx,febrero,2026,month,2026-02,Fondo | Compens. | de | Desequilib.,2.2,Fondo | Compens. | de | Desequilib.
Jujuy,informacion_consolidada_2026_6.xlsx,febrero,2026,month,2026-02,I.V.A. | Ley Nº 23.966 | Art. 5 | Punto 2,0.0,I.V.A. | Ley Nº 23.966 | Art. 5 | Punto 2
Jujuy,informacion_consolidada_2026_6.xlsx,febrero,2026,month,2026-02,Impuesto a los Combustibles Líquidos | Ley Nº 23.966 y Nº 24.699 | Obras de | Infraestr.,427.3147,Impuesto a los Combustibles Líquidos | Ley Nº 23.966 y Nº 24.699 | Obras de | Infraestr.
Jujuy,informacion_consolidada_2026_6.xlsx,febrero,2026,month,2026-02,Impuesto s/ | Los Activos | Fdo. Educ. | Ley Nº 23.906,0.0,Impuesto s/ | Los Activos | Fdo. Educ. | Ley Nº 23.906
Jujuy,informacion_consolidada_2026_6.xlsx,febrero,2026,month,2026-02,Impuesto sobre los | Bienes Personales | Ley | Nº 24.699,1148.6787,Impuesto sobre los | Bienes Personales | Ley | Nº 24.699
Jujuy,informacion_consolidada_2026_6.xlsx,febrero,2026,month,2026-02,Ley Nº 23.966 | Art. 30,0.0,Ley Nº 23.966 | Art. 30
Jujuy,informacion_consolidada_2026_6.xlsx,febrero,2026,month,2026-02,Ley Nº 24.464 | FO.NA.VI.,2202.6803,Ley Nº 24.464 | FO.NA.VI.
Jujuy,informacion_consolidada_2026_6.xlsx,febrero,2026,month,2026-02,Reg.Simplif. | P/Peq.Contrib. | Ley Nº 24.977 | Aart. 59 Inc. A,840.1415999999999,Reg.Simplif. | P/Peq.Contrib. | Ley Nº 24.977 | Aart. 59 Inc. A
Jujuy,informacion_consolidada_2026_6.xlsx,febrero,2026,month,2026-02,Régimen de la Energía Eléctrica | L E Y Nº 2 4 . 0 6 5 | Fdo. P/Comp. | Tarifa Elect.,0.0,Régimen de la Energía Eléctrica | L E Y Nº 2 4 . 0 6 5 | Fdo. P/Comp. | Tarifa Elect.
Jujuy,informacion_consolidada_2026_6.xlsx,febrero,2026,month,2026-02,Subtotal,135983.30479885702,Subtotal
Jujuy,informacion_consolidada_2026_6.xlsx,febrero,2026,month,2026-02,Subtotal,135986.079798857,Subtotal
Jujuy,informacion_consolidada_2026_6.xlsx,febrero,2026,month,2026-02,Total | (1) + (2),144671.15787485702,Total | (1) + (2)
Jujuy,informacion_consolidada_2026_6.xlsx,febrero,2026,month,2026-02,Total | Recursos | Origen Nacional | (1),141321.023398857,Total | Recursos | Origen Nacional | (1)
Jujuy,informacion_consolidada_2026_6.xlsx,febrero,2026,month,2026-02,Transfer. | De Servicios | Ley | Nº 24.049,2.775,Transfer. | De Servicios | Ley | Nº 24.049
Jujuy,informacion_consolidada_2026_6.xlsx,febrero,2026,month,2026-02,Vialidad | Provincial,713.9283,Vialidad | Provincial
Jujuy,informacion_consolidada_2026_6.xlsx,marzo,2026,month,2026-03,C.F.I. | Neta De | Ley Nº 26.075,102502.4016,CFI | Neta
Jujuy,informacion_consolidada_2026_6.xlsx,marzo,2026,month,2026-03,Compensación | Consenso Fiscal | II. a y b; II. d y e | (2),3908.490222,Compensación Consenso Fiscal
Jujuy,informacion_consolidada_2026_6.xlsx,marzo,2026,month,2026-03,F.E.D.E.I.,351.77185641372273,F.E.D.E.I.
Jujuy,informacion_consolidada_2026_6.xlsx,marzo,2026,month,2026-03,F.E.D.E.I.,496.46783630819226,F.E.D.E.I.
Jujuy,informacion_consolidada_2026_6.xlsx,marzo,2026,month,2026-03,Financ. | Educativo | Ley Nº 26.075,21674.406936843432,Financiamiento Educativo
Jujuy,informacion_consolidada_2026_6.xlsx,marzo,2026,month,2026-03,Fondo | Compens. | de | Desequilib.,2.2,Fondo | Compens. | de | Desequilib.
Jujuy,informacion_consolidada_2026_6.xlsx,marzo,2026,month,2026-03,I.V.A. | Ley Nº 23.966 | Art. 5 | Punto 2,0.0,I.V.A. | Ley Nº 23.966 | Art. 5 | Punto 2
Jujuy,informacion_consolidada_2026_6.xlsx,marzo,2026,month,2026-03,Impuesto a los Combustibles Líquidos | Ley Nº 23.966 y Nº 24.699 | Obras de | Infraestr.,422.046,Impuesto a los Combustibles Líquidos | Ley Nº 23.966 y Nº 24.699 | Obras de | Infraestr.
Jujuy,informacion_consolidada_2026_6.xlsx,marzo,2026,month,2026-03,Impuesto s/ | Los Activos | Fdo. Educ. | Ley Nº 23.906,0.0,Impuesto s/ | Los Activos | Fdo. Educ. | Ley Nº 23.906
Jujuy,informacion_consolidada_2026_6.xlsx,marzo,2026,month,2026-03,Impuesto sobre los | Bienes Personales | Ley | Nº 24.699,555.1599,Impuesto sobre los | Bienes Personales | Ley | Nº 24.699
Jujuy,informacion_consolidada_2026_6.xlsx,marzo,2026,month,2026-03,Ley Nº 23.966 | Art. 30,0.0,Ley Nº 23.966 | Art. 30
Jujuy,informacion_consolidada_2026_6.xlsx,marzo,2026,month,2026-03,Ley Nº 24.464 | FO.NA.VI.,2175.5217000000002,Ley Nº 24.464 | FO.NA.VI.
Jujuy,informacion_consolidada_2026_6.xlsx,marzo,2026,month,2026-03,Reg.Simplif. | P/Peq.Contrib. | Ley Nº 24.977 | Aart. 59 Inc. A,794.6251,Reg.Simplif. | P/Peq.Contrib. | Ley Nº 24.977 | Aart. 59 Inc. A
Jujuy,informacion_consolidada_2026_6.xlsx,marzo,2026,month,2026-03,Régimen de la Energía Eléctrica | L E Y Nº 2 4 . 0 6 5 | Fdo. P/Comp. | Tarifa Elect.,777.2928943416896,Régimen de la Energía Eléctrica | L E Y Nº 2 4 . 0 6 5 | Fdo. P/Comp. | Tarifa Elect.
Jujuy,informacion_consolidada_2026_6.xlsx,marzo,2026,month,2026-03,Subtotal,124176.80853684343,Subtotal
Jujuy,informacion_consolidada_2026_6.xlsx,marzo,2026,month,2026-03,Subtotal,124179.58353684342,Subtotal
Jujuy,informacion_consolidada_2026_6.xlsx,marzo,2026,month,2026-03,Total | (1) + (2),134368.28474590703,Total | (1) + (2)
Jujuy,informacion_consolidada_2026_6.xlsx,marzo,2026,month,2026-03,Total | Recursos | Origen Nacional | (1),130459.79452390702,Total | Recursos | Origen Nacional | (1)
Jujuy,informacion_consolidada_2026_6.xlsx,marzo,2026,month,2026-03,Transfer. | De Servicios | Ley | Nº 24.049,2.775,Transfer. | De Servicios | Ley | Nº 24.049
Jujuy,informacion_consolidada_2026_6.xlsx,marzo,2026,month,2026-03,Vialidad | Provincial,705.1256999999999,Vialidad | Provincial
Jujuy,informacion_consolidada_2026_6.xlsx,abril,2026,month,2026-04,C.F.I. | Neta De | Ley Nº 26.075,116383.4095,CFI | Neta
Jujuy,informacion_consolidada_2026_6.xlsx,abril,2026,month,2026-04,Compensación | Consenso Fiscal | II. a y b; II. d y e | (2),4641.2548799999995,Compensación Consenso Fiscal
Jujuy,informacion_consolidada_2026_6.xlsx,abril,2026,month,2026-04,F.E.D.E.I.,0.0,F.E.D.E.I.
Jujuy,informacion_consolidada_2026_6.xlsx,abril,2026,month,2026-04,F.E.D.E.I.,0.0,F.E.D.E.I.
Jujuy,informacion_consolidada_2026_6.xlsx,abril,2026,month,2026-04,Financ. | Educativo | Ley Nº 26.075,22616.772455836654,Financiamiento Educativo
Jujuy,informacion_consolidada_2026_6.xlsx,abril,2026,month,2026-04,Fondo | Compens. | de | Desequilib.,2.2,Fondo | Compens. | de | Desequilib.
Jujuy,informacion_consolidada_2026_6.xlsx,abril,2026,month,2026-04,I.V.A. | Ley Nº 23.966 | Art. 5 | Punto 2,0.0,I.V.A. | Ley Nº 23.966 | Art. 5 | Punto 2
Jujuy,informacion_consolidada_2026_6.xlsx,abril,2026,month,2026-04,Impuesto a los Combustibles Líquidos | Ley Nº 23.966 y Nº 24.699 | Obras de | Infraestr.,459.581,Impuesto a los Combustibles Líquidos | Ley Nº 23.966 y Nº 24.699 | Obras de | Infraestr.
Jujuy,informacion_consolidada_2026_6.xlsx,abril,2026,month,2026-04,Impuesto s/ | Los Activos | Fdo. Educ. | Ley Nº 23.906,0.0,Impuesto s/ | Los Activos | Fdo. Educ. | Ley Nº 23.906
Jujuy,informacion_consolidada_2026_6.xlsx,abril,2026,month,2026-04,Impuesto sobre los | Bienes Personales | Ley | Nº 24.699,958.2737,Impuesto sobre los | Bienes Personales | Ley | Nº 24.699
Jujuy,informacion_consolidada_2026_6.xlsx,abril,2026,month,2026-04,Ley Nº 23.966 | Art. 30,0.0,Ley Nº 23.966 | Art. 30
Jujuy,informacion_consolidada_2026_6.xlsx,abril,2026,month,2026-04,Ley Nº 24.464 | FO.NA.VI.,2369.0032,Ley Nº 24.464 | FO.NA.VI.
Jujuy,informacion_consolidada_2026_6.xlsx,abril,2026,month,2026-04,Reg.Simplif. | P/Peq.Contrib. | Ley Nº 24.977 | Aart. 59 Inc. A,910.0536999999999,Reg.Simplif. | P/Peq.Contrib. | Ley Nº 24.977 | Aart. 59 Inc. A
Jujuy,informacion_consolidada_2026_6.xlsx,abril,2026,month,2026-04,Régimen de la Energía Eléctrica | L E Y Nº 2 4 . 0 6 5 | Fdo. P/Comp. | Tarifa Elect.,0.0,Régimen de la Energía Eléctrica | L E Y Nº 2 4 . 0 6 5 | Fdo. P/Comp. | Tarifa Elect.
Jujuy,informacion_consolidada_2026_6.xlsx,abril,2026,month,2026-04,Subtotal,139000.18195583666,Subtotal
Jujuy,informacion_consolidada_2026_6.xlsx,abril,2026,month,2026-04,Subtotal,139002.95695583665,Subtotal
Jujuy,informacion_consolidada_2026_6.xlsx,abril,2026,month,2026-04,Total | (1) + (2),149111.15993583665,Total | (1) + (2)
Jujuy,informacion_consolidada_2026_6.xlsx,abril,2026,month,2026-04,Total | Recursos | Origen Nacional | (1),144469.90505583666,Total | Recursos | Origen Nacional | (1)
Jujuy,informacion_consolidada_2026_6.xlsx,abril,2026,month,2026-04,Transfer. | De Servicios | Ley | Nº 24.049,2.775,Transfer. | De Servicios | Ley | Nº 24.049
Jujuy,informacion_consolidada_2026_6.xlsx,abril,2026,month,2026-04,Vialidad | Provincial,767.8365,Vialidad | Provincial
Jujuy,informacion_consolidada_2026_6.xlsx,mayo,2026,month,2026-05,C.F.I. | Neta De | Ley Nº 26.075,188089.333,CFI | Neta
Jujuy,informacion_consolidada_2026_6.xlsx,mayo,2026,month,2026-05,Compensación | Consenso Fiscal | II. a y b; II. d y e | (2),4409.192136,Compensación Consenso Fiscal
Jujuy,informacion_consolidada_2026_6.xlsx,mayo,2026,month,2026-05,F.E.D.E.I.,217.891746767487,F.E.D.E.I.
Jujuy,informacion_consolidada_2026_6.xlsx,mayo,2026,month,2026-05,F.E.D.E.I.,269.7608541099408,F.E.D.E.I.
Jujuy,informacion_consolidada_2026_6.xlsx,mayo,2026,month,2026-05,Financ. | Educativo | Ley Nº 26.075,17904.944860870695,Financiamiento Educativo
Jujuy,informacion_consolidada_2026_6.xlsx,mayo,2026,month,2026-05,Fondo | Compens. | de | Desequilib.,2.2,Fondo | Compens. | de | Desequilib.
Jujuy,informacion_consolidada_2026_6.xlsx,mayo,2026,month,2026-05,I.V.A. | Ley Nº 23.966 | Art. 5 | Punto 2,0.0,I.V.A. | Ley Nº 23.966 | Art. 5 | Punto 2
Jujuy,informacion_consolidada_2026_6.xlsx,mayo,2026,month,2026-05,Impuesto a los Combustibles Líquidos | Ley Nº 23.966 y Nº 24.699 | Obras de | Infraestr.,423.44390000000004,Impuesto a los Combustibles Líquidos | Ley Nº 23.966 y Nº 24.699 | Obras de | Infraestr.
Jujuy,informacion_consolidada_2026_6.xlsx,mayo,2026,month,2026-05,Impuesto s/ | Los Activos | Fdo. Educ. | Ley Nº 23.906,0.0,Impuesto s/ | Los Activos | Fdo. Educ. | Ley Nº 23.906
Jujuy,informacion_consolidada_2026_6.xlsx,mayo,2026,month,2026-05,Impuesto sobre los | Bienes Personales | Ley | Nº 24.699,1056.3161,Impuesto sobre los | Bienes Personales | Ley | Nº 24.699
Jujuy,informacion_consolidada_2026_6.xlsx,mayo,2026,month,2026-05,Ley Nº 23.966 | Art. 30,0.0,Ley Nº 23.966 | Art. 30
Jujuy,informacion_consolidada_2026_6.xlsx,mayo,2026,month,2026-05,Ley Nº 24.464 | FO.NA.VI.,2182.7275,Ley Nº 24.464 | FO.NA.VI.
Jujuy,informacion_consolidada_2026_6.xlsx,mayo,2026,month,2026-05,Reg.Simplif. | P/Peq.Contrib. | Ley Nº 24.977 | Aart. 59 Inc. A,891.1159,Reg.Simplif. | P/Peq.Contrib. | Ley Nº 24.977 | Aart. 59 Inc. A
Jujuy,informacion_consolidada_2026_6.xlsx,mayo,2026,month,2026-05,Régimen de la Energía Eléctrica | L E Y Nº 2 4 . 0 6 5 | Fdo. P/Comp. | Tarifa Elect.,416.1986845937549,Régimen de la Energía Eléctrica | L E Y Nº 2 4 . 0 6 5 | Fdo. P/Comp. | Tarifa Elect.
Jujuy,informacion_consolidada_2026_6.xlsx,mayo,2026,month,2026-05,Subtotal,205994.2778608707,Subtotal
Jujuy,informacion_consolidada_2026_6.xlsx,mayo,2026,month,2026-05,Subtotal,205997.0528608707,Subtotal
Jujuy,informacion_consolidada_2026_6.xlsx,mayo,2026,month,2026-05,Total | (1) + (2),216573.3608823419,Total | (1) + (2)
Jujuy,informacion_consolidada_2026_6.xlsx,mayo,2026,month,2026-05,Total | Recursos | Origen Nacional | (1),212164.1687463419,Total | Recursos | Origen Nacional | (1)
Jujuy,informacion_consolidada_2026_6.xlsx,mayo,2026,month,2026-05,Transfer. | De Servicios | Ley | Nº 24.049,2.775,Transfer. | De Servicios | Ley | Nº 24.049
Jujuy,informacion_consolidada_2026_6.xlsx,mayo,2026,month,2026-05,Vialidad | Provincial,707.4612,Vialidad | Provincial
Jujuy,informacion_consolidada_2026_6.xlsx,junio,2026,month,2026-06,C.F.I. | Neta De | Ley Nº 26.075,127304.7898,CFI | Neta
Jujuy,informacion_consolidada_2026_6.xlsx,junio,2026,month,2026-06,Compensación | Consenso Fiscal | II. a y b; II. d y e | (2),4873.317624,Compensación Consenso Fiscal
Jujuy,informacion_consolidada_2026_6.xlsx,junio,2026,month,2026-06,F.E.D.E.I.,455.9192102226738,F.E.D.E.I.
Jujuy,informacion_consolidada_2026_6.xlsx,junio,2026,month,2026-06,F.E.D.E.I.,654.6292266120781,F.E.D.E.I.
Jujuy,informacion_consolidada_2026_6.xlsx,junio,2026,month,2026-06,Financ. | Educativo | Ley Nº 26.075,19789.675898857087,Financiamiento Educativo
Jujuy,informacion_consolidada_2026_6.xlsx,junio,2026,month,2026-06,Fondo | Compens. | de | Desequilib.,2.2,Fondo | Compens. | de | Desequilib.
Jujuy,informacion_consolidada_2026_6.xlsx,junio,2026,month,2026-06,I.V.A. | Ley Nº 23.966 | Art. 5 | Punto 2,0.0,I.V.A. | Ley Nº 23.966 | Art. 5 | Punto 2
Jujuy,informacion_consolidada_2026_6.xlsx,junio,2026,month,2026-06,Impuesto a los Combustibles Líquidos | Ley Nº 23.966 y Nº 24.699 | Obras de | Infraestr.,525.3023000000001,Impuesto a los Combustibles Líquidos | Ley Nº 23.966 y Nº 24.699 | Obras de | Infraestr.
Jujuy,informacion_consolidada_2026_6.xlsx,junio,2026,month,2026-06,Impuesto s/ | Los Activos | Fdo. Educ. | Ley Nº 23.906,0.0,Impuesto s/ | Los Activos | Fdo. Educ. | Ley Nº 23.906
Jujuy,informacion_consolidada_2026_6.xlsx,junio,2026,month,2026-06,Impuesto sobre los | Bienes Personales | Ley | Nº 24.699,25400.2254,Impuesto sobre los | Bienes Personales | Ley | Nº 24.699
Jujuy,informacion_consolidada_2026_6.xlsx,junio,2026,month,2026-06,Ley Nº 23.966 | Art. 30,0.0,Ley Nº 23.966 | Art. 30
Jujuy,informacion_consolidada_2026_6.xlsx,junio,2026,month,2026-06,Ley Nº 24.464 | FO.NA.VI.,2707.7771000000002,Ley Nº 24.464 | FO.NA.VI.
Jujuy,informacion_consolidada_2026_6.xlsx,junio,2026,month,2026-06,Reg.Simplif. | P/Peq.Contrib. | Ley Nº 24.977 | Aart. 59 Inc. A,908.166,Reg.Simplif. | P/Peq.Contrib. | Ley Nº 24.977 | Aart. 59 Inc. A
Jujuy,informacion_consolidada_2026_6.xlsx,junio,2026,month,2026-06,Régimen de la Energía Eléctrica | L E Y Nº 2 4 . 0 6 5 | Fdo. P/Comp. | Tarifa Elect.,1166.577472373587,Régimen de la Energía Eléctrica | L E Y Nº 2 4 . 0 6 5 | Fdo. P/Comp. | Tarifa Elect.
Jujuy,informacion_consolidada_2026_6.xlsx,junio,2026,month,2026-06,Subtotal,147094.4656988571,Subtotal
Jujuy,informacion_consolidada_2026_6.xlsx,junio,2026,month,2026-06,Subtotal,147097.2406988571,Subtotal
Jujuy,informacion_consolidada_2026_6.xlsx,junio,2026,month,2026-06,Total | (1) + (2),184668.99423206542,Total | (1) + (2)
Jujuy,informacion_consolidada_2026_6.xlsx,junio,2026,month,2026-06,Total | Recursos | Origen Nacional | (1),179795.67660806543,Total | Recursos | Origen Nacional | (1)
Jujuy,informacion_consolidada_2026_6.xlsx,junio,2026,month,2026-06,Transfer. | De Servicios | Ley | Nº 24.049,2.775,Transfer. | De Servicios | Ley | Nº 24.049
Jujuy,informacion_consolidada_2026_6.xlsx,junio,2026,month,2026-06,Vialidad | Provincial,877.6392,Vialidad | Provincial
Jujuy,informacion_consolidada_2026_6.xlsx,julio,2026,month,2026-07,C.F.I. | Neta De | Ley Nº 26.075,161776.8009,CFI | Neta
Jujuy,informacion_consolidada_2026_6.xlsx,julio,2026,month,2026-07,Compensación | Consenso Fiscal | II. a y b; II. d y e | (2),4901.94642,Compensación Consenso Fiscal
Jujuy,informacion_consolidada_2026_6.xlsx,julio,2026,month,2026-07,F.E.D.E.I.,271.4398806060739,F.E.D.E.I.
Jujuy,informacion_consolidada_2026_6.xlsx,julio,2026,month,2026-07,F.E.D.E.I.,332.5506162500285,F.E.D.E.I.
Jujuy,informacion_consolidada_2026_6.xlsx,julio,2026,month,2026-07,Financ. | Educativo | Ley Nº 26.075,19789.675898857087,Financiamiento Educativo
Jujuy,informacion_consolidada_2026_6.xlsx,julio,2026,month,2026-07,Fondo | Compens. | de | Desequilib.,2.2,Fondo | Compens. | de | Desequilib.
Jujuy,informacion_consolidada_2026_6.xlsx,julio,2026,month,2026-07,I.V.A. | Ley Nº 23.966 | Art. 5 | Punto 2,0.0,I.V.A. | Ley Nº 23.966 | Art. 5 | Punto 2
Jujuy,informacion_consolidada_2026_6.xlsx,julio,2026,month,2026-07,Impuesto a los Combustibles Líquidos | Ley Nº 23.966 y Nº 24.699 | Obras de | Infraestr.,472.5548,Impuesto a los Combustibles Líquidos | Ley Nº 23.966 y Nº 24.699 | Obras de | Infraestr.
Jujuy,informacion_consolidada_2026_6.xlsx,julio,2026,month,2026-07,Impuesto s/ | Los Activos | Fdo. Educ. | Ley Nº 23.906,0.0,Impuesto s/ | Los Activos | Fdo. Educ. | Ley Nº 23.906
Jujuy,informacion_consolidada_2026_6.xlsx,julio,2026,month,2026-07,Impuesto sobre los | Bienes Personales | Ley | Nº 24.699,2563.5819,Impuesto sobre los | Bienes Personales | Ley | Nº 24.699
Jujuy,informacion_consolidada_2026_6.xlsx,julio,2026,month,2026-07,Ley Nº 23.966 | Art. 30,0.0,Ley Nº 23.966 | Art. 30
Jujuy,informacion_consolidada_2026_6.xlsx,julio,2026,month,2026-07,Ley Nº 24.464 | FO.NA.VI.,2435.8794,Ley Nº 24.464 | FO.NA.VI.
Jujuy,informacion_consolidada_2026_6.xlsx,julio,2026,month,2026-07,Reg.Simplif. | P/Peq.Contrib. | Ley Nº 24.977 | Aart. 59 Inc. A,901.0097,Reg.Simplif. | P/Peq.Contrib. | Ley Nº 24.977 | Aart. 59 Inc. A
Jujuy,informacion_consolidada_2026_6.xlsx,julio,2026,month,2026-07,Régimen de la Energía Eléctrica | L E Y Nº 2 4 . 0 6 5 | Fdo. P/Comp. | Tarifa Elect.,503.5361452775939,Régimen de la Energía Eléctrica | L E Y Nº 2 4 . 0 6 5 | Fdo. P/Comp. | Tarifa Elect.
Jujuy,informacion_consolidada_2026_6.xlsx,julio,2026,month,2026-07,Subtotal,181566.4767988571,Subtotal
Jujuy,informacion_consolidada_2026_6.xlsx,julio,2026,month,2026-07,Subtotal,181569.2517988571,Subtotal
Jujuy,informacion_consolidada_2026_6.xlsx,julio,2026,month,2026-07,Total | (1) + (2),194743.4629609908,Total | (1) + (2)
Jujuy,informacion_consolidada_2026_6.xlsx,julio,2026,month,2026-07,Total | Recursos | Origen Nacional | (1),189841.5165409908,Total | Recursos | Origen Nacional | (1)
Jujuy,informacion_consolidada_2026_6.xlsx,julio,2026,month,2026-07,Transfer. | De Servicios | Ley | Nº 24.049,2.775,Transfer. | De Servicios | Ley | Nº 24.049
Jujuy,informacion_consolidada_2026_6.xlsx,julio,2026,month,2026-07,Vialidad | Provincial,789.5123000000001,Vialidad | Provincial
Jujuy,informacion_consolidada_2026_6.xlsx,agosto,2026,month,2026-08,C.F.I. | Neta De | Ley Nº 26.075,153210.3715,CFI | Neta
Jujuy,informacion_consolidada_2026_6.xlsx,agosto,2026,month,2026-08,Compensación | Consenso Fiscal | II. a y b; II. d y e | (2),4668.5204,Compensación Consenso Fiscal
Jujuy,informacion_consolidada_2026_6.xlsx,agosto,2026,month,2026-08,F.E.D.E.I.,0.0,F.E.D.E.I.
Jujuy,informacion_consolidada_2026_6.xlsx,agosto,2026,month,2026-08,F.E.D.E.I.,0.0,F.E.D.E.I.
Jujuy,informacion_consolidada_2026_6.xlsx,agosto,2026,month,2026-08,Financ. | Educativo | Ley Nº 26.075,18847.310379863877,Financiamiento Educativo
Jujuy,informacion_consolidada_2026_6.xlsx,agosto,2026,month,2026-08,Fondo | Compens. | de | Desequilib.,2.2,Fondo | Compens. | de | Desequilib.
Jujuy,informacion_consolidada_2026_6.xlsx,agosto,2026,month,2026-08,I.V.A. | Ley Nº 23.966 | Art. 5 | Punto 2,0.0,I.V.A. | Ley Nº 23.966 | Art. 5 | Punto 2
Jujuy,informacion_consolidada_2026_6.xlsx,agosto,2026,month,2026-08,Impuesto a los Combustibles Líquidos | Ley Nº 23.966 y Nº 24.699 | Obras de | Infraestr.,515.0893,Impuesto a los Combustibles Líquidos | Ley Nº 23.966 y Nº 24.699 | Obras de | Infraestr.
Jujuy,informacion_consolidada_2026_6.xlsx,agosto,2026,month,2026-08,Impuesto s/ | Los Activos | Fdo. Educ. | Ley Nº 23.906,0.01123403,Impuesto s/ | Los Activos | Fdo. Educ. | Ley Nº 23.906
Jujuy,informacion_consolidada_2026_6.xlsx,agosto,2026,month,2026-08,Impuesto sobre los | Bienes Personales | Ley | Nº 24.699,2065.7185,Impuesto sobre los | Bienes Personales | Ley | Nº 24.699
Jujuy,informacion_consolidada_2026_6.xlsx,agosto,2026,month,2026-08,Ley Nº 23.966 | Art. 30,0.0,Ley Nº 23.966 | Art. 30
Jujuy,informacion_consolidada_2026_6.xlsx,agosto,2026,month,2026-08,Ley Nº 24.464 | FO.NA.VI.,2655.1324,Ley Nº 24.464 | FO.NA.VI.
Jujuy,informacion_consolidada_2026_6.xlsx,agosto,2026,month,2026-08,Reg.Simplif. | P/Peq.Contrib. | Ley Nº 24.977 | Aart. 59 Inc. A,1060.7951,Reg.Simplif. | P/Peq.Contrib. | Ley Nº 24.977 | Aart. 59 Inc. A
Jujuy,informacion_consolidada_2026_6.xlsx,agosto,2026,month,2026-08,Régimen de la Energía Eléctrica | L E Y Nº 2 4 . 0 6 5 | Fdo. P/Comp. | Tarifa Elect.,0.0,Régimen de la Energía Eléctrica | L E Y Nº 2 4 . 0 6 5 | Fdo. P/Comp. | Tarifa Elect.
Jujuy,informacion_consolidada_2026_6.xlsx,agosto,2026,month,2026-08,Subtotal,172057.6818798639,Subtotal
Jujuy,informacion_consolidada_2026_6.xlsx,agosto,2026,month,2026-08,Subtotal,172060.4568798639,Subtotal
Jujuy,informacion_consolidada_2026_6.xlsx,agosto,2026,month,2026-08,Total | (1) + (2),183888.4999138939,Total | (1) + (2)
Jujuy,informacion_consolidada_2026_6.xlsx,agosto,2026,month,2026-08,Total | Recursos | Origen Nacional | (1),179219.9795138939,Total | Recursos | Origen Nacional | (1)
Jujuy,informacion_consolidada_2026_6.xlsx,agosto,2026,month,2026-08,Transfer. | De Servicios | Ley | Nº 24.049,2.775,Transfer. | De Servicios | Ley | Nº 24.049
Jujuy,informacion_consolidada_2026_6.xlsx,agosto,2026,month,2026-08,Vialidad | Provincial,860.5761,Vialidad | Provincial
Jujuy,informacion_consolidada_2026_6.xlsx,septiembre,2026,month,2026-09,C.F.I. | Neta De | Ley Nº 26.075,156114.3836,CFI | Neta
Jujuy,informacion_consolidada_2026_6.xlsx,septiembre,2026,month,2026-09,Compensación | Consenso Fiscal | II. a y b; II. d y e | (2),5135.37244,Compensación Consenso Fiscal
Jujuy,informacion_consolidada_2026_6.xlsx,septiembre,2026,month,2026-09,F.E.D.E.I.,509.8025584137255,F.E.D.E.I.
Jujuy,informacion_consolidada_2026_6.xlsx,septiembre,2026,month,2026-09,F.E.D.E.I.,750.7228709690453,F.E.D.E.I.
Jujuy,informacion_consolidada_2026_6.xlsx,septiembre,2026,month,2026-09,Financ. | Educativo | Ley Nº 26.075,20732.041417850283,Financiamiento Educativo
Jujuy,informacion_consolidada_2026_6.xlsx,septiembre,2026,month,2026-09,Fondo | Compens. | de | Desequilib.,2.2,Fondo | Compens. | de | Desequilib.
Jujuy,informacion_consolidada_2026_6.xlsx,septiembre,2026,month,2026-09,I.V.A. | Ley Nº 23.966 | Art. 5 | Punto 2,0.0,I.V.A. | Ley Nº 23.966 | Art. 5 | Punto 2
Jujuy,informacion_consolidada_2026_6.xlsx,septiembre,2026,month,2026-09,Impuesto a los Combustibles Líquidos | Ley Nº 23.966 y Nº 24.699 | Obras de | Infraestr.,509.4588,Impuesto a los Combustibles Líquidos | Ley Nº 23.966 y Nº 24.699 | Obras de | Infraestr.
Jujuy,informacion_consolidada_2026_6.xlsx,septiembre,2026,month,2026-09,Impuesto s/ | Los Activos | Fdo. Educ. | Ley Nº 23.906,0.0,Impuesto s/ | Los Activos | Fdo. Educ. | Ley Nº 23.906
Jujuy,informacion_consolidada_2026_6.xlsx,septiembre,2026,month,2026-09,Impuesto sobre los | Bienes Personales | Ley | Nº 24.699,1394.2887,Impuesto sobre los | Bienes Personales | Ley | Nº 24.699
Jujuy,informacion_consolidada_2026_6.xlsx,septiembre,2026,month,2026-09,Ley Nº 23.966 | Art. 30,0.0,Ley Nº 23.966 | Art. 30
Jujuy,informacion_consolidada_2026_6.xlsx,septiembre,2026,month,2026-09,Ley Nº 24.464 | FO.NA.VI.,2626.1085,Ley Nº 24.464 | FO.NA.VI.
Jujuy,informacion_consolidada_2026_6.xlsx,septiembre,2026,month,2026-09,Reg.Simplif. | P/Peq.Contrib. | Ley Nº 24.977 | Aart. 59 Inc. A,1094.1586000000002,Reg.Simplif. | P/Peq.Contrib. | Ley Nº 24.977 | Aart. 59 Inc. A
Jujuy,informacion_consolidada_2026_6.xlsx,septiembre,2026,month,2026-09,Régimen de la Energía Eléctrica | L E Y Nº 2 4 . 0 6 5 | Fdo. P/Comp. | Tarifa Elect.,1147.3030331663522,Régimen de la Energía Eléctrica | L E Y Nº 2 4 . 0 6 5 | Fdo. P/Comp. | Tarifa Elect.
Jujuy,informacion_consolidada_2026_6.xlsx,septiembre,2026,month,2026-09,Subtotal,176846.4250178503,Subtotal
Jujuy,informacion_consolidada_2026_6.xlsx,septiembre,2026,month,2026-09,Subtotal,176849.2000178503,Subtotal
Jujuy,informacion_consolidada_2026_6.xlsx,septiembre,2026,month,2026-09,Total | (1) + (2),190869.78452039944,Total | (1) + (2)
Jujuy,informacion_consolidada_2026_6.xlsx,septiembre,2026,month,2026-09,Total | Recursos | Origen Nacional | (1),185734.41208039943,Total | Recursos | Origen Nacional | (1)
Jujuy,informacion_consolidada_2026_6.xlsx,septiembre,2026,month,2026-09,Transfer. | De Servicios | Ley | Nº 24.049,2.775,Transfer. | De Servicios | Ley | Nº 24.049
Jujuy,informacion_consolidada_2026_6.xlsx,septiembre,2026,month,2026-09,Vialidad | Provincial,851.169,Vialidad | Provincial
Jujuy,informacion_consolidada_2026_6.xlsx,CONS,2026,consolidated,CONS,C.F.I. | Neta De | Ley Nº 26.075,1258848.8749,CFI | Neta
Jujuy,informacion_consolidada_2026_6.xlsx,CONS,2026,consolidated,CONS,Compensación | Consenso Fiscal | II. a y b; II. d y e | (2),39796.71882,Compensación Consenso Fiscal
Jujuy,informacion_consolidada_2026_6.xlsx,CONS,2026,consolidated,CONS,F.E.D.E.I.,2066.201767301867,F.E.D.E.I.
Jujuy,informacion_consolidada_2026_6.xlsx,CONS,2026,consolidated,CONS,F.E.D.E.I.,2750.261741591409,F.E.D.E.I.
Jujuy,informacion_consolidada_2026_6.xlsx,CONS,2026,consolidated,CONS,Financ. | Educativo | Ley Nº 26.075,171510.52450000003,Financiamiento Educativo
Jujuy,informacion_consolidada_2026_6.xlsx,CONS,2026,consolidated,CONS,Fondo | Compens. | de | Desequilib.,19.8,Fondo | Compens. | de | Desequilib.
Jujuy,informacion_consolidada_2026_6.xlsx,CONS,2026,consolidated,CONS,I.V.A. | Ley Nº 23.966 | Art. 5 | Punto 2,0.0,I.V.A. | Ley Nº 23.966 | Art. 5 | Punto 2
Jujuy,informacion_consolidada_2026_6.xlsx,CONS,2026,consolidated,CONS,Impuesto a los Combustibles Líquidos | Ley Nº 23.966 y Nº 24.699 | Obras de | Infraestr.,4009.0055999999995,Impuesto a los Combustibles Líquidos | Ley Nº 23.966 y Nº 24.699 | Obras de | Infraestr.
Jujuy,informacion_consolidada_2026_6.xlsx,CONS,2026,consolidated,CONS,Impuesto s/ | Los Activos | Fdo. Educ. | Ley Nº 23.906,0.0112,Impuesto s/ | Los Activos | Fdo. Educ. | Ley Nº 23.906
Jujuy,informacion_consolidada_2026_6.xlsx,CONS,2026,consolidated,CONS,Impuesto sobre los | Bienes Personales | Ley | Nº 24.699,35960.7306,Impuesto sobre los | Bienes Personales | Ley | Nº 24.699
Jujuy,informacion_consolidada_2026_6.xlsx,CONS,2026,consolidated,CONS,Ley Nº 23.966 | Art. 30,0.0,Ley Nº 23.966 | Art. 30
Jujuy,informacion_consolidada_2026_6.xlsx,CONS,2026,consolidated,CONS,Ley Nº 24.464 | FO.NA.VI.,20665.2317,Ley Nº 24.464 | FO.NA.VI.
Jujuy,informacion_consolidada_2026_6.xlsx,CONS,2026,consolidated,CONS,Reg.Simplif. | P/Peq.Contrib. | Ley Nº 24.977 | Aart. 59 Inc. A,8095.8589,Reg.Simplif. | P/Peq.Contrib. | Ley Nº 24.977 | Aart. 59 Inc. A
Jujuy,informacion_consolidada_2026_6.xlsx,CONS,2026,consolidated,CONS,Régimen de la Energía Eléctrica | L E Y Nº 2 4 . 0 6 5 | Fdo. P/Comp. | Tarifa Elect.,4399.468199999999,Régimen de la Energía Eléctrica | L E Y Nº 2 4 . 0 6 5 | Fdo. P/Comp. | Tarifa Elect.
Jujuy,informacion_consolidada_2026_6.xlsx,CONS,2026,consolidated,CONS,Subtotal,1430359.3994,Subtotal
Jujuy,informacion_consolidada_2026_6.xlsx,CONS,2026,consolidated,CONS,Subtotal,1430384.3744,Subtotal
Jujuy,informacion_consolidada_2026_6.xlsx,CONS,2026,consolidated,CONS,Total | (1) + (2),1554845.6359288935,Total | (1) + (2)
Jujuy,informacion_consolidada_2026_6.xlsx,CONS,2026,consolidated,CONS,Total | Recursos | Origen Nacional | (1),1515048.9171088934,Total | Recursos | Origen Nacional | (1)
Jujuy,informacion_consolidada_2026_6.xlsx,CONS,2026,consolidated,CONS,Transfer. | De Servicios | Ley | Nº 24.049,24.975,Transfer. | De Servicios | Ley | Nº 24.049
Jujuy,informacion_consolidada_2026_6.xlsx,CONS,2026,consolidated,CONS,Vialidad | Provincial,6697.973,Vialidad | Provincial
La Pampa,informacion_consolidada_2026_6.xlsx,enero,2026,month,2026-01,C.F.I. | Neta De | Ley Nº 26.075,94079.1408,CFI | Neta
La Pampa,informacion_consolidada_2026_6.xlsx,enero,2026,month,2026-01,Compensación | Consenso Fiscal | II. a y b; II. d y e | (2),0.0,Compensación Consenso Fiscal
La Pampa,informacion_consolidada_2026_6.xlsx,enero,2026,month,2026-01,F.E.D.E.I.,230.25407578873347,F.E.D.E.I.
La Pampa,informacion_consolidada_2026_6.xlsx,enero,2026,month,2026-01,F.E.D.E.I.,218.49516087862222,F.E.D.E.I.
La Pampa,informacion_consolidada_2026_6.xlsx,enero,2026,month,2026-01,Financ. | Educativo | Ley Nº 26.075,5412.798990867294,Financiamiento Educativo
La Pampa,informacion_consolidada_2026_6.xlsx,enero,2026,month,2026-01,Fondo | Compens. | de | Desequilib.,2.5,Fondo | Compens. | de | Desequilib.
La Pampa,informacion_consolidada_2026_6.xlsx,enero,2026,month,2026-01,I.V.A. | Ley Nº 23.966 | Art. 5 | Punto 2,548.9111,I.V.A. | Ley Nº 23.966 | Art. 5 | Punto 2
La Pampa,informacion_consolidada_2026_6.xlsx,enero,2026,month,2026-01,Impuesto a los Combustibles Líquidos | Ley Nº 23.966 y Nº 24.699 | Obras de | Infraestr.,171.29760000000002,Impuesto a los Combustibles Líquidos | Ley Nº 23.966 y Nº 24.699 | Obras de | Infraestr.
La Pampa,informacion_consolidada_2026_6.xlsx,enero,2026,month,2026-01,Impuesto s/ | Los Activos | Fdo. Educ. | Ley Nº 23.906,3.13e-06,Impuesto s/ | Los Activos | Fdo. Educ. | Ley Nº 23.906
La Pampa,informacion_consolidada_2026_6.xlsx,enero,2026,month,2026-01,Impuesto sobre los | Bienes Personales | Ley | Nº 24.699,551.5154,Impuesto sobre los | Bienes Personales | Ley | Nº 24.699
La Pampa,informacion_consolidada_2026_6.xlsx,enero,2026,month,2026-01,Ley Nº 23.966 | Art. 30,44.4167,Ley Nº 23.966 | Art. 30
La Pampa,informacion_consolidada_2026_6.xlsx,enero,2026,month,2026-01,Ley Nº 24.464 | FO.NA.VI.,890.5277,Ley Nº 24.464 | FO.NA.VI.
La Pampa,informacion_consolidada_2026_6.xlsx,enero,2026,month,2026-01,Reg.Simplif. | P/Peq.Contrib. | Ley Nº 24.977 | Aart. 59 Inc. A,468.84290000000004,Reg.Simplif. | P/Peq.Contrib. | Ley Nº 24.977 | Aart. 59 Inc. A
La Pampa,informacion_consolidada_2026_6.xlsx,enero,2026,month,2026-01,Régimen de la Energía Eléctrica | L E Y Nº 2 4 . 0 6 5 | Fdo. P/Comp. | Tarifa Elect.,491.29153299153865,Régimen de la Energía Eléctrica | L E Y Nº 2 4 . 0 6 5 | Fdo. P/Comp. | Tarifa Elect.
La Pampa,informacion_consolidada_2026_6.xlsx,enero,2026,month,2026-01,Subtotal,99491.93979086728,Subtotal
La Pampa,informacion_consolidada_2026_6.xlsx,enero,2026,month,2026-01,Subtotal,99493.53979086729,Subtotal
La Pampa,informacion_consolidada_2026_6.xlsx,enero,2026,month,2026-01,Total | (1) + (2),103647.6774636562,Total | (1) + (2)
La Pampa,informacion_consolidada_2026_6.xlsx,enero,2026,month,2026-01,Total | Recursos | Origen Nacional | (1),103647.6774636562,Total | Recursos | Origen Nacional | (1)
La Pampa,informacion_consolidada_2026_6.xlsx,enero,2026,month,2026-01,Transfer. | De Servicios | Ley | Nº 24.049,1.6,Transfer. | De Servicios | Ley | Nº 24.049
La Pampa,informacion_consolidada_2026_6.xlsx,enero,2026,month,2026-01,Vialidad | Provincial,536.0855,Vialidad | Provincial
La Pampa,informacion_consolidada_2026_6.xlsx,febrero,2026,month,2026-02,C.F.I. | Neta De | Ley Nº 26.075,81295.4744,CFI | Neta
La Pampa,informacion_consolidada_2026_6.xlsx,febrero,2026,month,2026-02,Compensación | Consenso Fiscal | II. a y b; II. d y e | (2),0.0,Compensación Consenso Fiscal
La Pampa,informacion_consolidada_2026_6.xlsx,febrero,2026,month,2026-02,F.E.D.E.I.,0.0,F.E.D.E.I.
La Pampa,informacion_consolidada_2026_6.xlsx,febrero,2026,month,2026-02,F.E.D.E.I.,0.0,F.E.D.E.I.
La Pampa,informacion_consolidada_2026_6.xlsx,febrero,2026,month,2026-02,Financ. | Educativo | Ley Nº 26.075,10333.525346201193,Financiamiento Educativo
La Pampa,informacion_consolidada_2026_6.xlsx,febrero,2026,month,2026-02,Fondo | Compens. | de | Desequilib.,2.5,Fondo | Compens. | de | Desequilib.
La Pampa,informacion_consolidada_2026_6.xlsx,febrero,2026,month,2026-02,I.V.A. | Ley Nº 23.966 | Art. 5 | Punto 2,477.6184,I.V.A. | Ley Nº 23.966 | Art. 5 | Punto 2
La Pampa,informacion_consolidada_2026_6.xlsx,febrero,2026,month,2026-02,Impuesto a los Combustibles Líquidos | Ley Nº 23.966 y Nº 24.699 | Obras de | Infraestr.,287.9341,Impuesto a los Combustibles Líquidos | Ley Nº 23.966 y Nº 24.699 | Obras de | Infraestr.
La Pampa,informacion_consolidada_2026_6.xlsx,febrero,2026,month,2026-02,Impuesto s/ | Los Activos | Fdo. Educ. | Ley Nº 23.906,1.5e-07,Impuesto s/ | Los Activos | Fdo. Educ. | Ley Nº 23.906
La Pampa,informacion_consolidada_2026_6.xlsx,febrero,2026,month,2026-02,Impuesto sobre los | Bienes Personales | Ley | Nº 24.699,774.0006999999999,Impuesto sobre los | Bienes Personales | Ley | Nº 24.699
La Pampa,informacion_consolidada_2026_6.xlsx,febrero,2026,month,2026-02,Ley Nº 23.966 | Art. 30,62.3347,Ley Nº 23.966 | Art. 30
La Pampa,informacion_consolidada_2026_6.xlsx,febrero,2026,month,2026-02,Ley Nº 24.464 | FO.NA.VI.,1496.8878,Ley Nº 24.464 | FO.NA.VI.
La Pampa,informacion_consolidada_2026_6.xlsx,febrero,2026,month,2026-02,Reg.Simplif. | P/Peq.Contrib. | Ley Nº 24.977 | Aart. 59 Inc. A,566.1085,Reg.Simplif. | P/Peq.Contrib. | Ley Nº 24.977 | Aart. 59 Inc. A
La Pampa,informacion_consolidada_2026_6.xlsx,febrero,2026,month,2026-02,Régimen de la Energía Eléctrica | L E Y Nº 2 4 . 0 6 5 | Fdo. P/Comp. | Tarifa Elect.,0.0,Régimen de la Energía Eléctrica | L E Y Nº 2 4 . 0 6 5 | Fdo. P/Comp. | Tarifa Elect.
La Pampa,informacion_consolidada_2026_6.xlsx,febrero,2026,month,2026-02,Subtotal,91628.9997462012,Subtotal
La Pampa,informacion_consolidada_2026_6.xlsx,febrero,2026,month,2026-02,Subtotal,91630.5997462012,Subtotal
La Pampa,informacion_consolidada_2026_6.xlsx,febrero,2026,month,2026-02,Total | (1) + (2),96199.08994635122,Total | (1) + (2)
La Pampa,informacion_consolidada_2026_6.xlsx,febrero,2026,month,2026-02,Total | Recursos | Origen Nacional | (1),96199.08994635122,Total | Recursos | Origen Nacional | (1)
La Pampa,informacion_consolidada_2026_6.xlsx,febrero,2026,month,2026-02,Transfer. | De Servicios | Ley | Nº 24.049,1.6,Transfer. | De Servicios | Ley | Nº 24.049
La Pampa,informacion_consolidada_2026_6.xlsx,febrero,2026,month,2026-02,Vialidad | Provincial,901.106,Vialidad | Provincial
La Pampa,informacion_consolidada_2026_6.xlsx,marzo,2026,month,2026-03,C.F.I. | Neta De | Ley Nº 26.075,72367.80859999999,CFI | Neta
La Pampa,informacion_consolidada_2026_6.xlsx,marzo,2026,month,2026-03,Compensación | Consenso Fiscal | II. a y b; II. d y e | (2),0.0,Compensación Consenso Fiscal
La Pampa,informacion_consolidada_2026_6.xlsx,marzo,2026,month,2026-03,F.E.D.E.I.,312.275395202702,F.E.D.E.I.
La Pampa,informacion_consolidada_2026_6.xlsx,marzo,2026,month,2026-03,F.E.D.E.I.,440.72510905521744,F.E.D.E.I.
La Pampa,informacion_consolidada_2026_6.xlsx,marzo,2026,month,2026-03,Financ. | Educativo | Ley Nº 26.075,11317.670617267971,Financiamiento Educativo
La Pampa,informacion_consolidada_2026_6.xlsx,marzo,2026,month,2026-03,Fondo | Compens. | de | Desequilib.,2.5,Fondo | Compens. | de | Desequilib.
La Pampa,informacion_consolidada_2026_6.xlsx,marzo,2026,month,2026-03,I.V.A. | Ley Nº 23.966 | Art. 5 | Punto 2,490.2711,I.V.A. | Ley Nº 23.966 | Art. 5 | Punto 2
La Pampa,informacion_consolidada_2026_6.xlsx,marzo,2026,month,2026-03,Impuesto a los Combustibles Líquidos | Ley Nº 23.966 y Nº 24.699 | Obras de | Infraestr.,284.3854,Impuesto a los Combustibles Líquidos | Ley Nº 23.966 y Nº 24.699 | Obras de | Infraestr.
La Pampa,informacion_consolidada_2026_6.xlsx,marzo,2026,month,2026-03,Impuesto s/ | Los Activos | Fdo. Educ. | Ley Nº 23.906,6.800000000000001e-07,Impuesto s/ | Los Activos | Fdo. Educ. | Ley Nº 23.906
La Pampa,informacion_consolidada_2026_6.xlsx,marzo,2026,month,2026-03,Impuesto sobre los | Bienes Personales | Ley | Nº 24.699,374.0768,Impuesto sobre los | Bienes Personales | Ley | Nº 24.699
La Pampa,informacion_consolidada_2026_6.xlsx,marzo,2026,month,2026-03,Ley Nº 23.966 | Art. 30,30.1266,Ley Nº 23.966 | Art. 30
La Pampa,informacion_consolidada_2026_6.xlsx,marzo,2026,month,2026-03,Ley Nº 24.464 | FO.NA.VI.,1478.4391,Ley Nº 24.464 | FO.NA.VI.
La Pampa,informacion_consolidada_2026_6.xlsx,marzo,2026,month,2026-03,Reg.Simplif. | P/Peq.Contrib. | Ley Nº 24.977 | Aart. 59 Inc. A,535.4383,Reg.Simplif. | P/Peq.Contrib. | Ley Nº 24.977 | Aart. 59 Inc. A
La Pampa,informacion_consolidada_2026_6.xlsx,marzo,2026,month,2026-03,Régimen de la Energía Eléctrica | L E Y Nº 2 4 . 0 6 5 | Fdo. P/Comp. | Tarifa Elect.,990.980823425768,Régimen de la Energía Eléctrica | L E Y Nº 2 4 . 0 6 5 | Fdo. P/Comp. | Tarifa Elect.
La Pampa,informacion_consolidada_2026_6.xlsx,marzo,2026,month,2026-03,Subtotal,83685.47921726796,Subtotal
La Pampa,informacion_consolidada_2026_6.xlsx,marzo,2026,month,2026-03,Subtotal,83687.07921726796,Subtotal
La Pampa,informacion_consolidada_2026_6.xlsx,marzo,2026,month,2026-03,Total | (1) + (2),89516.29794563164,Total | (1) + (2)
La Pampa,informacion_consolidada_2026_6.xlsx,marzo,2026,month,2026-03,Total | Recursos | Origen Nacional | (1),89516.29794563164,Total | Recursos | Origen Nacional | (1)
La Pampa,informacion_consolidada_2026_6.xlsx,marzo,2026,month,2026-03,Transfer. | De Servicios | Ley | Nº 24.049,1.6,Transfer. | De Servicios | Ley | Nº 24.049
La Pampa,informacion_consolidada_2026_6.xlsx,marzo,2026,month,2026-03,Vialidad | Provincial,890.0001,Vialidad | Provincial
La Pampa,informacion_consolidada_2026_6.xlsx,abril,2026,month,2026-04,C.F.I. | Neta De | Ley Nº 26.075,81866.0118,CFI | Neta
La Pampa,informacion_consolidada_2026_6.xlsx,abril,2026,month,2026-04,Compensación | Consenso Fiscal | II. a y b; II. d y e | (2),0.0,Compensación Consenso Fiscal
La Pampa,informacion_consolidada_2026_6.xlsx,abril,2026,month,2026-04,F.E.D.E.I.,0.0,F.E.D.E.I.
La Pampa,informacion_consolidada_2026_6.xlsx,abril,2026,month,2026-04,F.E.D.E.I.,0.0,F.E.D.E.I.
La Pampa,informacion_consolidada_2026_6.xlsx,abril,2026,month,2026-04,Financ. | Educativo | Ley Nº 26.075,11809.743252801363,Financiamiento Educativo
La Pampa,informacion_consolidada_2026_6.xlsx,abril,2026,month,2026-04,Fondo | Compens. | de | Desequilib.,2.5,Fondo | Compens. | de | Desequilib.
La Pampa,informacion_consolidada_2026_6.xlsx,abril,2026,month,2026-04,I.V.A. | Ley Nº 23.966 | Art. 5 | Punto 2,527.9497,I.V.A. | Ley Nº 23.966 | Art. 5 | Punto 2
La Pampa,informacion_consolidada_2026_6.xlsx,abril,2026,month,2026-04,Impuesto a los Combustibles Líquidos | Ley Nº 23.966 y Nº 24.699 | Obras de | Infraestr.,309.6773,Impuesto a los Combustibles Líquidos | Ley Nº 23.966 y Nº 24.699 | Obras de | Infraestr.
La Pampa,informacion_consolidada_2026_6.xlsx,abril,2026,month,2026-04,Impuesto s/ | Los Activos | Fdo. Educ. | Ley Nº 23.906,1e-08,Impuesto s/ | Los Activos | Fdo. Educ. | Ley Nº 23.906
La Pampa,informacion_consolidada_2026_6.xlsx,abril,2026,month,2026-04,Impuesto sobre los | Bienes Personales | Ley | Nº 24.699,645.7044000000001,Impuesto sobre los | Bienes Personales | Ley | Nº 24.699
La Pampa,informacion_consolidada_2026_6.xlsx,abril,2026,month,2026-04,Ley Nº 23.966 | Art. 30,52.002300000000005,Ley Nº 23.966 | Art. 30
La Pampa,informacion_consolidada_2026_6.xlsx,abril,2026,month,2026-04,Ley Nº 24.464 | FO.NA.VI.,1609.9249,Ley Nº 24.464 | FO.NA.VI.
La Pampa,informacion_consolidada_2026_6.xlsx,abril,2026,month,2026-04,Reg.Simplif. | P/Peq.Contrib. | Ley Nº 24.977 | Aart. 59 Inc. A,613.217,Reg.Simplif. | P/Peq.Contrib. | Ley Nº 24.977 | Aart. 59 Inc. A
La Pampa,informacion_consolidada_2026_6.xlsx,abril,2026,month,2026-04,Régimen de la Energía Eléctrica | L E Y Nº 2 4 . 0 6 5 | Fdo. P/Comp. | Tarifa Elect.,0.0,Régimen de la Energía Eléctrica | L E Y Nº 2 4 . 0 6 5 | Fdo. P/Comp. | Tarifa Elect.
La Pampa,informacion_consolidada_2026_6.xlsx,abril,2026,month,2026-04,Subtotal,93675.75505280135,Subtotal
La Pampa,informacion_consolidada_2026_6.xlsx,abril,2026,month,2026-04,Subtotal,93677.35505280136,Subtotal
La Pampa,informacion_consolidada_2026_6.xlsx,abril,2026,month,2026-04,Total | (1) + (2),98407.48335281135,Total | (1) + (2)
La Pampa,informacion_consolidada_2026_6.xlsx,abril,2026,month,2026-04,Total | Recursos | Origen Nacional | (1),98407.48335281135,Total | Recursos | Origen Nacional | (1)
La Pampa,informacion_consolidada_2026_6.xlsx,abril,2026,month,2026-04,Transfer. | De Servicios | Ley | Nº 24.049,1.6,Transfer. | De Servicios | Ley | Nº 24.049
La Pampa,informacion_consolidada_2026_6.xlsx,abril,2026,month,2026-04,Vialidad | Provincial,969.1527,Vialidad | Provincial
La Pampa,informacion_consolidada_2026_6.xlsx,mayo,2026,month,2026-05,C.F.I. | Neta De | Ley Nº 26.075,129464.1394,CFI | Neta
La Pampa,informacion_consolidada_2026_6.xlsx,mayo,2026,month,2026-05,Compensación | Consenso Fiscal | II. a y b; II. d y e | (2),0.0,Compensación Consenso Fiscal
La Pampa,informacion_consolidada_2026_6.xlsx,mayo,2026,month,2026-05,F.E.D.E.I.,193.42716049481086,F.E.D.E.I.
La Pampa,informacion_consolidada_2026_6.xlsx,mayo,2026,month,2026-05,F.E.D.E.I.,239.47247565521147,F.E.D.E.I.
La Pampa,informacion_consolidada_2026_6.xlsx,mayo,2026,month,2026-05,Financ. | Educativo | Ley Nº 26.075,9349.380075134484,Financiamiento Educativo
La Pampa,informacion_consolidada_2026_6.xlsx,mayo,2026,month,2026-05,Fondo | Compens. | de | Desequilib.,2.5,Fondo | Compens. | de | Desequilib.
La Pampa,informacion_consolidada_2026_6.xlsx,mayo,2026,month,2026-05,I.V.A. | Ley Nº 23.966 | Art. 5 | Punto 2,466.98740000000004,I.V.A. | Ley Nº 23.966 | Art. 5 | Punto 2
La Pampa,informacion_consolidada_2026_6.xlsx,mayo,2026,month,2026-05,Impuesto a los Combustibles Líquidos | Ley Nº 23.966 y Nº 24.699 | Obras de | Infraestr.,285.3268,Impuesto a los Combustibles Líquidos | Ley Nº 23.966 y Nº 24.699 | Obras de | Infraestr.
La Pampa,informacion_consolidada_2026_6.xlsx,mayo,2026,month,2026-05,Impuesto s/ | Los Activos | Fdo. Educ. | Ley Nº 23.906,1e-08,Impuesto s/ | Los Activos | Fdo. Educ. | Ley Nº 23.906
La Pampa,informacion_consolidada_2026_6.xlsx,mayo,2026,month,2026-05,Impuesto sobre los | Bienes Personales | Ley | Nº 24.699,711.7648,Impuesto sobre los | Bienes Personales | Ley | Nº 24.699
La Pampa,informacion_consolidada_2026_6.xlsx,mayo,2026,month,2026-05,Ley Nº 23.966 | Art. 30,57.3225,Ley Nº 23.966 | Art. 30
La Pampa,informacion_consolidada_2026_6.xlsx,mayo,2026,month,2026-05,Ley Nº 24.464 | FO.NA.VI.,1483.3332,Ley Nº 24.464 | FO.NA.VI.
La Pampa,informacion_consolidada_2026_6.xlsx,mayo,2026,month,2026-05,Reg.Simplif. | P/Peq.Contrib. | Ley Nº 24.977 | Aart. 59 Inc. A,600.4563,Reg.Simplif. | P/Peq.Contrib. | Ley Nº 24.977 | Aart. 59 Inc. A
La Pampa,informacion_consolidada_2026_6.xlsx,mayo,2026,month,2026-05,Régimen de la Energía Eléctrica | L E Y Nº 2 4 . 0 6 5 | Fdo. P/Comp. | Tarifa Elect.,538.4595210314536,Régimen de la Energía Eléctrica | L E Y Nº 2 4 . 0 6 5 | Fdo. P/Comp. | Tarifa Elect.
La Pampa,informacion_consolidada_2026_6.xlsx,mayo,2026,month,2026-05,Subtotal,138813.5194751345,Subtotal
La Pampa,informacion_consolidada_2026_6.xlsx,mayo,2026,month,2026-05,Subtotal,138815.1194751345,Subtotal
La Pampa,informacion_consolidada_2026_6.xlsx,mayo,2026,month,2026-05,Total | (1) + (2),144287.115932326,Total | (1) + (2)
La Pampa,informacion_consolidada_2026_6.xlsx,mayo,2026,month,2026-05,Total | Recursos | Origen Nacional | (1),144287.115932326,Total | Recursos | Origen Nacional | (1)
La Pampa,informacion_consolidada_2026_6.xlsx,mayo,2026,month,2026-05,Transfer. | De Servicios | Ley | Nº 24.049,1.6,Transfer. | De Servicios | Ley | Nº 24.049
La Pampa,informacion_consolidada_2026_6.xlsx,mayo,2026,month,2026-05,Vialidad | Provincial,892.9463000000001,Vialidad | Provincial
La Pampa,informacion_consolidada_2026_6.xlsx,junio,2026,month,2026-06,C.F.I. | Neta De | Ley Nº 26.075,88801.5593,CFI | Neta
La Pampa,informacion_consolidada_2026_6.xlsx,junio,2026,month,2026-06,Compensación | Consenso Fiscal | II. a y b; II. d y e | (2),0.0,Compensación Consenso Fiscal
La Pampa,informacion_consolidada_2026_6.xlsx,junio,2026,month,2026-06,F.E.D.E.I.,404.72922707103186,F.E.D.E.I.
La Pampa,informacion_consolidada_2026_6.xlsx,junio,2026,month,2026-06,F.E.D.E.I.,581.1283555638408,F.E.D.E.I.
La Pampa,informacion_consolidada_2026_6.xlsx,junio,2026,month,2026-06,Financ. | Educativo | Ley Nº 26.075,10333.525346201272,Financiamiento Educativo
La Pampa,informacion_consolidada_2026_6.xlsx,junio,2026,month,2026-06,Fondo | Compens. | de | Desequilib.,2.5,Fondo | Compens. | de | Desequilib.
La Pampa,informacion_consolidada_2026_6.xlsx,junio,2026,month,2026-06,I.V.A. | Ley Nº 23.966 | Art. 5 | Punto 2,574.4854,I.V.A. | Ley Nº 23.966 | Art. 5 | Punto 2
La Pampa,informacion_consolidada_2026_6.xlsx,junio,2026,month,2026-06,Impuesto a los Combustibles Líquidos | Ley Nº 23.966 y Nº 24.699 | Obras de | Infraestr.,353.85909999999996,Impuesto a los Combustibles Líquidos | Ley Nº 23.966 y Nº 24.699 | Obras de | Infraestr.
La Pampa,informacion_consolidada_2026_6.xlsx,junio,2026,month,2026-06,Impuesto s/ | Los Activos | Fdo. Educ. | Ley Nº 23.906,1e-08,Impuesto s/ | Los Activos | Fdo. Educ. | Ley Nº 23.906
La Pampa,informacion_consolidada_2026_6.xlsx,junio,2026,month,2026-06,Impuesto sobre los | Bienes Personales | Ley | Nº 24.699,17115.1708,Impuesto sobre los | Bienes Personales | Ley | Nº 24.699
La Pampa,informacion_consolidada_2026_6.xlsx,junio,2026,month,2026-06,Ley Nº 23.966 | Art. 30,1378.3831,Ley Nº 23.966 | Art. 30
La Pampa,informacion_consolidada_2026_6.xlsx,junio,2026,month,2026-06,Ley Nº 24.464 | FO.NA.VI.,1839.6136000000001,Ley Nº 24.464 | FO.NA.VI.
La Pampa,informacion_consolidada_2026_6.xlsx,junio,2026,month,2026-06,Reg.Simplif. | P/Peq.Contrib. | Ley Nº 24.977 | Aart. 59 Inc. A,611.9350999999999,Reg.Simplif. | P/Peq.Contrib. | Ley Nº 24.977 | Aart. 59 Inc. A
La Pampa,informacion_consolidada_2026_6.xlsx,junio,2026,month,2026-06,Régimen de la Energía Eléctrica | L E Y Nº 2 4 . 0 6 5 | Fdo. P/Comp. | Tarifa Elect.,1295.0544900270695,Régimen de la Energía Eléctrica | L E Y Nº 2 4 . 0 6 5 | Fdo. P/Comp. | Tarifa Elect.
La Pampa,informacion_consolidada_2026_6.xlsx,junio,2026,month,2026-06,Subtotal,99135.08464620127,Subtotal
La Pampa,informacion_consolidada_2026_6.xlsx,junio,2026,month,2026-06,Subtotal,99136.68464620128,Subtotal
La Pampa,informacion_consolidada_2026_6.xlsx,junio,2026,month,2026-06,Total | (1) + (2),124400.96601887324,Total | (1) + (2)
La Pampa,informacion_consolidada_2026_6.xlsx,junio,2026,month,2026-06,Total | Recursos | Origen Nacional | (1),124400.96601887324,Total | Recursos | Origen Nacional | (1)
La Pampa,informacion_consolidada_2026_6.xlsx,junio,2026,month,2026-06,Transfer. | De Servicios | Ley | Nº 24.049,1.6,Transfer. | De Servicios | Ley | Nº 24.049
La Pampa,informacion_consolidada_2026_6.xlsx,junio,2026,month,2026-06,Vialidad | Provincial,1107.4222,Vialidad | Provincial
La Pampa,informacion_consolidada_2026_6.xlsx,julio,2026,month,2026-07,C.F.I. | Neta De | Ley Nº 26.075,112015.5904,CFI | Neta
La Pampa,informacion_consolidada_2026_6.xlsx,julio,2026,month,2026-07,Compensación | Consenso Fiscal | II. a y b; II. d y e | (2),0.0,Compensación Consenso Fiscal
La Pampa,informacion_consolidada_2026_6.xlsx,julio,2026,month,2026-07,F.E.D.E.I.,240.96298338377684,F.E.D.E.I.
La Pampa,informacion_consolidada_2026_6.xlsx,julio,2026,month,2026-07,F.E.D.E.I.,295.21228949700827,F.E.D.E.I.
La Pampa,informacion_consolidada_2026_6.xlsx,julio,2026,month,2026-07,Financ. | Educativo | Ley Nº 26.075,10333.525346201272,Financiamiento Educativo
La Pampa,informacion_consolidada_2026_6.xlsx,julio,2026,month,2026-07,Fondo | Compens. | de | Desequilib.,2.5,Fondo | Compens. | de | Desequilib.
La Pampa,informacion_consolidada_2026_6.xlsx,julio,2026,month,2026-07,I.V.A. | Ley Nº 23.966 | Art. 5 | Punto 2,602.5332,I.V.A. | Ley Nº 23.966 | Art. 5 | Punto 2
La Pampa,informacion_consolidada_2026_6.xlsx,julio,2026,month,2026-07,Impuesto a los Combustibles Líquidos | Ley Nº 23.966 y Nº 24.699 | Obras de | Infraestr.,318.4185,Impuesto a los Combustibles Líquidos | Ley Nº 23.966 y Nº 24.699 | Obras de | Infraestr.
La Pampa,informacion_consolidada_2026_6.xlsx,julio,2026,month,2026-07,Impuesto s/ | Los Activos | Fdo. Educ. | Ley Nº 23.906,5.4e-07,Impuesto s/ | Los Activos | Fdo. Educ. | Ley Nº 23.906
La Pampa,informacion_consolidada_2026_6.xlsx,julio,2026,month,2026-07,Impuesto sobre los | Bienes Personales | Ley | Nº 24.699,1727.3849,Impuesto sobre los | Bienes Personales | Ley | Nº 24.699
La Pampa,informacion_consolidada_2026_6.xlsx,julio,2026,month,2026-07,Ley Nº 23.966 | Art. 30,139.11620000000002,Ley Nº 23.966 | Art. 30
La Pampa,informacion_consolidada_2026_6.xlsx,julio,2026,month,2026-07,Ley Nº 24.464 | FO.NA.VI.,1655.3678,Ley Nº 24.464 | FO.NA.VI.
La Pampa,informacion_consolidada_2026_6.xlsx,julio,2026,month,2026-07,Reg.Simplif. | P/Peq.Contrib. | Ley Nº 24.977 | Aart. 59 Inc. A,607.1071999999999,Reg.Simplif. | P/Peq.Contrib. | Ley Nº 24.977 | Aart. 59 Inc. A
La Pampa,informacion_consolidada_2026_6.xlsx,julio,2026,month,2026-07,Régimen de la Energía Eléctrica | L E Y Nº 2 4 . 0 6 5 | Fdo. P/Comp. | Tarifa Elect.,657.8856415677027,Régimen de la Energía Eléctrica | L E Y Nº 2 4 . 0 6 5 | Fdo. P/Comp. | Tarifa Elect.
La Pampa,informacion_consolidada_2026_6.xlsx,julio,2026,month,2026-07,Subtotal,122349.11574620128,Subtotal
La Pampa,informacion_consolidada_2026_6.xlsx,julio,2026,month,2026-07,Subtotal,122350.71574620128,Subtotal
La Pampa,informacion_consolidada_2026_6.xlsx,julio,2026,month,2026-07,Total | (1) + (2),129593.7131611898,Total | (1) + (2)
La Pampa,informacion_consolidada_2026_6.xlsx,julio,2026,month,2026-07,Total | Recursos | Origen Nacional | (1),129593.7131611898,Total | Recursos | Origen Nacional | (1)
La Pampa,informacion_consolidada_2026_6.xlsx,julio,2026,month,2026-07,Transfer. | De Servicios | Ley | Nº 24.049,1.6,Transfer. | De Servicios | Ley | Nº 24.049
La Pampa,informacion_consolidada_2026_6.xlsx,julio,2026,month,2026-07,Vialidad | Provincial,996.5087,Vialidad | Provincial
La Pampa,informacion_consolidada_2026_6.xlsx,agosto,2026,month,2026-08,C.F.I. | Neta De | Ley Nº 26.075,106096.6572,CFI | Neta
La Pampa,informacion_consolidada_2026_6.xlsx,agosto,2026,month,2026-08,Compensación | Consenso Fiscal | II. a y b; II. d y e | (2),0.0,Compensación Consenso Fiscal
La Pampa,informacion_consolidada_2026_6.xlsx,agosto,2026,month,2026-08,F.E.D.E.I.,0.0,F.E.D.E.I.
La Pampa,informacion_consolidada_2026_6.xlsx,agosto,2026,month,2026-08,F.E.D.E.I.,0.0,F.E.D.E.I.
La Pampa,informacion_consolidada_2026_6.xlsx,agosto,2026,month,2026-08,Financ. | Educativo | Ley Nº 26.075,9841.4527106678,Financiamiento Educativo
La Pampa,informacion_consolidada_2026_6.xlsx,agosto,2026,month,2026-08,Fondo | Compens. | de | Desequilib.,2.5,Fondo | Compens. | de | Desequilib.
La Pampa,informacion_consolidada_2026_6.xlsx,agosto,2026,month,2026-08,I.V.A. | Ley Nº 23.966 | Art. 5 | Punto 2,585.743,I.V.A. | Ley Nº 23.966 | Art. 5 | Punto 2
La Pampa,informacion_consolidada_2026_6.xlsx,agosto,2026,month,2026-08,Impuesto a los Combustibles Líquidos | Ley Nº 23.966 y Nº 24.699 | Obras de | Infraestr.,347.18129999999996,Impuesto a los Combustibles Líquidos | Ley Nº 23.966 y Nº 24.699 | Obras de | Infraestr.
La Pampa,informacion_consolidada_2026_6.xlsx,agosto,2026,month,2026-08,Impuesto s/ | Los Activos | Fdo. Educ. | Ley Nº 23.906,0.009494669999999998,Impuesto s/ | Los Activos | Fdo. Educ. | Ley Nº 23.906
La Pampa,informacion_consolidada_2026_6.xlsx,agosto,2026,month,2026-08,Impuesto sobre los | Bienes Personales | Ley | Nº 24.699,1391.9275,Impuesto sobre los | Bienes Personales | Ley | Nº 24.699
La Pampa,informacion_consolidada_2026_6.xlsx,agosto,2026,month,2026-08,Ley Nº 23.966 | Art. 30,112.09989999999999,Ley Nº 23.966 | Art. 30
La Pampa,informacion_consolidada_2026_6.xlsx,agosto,2026,month,2026-08,Ley Nº 24.464 | FO.NA.VI.,1804.8976,Ley Nº 24.464 | FO.NA.VI.
La Pampa,informacion_consolidada_2026_6.xlsx,agosto,2026,month,2026-08,Reg.Simplif. | P/Peq.Contrib. | Ley Nº 24.977 | Aart. 59 Inc. A,714.8159,Reg.Simplif. | P/Peq.Contrib. | Ley Nº 24.977 | Aart. 59 Inc. A
La Pampa,informacion_consolidada_2026_6.xlsx,agosto,2026,month,2026-08,Régimen de la Energía Eléctrica | L E Y Nº 2 4 . 0 6 5 | Fdo. P/Comp. | Tarifa Elect.,0.0,Régimen de la Energía Eléctrica | L E Y Nº 2 4 . 0 6 5 | Fdo. P/Comp. | Tarifa Elect.
La Pampa,informacion_consolidada_2026_6.xlsx,agosto,2026,month,2026-08,Subtotal,115938.1099106678,Subtotal
La Pampa,informacion_consolidada_2026_6.xlsx,agosto,2026,month,2026-08,Subtotal,115939.7099106678,Subtotal
La Pampa,informacion_consolidada_2026_6.xlsx,agosto,2026,month,2026-08,Total | (1) + (2),121985.40820533781,Total | (1) + (2)
La Pampa,informacion_consolidada_2026_6.xlsx,agosto,2026,month,2026-08,Total | Recursos | Origen Nacional | (1),121985.40820533781,Total | Recursos | Origen Nacional | (1)
La Pampa,informacion_consolidada_2026_6.xlsx,agosto,2026,month,2026-08,Transfer. | De Servicios | Ley | Nº 24.049,1.6,Transfer. | De Servicios | Ley | Nº 24.049
La Pampa,informacion_consolidada_2026_6.xlsx,agosto,2026,month,2026-08,Vialidad | Provincial,1086.5236,Vialidad | Provincial
La Pampa,informacion_consolidada_2026_6.xlsx,septiembre,2026,month,2026-09,C.F.I. | Neta De | Ley Nº 26.075,108359.23240000001,CFI | Neta
La Pampa,informacion_consolidada_2026_6.xlsx,septiembre,2026,month,2026-09,Compensación | Consenso Fiscal | II. a y b; II. d y e | (2),0.0,Compensación Consenso Fiscal
La Pampa,informacion_consolidada_2026_6.xlsx,septiembre,2026,month,2026-09,F.E.D.E.I.,452.562626879646,F.E.D.E.I.
La Pampa,informacion_consolidada_2026_6.xlsx,septiembre,2026,month,2026-09,F.E.D.E.I.,666.4327374029787,F.E.D.E.I.
La Pampa,informacion_consolidada_2026_6.xlsx,septiembre,2026,month,2026-09,Financ. | Educativo | Ley Nº 26.075,10825.597981734498,Financiamiento Educativo
La Pampa,informacion_consolidada_2026_6.xlsx,septiembre,2026,month,2026-09,Fondo | Compens. | de | Desequilib.,2.5,Fondo | Compens. | de | Desequilib.
La Pampa,informacion_consolidada_2026_6.xlsx,septiembre,2026,month,2026-09,I.V.A. | Ley Nº 23.966 | Art. 5 | Punto 2,604.6909,I.V.A. | Ley Nº 23.966 | Art. 5 | Punto 2
La Pampa,informacion_consolidada_2026_6.xlsx,septiembre,2026,month,2026-09,Impuesto a los Combustibles Líquidos | Ley Nº 23.966 y Nº 24.699 | Obras de | Infraestr.,343.2883,Impuesto a los Combustibles Líquidos | Ley Nº 23.966 y Nº 24.699 | Obras de | Infraestr.
La Pampa,informacion_consolidada_2026_6.xlsx,septiembre,2026,month,2026-09,Impuesto s/ | Los Activos | Fdo. Educ. | Ley Nº 23.906,3e-08,Impuesto s/ | Los Activos | Fdo. Educ. | Ley Nº 23.906
La Pampa,informacion_consolidada_2026_6.xlsx,septiembre,2026,month,2026-09,Impuesto sobre los | Bienes Personales | Ley | Nº 24.699,939.4911,Impuesto sobre los | Bienes Personales | Ley | Nº 24.699
La Pampa,informacion_consolidada_2026_6.xlsx,septiembre,2026,month,2026-09,Ley Nº 23.966 | Art. 30,75.66260000000001,Ley Nº 23.966 | Art. 30
La Pampa,informacion_consolidada_2026_6.xlsx,septiembre,2026,month,2026-09,Ley Nº 24.464 | FO.NA.VI.,1784.6588000000002,Ley Nº 24.464 | FO.NA.VI.
La Pampa,informacion_consolidada_2026_6.xlsx,septiembre,2026,month,2026-09,Reg.Simplif. | P/Peq.Contrib. | Ley Nº 24.977 | Aart. 59 Inc. A,737.2715,Reg.Simplif. | P/Peq.Contrib. | Ley Nº 24.977 | Aart. 59 Inc. A
La Pampa,informacion_consolidada_2026_6.xlsx,septiembre,2026,month,2026-09,Régimen de la Energía Eléctrica | L E Y Nº 2 4 . 0 6 5 | Fdo. P/Comp. | Tarifa Elect.,1485.1567654983053,Régimen de la Energía Eléctrica | L E Y Nº 2 4 . 0 6 5 | Fdo. P/Comp. | Tarifa Elect.
La Pampa,informacion_consolidada_2026_6.xlsx,septiembre,2026,month,2026-09,Subtotal,119184.8303817345,Subtotal
La Pampa,informacion_consolidada_2026_6.xlsx,septiembre,2026,month,2026-09,Subtotal,119186.4303817345,Subtotal
La Pampa,informacion_consolidada_2026_6.xlsx,septiembre,2026,month,2026-09,Total | (1) + (2),127352.48581154546,Total | (1) + (2)
La Pampa,informacion_consolidada_2026_6.xlsx,septiembre,2026,month,2026-09,Total | Recursos | Origen Nacional | (1),127352.48581154546,Total | Recursos | Origen Nacional | (1)
La Pampa,informacion_consolidada_2026_6.xlsx,septiembre,2026,month,2026-09,Transfer. | De Servicios | Ley | Nº 24.049,1.6,Transfer. | De Servicios | Ley | Nº 24.049
La Pampa,informacion_consolidada_2026_6.xlsx,septiembre,2026,month,2026-09,Vialidad | Provincial,1074.3401000000001,Vialidad | Provincial
La Pampa,informacion_consolidada_2026_6.xlsx,CONS,2026,consolidated,CONS,C.F.I. | Neta De | Ley Nº 26.075,874345.6142999999,CFI | Neta
La Pampa,informacion_consolidada_2026_6.xlsx,CONS,2026,consolidated,CONS,Compensación | Consenso Fiscal | II. a y b; II. d y e | (2),0.0,Compensación Consenso Fiscal
La Pampa,informacion_consolidada_2026_6.xlsx,CONS,2026,consolidated,CONS,F.E.D.E.I.,1834.2114688207012,F.E.D.E.I.
La Pampa,informacion_consolidada_2026_6.xlsx,CONS,2026,consolidated,CONS,F.E.D.E.I.,2441.466128052879,F.E.D.E.I.
La Pampa,informacion_consolidada_2026_6.xlsx,CONS,2026,consolidated,CONS,Financ. | Educativo | Ley Nº 26.075,89557.21960000001,Financiamiento Educativo
La Pampa,informacion_consolidada_2026_6.xlsx,CONS,2026,consolidated,CONS,Fondo | Compens. | de | Desequilib.,22.5,Fondo | Compens. | de | Desequilib.
La Pampa,informacion_consolidada_2026_6.xlsx,CONS,2026,consolidated,CONS,I.V.A. | Ley Nº 23.966 | Art. 5 | Punto 2,4879.1902,I.V.A. | Ley Nº 23.966 | Art. 5 | Punto 2
La Pampa,informacion_consolidada_2026_6.xlsx,CONS,2026,consolidated,CONS,Impuesto a los Combustibles Líquidos | Ley Nº 23.966 y Nº 24.699 | Obras de | Infraestr.,2701.3683999999994,Impuesto a los Combustibles Líquidos | Ley Nº 23.966 y Nº 24.699 | Obras de | Infraestr.
La Pampa,informacion_consolidada_2026_6.xlsx,CONS,2026,consolidated,CONS,Impuesto s/ | Los Activos | Fdo. Educ. | Ley Nº 23.906,0.0095,Impuesto s/ | Los Activos | Fdo. Educ. | Ley Nº 23.906
La Pampa,informacion_consolidada_2026_6.xlsx,CONS,2026,consolidated,CONS,Impuesto sobre los | Bienes Personales | Ley | Nº 24.699,24231.0364,Impuesto sobre los | Bienes Personales | Ley | Nº 24.699
La Pampa,informacion_consolidada_2026_6.xlsx,CONS,2026,consolidated,CONS,Ley Nº 23.966 | Art. 30,1951.4646,Ley Nº 23.966 | Art. 30
La Pampa,informacion_consolidada_2026_6.xlsx,CONS,2026,consolidated,CONS,Ley Nº 24.464 | FO.NA.VI.,14043.650500000002,Ley Nº 24.464 | FO.NA.VI.
La Pampa,informacion_consolidada_2026_6.xlsx,CONS,2026,consolidated,CONS,Reg.Simplif. | P/Peq.Contrib. | Ley Nº 24.977 | Aart. 59 Inc. A,5455.1927000000005,Reg.Simplif. | P/Peq.Contrib. | Ley Nº 24.977 | Aart. 59 Inc. A
La Pampa,informacion_consolidada_2026_6.xlsx,CONS,2026,consolidated,CONS,Régimen de la Energía Eléctrica | L E Y Nº 2 4 . 0 6 5 | Fdo. P/Comp. | Tarifa Elect.,5458.8287,Régimen de la Energía Eléctrica | L E Y Nº 2 4 . 0 6 5 | Fdo. P/Comp. | Tarifa Elect.
La Pampa,informacion_consolidada_2026_6.xlsx,CONS,2026,consolidated,CONS,Subtotal,963902.8339,Subtotal
La Pampa,informacion_consolidada_2026_6.xlsx,CONS,2026,consolidated,CONS,Subtotal,963917.2339,Subtotal
La Pampa,informacion_consolidada_2026_6.xlsx,CONS,2026,consolidated,CONS,Total | (1) + (2),1035390.2376968735,Total | (1) + (2)
La Pampa,informacion_consolidada_2026_6.xlsx,CONS,2026,consolidated,CONS,Total | Recursos | Origen Nacional | (1),1035390.2376968735,Total | Recursos | Origen Nacional | (1)
La Pampa,informacion_consolidada_2026_6.xlsx,CONS,2026,consolidated,CONS,Transfer. | De Servicios | Ley | Nº 24.049,14.4,Transfer. | De Servicios | Ley | Nº 24.049
La Pampa,informacion_consolidada_2026_6.xlsx,CONS,2026,consolidated,CONS,Vialidad | Provincial,8454.0852,Vialidad | Provincial
La Rioja,informacion_consolidada_2026_6.xlsx,enero,2026,month,2026-01,C.F.I. | Neta De | Ley Nº 26.075,101474.1743,CFI | Neta
La Rioja,informacion_consolidada_2026_6.xlsx,enero,2026,month,2026-01,Compensación | Consenso Fiscal | II. a y b; II. d y e | (2),1215.434367,Compensación Consenso Fiscal
La Rioja,informacion_consolidada_2026_6.xlsx,enero,2026,month,2026-01,F.E.D.E.I.,303.3647565967662,F.E.D.E.I.
La Rioja,informacion_consolidada_2026_6.xlsx,enero,2026,month,2026-01,F.E.D.E.I.,287.8721302697061,F.E.D.E.I.
La Rioja,informacion_consolidada_2026_6.xlsx,enero,2026,month,2026-01,Financ. | Educativo | Ley Nº 26.075,6127.696970793163,Financiamiento Educativo
La Rioja,informacion_consolidada_2026_6.xlsx,enero,2026,month,2026-01,Fondo | Compens. | de | Desequilib.,2.2,Fondo | Compens. | de | Desequilib.
La Rioja,informacion_consolidada_2026_6.xlsx,enero,2026,month,2026-01,I.V.A. | Ley Nº 23.966 | Art. 5 | Punto 2,0.0,I.V.A. | Ley Nº 23.966 | Art. 5 | Punto 2
La Rioja,informacion_consolidada_2026_6.xlsx,enero,2026,month,2026-01,Impuesto a los Combustibles Líquidos | Ley Nº 23.966 y Nº 24.699 | Obras de | Infraestr.,185.2781,Impuesto a los Combustibles Líquidos | Ley Nº 23.966 y Nº 24.699 | Obras de | Infraestr.
La Rioja,informacion_consolidada_2026_6.xlsx,enero,2026,month,2026-01,Impuesto s/ | Los Activos | Fdo. Educ. | Ley Nº 23.906,0.0,Impuesto s/ | Los Activos | Fdo. Educ. | Ley Nº 23.906
La Rioja,informacion_consolidada_2026_6.xlsx,enero,2026,month,2026-01,Impuesto sobre los | Bienes Personales | Ley | Nº 24.699,596.5249,Impuesto sobre los | Bienes Personales | Ley | Nº 24.699
La Rioja,informacion_consolidada_2026_6.xlsx,enero,2026,month,2026-01,Ley Nº 23.966 | Art. 30,0.0,Ley Nº 23.966 | Art. 30
La Rioja,informacion_consolidada_2026_6.xlsx,enero,2026,month,2026-01,Ley Nº 24.464 | FO.NA.VI.,873.6011,Ley Nº 24.464 | FO.NA.VI.
La Rioja,informacion_consolidada_2026_6.xlsx,enero,2026,month,2026-01,Reg.Simplif. | P/Peq.Contrib. | Ley Nº 24.977 | Aart. 59 Inc. A,507.1115,Reg.Simplif. | P/Peq.Contrib. | Ley Nº 24.977 | Aart. 59 Inc. A
La Rioja,informacion_consolidada_2026_6.xlsx,enero,2026,month,2026-01,Régimen de la Energía Eléctrica | L E Y Nº 2 4 . 0 6 5 | Fdo. P/Comp. | Tarifa Elect.,440.00597228612605,Régimen de la Energía Eléctrica | L E Y Nº 2 4 . 0 6 5 | Fdo. P/Comp. | Tarifa Elect.
La Rioja,informacion_consolidada_2026_6.xlsx,enero,2026,month,2026-01,Subtotal,107601.87127079316,Subtotal
La Rioja,informacion_consolidada_2026_6.xlsx,enero,2026,month,2026-01,Subtotal,107603.56287079316,Subtotal
La Rioja,informacion_consolidada_2026_6.xlsx,enero,2026,month,2026-01,Total | (1) + (2),112346.23579694575,Total | (1) + (2)
La Rioja,informacion_consolidada_2026_6.xlsx,enero,2026,month,2026-01,Total | Recursos | Origen Nacional | (1),111130.80142994576,Total | Recursos | Origen Nacional | (1)
La Rioja,informacion_consolidada_2026_6.xlsx,enero,2026,month,2026-01,Transfer. | De Servicios | Ley | Nº 24.049,1.6916,Transfer. | De Servicios | Ley | Nº 24.049
La Rioja,informacion_consolidada_2026_6.xlsx,enero,2026,month,2026-01,Vialidad | Provincial,331.2801,Vialidad | Provincial
La Rioja,informacion_consolidada_2026_6.xlsx,febrero,2026,month,2026-02,C.F.I. | Neta De | Ley Nº 26.075,87408.1458,CFI | Neta
La Rioja,informacion_consolidada_2026_6.xlsx,febrero,2026,month,2026-02,Compensación | Consenso Fiscal | II. a y b; II. d y e | (2),1041.800886,Compensación Consenso Fiscal
La Rioja,informacion_consolidada_2026_6.xlsx,febrero,2026,month,2026-02,F.E.D.E.I.,0.0,F.E.D.E.I.
La Rioja,informacion_consolidada_2026_6.xlsx,febrero,2026,month,2026-02,F.E.D.E.I.,0.0,F.E.D.E.I.
La Rioja,informacion_consolidada_2026_6.xlsx,febrero,2026,month,2026-02,Financ. | Educativo | Ley Nº 26.075,11698.330580605138,Financiamiento Educativo
La Rioja,informacion_consolidada_2026_6.xlsx,febrero,2026,month,2026-02,Fondo | Compens. | de | Desequilib.,2.2,Fondo | Compens. | de | Desequilib.
La Rioja,informacion_consolidada_2026_6.xlsx,febrero,2026,month,2026-02,I.V.A. | Ley Nº 23.966 | Art. 5 | Punto 2,0.0,I.V.A. | Ley Nº 23.966 | Art. 5 | Punto 2
La Rioja,informacion_consolidada_2026_6.xlsx,febrero,2026,month,2026-02,Impuesto a los Combustibles Líquidos | Ley Nº 23.966 y Nº 24.699 | Obras de | Infraestr.,311.4377,Impuesto a los Combustibles Líquidos | Ley Nº 23.966 y Nº 24.699 | Obras de | Infraestr.
La Rioja,informacion_consolidada_2026_6.xlsx,febrero,2026,month,2026-02,Impuesto s/ | Los Activos | Fdo. Educ. | Ley Nº 23.906,0.0,Impuesto s/ | Los Activos | Fdo. Educ. | Ley Nº 23.906
La Rioja,informacion_consolidada_2026_6.xlsx,febrero,2026,month,2026-02,Impuesto sobre los | Bienes Personales | Ley | Nº 24.699,837.1726,Impuesto sobre los | Bienes Personales | Ley | Nº 24.699
La Rioja,informacion_consolidada_2026_6.xlsx,febrero,2026,month,2026-02,Ley Nº 23.966 | Art. 30,0.0,Ley Nº 23.966 | Art. 30
La Rioja,informacion_consolidada_2026_6.xlsx,febrero,2026,month,2026-02,Ley Nº 24.464 | FO.NA.VI.,1468.4536,Ley Nº 24.464 | FO.NA.VI.
La Rioja,informacion_consolidada_2026_6.xlsx,febrero,2026,month,2026-02,Reg.Simplif. | P/Peq.Contrib. | Ley Nº 24.977 | Aart. 59 Inc. A,612.3162,Reg.Simplif. | P/Peq.Contrib. | Ley Nº 24.977 | Aart. 59 Inc. A
La Rioja,informacion_consolidada_2026_6.xlsx,febrero,2026,month,2026-02,Régimen de la Energía Eléctrica | L E Y Nº 2 4 . 0 6 5 | Fdo. P/Comp. | Tarifa Elect.,0.0,Régimen de la Energía Eléctrica | L E Y Nº 2 4 . 0 6 5 | Fdo. P/Comp. | Tarifa Elect.
La Rioja,informacion_consolidada_2026_6.xlsx,febrero,2026,month,2026-02,Subtotal,99106.47638060513,Subtotal
La Rioja,informacion_consolidada_2026_6.xlsx,febrero,2026,month,2026-02,Subtotal,99108.16798060514,Subtotal
La Rioja,informacion_consolidada_2026_6.xlsx,febrero,2026,month,2026-02,Total | (1) + (2),103938.40426660512,Total | (1) + (2)
La Rioja,informacion_consolidada_2026_6.xlsx,febrero,2026,month,2026-02,Total | Recursos | Origen Nacional | (1),102896.60338060513,Total | Recursos | Origen Nacional | (1)
La Rioja,informacion_consolidada_2026_6.xlsx,febrero,2026,month,2026-02,Transfer. | De Servicios | Ley | Nº 24.049,1.6916,Transfer. | De Servicios | Ley | Nº 24.049
La Rioja,informacion_consolidada_2026_6.xlsx,febrero,2026,month,2026-02,Vialidad | Provincial,556.8553,Vialidad | Provincial
La Rioja,informacion_consolidada_2026_6.xlsx,marzo,2026,month,2026-03,C.F.I. | Neta De | Ley Nº 26.075,77689.2845,CFI | Neta
La Rioja,informacion_consolidada_2026_6.xlsx,marzo,2026,month,2026-03,Compensación | Consenso Fiscal | II. a y b; II. d y e | (2),1215.434367,Compensación Consenso Fiscal
La Rioja,informacion_consolidada_2026_6.xlsx,marzo,2026,month,2026-03,F.E.D.E.I.,411.42963020274476,F.E.D.E.I.
La Rioja,informacion_consolidada_2026_6.xlsx,marzo,2026,month,2026-03,F.E.D.E.I.,580.6649240732687,F.E.D.E.I.
La Rioja,informacion_consolidada_2026_6.xlsx,marzo,2026,month,2026-03,Financ. | Educativo | Ley Nº 26.075,12812.457302567538,Financiamiento Educativo
La Rioja,informacion_consolidada_2026_6.xlsx,marzo,2026,month,2026-03,Fondo | Compens. | de | Desequilib.,2.2,Fondo | Compens. | de | Desequilib.
La Rioja,informacion_consolidada_2026_6.xlsx,marzo,2026,month,2026-03,I.V.A. | Ley Nº 23.966 | Art. 5 | Punto 2,0.0,I.V.A. | Ley Nº 23.966 | Art. 5 | Punto 2
La Rioja,informacion_consolidada_2026_6.xlsx,marzo,2026,month,2026-03,Impuesto a los Combustibles Líquidos | Ley Nº 23.966 y Nº 24.699 | Obras de | Infraestr.,307.59770000000003,Impuesto a los Combustibles Líquidos | Ley Nº 23.966 y Nº 24.699 | Obras de | Infraestr.
La Rioja,informacion_consolidada_2026_6.xlsx,marzo,2026,month,2026-03,Impuesto s/ | Los Activos | Fdo. Educ. | Ley Nº 23.906,0.0,Impuesto s/ | Los Activos | Fdo. Educ. | Ley Nº 23.906
La Rioja,informacion_consolidada_2026_6.xlsx,marzo,2026,month,2026-03,Impuesto sobre los | Bienes Personales | Ley | Nº 24.699,404.6081,Impuesto sobre los | Bienes Personales | Ley | Nº 24.699
La Rioja,informacion_consolidada_2026_6.xlsx,marzo,2026,month,2026-03,Ley Nº 23.966 | Art. 30,0.0,Ley Nº 23.966 | Art. 30
La Rioja,informacion_consolidada_2026_6.xlsx,marzo,2026,month,2026-03,Ley Nº 24.464 | FO.NA.VI.,1450.3478,Ley Nº 24.464 | FO.NA.VI.
La Rioja,informacion_consolidada_2026_6.xlsx,marzo,2026,month,2026-03,Reg.Simplif. | P/Peq.Contrib. | Ley Nº 24.977 | Aart. 59 Inc. A,579.1427,Reg.Simplif. | P/Peq.Contrib. | Ley Nº 24.977 | Aart. 59 Inc. A
La Rioja,informacion_consolidada_2026_6.xlsx,marzo,2026,month,2026-03,Régimen de la Energía Eléctrica | L E Y Nº 2 4 . 0 6 5 | Fdo. P/Comp. | Tarifa Elect.,899.863103321045,Régimen de la Energía Eléctrica | L E Y Nº 2 4 . 0 6 5 | Fdo. P/Comp. | Tarifa Elect.
La Rioja,informacion_consolidada_2026_6.xlsx,marzo,2026,month,2026-03,Subtotal,90501.74180256753,Subtotal
La Rioja,informacion_consolidada_2026_6.xlsx,marzo,2026,month,2026-03,Subtotal,90503.43340256753,Subtotal
La Rioja,informacion_consolidada_2026_6.xlsx,marzo,2026,month,2026-03,Total | (1) + (2),96904.71112716458,Total | (1) + (2)
La Rioja,informacion_consolidada_2026_6.xlsx,marzo,2026,month,2026-03,Total | Recursos | Origen Nacional | (1),95689.27676016459,Total | Recursos | Origen Nacional | (1)
La Rioja,informacion_consolidada_2026_6.xlsx,marzo,2026,month,2026-03,Transfer. | De Servicios | Ley | Nº 24.049,1.6916,Transfer. | De Servicios | Ley | Nº 24.049
La Rioja,informacion_consolidada_2026_6.xlsx,marzo,2026,month,2026-03,Vialidad | Provincial,549.9894,Vialidad | Provincial
La Rioja,informacion_consolidada_2026_6.xlsx,abril,2026,month,2026-04,C.F.I. | Neta De | Ley Nº 26.075,87935.6967,CFI | Neta
La Rioja,informacion_consolidada_2026_6.xlsx,abril,2026,month,2026-04,Compensación | Consenso Fiscal | II. a y b; II. d y e | (2),1126.71122,Compensación Consenso Fiscal
La Rioja,informacion_consolidada_2026_6.xlsx,abril,2026,month,2026-04,F.E.D.E.I.,0.0,F.E.D.E.I.
La Rioja,informacion_consolidada_2026_6.xlsx,abril,2026,month,2026-04,F.E.D.E.I.,0.0,F.E.D.E.I.
La Rioja,informacion_consolidada_2026_6.xlsx,abril,2026,month,2026-04,Financ. | Educativo | Ley Nº 26.075,13369.520663548705,Financiamiento Educativo
La Rioja,informacion_consolidada_2026_6.xlsx,abril,2026,month,2026-04,Fondo | Compens. | de | Desequilib.,2.2,Fondo | Compens. | de | Desequilib.
La Rioja,informacion_consolidada_2026_6.xlsx,abril,2026,month,2026-04,I.V.A. | Ley Nº 23.966 | Art. 5 | Punto 2,0.0,I.V.A. | Ley Nº 23.966 | Art. 5 | Punto 2
La Rioja,informacion_consolidada_2026_6.xlsx,abril,2026,month,2026-04,Impuesto a los Combustibles Líquidos | Ley Nº 23.966 y Nº 24.699 | Obras de | Infraestr.,334.9541,Impuesto a los Combustibles Líquidos | Ley Nº 23.966 y Nº 24.699 | Obras de | Infraestr.
La Rioja,informacion_consolidada_2026_6.xlsx,abril,2026,month,2026-04,Impuesto s/ | Los Activos | Fdo. Educ. | Ley Nº 23.906,0.0,Impuesto s/ | Los Activos | Fdo. Educ. | Ley Nº 23.906
La Rioja,informacion_consolidada_2026_6.xlsx,abril,2026,month,2026-04,Impuesto sobre los | Bienes Personales | Ley | Nº 24.699,698.4029,Impuesto sobre los | Bienes Personales | Ley | Nº 24.699
La Rioja,informacion_consolidada_2026_6.xlsx,abril,2026,month,2026-04,Ley Nº 23.966 | Art. 30,0.0,Ley Nº 23.966 | Art. 30
La Rioja,informacion_consolidada_2026_6.xlsx,abril,2026,month,2026-04,Ley Nº 24.464 | FO.NA.VI.,1579.3354,Ley Nº 24.464 | FO.NA.VI.
La Rioja,informacion_consolidada_2026_6.xlsx,abril,2026,month,2026-04,Reg.Simplif. | P/Peq.Contrib. | Ley Nº 24.977 | Aart. 59 Inc. A,663.2699,Reg.Simplif. | P/Peq.Contrib. | Ley Nº 24.977 | Aart. 59 Inc. A
La Rioja,informacion_consolidada_2026_6.xlsx,abril,2026,month,2026-04,Régimen de la Energía Eléctrica | L E Y Nº 2 4 . 0 6 5 | Fdo. P/Comp. | Tarifa Elect.,0.0,Régimen de la Energía Eléctrica | L E Y Nº 2 4 . 0 6 5 | Fdo. P/Comp. | Tarifa Elect.
La Rioja,informacion_consolidada_2026_6.xlsx,abril,2026,month,2026-04,Subtotal,101305.2173635487,Subtotal
La Rioja,informacion_consolidada_2026_6.xlsx,abril,2026,month,2026-04,Subtotal,101306.9089635487,Subtotal
La Rioja,informacion_consolidada_2026_6.xlsx,abril,2026,month,2026-04,Total | (1) + (2),106310.6855835487,Total | (1) + (2)
La Rioja,informacion_consolidada_2026_6.xlsx,abril,2026,month,2026-04,Total | Recursos | Origen Nacional | (1),105183.9743635487,Total | Recursos | Origen Nacional | (1)
La Rioja,informacion_consolidada_2026_6.xlsx,abril,2026,month,2026-04,Transfer. | De Servicios | Ley | Nº 24.049,1.6916,Transfer. | De Servicios | Ley | Nº 24.049
La Rioja,informacion_consolidada_2026_6.xlsx,abril,2026,month,2026-04,Vialidad | Provincial,598.9031,Vialidad | Provincial
La Rioja,informacion_consolidada_2026_6.xlsx,mayo,2026,month,2026-05,C.F.I. | Neta De | Ley Nº 26.075,139547.219,CFI | Neta
La Rioja,informacion_consolidada_2026_6.xlsx,mayo,2026,month,2026-05,Compensación | Consenso Fiscal | II. a y b; II. d y e | (2),1070.375659,Compensación Consenso Fiscal
La Rioja,informacion_consolidada_2026_6.xlsx,mayo,2026,month,2026-05,F.E.D.E.I.,254.84449413105085,F.E.D.E.I.
La Rioja,informacion_consolidada_2026_6.xlsx,mayo,2026,month,2026-05,F.E.D.E.I.,315.5101990802196,F.E.D.E.I.
La Rioja,informacion_consolidada_2026_6.xlsx,mayo,2026,month,2026-05,Financ. | Educativo | Ley Nº 26.075,10584.203858642677,Financiamiento Educativo
La Rioja,informacion_consolidada_2026_6.xlsx,mayo,2026,month,2026-05,Fondo | Compens. | de | Desequilib.,2.2,Fondo | Compens. | de | Desequilib.
La Rioja,informacion_consolidada_2026_6.xlsx,mayo,2026,month,2026-05,I.V.A. | Ley Nº 23.966 | Art. 5 | Punto 2,0.0,I.V.A. | Ley Nº 23.966 | Art. 5 | Punto 2
La Rioja,informacion_consolidada_2026_6.xlsx,mayo,2026,month,2026-05,Impuesto a los Combustibles Líquidos | Ley Nº 23.966 y Nº 24.699 | Obras de | Infraestr.,308.6165,Impuesto a los Combustibles Líquidos | Ley Nº 23.966 y Nº 24.699 | Obras de | Infraestr.
La Rioja,informacion_consolidada_2026_6.xlsx,mayo,2026,month,2026-05,Impuesto s/ | Los Activos | Fdo. Educ. | Ley Nº 23.906,0.0,Impuesto s/ | Los Activos | Fdo. Educ. | Ley Nº 23.906
La Rioja,informacion_consolidada_2026_6.xlsx,mayo,2026,month,2026-05,Impuesto sobre los | Bienes Personales | Ley | Nº 24.699,769.8575,Impuesto sobre los | Bienes Personales | Ley | Nº 24.699
La Rioja,informacion_consolidada_2026_6.xlsx,mayo,2026,month,2026-05,Ley Nº 23.966 | Art. 30,0.0,Ley Nº 23.966 | Art. 30
La Rioja,informacion_consolidada_2026_6.xlsx,mayo,2026,month,2026-05,Ley Nº 24.464 | FO.NA.VI.,1455.1517,Ley Nº 24.464 | FO.NA.VI.
La Rioja,informacion_consolidada_2026_6.xlsx,mayo,2026,month,2026-05,Reg.Simplif. | P/Peq.Contrib. | Ley Nº 24.977 | Aart. 59 Inc. A,649.4676,Reg.Simplif. | P/Peq.Contrib. | Ley Nº 24.977 | Aart. 59 Inc. A
La Rioja,informacion_consolidada_2026_6.xlsx,mayo,2026,month,2026-05,Régimen de la Energía Eléctrica | L E Y Nº 2 4 . 0 6 5 | Fdo. P/Comp. | Tarifa Elect.,486.6792212841149,Régimen de la Energía Eléctrica | L E Y Nº 2 4 . 0 6 5 | Fdo. P/Comp. | Tarifa Elect.
La Rioja,informacion_consolidada_2026_6.xlsx,mayo,2026,month,2026-05,Subtotal,150131.42285864268,Subtotal
La Rioja,informacion_consolidada_2026_6.xlsx,mayo,2026,month,2026-05,Subtotal,150133.11445864267,Subtotal
La Rioja,informacion_consolidada_2026_6.xlsx,mayo,2026,month,2026-05,Total | (1) + (2),155997.62843213807,Total | (1) + (2)
La Rioja,informacion_consolidada_2026_6.xlsx,mayo,2026,month,2026-05,Total | Recursos | Origen Nacional | (1),154927.25277313805,Total | Recursos | Origen Nacional | (1)
La Rioja,informacion_consolidada_2026_6.xlsx,mayo,2026,month,2026-05,Transfer. | De Servicios | Ley | Nº 24.049,1.6916,Transfer. | De Servicios | Ley | Nº 24.049
La Rioja,informacion_consolidada_2026_6.xlsx,mayo,2026,month,2026-05,Vialidad | Provincial,551.8111,Vialidad | Provincial
La Rioja,informacion_consolidada_2026_6.xlsx,junio,2026,month,2026-06,C.F.I. | Neta De | Ley Nº 26.075,95506.1105,CFI | Neta
La Rioja,informacion_consolidada_2026_6.xlsx,junio,2026,month,2026-06,Compensación | Consenso Fiscal | II. a y b; II. d y e | (2),1183.046781,Compensación Consenso Fiscal
La Rioja,informacion_consolidada_2026_6.xlsx,junio,2026,month,2026-06,F.E.D.E.I.,533.2395660711373,F.E.D.E.I.
La Rioja,informacion_consolidada_2026_6.xlsx,junio,2026,month,2026-06,F.E.D.E.I.,765.6492573677373,F.E.D.E.I.
La Rioja,informacion_consolidada_2026_6.xlsx,junio,2026,month,2026-06,Financ. | Educativo | Ley Nº 26.075,11698.330580605063,Financiamiento Educativo
La Rioja,informacion_consolidada_2026_6.xlsx,junio,2026,month,2026-06,Fondo | Compens. | de | Desequilib.,2.2,Fondo | Compens. | de | Desequilib.
La Rioja,informacion_consolidada_2026_6.xlsx,junio,2026,month,2026-06,I.V.A. | Ley Nº 23.966 | Art. 5 | Punto 2,0.0,I.V.A. | Ley Nº 23.966 | Art. 5 | Punto 2
La Rioja,informacion_consolidada_2026_6.xlsx,junio,2026,month,2026-06,Impuesto a los Combustibles Líquidos | Ley Nº 23.966 y Nº 24.699 | Obras de | Infraestr.,382.8534,Impuesto a los Combustibles Líquidos | Ley Nº 23.966 y Nº 24.699 | Obras de | Infraestr.
La Rioja,informacion_consolidada_2026_6.xlsx,junio,2026,month,2026-06,Impuesto s/ | Los Activos | Fdo. Educ. | Ley Nº 23.906,0.0,Impuesto s/ | Los Activos | Fdo. Educ. | Ley Nº 23.906
La Rioja,informacion_consolidada_2026_6.xlsx,junio,2026,month,2026-06,Impuesto sobre los | Bienes Personales | Ley | Nº 24.699,18512.0287,Impuesto sobre los | Bienes Personales | Ley | Nº 24.699
La Rioja,informacion_consolidada_2026_6.xlsx,junio,2026,month,2026-06,Ley Nº 23.966 | Art. 30,0.0,Ley Nº 23.966 | Art. 30
La Rioja,informacion_consolidada_2026_6.xlsx,junio,2026,month,2026-06,Ley Nº 24.464 | FO.NA.VI.,1805.1847,Ley Nº 24.464 | FO.NA.VI.
La Rioja,informacion_consolidada_2026_6.xlsx,junio,2026,month,2026-06,Reg.Simplif. | P/Peq.Contrib. | Ley Nº 24.977 | Aart. 59 Inc. A,661.8941,Reg.Simplif. | P/Peq.Contrib. | Ley Nº 24.977 | Aart. 59 Inc. A
La Rioja,informacion_consolidada_2026_6.xlsx,junio,2026,month,2026-06,Régimen de la Energía Eléctrica | L E Y Nº 2 4 . 0 6 5 | Fdo. P/Comp. | Tarifa Elect.,1099.6787065147348,Régimen de la Energía Eléctrica | L E Y Nº 2 4 . 0 6 5 | Fdo. P/Comp. | Tarifa Elect.
La Rioja,informacion_consolidada_2026_6.xlsx,junio,2026,month,2026-06,Subtotal,107204.44108060506,Subtotal
La Rioja,informacion_consolidada_2026_6.xlsx,junio,2026,month,2026-06,Subtotal,107206.13268060506,Subtotal
La Rioja,informacion_consolidada_2026_6.xlsx,junio,2026,month,2026-06,Total | (1) + (2),132836.4557915587,Total | (1) + (2)
La Rioja,informacion_consolidada_2026_6.xlsx,junio,2026,month,2026-06,Total | Recursos | Origen Nacional | (1),131653.40901055868,Total | Recursos | Origen Nacional | (1)
La Rioja,informacion_consolidada_2026_6.xlsx,junio,2026,month,2026-06,Transfer. | De Servicios | Ley | Nº 24.049,1.6916,Transfer. | De Servicios | Ley | Nº 24.049
La Rioja,informacion_consolidada_2026_6.xlsx,junio,2026,month,2026-06,Vialidad | Provincial,684.5479,Vialidad | Provincial
La Rioja,informacion_consolidada_2026_6.xlsx,julio,2026,month,2026-07,C.F.I. | Neta De | Ley Nº 26.075,120629.7796,CFI | Neta
La Rioja,informacion_consolidada_2026_6.xlsx,julio,2026,month,2026-07,Compensación | Consenso Fiscal | II. a y b; II. d y e | (2),1639.406118,Compensación Consenso Fiscal
La Rioja,informacion_consolidada_2026_6.xlsx,julio,2026,month,2026-07,F.E.D.E.I.,317.4739754443695,F.E.D.E.I.
La Rioja,informacion_consolidada_2026_6.xlsx,julio,2026,month,2026-07,F.E.D.E.I.,388.9486170484685,F.E.D.E.I.
La Rioja,informacion_consolidada_2026_6.xlsx,julio,2026,month,2026-07,Financ. | Educativo | Ley Nº 26.075,11698.330580605118,Financiamiento Educativo
La Rioja,informacion_consolidada_2026_6.xlsx,julio,2026,month,2026-07,Fondo | Compens. | de | Desequilib.,2.2,Fondo | Compens. | de | Desequilib.
La Rioja,informacion_consolidada_2026_6.xlsx,julio,2026,month,2026-07,I.V.A. | Ley Nº 23.966 | Art. 5 | Punto 2,0.0,I.V.A. | Ley Nº 23.966 | Art. 5 | Punto 2
La Rioja,informacion_consolidada_2026_6.xlsx,julio,2026,month,2026-07,Impuesto a los Combustibles Líquidos | Ley Nº 23.966 y Nº 24.699 | Obras de | Infraestr.,344.40979999999996,Impuesto a los Combustibles Líquidos | Ley Nº 23.966 y Nº 24.699 | Obras de | Infraestr.
La Rioja,informacion_consolidada_2026_6.xlsx,julio,2026,month,2026-07,Impuesto s/ | Los Activos | Fdo. Educ. | Ley Nº 23.906,0.0,Impuesto s/ | Los Activos | Fdo. Educ. | Ley Nº 23.906
La Rioja,informacion_consolidada_2026_6.xlsx,julio,2026,month,2026-07,Impuesto sobre los | Bienes Personales | Ley | Nº 24.699,1868.3732,Impuesto sobre los | Bienes Personales | Ley | Nº 24.699
La Rioja,informacion_consolidada_2026_6.xlsx,julio,2026,month,2026-07,Ley Nº 23.966 | Art. 30,0.0,Ley Nº 23.966 | Art. 30
La Rioja,informacion_consolidada_2026_6.xlsx,julio,2026,month,2026-07,Ley Nº 24.464 | FO.NA.VI.,1623.9196000000002,Ley Nº 24.464 | FO.NA.VI.
La Rioja,informacion_consolidada_2026_6.xlsx,julio,2026,month,2026-07,Reg.Simplif. | P/Peq.Contrib. | Ley Nº 24.977 | Aart. 59 Inc. A,656.6784,Reg.Simplif. | P/Peq.Contrib. | Ley Nº 24.977 | Aart. 59 Inc. A
La Rioja,informacion_consolidada_2026_6.xlsx,julio,2026,month,2026-07,Régimen de la Energía Eléctrica | L E Y Nº 2 4 . 0 6 5 | Fdo. P/Comp. | Tarifa Elect.,556.1887443652407,Régimen de la Energía Eléctrica | L E Y Nº 2 4 . 0 6 5 | Fdo. P/Comp. | Tarifa Elect.
La Rioja,informacion_consolidada_2026_6.xlsx,julio,2026,month,2026-07,Subtotal,132328.11018060512,Subtotal
La Rioja,informacion_consolidada_2026_6.xlsx,julio,2026,month,2026-07,Subtotal,132329.8017806051,Subtotal
La Rioja,informacion_consolidada_2026_6.xlsx,julio,2026,month,2026-07,Total | (1) + (2),140343.2101354632,Total | (1) + (2)
La Rioja,informacion_consolidada_2026_6.xlsx,julio,2026,month,2026-07,Total | Recursos | Origen Nacional | (1),138703.80401746318,Total | Recursos | Origen Nacional | (1)
La Rioja,informacion_consolidada_2026_6.xlsx,julio,2026,month,2026-07,Transfer. | De Servicios | Ley | Nº 24.049,1.6916,Transfer. | De Servicios | Ley | Nº 24.049
La Rioja,informacion_consolidada_2026_6.xlsx,julio,2026,month,2026-07,Vialidad | Provincial,615.8099,Vialidad | Provincial
La Rioja,informacion_consolidada_2026_6.xlsx,agosto,2026,month,2026-08,C.F.I. | Neta De | Ley Nº 26.075,114256.7043,CFI | Neta
La Rioja,informacion_consolidada_2026_6.xlsx,agosto,2026,month,2026-08,Compensación | Consenso Fiscal | II. a y b; II. d y e | (2),1561.33916,Compensación Consenso Fiscal
La Rioja,informacion_consolidada_2026_6.xlsx,agosto,2026,month,2026-08,F.E.D.E.I.,0.0,F.E.D.E.I.
La Rioja,informacion_consolidada_2026_6.xlsx,agosto,2026,month,2026-08,F.E.D.E.I.,0.0,F.E.D.E.I.
La Rioja,informacion_consolidada_2026_6.xlsx,agosto,2026,month,2026-08,Financ. | Educativo | Ley Nº 26.075,11141.267219624024,Financiamiento Educativo
La Rioja,informacion_consolidada_2026_6.xlsx,agosto,2026,month,2026-08,Fondo | Compens. | de | Desequilib.,2.2,Fondo | Compens. | de | Desequilib.
La Rioja,informacion_consolidada_2026_6.xlsx,agosto,2026,month,2026-08,I.V.A. | Ley Nº 23.966 | Art. 5 | Punto 2,0.0,I.V.A. | Ley Nº 23.966 | Art. 5 | Punto 2
La Rioja,informacion_consolidada_2026_6.xlsx,agosto,2026,month,2026-08,Impuesto a los Combustibles Líquidos | Ley Nº 23.966 y Nº 24.699 | Obras de | Infraestr.,375.41,Impuesto a los Combustibles Líquidos | Ley Nº 23.966 y Nº 24.699 | Obras de | Infraestr.
La Rioja,informacion_consolidada_2026_6.xlsx,agosto,2026,month,2026-08,Impuesto s/ | Los Activos | Fdo. Educ. | Ley Nº 23.906,0.009062659999999998,Impuesto s/ | Los Activos | Fdo. Educ. | Ley Nº 23.906
La Rioja,informacion_consolidada_2026_6.xlsx,agosto,2026,month,2026-08,Impuesto sobre los | Bienes Personales | Ley | Nº 24.699,1505.5237,Impuesto sobre los | Bienes Personales | Ley | Nº 24.699
La Rioja,informacion_consolidada_2026_6.xlsx,agosto,2026,month,2026-08,Ley Nº 23.966 | Art. 30,0.0,Ley Nº 23.966 | Art. 30
La Rioja,informacion_consolidada_2026_6.xlsx,agosto,2026,month,2026-08,Ley Nº 24.464 | FO.NA.VI.,1770.0883000000001,Ley Nº 24.464 | FO.NA.VI.
La Rioja,informacion_consolidada_2026_6.xlsx,agosto,2026,month,2026-08,Reg.Simplif. | P/Peq.Contrib. | Ley Nº 24.977 | Aart. 59 Inc. A,773.134,Reg.Simplif. | P/Peq.Contrib. | Ley Nº 24.977 | Aart. 59 Inc. A
La Rioja,informacion_consolidada_2026_6.xlsx,agosto,2026,month,2026-08,Régimen de la Energía Eléctrica | L E Y Nº 2 4 . 0 6 5 | Fdo. P/Comp. | Tarifa Elect.,0.0,Régimen de la Energía Eléctrica | L E Y Nº 2 4 . 0 6 5 | Fdo. P/Comp. | Tarifa Elect.
La Rioja,informacion_consolidada_2026_6.xlsx,agosto,2026,month,2026-08,Subtotal,125397.97151962403,Subtotal
La Rioja,informacion_consolidada_2026_6.xlsx,agosto,2026,month,2026-08,Subtotal,125399.66311962403,Subtotal
La Rioja,informacion_consolidada_2026_6.xlsx,agosto,2026,month,2026-08,Total | (1) + (2),132058.60624228403,Total | (1) + (2)
La Rioja,informacion_consolidada_2026_6.xlsx,agosto,2026,month,2026-08,Total | Recursos | Origen Nacional | (1),130497.26708228404,Total | Recursos | Origen Nacional | (1)
La Rioja,informacion_consolidada_2026_6.xlsx,agosto,2026,month,2026-08,Transfer. | De Servicios | Ley | Nº 24.049,1.6916,Transfer. | De Servicios | Ley | Nº 24.049
La Rioja,informacion_consolidada_2026_6.xlsx,agosto,2026,month,2026-08,Vialidad | Provincial,671.2389000000001,Vialidad | Provincial
La Rioja,informacion_consolidada_2026_6.xlsx,septiembre,2026,month,2026-09,C.F.I. | Neta De | Ley Nº 26.075,116632.6785,CFI | Neta
La Rioja,informacion_consolidada_2026_6.xlsx,septiembre,2026,month,2026-09,Compensación | Consenso Fiscal | II. a y b; II. d y e | (2),1717.473076,Compensación Consenso Fiscal
La Rioja,informacion_consolidada_2026_6.xlsx,septiembre,2026,month,2026-09,F.E.D.E.I.,596.2611114655413,F.E.D.E.I.
La Rioja,informacion_consolidada_2026_6.xlsx,septiembre,2026,month,2026-09,F.E.D.E.I.,878.0396372024538,F.E.D.E.I.
La Rioja,informacion_consolidada_2026_6.xlsx,septiembre,2026,month,2026-09,Financ. | Educativo | Ley Nº 26.075,12255.393941586426,Financiamiento Educativo
La Rioja,informacion_consolidada_2026_6.xlsx,septiembre,2026,month,2026-09,Fondo | Compens. | de | Desequilib.,2.2,Fondo | Compens. | de | Desequilib.
La Rioja,informacion_consolidada_2026_6.xlsx,septiembre,2026,month,2026-09,I.V.A. | Ley Nº 23.966 | Art. 5 | Punto 2,0.0,I.V.A. | Ley Nº 23.966 | Art. 5 | Punto 2
La Rioja,informacion_consolidada_2026_6.xlsx,septiembre,2026,month,2026-09,Impuesto a los Combustibles Líquidos | Ley Nº 23.966 y Nº 24.699 | Obras de | Infraestr.,371.30629999999996,Impuesto a los Combustibles Líquidos | Ley Nº 23.966 y Nº 24.699 | Obras de | Infraestr.
La Rioja,informacion_consolidada_2026_6.xlsx,septiembre,2026,month,2026-09,Impuesto s/ | Los Activos | Fdo. Educ. | Ley Nº 23.906,0.0,Impuesto s/ | Los Activos | Fdo. Educ. | Ley Nº 23.906
La Rioja,informacion_consolidada_2026_6.xlsx,septiembre,2026,month,2026-09,Impuesto sobre los | Bienes Personales | Ley | Nº 24.699,1016.1765,Impuesto sobre los | Bienes Personales | Ley | Nº 24.699
La Rioja,informacion_consolidada_2026_6.xlsx,septiembre,2026,month,2026-09,Ley Nº 23.966 | Art. 30,0.0,Ley Nº 23.966 | Art. 30
La Rioja,informacion_consolidada_2026_6.xlsx,septiembre,2026,month,2026-09,Ley Nº 24.464 | FO.NA.VI.,1750.739,Ley Nº 24.464 | FO.NA.VI.
La Rioja,informacion_consolidada_2026_6.xlsx,septiembre,2026,month,2026-09,Reg.Simplif. | P/Peq.Contrib. | Ley Nº 24.977 | Aart. 59 Inc. A,797.4502,Reg.Simplif. | P/Peq.Contrib. | Ley Nº 24.977 | Aart. 59 Inc. A
La Rioja,informacion_consolidada_2026_6.xlsx,septiembre,2026,month,2026-09,Régimen de la Energía Eléctrica | L E Y Nº 2 4 . 0 6 5 | Fdo. P/Comp. | Tarifa Elect.,1244.0328097769004,Régimen de la Energía Eléctrica | L E Y Nº 2 4 . 0 6 5 | Fdo. P/Comp. | Tarifa Elect.
La Rioja,informacion_consolidada_2026_6.xlsx,septiembre,2026,month,2026-09,Subtotal,128888.07244158642,Subtotal
La Rioja,informacion_consolidada_2026_6.xlsx,septiembre,2026,month,2026-09,Subtotal,128889.76404158643,Subtotal
La Rioja,informacion_consolidada_2026_6.xlsx,septiembre,2026,month,2026-09,Total | (1) + (2),137927.34407603132,Total | (1) + (2)
La Rioja,informacion_consolidada_2026_6.xlsx,septiembre,2026,month,2026-09,Total | Recursos | Origen Nacional | (1),136209.87100003133,Total | Recursos | Origen Nacional | (1)
La Rioja,informacion_consolidada_2026_6.xlsx,septiembre,2026,month,2026-09,Transfer. | De Servicios | Ley | Nº 24.049,1.6916,Transfer. | De Servicios | Ley | Nº 24.049
La Rioja,informacion_consolidada_2026_6.xlsx,septiembre,2026,month,2026-09,Vialidad | Provincial,663.9014,Vialidad | Provincial
La Rioja,informacion_consolidada_2026_6.xlsx,CONS,2026,consolidated,CONS,C.F.I. | Neta De | Ley Nº 26.075,941079.7932,CFI | Neta
La Rioja,informacion_consolidada_2026_6.xlsx,CONS,2026,consolidated,CONS,Compensación | Consenso Fiscal | II. a y b; II. d y e | (2),11771.021633999999,Compensación Consenso Fiscal
La Rioja,informacion_consolidada_2026_6.xlsx,CONS,2026,consolidated,CONS,F.E.D.E.I.,2416.61353391161,F.E.D.E.I.
La Rioja,informacion_consolidada_2026_6.xlsx,CONS,2026,consolidated,CONS,F.E.D.E.I.,3216.6847650418536,F.E.D.E.I.
La Rioja,informacion_consolidada_2026_6.xlsx,CONS,2026,consolidated,CONS,Financ. | Educativo | Ley Nº 26.075,101385.53180000001,Financiamiento Educativo
La Rioja,informacion_consolidada_2026_6.xlsx,CONS,2026,consolidated,CONS,Fondo | Compens. | de | Desequilib.,19.8,Fondo | Compens. | de | Desequilib.
La Rioja,informacion_consolidada_2026_6.xlsx,CONS,2026,consolidated,CONS,I.V.A. | Ley Nº 23.966 | Art. 5 | Punto 2,0.0,I.V.A. | Ley Nº 23.966 | Art. 5 | Punto 2
La Rioja,informacion_consolidada_2026_6.xlsx,CONS,2026,consolidated,CONS,Impuesto a los Combustibles Líquidos | Ley Nº 23.966 y Nº 24.699 | Obras de | Infraestr.,2921.8635999999997,Impuesto a los Combustibles Líquidos | Ley Nº 23.966 y Nº 24.699 | Obras de | Infraestr.
La Rioja,informacion_consolidada_2026_6.xlsx,CONS,2026,consolidated,CONS,Impuesto s/ | Los Activos | Fdo. Educ. | Ley Nº 23.906,0.0091,Impuesto s/ | Los Activos | Fdo. Educ. | Ley Nº 23.906
La Rioja,informacion_consolidada_2026_6.xlsx,CONS,2026,consolidated,CONS,Impuesto sobre los | Bienes Personales | Ley | Nº 24.699,26208.6681,Impuesto sobre los | Bienes Personales | Ley | Nº 24.699
La Rioja,informacion_consolidada_2026_6.xlsx,CONS,2026,consolidated,CONS,Ley Nº 23.966 | Art. 30,0.0,Ley Nº 23.966 | Art. 30
La Rioja,informacion_consolidada_2026_6.xlsx,CONS,2026,consolidated,CONS,Ley Nº 24.464 | FO.NA.VI.,13776.8212,Ley Nº 24.464 | FO.NA.VI.
La Rioja,informacion_consolidada_2026_6.xlsx,CONS,2026,consolidated,CONS,Reg.Simplif. | P/Peq.Contrib. | Ley Nº 24.977 | Aart. 59 Inc. A,5900.4646,Reg.Simplif. | P/Peq.Contrib. | Ley Nº 24.977 | Aart. 59 Inc. A
La Rioja,informacion_consolidada_2026_6.xlsx,CONS,2026,consolidated,CONS,Régimen de la Energía Eléctrica | L E Y Nº 2 4 . 0 6 5 | Fdo. P/Comp. | Tarifa Elect.,4726.4485,Régimen de la Energía Eléctrica | L E Y Nº 2 4 . 0 6 5 | Fdo. P/Comp. | Tarifa Elect.
La Rioja,informacion_consolidada_2026_6.xlsx,CONS,2026,consolidated,CONS,Subtotal,1042465.325,Subtotal
La Rioja,informacion_consolidada_2026_6.xlsx,CONS,2026,consolidated,CONS,Subtotal,1042480.5493999999,Subtotal
La Rioja,informacion_consolidada_2026_6.xlsx,CONS,2026,consolidated,CONS,Total | (1) + (2),1118663.2815329528,Total | (1) + (2)
La Rioja,informacion_consolidada_2026_6.xlsx,CONS,2026,consolidated,CONS,Total | Recursos | Origen Nacional | (1),1106892.259898953,Total | Recursos | Origen Nacional | (1)
La Rioja,informacion_consolidada_2026_6.xlsx,CONS,2026,consolidated,CONS,Transfer. | De Servicios | Ley | Nº 24.049,15.224400000000001,Transfer. | De Servicios | Ley | Nº 24.049
La Rioja,informacion_consolidada_2026_6.xlsx,CONS,2026,consolidated,CONS,Vialidad | Provincial,5224.337100000001,Vialidad | Provincial
Mendoza,informacion_consolidada_2026_6.xlsx,enero,2026,month,2026-01,C.F.I. | Neta De | Ley Nº 26.075,193317.7872,CFI | Neta
Mendoza,informacion_consolidada_2026_6.xlsx,enero,2026,month,2026-01,Compensación | Consenso Fiscal | II. a y b; II. d y e | (2),5729.021508000001,Compensación Consenso Fiscal
Mendoza,informacion_consolidada_2026_6.xlsx,enero,2026,month,2026-01,F.E.D.E.I.,235.46987473623415,F.E.D.E.I.
Mendoza,informacion_consolidada_2026_6.xlsx,enero,2026,month,2026-01,F.E.D.E.I.,223.44459262422973,F.E.D.E.I.
Mendoza,informacion_consolidada_2026_6.xlsx,enero,2026,month,2026-01,Financ. | Educativo | Ley Nº 26.075,23387.376771860578,Financiamiento Educativo
Mendoza,informacion_consolidada_2026_6.xlsx,enero,2026,month,2026-01,Fondo | Compens. | de | Desequilib.,2.2,Fondo | Compens. | de | Desequilib.
Mendoza,informacion_consolidada_2026_6.xlsx,enero,2026,month,2026-01,I.V.A. | Ley Nº 23.966 | Art. 5 | Punto 2,0.0,I.V.A. | Ley Nº 23.966 | Art. 5 | Punto 2
Mendoza,informacion_consolidada_2026_6.xlsx,enero,2026,month,2026-01,Impuesto a los Combustibles Líquidos | Ley Nº 23.966 y Nº 24.699 | Obras de | Infraestr.,373.14259999999996,Impuesto a los Combustibles Líquidos | Ley Nº 23.966 y Nº 24.699 | Obras de | Infraestr.
Mendoza,informacion_consolidada_2026_6.xlsx,enero,2026,month,2026-01,Impuesto s/ | Los Activos | Fdo. Educ. | Ley Nº 23.906,0.0,Impuesto s/ | Los Activos | Fdo. Educ. | Ley Nº 23.906
Mendoza,informacion_consolidada_2026_6.xlsx,enero,2026,month,2026-01,Impuesto sobre los | Bienes Personales | Ley | Nº 24.699,1201.3734,Impuesto sobre los | Bienes Personales | Ley | Nº 24.699
Mendoza,informacion_consolidada_2026_6.xlsx,enero,2026,month,2026-01,Ley Nº 23.966 | Art. 30,0.0,Ley Nº 23.966 | Art. 30
Mendoza,informacion_consolidada_2026_6.xlsx,enero,2026,month,2026-01,Ley Nº 24.464 | FO.NA.VI.,1747.2021000000002,Ley Nº 24.464 | FO.NA.VI.
Mendoza,informacion_consolidada_2026_6.xlsx,enero,2026,month,2026-01,Reg.Simplif. | P/Peq.Contrib. | Ley Nº 24.977 | Aart. 59 Inc. A,1021.302,Reg.Simplif. | P/Peq.Contrib. | Ley Nº 24.977 | Aart. 59 Inc. A
Mendoza,informacion_consolidada_2026_6.xlsx,enero,2026,month,2026-01,Régimen de la Energía Eléctrica | L E Y Nº 2 4 . 0 6 5 | Fdo. P/Comp. | Tarifa Elect.,287.4526359413778,Régimen de la Energía Eléctrica | L E Y Nº 2 4 . 0 6 5 | Fdo. P/Comp. | Tarifa Elect.
Mendoza,informacion_consolidada_2026_6.xlsx,enero,2026,month,2026-01,Subtotal,216705.16397186057,Subtotal
Mendoza,informacion_consolidada_2026_6.xlsx,enero,2026,month,2026-01,Subtotal,216710.30557186058,Subtotal
Mendoza,informacion_consolidada_2026_6.xlsx,enero,2026,month,2026-01,Total | (1) + (2),228306.70858316246,Total | (1) + (2)
Mendoza,informacion_consolidada_2026_6.xlsx,enero,2026,month,2026-01,Total | Recursos | Origen Nacional | (1),222577.68707516245,Total | Recursos | Origen Nacional | (1)
Mendoza,informacion_consolidada_2026_6.xlsx,enero,2026,month,2026-01,Transfer. | De Servicios | Ley | Nº 24.049,5.1416,Transfer. | De Servicios | Ley | Nº 24.049
Mendoza,informacion_consolidada_2026_6.xlsx,enero,2026,month,2026-01,Vialidad | Provincial,775.7943,Vialidad | Provincial
Mendoza,informacion_consolidada_2026_6.xlsx,febrero,2026,month,2026-02,C.F.I. | Neta De | Ley Nº 26.075,154947.2054,CFI | Neta
Mendoza,informacion_consolidada_2026_6.xlsx,febrero,2026,month,2026-02,Compensación | Consenso Fiscal | II. a y b; II. d y e | (2),4910.5898640000005,Compensación Consenso Fiscal
Mendoza,informacion_consolidada_2026_6.xlsx,febrero,2026,month,2026-02,F.E.D.E.I.,0.0,F.E.D.E.I.
Mendoza,informacion_consolidada_2026_6.xlsx,febrero,2026,month,2026-02,F.E.D.E.I.,0.0,F.E.D.E.I.
Mendoza,informacion_consolidada_2026_6.xlsx,febrero,2026,month,2026-02,Financ. | Educativo | Ley Nº 26.075,44648.628382642884,Financiamiento Educativo
Mendoza,informacion_consolidada_2026_6.xlsx,febrero,2026,month,2026-02,Fondo | Compens. | de | Desequilib.,2.2,Fondo | Compens. | de | Desequilib.
Mendoza,informacion_consolidada_2026_6.xlsx,febrero,2026,month,2026-02,I.V.A. | Ley Nº 23.966 | Art. 5 | Punto 2,0.0,I.V.A. | Ley Nº 23.966 | Art. 5 | Punto 2
Mendoza,informacion_consolidada_2026_6.xlsx,febrero,2026,month,2026-02,Impuesto a los Combustibles Líquidos | Ley Nº 23.966 y Nº 24.699 | Obras de | Infraestr.,627.2228,Impuesto a los Combustibles Líquidos | Ley Nº 23.966 y Nº 24.699 | Obras de | Infraestr.
Mendoza,informacion_consolidada_2026_6.xlsx,febrero,2026,month,2026-02,Impuesto s/ | Los Activos | Fdo. Educ. | Ley Nº 23.906,0.0,Impuesto s/ | Los Activos | Fdo. Educ. | Ley Nº 23.906
Mendoza,informacion_consolidada_2026_6.xlsx,febrero,2026,month,2026-02,Impuesto sobre los | Bienes Personales | Ley | Nº 24.699,1686.0267,Impuesto sobre los | Bienes Personales | Ley | Nº 24.699
Mendoza,informacion_consolidada_2026_6.xlsx,febrero,2026,month,2026-02,Ley Nº 23.966 | Art. 30,0.0,Ley Nº 23.966 | Art. 30
Mendoza,informacion_consolidada_2026_6.xlsx,febrero,2026,month,2026-02,Ley Nº 24.464 | FO.NA.VI.,2936.9071,Ley Nº 24.464 | FO.NA.VI.
Mendoza,informacion_consolidada_2026_6.xlsx,febrero,2026,month,2026-02,Reg.Simplif. | P/Peq.Contrib. | Ley Nº 24.977 | Aart. 59 Inc. A,1233.1801,Reg.Simplif. | P/Peq.Contrib. | Ley Nº 24.977 | Aart. 59 Inc. A
Mendoza,informacion_consolidada_2026_6.xlsx,febrero,2026,month,2026-02,Régimen de la Energía Eléctrica | L E Y Nº 2 4 . 0 6 5 | Fdo. P/Comp. | Tarifa Elect.,0.0,Régimen de la Energía Eléctrica | L E Y Nº 2 4 . 0 6 5 | Fdo. P/Comp. | Tarifa Elect.
Mendoza,informacion_consolidada_2026_6.xlsx,febrero,2026,month,2026-02,Subtotal,199595.8337826429,Subtotal
Mendoza,informacion_consolidada_2026_6.xlsx,febrero,2026,month,2026-02,Subtotal,199600.9753826429,Subtotal
Mendoza,informacion_consolidada_2026_6.xlsx,febrero,2026,month,2026-02,Total | (1) + (2),212301.1501466429,Total | (1) + (2)
Mendoza,informacion_consolidada_2026_6.xlsx,febrero,2026,month,2026-02,Total | Recursos | Origen Nacional | (1),207390.5602826429,Total | Recursos | Origen Nacional | (1)
Mendoza,informacion_consolidada_2026_6.xlsx,febrero,2026,month,2026-02,Transfer. | De Servicios | Ley | Nº 24.049,5.1416,Transfer. | De Servicios | Ley | Nº 24.049
Mendoza,informacion_consolidada_2026_6.xlsx,febrero,2026,month,2026-02,Vialidad | Provincial,1304.0482,Vialidad | Provincial
Mendoza,informacion_consolidada_2026_6.xlsx,marzo,2026,month,2026-03,C.F.I. | Neta De | Ley Nº 26.075,133365.4199,CFI | Neta
Mendoza,informacion_consolidada_2026_6.xlsx,marzo,2026,month,2026-03,Compensación | Consenso Fiscal | II. a y b; II. d y e | (2),5729.021508000001,Compensación Consenso Fiscal
Mendoza,informacion_consolidada_2026_6.xlsx,marzo,2026,month,2026-03,F.E.D.E.I.,319.3491708677093,F.E.D.E.I.
Mendoza,informacion_consolidada_2026_6.xlsx,marzo,2026,month,2026-03,F.E.D.E.I.,450.70857428828475,F.E.D.E.I.
Mendoza,informacion_consolidada_2026_6.xlsx,marzo,2026,month,2026-03,Financ. | Educativo | Ley Nº 26.075,48900.87870479934,Financiamiento Educativo
Mendoza,informacion_consolidada_2026_6.xlsx,marzo,2026,month,2026-03,Fondo | Compens. | de | Desequilib.,2.2,Fondo | Compens. | de | Desequilib.
Mendoza,informacion_consolidada_2026_6.xlsx,marzo,2026,month,2026-03,I.V.A. | Ley Nº 23.966 | Art. 5 | Punto 2,0.0,I.V.A. | Ley Nº 23.966 | Art. 5 | Punto 2
Mendoza,informacion_consolidada_2026_6.xlsx,marzo,2026,month,2026-03,Impuesto a los Combustibles Líquidos | Ley Nº 23.966 y Nº 24.699 | Obras de | Infraestr.,619.4893000000001,Impuesto a los Combustibles Líquidos | Ley Nº 23.966 y Nº 24.699 | Obras de | Infraestr.
Mendoza,informacion_consolidada_2026_6.xlsx,marzo,2026,month,2026-03,Impuesto s/ | Los Activos | Fdo. Educ. | Ley Nº 23.906,0.0,Impuesto s/ | Los Activos | Fdo. Educ. | Ley Nº 23.906
Mendoza,informacion_consolidada_2026_6.xlsx,marzo,2026,month,2026-03,Impuesto sobre los | Bienes Personales | Ley | Nº 24.699,814.8619,Impuesto sobre los | Bienes Personales | Ley | Nº 24.699
Mendoza,informacion_consolidada_2026_6.xlsx,marzo,2026,month,2026-03,Ley Nº 23.966 | Art. 30,0.0,Ley Nº 23.966 | Art. 30
Mendoza,informacion_consolidada_2026_6.xlsx,marzo,2026,month,2026-03,Ley Nº 24.464 | FO.NA.VI.,2900.6956,Ley Nº 24.464 | FO.NA.VI.
Mendoza,informacion_consolidada_2026_6.xlsx,marzo,2026,month,2026-03,Reg.Simplif. | P/Peq.Contrib. | Ley Nº 24.977 | Aart. 59 Inc. A,1166.3698,Reg.Simplif. | P/Peq.Contrib. | Ley Nº 24.977 | Aart. 59 Inc. A
Mendoza,informacion_consolidada_2026_6.xlsx,marzo,2026,month,2026-03,Régimen de la Energía Eléctrica | L E Y Nº 2 4 . 0 6 5 | Fdo. P/Comp. | Tarifa Elect.,579.8187648947824,Régimen de la Energía Eléctrica | L E Y Nº 2 4 . 0 6 5 | Fdo. P/Comp. | Tarifa Elect.
Mendoza,informacion_consolidada_2026_6.xlsx,marzo,2026,month,2026-03,Subtotal,182266.29860479935,Subtotal
Mendoza,informacion_consolidada_2026_6.xlsx,marzo,2026,month,2026-03,Subtotal,182271.44020479935,Subtotal
Mendoza,informacion_consolidada_2026_6.xlsx,marzo,2026,month,2026-03,Total | (1) + (2),196141.92432285013,Total | (1) + (2)
Mendoza,informacion_consolidada_2026_6.xlsx,marzo,2026,month,2026-03,Total | Recursos | Origen Nacional | (1),190412.90281485012,Total | Recursos | Origen Nacional | (1)
Mendoza,informacion_consolidada_2026_6.xlsx,marzo,2026,month,2026-03,Transfer. | De Servicios | Ley | Nº 24.049,5.1416,Transfer. | De Servicios | Ley | Nº 24.049
Mendoza,informacion_consolidada_2026_6.xlsx,marzo,2026,month,2026-03,Vialidad | Provincial,1287.9695,Vialidad | Provincial
Mendoza,informacion_consolidada_2026_6.xlsx,abril,2026,month,2026-04,C.F.I. | Neta De | Ley Nº 26.075,152996.992,CFI | Neta
Mendoza,informacion_consolidada_2026_6.xlsx,abril,2026,month,2026-04,Compensación | Consenso Fiscal | II. a y b; II. d y e | (2),6801.573219999999,Compensación Consenso Fiscal
Mendoza,informacion_consolidada_2026_6.xlsx,abril,2026,month,2026-04,F.E.D.E.I.,0.0,F.E.D.E.I.
Mendoza,informacion_consolidada_2026_6.xlsx,abril,2026,month,2026-04,F.E.D.E.I.,0.0,F.E.D.E.I.
Mendoza,informacion_consolidada_2026_6.xlsx,abril,2026,month,2026-04,Financ. | Educativo | Ley Nº 26.075,51027.00386587764,Financiamiento Educativo
Mendoza,informacion_consolidada_2026_6.xlsx,abril,2026,month,2026-04,Fondo | Compens. | de | Desequilib.,2.2,Fondo | Compens. | de | Desequilib.
Mendoza,informacion_consolidada_2026_6.xlsx,abril,2026,month,2026-04,I.V.A. | Ley Nº 23.966 | Art. 5 | Punto 2,0.0,I.V.A. | Ley Nº 23.966 | Art. 5 | Punto 2
Mendoza,informacion_consolidada_2026_6.xlsx,abril,2026,month,2026-04,Impuesto a los Combustibles Líquidos | Ley Nº 23.966 y Nº 24.699 | Obras de | Infraestr.,674.5839,Impuesto a los Combustibles Líquidos | Ley Nº 23.966 y Nº 24.699 | Obras de | Infraestr.
Mendoza,informacion_consolidada_2026_6.xlsx,abril,2026,month,2026-04,Impuesto s/ | Los Activos | Fdo. Educ. | Ley Nº 23.906,0.0,Impuesto s/ | Los Activos | Fdo. Educ. | Ley Nº 23.906
Mendoza,informacion_consolidada_2026_6.xlsx,abril,2026,month,2026-04,Impuesto sobre los | Bienes Personales | Ley | Nº 24.699,1406.5509,Impuesto sobre los | Bienes Personales | Ley | Nº 24.699
Mendoza,informacion_consolidada_2026_6.xlsx,abril,2026,month,2026-04,Ley Nº 23.966 | Art. 30,0.0,Ley Nº 23.966 | Art. 30
Mendoza,informacion_consolidada_2026_6.xlsx,abril,2026,month,2026-04,Ley Nº 24.464 | FO.NA.VI.,3158.6709,Ley Nº 24.464 | FO.NA.VI.
Mendoza,informacion_consolidada_2026_6.xlsx,abril,2026,month,2026-04,Reg.Simplif. | P/Peq.Contrib. | Ley Nº 24.977 | Aart. 59 Inc. A,1335.7986,Reg.Simplif. | P/Peq.Contrib. | Ley Nº 24.977 | Aart. 59 Inc. A
Mendoza,informacion_consolidada_2026_6.xlsx,abril,2026,month,2026-04,Régimen de la Energía Eléctrica | L E Y Nº 2 4 . 0 6 5 | Fdo. P/Comp. | Tarifa Elect.,0.0,Régimen de la Energía Eléctrica | L E Y Nº 2 4 . 0 6 5 | Fdo. P/Comp. | Tarifa Elect.
Mendoza,informacion_consolidada_2026_6.xlsx,abril,2026,month,2026-04,Subtotal,204023.99586587763,Subtotal
Mendoza,informacion_consolidada_2026_6.xlsx,abril,2026,month,2026-04,Subtotal,204029.13746587763,Subtotal
Mendoza,informacion_consolidada_2026_6.xlsx,abril,2026,month,2026-04,Total | (1) + (2),218811.03098587765,Total | (1) + (2)
Mendoza,informacion_consolidada_2026_6.xlsx,abril,2026,month,2026-04,Total | Recursos | Origen Nacional | (1),212009.45776587765,Total | Recursos | Origen Nacional | (1)
Mendoza,informacion_consolidada_2026_6.xlsx,abril,2026,month,2026-04,Transfer. | De Servicios | Ley | Nº 24.049,5.1416,Transfer. | De Servicios | Ley | Nº 24.049
Mendoza,informacion_consolidada_2026_6.xlsx,abril,2026,month,2026-04,Vialidad | Provincial,1402.516,Vialidad | Provincial
Mendoza,informacion_consolidada_2026_6.xlsx,mayo,2026,month,2026-05,C.F.I. | Neta De | Ley Nº 26.075,261961.3247,CFI | Neta
Mendoza,informacion_consolidada_2026_6.xlsx,mayo,2026,month,2026-05,Compensación | Consenso Fiscal | II. a y b; II. d y e | (2),6461.494559000001,Compensación Consenso Fiscal
Mendoza,informacion_consolidada_2026_6.xlsx,mayo,2026,month,2026-05,F.E.D.E.I.,197.80874278770665,F.E.D.E.I.
Mendoza,informacion_consolidada_2026_6.xlsx,mayo,2026,month,2026-05,F.E.D.E.I.,244.89709314884098,F.E.D.E.I.
Mendoza,informacion_consolidada_2026_6.xlsx,mayo,2026,month,2026-05,Financ. | Educativo | Ley Nº 26.075,40396.3780604867,Financiamiento Educativo
Mendoza,informacion_consolidada_2026_6.xlsx,mayo,2026,month,2026-05,Fondo | Compens. | de | Desequilib.,2.2,Fondo | Compens. | de | Desequilib.
Mendoza,informacion_consolidada_2026_6.xlsx,mayo,2026,month,2026-05,I.V.A. | Ley Nº 23.966 | Art. 5 | Punto 2,0.0,I.V.A. | Ley Nº 23.966 | Art. 5 | Punto 2
Mendoza,informacion_consolidada_2026_6.xlsx,mayo,2026,month,2026-05,Impuesto a los Combustibles Líquidos | Ley Nº 23.966 y Nº 24.699 | Obras de | Infraestr.,621.5411,Impuesto a los Combustibles Líquidos | Ley Nº 23.966 y Nº 24.699 | Obras de | Infraestr.
Mendoza,informacion_consolidada_2026_6.xlsx,mayo,2026,month,2026-05,Impuesto s/ | Los Activos | Fdo. Educ. | Ley Nº 23.906,0.0,Impuesto s/ | Los Activos | Fdo. Educ. | Ley Nº 23.906
Mendoza,informacion_consolidada_2026_6.xlsx,mayo,2026,month,2026-05,Impuesto sobre los | Bienes Personales | Ley | Nº 24.699,1550.4572,Impuesto sobre los | Bienes Personales | Ley | Nº 24.699
Mendoza,informacion_consolidada_2026_6.xlsx,mayo,2026,month,2026-05,Ley Nº 23.966 | Art. 30,0.0,Ley Nº 23.966 | Art. 30
Mendoza,informacion_consolidada_2026_6.xlsx,mayo,2026,month,2026-05,Ley Nº 24.464 | FO.NA.VI.,2910.3033,Ley Nº 24.464 | FO.NA.VI.
Mendoza,informacion_consolidada_2026_6.xlsx,mayo,2026,month,2026-05,Reg.Simplif. | P/Peq.Contrib. | Ley Nº 24.977 | Aart. 59 Inc. A,1308.0013000000001,Reg.Simplif. | P/Peq.Contrib. | Ley Nº 24.977 | Aart. 59 Inc. A
Mendoza,informacion_consolidada_2026_6.xlsx,mayo,2026,month,2026-05,Régimen de la Energía Eléctrica | L E Y Nº 2 4 . 0 6 5 | Fdo. P/Comp. | Tarifa Elect.,315.05042988729247,Régimen de la Energía Eléctrica | L E Y Nº 2 4 . 0 6 5 | Fdo. P/Comp. | Tarifa Elect.
Mendoza,informacion_consolidada_2026_6.xlsx,mayo,2026,month,2026-05,Subtotal,302357.7027604867,Subtotal
Mendoza,informacion_consolidada_2026_6.xlsx,mayo,2026,month,2026-05,Subtotal,302362.84436048666,Subtotal
Mendoza,informacion_consolidada_2026_6.xlsx,mayo,2026,month,2026-05,Total | (1) + (2),317266.83368531056,Total | (1) + (2)
Mendoza,informacion_consolidada_2026_6.xlsx,mayo,2026,month,2026-05,Total | Recursos | Origen Nacional | (1),310805.33912631054,Total | Recursos | Origen Nacional | (1)
Mendoza,informacion_consolidada_2026_6.xlsx,mayo,2026,month,2026-05,Transfer. | De Servicios | Ley | Nº 24.049,5.1416,Transfer. | De Servicios | Ley | Nº 24.049
Mendoza,informacion_consolidada_2026_6.xlsx,mayo,2026,month,2026-05,Vialidad | Provincial,1292.2356000000002,Vialidad | Provincial
Mendoza,informacion_consolidada_2026_6.xlsx,junio,2026,month,2026-06,C.F.I. | Neta De | Ley Nº 26.075,171256.1297,CFI | Neta
Mendoza,informacion_consolidada_2026_6.xlsx,junio,2026,month,2026-06,Compensación | Consenso Fiscal | II. a y b; II. d y e | (2),7141.651881,Compensación Consenso Fiscal
Mendoza,informacion_consolidada_2026_6.xlsx,junio,2026,month,2026-06,F.E.D.E.I.,413.8973005054394,F.E.D.E.I.
Mendoza,informacion_consolidada_2026_6.xlsx,junio,2026,month,2026-06,F.E.D.E.I.,594.2922861249481,F.E.D.E.I.
Mendoza,informacion_consolidada_2026_6.xlsx,junio,2026,month,2026-06,Financ. | Educativo | Ley Nº 26.075,44648.62838264318,Financiamiento Educativo
Mendoza,informacion_consolidada_2026_6.xlsx,junio,2026,month,2026-06,Fondo | Compens. | de | Desequilib.,2.2,Fondo | Compens. | de | Desequilib.
Mendoza,informacion_consolidada_2026_6.xlsx,junio,2026,month,2026-06,I.V.A. | Ley Nº 23.966 | Art. 5 | Punto 2,0.0,I.V.A. | Ley Nº 23.966 | Art. 5 | Punto 2
Mendoza,informacion_consolidada_2026_6.xlsx,junio,2026,month,2026-06,Impuesto a los Combustibles Líquidos | Ley Nº 23.966 y Nº 24.699 | Obras de | Infraestr.,771.0513000000001,Impuesto a los Combustibles Líquidos | Ley Nº 23.966 y Nº 24.699 | Obras de | Infraestr.
Mendoza,informacion_consolidada_2026_6.xlsx,junio,2026,month,2026-06,Impuesto s/ | Los Activos | Fdo. Educ. | Ley Nº 23.906,0.0,Impuesto s/ | Los Activos | Fdo. Educ. | Ley Nº 23.906
Mendoza,informacion_consolidada_2026_6.xlsx,junio,2026,month,2026-06,Impuesto sobre los | Bienes Personales | Ley | Nº 24.699,37282.364799999996,Impuesto sobre los | Bienes Personales | Ley | Nº 24.699
Mendoza,informacion_consolidada_2026_6.xlsx,junio,2026,month,2026-06,Ley Nº 23.966 | Art. 30,0.0,Ley Nº 23.966 | Art. 30
Mendoza,informacion_consolidada_2026_6.xlsx,junio,2026,month,2026-06,Ley Nº 24.464 | FO.NA.VI.,3610.3694,Ley Nº 24.464 | FO.NA.VI.
Mendoza,informacion_consolidada_2026_6.xlsx,junio,2026,month,2026-06,Reg.Simplif. | P/Peq.Contrib. | Ley Nº 24.977 | Aart. 59 Inc. A,1333.0278999999998,Reg.Simplif. | P/Peq.Contrib. | Ley Nº 24.977 | Aart. 59 Inc. A
Mendoza,informacion_consolidada_2026_6.xlsx,junio,2026,month,2026-06,Régimen de la Energía Eléctrica | L E Y Nº 2 4 . 0 6 5 | Fdo. P/Comp. | Tarifa Elect.,765.3593247271992,Régimen de la Energía Eléctrica | L E Y Nº 2 4 . 0 6 5 | Fdo. P/Comp. | Tarifa Elect.
Mendoza,informacion_consolidada_2026_6.xlsx,junio,2026,month,2026-06,Subtotal,215904.75808264318,Subtotal
Mendoza,informacion_consolidada_2026_6.xlsx,junio,2026,month,2026-06,Subtotal,215909.89968264318,Subtotal
Mendoza,informacion_consolidada_2026_6.xlsx,junio,2026,month,2026-06,Total | (1) + (2),269427.1934750008,Total | (1) + (2)
Mendoza,informacion_consolidada_2026_6.xlsx,junio,2026,month,2026-06,Total | Recursos | Origen Nacional | (1),262285.54159400077,Total | Recursos | Origen Nacional | (1)
Mendoza,informacion_consolidada_2026_6.xlsx,junio,2026,month,2026-06,Transfer. | De Servicios | Ley | Nº 24.049,5.1416,Transfer. | De Servicios | Ley | Nº 24.049
Mendoza,informacion_consolidada_2026_6.xlsx,junio,2026,month,2026-06,Vialidad | Provincial,1603.0796,Vialidad | Provincial
Mendoza,informacion_consolidada_2026_6.xlsx,julio,2026,month,2026-07,C.F.I. | Neta De | Ley Nº 26.075,221854.0308,CFI | Neta
Mendoza,informacion_consolidada_2026_6.xlsx,julio,2026,month,2026-07,Compensación | Consenso Fiscal | II. a y b; II. d y e | (2),7185.76614,Compensación Consenso Fiscal
Mendoza,informacion_consolidada_2026_6.xlsx,julio,2026,month,2026-07,F.E.D.E.I.,246.4213643938763,F.E.D.E.I.
Mendoza,informacion_consolidada_2026_6.xlsx,julio,2026,month,2026-07,F.E.D.E.I.,301.8995454945599,F.E.D.E.I.
Mendoza,informacion_consolidada_2026_6.xlsx,julio,2026,month,2026-07,Financ. | Educativo | Ley Nº 26.075,44648.62838264315,Financiamiento Educativo
Mendoza,informacion_consolidada_2026_6.xlsx,julio,2026,month,2026-07,Fondo | Compens. | de | Desequilib.,2.2,Fondo | Compens. | de | Desequilib.
Mendoza,informacion_consolidada_2026_6.xlsx,julio,2026,month,2026-07,I.V.A. | Ley Nº 23.966 | Art. 5 | Punto 2,0.0,I.V.A. | Ley Nº 23.966 | Art. 5 | Punto 2
Mendoza,informacion_consolidada_2026_6.xlsx,julio,2026,month,2026-07,Impuesto a los Combustibles Líquidos | Ley Nº 23.966 y Nº 24.699 | Obras de | Infraestr.,693.6273,Impuesto a los Combustibles Líquidos | Ley Nº 23.966 y Nº 24.699 | Obras de | Infraestr.
Mendoza,informacion_consolidada_2026_6.xlsx,julio,2026,month,2026-07,Impuesto s/ | Los Activos | Fdo. Educ. | Ley Nº 23.906,0.0,Impuesto s/ | Los Activos | Fdo. Educ. | Ley Nº 23.906
Mendoza,informacion_consolidada_2026_6.xlsx,julio,2026,month,2026-07,Impuesto sobre los | Bienes Personales | Ley | Nº 24.699,3762.8167999999996,Impuesto sobre los | Bienes Personales | Ley | Nº 24.699
Mendoza,informacion_consolidada_2026_6.xlsx,julio,2026,month,2026-07,Ley Nº 23.966 | Art. 30,0.0,Ley Nº 23.966 | Art. 30
Mendoza,informacion_consolidada_2026_6.xlsx,julio,2026,month,2026-07,Ley Nº 24.464 | FO.NA.VI.,3247.8392000000003,Ley Nº 24.464 | FO.NA.VI.
Mendoza,informacion_consolidada_2026_6.xlsx,julio,2026,month,2026-07,Reg.Simplif. | P/Peq.Contrib. | Ley Nº 24.977 | Aart. 59 Inc. A,1322.5237,Reg.Simplif. | P/Peq.Contrib. | Ley Nº 24.977 | Aart. 59 Inc. A
Mendoza,informacion_consolidada_2026_6.xlsx,julio,2026,month,2026-07,Régimen de la Energía Eléctrica | L E Y Nº 2 4 . 0 6 5 | Fdo. P/Comp. | Tarifa Elect.,388.80133172266187,Régimen de la Energía Eléctrica | L E Y Nº 2 4 . 0 6 5 | Fdo. P/Comp. | Tarifa Elect.
Mendoza,informacion_consolidada_2026_6.xlsx,julio,2026,month,2026-07,Subtotal,266502.65918264317,Subtotal
Mendoza,informacion_consolidada_2026_6.xlsx,julio,2026,month,2026-07,Subtotal,266507.80078264314,Subtotal
Mendoza,informacion_consolidada_2026_6.xlsx,julio,2026,month,2026-07,Total | (1) + (2),285101.80476425425,Total | (1) + (2)
Mendoza,informacion_consolidada_2026_6.xlsx,julio,2026,month,2026-07,Total | Recursos | Origen Nacional | (1),277916.03862425423,Total | Recursos | Origen Nacional | (1)
Mendoza,informacion_consolidada_2026_6.xlsx,julio,2026,month,2026-07,Transfer. | De Servicios | Ley | Nº 24.049,5.1416,Transfer. | De Servicios | Ley | Nº 24.049
Mendoza,informacion_consolidada_2026_6.xlsx,julio,2026,month,2026-07,Vialidad | Provincial,1442.1086,Vialidad | Provincial
Mendoza,informacion_consolidada_2026_6.xlsx,agosto,2026,month,2026-08,C.F.I. | Neta De | Ley Nº 26.075,210023.179,CFI | Neta
Mendoza,informacion_consolidada_2026_6.xlsx,agosto,2026,month,2026-08,Compensación | Consenso Fiscal | II. a y b; II. d y e | (2),6843.5868,Compensación Consenso Fiscal
Mendoza,informacion_consolidada_2026_6.xlsx,agosto,2026,month,2026-08,F.E.D.E.I.,0.0,F.E.D.E.I.
Mendoza,informacion_consolidada_2026_6.xlsx,agosto,2026,month,2026-08,F.E.D.E.I.,0.0,F.E.D.E.I.
Mendoza,informacion_consolidada_2026_6.xlsx,agosto,2026,month,2026-08,Financ. | Educativo | Ley Nº 26.075,42522.50322156494,Financiamiento Educativo
Mendoza,informacion_consolidada_2026_6.xlsx,agosto,2026,month,2026-08,Fondo | Compens. | de | Desequilib.,2.2,Fondo | Compens. | de | Desequilib.
Mendoza,informacion_consolidada_2026_6.xlsx,agosto,2026,month,2026-08,I.V.A. | Ley Nº 23.966 | Art. 5 | Punto 2,0.0,I.V.A. | Ley Nº 23.966 | Art. 5 | Punto 2
Mendoza,informacion_consolidada_2026_6.xlsx,agosto,2026,month,2026-08,Impuesto a los Combustibles Líquidos | Ley Nº 23.966 y Nº 24.699 | Obras de | Infraestr.,756.0605,Impuesto a los Combustibles Líquidos | Ley Nº 23.966 y Nº 24.699 | Obras de | Infraestr.
Mendoza,informacion_consolidada_2026_6.xlsx,agosto,2026,month,2026-08,Impuesto s/ | Los Activos | Fdo. Educ. | Ley Nº 23.906,0.01924728,Impuesto s/ | Los Activos | Fdo. Educ. | Ley Nº 23.906
Mendoza,informacion_consolidada_2026_6.xlsx,agosto,2026,month,2026-08,Impuesto sobre los | Bienes Personales | Ley | Nº 24.699,3032.0546,Impuesto sobre los | Bienes Personales | Ley | Nº 24.699
Mendoza,informacion_consolidada_2026_6.xlsx,agosto,2026,month,2026-08,Ley Nº 23.966 | Art. 30,0.0,Ley Nº 23.966 | Art. 30
Mendoza,informacion_consolidada_2026_6.xlsx,agosto,2026,month,2026-08,Ley Nº 24.464 | FO.NA.VI.,3540.1766000000002,Ley Nº 24.464 | FO.NA.VI.
Mendoza,informacion_consolidada_2026_6.xlsx,agosto,2026,month,2026-08,Reg.Simplif. | P/Peq.Contrib. | Ley Nº 24.977 | Aart. 59 Inc. A,1557.0603999999998,Reg.Simplif. | P/Peq.Contrib. | Ley Nº 24.977 | Aart. 59 Inc. A
Mendoza,informacion_consolidada_2026_6.xlsx,agosto,2026,month,2026-08,Régimen de la Energía Eléctrica | L E Y Nº 2 4 . 0 6 5 | Fdo. P/Comp. | Tarifa Elect.,0.0,Régimen de la Energía Eléctrica | L E Y Nº 2 4 . 0 6 5 | Fdo. P/Comp. | Tarifa Elect.
Mendoza,informacion_consolidada_2026_6.xlsx,agosto,2026,month,2026-08,Subtotal,252545.68222156493,Subtotal
Mendoza,informacion_consolidada_2026_6.xlsx,agosto,2026,month,2026-08,Subtotal,252550.82382156493,Subtotal
Mendoza,informacion_consolidada_2026_6.xlsx,agosto,2026,month,2026-08,Total | (1) + (2),269853.8944688449,Total | (1) + (2)
Mendoza,informacion_consolidada_2026_6.xlsx,agosto,2026,month,2026-08,Total | Recursos | Origen Nacional | (1),263010.30766884494,Total | Recursos | Origen Nacional | (1)
Mendoza,informacion_consolidada_2026_6.xlsx,agosto,2026,month,2026-08,Transfer. | De Servicios | Ley | Nº 24.049,5.1416,Transfer. | De Servicios | Ley | Nº 24.049
Mendoza,informacion_consolidada_2026_6.xlsx,agosto,2026,month,2026-08,Vialidad | Provincial,1571.9125,Vialidad | Provincial
Mendoza,informacion_consolidada_2026_6.xlsx,septiembre,2026,month,2026-09,C.F.I. | Neta De | Ley Nº 26.075,212799.8296,CFI | Neta
Mendoza,informacion_consolidada_2026_6.xlsx,septiembre,2026,month,2026-09,Compensación | Consenso Fiscal | II. a y b; II. d y e | (2),7527.94548,Compensación Consenso Fiscal
Mendoza,informacion_consolidada_2026_6.xlsx,septiembre,2026,month,2026-09,F.E.D.E.I.,462.81423985762734,F.E.D.E.I.
Mendoza,informacion_consolidada_2026_6.xlsx,septiembre,2026,month,2026-09,F.E.D.E.I.,681.5290138042506,F.E.D.E.I.
Mendoza,informacion_consolidada_2026_6.xlsx,septiembre,2026,month,2026-09,Financ. | Educativo | Ley Nº 26.075,46774.75354372144,Financiamiento Educativo
Mendoza,informacion_consolidada_2026_6.xlsx,septiembre,2026,month,2026-09,Fondo | Compens. | de | Desequilib.,2.2,Fondo | Compens. | de | Desequilib.
Mendoza,informacion_consolidada_2026_6.xlsx,septiembre,2026,month,2026-09,I.V.A. | Ley Nº 23.966 | Art. 5 | Punto 2,0.0,I.V.A. | Ley Nº 23.966 | Art. 5 | Punto 2
Mendoza,informacion_consolidada_2026_6.xlsx,septiembre,2026,month,2026-09,Impuesto a los Combustibles Líquidos | Ley Nº 23.966 y Nº 24.699 | Obras de | Infraestr.,747.7958000000001,Impuesto a los Combustibles Líquidos | Ley Nº 23.966 y Nº 24.699 | Obras de | Infraestr.
Mendoza,informacion_consolidada_2026_6.xlsx,septiembre,2026,month,2026-09,Impuesto s/ | Los Activos | Fdo. Educ. | Ley Nº 23.906,0.0,Impuesto s/ | Los Activos | Fdo. Educ. | Ley Nº 23.906
Mendoza,informacion_consolidada_2026_6.xlsx,septiembre,2026,month,2026-09,Impuesto sobre los | Bienes Personales | Ley | Nº 24.699,2046.5321999999999,Impuesto sobre los | Bienes Personales | Ley | Nº 24.699
Mendoza,informacion_consolidada_2026_6.xlsx,septiembre,2026,month,2026-09,Ley Nº 23.966 | Art. 30,0.0,Ley Nº 23.966 | Art. 30
Mendoza,informacion_consolidada_2026_6.xlsx,septiembre,2026,month,2026-09,Ley Nº 24.464 | FO.NA.VI.,3501.478,Ley Nº 24.464 | FO.NA.VI.
Mendoza,informacion_consolidada_2026_6.xlsx,septiembre,2026,month,2026-09,Reg.Simplif. | P/Peq.Contrib. | Ley Nº 24.977 | Aart. 59 Inc. A,1606.0323,Reg.Simplif. | P/Peq.Contrib. | Ley Nº 24.977 | Aart. 59 Inc. A
Mendoza,informacion_consolidada_2026_6.xlsx,septiembre,2026,month,2026-09,Régimen de la Energía Eléctrica | L E Y Nº 2 4 . 0 6 5 | Fdo. P/Comp. | Tarifa Elect.,877.7071450456708,Régimen de la Energía Eléctrica | L E Y Nº 2 4 . 0 6 5 | Fdo. P/Comp. | Tarifa Elect.
Mendoza,informacion_consolidada_2026_6.xlsx,septiembre,2026,month,2026-09,Subtotal,259574.58314372145,Subtotal
Mendoza,informacion_consolidada_2026_6.xlsx,septiembre,2026,month,2026-09,Subtotal,259579.72474372145,Subtotal
Mendoza,informacion_consolidada_2026_6.xlsx,septiembre,2026,month,2026-09,Total | (1) + (2),278588.4884224291,Total | (1) + (2)
Mendoza,informacion_consolidada_2026_6.xlsx,septiembre,2026,month,2026-09,Total | Recursos | Origen Nacional | (1),271060.5429424291,Total | Recursos | Origen Nacional | (1)
Mendoza,informacion_consolidada_2026_6.xlsx,septiembre,2026,month,2026-09,Transfer. | De Servicios | Ley | Nº 24.049,5.1416,Transfer. | De Servicios | Ley | Nº 24.049
Mendoza,informacion_consolidada_2026_6.xlsx,septiembre,2026,month,2026-09,Vialidad | Provincial,1554.7295,Vialidad | Provincial
Mendoza,informacion_consolidada_2026_6.xlsx,CONS,2026,consolidated,CONS,C.F.I. | Neta De | Ley Nº 26.075,1712521.8983,CFI | Neta
Mendoza,informacion_consolidada_2026_6.xlsx,CONS,2026,consolidated,CONS,Compensación | Consenso Fiscal | II. a y b; II. d y e | (2),58330.65095999999,Compensación Consenso Fiscal
Mendoza,informacion_consolidada_2026_6.xlsx,CONS,2026,consolidated,CONS,F.E.D.E.I.,1875.7606931485932,F.E.D.E.I.
Mendoza,informacion_consolidada_2026_6.xlsx,CONS,2026,consolidated,CONS,F.E.D.E.I.,2496.771105485114,F.E.D.E.I.
Mendoza,informacion_consolidada_2026_6.xlsx,CONS,2026,consolidated,CONS,Financ. | Educativo | Ley Nº 26.075,386954.7794,Financiamiento Educativo
Mendoza,informacion_consolidada_2026_6.xlsx,CONS,2026,consolidated,CONS,Fondo | Compens. | de | Desequilib.,19.8,Fondo | Compens. | de | Desequilib.
Mendoza,informacion_consolidada_2026_6.xlsx,CONS,2026,consolidated,CONS,I.V.A. | Ley Nº 23.966 | Art. 5 | Punto 2,0.0,I.V.A. | Ley Nº 23.966 | Art. 5 | Punto 2
Mendoza,informacion_consolidada_2026_6.xlsx,CONS,2026,consolidated,CONS,Impuesto a los Combustibles Líquidos | Ley Nº 23.966 y Nº 24.699 | Obras de | Infraestr.,5884.5145999999995,Impuesto a los Combustibles Líquidos | Ley Nº 23.966 y Nº 24.699 | Obras de | Infraestr.
Mendoza,informacion_consolidada_2026_6.xlsx,CONS,2026,consolidated,CONS,Impuesto s/ | Los Activos | Fdo. Educ. | Ley Nº 23.906,0.0192,Impuesto s/ | Los Activos | Fdo. Educ. | Ley Nº 23.906
Mendoza,informacion_consolidada_2026_6.xlsx,CONS,2026,consolidated,CONS,Impuesto sobre los | Bienes Personales | Ley | Nº 24.699,52783.0385,Impuesto sobre los | Bienes Personales | Ley | Nº 24.699
Mendoza,informacion_consolidada_2026_6.xlsx,CONS,2026,consolidated,CONS,Ley Nº 23.966 | Art. 30,0.0,Ley Nº 23.966 | Art. 30
Mendoza,informacion_consolidada_2026_6.xlsx,CONS,2026,consolidated,CONS,Ley Nº 24.464 | FO.NA.VI.,27553.6422,Ley Nº 24.464 | FO.NA.VI.
Mendoza,informacion_consolidada_2026_6.xlsx,CONS,2026,consolidated,CONS,Reg.Simplif. | P/Peq.Contrib. | Ley Nº 24.977 | Aart. 59 Inc. A,11883.2961,Reg.Simplif. | P/Peq.Contrib. | Ley Nº 24.977 | Aart. 59 Inc. A
Mendoza,informacion_consolidada_2026_6.xlsx,CONS,2026,consolidated,CONS,Régimen de la Energía Eléctrica | L E Y Nº 2 4 . 0 6 5 | Fdo. P/Comp. | Tarifa Elect.,3214.1895,Régimen de la Energía Eléctrica | L E Y Nº 2 4 . 0 6 5 | Fdo. P/Comp. | Tarifa Elect.
Mendoza,informacion_consolidada_2026_6.xlsx,CONS,2026,consolidated,CONS,Subtotal,2099476.6777,Subtotal
Mendoza,informacion_consolidada_2026_6.xlsx,CONS,2026,consolidated,CONS,Subtotal,2099522.9521,Subtotal
Mendoza,informacion_consolidada_2026_6.xlsx,CONS,2026,consolidated,CONS,Total | (1) + (2),2275799.028758633,Total | (1) + (2)
Mendoza,informacion_consolidada_2026_6.xlsx,CONS,2026,consolidated,CONS,Total | Recursos | Origen Nacional | (1),2217468.377798633,Total | Recursos | Origen Nacional | (1)
Mendoza,informacion_consolidada_2026_6.xlsx,CONS,2026,consolidated,CONS,Transfer. | De Servicios | Ley | Nº 24.049,46.27439999999999,Transfer. | De Servicios | Ley | Nº 24.049
Mendoza,informacion_consolidada_2026_6.xlsx,CONS,2026,consolidated,CONS,Vialidad | Provincial,12234.393799999998,Vialidad | Provincial
Misiones,informacion_consolidada_2026_6.xlsx,enero,2026,month,2026-01,C.F.I. | Neta De | Ley Nº 26.075,151594.3126,CFI | Neta
Misiones,informacion_consolidada_2026_6.xlsx,enero,2026,month,2026-01,Compensación | Consenso Fiscal | II. a y b; II. d y e | (2),7580.977110000001,Compensación Consenso Fiscal
Misiones,informacion_consolidada_2026_6.xlsx,enero,2026,month,2026-01,F.E.D.E.I.,304.57771923150625,F.E.D.E.I.
Misiones,informacion_consolidada_2026_6.xlsx,enero,2026,month,2026-01,F.E.D.E.I.,289.02314773548653,F.E.D.E.I.
Misiones,informacion_consolidada_2026_6.xlsx,enero,2026,month,2026-01,Financ. | Educativo | Ley Nº 26.075,20068.207579347614,Financiamiento Educativo
Misiones,informacion_consolidada_2026_6.xlsx,enero,2026,month,2026-01,Fondo | Compens. | de | Desequilib.,2.2,Fondo | Compens. | de | Desequilib.
Misiones,informacion_consolidada_2026_6.xlsx,enero,2026,month,2026-01,I.V.A. | Ley Nº 23.966 | Art. 5 | Punto 2,872.5425,I.V.A. | Ley Nº 23.966 | Art. 5 | Punto 2
Misiones,informacion_consolidada_2026_6.xlsx,enero,2026,month,2026-01,Impuesto a los Combustibles Líquidos | Ley Nº 23.966 y Nº 24.699 | Obras de | Infraestr.,295.5786,Impuesto a los Combustibles Líquidos | Ley Nº 23.966 y Nº 24.699 | Obras de | Infraestr.
Misiones,informacion_consolidada_2026_6.xlsx,enero,2026,month,2026-01,Impuesto s/ | Los Activos | Fdo. Educ. | Ley Nº 23.906,0.0,Impuesto s/ | Los Activos | Fdo. Educ. | Ley Nº 23.906
Misiones,informacion_consolidada_2026_6.xlsx,enero,2026,month,2026-01,Impuesto sobre los | Bienes Personales | Ley | Nº 24.699,951.6653,Impuesto sobre los | Bienes Personales | Ley | Nº 24.699
Misiones,informacion_consolidada_2026_6.xlsx,enero,2026,month,2026-01,Ley Nº 23.966 | Art. 30,70.615,Ley Nº 23.966 | Art. 30
Misiones,informacion_consolidada_2026_6.xlsx,enero,2026,month,2026-01,Ley Nº 24.464 | FO.NA.VI.,2052.9625,Ley Nº 24.464 | FO.NA.VI.
Misiones,informacion_consolidada_2026_6.xlsx,enero,2026,month,2026-01,Reg.Simplif. | P/Peq.Contrib. | Ley Nº 24.977 | Aart. 59 Inc. A,809.0071999999999,Reg.Simplif. | P/Peq.Contrib. | Ley Nº 24.977 | Aart. 59 Inc. A
Misiones,informacion_consolidada_2026_6.xlsx,enero,2026,month,2026-01,Régimen de la Energía Eléctrica | L E Y Nº 2 4 . 0 6 5 | Fdo. P/Comp. | Tarifa Elect.,320.6344773404786,Régimen de la Energía Eléctrica | L E Y Nº 2 4 . 0 6 5 | Fdo. P/Comp. | Tarifa Elect.
Misiones,informacion_consolidada_2026_6.xlsx,enero,2026,month,2026-01,Subtotal,171662.52017934763,Subtotal
Misiones,informacion_consolidada_2026_6.xlsx,enero,2026,month,2026-01,Subtotal,171665.36187934762,Subtotal
Misiones,informacion_consolidada_2026_6.xlsx,enero,2026,month,2026-01,Total | (1) + (2),185733.7439336551,Total | (1) + (2)
Misiones,informacion_consolidada_2026_6.xlsx,enero,2026,month,2026-01,Total | Recursos | Origen Nacional | (1),178152.76682365508,Total | Recursos | Origen Nacional | (1)
Misiones,informacion_consolidada_2026_6.xlsx,enero,2026,month,2026-01,Transfer. | De Servicios | Ley | Nº 24.049,2.8417,Transfer. | De Servicios | Ley | Nº 24.049
Misiones,informacion_consolidada_2026_6.xlsx,enero,2026,month,2026-01,Vialidad | Provincial,518.5985,Vialidad | Provincial
Misiones,informacion_consolidada_2026_6.xlsx,febrero,2026,month,2026-02,C.F.I. | Neta De | Ley Nº 26.075,119797.3692,CFI | Neta
Misiones,informacion_consolidada_2026_6.xlsx,febrero,2026,month,2026-02,Compensación | Consenso Fiscal | II. a y b; II. d y e | (2),6497.98038,Compensación Consenso Fiscal
Misiones,informacion_consolidada_2026_6.xlsx,febrero,2026,month,2026-02,F.E.D.E.I.,0.0,F.E.D.E.I.
Misiones,informacion_consolidada_2026_6.xlsx,febrero,2026,month,2026-02,F.E.D.E.I.,0.0,F.E.D.E.I.
Misiones,informacion_consolidada_2026_6.xlsx,febrero,2026,month,2026-02,Financ. | Educativo | Ley Nº 26.075,38312.03265148179,Financiamiento Educativo
Misiones,informacion_consolidada_2026_6.xlsx,febrero,2026,month,2026-02,Fondo | Compens. | de | Desequilib.,2.2,Fondo | Compens. | de | Desequilib.
Misiones,informacion_consolidada_2026_6.xlsx,febrero,2026,month,2026-02,I.V.A. | Ley Nº 23.966 | Art. 5 | Punto 2,759.3229,I.V.A. | Ley Nº 23.966 | Art. 5 | Punto 2
Misiones,informacion_consolidada_2026_6.xlsx,febrero,2026,month,2026-02,Impuesto a los Combustibles Líquidos | Ley Nº 23.966 y Nº 24.699 | Obras de | Infraestr.,496.844,Impuesto a los Combustibles Líquidos | Ley Nº 23.966 y Nº 24.699 | Obras de | Infraestr.
Misiones,informacion_consolidada_2026_6.xlsx,febrero,2026,month,2026-02,Impuesto s/ | Los Activos | Fdo. Educ. | Ley Nº 23.906,0.0,Impuesto s/ | Los Activos | Fdo. Educ. | Ley Nº 23.906
Misiones,informacion_consolidada_2026_6.xlsx,febrero,2026,month,2026-02,Impuesto sobre los | Bienes Personales | Ley | Nº 24.699,1335.5824,Impuesto sobre los | Bienes Personales | Ley | Nº 24.699
Misiones,informacion_consolidada_2026_6.xlsx,febrero,2026,month,2026-02,Ley Nº 23.966 | Art. 30,99.1022,Ley Nº 23.966 | Art. 30
Misiones,informacion_consolidada_2026_6.xlsx,febrero,2026,month,2026-02,Ley Nº 24.464 | FO.NA.VI.,3450.8658,Ley Nº 24.464 | FO.NA.VI.
Misiones,informacion_consolidada_2026_6.xlsx,febrero,2026,month,2026-02,Reg.Simplif. | P/Peq.Contrib. | Ley Nº 24.977 | Aart. 59 Inc. A,976.8429,Reg.Simplif. | P/Peq.Contrib. | Ley Nº 24.977 | Aart. 59 Inc. A
Misiones,informacion_consolidada_2026_6.xlsx,febrero,2026,month,2026-02,Régimen de la Energía Eléctrica | L E Y Nº 2 4 . 0 6 5 | Fdo. P/Comp. | Tarifa Elect.,0.0,Régimen de la Energía Eléctrica | L E Y Nº 2 4 . 0 6 5 | Fdo. P/Comp. | Tarifa Elect.
Misiones,informacion_consolidada_2026_6.xlsx,febrero,2026,month,2026-02,Subtotal,158109.4018514818,Subtotal
Misiones,informacion_consolidada_2026_6.xlsx,febrero,2026,month,2026-02,Subtotal,158112.24355148178,Subtotal
Misiones,informacion_consolidada_2026_6.xlsx,febrero,2026,month,2026-02,Total | (1) + (2),172602.7067314818,Total | (1) + (2)
Misiones,informacion_consolidada_2026_6.xlsx,febrero,2026,month,2026-02,Total | Recursos | Origen Nacional | (1),166104.7263514818,Total | Recursos | Origen Nacional | (1)
Misiones,informacion_consolidada_2026_6.xlsx,febrero,2026,month,2026-02,Transfer. | De Servicios | Ley | Nº 24.049,2.8417,Transfer. | De Servicios | Ley | Nº 24.049
Misiones,informacion_consolidada_2026_6.xlsx,febrero,2026,month,2026-02,Vialidad | Provincial,871.7225999999999,Vialidad | Provincial
Misiones,informacion_consolidada_2026_6.xlsx,marzo,2026,month,2026-03,C.F.I. | Neta De | Ley Nº 26.075,102421.0508,CFI | Neta
Misiones,informacion_consolidada_2026_6.xlsx,marzo,2026,month,2026-03,Compensación | Consenso Fiscal | II. a y b; II. d y e | (2),7580.977110000001,Compensación Consenso Fiscal
Misiones,informacion_consolidada_2026_6.xlsx,marzo,2026,month,2026-03,F.E.D.E.I.,413.07467549429606,F.E.D.E.I.
Misiones,informacion_consolidada_2026_6.xlsx,marzo,2026,month,2026-03,F.E.D.E.I.,582.9866336193213,F.E.D.E.I.
Misiones,informacion_consolidada_2026_6.xlsx,marzo,2026,month,2026-03,Financ. | Educativo | Ley Nº 26.075,41960.79766590869,Financiamiento Educativo
Misiones,informacion_consolidada_2026_6.xlsx,marzo,2026,month,2026-03,Fondo | Compens. | de | Desequilib.,2.2,Fondo | Compens. | de | Desequilib.
Misiones,informacion_consolidada_2026_6.xlsx,marzo,2026,month,2026-03,I.V.A. | Ley Nº 23.966 | Art. 5 | Punto 2,779.2629000000001,I.V.A. | Ley Nº 23.966 | Art. 5 | Punto 2
Misiones,informacion_consolidada_2026_6.xlsx,marzo,2026,month,2026-03,Impuesto a los Combustibles Líquidos | Ley Nº 23.966 y Nº 24.699 | Obras de | Infraestr.,490.718,Impuesto a los Combustibles Líquidos | Ley Nº 23.966 y Nº 24.699 | Obras de | Infraestr.
Misiones,informacion_consolidada_2026_6.xlsx,marzo,2026,month,2026-03,Impuesto s/ | Los Activos | Fdo. Educ. | Ley Nº 23.906,0.0,Impuesto s/ | Los Activos | Fdo. Educ. | Ley Nº 23.906
Misiones,informacion_consolidada_2026_6.xlsx,marzo,2026,month,2026-03,Impuesto sobre los | Bienes Personales | Ley | Nº 24.699,645.491,Impuesto sobre los | Bienes Personales | Ley | Nº 24.699
Misiones,informacion_consolidada_2026_6.xlsx,marzo,2026,month,2026-03,Ley Nº 23.966 | Art. 30,47.8964,Ley Nº 23.966 | Art. 30
Misiones,informacion_consolidada_2026_6.xlsx,marzo,2026,month,2026-03,Ley Nº 24.464 | FO.NA.VI.,3408.3172999999997,Ley Nº 24.464 | FO.NA.VI.
Misiones,informacion_consolidada_2026_6.xlsx,marzo,2026,month,2026-03,Reg.Simplif. | P/Peq.Contrib. | Ley Nº 24.977 | Aart. 59 Inc. A,923.9201999999999,Reg.Simplif. | P/Peq.Contrib. | Ley Nº 24.977 | Aart. 59 Inc. A
Misiones,informacion_consolidada_2026_6.xlsx,marzo,2026,month,2026-03,Régimen de la Energía Eléctrica | L E Y Nº 2 4 . 0 6 5 | Fdo. P/Comp. | Tarifa Elect.,646.7496324082969,Régimen de la Energía Eléctrica | L E Y Nº 2 4 . 0 6 5 | Fdo. P/Comp. | Tarifa Elect.
Misiones,informacion_consolidada_2026_6.xlsx,marzo,2026,month,2026-03,Subtotal,144381.8484659087,Subtotal
Misiones,informacion_consolidada_2026_6.xlsx,marzo,2026,month,2026-03,Subtotal,144384.6901659087,Subtotal
Misiones,informacion_consolidada_2026_6.xlsx,marzo,2026,month,2026-03,Total | (1) + (2),160767.25851743063,Total | (1) + (2)
Misiones,informacion_consolidada_2026_6.xlsx,marzo,2026,month,2026-03,Total | Recursos | Origen Nacional | (1),153186.28140743062,Total | Recursos | Origen Nacional | (1)
Misiones,informacion_consolidada_2026_6.xlsx,marzo,2026,month,2026-03,Transfer. | De Servicios | Ley | Nº 24.049,2.8417,Transfer. | De Servicios | Ley | Nº 24.049
Misiones,informacion_consolidada_2026_6.xlsx,marzo,2026,month,2026-03,Vialidad | Provincial,860.9745,Vialidad | Provincial
Misiones,informacion_consolidada_2026_6.xlsx,abril,2026,month,2026-04,C.F.I. | Neta De | Ley Nº 26.075,117831.9805,CFI | Neta
Misiones,informacion_consolidada_2026_6.xlsx,abril,2026,month,2026-04,Compensación | Consenso Fiscal | II. a y b; II. d y e | (2),9590.89344,Compensación Consenso Fiscal
Misiones,informacion_consolidada_2026_6.xlsx,abril,2026,month,2026-04,F.E.D.E.I.,0.0,F.E.D.E.I.
Misiones,informacion_consolidada_2026_6.xlsx,abril,2026,month,2026-04,F.E.D.E.I.,0.0,F.E.D.E.I.
Misiones,informacion_consolidada_2026_6.xlsx,abril,2026,month,2026-04,Financ. | Educativo | Ley Nº 26.075,43785.180173122164,Financiamiento Educativo
Misiones,informacion_consolidada_2026_6.xlsx,abril,2026,month,2026-04,Fondo | Compens. | de | Desequilib.,2.2,Fondo | Compens. | de | Desequilib.
Misiones,informacion_consolidada_2026_6.xlsx,abril,2026,month,2026-04,I.V.A. | Ley Nº 23.966 | Art. 5 | Punto 2,839.1375,I.V.A. | Ley Nº 23.966 | Art. 5 | Punto 2
Misiones,informacion_consolidada_2026_6.xlsx,abril,2026,month,2026-04,Impuesto a los Combustibles Líquidos | Ley Nº 23.966 y Nº 24.699 | Obras de | Infraestr.,534.3603,Impuesto a los Combustibles Líquidos | Ley Nº 23.966 y Nº 24.699 | Obras de | Infraestr.
Misiones,informacion_consolidada_2026_6.xlsx,abril,2026,month,2026-04,Impuesto s/ | Los Activos | Fdo. Educ. | Ley Nº 23.906,0.0,Impuesto s/ | Los Activos | Fdo. Educ. | Ley Nº 23.906
Misiones,informacion_consolidada_2026_6.xlsx,abril,2026,month,2026-04,Impuesto sobre los | Bienes Personales | Ley | Nº 24.699,1114.1961999999999,Impuesto sobre los | Bienes Personales | Ley | Nº 24.699
Misiones,informacion_consolidada_2026_6.xlsx,abril,2026,month,2026-04,Ley Nº 23.966 | Art. 30,82.675,Ley Nº 23.966 | Art. 30
Misiones,informacion_consolidada_2026_6.xlsx,abril,2026,month,2026-04,Ley Nº 24.464 | FO.NA.VI.,3711.4383,Ley Nº 24.464 | FO.NA.VI.
Misiones,informacion_consolidada_2026_6.xlsx,abril,2026,month,2026-04,Reg.Simplif. | P/Peq.Contrib. | Ley Nº 24.977 | Aart. 59 Inc. A,1058.1304,Reg.Simplif. | P/Peq.Contrib. | Ley Nº 24.977 | Aart. 59 Inc. A
Misiones,informacion_consolidada_2026_6.xlsx,abril,2026,month,2026-04,Régimen de la Energía Eléctrica | L E Y Nº 2 4 . 0 6 5 | Fdo. P/Comp. | Tarifa Elect.,0.0,Régimen de la Energía Eléctrica | L E Y Nº 2 4 . 0 6 5 | Fdo. P/Comp. | Tarifa Elect.
Misiones,informacion_consolidada_2026_6.xlsx,abril,2026,month,2026-04,Subtotal,161617.16067312215,Subtotal
Misiones,informacion_consolidada_2026_6.xlsx,abril,2026,month,2026-04,Subtotal,161620.00237312214,Subtotal
Misiones,informacion_consolidada_2026_6.xlsx,abril,2026,month,2026-04,Total | (1) + (2),179490.57931312214,Total | (1) + (2)
Misiones,informacion_consolidada_2026_6.xlsx,abril,2026,month,2026-04,Total | Recursos | Origen Nacional | (1),169899.68587312216,Total | Recursos | Origen Nacional | (1)
Misiones,informacion_consolidada_2026_6.xlsx,abril,2026,month,2026-04,Transfer. | De Servicios | Ley | Nº 24.049,2.8417,Transfer. | De Servicios | Ley | Nº 24.049
Misiones,informacion_consolidada_2026_6.xlsx,abril,2026,month,2026-04,Vialidad | Provincial,937.5458000000001,Vialidad | Provincial
Misiones,informacion_consolidada_2026_6.xlsx,mayo,2026,month,2026-05,C.F.I. | Neta De | Ley Nº 26.075,204848.72319999998,CFI | Neta
Misiones,informacion_consolidada_2026_6.xlsx,mayo,2026,month,2026-05,Compensación | Consenso Fiscal | II. a y b; II. d y e | (2),12612.567175709999,Compensación Consenso Fiscal
Misiones,informacion_consolidada_2026_6.xlsx,mayo,2026,month,2026-05,F.E.D.E.I.,255.86345510074986,F.E.D.E.I.
Misiones,informacion_consolidada_2026_6.xlsx,mayo,2026,month,2026-05,F.E.D.E.I.,316.7717236035102,F.E.D.E.I.
Misiones,informacion_consolidada_2026_6.xlsx,mayo,2026,month,2026-05,Financ. | Educativo | Ley Nº 26.075,34663.267637054865,Financiamiento Educativo
Misiones,informacion_consolidada_2026_6.xlsx,mayo,2026,month,2026-05,Fondo | Compens. | de | Desequilib.,2.2,Fondo | Compens. | de | Desequilib.
Misiones,informacion_consolidada_2026_6.xlsx,mayo,2026,month,2026-05,I.V.A. | Ley Nº 23.966 | Art. 5 | Punto 2,742.1391,I.V.A. | Ley Nº 23.966 | Art. 5 | Punto 2
Misiones,informacion_consolidada_2026_6.xlsx,mayo,2026,month,2026-05,Impuesto a los Combustibles Líquidos | Ley Nº 23.966 y Nº 24.699 | Obras de | Infraestr.,492.34340000000003,Impuesto a los Combustibles Líquidos | Ley Nº 23.966 y Nº 24.699 | Obras de | Infraestr.
Misiones,informacion_consolidada_2026_6.xlsx,mayo,2026,month,2026-05,Impuesto s/ | Los Activos | Fdo. Educ. | Ley Nº 23.906,0.0,Impuesto s/ | Los Activos | Fdo. Educ. | Ley Nº 23.906
Misiones,informacion_consolidada_2026_6.xlsx,mayo,2026,month,2026-05,Impuesto sobre los | Bienes Personales | Ley | Nº 24.699,1228.1913,Impuesto sobre los | Bienes Personales | Ley | Nº 24.699
Misiones,informacion_consolidada_2026_6.xlsx,mayo,2026,month,2026-05,Ley Nº 23.966 | Art. 30,91.1336,Ley Nº 23.966 | Art. 30
Misiones,informacion_consolidada_2026_6.xlsx,mayo,2026,month,2026-05,Ley Nº 24.464 | FO.NA.VI.,3419.6064,Ley Nº 24.464 | FO.NA.VI.
Misiones,informacion_consolidada_2026_6.xlsx,mayo,2026,month,2026-05,Reg.Simplif. | P/Peq.Contrib. | Ley Nº 24.977 | Aart. 59 Inc. A,1036.1113,Reg.Simplif. | P/Peq.Contrib. | Ley Nº 24.977 | Aart. 59 Inc. A
Misiones,informacion_consolidada_2026_6.xlsx,mayo,2026,month,2026-05,Régimen de la Energía Eléctrica | L E Y Nº 2 4 . 0 6 5 | Fdo. P/Comp. | Tarifa Elect.,351.41799827840174,Régimen de la Energía Eléctrica | L E Y Nº 2 4 . 0 6 5 | Fdo. P/Comp. | Tarifa Elect.
Misiones,informacion_consolidada_2026_6.xlsx,mayo,2026,month,2026-05,Subtotal,239511.99083705485,Subtotal
Misiones,informacion_consolidada_2026_6.xlsx,mayo,2026,month,2026-05,Subtotal,239514.83253705484,Subtotal
Misiones,informacion_consolidada_2026_6.xlsx,mayo,2026,month,2026-05,Total | (1) + (2),260927.0041897475,Total | (1) + (2)
Misiones,informacion_consolidada_2026_6.xlsx,mayo,2026,month,2026-05,Total | Recursos | Origen Nacional | (1),248314.4370140375,Total | Recursos | Origen Nacional | (1)
Misiones,informacion_consolidada_2026_6.xlsx,mayo,2026,month,2026-05,Transfer. | De Servicios | Ley | Nº 24.049,2.8417,Transfer. | De Servicios | Ley | Nº 24.049
Misiones,informacion_consolidada_2026_6.xlsx,mayo,2026,month,2026-05,Vialidad | Provincial,863.8262,Vialidad | Provincial
Misiones,informacion_consolidada_2026_6.xlsx,junio,2026,month,2026-06,C.F.I. | Neta De | Ley Nº 26.075,132716.4478,CFI | Neta
Misiones,informacion_consolidada_2026_6.xlsx,junio,2026,month,2026-06,Compensación | Consenso Fiscal | II. a y b; II. d y e | (2),10070.438112,Compensación Consenso Fiscal
Misiones,informacion_consolidada_2026_6.xlsx,junio,2026,month,2026-06,F.E.D.E.I.,535.3716517782391,F.E.D.E.I.
Misiones,informacion_consolidada_2026_6.xlsx,junio,2026,month,2026-06,F.E.D.E.I.,768.710601556425,F.E.D.E.I.
Misiones,informacion_consolidada_2026_6.xlsx,junio,2026,month,2026-06,Financ. | Educativo | Ley Nº 26.075,38312.0326514816,Financiamiento Educativo
Misiones,informacion_consolidada_2026_6.xlsx,junio,2026,month,2026-06,Fondo | Compens. | de | Desequilib.,2.2,Fondo | Compens. | de | Desequilib.
Misiones,informacion_consolidada_2026_6.xlsx,junio,2026,month,2026-06,I.V.A. | Ley Nº 23.966 | Art. 5 | Punto 2,913.2345,I.V.A. | Ley Nº 23.966 | Art. 5 | Punto 2
Misiones,informacion_consolidada_2026_6.xlsx,junio,2026,month,2026-06,Impuesto a los Combustibles Líquidos | Ley Nº 23.966 y Nº 24.699 | Obras de | Infraestr.,610.7753,Impuesto a los Combustibles Líquidos | Ley Nº 23.966 y Nº 24.699 | Obras de | Infraestr.
Misiones,informacion_consolidada_2026_6.xlsx,junio,2026,month,2026-06,Impuesto s/ | Los Activos | Fdo. Educ. | Ley Nº 23.906,0.0,Impuesto s/ | Los Activos | Fdo. Educ. | Ley Nº 23.906
Misiones,informacion_consolidada_2026_6.xlsx,junio,2026,month,2026-06,Impuesto sobre los | Bienes Personales | Ley | Nº 24.699,29533.1435,Impuesto sobre los | Bienes Personales | Ley | Nº 24.699
Misiones,informacion_consolidada_2026_6.xlsx,junio,2026,month,2026-06,Ley Nº 23.966 | Art. 30,2191.4022999999997,Ley Nº 23.966 | Art. 30
Misiones,informacion_consolidada_2026_6.xlsx,junio,2026,month,2026-06,Ley Nº 24.464 | FO.NA.VI.,4242.1840999999995,Ley Nº 24.464 | FO.NA.VI.
Misiones,informacion_consolidada_2026_6.xlsx,junio,2026,month,2026-06,Reg.Simplif. | P/Peq.Contrib. | Ley Nº 24.977 | Aart. 59 Inc. A,1055.9356,Reg.Simplif. | P/Peq.Contrib. | Ley Nº 24.977 | Aart. 59 Inc. A
Misiones,informacion_consolidada_2026_6.xlsx,junio,2026,month,2026-06,Régimen de la Energía Eléctrica | L E Y Nº 2 4 . 0 6 5 | Fdo. P/Comp. | Tarifa Elect.,853.6633062278347,Régimen de la Energía Eléctrica | L E Y Nº 2 4 . 0 6 5 | Fdo. P/Comp. | Tarifa Elect.
Misiones,informacion_consolidada_2026_6.xlsx,junio,2026,month,2026-06,Subtotal,171028.4804514816,Subtotal
Misiones,informacion_consolidada_2026_6.xlsx,junio,2026,month,2026-06,Subtotal,171031.32215148158,Subtotal
Misiones,informacion_consolidada_2026_6.xlsx,junio,2026,month,2026-06,Total | (1) + (2),222879.99852304408,Total | (1) + (2)
Misiones,informacion_consolidada_2026_6.xlsx,junio,2026,month,2026-06,Total | Recursos | Origen Nacional | (1),212809.56041104408,Total | Recursos | Origen Nacional | (1)
Misiones,informacion_consolidada_2026_6.xlsx,junio,2026,month,2026-06,Transfer. | De Servicios | Ley | Nº 24.049,2.8417,Transfer. | De Servicios | Ley | Nº 24.049
Misiones,informacion_consolidada_2026_6.xlsx,junio,2026,month,2026-06,Vialidad | Provincial,1071.6173999999999,Vialidad | Provincial
Misiones,informacion_consolidada_2026_6.xlsx,julio,2026,month,2026-07,C.F.I. | Neta De | Ley Nº 26.075,172797.46409999998,CFI | Neta
Misiones,informacion_consolidada_2026_6.xlsx,julio,2026,month,2026-07,Compensación | Consenso Fiscal | II. a y b; II. d y e | (2),9293.99835,Compensación Consenso Fiscal
Misiones,informacion_consolidada_2026_6.xlsx,julio,2026,month,2026-07,F.E.D.E.I.,318.74335184846933,F.E.D.E.I.
Misiones,informacion_consolidada_2026_6.xlsx,julio,2026,month,2026-07,F.E.D.E.I.,390.5037750820527,F.E.D.E.I.
Misiones,informacion_consolidada_2026_6.xlsx,julio,2026,month,2026-07,Financ. | Educativo | Ley Nº 26.075,38312.0326514816,Financiamiento Educativo
Misiones,informacion_consolidada_2026_6.xlsx,julio,2026,month,2026-07,Fondo | Compens. | de | Desequilib.,2.2,Fondo | Compens. | de | Desequilib.
Misiones,informacion_consolidada_2026_6.xlsx,julio,2026,month,2026-07,I.V.A. | Ley Nº 23.966 | Art. 5 | Punto 2,957.7805999999999,I.V.A. | Ley Nº 23.966 | Art. 5 | Punto 2
Misiones,informacion_consolidada_2026_6.xlsx,julio,2026,month,2026-07,Impuesto a los Combustibles Líquidos | Ley Nº 23.966 y Nº 24.699 | Obras de | Infraestr.,549.4452,Impuesto a los Combustibles Líquidos | Ley Nº 23.966 y Nº 24.699 | Obras de | Infraestr.
Misiones,informacion_consolidada_2026_6.xlsx,julio,2026,month,2026-07,Impuesto s/ | Los Activos | Fdo. Educ. | Ley Nº 23.906,0.0,Impuesto s/ | Los Activos | Fdo. Educ. | Ley Nº 23.906
Misiones,informacion_consolidada_2026_6.xlsx,julio,2026,month,2026-07,Impuesto sobre los | Bienes Personales | Ley | Nº 24.699,2980.7071,Impuesto sobre los | Bienes Personales | Ley | Nº 24.699
Misiones,informacion_consolidada_2026_6.xlsx,julio,2026,month,2026-07,Ley Nº 23.966 | Art. 30,221.1728,Ley Nº 23.966 | Art. 30
Misiones,informacion_consolidada_2026_6.xlsx,julio,2026,month,2026-07,Ley Nº 24.464 | FO.NA.VI.,3816.2111,Ley Nº 24.464 | FO.NA.VI.
Misiones,informacion_consolidada_2026_6.xlsx,julio,2026,month,2026-07,Reg.Simplif. | P/Peq.Contrib. | Ley Nº 24.977 | Aart. 59 Inc. A,1047.6149,Reg.Simplif. | P/Peq.Contrib. | Ley Nº 24.977 | Aart. 59 Inc. A
Misiones,informacion_consolidada_2026_6.xlsx,julio,2026,month,2026-07,Régimen de la Energía Eléctrica | L E Y Nº 2 4 . 0 6 5 | Fdo. P/Comp. | Tarifa Elect.,433.6596152681318,Régimen de la Energía Eléctrica | L E Y Nº 2 4 . 0 6 5 | Fdo. P/Comp. | Tarifa Elect.
Misiones,informacion_consolidada_2026_6.xlsx,julio,2026,month,2026-07,Subtotal,211109.49675148158,Subtotal
Misiones,informacion_consolidada_2026_6.xlsx,julio,2026,month,2026-07,Subtotal,211112.33845148157,Subtotal
Misiones,informacion_consolidada_2026_6.xlsx,julio,2026,month,2026-07,Total | (1) + (2),232088.38764368024,Total | (1) + (2)
Misiones,informacion_consolidada_2026_6.xlsx,julio,2026,month,2026-07,Total | Recursos | Origen Nacional | (1),222794.38929368023,Total | Recursos | Origen Nacional | (1)
Misiones,informacion_consolidada_2026_6.xlsx,julio,2026,month,2026-07,Transfer. | De Servicios | Ley | Nº 24.049,2.8417,Transfer. | De Servicios | Ley | Nº 24.049
Misiones,informacion_consolidada_2026_6.xlsx,julio,2026,month,2026-07,Vialidad | Provincial,964.0124000000001,Vialidad | Provincial
Misiones,informacion_consolidada_2026_6.xlsx,agosto,2026,month,2026-08,C.F.I. | Neta De | Ley Nº 26.075,163565.8579,CFI | Neta
Misiones,informacion_consolidada_2026_6.xlsx,agosto,2026,month,2026-08,Compensación | Consenso Fiscal | II. a y b; II. d y e | (2),8851.427,Compensación Consenso Fiscal
Misiones,informacion_consolidada_2026_6.xlsx,agosto,2026,month,2026-08,F.E.D.E.I.,0.0,F.E.D.E.I.
Misiones,informacion_consolidada_2026_6.xlsx,agosto,2026,month,2026-08,F.E.D.E.I.,0.0,F.E.D.E.I.
Misiones,informacion_consolidada_2026_6.xlsx,agosto,2026,month,2026-08,Financ. | Educativo | Ley Nº 26.075,36487.650144268184,Financiamiento Educativo
Misiones,informacion_consolidada_2026_6.xlsx,agosto,2026,month,2026-08,Fondo | Compens. | de | Desequilib.,2.2,Fondo | Compens. | de | Desequilib.
Misiones,informacion_consolidada_2026_6.xlsx,agosto,2026,month,2026-08,I.V.A. | Ley Nº 23.966 | Art. 5 | Punto 2,931.0806,I.V.A. | Ley Nº 23.966 | Art. 5 | Punto 2
Misiones,informacion_consolidada_2026_6.xlsx,agosto,2026,month,2026-08,Impuesto a los Combustibles Líquidos | Ley Nº 23.966 y Nº 24.699 | Obras de | Infraestr.,598.9005999999999,Impuesto a los Combustibles Líquidos | Ley Nº 23.966 y Nº 24.699 | Obras de | Infraestr.
Misiones,informacion_consolidada_2026_6.xlsx,agosto,2026,month,2026-08,Impuesto s/ | Los Activos | Fdo. Educ. | Ley Nº 23.906,0.01434358,Impuesto s/ | Los Activos | Fdo. Educ. | Ley Nº 23.906
Misiones,informacion_consolidada_2026_6.xlsx,agosto,2026,month,2026-08,Impuesto sobre los | Bienes Personales | Ley | Nº 24.699,2401.8354,Impuesto sobre los | Bienes Personales | Ley | Nº 24.699
Misiones,informacion_consolidada_2026_6.xlsx,agosto,2026,month,2026-08,Ley Nº 23.966 | Art. 30,178.21970000000002,Ley Nº 23.966 | Art. 30
Misiones,informacion_consolidada_2026_6.xlsx,agosto,2026,month,2026-08,Ley Nº 24.464 | FO.NA.VI.,4159.7075,Ley Nº 24.464 | FO.NA.VI.
Misiones,informacion_consolidada_2026_6.xlsx,agosto,2026,month,2026-08,Reg.Simplif. | P/Peq.Contrib. | Ley Nº 24.977 | Aart. 59 Inc. A,1233.3993,Reg.Simplif. | P/Peq.Contrib. | Ley Nº 24.977 | Aart. 59 Inc. A
Misiones,informacion_consolidada_2026_6.xlsx,agosto,2026,month,2026-08,Régimen de la Energía Eléctrica | L E Y Nº 2 4 . 0 6 5 | Fdo. P/Comp. | Tarifa Elect.,0.0,Régimen de la Energía Eléctrica | L E Y Nº 2 4 . 0 6 5 | Fdo. P/Comp. | Tarifa Elect.
Misiones,informacion_consolidada_2026_6.xlsx,agosto,2026,month,2026-08,Subtotal,200053.50804426818,Subtotal
Misiones,informacion_consolidada_2026_6.xlsx,agosto,2026,month,2026-08,Subtotal,200056.34974426817,Subtotal
Misiones,informacion_consolidada_2026_6.xlsx,agosto,2026,month,2026-08,Total | (1) + (2),219463.91718784813,Total | (1) + (2)
Misiones,informacion_consolidada_2026_6.xlsx,agosto,2026,month,2026-08,Total | Recursos | Origen Nacional | (1),210612.49018784813,Total | Recursos | Origen Nacional | (1)
Misiones,informacion_consolidada_2026_6.xlsx,agosto,2026,month,2026-08,Transfer. | De Servicios | Ley | Nº 24.049,2.8417,Transfer. | De Servicios | Ley | Nº 24.049
Misiones,informacion_consolidada_2026_6.xlsx,agosto,2026,month,2026-08,Vialidad | Provincial,1050.783,Vialidad | Provincial
Misiones,informacion_consolidada_2026_6.xlsx,septiembre,2026,month,2026-09,C.F.I. | Neta De | Ley Nº 26.075,165485.0214,CFI | Neta
Misiones,informacion_consolidada_2026_6.xlsx,septiembre,2026,month,2026-09,Compensación | Consenso Fiscal | II. a y b; II. d y e | (2),9736.5697,Compensación Consenso Fiscal
Misiones,informacion_consolidada_2026_6.xlsx,septiembre,2026,month,2026-09,F.E.D.E.I.,598.6451802418142,F.E.D.E.I.
Misiones,informacion_consolidada_2026_6.xlsx,septiembre,2026,month,2026-09,F.E.D.E.I.,881.5503590018848,F.E.D.E.I.
Misiones,informacion_consolidada_2026_6.xlsx,septiembre,2026,month,2026-09,Financ. | Educativo | Ley Nº 26.075,40136.41515869567,Financiamiento Educativo
Misiones,informacion_consolidada_2026_6.xlsx,septiembre,2026,month,2026-09,Fondo | Compens. | de | Desequilib.,2.2,Fondo | Compens. | de | Desequilib.
Misiones,informacion_consolidada_2026_6.xlsx,septiembre,2026,month,2026-09,I.V.A. | Ley Nº 23.966 | Art. 5 | Punto 2,961.1568000000001,I.V.A. | Ley Nº 23.966 | Art. 5 | Punto 2
Misiones,informacion_consolidada_2026_6.xlsx,septiembre,2026,month,2026-09,Impuesto a los Combustibles Líquidos | Ley Nº 23.966 y Nº 24.699 | Obras de | Infraestr.,592.3539000000001,Impuesto a los Combustibles Líquidos | Ley Nº 23.966 y Nº 24.699 | Obras de | Infraestr.
Misiones,informacion_consolidada_2026_6.xlsx,septiembre,2026,month,2026-09,Impuesto s/ | Los Activos | Fdo. Educ. | Ley Nº 23.906,0.0,Impuesto s/ | Los Activos | Fdo. Educ. | Ley Nº 23.906
Misiones,informacion_consolidada_2026_6.xlsx,septiembre,2026,month,2026-09,Impuesto sobre los | Bienes Personales | Ley | Nº 24.699,1621.156,Impuesto sobre los | Bienes Personales | Ley | Nº 24.699
Misiones,informacion_consolidada_2026_6.xlsx,septiembre,2026,month,2026-09,Ley Nº 23.966 | Art. 30,120.2921,Ley Nº 23.966 | Art. 30
Misiones,informacion_consolidada_2026_6.xlsx,septiembre,2026,month,2026-09,Ley Nº 24.464 | FO.NA.VI.,4114.2367,Ley Nº 24.464 | FO.NA.VI.
Misiones,informacion_consolidada_2026_6.xlsx,septiembre,2026,month,2026-09,Reg.Simplif. | P/Peq.Contrib. | Ley Nº 24.977 | Aart. 59 Inc. A,1272.1915,Reg.Simplif. | P/Peq.Contrib. | Ley Nº 24.977 | Aart. 59 Inc. A
Misiones,informacion_consolidada_2026_6.xlsx,septiembre,2026,month,2026-09,Régimen de la Energía Eléctrica | L E Y Nº 2 4 . 0 6 5 | Fdo. P/Comp. | Tarifa Elect.,978.9733516669567,Régimen de la Energía Eléctrica | L E Y Nº 2 4 . 0 6 5 | Fdo. P/Comp. | Tarifa Elect.
Misiones,informacion_consolidada_2026_6.xlsx,septiembre,2026,month,2026-09,Subtotal,205621.43655869568,Subtotal
Misiones,informacion_consolidada_2026_6.xlsx,septiembre,2026,month,2026-09,Subtotal,205624.27825869567,Subtotal
Misiones,informacion_consolidada_2026_6.xlsx,septiembre,2026,month,2026-09,Total | (1) + (2),227542.9004496063,Total | (1) + (2)
Misiones,informacion_consolidada_2026_6.xlsx,septiembre,2026,month,2026-09,Total | Recursos | Origen Nacional | (1),217806.3307496063,Total | Recursos | Origen Nacional | (1)
Misiones,informacion_consolidada_2026_6.xlsx,septiembre,2026,month,2026-09,Transfer. | De Servicios | Ley | Nº 24.049,2.8417,Transfer. | De Servicios | Ley | Nº 24.049
Misiones,informacion_consolidada_2026_6.xlsx,septiembre,2026,month,2026-09,Vialidad | Provincial,1039.2966,Vialidad | Provincial
Misiones,informacion_consolidada_2026_6.xlsx,CONS,2026,consolidated,CONS,C.F.I. | Neta De | Ley Nº 26.075,1331058.2275,CFI | Neta
Misiones,informacion_consolidada_2026_6.xlsx,CONS,2026,consolidated,CONS,Compensación | Consenso Fiscal | II. a y b; II. d y e | (2),81815.82837771,Compensación Consenso Fiscal
Misiones,informacion_consolidada_2026_6.xlsx,CONS,2026,consolidated,CONS,F.E.D.E.I.,2426.2760336950746,F.E.D.E.I.
Misiones,informacion_consolidada_2026_6.xlsx,CONS,2026,consolidated,CONS,F.E.D.E.I.,3229.5462405986805,F.E.D.E.I.
Misiones,informacion_consolidada_2026_6.xlsx,CONS,2026,consolidated,CONS,Financ. | Educativo | Ley Nº 26.075,332037.6165,Financiamiento Educativo
Misiones,informacion_consolidada_2026_6.xlsx,CONS,2026,consolidated,CONS,Fondo | Compens. | de | Desequilib.,19.8,Fondo | Compens. | de | Desequilib.
Misiones,informacion_consolidada_2026_6.xlsx,CONS,2026,consolidated,CONS,I.V.A. | Ley Nº 23.966 | Art. 5 | Punto 2,7755.657399999999,I.V.A. | Ley Nº 23.966 | Art. 5 | Punto 2
Misiones,informacion_consolidada_2026_6.xlsx,CONS,2026,consolidated,CONS,Impuesto a los Combustibles Líquidos | Ley Nº 23.966 y Nº 24.699 | Obras de | Infraestr.,4661.319300000001,Impuesto a los Combustibles Líquidos | Ley Nº 23.966 y Nº 24.699 | Obras de | Infraestr.
Misiones,informacion_consolidada_2026_6.xlsx,CONS,2026,consolidated,CONS,Impuesto s/ | Los Activos | Fdo. Educ. | Ley Nº 23.906,0.0143,Impuesto s/ | Los Activos | Fdo. Educ. | Ley Nº 23.906
Misiones,informacion_consolidada_2026_6.xlsx,CONS,2026,consolidated,CONS,Impuesto sobre los | Bienes Personales | Ley | Nº 24.699,41811.9682,Impuesto sobre los | Bienes Personales | Ley | Nº 24.699
Misiones,informacion_consolidada_2026_6.xlsx,CONS,2026,consolidated,CONS,Ley Nº 23.966 | Art. 30,3102.5091,Ley Nº 23.966 | Art. 30
Misiones,informacion_consolidada_2026_6.xlsx,CONS,2026,consolidated,CONS,Ley Nº 24.464 | FO.NA.VI.,32375.5297,Ley Nº 24.464 | FO.NA.VI.
Misiones,informacion_consolidada_2026_6.xlsx,CONS,2026,consolidated,CONS,Reg.Simplif. | P/Peq.Contrib. | Ley Nº 24.977 | Aart. 59 Inc. A,9413.1533,Reg.Simplif. | P/Peq.Contrib. | Ley Nº 24.977 | Aart. 59 Inc. A
Misiones,informacion_consolidada_2026_6.xlsx,CONS,2026,consolidated,CONS,Régimen de la Energía Eléctrica | L E Y Nº 2 4 . 0 6 5 | Fdo. P/Comp. | Tarifa Elect.,3585.0984000000003,Régimen de la Energía Eléctrica | L E Y Nº 2 4 . 0 6 5 | Fdo. P/Comp. | Tarifa Elect.
Misiones,informacion_consolidada_2026_6.xlsx,CONS,2026,consolidated,CONS,Subtotal,1663095.844,Subtotal
Misiones,informacion_consolidada_2026_6.xlsx,CONS,2026,consolidated,CONS,Subtotal,1663121.4193,Subtotal
Misiones,informacion_consolidada_2026_6.xlsx,CONS,2026,consolidated,CONS,Total | (1) + (2),1861496.4966520036,Total | (1) + (2)
Misiones,informacion_consolidada_2026_6.xlsx,CONS,2026,consolidated,CONS,Total | Recursos | Origen Nacional | (1),1779680.6682742937,Total | Recursos | Origen Nacional | (1)
Misiones,informacion_consolidada_2026_6.xlsx,CONS,2026,consolidated,CONS,Transfer. | De Servicios | Ley | Nº 24.049,25.575300000000002,Transfer. | De Servicios | Ley | Nº 24.049
Misiones,informacion_consolidada_2026_6.xlsx,CONS,2026,consolidated,CONS,Vialidad | Provincial,8178.377,Vialidad | Provincial
Neuquén,informacion_consolidada_2026_6.xlsx,enero,2026,month,2026-01,C.F.I. | Neta De | Ley Nº 26.075,81512.792,CFI | Neta
Neuquén,informacion_consolidada_2026_6.xlsx,enero,2026,month,2026-01,Compensación | Consenso Fiscal | II. a y b; II. d y e | (2),2097.278085,Compensación Consenso Fiscal
Neuquén,informacion_consolidada_2026_6.xlsx,enero,2026,month,2026-01,F.E.D.E.I.,270.4709762719275,F.E.D.E.I.
Neuquén,informacion_consolidada_2026_6.xlsx,enero,2026,month,2026-01,F.E.D.E.I.,256.658212325768,F.E.D.E.I.
Neuquén,informacion_consolidada_2026_6.xlsx,enero,2026,month,2026-01,Financ. | Educativo | Ley Nº 26.075,8680.904041956983,Financiamiento Educativo
Neuquén,informacion_consolidada_2026_6.xlsx,enero,2026,month,2026-01,Fondo | Compens. | de | Desequilib.,2.5,Fondo | Compens. | de | Desequilib.
Neuquén,informacion_consolidada_2026_6.xlsx,enero,2026,month,2026-01,I.V.A. | Ley Nº 23.966 | Art. 5 | Punto 2,392.40689999999995,I.V.A. | Ley Nº 23.966 | Art. 5 | Punto 2
Neuquén,informacion_consolidada_2026_6.xlsx,enero,2026,month,2026-01,Impuesto a los Combustibles Líquidos | Ley Nº 23.966 y Nº 24.699 | Obras de | Infraestr.,155.2997,Impuesto a los Combustibles Líquidos | Ley Nº 23.966 y Nº 24.699 | Obras de | Infraestr.
Neuquén,informacion_consolidada_2026_6.xlsx,enero,2026,month,2026-01,Impuesto s/ | Los Activos | Fdo. Educ. | Ley Nº 23.906,0.0,Impuesto s/ | Los Activos | Fdo. Educ. | Ley Nº 23.906
Neuquén,informacion_consolidada_2026_6.xlsx,enero,2026,month,2026-01,Impuesto sobre los | Bienes Personales | Ley | Nº 24.699,500.0172,Impuesto sobre los | Bienes Personales | Ley | Nº 24.699
Neuquén,informacion_consolidada_2026_6.xlsx,enero,2026,month,2026-01,Ley Nº 23.966 | Art. 30,31.7575,Ley Nº 23.966 | Art. 30
Neuquén,informacion_consolidada_2026_6.xlsx,enero,2026,month,2026-01,Ley Nº 24.464 | FO.NA.VI.,1878.2423000000001,Ley Nº 24.464 | FO.NA.VI.
Neuquén,informacion_consolidada_2026_6.xlsx,enero,2026,month,2026-01,Reg.Simplif. | P/Peq.Contrib. | Ley Nº 24.977 | Aart. 59 Inc. A,425.0598,Reg.Simplif. | P/Peq.Contrib. | Ley Nº 24.977 | Aart. 59 Inc. A
Neuquén,informacion_consolidada_2026_6.xlsx,enero,2026,month,2026-01,Régimen de la Energía Eléctrica | L E Y Nº 2 4 . 0 6 5 | Fdo. P/Comp. | Tarifa Elect.,402.08666848326624,Régimen de la Energía Eléctrica | L E Y Nº 2 4 . 0 6 5 | Fdo. P/Comp. | Tarifa Elect.
Neuquén,informacion_consolidada_2026_6.xlsx,enero,2026,month,2026-01,Subtotal,90193.69604195698,Subtotal
Neuquén,informacion_consolidada_2026_6.xlsx,enero,2026,month,2026-01,Subtotal,90195.14594195699,Subtotal
Neuquén,informacion_consolidada_2026_6.xlsx,enero,2026,month,2026-01,Total | (1) + (2),97266.62248403797,Total | (1) + (2)
Neuquén,informacion_consolidada_2026_6.xlsx,enero,2026,month,2026-01,Total | Recursos | Origen Nacional | (1),95169.34439903797,Total | Recursos | Origen Nacional | (1)
Neuquén,informacion_consolidada_2026_6.xlsx,enero,2026,month,2026-01,Transfer. | De Servicios | Ley | Nº 24.049,1.4499,Transfer. | De Servicios | Ley | Nº 24.049
Neuquén,informacion_consolidada_2026_6.xlsx,enero,2026,month,2026-01,Vialidad | Provincial,659.6991999999999,Vialidad | Provincial
Neuquén,informacion_consolidada_2026_6.xlsx,febrero,2026,month,2026-02,C.F.I. | Neta De | Ley Nº 26.075,66500.0784,CFI | Neta
Neuquén,informacion_consolidada_2026_6.xlsx,febrero,2026,month,2026-02,Compensación | Consenso Fiscal | II. a y b; II. d y e | (2),1797.6669299999999,Compensación Consenso Fiscal
Neuquén,informacion_consolidada_2026_6.xlsx,febrero,2026,month,2026-02,F.E.D.E.I.,0.0,F.E.D.E.I.
Neuquén,informacion_consolidada_2026_6.xlsx,febrero,2026,month,2026-02,F.E.D.E.I.,0.0,F.E.D.E.I.
Neuquén,informacion_consolidada_2026_6.xlsx,febrero,2026,month,2026-02,Financ. | Educativo | Ley Nº 26.075,16572.634989190603,Financiamiento Educativo
Neuquén,informacion_consolidada_2026_6.xlsx,febrero,2026,month,2026-02,Fondo | Compens. | de | Desequilib.,2.5,Fondo | Compens. | de | Desequilib.
Neuquén,informacion_consolidada_2026_6.xlsx,febrero,2026,month,2026-02,I.V.A. | Ley Nº 23.966 | Art. 5 | Punto 2,341.4888,I.V.A. | Ley Nº 23.966 | Art. 5 | Punto 2
Neuquén,informacion_consolidada_2026_6.xlsx,febrero,2026,month,2026-02,Impuesto a los Combustibles Líquidos | Ley Nº 23.966 y Nº 24.699 | Obras de | Infraestr.,261.0464,Impuesto a los Combustibles Líquidos | Ley Nº 23.966 y Nº 24.699 | Obras de | Infraestr.
Neuquén,informacion_consolidada_2026_6.xlsx,febrero,2026,month,2026-02,Impuesto s/ | Los Activos | Fdo. Educ. | Ley Nº 23.906,0.0,Impuesto s/ | Los Activos | Fdo. Educ. | Ley Nº 23.906
Neuquén,informacion_consolidada_2026_6.xlsx,febrero,2026,month,2026-02,Impuesto sobre los | Bienes Personales | Ley | Nº 24.699,701.7321999999999,Impuesto sobre los | Bienes Personales | Ley | Nº 24.699
Neuquén,informacion_consolidada_2026_6.xlsx,febrero,2026,month,2026-02,Ley Nº 23.966 | Art. 30,44.569,Ley Nº 23.966 | Art. 30
Neuquén,informacion_consolidada_2026_6.xlsx,febrero,2026,month,2026-02,Ley Nº 24.464 | FO.NA.VI.,3157.1751,Ley Nº 24.464 | FO.NA.VI.
Neuquén,informacion_consolidada_2026_6.xlsx,febrero,2026,month,2026-02,Reg.Simplif. | P/Peq.Contrib. | Ley Nº 24.977 | Aart. 59 Inc. A,513.2422,Reg.Simplif. | P/Peq.Contrib. | Ley Nº 24.977 | Aart. 59 Inc. A
Neuquén,informacion_consolidada_2026_6.xlsx,febrero,2026,month,2026-02,Régimen de la Energía Eléctrica | L E Y Nº 2 4 . 0 6 5 | Fdo. P/Comp. | Tarifa Elect.,0.0,Régimen de la Energía Eléctrica | L E Y Nº 2 4 . 0 6 5 | Fdo. P/Comp. | Tarifa Elect.
Neuquén,informacion_consolidada_2026_6.xlsx,febrero,2026,month,2026-02,Subtotal,83072.7133891906,Subtotal
Neuquén,informacion_consolidada_2026_6.xlsx,febrero,2026,month,2026-02,Subtotal,83074.1632891906,Subtotal
Neuquén,informacion_consolidada_2026_6.xlsx,febrero,2026,month,2026-02,Total | (1) + (2),91002.48561919061,Total | (1) + (2)
Neuquén,informacion_consolidada_2026_6.xlsx,febrero,2026,month,2026-02,Total | Recursos | Origen Nacional | (1),89204.81868919061,Total | Recursos | Origen Nacional | (1)
Neuquén,informacion_consolidada_2026_6.xlsx,febrero,2026,month,2026-02,Transfer. | De Servicios | Ley | Nº 24.049,1.4499,Transfer. | De Servicios | Ley | Nº 24.049
Neuquén,informacion_consolidada_2026_6.xlsx,febrero,2026,month,2026-02,Vialidad | Provincial,1108.9017,Vialidad | Provincial
Neuquén,informacion_consolidada_2026_6.xlsx,marzo,2026,month,2026-03,C.F.I. | Neta De | Ley Nº 26.075,57709.0991,CFI | Neta
Neuquén,informacion_consolidada_2026_6.xlsx,marzo,2026,month,2026-03,Compensación | Consenso Fiscal | II. a y b; II. d y e | (2),2097.278085,Compensación Consenso Fiscal
Neuquén,informacion_consolidada_2026_6.xlsx,marzo,2026,month,2026-03,F.E.D.E.I.,366.8183970802023,F.E.D.E.I.
Neuquén,informacion_consolidada_2026_6.xlsx,marzo,2026,month,2026-03,F.E.D.E.I.,517.7035416338181,F.E.D.E.I.
Neuquén,informacion_consolidada_2026_6.xlsx,marzo,2026,month,2026-03,Financ. | Educativo | Ley Nº 26.075,18150.98117863735,Financiamiento Educativo
Neuquén,informacion_consolidada_2026_6.xlsx,marzo,2026,month,2026-03,Fondo | Compens. | de | Desequilib.,2.5,Fondo | Compens. | de | Desequilib.
Neuquén,informacion_consolidada_2026_6.xlsx,marzo,2026,month,2026-03,I.V.A. | Ley Nº 23.966 | Art. 5 | Punto 2,350.4564,I.V.A. | Ley Nº 23.966 | Art. 5 | Punto 2
Neuquén,informacion_consolidada_2026_6.xlsx,marzo,2026,month,2026-03,Impuesto a los Combustibles Líquidos | Ley Nº 23.966 y Nº 24.699 | Obras de | Infraestr.,257.82779999999997,Impuesto a los Combustibles Líquidos | Ley Nº 23.966 y Nº 24.699 | Obras de | Infraestr.
Neuquén,informacion_consolidada_2026_6.xlsx,marzo,2026,month,2026-03,Impuesto s/ | Los Activos | Fdo. Educ. | Ley Nº 23.906,0.0,Impuesto s/ | Los Activos | Fdo. Educ. | Ley Nº 23.906
Neuquén,informacion_consolidada_2026_6.xlsx,marzo,2026,month,2026-03,Impuesto sobre los | Bienes Personales | Ley | Nº 24.699,339.1493,Impuesto sobre los | Bienes Personales | Ley | Nº 24.699
Neuquén,informacion_consolidada_2026_6.xlsx,marzo,2026,month,2026-03,Ley Nº 23.966 | Art. 30,21.540399999999998,Ley Nº 23.966 | Art. 30
Neuquén,informacion_consolidada_2026_6.xlsx,marzo,2026,month,2026-03,Ley Nº 24.464 | FO.NA.VI.,3118.2477000000003,Ley Nº 24.464 | FO.NA.VI.
Neuquén,informacion_consolidada_2026_6.xlsx,marzo,2026,month,2026-03,Reg.Simplif. | P/Peq.Contrib. | Ley Nº 24.977 | Aart. 59 Inc. A,485.4362,Reg.Simplif. | P/Peq.Contrib. | Ley Nº 24.977 | Aart. 59 Inc. A
Neuquén,informacion_consolidada_2026_6.xlsx,marzo,2026,month,2026-03,Régimen de la Energía Eléctrica | L E Y Nº 2 4 . 0 6 5 | Fdo. P/Comp. | Tarifa Elect.,721.9276872559574,Régimen de la Energía Eléctrica | L E Y Nº 2 4 . 0 6 5 | Fdo. P/Comp. | Tarifa Elect.
Neuquén,informacion_consolidada_2026_6.xlsx,marzo,2026,month,2026-03,Subtotal,75860.08027863735,Subtotal
Neuquén,informacion_consolidada_2026_6.xlsx,marzo,2026,month,2026-03,Subtotal,75861.53017863736,Subtotal
Neuquén,informacion_consolidada_2026_6.xlsx,marzo,2026,month,2026-03,Total | (1) + (2),85235.64478960734,Total | (1) + (2)
Neuquén,informacion_consolidada_2026_6.xlsx,marzo,2026,month,2026-03,Total | Recursos | Origen Nacional | (1),83138.36670460734,Total | Recursos | Origen Nacional | (1)
Neuquén,informacion_consolidada_2026_6.xlsx,marzo,2026,month,2026-03,Transfer. | De Servicios | Ley | Nº 24.049,1.4499,Transfer. | De Servicios | Ley | Nº 24.049
Neuquén,informacion_consolidada_2026_6.xlsx,marzo,2026,month,2026-03,Vialidad | Provincial,1095.2291,Vialidad | Provincial
Neuquén,informacion_consolidada_2026_6.xlsx,abril,2026,month,2026-04,C.F.I. | Neta De | Ley Nº 26.075,65975.5807,CFI | Neta
Neuquén,informacion_consolidada_2026_6.xlsx,abril,2026,month,2026-04,Compensación | Consenso Fiscal | II. a y b; II. d y e | (2),2434.1694199999997,Compensación Consenso Fiscal
Neuquén,informacion_consolidada_2026_6.xlsx,abril,2026,month,2026-04,F.E.D.E.I.,0.0,F.E.D.E.I.
Neuquén,informacion_consolidada_2026_6.xlsx,abril,2026,month,2026-04,F.E.D.E.I.,0.0,F.E.D.E.I.
Neuquén,informacion_consolidada_2026_6.xlsx,abril,2026,month,2026-04,Financ. | Educativo | Ley Nº 26.075,18940.154273360764,Financiamiento Educativo
Neuquén,informacion_consolidada_2026_6.xlsx,abril,2026,month,2026-04,Fondo | Compens. | de | Desequilib.,2.5,Fondo | Compens. | de | Desequilib.
Neuquén,informacion_consolidada_2026_6.xlsx,abril,2026,month,2026-04,I.V.A. | Ley Nº 23.966 | Art. 5 | Punto 2,377.38370000000003,I.V.A. | Ley Nº 23.966 | Art. 5 | Punto 2
Neuquén,informacion_consolidada_2026_6.xlsx,abril,2026,month,2026-04,Impuesto a los Combustibles Líquidos | Ley Nº 23.966 y Nº 24.699 | Obras de | Infraestr.,280.7578,Impuesto a los Combustibles Líquidos | Ley Nº 23.966 y Nº 24.699 | Obras de | Infraestr.
Neuquén,informacion_consolidada_2026_6.xlsx,abril,2026,month,2026-04,Impuesto s/ | Los Activos | Fdo. Educ. | Ley Nº 23.906,0.0,Impuesto s/ | Los Activos | Fdo. Educ. | Ley Nº 23.906
Neuquén,informacion_consolidada_2026_6.xlsx,abril,2026,month,2026-04,Impuesto sobre los | Bienes Personales | Ley | Nº 24.699,585.413,Impuesto sobre los | Bienes Personales | Ley | Nº 24.699
Neuquén,informacion_consolidada_2026_6.xlsx,abril,2026,month,2026-04,Ley Nº 23.966 | Art. 30,37.1812,Ley Nº 23.966 | Art. 30
Neuquén,informacion_consolidada_2026_6.xlsx,abril,2026,month,2026-04,Ley Nº 24.464 | FO.NA.VI.,3395.5712000000003,Ley Nº 24.464 | FO.NA.VI.
Neuquén,informacion_consolidada_2026_6.xlsx,abril,2026,month,2026-04,Reg.Simplif. | P/Peq.Contrib. | Ley Nº 24.977 | Aart. 59 Inc. A,555.9515,Reg.Simplif. | P/Peq.Contrib. | Ley Nº 24.977 | Aart. 59 Inc. A
Neuquén,informacion_consolidada_2026_6.xlsx,abril,2026,month,2026-04,Régimen de la Energía Eléctrica | L E Y Nº 2 4 . 0 6 5 | Fdo. P/Comp. | Tarifa Elect.,0.0,Régimen de la Energía Eléctrica | L E Y Nº 2 4 . 0 6 5 | Fdo. P/Comp. | Tarifa Elect.
Neuquén,informacion_consolidada_2026_6.xlsx,abril,2026,month,2026-04,Subtotal,84915.73497336077,Subtotal
Neuquén,informacion_consolidada_2026_6.xlsx,abril,2026,month,2026-04,Subtotal,84917.18487336078,Subtotal
Neuquén,informacion_consolidada_2026_6.xlsx,abril,2026,month,2026-04,Total | (1) + (2),93778.7467933608,Total | (1) + (2)
Neuquén,informacion_consolidada_2026_6.xlsx,abril,2026,month,2026-04,Total | Recursos | Origen Nacional | (1),91344.5773733608,Total | Recursos | Origen Nacional | (1)
Neuquén,informacion_consolidada_2026_6.xlsx,abril,2026,month,2026-04,Transfer. | De Servicios | Ley | Nº 24.049,1.4499,Transfer. | De Servicios | Ley | Nº 24.049
Neuquén,informacion_consolidada_2026_6.xlsx,abril,2026,month,2026-04,Vialidad | Provincial,1192.6341,Vialidad | Provincial
Neuquén,informacion_consolidada_2026_6.xlsx,mayo,2026,month,2026-05,C.F.I. | Neta De | Ley Nº 26.075,110848.3919,CFI | Neta
Neuquén,informacion_consolidada_2026_6.xlsx,mayo,2026,month,2026-05,Compensación | Consenso Fiscal | II. a y b; II. d y e | (2),2312.460949,Compensación Consenso Fiscal
Neuquén,informacion_consolidada_2026_6.xlsx,mayo,2026,month,2026-05,F.E.D.E.I.,227.21175622197785,F.E.D.E.I.
Neuquén,informacion_consolidada_2026_6.xlsx,mayo,2026,month,2026-05,F.E.D.E.I.,281.2994908283485,F.E.D.E.I.
Neuquén,informacion_consolidada_2026_6.xlsx,mayo,2026,month,2026-05,Financ. | Educativo | Ley Nº 26.075,14994.288799743943,Financiamiento Educativo
Neuquén,informacion_consolidada_2026_6.xlsx,mayo,2026,month,2026-05,Fondo | Compens. | de | Desequilib.,2.5,Fondo | Compens. | de | Desequilib.
Neuquén,informacion_consolidada_2026_6.xlsx,mayo,2026,month,2026-05,I.V.A. | Ley Nº 23.966 | Art. 5 | Punto 2,333.76079999999996,I.V.A. | Ley Nº 23.966 | Art. 5 | Punto 2
Neuquén,informacion_consolidada_2026_6.xlsx,mayo,2026,month,2026-05,Impuesto a los Combustibles Líquidos | Ley Nº 23.966 y Nº 24.699 | Obras de | Infraestr.,258.68170000000003,Impuesto a los Combustibles Líquidos | Ley Nº 23.966 y Nº 24.699 | Obras de | Infraestr.
Neuquén,informacion_consolidada_2026_6.xlsx,mayo,2026,month,2026-05,Impuesto s/ | Los Activos | Fdo. Educ. | Ley Nº 23.906,0.0,Impuesto s/ | Los Activos | Fdo. Educ. | Ley Nº 23.906
Neuquén,informacion_consolidada_2026_6.xlsx,mayo,2026,month,2026-05,Impuesto sobre los | Bienes Personales | Ley | Nº 24.699,645.3075,Impuesto sobre los | Bienes Personales | Ley | Nº 24.699
Neuquén,informacion_consolidada_2026_6.xlsx,mayo,2026,month,2026-05,Ley Nº 23.966 | Art. 30,40.9854,Ley Nº 23.966 | Art. 30
Neuquén,informacion_consolidada_2026_6.xlsx,mayo,2026,month,2026-05,Ley Nº 24.464 | FO.NA.VI.,3128.5761,Ley Nº 24.464 | FO.NA.VI.
Neuquén,informacion_consolidada_2026_6.xlsx,mayo,2026,month,2026-05,Reg.Simplif. | P/Peq.Contrib. | Ley Nº 24.977 | Aart. 59 Inc. A,544.3824000000001,Reg.Simplif. | P/Peq.Contrib. | Ley Nº 24.977 | Aart. 59 Inc. A
Neuquén,informacion_consolidada_2026_6.xlsx,mayo,2026,month,2026-05,Régimen de la Energía Eléctrica | L E Y Nº 2 4 . 0 6 5 | Fdo. P/Comp. | Tarifa Elect.,362.00442860667147,Régimen de la Energía Eléctrica | L E Y Nº 2 4 . 0 6 5 | Fdo. P/Comp. | Tarifa Elect.
Neuquén,informacion_consolidada_2026_6.xlsx,mayo,2026,month,2026-05,Subtotal,125842.68069974394,Subtotal
Neuquén,informacion_consolidada_2026_6.xlsx,mayo,2026,month,2026-05,Subtotal,125844.13059974395,Subtotal
Neuquén,informacion_consolidada_2026_6.xlsx,mayo,2026,month,2026-05,Total | (1) + (2),135080.15792440096,Total | (1) + (2)
Neuquén,informacion_consolidada_2026_6.xlsx,mayo,2026,month,2026-05,Total | Recursos | Origen Nacional | (1),132767.69697540096,Total | Recursos | Origen Nacional | (1)
Neuquén,informacion_consolidada_2026_6.xlsx,mayo,2026,month,2026-05,Transfer. | De Servicios | Ley | Nº 24.049,1.4499,Transfer. | De Servicios | Ley | Nº 24.049
Neuquén,informacion_consolidada_2026_6.xlsx,mayo,2026,month,2026-05,Vialidad | Provincial,1098.8568,Vialidad | Provincial
Neuquén,informacion_consolidada_2026_6.xlsx,junio,2026,month,2026-06,C.F.I. | Neta De | Ley Nº 26.075,73287.9284,CFI | Neta
Neuquén,informacion_consolidada_2026_6.xlsx,junio,2026,month,2026-06,Compensación | Consenso Fiscal | II. a y b; II. d y e | (2),2555.8778909999996,Compensación Consenso Fiscal
Neuquén,informacion_consolidada_2026_6.xlsx,junio,2026,month,2026-06,F.E.D.E.I.,475.4205057781899,F.E.D.E.I.
Neuquén,informacion_consolidada_2026_6.xlsx,junio,2026,month,2026-06,F.E.D.E.I.,682.6300604031499,F.E.D.E.I.
Neuquén,informacion_consolidada_2026_6.xlsx,junio,2026,month,2026-06,Financ. | Educativo | Ley Nº 26.075,16572.63498919052,Financiamiento Educativo
Neuquén,informacion_consolidada_2026_6.xlsx,junio,2026,month,2026-06,Fondo | Compens. | de | Desequilib.,2.5,Fondo | Compens. | de | Desequilib.
Neuquén,informacion_consolidada_2026_6.xlsx,junio,2026,month,2026-06,I.V.A. | Ley Nº 23.966 | Art. 5 | Punto 2,410.7071,I.V.A. | Ley Nº 23.966 | Art. 5 | Punto 2
Neuquén,informacion_consolidada_2026_6.xlsx,junio,2026,month,2026-06,Impuesto a los Combustibles Líquidos | Ley Nº 23.966 y Nº 24.699 | Obras de | Infraestr.,320.907,Impuesto a los Combustibles Líquidos | Ley Nº 23.966 y Nº 24.699 | Obras de | Infraestr.
Neuquén,informacion_consolidada_2026_6.xlsx,junio,2026,month,2026-06,Impuesto s/ | Los Activos | Fdo. Educ. | Ley Nº 23.906,0.0,Impuesto s/ | Los Activos | Fdo. Educ. | Ley Nº 23.906
Neuquén,informacion_consolidada_2026_6.xlsx,junio,2026,month,2026-06,Impuesto sobre los | Bienes Personales | Ley | Nº 24.699,15517.0934,Impuesto sobre los | Bienes Personales | Ley | Nº 24.699
Neuquén,informacion_consolidada_2026_6.xlsx,junio,2026,month,2026-06,Ley Nº 23.966 | Art. 30,985.535,Ley Nº 23.966 | Art. 30
Neuquén,informacion_consolidada_2026_6.xlsx,junio,2026,month,2026-06,Ley Nº 24.464 | FO.NA.VI.,3881.1471,Ley Nº 24.464 | FO.NA.VI.
Neuquén,informacion_consolidada_2026_6.xlsx,junio,2026,month,2026-06,Reg.Simplif. | P/Peq.Contrib. | Ley Nº 24.977 | Aart. 59 Inc. A,554.7983,Reg.Simplif. | P/Peq.Contrib. | Ley Nº 24.977 | Aart. 59 Inc. A
Neuquén,informacion_consolidada_2026_6.xlsx,junio,2026,month,2026-06,Régimen de la Energía Eléctrica | L E Y Nº 2 4 . 0 6 5 | Fdo. P/Comp. | Tarifa Elect.,1061.8545580274765,Régimen de la Energía Eléctrica | L E Y Nº 2 4 . 0 6 5 | Fdo. P/Comp. | Tarifa Elect.
Neuquén,informacion_consolidada_2026_6.xlsx,junio,2026,month,2026-06,Subtotal,89860.56338919053,Subtotal
Neuquén,informacion_consolidada_2026_6.xlsx,junio,2026,month,2026-06,Subtotal,89862.01328919054,Subtotal
Neuquén,informacion_consolidada_2026_6.xlsx,junio,2026,month,2026-06,Total | (1) + (2),117673.66820439936,Total | (1) + (2)
Neuquén,informacion_consolidada_2026_6.xlsx,junio,2026,month,2026-06,Total | Recursos | Origen Nacional | (1),115117.79031339937,Total | Recursos | Origen Nacional | (1)
Neuquén,informacion_consolidada_2026_6.xlsx,junio,2026,month,2026-06,Transfer. | De Servicios | Ley | Nº 24.049,1.4499,Transfer. | De Servicios | Ley | Nº 24.049
Neuquén,informacion_consolidada_2026_6.xlsx,junio,2026,month,2026-06,Vialidad | Provincial,1363.184,Vialidad | Provincial
Neuquén,informacion_consolidada_2026_6.xlsx,julio,2026,month,2026-07,C.F.I. | Neta De | Ley Nº 26.075,94347.01,CFI | Neta
Neuquén,informacion_consolidada_2026_6.xlsx,julio,2026,month,2026-07,Compensación | Consenso Fiscal | II. a y b; II. d y e | (2),2650.81593,Compensación Consenso Fiscal
Neuquén,informacion_consolidada_2026_6.xlsx,julio,2026,month,2026-07,F.E.D.E.I.,283.05033531307276,F.E.D.E.I.
Neuquén,informacion_consolidada_2026_6.xlsx,julio,2026,month,2026-07,F.E.D.E.I.,346.7749957230083,F.E.D.E.I.
Neuquén,informacion_consolidada_2026_6.xlsx,julio,2026,month,2026-07,Financ. | Educativo | Ley Nº 26.075,16572.63498919052,Financiamiento Educativo
Neuquén,informacion_consolidada_2026_6.xlsx,julio,2026,month,2026-07,Fondo | Compens. | de | Desequilib.,2.5,Fondo | Compens. | de | Desequilib.
Neuquén,informacion_consolidada_2026_6.xlsx,julio,2026,month,2026-07,I.V.A. | Ley Nº 23.966 | Art. 5 | Punto 2,430.74080000000004,I.V.A. | Ley Nº 23.966 | Art. 5 | Punto 2
Neuquén,informacion_consolidada_2026_6.xlsx,julio,2026,month,2026-07,Impuesto a los Combustibles Líquidos | Ley Nº 23.966 y Nº 24.699 | Obras de | Infraestr.,288.68359999999996,Impuesto a los Combustibles Líquidos | Ley Nº 23.966 y Nº 24.699 | Obras de | Infraestr.
Neuquén,informacion_consolidada_2026_6.xlsx,julio,2026,month,2026-07,Impuesto s/ | Los Activos | Fdo. Educ. | Ley Nº 23.906,0.0,Impuesto s/ | Los Activos | Fdo. Educ. | Ley Nº 23.906
Neuquén,informacion_consolidada_2026_6.xlsx,julio,2026,month,2026-07,Impuesto sobre los | Bienes Personales | Ley | Nº 24.699,1566.1018000000001,Impuesto sobre los | Bienes Personales | Ley | Nº 24.699
Neuquén,informacion_consolidada_2026_6.xlsx,julio,2026,month,2026-07,Ley Nº 23.966 | Art. 30,99.46759999999999,Ley Nº 23.966 | Art. 30
Neuquén,informacion_consolidada_2026_6.xlsx,julio,2026,month,2026-07,Ley Nº 24.464 | FO.NA.VI.,3491.4272,Ley Nº 24.464 | FO.NA.VI.
Neuquén,informacion_consolidada_2026_6.xlsx,julio,2026,month,2026-07,Reg.Simplif. | P/Peq.Contrib. | Ley Nº 24.977 | Aart. 59 Inc. A,550.4265,Reg.Simplif. | P/Peq.Contrib. | Ley Nº 24.977 | Aart. 59 Inc. A
Neuquén,informacion_consolidada_2026_6.xlsx,julio,2026,month,2026-07,Régimen de la Energía Eléctrica | L E Y Nº 2 4 . 0 6 5 | Fdo. P/Comp. | Tarifa Elect.,569.2271810772291,Régimen de la Energía Eléctrica | L E Y Nº 2 4 . 0 6 5 | Fdo. P/Comp. | Tarifa Elect.
Neuquén,informacion_consolidada_2026_6.xlsx,julio,2026,month,2026-07,Subtotal,110919.6449891905,Subtotal
Neuquén,informacion_consolidada_2026_6.xlsx,julio,2026,month,2026-07,Subtotal,110921.09488919051,Subtotal
Neuquén,informacion_consolidada_2026_6.xlsx,julio,2026,month,2026-07,Total | (1) + (2),122426.61263130385,Total | (1) + (2)
Neuquén,informacion_consolidada_2026_6.xlsx,julio,2026,month,2026-07,Total | Recursos | Origen Nacional | (1),119775.79670130386,Total | Recursos | Origen Nacional | (1)
Neuquén,informacion_consolidada_2026_6.xlsx,julio,2026,month,2026-07,Transfer. | De Servicios | Ley | Nº 24.049,1.4499,Transfer. | De Servicios | Ley | Nº 24.049
Neuquén,informacion_consolidada_2026_6.xlsx,julio,2026,month,2026-07,Vialidad | Provincial,1226.3018,Vialidad | Provincial
Neuquén,informacion_consolidada_2026_6.xlsx,agosto,2026,month,2026-08,C.F.I. | Neta De | Ley Nº 26.075,89327.2244,CFI | Neta
Neuquén,informacion_consolidada_2026_6.xlsx,agosto,2026,month,2026-08,Compensación | Consenso Fiscal | II. a y b; II. d y e | (2),2524.5866,Compensación Consenso Fiscal
Neuquén,informacion_consolidada_2026_6.xlsx,agosto,2026,month,2026-08,F.E.D.E.I.,0.0,F.E.D.E.I.
Neuquén,informacion_consolidada_2026_6.xlsx,agosto,2026,month,2026-08,F.E.D.E.I.,0.0,F.E.D.E.I.
Neuquén,informacion_consolidada_2026_6.xlsx,agosto,2026,month,2026-08,Financ. | Educativo | Ley Nº 26.075,15783.461894467164,Financiamiento Educativo
Neuquén,informacion_consolidada_2026_6.xlsx,agosto,2026,month,2026-08,Fondo | Compens. | de | Desequilib.,2.5,Fondo | Compens. | de | Desequilib.
Neuquén,informacion_consolidada_2026_6.xlsx,agosto,2026,month,2026-08,I.V.A. | Ley Nº 23.966 | Art. 5 | Punto 2,418.733,I.V.A. | Ley Nº 23.966 | Art. 5 | Punto 2
Neuquén,informacion_consolidada_2026_6.xlsx,agosto,2026,month,2026-08,Impuesto a los Combustibles Líquidos | Ley Nº 23.966 y Nº 24.699 | Obras de | Infraestr.,314.66790000000003,Impuesto a los Combustibles Líquidos | Ley Nº 23.966 y Nº 24.699 | Obras de | Infraestr.
Neuquén,informacion_consolidada_2026_6.xlsx,agosto,2026,month,2026-08,Impuesto s/ | Los Activos | Fdo. Educ. | Ley Nº 23.906,0.0126945,Impuesto s/ | Los Activos | Fdo. Educ. | Ley Nº 23.906
Neuquén,informacion_consolidada_2026_6.xlsx,agosto,2026,month,2026-08,Impuesto sobre los | Bienes Personales | Ley | Nº 24.699,1261.9551999999999,Impuesto sobre los | Bienes Personales | Ley | Nº 24.699
Neuquén,informacion_consolidada_2026_6.xlsx,agosto,2026,month,2026-08,Ley Nº 23.966 | Art. 30,80.15039999999999,Ley Nº 23.966 | Art. 30
Neuquén,informacion_consolidada_2026_6.xlsx,agosto,2026,month,2026-08,Ley Nº 24.464 | FO.NA.VI.,3805.6897999999997,Ley Nº 24.464 | FO.NA.VI.
Neuquén,informacion_consolidada_2026_6.xlsx,agosto,2026,month,2026-08,Reg.Simplif. | P/Peq.Contrib. | Ley Nº 24.977 | Aart. 59 Inc. A,648.0393,Reg.Simplif. | P/Peq.Contrib. | Ley Nº 24.977 | Aart. 59 Inc. A
Neuquén,informacion_consolidada_2026_6.xlsx,agosto,2026,month,2026-08,Régimen de la Energía Eléctrica | L E Y Nº 2 4 . 0 6 5 | Fdo. P/Comp. | Tarifa Elect.,0.0,Régimen de la Energía Eléctrica | L E Y Nº 2 4 . 0 6 5 | Fdo. P/Comp. | Tarifa Elect.
Neuquén,informacion_consolidada_2026_6.xlsx,agosto,2026,month,2026-08,Subtotal,105110.68629446717,Subtotal
Neuquén,informacion_consolidada_2026_6.xlsx,agosto,2026,month,2026-08,Subtotal,105112.13619446718,Subtotal
Neuquén,informacion_consolidada_2026_6.xlsx,agosto,2026,month,2026-08,Total | (1) + (2),115505.15208896715,Total | (1) + (2)
Neuquén,informacion_consolidada_2026_6.xlsx,agosto,2026,month,2026-08,Total | Recursos | Origen Nacional | (1),112980.56548896716,Total | Recursos | Origen Nacional | (1)
Neuquén,informacion_consolidada_2026_6.xlsx,agosto,2026,month,2026-08,Transfer. | De Servicios | Ley | Nº 24.049,1.4499,Transfer. | De Servicios | Ley | Nº 24.049
Neuquén,informacion_consolidada_2026_6.xlsx,agosto,2026,month,2026-08,Vialidad | Provincial,1336.681,Vialidad | Provincial
Neuquén,informacion_consolidada_2026_6.xlsx,septiembre,2026,month,2026-09,C.F.I. | Neta De | Ley Nº 26.075,90674.33940000001,CFI | Neta
Neuquén,informacion_consolidada_2026_6.xlsx,septiembre,2026,month,2026-09,Compensación | Consenso Fiscal | II. a y b; II. d y e | (2),2777.04526,Compensación Consenso Fiscal
Neuquén,informacion_consolidada_2026_6.xlsx,septiembre,2026,month,2026-09,F.E.D.E.I.,531.6086375145882,F.E.D.E.I.
Neuquén,informacion_consolidada_2026_6.xlsx,septiembre,2026,month,2026-09,F.E.D.E.I.,782.8339736595823,F.E.D.E.I.
Neuquén,informacion_consolidada_2026_6.xlsx,septiembre,2026,month,2026-09,Financ. | Educativo | Ley Nº 26.075,17361.80808391388,Financiamiento Educativo
Neuquén,informacion_consolidada_2026_6.xlsx,septiembre,2026,month,2026-09,Fondo | Compens. | de | Desequilib.,2.5,Fondo | Compens. | de | Desequilib.
Neuquén,informacion_consolidada_2026_6.xlsx,septiembre,2026,month,2026-09,I.V.A. | Ley Nº 23.966 | Art. 5 | Punto 2,432.25910000000005,I.V.A. | Ley Nº 23.966 | Art. 5 | Punto 2
Neuquén,informacion_consolidada_2026_6.xlsx,septiembre,2026,month,2026-09,Impuesto a los Combustibles Líquidos | Ley Nº 23.966 y Nº 24.699 | Obras de | Infraestr.,311.2282,Impuesto a los Combustibles Líquidos | Ley Nº 23.966 y Nº 24.699 | Obras de | Infraestr.
Neuquén,informacion_consolidada_2026_6.xlsx,septiembre,2026,month,2026-09,Impuesto s/ | Los Activos | Fdo. Educ. | Ley Nº 23.906,0.0,Impuesto s/ | Los Activos | Fdo. Educ. | Ley Nº 23.906
Neuquén,informacion_consolidada_2026_6.xlsx,septiembre,2026,month,2026-09,Impuesto sobre los | Bienes Personales | Ley | Nº 24.699,851.7761999999999,Impuesto sobre los | Bienes Personales | Ley | Nº 24.699
Neuquén,informacion_consolidada_2026_6.xlsx,septiembre,2026,month,2026-09,Ley Nº 23.966 | Art. 30,54.098800000000004,Ley Nº 23.966 | Art. 30
Neuquén,informacion_consolidada_2026_6.xlsx,septiembre,2026,month,2026-09,Ley Nº 24.464 | FO.NA.VI.,3764.0888999999997,Ley Nº 24.464 | FO.NA.VI.
Neuquén,informacion_consolidada_2026_6.xlsx,septiembre,2026,month,2026-09,Reg.Simplif. | P/Peq.Contrib. | Ley Nº 24.977 | Aart. 59 Inc. A,668.4211,Reg.Simplif. | P/Peq.Contrib. | Ley Nº 24.977 | Aart. 59 Inc. A
Neuquén,informacion_consolidada_2026_6.xlsx,septiembre,2026,month,2026-09,Régimen de la Energía Eléctrica | L E Y Nº 2 4 . 0 6 5 | Fdo. P/Comp. | Tarifa Elect.,1225.4397072244797,Régimen de la Energía Eléctrica | L E Y Nº 2 4 . 0 6 5 | Fdo. P/Comp. | Tarifa Elect.
Neuquén,informacion_consolidada_2026_6.xlsx,septiembre,2026,month,2026-09,Subtotal,108036.1474839139,Subtotal
Neuquén,informacion_consolidada_2026_6.xlsx,septiembre,2026,month,2026-09,Subtotal,108037.5973839139,Subtotal
Neuquén,informacion_consolidada_2026_6.xlsx,septiembre,2026,month,2026-09,Total | (1) + (2),120760.96666231254,Total | (1) + (2)
Neuquén,informacion_consolidada_2026_6.xlsx,septiembre,2026,month,2026-09,Total | Recursos | Origen Nacional | (1),117983.92140231254,Total | Recursos | Origen Nacional | (1)
Neuquén,informacion_consolidada_2026_6.xlsx,septiembre,2026,month,2026-09,Transfer. | De Servicios | Ley | Nº 24.049,1.4499,Transfer. | De Servicios | Ley | Nº 24.049
Neuquén,informacion_consolidada_2026_6.xlsx,septiembre,2026,month,2026-09,Vialidad | Provincial,1322.0693999999999,Vialidad | Provincial
Neuquén,informacion_consolidada_2026_6.xlsx,CONS,2026,consolidated,CONS,C.F.I. | Neta De | Ley Nº 26.075,730182.4443,CFI | Neta
Neuquén,informacion_consolidada_2026_6.xlsx,CONS,2026,consolidated,CONS,Compensación | Consenso Fiscal | II. a y b; II. d y e | (2),21247.17915,Compensación Consenso Fiscal
Neuquén,informacion_consolidada_2026_6.xlsx,CONS,2026,consolidated,CONS,F.E.D.E.I.,2154.5806081799587,F.E.D.E.I.
Neuquén,informacion_consolidada_2026_6.xlsx,CONS,2026,consolidated,CONS,F.E.D.E.I.,2867.9002745736752,F.E.D.E.I.
Neuquén,informacion_consolidada_2026_6.xlsx,CONS,2026,consolidated,CONS,Financ. | Educativo | Ley Nº 26.075,143629.5033,Financiamiento Educativo
Neuquén,informacion_consolidada_2026_6.xlsx,CONS,2026,consolidated,CONS,Fondo | Compens. | de | Desequilib.,22.5,Fondo | Compens. | de | Desequilib.
Neuquén,informacion_consolidada_2026_6.xlsx,CONS,2026,consolidated,CONS,I.V.A. | Ley Nº 23.966 | Art. 5 | Punto 2,3487.9366,I.V.A. | Ley Nº 23.966 | Art. 5 | Punto 2
Neuquén,informacion_consolidada_2026_6.xlsx,CONS,2026,consolidated,CONS,Impuesto a los Combustibles Líquidos | Ley Nº 23.966 y Nº 24.699 | Obras de | Infraestr.,2449.1001,Impuesto a los Combustibles Líquidos | Ley Nº 23.966 y Nº 24.699 | Obras de | Infraestr.
Neuquén,informacion_consolidada_2026_6.xlsx,CONS,2026,consolidated,CONS,Impuesto s/ | Los Activos | Fdo. Educ. | Ley Nº 23.906,0.0127,Impuesto s/ | Los Activos | Fdo. Educ. | Ley Nº 23.906
Neuquén,informacion_consolidada_2026_6.xlsx,CONS,2026,consolidated,CONS,Impuesto sobre los | Bienes Personales | Ley | Nº 24.699,21968.5458,Impuesto sobre los | Bienes Personales | Ley | Nº 24.699
Neuquén,informacion_consolidada_2026_6.xlsx,CONS,2026,consolidated,CONS,Ley Nº 23.966 | Art. 30,1395.2853,Ley Nº 23.966 | Art. 30
Neuquén,informacion_consolidada_2026_6.xlsx,CONS,2026,consolidated,CONS,Ley Nº 24.464 | FO.NA.VI.,29620.165399999998,Ley Nº 24.464 | FO.NA.VI.
Neuquén,informacion_consolidada_2026_6.xlsx,CONS,2026,consolidated,CONS,Reg.Simplif. | P/Peq.Contrib. | Ley Nº 24.977 | Aart. 59 Inc. A,4945.7573,Reg.Simplif. | P/Peq.Contrib. | Ley Nº 24.977 | Aart. 59 Inc. A
Neuquén,informacion_consolidada_2026_6.xlsx,CONS,2026,consolidated,CONS,Régimen de la Energía Eléctrica | L E Y Nº 2 4 . 0 6 5 | Fdo. P/Comp. | Tarifa Elect.,4342.5403,Régimen de la Energía Eléctrica | L E Y Nº 2 4 . 0 6 5 | Fdo. P/Comp. | Tarifa Elect.
Neuquén,informacion_consolidada_2026_6.xlsx,CONS,2026,consolidated,CONS,Subtotal,873811.9476,Subtotal
Neuquén,informacion_consolidada_2026_6.xlsx,CONS,2026,consolidated,CONS,Subtotal,873824.9966999999,Subtotal
Neuquén,informacion_consolidada_2026_6.xlsx,CONS,2026,consolidated,CONS,Total | (1) + (2),978730.0573327534,Total | (1) + (2)
Neuquén,informacion_consolidada_2026_6.xlsx,CONS,2026,consolidated,CONS,Total | Recursos | Origen Nacional | (1),957482.8781827535,Total | Recursos | Origen Nacional | (1)
Neuquén,informacion_consolidada_2026_6.xlsx,CONS,2026,consolidated,CONS,Transfer. | De Servicios | Ley | Nº 24.049,13.0491,Transfer. | De Servicios | Ley | Nº 24.049
Neuquén,informacion_consolidada_2026_6.xlsx,CONS,2026,consolidated,CONS,Vialidad | Provincial,10403.5571,Vialidad | Provincial
Río Negro,informacion_consolidada_2026_6.xlsx,enero,2026,month,2026-01,C.F.I. | Neta De | Ley Nº 26.075,121779.4029,CFI | Neta
Río Negro,informacion_consolidada_2026_6.xlsx,enero,2026,month,2026-01,Compensación | Consenso Fiscal | II. a y b; II. d y e | (2),1956.144834,Compensación Consenso Fiscal
Río Negro,informacion_consolidada_2026_6.xlsx,enero,2026,month,2026-01,F.E.D.E.I.,251.3159516473617,F.E.D.E.I.
Río Negro,informacion_consolidada_2026_6.xlsx,enero,2026,month,2026-01,F.E.D.E.I.,238.48142144060083,F.E.D.E.I.
Río Negro,informacion_consolidada_2026_6.xlsx,enero,2026,month,2026-01,Financ. | Educativo | Ley Nº 26.075,9344.737880459574,Financiamiento Educativo
Río Negro,informacion_consolidada_2026_6.xlsx,enero,2026,month,2026-01,Fondo | Compens. | de | Desequilib.,2.5,Fondo | Compens. | de | Desequilib.
Río Negro,informacion_consolidada_2026_6.xlsx,enero,2026,month,2026-01,I.V.A. | Ley Nº 23.966 | Art. 5 | Punto 2,0.0,I.V.A. | Ley Nº 23.966 | Art. 5 | Punto 2
Río Negro,informacion_consolidada_2026_6.xlsx,enero,2026,month,2026-01,Impuesto a los Combustibles Líquidos | Ley Nº 23.966 y Nº 24.699 | Obras de | Infraestr.,225.78279999999998,Impuesto a los Combustibles Líquidos | Ley Nº 23.966 y Nº 24.699 | Obras de | Infraestr.
Río Negro,informacion_consolidada_2026_6.xlsx,enero,2026,month,2026-01,Impuesto s/ | Los Activos | Fdo. Educ. | Ley Nº 23.906,0.0,Impuesto s/ | Los Activos | Fdo. Educ. | Ley Nº 23.906
Río Negro,informacion_consolidada_2026_6.xlsx,enero,2026,month,2026-01,Impuesto sobre los | Bienes Personales | Ley | Nº 24.699,726.928,Impuesto sobre los | Bienes Personales | Ley | Nº 24.699
Río Negro,informacion_consolidada_2026_6.xlsx,enero,2026,month,2026-01,Ley Nº 23.966 | Art. 30,0.0,Ley Nº 23.966 | Art. 30
Río Negro,informacion_consolidada_2026_6.xlsx,enero,2026,month,2026-01,Ley Nº 24.464 | FO.NA.VI.,1965.6024,Ley Nº 24.464 | FO.NA.VI.
Río Negro,informacion_consolidada_2026_6.xlsx,enero,2026,month,2026-01,Reg.Simplif. | P/Peq.Contrib. | Ley Nº 24.977 | Aart. 59 Inc. A,617.9741,Reg.Simplif. | P/Peq.Contrib. | Ley Nº 24.977 | Aart. 59 Inc. A
Río Negro,informacion_consolidada_2026_6.xlsx,enero,2026,month,2026-01,Régimen de la Energía Eléctrica | L E Y Nº 2 4 . 0 6 5 | Fdo. P/Comp. | Tarifa Elect.,297.39432291033074,Régimen de la Energía Eléctrica | L E Y Nº 2 4 . 0 6 5 | Fdo. P/Comp. | Tarifa Elect.
Río Negro,informacion_consolidada_2026_6.xlsx,enero,2026,month,2026-01,Subtotal,131124.14078045957,Subtotal
Río Negro,informacion_consolidada_2026_6.xlsx,enero,2026,month,2026-01,Subtotal,131125.35748045956,Subtotal
Río Negro,informacion_consolidada_2026_6.xlsx,enero,2026,month,2026-01,Total | (1) + (2),137907.40681045785,Total | (1) + (2)
Río Negro,informacion_consolidada_2026_6.xlsx,enero,2026,month,2026-01,Total | Recursos | Origen Nacional | (1),135951.26197645784,Total | Recursos | Origen Nacional | (1)
Río Negro,informacion_consolidada_2026_6.xlsx,enero,2026,month,2026-01,Transfer. | De Servicios | Ley | Nº 24.049,1.2167000000000001,Transfer. | De Servicios | Ley | Nº 24.049
Río Negro,informacion_consolidada_2026_6.xlsx,enero,2026,month,2026-01,Vialidad | Provincial,499.9255,Vialidad | Provincial
Río Negro,informacion_consolidada_2026_6.xlsx,febrero,2026,month,2026-02,C.F.I. | Neta De | Ley Nº 26.075,102931.65890000001,CFI | Neta
Río Negro,informacion_consolidada_2026_6.xlsx,febrero,2026,month,2026-02,Compensación | Consenso Fiscal | II. a y b; II. d y e | (2),1676.6955719999999,Compensación Consenso Fiscal
Río Negro,informacion_consolidada_2026_6.xlsx,febrero,2026,month,2026-02,F.E.D.E.I.,0.0,F.E.D.E.I.
Río Negro,informacion_consolidada_2026_6.xlsx,febrero,2026,month,2026-02,F.E.D.E.I.,0.0,F.E.D.E.I.
Río Negro,informacion_consolidada_2026_6.xlsx,febrero,2026,month,2026-02,Financ. | Educativo | Ley Nº 26.075,17839.95413542284,Financiamiento Educativo
Río Negro,informacion_consolidada_2026_6.xlsx,febrero,2026,month,2026-02,Fondo | Compens. | de | Desequilib.,2.5,Fondo | Compens. | de | Desequilib.
Río Negro,informacion_consolidada_2026_6.xlsx,febrero,2026,month,2026-02,I.V.A. | Ley Nº 23.966 | Art. 5 | Punto 2,0.0,I.V.A. | Ley Nº 23.966 | Art. 5 | Punto 2
Río Negro,informacion_consolidada_2026_6.xlsx,febrero,2026,month,2026-02,Impuesto a los Combustibles Líquidos | Ley Nº 23.966 y Nº 24.699 | Obras de | Infraestr.,379.52279999999996,Impuesto a los Combustibles Líquidos | Ley Nº 23.966 y Nº 24.699 | Obras de | Infraestr.
Río Negro,informacion_consolidada_2026_6.xlsx,febrero,2026,month,2026-02,Impuesto s/ | Los Activos | Fdo. Educ. | Ley Nº 23.906,0.0,Impuesto s/ | Los Activos | Fdo. Educ. | Ley Nº 23.906
Río Negro,informacion_consolidada_2026_6.xlsx,febrero,2026,month,2026-02,Impuesto sobre los | Bienes Personales | Ley | Nº 24.699,1020.1824,Impuesto sobre los | Bienes Personales | Ley | Nº 24.699
Río Negro,informacion_consolidada_2026_6.xlsx,febrero,2026,month,2026-02,Ley Nº 23.966 | Art. 30,0.0,Ley Nº 23.966 | Art. 30
Río Negro,informacion_consolidada_2026_6.xlsx,febrero,2026,month,2026-02,Ley Nº 24.464 | FO.NA.VI.,3304.0205,Ley Nº 24.464 | FO.NA.VI.
Río Negro,informacion_consolidada_2026_6.xlsx,febrero,2026,month,2026-02,Reg.Simplif. | P/Peq.Contrib. | Ley Nº 24.977 | Aart. 59 Inc. A,746.1782,Reg.Simplif. | P/Peq.Contrib. | Ley Nº 24.977 | Aart. 59 Inc. A
Río Negro,informacion_consolidada_2026_6.xlsx,febrero,2026,month,2026-02,Régimen de la Energía Eléctrica | L E Y Nº 2 4 . 0 6 5 | Fdo. P/Comp. | Tarifa Elect.,0.0,Régimen de la Energía Eléctrica | L E Y Nº 2 4 . 0 6 5 | Fdo. P/Comp. | Tarifa Elect.
Río Negro,informacion_consolidada_2026_6.xlsx,febrero,2026,month,2026-02,Subtotal,120771.61303542285,Subtotal
Río Negro,informacion_consolidada_2026_6.xlsx,febrero,2026,month,2026-02,Subtotal,120772.82973542286,Subtotal
Río Negro,informacion_consolidada_2026_6.xlsx,febrero,2026,month,2026-02,Total | (1) + (2),128742.26390742286,Total | (1) + (2)
Río Negro,informacion_consolidada_2026_6.xlsx,febrero,2026,month,2026-02,Total | Recursos | Origen Nacional | (1),127065.56833542287,Total | Recursos | Origen Nacional | (1)
Río Negro,informacion_consolidada_2026_6.xlsx,febrero,2026,month,2026-02,Transfer. | De Servicios | Ley | Nº 24.049,1.2167000000000001,Transfer. | De Servicios | Ley | Nº 24.049
Río Negro,informacion_consolidada_2026_6.xlsx,febrero,2026,month,2026-02,Vialidad | Provincial,840.3347,Vialidad | Provincial
Río Negro,informacion_consolidada_2026_6.xlsx,marzo,2026,month,2026-03,C.F.I. | Neta De | Ley Nº 26.075,90746.8461,CFI | Neta
Río Negro,informacion_consolidada_2026_6.xlsx,marzo,2026,month,2026-03,Compensación | Consenso Fiscal | II. a y b; II. d y e | (2),1956.144834,Compensación Consenso Fiscal
Río Negro,informacion_consolidada_2026_6.xlsx,marzo,2026,month,2026-03,F.E.D.E.I.,340.83995190994096,F.E.D.E.I.
Río Negro,informacion_consolidada_2026_6.xlsx,marzo,2026,month,2026-03,F.E.D.E.I.,481.03925984552524,F.E.D.E.I.
Río Negro,informacion_consolidada_2026_6.xlsx,marzo,2026,month,2026-03,Financ. | Educativo | Ley Nº 26.075,19538.997386415474,Financiamiento Educativo
Río Negro,informacion_consolidada_2026_6.xlsx,marzo,2026,month,2026-03,Fondo | Compens. | de | Desequilib.,2.5,Fondo | Compens. | de | Desequilib.
Río Negro,informacion_consolidada_2026_6.xlsx,marzo,2026,month,2026-03,I.V.A. | Ley Nº 23.966 | Art. 5 | Punto 2,0.0,I.V.A. | Ley Nº 23.966 | Art. 5 | Punto 2
Río Negro,informacion_consolidada_2026_6.xlsx,marzo,2026,month,2026-03,Impuesto a los Combustibles Líquidos | Ley Nº 23.966 y Nº 24.699 | Obras de | Infraestr.,374.84340000000003,Impuesto a los Combustibles Líquidos | Ley Nº 23.966 y Nº 24.699 | Obras de | Infraestr.
Río Negro,informacion_consolidada_2026_6.xlsx,marzo,2026,month,2026-03,Impuesto s/ | Los Activos | Fdo. Educ. | Ley Nº 23.906,0.0,Impuesto s/ | Los Activos | Fdo. Educ. | Ley Nº 23.906
Río Negro,informacion_consolidada_2026_6.xlsx,marzo,2026,month,2026-03,Impuesto sobre los | Bienes Personales | Ley | Nº 24.699,493.0573,Impuesto sobre los | Bienes Personales | Ley | Nº 24.699
Río Negro,informacion_consolidada_2026_6.xlsx,marzo,2026,month,2026-03,Ley Nº 23.966 | Art. 30,0.0,Ley Nº 23.966 | Art. 30
Río Negro,informacion_consolidada_2026_6.xlsx,marzo,2026,month,2026-03,Ley Nº 24.464 | FO.NA.VI.,3263.2825,Ley Nº 24.464 | FO.NA.VI.
Río Negro,informacion_consolidada_2026_6.xlsx,marzo,2026,month,2026-03,Reg.Simplif. | P/Peq.Contrib. | Ley Nº 24.977 | Aart. 59 Inc. A,705.7524000000001,Reg.Simplif. | P/Peq.Contrib. | Ley Nº 24.977 | Aart. 59 Inc. A
Río Negro,informacion_consolidada_2026_6.xlsx,marzo,2026,month,2026-03,Régimen de la Energía Eléctrica | L E Y Nº 2 4 . 0 6 5 | Fdo. P/Comp. | Tarifa Elect.,662.7421132474764,Régimen de la Energía Eléctrica | L E Y Nº 2 4 . 0 6 5 | Fdo. P/Comp. | Tarifa Elect.
Río Negro,informacion_consolidada_2026_6.xlsx,marzo,2026,month,2026-03,Subtotal,110285.84348641547,Subtotal
Río Negro,informacion_consolidada_2026_6.xlsx,marzo,2026,month,2026-03,Subtotal,110287.06018641547,Subtotal
Río Negro,informacion_consolidada_2026_6.xlsx,marzo,2026,month,2026-03,Total | (1) + (2),119397.23554541841,Total | (1) + (2)
Río Negro,informacion_consolidada_2026_6.xlsx,marzo,2026,month,2026-03,Total | Recursos | Origen Nacional | (1),117441.09071141841,Total | Recursos | Origen Nacional | (1)
Río Negro,informacion_consolidada_2026_6.xlsx,marzo,2026,month,2026-03,Transfer. | De Servicios | Ley | Nº 24.049,1.2167000000000001,Transfer. | De Servicios | Ley | Nº 24.049
Río Negro,informacion_consolidada_2026_6.xlsx,marzo,2026,month,2026-03,Vialidad | Provincial,829.9736,Vialidad | Provincial
Río Negro,informacion_consolidada_2026_6.xlsx,abril,2026,month,2026-04,C.F.I. | Neta De | Ley Nº 26.075,103062.49,CFI | Neta
Río Negro,informacion_consolidada_2026_6.xlsx,abril,2026,month,2026-04,Compensación | Consenso Fiscal | II. a y b; II. d y e | (2),2029.16214,Compensación Consenso Fiscal
Río Negro,informacion_consolidada_2026_6.xlsx,abril,2026,month,2026-04,F.E.D.E.I.,0.0,F.E.D.E.I.
Río Negro,informacion_consolidada_2026_6.xlsx,abril,2026,month,2026-04,F.E.D.E.I.,0.0,F.E.D.E.I.
Río Negro,informacion_consolidada_2026_6.xlsx,abril,2026,month,2026-04,Financ. | Educativo | Ley Nº 26.075,20388.51901191175,Financiamiento Educativo
Río Negro,informacion_consolidada_2026_6.xlsx,abril,2026,month,2026-04,Fondo | Compens. | de | Desequilib.,2.5,Fondo | Compens. | de | Desequilib.
Río Negro,informacion_consolidada_2026_6.xlsx,abril,2026,month,2026-04,I.V.A. | Ley Nº 23.966 | Art. 5 | Punto 2,0.0,I.V.A. | Ley Nº 23.966 | Art. 5 | Punto 2
Río Negro,informacion_consolidada_2026_6.xlsx,abril,2026,month,2026-04,Impuesto a los Combustibles Líquidos | Ley Nº 23.966 y Nº 24.699 | Obras de | Infraestr.,408.1803,Impuesto a los Combustibles Líquidos | Ley Nº 23.966 y Nº 24.699 | Obras de | Infraestr.
Río Negro,informacion_consolidada_2026_6.xlsx,abril,2026,month,2026-04,Impuesto s/ | Los Activos | Fdo. Educ. | Ley Nº 23.906,0.0,Impuesto s/ | Los Activos | Fdo. Educ. | Ley Nº 23.906
Río Negro,informacion_consolidada_2026_6.xlsx,abril,2026,month,2026-04,Impuesto sobre los | Bienes Personales | Ley | Nº 24.699,851.077,Impuesto sobre los | Bienes Personales | Ley | Nº 24.699
Río Negro,informacion_consolidada_2026_6.xlsx,abril,2026,month,2026-04,Ley Nº 23.966 | Art. 30,0.0,Ley Nº 23.966 | Art. 30
Río Negro,informacion_consolidada_2026_6.xlsx,abril,2026,month,2026-04,Ley Nº 24.464 | FO.NA.VI.,3553.5047000000004,Ley Nº 24.464 | FO.NA.VI.
Río Negro,informacion_consolidada_2026_6.xlsx,abril,2026,month,2026-04,Reg.Simplif. | P/Peq.Contrib. | Ley Nº 24.977 | Aart. 59 Inc. A,808.2711999999999,Reg.Simplif. | P/Peq.Contrib. | Ley Nº 24.977 | Aart. 59 Inc. A
Río Negro,informacion_consolidada_2026_6.xlsx,abril,2026,month,2026-04,Régimen de la Energía Eléctrica | L E Y Nº 2 4 . 0 6 5 | Fdo. P/Comp. | Tarifa Elect.,0.0,Régimen de la Energía Eléctrica | L E Y Nº 2 4 . 0 6 5 | Fdo. P/Comp. | Tarifa Elect.
Río Negro,informacion_consolidada_2026_6.xlsx,abril,2026,month,2026-04,Subtotal,123451.00901191175,Subtotal
Río Negro,informacion_consolidada_2026_6.xlsx,abril,2026,month,2026-04,Subtotal,123452.22571191176,Subtotal
Río Negro,informacion_consolidada_2026_6.xlsx,abril,2026,month,2026-04,Total | (1) + (2),132008.70885191177,Total | (1) + (2)
Río Negro,informacion_consolidada_2026_6.xlsx,abril,2026,month,2026-04,Total | Recursos | Origen Nacional | (1),129979.54671191178,Total | Recursos | Origen Nacional | (1)
Río Negro,informacion_consolidada_2026_6.xlsx,abril,2026,month,2026-04,Transfer. | De Servicios | Ley | Nº 24.049,1.2167000000000001,Transfer. | De Servicios | Ley | Nº 24.049
Río Negro,informacion_consolidada_2026_6.xlsx,abril,2026,month,2026-04,Vialidad | Provincial,903.7878000000001,Vialidad | Provincial
Río Negro,informacion_consolidada_2026_6.xlsx,mayo,2026,month,2026-05,C.F.I. | Neta De | Ley Nº 26.075,166809.9393,CFI | Neta
Río Negro,informacion_consolidada_2026_6.xlsx,mayo,2026,month,2026-05,Compensación | Consenso Fiscal | II. a y b; II. d y e | (2),1927.704033,Compensación Consenso Fiscal
Río Negro,informacion_consolidada_2026_6.xlsx,mayo,2026,month,2026-05,F.E.D.E.I.,211.12039275739363,F.E.D.E.I.
Río Negro,informacion_consolidada_2026_6.xlsx,mayo,2026,month,2026-05,F.E.D.E.I.,261.3775799858215,F.E.D.E.I.
Río Negro,informacion_consolidada_2026_6.xlsx,mayo,2026,month,2026-05,Financ. | Educativo | Ley Nº 26.075,16140.91088443013,Financiamiento Educativo
Río Negro,informacion_consolidada_2026_6.xlsx,mayo,2026,month,2026-05,Fondo | Compens. | de | Desequilib.,2.5,Fondo | Compens. | de | Desequilib.
Río Negro,informacion_consolidada_2026_6.xlsx,mayo,2026,month,2026-05,I.V.A. | Ley Nº 23.966 | Art. 5 | Punto 2,0.0,I.V.A. | Ley Nº 23.966 | Art. 5 | Punto 2
Río Negro,informacion_consolidada_2026_6.xlsx,mayo,2026,month,2026-05,Impuesto a los Combustibles Líquidos | Ley Nº 23.966 y Nº 24.699 | Obras de | Infraestr.,376.085,Impuesto a los Combustibles Líquidos | Ley Nº 23.966 y Nº 24.699 | Obras de | Infraestr.
Río Negro,informacion_consolidada_2026_6.xlsx,mayo,2026,month,2026-05,Impuesto s/ | Los Activos | Fdo. Educ. | Ley Nº 23.906,0.0,Impuesto s/ | Los Activos | Fdo. Educ. | Ley Nº 23.906
Río Negro,informacion_consolidada_2026_6.xlsx,mayo,2026,month,2026-05,Impuesto sobre los | Bienes Personales | Ley | Nº 24.699,938.152,Impuesto sobre los | Bienes Personales | Ley | Nº 24.699
Río Negro,informacion_consolidada_2026_6.xlsx,mayo,2026,month,2026-05,Ley Nº 23.966 | Art. 30,0.0,Ley Nº 23.966 | Art. 30
Río Negro,informacion_consolidada_2026_6.xlsx,mayo,2026,month,2026-05,Ley Nº 24.464 | FO.NA.VI.,3274.0912000000003,Ley Nº 24.464 | FO.NA.VI.
Río Negro,informacion_consolidada_2026_6.xlsx,mayo,2026,month,2026-05,Reg.Simplif. | P/Peq.Contrib. | Ley Nº 24.977 | Aart. 59 Inc. A,791.4514,Reg.Simplif. | P/Peq.Contrib. | Ley Nº 24.977 | Aart. 59 Inc. A
Río Negro,informacion_consolidada_2026_6.xlsx,mayo,2026,month,2026-05,Régimen de la Energía Eléctrica | L E Y Nº 2 4 . 0 6 5 | Fdo. P/Comp. | Tarifa Elect.,338.4019254975672,Régimen de la Energía Eléctrica | L E Y Nº 2 4 . 0 6 5 | Fdo. P/Comp. | Tarifa Elect.
Río Negro,informacion_consolidada_2026_6.xlsx,mayo,2026,month,2026-05,Subtotal,182950.85018443014,Subtotal
Río Negro,informacion_consolidada_2026_6.xlsx,mayo,2026,month,2026-05,Subtotal,182952.06688443013,Subtotal
Río Negro,informacion_consolidada_2026_6.xlsx,mayo,2026,month,2026-05,Total | (1) + (2),191905.67301567088,Total | (1) + (2)
Río Negro,informacion_consolidada_2026_6.xlsx,mayo,2026,month,2026-05,Total | Recursos | Origen Nacional | (1),189977.9689826709,Total | Recursos | Origen Nacional | (1)
Río Negro,informacion_consolidada_2026_6.xlsx,mayo,2026,month,2026-05,Transfer. | De Servicios | Ley | Nº 24.049,1.2167000000000001,Transfer. | De Servicios | Ley | Nº 24.049
Río Negro,informacion_consolidada_2026_6.xlsx,mayo,2026,month,2026-05,Vialidad | Provincial,832.7225999999999,Vialidad | Provincial
Río Negro,informacion_consolidada_2026_6.xlsx,junio,2026,month,2026-06,C.F.I. | Neta De | Ley Nº 26.075,112799.87640000001,CFI | Neta
Río Negro,informacion_consolidada_2026_6.xlsx,junio,2026,month,2026-06,Compensación | Consenso Fiscal | II. a y b; II. d y e | (2),2130.620247,Compensación Consenso Fiscal
Río Negro,informacion_consolidada_2026_6.xlsx,junio,2026,month,2026-06,F.E.D.E.I.,441.75075081856227,F.E.D.E.I.
Río Negro,informacion_consolidada_2026_6.xlsx,junio,2026,month,2026-06,F.E.D.E.I.,634.2855178646362,F.E.D.E.I.
Río Negro,informacion_consolidada_2026_6.xlsx,junio,2026,month,2026-06,Financ. | Educativo | Ley Nº 26.075,17839.954135422773,Financiamiento Educativo
Río Negro,informacion_consolidada_2026_6.xlsx,junio,2026,month,2026-06,Fondo | Compens. | de | Desequilib.,2.5,Fondo | Compens. | de | Desequilib.
Río Negro,informacion_consolidada_2026_6.xlsx,junio,2026,month,2026-06,I.V.A. | Ley Nº 23.966 | Art. 5 | Punto 2,0.0,I.V.A. | Ley Nº 23.966 | Art. 5 | Punto 2
Río Negro,informacion_consolidada_2026_6.xlsx,junio,2026,month,2026-06,Impuesto a los Combustibles Líquidos | Ley Nº 23.966 y Nº 24.699 | Obras de | Infraestr.,466.5512,Impuesto a los Combustibles Líquidos | Ley Nº 23.966 y Nº 24.699 | Obras de | Infraestr.
Río Negro,informacion_consolidada_2026_6.xlsx,junio,2026,month,2026-06,Impuesto s/ | Los Activos | Fdo. Educ. | Ley Nº 23.906,0.0,Impuesto s/ | Los Activos | Fdo. Educ. | Ley Nº 23.906
Río Negro,informacion_consolidada_2026_6.xlsx,junio,2026,month,2026-06,Impuesto sobre los | Bienes Personales | Ley | Nº 24.699,22558.8443,Impuesto sobre los | Bienes Personales | Ley | Nº 24.699
Río Negro,informacion_consolidada_2026_6.xlsx,junio,2026,month,2026-06,Ley Nº 23.966 | Art. 30,0.0,Ley Nº 23.966 | Art. 30
Río Negro,informacion_consolidada_2026_6.xlsx,junio,2026,month,2026-06,Ley Nº 24.464 | FO.NA.VI.,4061.6656000000003,Ley Nº 24.464 | FO.NA.VI.
Río Negro,informacion_consolidada_2026_6.xlsx,junio,2026,month,2026-06,Reg.Simplif. | P/Peq.Contrib. | Ley Nº 24.977 | Aart. 59 Inc. A,806.5946,Reg.Simplif. | P/Peq.Contrib. | Ley Nº 24.977 | Aart. 59 Inc. A
Río Negro,informacion_consolidada_2026_6.xlsx,junio,2026,month,2026-06,Régimen de la Energía Eléctrica | L E Y Nº 2 4 . 0 6 5 | Fdo. P/Comp. | Tarifa Elect.,977.7329543668084,Régimen de la Energía Eléctrica | L E Y Nº 2 4 . 0 6 5 | Fdo. P/Comp. | Tarifa Elect.
Río Negro,informacion_consolidada_2026_6.xlsx,junio,2026,month,2026-06,Subtotal,130639.83053542278,Subtotal
Río Negro,informacion_consolidada_2026_6.xlsx,junio,2026,month,2026-06,Subtotal,130641.04723542278,Subtotal
Río Negro,informacion_consolidada_2026_6.xlsx,junio,2026,month,2026-06,Total | (1) + (2),163754.6244054728,Total | (1) + (2)
Río Negro,informacion_consolidada_2026_6.xlsx,junio,2026,month,2026-06,Total | Recursos | Origen Nacional | (1),161624.0041584728,Total | Recursos | Origen Nacional | (1)
Río Negro,informacion_consolidada_2026_6.xlsx,junio,2026,month,2026-06,Transfer. | De Servicios | Ley | Nº 24.049,1.2167000000000001,Transfer. | De Servicios | Ley | Nº 24.049
Río Negro,informacion_consolidada_2026_6.xlsx,junio,2026,month,2026-06,Vialidad | Provincial,1033.032,Vialidad | Provincial
Río Negro,informacion_consolidada_2026_6.xlsx,julio,2026,month,2026-07,C.F.I. | Neta De | Ley Nº 26.075,143415.6965,CFI | Neta
Río Negro,informacion_consolidada_2026_6.xlsx,julio,2026,month,2026-07,Compensación | Consenso Fiscal | II. a y b; II. d y e | (2),2560.074573,Compensación Consenso Fiscal
Río Negro,informacion_consolidada_2026_6.xlsx,julio,2026,month,2026-07,F.E.D.E.I.,263.0044279090747,F.E.D.E.I.
Río Negro,informacion_consolidada_2026_6.xlsx,julio,2026,month,2026-07,F.E.D.E.I.,322.2160442355876,F.E.D.E.I.
Río Negro,informacion_consolidada_2026_6.xlsx,julio,2026,month,2026-07,Financ. | Educativo | Ley Nº 26.075,17839.954135422773,Financiamiento Educativo
Río Negro,informacion_consolidada_2026_6.xlsx,julio,2026,month,2026-07,Fondo | Compens. | de | Desequilib.,2.5,Fondo | Compens. | de | Desequilib.
Río Negro,informacion_consolidada_2026_6.xlsx,julio,2026,month,2026-07,I.V.A. | Ley Nº 23.966 | Art. 5 | Punto 2,0.0,I.V.A. | Ley Nº 23.966 | Art. 5 | Punto 2
Río Negro,informacion_consolidada_2026_6.xlsx,julio,2026,month,2026-07,Impuesto a los Combustibles Líquidos | Ley Nº 23.966 y Nº 24.699 | Obras de | Infraestr.,419.70320000000004,Impuesto a los Combustibles Líquidos | Ley Nº 23.966 y Nº 24.699 | Obras de | Infraestr.
Río Negro,informacion_consolidada_2026_6.xlsx,julio,2026,month,2026-07,Impuesto s/ | Los Activos | Fdo. Educ. | Ley Nº 23.906,0.0,Impuesto s/ | Los Activos | Fdo. Educ. | Ley Nº 23.906
Río Negro,informacion_consolidada_2026_6.xlsx,julio,2026,month,2026-07,Impuesto sobre los | Bienes Personales | Ley | Nº 24.699,2276.8082999999997,Impuesto sobre los | Bienes Personales | Ley | Nº 24.699
Río Negro,informacion_consolidada_2026_6.xlsx,julio,2026,month,2026-07,Ley Nº 23.966 | Art. 30,0.0,Ley Nº 23.966 | Art. 30
Río Negro,informacion_consolidada_2026_6.xlsx,julio,2026,month,2026-07,Ley Nº 24.464 | FO.NA.VI.,3653.8191,Ley Nº 24.464 | FO.NA.VI.
Río Negro,informacion_consolidada_2026_6.xlsx,julio,2026,month,2026-07,Reg.Simplif. | P/Peq.Contrib. | Ley Nº 24.977 | Aart. 59 Inc. A,800.2387,Reg.Simplif. | P/Peq.Contrib. | Ley Nº 24.977 | Aart. 59 Inc. A
Río Negro,informacion_consolidada_2026_6.xlsx,julio,2026,month,2026-07,Régimen de la Energía Eléctrica | L E Y Nº 2 4 . 0 6 5 | Fdo. P/Comp. | Tarifa Elect.,503.4324952138579,Régimen de la Energía Eléctrica | L E Y Nº 2 4 . 0 6 5 | Fdo. P/Comp. | Tarifa Elect.
Río Negro,informacion_consolidada_2026_6.xlsx,julio,2026,month,2026-07,Subtotal,161255.65063542276,Subtotal
Río Negro,informacion_consolidada_2026_6.xlsx,julio,2026,month,2026-07,Subtotal,161256.86733542275,Subtotal
Río Negro,informacion_consolidada_2026_6.xlsx,julio,2026,month,2026-07,Total | (1) + (2),172987.96567578125,Total | (1) + (2)
Río Negro,informacion_consolidada_2026_6.xlsx,julio,2026,month,2026-07,Total | Recursos | Origen Nacional | (1),170427.89110278126,Total | Recursos | Origen Nacional | (1)
Río Negro,informacion_consolidada_2026_6.xlsx,julio,2026,month,2026-07,Transfer. | De Servicios | Ley | Nº 24.049,1.2167000000000001,Transfer. | De Servicios | Ley | Nº 24.049
Río Negro,informacion_consolidada_2026_6.xlsx,julio,2026,month,2026-07,Vialidad | Provincial,929.3015,Vialidad | Provincial
Río Negro,informacion_consolidada_2026_6.xlsx,agosto,2026,month,2026-08,C.F.I. | Neta De | Ley Nº 26.075,135820.11880000003,CFI | Neta
Río Negro,informacion_consolidada_2026_6.xlsx,agosto,2026,month,2026-08,Compensación | Consenso Fiscal | II. a y b; II. d y e | (2),2438.16626,Compensación Consenso Fiscal
Río Negro,informacion_consolidada_2026_6.xlsx,agosto,2026,month,2026-08,F.E.D.E.I.,0.0,F.E.D.E.I.
Río Negro,informacion_consolidada_2026_6.xlsx,agosto,2026,month,2026-08,F.E.D.E.I.,0.0,F.E.D.E.I.
Río Negro,informacion_consolidada_2026_6.xlsx,agosto,2026,month,2026-08,Financ. | Educativo | Ley Nº 26.075,16990.432509926453,Financiamiento Educativo
Río Negro,informacion_consolidada_2026_6.xlsx,agosto,2026,month,2026-08,Fondo | Compens. | de | Desequilib.,2.5,Fondo | Compens. | de | Desequilib.
Río Negro,informacion_consolidada_2026_6.xlsx,agosto,2026,month,2026-08,I.V.A. | Ley Nº 23.966 | Art. 5 | Punto 2,0.0,I.V.A. | Ley Nº 23.966 | Art. 5 | Punto 2
Río Negro,informacion_consolidada_2026_6.xlsx,agosto,2026,month,2026-08,Impuesto a los Combustibles Líquidos | Ley Nº 23.966 y Nº 24.699 | Obras de | Infraestr.,457.4805,Impuesto a los Combustibles Líquidos | Ley Nº 23.966 y Nº 24.699 | Obras de | Infraestr.
Río Negro,informacion_consolidada_2026_6.xlsx,agosto,2026,month,2026-08,Impuesto s/ | Los Activos | Fdo. Educ. | Ley Nº 23.906,0.014711110000000001,Impuesto s/ | Los Activos | Fdo. Educ. | Ley Nº 23.906
Río Negro,informacion_consolidada_2026_6.xlsx,agosto,2026,month,2026-08,Impuesto sobre los | Bienes Personales | Ley | Nº 24.699,1834.6381000000001,Impuesto sobre los | Bienes Personales | Ley | Nº 24.699
Río Negro,informacion_consolidada_2026_6.xlsx,agosto,2026,month,2026-08,Ley Nº 23.966 | Art. 30,0.0,Ley Nº 23.966 | Art. 30
Río Negro,informacion_consolidada_2026_6.xlsx,agosto,2026,month,2026-08,Ley Nº 24.464 | FO.NA.VI.,3982.6986,Ley Nº 24.464 | FO.NA.VI.
Río Negro,informacion_consolidada_2026_6.xlsx,agosto,2026,month,2026-08,Reg.Simplif. | P/Peq.Contrib. | Ley Nº 24.977 | Aart. 59 Inc. A,942.1533000000001,Reg.Simplif. | P/Peq.Contrib. | Ley Nº 24.977 | Aart. 59 Inc. A
Río Negro,informacion_consolidada_2026_6.xlsx,agosto,2026,month,2026-08,Régimen de la Energía Eléctrica | L E Y Nº 2 4 . 0 6 5 | Fdo. P/Comp. | Tarifa Elect.,0.0,Régimen de la Energía Eléctrica | L E Y Nº 2 4 . 0 6 5 | Fdo. P/Comp. | Tarifa Elect.
Río Negro,informacion_consolidada_2026_6.xlsx,agosto,2026,month,2026-08,Subtotal,152810.5513099265,Subtotal
Río Negro,informacion_consolidada_2026_6.xlsx,agosto,2026,month,2026-08,Subtotal,152811.76800992648,Subtotal
Río Negro,informacion_consolidada_2026_6.xlsx,agosto,2026,month,2026-08,Total | (1) + (2),163482.3671810365,Total | (1) + (2)
Río Negro,informacion_consolidada_2026_6.xlsx,agosto,2026,month,2026-08,Total | Recursos | Origen Nacional | (1),161044.2009210365,Total | Recursos | Origen Nacional | (1)
Río Negro,informacion_consolidada_2026_6.xlsx,agosto,2026,month,2026-08,Transfer. | De Servicios | Ley | Nº 24.049,1.2167000000000001,Transfer. | De Servicios | Ley | Nº 24.049
Río Negro,informacion_consolidada_2026_6.xlsx,agosto,2026,month,2026-08,Vialidad | Provincial,1012.9476999999999,Vialidad | Provincial
Río Negro,informacion_consolidada_2026_6.xlsx,septiembre,2026,month,2026-09,C.F.I. | Neta De | Ley Nº 26.075,138374.1288,CFI | Neta
Río Negro,informacion_consolidada_2026_6.xlsx,septiembre,2026,month,2026-09,Compensación | Consenso Fiscal | II. a y b; II. d y e | (2),2681.982886,Compensación Consenso Fiscal
Río Negro,informacion_consolidada_2026_6.xlsx,septiembre,2026,month,2026-09,F.E.D.E.I.,493.95958296059337,F.E.D.E.I.
Río Negro,informacion_consolidada_2026_6.xlsx,septiembre,2026,month,2026-09,F.E.D.E.I.,727.3928899120514,F.E.D.E.I.
Río Negro,informacion_consolidada_2026_6.xlsx,septiembre,2026,month,2026-09,Financ. | Educativo | Ley Nº 26.075,18689.47576091925,Financiamiento Educativo
Río Negro,informacion_consolidada_2026_6.xlsx,septiembre,2026,month,2026-09,Fondo | Compens. | de | Desequilib.,2.5,Fondo | Compens. | de | Desequilib.
Río Negro,informacion_consolidada_2026_6.xlsx,septiembre,2026,month,2026-09,I.V.A. | Ley Nº 23.966 | Art. 5 | Punto 2,0.0,I.V.A. | Ley Nº 23.966 | Art. 5 | Punto 2
Río Negro,informacion_consolidada_2026_6.xlsx,septiembre,2026,month,2026-09,Impuesto a los Combustibles Líquidos | Ley Nº 23.966 y Nº 24.699 | Obras de | Infraestr.,452.47970000000004,Impuesto a los Combustibles Líquidos | Ley Nº 23.966 y Nº 24.699 | Obras de | Infraestr.
Río Negro,informacion_consolidada_2026_6.xlsx,septiembre,2026,month,2026-09,Impuesto s/ | Los Activos | Fdo. Educ. | Ley Nº 23.906,0.0,Impuesto s/ | Los Activos | Fdo. Educ. | Ley Nº 23.906
Río Negro,informacion_consolidada_2026_6.xlsx,septiembre,2026,month,2026-09,Impuesto sobre los | Bienes Personales | Ley | Nº 24.699,1238.3174,Impuesto sobre los | Bienes Personales | Ley | Nº 24.699
Río Negro,informacion_consolidada_2026_6.xlsx,septiembre,2026,month,2026-09,Ley Nº 23.966 | Art. 30,0.0,Ley Nº 23.966 | Art. 30
Río Negro,informacion_consolidada_2026_6.xlsx,septiembre,2026,month,2026-09,Ley Nº 24.464 | FO.NA.VI.,3939.1627999999996,Ley Nº 24.464 | FO.NA.VI.
Río Negro,informacion_consolidada_2026_6.xlsx,septiembre,2026,month,2026-09,Reg.Simplif. | P/Peq.Contrib. | Ley Nº 24.977 | Aart. 59 Inc. A,971.7854,Reg.Simplif. | P/Peq.Contrib. | Ley Nº 24.977 | Aart. 59 Inc. A
Río Negro,informacion_consolidada_2026_6.xlsx,septiembre,2026,month,2026-09,Régimen de la Energía Eléctrica | L E Y Nº 2 4 . 0 6 5 | Fdo. P/Comp. | Tarifa Elect.,1108.0964051512613,Régimen de la Energía Eléctrica | L E Y Nº 2 4 . 0 6 5 | Fdo. P/Comp. | Tarifa Elect.
Río Negro,informacion_consolidada_2026_6.xlsx,septiembre,2026,month,2026-09,Subtotal,157063.60456091925,Subtotal
Río Negro,informacion_consolidada_2026_6.xlsx,septiembre,2026,month,2026-09,Subtotal,157064.82126091924,Subtotal
Río Negro,informacion_consolidada_2026_6.xlsx,septiembre,2026,month,2026-09,Total | (1) + (2),169682.37322494315,Total | (1) + (2)
Río Negro,informacion_consolidada_2026_6.xlsx,septiembre,2026,month,2026-09,Total | Recursos | Origen Nacional | (1),167000.39033894314,Total | Recursos | Origen Nacional | (1)
Río Negro,informacion_consolidada_2026_6.xlsx,septiembre,2026,month,2026-09,Transfer. | De Servicios | Ley | Nº 24.049,1.2167000000000001,Transfer. | De Servicios | Ley | Nº 24.049
Río Negro,informacion_consolidada_2026_6.xlsx,septiembre,2026,month,2026-09,Vialidad | Provincial,1001.8749,Vialidad | Provincial
Río Negro,informacion_consolidada_2026_6.xlsx,CONS,2026,consolidated,CONS,C.F.I. | Neta De | Ley Nº 26.075,1115740.1577,CFI | Neta
Río Negro,informacion_consolidada_2026_6.xlsx,CONS,2026,consolidated,CONS,Compensación | Consenso Fiscal | II. a y b; II. d y e | (2),19356.695379,Compensación Consenso Fiscal
Río Negro,informacion_consolidada_2026_6.xlsx,CONS,2026,consolidated,CONS,F.E.D.E.I.,2001.9910580029266,F.E.D.E.I.
Río Negro,informacion_consolidada_2026_6.xlsx,CONS,2026,consolidated,CONS,F.E.D.E.I.,2664.7927132842224,F.E.D.E.I.
Río Negro,informacion_consolidada_2026_6.xlsx,CONS,2026,consolidated,CONS,Financ. | Educativo | Ley Nº 26.075,154612.9358,Financiamiento Educativo
Río Negro,informacion_consolidada_2026_6.xlsx,CONS,2026,consolidated,CONS,Fondo | Compens. | de | Desequilib.,22.5,Fondo | Compens. | de | Desequilib.
Río Negro,informacion_consolidada_2026_6.xlsx,CONS,2026,consolidated,CONS,I.V.A. | Ley Nº 23.966 | Art. 5 | Punto 2,0.0,I.V.A. | Ley Nº 23.966 | Art. 5 | Punto 2
Río Negro,informacion_consolidada_2026_6.xlsx,CONS,2026,consolidated,CONS,Impuesto a los Combustibles Líquidos | Ley Nº 23.966 y Nº 24.699 | Obras de | Infraestr.,3560.6289,Impuesto a los Combustibles Líquidos | Ley Nº 23.966 y Nº 24.699 | Obras de | Infraestr.
Río Negro,informacion_consolidada_2026_6.xlsx,CONS,2026,consolidated,CONS,Impuesto s/ | Los Activos | Fdo. Educ. | Ley Nº 23.906,0.0147,Impuesto s/ | Los Activos | Fdo. Educ. | Ley Nº 23.906
Río Negro,informacion_consolidada_2026_6.xlsx,CONS,2026,consolidated,CONS,Impuesto sobre los | Bienes Personales | Ley | Nº 24.699,31938.004800000002,Impuesto sobre los | Bienes Personales | Ley | Nº 24.699
Río Negro,informacion_consolidada_2026_6.xlsx,CONS,2026,consolidated,CONS,Ley Nº 23.966 | Art. 30,0.0,Ley Nº 23.966 | Art. 30
Río Negro,informacion_consolidada_2026_6.xlsx,CONS,2026,consolidated,CONS,Ley Nº 24.464 | FO.NA.VI.,30997.847400000006,Ley Nº 24.464 | FO.NA.VI.
Río Negro,informacion_consolidada_2026_6.xlsx,CONS,2026,consolidated,CONS,Reg.Simplif. | P/Peq.Contrib. | Ley Nº 24.977 | Aart. 59 Inc. A,7190.3993,Reg.Simplif. | P/Peq.Contrib. | Ley Nº 24.977 | Aart. 59 Inc. A
Río Negro,informacion_consolidada_2026_6.xlsx,CONS,2026,consolidated,CONS,Régimen de la Energía Eléctrica | L E Y Nº 2 4 . 0 6 5 | Fdo. P/Comp. | Tarifa Elect.,3887.8001999999997,Régimen de la Energía Eléctrica | L E Y Nº 2 4 . 0 6 5 | Fdo. P/Comp. | Tarifa Elect.
Río Negro,informacion_consolidada_2026_6.xlsx,CONS,2026,consolidated,CONS,Subtotal,1270353.0935000002,Subtotal
Río Negro,informacion_consolidada_2026_6.xlsx,CONS,2026,consolidated,CONS,Subtotal,1270364.0438,Subtotal
Río Negro,informacion_consolidada_2026_6.xlsx,CONS,2026,consolidated,CONS,Total | (1) + (2),1379868.618550287,Total | (1) + (2)
Río Negro,informacion_consolidada_2026_6.xlsx,CONS,2026,consolidated,CONS,Total | Recursos | Origen Nacional | (1),1360511.9231712872,Total | Recursos | Origen Nacional | (1)
Río Negro,informacion_consolidada_2026_6.xlsx,CONS,2026,consolidated,CONS,Transfer. | De Servicios | Ley | Nº 24.049,10.9503,Transfer. | De Servicios | Ley | Nº 24.049
Río Negro,informacion_consolidada_2026_6.xlsx,CONS,2026,consolidated,CONS,Vialidad | Provincial,7883.9003,Vialidad | Provincial
Salta,informacion_consolidada_2026_6.xlsx,enero,2026,month,2026-01,C.F.I. | Neta De | Ley Nº 26.075,179784.2065,CFI | Neta
Salta,informacion_consolidada_2026_6.xlsx,enero,2026,month,2026-01,Compensación | Consenso Fiscal | II. a y b; II. d y e | (2),15685.344971,Compensación Consenso Fiscal
Salta,informacion_consolidada_2026_6.xlsx,enero,2026,month,2026-01,F.E.D.E.I.,257.10690847512046,F.E.D.E.I.
Salta,informacion_consolidada_2026_6.xlsx,enero,2026,month,2026-01,F.E.D.E.I.,243.97663814711206,F.E.D.E.I.
Salta,informacion_consolidada_2026_6.xlsx,enero,2026,month,2026-01,Financ. | Educativo | Ley Nº 26.075,19404.373740845018,Financiamiento Educativo
Salta,informacion_consolidada_2026_6.xlsx,enero,2026,month,2026-01,Fondo | Compens. | de | Desequilib.,2.5,Fondo | Compens. | de | Desequilib.
Salta,informacion_consolidada_2026_6.xlsx,enero,2026,month,2026-01,I.V.A. | Ley Nº 23.966 | Art. 5 | Punto 2,0.0,I.V.A. | Ley Nº 23.966 | Art. 5 | Punto 2
Salta,informacion_consolidada_2026_6.xlsx,enero,2026,month,2026-01,Impuesto a los Combustibles Líquidos | Ley Nº 23.966 y Nº 24.699 | Obras de | Infraestr.,342.9833,Impuesto a los Combustibles Líquidos | Ley Nº 23.966 y Nº 24.699 | Obras de | Infraestr.
Salta,informacion_consolidada_2026_6.xlsx,enero,2026,month,2026-01,Impuesto s/ | Los Activos | Fdo. Educ. | Ley Nº 23.906,0.0,Impuesto s/ | Los Activos | Fdo. Educ. | Ley Nº 23.906
Salta,informacion_consolidada_2026_6.xlsx,enero,2026,month,2026-01,Impuesto sobre los | Bienes Personales | Ley | Nº 24.699,1104.2647,Impuesto sobre los | Bienes Personales | Ley | Nº 24.699
Salta,informacion_consolidada_2026_6.xlsx,enero,2026,month,2026-01,Ley Nº 23.966 | Art. 30,0.0,Ley Nº 23.966 | Art. 30
Salta,informacion_consolidada_2026_6.xlsx,enero,2026,month,2026-01,Ley Nº 24.464 | FO.NA.VI.,1747.2021000000002,Ley Nº 24.464 | FO.NA.VI.
Salta,informacion_consolidada_2026_6.xlsx,enero,2026,month,2026-01,Reg.Simplif. | P/Peq.Contrib. | Ley Nº 24.977 | Aart. 59 Inc. A,938.7553,Reg.Simplif. | P/Peq.Contrib. | Ley Nº 24.977 | Aart. 59 Inc. A
Salta,informacion_consolidada_2026_6.xlsx,enero,2026,month,2026-01,Régimen de la Energía Eléctrica | L E Y Nº 2 4 . 0 6 5 | Fdo. P/Comp. | Tarifa Elect.,461.87310692872035,Régimen de la Energía Eléctrica | L E Y Nº 2 4 . 0 6 5 | Fdo. P/Comp. | Tarifa Elect.
Salta,informacion_consolidada_2026_6.xlsx,enero,2026,month,2026-01,Subtotal,199188.580240845,Subtotal
Salta,informacion_consolidada_2026_6.xlsx,enero,2026,month,2026-01,Subtotal,199191.896940845,Subtotal
Salta,informacion_consolidada_2026_6.xlsx,enero,2026,month,2026-01,Total | (1) + (2),220571.70926539594,Total | (1) + (2)
Salta,informacion_consolidada_2026_6.xlsx,enero,2026,month,2026-01,Total | Recursos | Origen Nacional | (1),204886.36429439593,Total | Recursos | Origen Nacional | (1)
Salta,informacion_consolidada_2026_6.xlsx,enero,2026,month,2026-01,Transfer. | De Servicios | Ley | Nº 24.049,3.3167,Transfer. | De Servicios | Ley | Nº 24.049
Salta,informacion_consolidada_2026_6.xlsx,enero,2026,month,2026-01,Vialidad | Provincial,595.8053000000001,Vialidad | Provincial
Salta,informacion_consolidada_2026_6.xlsx,febrero,2026,month,2026-02,C.F.I. | Neta De | Ley Nº 26.075,146417.5079,CFI | Neta
Salta,informacion_consolidada_2026_6.xlsx,febrero,2026,month,2026-02,Compensación | Consenso Fiscal | II. a y b; II. d y e | (2),18158.867118000002,Compensación Consenso Fiscal
Salta,informacion_consolidada_2026_6.xlsx,febrero,2026,month,2026-02,F.E.D.E.I.,0.0,F.E.D.E.I.
Salta,informacion_consolidada_2026_6.xlsx,febrero,2026,month,2026-02,F.E.D.E.I.,0.0,F.E.D.E.I.
Salta,informacion_consolidada_2026_6.xlsx,febrero,2026,month,2026-02,Financ. | Educativo | Ley Nº 26.075,37044.71350524954,Financiamiento Educativo
Salta,informacion_consolidada_2026_6.xlsx,febrero,2026,month,2026-02,Fondo | Compens. | de | Desequilib.,2.5,Fondo | Compens. | de | Desequilib.
Salta,informacion_consolidada_2026_6.xlsx,febrero,2026,month,2026-02,I.V.A. | Ley Nº 23.966 | Art. 5 | Punto 2,0.0,I.V.A. | Ley Nº 23.966 | Art. 5 | Punto 2
Salta,informacion_consolidada_2026_6.xlsx,febrero,2026,month,2026-02,Impuesto a los Combustibles Líquidos | Ley Nº 23.966 y Nº 24.699 | Obras de | Infraestr.,576.5275,Impuesto a los Combustibles Líquidos | Ley Nº 23.966 y Nº 24.699 | Obras de | Infraestr.
Salta,informacion_consolidada_2026_6.xlsx,febrero,2026,month,2026-02,Impuesto s/ | Los Activos | Fdo. Educ. | Ley Nº 23.906,0.0,Impuesto s/ | Los Activos | Fdo. Educ. | Ley Nº 23.906
Salta,informacion_consolidada_2026_6.xlsx,febrero,2026,month,2026-02,Impuesto sobre los | Bienes Personales | Ley | Nº 24.699,1549.7428,Impuesto sobre los | Bienes Personales | Ley | Nº 24.699
Salta,informacion_consolidada_2026_6.xlsx,febrero,2026,month,2026-02,Ley Nº 23.966 | Art. 30,0.0,Ley Nº 23.966 | Art. 30
Salta,informacion_consolidada_2026_6.xlsx,febrero,2026,month,2026-02,Ley Nº 24.464 | FO.NA.VI.,2936.9071,Ley Nº 24.464 | FO.NA.VI.
Salta,informacion_consolidada_2026_6.xlsx,febrero,2026,month,2026-02,Reg.Simplif. | P/Peq.Contrib. | Ley Nº 24.977 | Aart. 59 Inc. A,1133.5083,Reg.Simplif. | P/Peq.Contrib. | Ley Nº 24.977 | Aart. 59 Inc. A
Salta,informacion_consolidada_2026_6.xlsx,febrero,2026,month,2026-02,Régimen de la Energía Eléctrica | L E Y Nº 2 4 . 0 6 5 | Fdo. P/Comp. | Tarifa Elect.,0.0,Régimen de la Energía Eléctrica | L E Y Nº 2 4 . 0 6 5 | Fdo. P/Comp. | Tarifa Elect.
Salta,informacion_consolidada_2026_6.xlsx,febrero,2026,month,2026-02,Subtotal,183462.22140524955,Subtotal
Salta,informacion_consolidada_2026_6.xlsx,febrero,2026,month,2026-02,Subtotal,183465.53810524955,Subtotal
Salta,informacion_consolidada_2026_6.xlsx,febrero,2026,month,2026-02,Total | (1) + (2),208825.09192324954,Total | (1) + (2)
Salta,informacion_consolidada_2026_6.xlsx,febrero,2026,month,2026-02,Total | Recursos | Origen Nacional | (1),190666.22480524954,Total | Recursos | Origen Nacional | (1)
Salta,informacion_consolidada_2026_6.xlsx,febrero,2026,month,2026-02,Transfer. | De Servicios | Ley | Nº 24.049,3.3167,Transfer. | De Servicios | Ley | Nº 24.049
Salta,informacion_consolidada_2026_6.xlsx,febrero,2026,month,2026-02,Vialidad | Provincial,1001.501,Vialidad | Provincial
Salta,informacion_consolidada_2026_6.xlsx,marzo,2026,month,2026-03,C.F.I. | Neta De | Ley Nº 26.075,126960.67540000001,CFI | Neta
Salta,informacion_consolidada_2026_6.xlsx,marzo,2026,month,2026-03,Compensación | Consenso Fiscal | II. a y b; II. d y e | (2),19685.344971000002,Compensación Consenso Fiscal
Salta,informacion_consolidada_2026_6.xlsx,marzo,2026,month,2026-03,F.E.D.E.I.,348.693768727652,F.E.D.E.I.
Salta,informacion_consolidada_2026_6.xlsx,marzo,2026,month,2026-03,F.E.D.E.I.,492.1236242476945,F.E.D.E.I.
Salta,informacion_consolidada_2026_6.xlsx,marzo,2026,month,2026-03,Financ. | Educativo | Ley Nº 26.075,40572.78145813049,Financiamiento Educativo
Salta,informacion_consolidada_2026_6.xlsx,marzo,2026,month,2026-03,Fondo | Compens. | de | Desequilib.,2.5,Fondo | Compens. | de | Desequilib.
Salta,informacion_consolidada_2026_6.xlsx,marzo,2026,month,2026-03,I.V.A. | Ley Nº 23.966 | Art. 5 | Punto 2,0.0,I.V.A. | Ley Nº 23.966 | Art. 5 | Punto 2
Salta,informacion_consolidada_2026_6.xlsx,marzo,2026,month,2026-03,Impuesto a los Combustibles Líquidos | Ley Nº 23.966 y Nº 24.699 | Obras de | Infraestr.,569.419,Impuesto a los Combustibles Líquidos | Ley Nº 23.966 y Nº 24.699 | Obras de | Infraestr.
Salta,informacion_consolidada_2026_6.xlsx,marzo,2026,month,2026-03,Impuesto s/ | Los Activos | Fdo. Educ. | Ley Nº 23.906,0.0,Impuesto s/ | Los Activos | Fdo. Educ. | Ley Nº 23.906
Salta,informacion_consolidada_2026_6.xlsx,marzo,2026,month,2026-03,Impuesto sobre los | Bienes Personales | Ley | Nº 24.699,748.9954,Impuesto sobre los | Bienes Personales | Ley | Nº 24.699
Salta,informacion_consolidada_2026_6.xlsx,marzo,2026,month,2026-03,Ley Nº 23.966 | Art. 30,0.0,Ley Nº 23.966 | Art. 30
Salta,informacion_consolidada_2026_6.xlsx,marzo,2026,month,2026-03,Ley Nº 24.464 | FO.NA.VI.,2900.6956,Ley Nº 24.464 | FO.NA.VI.
Salta,informacion_consolidada_2026_6.xlsx,marzo,2026,month,2026-03,Reg.Simplif. | P/Peq.Contrib. | Ley Nº 24.977 | Aart. 59 Inc. A,1072.098,Reg.Simplif. | P/Peq.Contrib. | Ley Nº 24.977 | Aart. 59 Inc. A
Salta,informacion_consolidada_2026_6.xlsx,marzo,2026,month,2026-03,Régimen de la Energía Eléctrica | L E Y Nº 2 4 . 0 6 5 | Fdo. P/Comp. | Tarifa Elect.,897.9615275416234,Régimen de la Energía Eléctrica | L E Y Nº 2 4 . 0 6 5 | Fdo. P/Comp. | Tarifa Elect.
Salta,informacion_consolidada_2026_6.xlsx,marzo,2026,month,2026-03,Subtotal,167533.4568581305,Subtotal
Salta,informacion_consolidada_2026_6.xlsx,marzo,2026,month,2026-03,Subtotal,167536.7735581305,Subtotal
Salta,informacion_consolidada_2026_6.xlsx,marzo,2026,month,2026-03,Total | (1) + (2),195243.7581496475,Total | (1) + (2)
Salta,informacion_consolidada_2026_6.xlsx,marzo,2026,month,2026-03,Total | Recursos | Origen Nacional | (1),175558.4131786475,Total | Recursos | Origen Nacional | (1)
Salta,informacion_consolidada_2026_6.xlsx,marzo,2026,month,2026-03,Transfer. | De Servicios | Ley | Nº 24.049,3.3167,Transfer. | De Servicios | Ley | Nº 24.049
Salta,informacion_consolidada_2026_6.xlsx,marzo,2026,month,2026-03,Vialidad | Provincial,989.1527,Vialidad | Provincial
Salta,informacion_consolidada_2026_6.xlsx,abril,2026,month,2026-04,C.F.I. | Neta De | Ley Nº 26.075,145195.6334,CFI | Neta
Salta,informacion_consolidada_2026_6.xlsx,abril,2026,month,2026-04,Compensación | Consenso Fiscal | II. a y b; II. d y e | (2),18737.828559999998,Compensación Consenso Fiscal
Salta,informacion_consolidada_2026_6.xlsx,abril,2026,month,2026-04,F.E.D.E.I.,0.0,F.E.D.E.I.
Salta,informacion_consolidada_2026_6.xlsx,abril,2026,month,2026-04,F.E.D.E.I.,0.0,F.E.D.E.I.
Salta,informacion_consolidada_2026_6.xlsx,abril,2026,month,2026-04,Financ. | Educativo | Ley Nº 26.075,42336.81543457103,Financiamiento Educativo
Salta,informacion_consolidada_2026_6.xlsx,abril,2026,month,2026-04,Fondo | Compens. | de | Desequilib.,2.5,Fondo | Compens. | de | Desequilib.
Salta,informacion_consolidada_2026_6.xlsx,abril,2026,month,2026-04,I.V.A. | Ley Nº 23.966 | Art. 5 | Punto 2,0.0,I.V.A. | Ley Nº 23.966 | Art. 5 | Punto 2
Salta,informacion_consolidada_2026_6.xlsx,abril,2026,month,2026-04,Impuesto a los Combustibles Líquidos | Ley Nº 23.966 y Nº 24.699 | Obras de | Infraestr.,620.0607,Impuesto a los Combustibles Líquidos | Ley Nº 23.966 y Nº 24.699 | Obras de | Infraestr.
Salta,informacion_consolidada_2026_6.xlsx,abril,2026,month,2026-04,Impuesto s/ | Los Activos | Fdo. Educ. | Ley Nº 23.906,0.0,Impuesto s/ | Los Activos | Fdo. Educ. | Ley Nº 23.906
Salta,informacion_consolidada_2026_6.xlsx,abril,2026,month,2026-04,Impuesto sobre los | Bienes Personales | Ley | Nº 24.699,1292.8573999999999,Impuesto sobre los | Bienes Personales | Ley | Nº 24.699
Salta,informacion_consolidada_2026_6.xlsx,abril,2026,month,2026-04,Ley Nº 23.966 | Art. 30,0.0,Ley Nº 23.966 | Art. 30
Salta,informacion_consolidada_2026_6.xlsx,abril,2026,month,2026-04,Ley Nº 24.464 | FO.NA.VI.,3158.6709,Ley Nº 24.464 | FO.NA.VI.
Salta,informacion_consolidada_2026_6.xlsx,abril,2026,month,2026-04,Reg.Simplif. | P/Peq.Contrib. | Ley Nº 24.977 | Aart. 59 Inc. A,1227.8328000000001,Reg.Simplif. | P/Peq.Contrib. | Ley Nº 24.977 | Aart. 59 Inc. A
Salta,informacion_consolidada_2026_6.xlsx,abril,2026,month,2026-04,Régimen de la Energía Eléctrica | L E Y Nº 2 4 . 0 6 5 | Fdo. P/Comp. | Tarifa Elect.,0.0,Régimen de la Energía Eléctrica | L E Y Nº 2 4 . 0 6 5 | Fdo. P/Comp. | Tarifa Elect.
Salta,informacion_consolidada_2026_6.xlsx,abril,2026,month,2026-04,Subtotal,187532.44883457103,Subtotal
Salta,informacion_consolidada_2026_6.xlsx,abril,2026,month,2026-04,Subtotal,187535.76553457102,Subtotal
Salta,informacion_consolidada_2026_6.xlsx,abril,2026,month,2026-04,Total | (1) + (2),213652.63949457102,Total | (1) + (2)
Salta,informacion_consolidada_2026_6.xlsx,abril,2026,month,2026-04,Total | Recursos | Origen Nacional | (1),194914.81093457103,Total | Recursos | Origen Nacional | (1)
Salta,informacion_consolidada_2026_6.xlsx,abril,2026,month,2026-04,Transfer. | De Servicios | Ley | Nº 24.049,3.3167,Transfer. | De Servicios | Ley | Nº 24.049
Salta,informacion_consolidada_2026_6.xlsx,abril,2026,month,2026-04,Vialidad | Provincial,1077.1236000000001,Vialidad | Provincial
Salta,informacion_consolidada_2026_6.xlsx,mayo,2026,month,2026-05,C.F.I. | Neta De | Ley Nº 26.075,244401.0581,CFI | Neta
Salta,informacion_consolidada_2026_6.xlsx,mayo,2026,month,2026-05,Compensación | Consenso Fiscal | II. a y b; II. d y e | (2),26050.937132,Compensación Consenso Fiscal
Salta,informacion_consolidada_2026_6.xlsx,mayo,2026,month,2026-05,F.E.D.E.I.,215.98514197958883,F.E.D.E.I.
Salta,informacion_consolidada_2026_6.xlsx,mayo,2026,month,2026-05,F.E.D.E.I.,267.4003822502402,F.E.D.E.I.
Salta,informacion_consolidada_2026_6.xlsx,mayo,2026,month,2026-05,Financ. | Educativo | Ley Nº 26.075,33516.64555236873,Financiamiento Educativo
Salta,informacion_consolidada_2026_6.xlsx,mayo,2026,month,2026-05,Fondo | Compens. | de | Desequilib.,2.5,Fondo | Compens. | de | Desequilib.
Salta,informacion_consolidada_2026_6.xlsx,mayo,2026,month,2026-05,I.V.A. | Ley Nº 23.966 | Art. 5 | Punto 2,0.0,I.V.A. | Ley Nº 23.966 | Art. 5 | Punto 2
Salta,informacion_consolidada_2026_6.xlsx,mayo,2026,month,2026-05,Impuesto a los Combustibles Líquidos | Ley Nº 23.966 y Nº 24.699 | Obras de | Infraestr.,571.3050999999999,Impuesto a los Combustibles Líquidos | Ley Nº 23.966 y Nº 24.699 | Obras de | Infraestr.
Salta,informacion_consolidada_2026_6.xlsx,mayo,2026,month,2026-05,Impuesto s/ | Los Activos | Fdo. Educ. | Ley Nº 23.906,0.0,Impuesto s/ | Los Activos | Fdo. Educ. | Ley Nº 23.906
Salta,informacion_consolidada_2026_6.xlsx,mayo,2026,month,2026-05,Impuesto sobre los | Bienes Personales | Ley | Nº 24.699,1425.1316000000002,Impuesto sobre los | Bienes Personales | Ley | Nº 24.699
Salta,informacion_consolidada_2026_6.xlsx,mayo,2026,month,2026-05,Ley Nº 23.966 | Art. 30,0.0,Ley Nº 23.966 | Art. 30
Salta,informacion_consolidada_2026_6.xlsx,mayo,2026,month,2026-05,Ley Nº 24.464 | FO.NA.VI.,2910.3033,Ley Nº 24.464 | FO.NA.VI.
Salta,informacion_consolidada_2026_6.xlsx,mayo,2026,month,2026-05,Reg.Simplif. | P/Peq.Contrib. | Ley Nº 24.977 | Aart. 59 Inc. A,1202.2821000000001,Reg.Simplif. | P/Peq.Contrib. | Ley Nº 24.977 | Aart. 59 Inc. A
Salta,informacion_consolidada_2026_6.xlsx,mayo,2026,month,2026-05,Régimen de la Energía Eléctrica | L E Y Nº 2 4 . 0 6 5 | Fdo. P/Comp. | Tarifa Elect.,492.41725179614957,Régimen de la Energía Eléctrica | L E Y Nº 2 4 . 0 6 5 | Fdo. P/Comp. | Tarifa Elect.
Salta,informacion_consolidada_2026_6.xlsx,mayo,2026,month,2026-05,Subtotal,277917.70365236874,Subtotal
Salta,informacion_consolidada_2026_6.xlsx,mayo,2026,month,2026-05,Subtotal,277921.02035236877,Subtotal
Salta,informacion_consolidada_2026_6.xlsx,mayo,2026,month,2026-05,Total | (1) + (2),312051.71136039484,Total | (1) + (2)
Salta,informacion_consolidada_2026_6.xlsx,mayo,2026,month,2026-05,Total | Recursos | Origen Nacional | (1),286000.77422839485,Total | Recursos | Origen Nacional | (1)
Salta,informacion_consolidada_2026_6.xlsx,mayo,2026,month,2026-05,Transfer. | De Servicios | Ley | Nº 24.049,3.3167,Transfer. | De Servicios | Ley | Nº 24.049
Salta,informacion_consolidada_2026_6.xlsx,mayo,2026,month,2026-05,Vialidad | Provincial,992.429,Vialidad | Provincial
Salta,informacion_consolidada_2026_6.xlsx,junio,2026,month,2026-06,C.F.I. | Neta De | Ley Nº 26.075,161408.1588,CFI | Neta
Salta,informacion_consolidada_2026_6.xlsx,junio,2026,month,2026-06,Compensación | Consenso Fiscal | II. a y b; II. d y e | (2),19424.719988,Compensación Consenso Fiscal
Salta,informacion_consolidada_2026_6.xlsx,junio,2026,month,2026-06,F.E.D.E.I.,451.92980832367067,F.E.D.E.I.
Salta,informacion_consolidada_2026_6.xlsx,junio,2026,month,2026-06,F.E.D.E.I.,648.9010646521074,F.E.D.E.I.
Salta,informacion_consolidada_2026_6.xlsx,junio,2026,month,2026-06,Financ. | Educativo | Ley Nº 26.075,37044.71350524967,Financiamiento Educativo
Salta,informacion_consolidada_2026_6.xlsx,junio,2026,month,2026-06,Fondo | Compens. | de | Desequilib.,2.5,Fondo | Compens. | de | Desequilib.
Salta,informacion_consolidada_2026_6.xlsx,junio,2026,month,2026-06,I.V.A. | Ley Nº 23.966 | Art. 5 | Punto 2,0.0,I.V.A. | Ley Nº 23.966 | Art. 5 | Punto 2
Salta,informacion_consolidada_2026_6.xlsx,junio,2026,month,2026-06,Impuesto a los Combustibles Líquidos | Ley Nº 23.966 y Nº 24.699 | Obras de | Infraestr.,708.7311,Impuesto a los Combustibles Líquidos | Ley Nº 23.966 y Nº 24.699 | Obras de | Infraestr.
Salta,informacion_consolidada_2026_6.xlsx,junio,2026,month,2026-06,Impuesto s/ | Los Activos | Fdo. Educ. | Ley Nº 23.906,0.0,Impuesto s/ | Los Activos | Fdo. Educ. | Ley Nº 23.906
Salta,informacion_consolidada_2026_6.xlsx,junio,2026,month,2026-06,Impuesto sobre los | Bienes Personales | Ley | Nº 24.699,34268.7787,Impuesto sobre los | Bienes Personales | Ley | Nº 24.699
Salta,informacion_consolidada_2026_6.xlsx,junio,2026,month,2026-06,Ley Nº 23.966 | Art. 30,0.0,Ley Nº 23.966 | Art. 30
Salta,informacion_consolidada_2026_6.xlsx,junio,2026,month,2026-06,Ley Nº 24.464 | FO.NA.VI.,3610.3694,Ley Nº 24.464 | FO.NA.VI.
Salta,informacion_consolidada_2026_6.xlsx,junio,2026,month,2026-06,Reg.Simplif. | P/Peq.Contrib. | Ley Nº 24.977 | Aart. 59 Inc. A,1225.2858999999999,Reg.Simplif. | P/Peq.Contrib. | Ley Nº 24.977 | Aart. 59 Inc. A
Salta,informacion_consolidada_2026_6.xlsx,junio,2026,month,2026-06,Régimen de la Energía Eléctrica | L E Y Nº 2 4 . 0 6 5 | Fdo. P/Comp. | Tarifa Elect.,1188.7320219927396,Régimen de la Energía Eléctrica | L E Y Nº 2 4 . 0 6 5 | Fdo. P/Comp. | Tarifa Elect.
Salta,informacion_consolidada_2026_6.xlsx,junio,2026,month,2026-06,Subtotal,198452.87230524968,Subtotal
Salta,informacion_consolidada_2026_6.xlsx,junio,2026,month,2026-06,Subtotal,198456.18900524967,Subtotal
Salta,informacion_consolidada_2026_6.xlsx,junio,2026,month,2026-06,Total | (1) + (2),261217.29218821818,Total | (1) + (2)
Salta,informacion_consolidada_2026_6.xlsx,junio,2026,month,2026-06,Total | Recursos | Origen Nacional | (1),241792.5722002182,Total | Recursos | Origen Nacional | (1)
Salta,informacion_consolidada_2026_6.xlsx,junio,2026,month,2026-06,Transfer. | De Servicios | Ley | Nº 24.049,3.3167,Transfer. | De Servicios | Ley | Nº 24.049
Salta,informacion_consolidada_2026_6.xlsx,junio,2026,month,2026-06,Vialidad | Provincial,1231.1552,Vialidad | Provincial
Salta,informacion_consolidada_2026_6.xlsx,julio,2026,month,2026-07,C.F.I. | Neta De | Ley Nº 26.075,207916.16030000002,CFI | Neta
Salta,informacion_consolidada_2026_6.xlsx,julio,2026,month,2026-07,Compensación | Consenso Fiscal | II. a y b; II. d y e | (2),17020.110732999998,Compensación Consenso Fiscal
Salta,informacion_consolidada_2026_6.xlsx,julio,2026,month,2026-07,F.E.D.E.I.,269.06471687877416,F.E.D.E.I.
Salta,informacion_consolidada_2026_6.xlsx,julio,2026,month,2026-07,F.E.D.E.I.,329.64071900079364,F.E.D.E.I.
Salta,informacion_consolidada_2026_6.xlsx,julio,2026,month,2026-07,Financ. | Educativo | Ley Nº 26.075,37044.71350524967,Financiamiento Educativo
Salta,informacion_consolidada_2026_6.xlsx,julio,2026,month,2026-07,Fondo | Compens. | de | Desequilib.,2.5,Fondo | Compens. | de | Desequilib.
Salta,informacion_consolidada_2026_6.xlsx,julio,2026,month,2026-07,I.V.A. | Ley Nº 23.966 | Art. 5 | Punto 2,0.0,I.V.A. | Ley Nº 23.966 | Art. 5 | Punto 2
Salta,informacion_consolidada_2026_6.xlsx,julio,2026,month,2026-07,Impuesto a los Combustibles Líquidos | Ley Nº 23.966 y Nº 24.699 | Obras de | Infraestr.,637.5648,Impuesto a los Combustibles Líquidos | Ley Nº 23.966 y Nº 24.699 | Obras de | Infraestr.
Salta,informacion_consolidada_2026_6.xlsx,julio,2026,month,2026-07,Impuesto s/ | Los Activos | Fdo. Educ. | Ley Nº 23.906,0.0,Impuesto s/ | Los Activos | Fdo. Educ. | Ley Nº 23.906
Salta,informacion_consolidada_2026_6.xlsx,julio,2026,month,2026-07,Impuesto sobre los | Bienes Personales | Ley | Nº 24.699,3458.663,Impuesto sobre los | Bienes Personales | Ley | Nº 24.699
Salta,informacion_consolidada_2026_6.xlsx,julio,2026,month,2026-07,Ley Nº 23.966 | Art. 30,0.0,Ley Nº 23.966 | Art. 30
Salta,informacion_consolidada_2026_6.xlsx,julio,2026,month,2026-07,Ley Nº 24.464 | FO.NA.VI.,3247.8392000000003,Ley Nº 24.464 | FO.NA.VI.
Salta,informacion_consolidada_2026_6.xlsx,julio,2026,month,2026-07,Reg.Simplif. | P/Peq.Contrib. | Ley Nº 24.977 | Aart. 59 Inc. A,1215.6307,Reg.Simplif. | P/Peq.Contrib. | Ley Nº 24.977 | Aart. 59 Inc. A
Salta,informacion_consolidada_2026_6.xlsx,julio,2026,month,2026-07,Régimen de la Energía Eléctrica | L E Y Nº 2 4 . 0 6 5 | Fdo. P/Comp. | Tarifa Elect.,604.6043914344457,Régimen de la Energía Eléctrica | L E Y Nº 2 4 . 0 6 5 | Fdo. P/Comp. | Tarifa Elect.
Salta,informacion_consolidada_2026_6.xlsx,julio,2026,month,2026-07,Subtotal,244960.8738052497,Subtotal
Salta,informacion_consolidada_2026_6.xlsx,julio,2026,month,2026-07,Subtotal,244964.1905052497,Subtotal
Salta,informacion_consolidada_2026_6.xlsx,julio,2026,month,2026-07,Total | (1) + (2),272857.3392655637,Total | (1) + (2)
Salta,informacion_consolidada_2026_6.xlsx,julio,2026,month,2026-07,Total | Recursos | Origen Nacional | (1),255837.2285325637,Total | Recursos | Origen Nacional | (1)
Salta,informacion_consolidada_2026_6.xlsx,julio,2026,month,2026-07,Transfer. | De Servicios | Ley | Nº 24.049,3.3167,Transfer. | De Servicios | Ley | Nº 24.049
Salta,informacion_consolidada_2026_6.xlsx,julio,2026,month,2026-07,Vialidad | Provincial,1107.5305,Vialidad | Provincial
Salta,informacion_consolidada_2026_6.xlsx,agosto,2026,month,2026-08,C.F.I. | Neta De | Ley Nº 26.075,196851.3794,CFI | Neta
Salta,informacion_consolidada_2026_6.xlsx,agosto,2026,month,2026-08,Compensación | Consenso Fiscal | II. a y b; II. d y e | (2),12400.10546,Compensación Consenso Fiscal
Salta,informacion_consolidada_2026_6.xlsx,agosto,2026,month,2026-08,F.E.D.E.I.,0.0,F.E.D.E.I.
Salta,informacion_consolidada_2026_6.xlsx,agosto,2026,month,2026-08,F.E.D.E.I.,0.0,F.E.D.E.I.
Salta,informacion_consolidada_2026_6.xlsx,agosto,2026,month,2026-08,Financ. | Educativo | Ley Nº 26.075,35280.6795288092,Financiamiento Educativo
Salta,informacion_consolidada_2026_6.xlsx,agosto,2026,month,2026-08,Fondo | Compens. | de | Desequilib.,2.5,Fondo | Compens. | de | Desequilib.
Salta,informacion_consolidada_2026_6.xlsx,agosto,2026,month,2026-08,I.V.A. | Ley Nº 23.966 | Art. 5 | Punto 2,0.0,I.V.A. | Ley Nº 23.966 | Art. 5 | Punto 2
Salta,informacion_consolidada_2026_6.xlsx,agosto,2026,month,2026-08,Impuesto a los Combustibles Líquidos | Ley Nº 23.966 y Nº 24.699 | Obras de | Infraestr.,694.9519,Impuesto a los Combustibles Líquidos | Ley Nº 23.966 y Nº 24.699 | Obras de | Infraestr.
Salta,informacion_consolidada_2026_6.xlsx,agosto,2026,month,2026-08,Impuesto s/ | Los Activos | Fdo. Educ. | Ley Nº 23.906,0.019518099999999997,Impuesto s/ | Los Activos | Fdo. Educ. | Ley Nº 23.906
Salta,informacion_consolidada_2026_6.xlsx,agosto,2026,month,2026-08,Impuesto sobre los | Bienes Personales | Ley | Nº 24.699,2786.9694,Impuesto sobre los | Bienes Personales | Ley | Nº 24.699
Salta,informacion_consolidada_2026_6.xlsx,agosto,2026,month,2026-08,Ley Nº 23.966 | Art. 30,0.0,Ley Nº 23.966 | Art. 30
Salta,informacion_consolidada_2026_6.xlsx,agosto,2026,month,2026-08,Ley Nº 24.464 | FO.NA.VI.,3540.1766000000002,Ley Nº 24.464 | FO.NA.VI.
Salta,informacion_consolidada_2026_6.xlsx,agosto,2026,month,2026-08,Reg.Simplif. | P/Peq.Contrib. | Ley Nº 24.977 | Aart. 59 Inc. A,1431.2111,Reg.Simplif. | P/Peq.Contrib. | Ley Nº 24.977 | Aart. 59 Inc. A
Salta,informacion_consolidada_2026_6.xlsx,agosto,2026,month,2026-08,Régimen de la Energía Eléctrica | L E Y Nº 2 4 . 0 6 5 | Fdo. P/Comp. | Tarifa Elect.,0.0,Régimen de la Energía Eléctrica | L E Y Nº 2 4 . 0 6 5 | Fdo. P/Comp. | Tarifa Elect.
Salta,informacion_consolidada_2026_6.xlsx,agosto,2026,month,2026-08,Subtotal,232132.05892880922,Subtotal
Salta,informacion_consolidada_2026_6.xlsx,agosto,2026,month,2026-08,Subtotal,232135.3756288092,Subtotal
Salta,informacion_consolidada_2026_6.xlsx,agosto,2026,month,2026-08,Total | (1) + (2),254198.5287069092,Total | (1) + (2)
Salta,informacion_consolidada_2026_6.xlsx,agosto,2026,month,2026-08,Total | Recursos | Origen Nacional | (1),241798.4232469092,Total | Recursos | Origen Nacional | (1)
Salta,informacion_consolidada_2026_6.xlsx,agosto,2026,month,2026-08,Transfer. | De Servicios | Ley | Nº 24.049,3.3167,Transfer. | De Servicios | Ley | Nº 24.049
Salta,informacion_consolidada_2026_6.xlsx,agosto,2026,month,2026-08,Vialidad | Provincial,1207.2191,Vialidad | Provincial
Salta,informacion_consolidada_2026_6.xlsx,septiembre,2026,month,2026-09,C.F.I. | Neta De | Ley Nº 26.075,199784.0564,CFI | Neta
Salta,informacion_consolidada_2026_6.xlsx,septiembre,2026,month,2026-09,Compensación | Consenso Fiscal | II. a y b; II. d y e | (2),13640.116005999998,Compensación Consenso Fiscal
Salta,informacion_consolidada_2026_6.xlsx,septiembre,2026,month,2026-09,F.E.D.E.I.,505.34166436417223,F.E.D.E.I.
Salta,informacion_consolidada_2026_6.xlsx,septiembre,2026,month,2026-09,F.E.D.E.I.,744.153866687516,F.E.D.E.I.
Salta,informacion_consolidada_2026_6.xlsx,septiembre,2026,month,2026-09,Financ. | Educativo | Ley Nº 26.075,38808.74748168964,Financiamiento Educativo
Salta,informacion_consolidada_2026_6.xlsx,septiembre,2026,month,2026-09,Fondo | Compens. | de | Desequilib.,2.5,Fondo | Compens. | de | Desequilib.
Salta,informacion_consolidada_2026_6.xlsx,septiembre,2026,month,2026-09,I.V.A. | Ley Nº 23.966 | Art. 5 | Punto 2,0.0,I.V.A. | Ley Nº 23.966 | Art. 5 | Punto 2
Salta,informacion_consolidada_2026_6.xlsx,septiembre,2026,month,2026-09,Impuesto a los Combustibles Líquidos | Ley Nº 23.966 y Nº 24.699 | Obras de | Infraestr.,687.3552,Impuesto a los Combustibles Líquidos | Ley Nº 23.966 y Nº 24.699 | Obras de | Infraestr.
Salta,informacion_consolidada_2026_6.xlsx,septiembre,2026,month,2026-09,Impuesto s/ | Los Activos | Fdo. Educ. | Ley Nº 23.906,0.0,Impuesto s/ | Los Activos | Fdo. Educ. | Ley Nº 23.906
Salta,informacion_consolidada_2026_6.xlsx,septiembre,2026,month,2026-09,Impuesto sobre los | Bienes Personales | Ley | Nº 24.699,1881.1081000000001,Impuesto sobre los | Bienes Personales | Ley | Nº 24.699
Salta,informacion_consolidada_2026_6.xlsx,septiembre,2026,month,2026-09,Ley Nº 23.966 | Art. 30,0.0,Ley Nº 23.966 | Art. 30
Salta,informacion_consolidada_2026_6.xlsx,septiembre,2026,month,2026-09,Ley Nº 24.464 | FO.NA.VI.,3501.478,Ley Nº 24.464 | FO.NA.VI.
Salta,informacion_consolidada_2026_6.xlsx,septiembre,2026,month,2026-09,Reg.Simplif. | P/Peq.Contrib. | Ley Nº 24.977 | Aart. 59 Inc. A,1476.2248,Reg.Simplif. | P/Peq.Contrib. | Ley Nº 24.977 | Aart. 59 Inc. A
Salta,informacion_consolidada_2026_6.xlsx,septiembre,2026,month,2026-09,Régimen de la Energía Eléctrica | L E Y Nº 2 4 . 0 6 5 | Fdo. P/Comp. | Tarifa Elect.,1276.8937844752516,Régimen de la Energía Eléctrica | L E Y Nº 2 4 . 0 6 5 | Fdo. P/Comp. | Tarifa Elect.
Salta,informacion_consolidada_2026_6.xlsx,septiembre,2026,month,2026-09,Subtotal,238592.80388168964,Subtotal
Salta,informacion_consolidada_2026_6.xlsx,septiembre,2026,month,2026-09,Subtotal,238596.12058168964,Subtotal
Salta,informacion_consolidada_2026_6.xlsx,septiembre,2026,month,2026-09,Total | (1) + (2),263505.3147032166,Total | (1) + (2)
Salta,informacion_consolidada_2026_6.xlsx,septiembre,2026,month,2026-09,Total | Recursos | Origen Nacional | (1),249865.1986972166,Total | Recursos | Origen Nacional | (1)
Salta,informacion_consolidada_2026_6.xlsx,septiembre,2026,month,2026-09,Transfer. | De Servicios | Ley | Nº 24.049,3.3167,Transfer. | De Servicios | Ley | Nº 24.049
Salta,informacion_consolidada_2026_6.xlsx,septiembre,2026,month,2026-09,Vialidad | Provincial,1194.0227,Vialidad | Provincial
Salta,informacion_consolidada_2026_6.xlsx,CONS,2026,consolidated,CONS,C.F.I. | Neta De | Ley Nº 26.075,1608718.8362,CFI | Neta
Salta,informacion_consolidada_2026_6.xlsx,CONS,2026,consolidated,CONS,Compensación | Consenso Fiscal | II. a y b; II. d y e | (2),160803.37493900003,Compensación Consenso Fiscal
Salta,informacion_consolidada_2026_6.xlsx,CONS,2026,consolidated,CONS,F.E.D.E.I.,2048.1220087489783,F.E.D.E.I.
Salta,informacion_consolidada_2026_6.xlsx,CONS,2026,consolidated,CONS,F.E.D.E.I.,2726.1962949854637,F.E.D.E.I.
Salta,informacion_consolidada_2026_6.xlsx,CONS,2026,consolidated,CONS,Financ. | Educativo | Ley Nº 26.075,321054.1837,Financiamiento Educativo
Salta,informacion_consolidada_2026_6.xlsx,CONS,2026,consolidated,CONS,Fondo | Compens. | de | Desequilib.,22.5,Fondo | Compens. | de | Desequilib.
Salta,informacion_consolidada_2026_6.xlsx,CONS,2026,consolidated,CONS,I.V.A. | Ley Nº 23.966 | Art. 5 | Punto 2,0.0,I.V.A. | Ley Nº 23.966 | Art. 5 | Punto 2
Salta,informacion_consolidada_2026_6.xlsx,CONS,2026,consolidated,CONS,Impuesto a los Combustibles Líquidos | Ley Nº 23.966 y Nº 24.699 | Obras de | Infraestr.,5408.8986,Impuesto a los Combustibles Líquidos | Ley Nº 23.966 y Nº 24.699 | Obras de | Infraestr.
Salta,informacion_consolidada_2026_6.xlsx,CONS,2026,consolidated,CONS,Impuesto s/ | Los Activos | Fdo. Educ. | Ley Nº 23.906,0.0195,Impuesto s/ | Los Activos | Fdo. Educ. | Ley Nº 23.906
Salta,informacion_consolidada_2026_6.xlsx,CONS,2026,consolidated,CONS,Impuesto sobre los | Bienes Personales | Ley | Nº 24.699,48516.5111,Impuesto sobre los | Bienes Personales | Ley | Nº 24.699
Salta,informacion_consolidada_2026_6.xlsx,CONS,2026,consolidated,CONS,Ley Nº 23.966 | Art. 30,0.0,Ley Nº 23.966 | Art. 30
Salta,informacion_consolidada_2026_6.xlsx,CONS,2026,consolidated,CONS,Ley Nº 24.464 | FO.NA.VI.,27553.6422,Ley Nº 24.464 | FO.NA.VI.
Salta,informacion_consolidada_2026_6.xlsx,CONS,2026,consolidated,CONS,Reg.Simplif. | P/Peq.Contrib. | Ley Nº 24.977 | Aart. 59 Inc. A,10922.829000000002,Reg.Simplif. | P/Peq.Contrib. | Ley Nº 24.977 | Aart. 59 Inc. A
Salta,informacion_consolidada_2026_6.xlsx,CONS,2026,consolidated,CONS,Régimen de la Energía Eléctrica | L E Y Nº 2 4 . 0 6 5 | Fdo. P/Comp. | Tarifa Elect.,4922.4821,Régimen de la Energía Eléctrica | L E Y Nº 2 4 . 0 6 5 | Fdo. P/Comp. | Tarifa Elect.
Salta,informacion_consolidada_2026_6.xlsx,CONS,2026,consolidated,CONS,Subtotal,1929773.0199,Subtotal
Salta,informacion_consolidada_2026_6.xlsx,CONS,2026,consolidated,CONS,Subtotal,1929802.8702,Subtotal
Salta,informacion_consolidada_2026_6.xlsx,CONS,2026,consolidated,CONS,Total | (1) + (2),2202123.3850427344,Total | (1) + (2)
Salta,informacion_consolidada_2026_6.xlsx,CONS,2026,consolidated,CONS,Total | Recursos | Origen Nacional | (1),2041320.0101037342,Total | Recursos | Origen Nacional | (1)
Salta,informacion_consolidada_2026_6.xlsx,CONS,2026,consolidated,CONS,Transfer. | De Servicios | Ley | Nº 24.049,29.850300000000004,Transfer. | De Servicios | Ley | Nº 24.049
Salta,informacion_consolidada_2026_6.xlsx,CONS,2026,consolidated,CONS,Vialidad | Provincial,9395.9391,Vialidad | Provincial
San Juan,informacion_consolidada_2026_6.xlsx,enero,2026,month,2026-01,C.F.I. | Neta De | Ley Nº 26.075,162951.3395,CFI | Neta
San Juan,informacion_consolidada_2026_6.xlsx,enero,2026,month,2026-01,Compensación | Consenso Fiscal | II. a y b; II. d y e | (2),2459.1408659999997,Compensación Consenso Fiscal
San Juan,informacion_consolidada_2026_6.xlsx,enero,2026,month,2026-01,F.E.D.E.I.,238.18994192920786,F.E.D.E.I.
San Juan,informacion_consolidada_2026_6.xlsx,enero,2026,month,2026-01,F.E.D.E.I.,226.02574787915486,F.E.D.E.I.
San Juan,informacion_consolidada_2026_6.xlsx,enero,2026,month,2026-01,Financ. | Educativo | Ley Nº 26.075,12714.971214395819,Financiamiento Educativo
San Juan,informacion_consolidada_2026_6.xlsx,enero,2026,month,2026-01,Fondo | Compens. | de | Desequilib.,2.2,Fondo | Compens. | de | Desequilib.
San Juan,informacion_consolidada_2026_6.xlsx,enero,2026,month,2026-01,I.V.A. | Ley Nº 23.966 | Art. 5 | Punto 2,0.0,I.V.A. | Ley Nº 23.966 | Art. 5 | Punto 2
San Juan,informacion_consolidada_2026_6.xlsx,enero,2026,month,2026-01,Impuesto a los Combustibles Líquidos | Ley Nº 23.966 y Nº 24.699 | Obras de | Infraestr.,302.4786,Impuesto a los Combustibles Líquidos | Ley Nº 23.966 y Nº 24.699 | Obras de | Infraestr.
San Juan,informacion_consolidada_2026_6.xlsx,enero,2026,month,2026-01,Impuesto s/ | Los Activos | Fdo. Educ. | Ley Nº 23.906,0.0,Impuesto s/ | Los Activos | Fdo. Educ. | Ley Nº 23.906
San Juan,informacion_consolidada_2026_6.xlsx,enero,2026,month,2026-01,Impuesto sobre los | Bienes Personales | Ley | Nº 24.699,973.8616,Impuesto sobre los | Bienes Personales | Ley | Nº 24.699
San Juan,informacion_consolidada_2026_6.xlsx,enero,2026,month,2026-01,Ley Nº 23.966 | Art. 30,0.0,Ley Nº 23.966 | Art. 30
San Juan,informacion_consolidada_2026_6.xlsx,enero,2026,month,2026-01,Ley Nº 24.464 | FO.NA.VI.,1594.3219,Ley Nº 24.464 | FO.NA.VI.
San Juan,informacion_consolidada_2026_6.xlsx,enero,2026,month,2026-01,Reg.Simplif. | P/Peq.Contrib. | Ley Nº 24.977 | Aart. 59 Inc. A,827.8927,Reg.Simplif. | P/Peq.Contrib. | Ley Nº 24.977 | Aart. 59 Inc. A
San Juan,informacion_consolidada_2026_6.xlsx,enero,2026,month,2026-01,Régimen de la Energía Eléctrica | L E Y Nº 2 4 . 0 6 5 | Fdo. P/Comp. | Tarifa Elect.,285.8207487798836,Régimen de la Energía Eléctrica | L E Y Nº 2 4 . 0 6 5 | Fdo. P/Comp. | Tarifa Elect.
San Juan,informacion_consolidada_2026_6.xlsx,enero,2026,month,2026-01,Subtotal,175666.31071439583,Subtotal
San Juan,informacion_consolidada_2026_6.xlsx,enero,2026,month,2026-01,Subtotal,175668.81901439582,Subtotal
San Juan,informacion_consolidada_2026_6.xlsx,enero,2026,month,2026-01,Total | (1) + (2),183022.69871898412,Total | (1) + (2)
San Juan,informacion_consolidada_2026_6.xlsx,enero,2026,month,2026-01,Total | Recursos | Origen Nacional | (1),180563.55785298412,Total | Recursos | Origen Nacional | (1)
San Juan,informacion_consolidada_2026_6.xlsx,enero,2026,month,2026-01,Transfer. | De Servicios | Ley | Nº 24.049,2.5083,Transfer. | De Servicios | Ley | Nº 24.049
San Juan,informacion_consolidada_2026_6.xlsx,enero,2026,month,2026-01,Vialidad | Provincial,443.94759999999997,Vialidad | Provincial
San Juan,informacion_consolidada_2026_6.xlsx,febrero,2026,month,2026-02,C.F.I. | Neta De | Ley Nº 26.075,137523.04869999998,CFI | Neta
San Juan,informacion_consolidada_2026_6.xlsx,febrero,2026,month,2026-02,Compensación | Consenso Fiscal | II. a y b; II. d y e | (2),2107.835028,Compensación Consenso Fiscal
San Juan,informacion_consolidada_2026_6.xlsx,febrero,2026,month,2026-02,F.E.D.E.I.,0.0,F.E.D.E.I.
San Juan,informacion_consolidada_2026_6.xlsx,febrero,2026,month,2026-02,F.E.D.E.I.,0.0,F.E.D.E.I.
San Juan,informacion_consolidada_2026_6.xlsx,febrero,2026,month,2026-02,Financ. | Educativo | Ley Nº 26.075,24274.03595475566,Financiamiento Educativo
San Juan,informacion_consolidada_2026_6.xlsx,febrero,2026,month,2026-02,Fondo | Compens. | de | Desequilib.,2.2,Fondo | Compens. | de | Desequilib.
San Juan,informacion_consolidada_2026_6.xlsx,febrero,2026,month,2026-02,I.V.A. | Ley Nº 23.966 | Art. 5 | Punto 2,0.0,I.V.A. | Ley Nº 23.966 | Art. 5 | Punto 2
San Juan,informacion_consolidada_2026_6.xlsx,febrero,2026,month,2026-02,Impuesto a los Combustibles Líquidos | Ley Nº 23.966 y Nº 24.699 | Obras de | Infraestr.,508.4423,Impuesto a los Combustibles Líquidos | Ley Nº 23.966 y Nº 24.699 | Obras de | Infraestr.
San Juan,informacion_consolidada_2026_6.xlsx,febrero,2026,month,2026-02,Impuesto s/ | Los Activos | Fdo. Educ. | Ley Nº 23.906,0.0,Impuesto s/ | Los Activos | Fdo. Educ. | Ley Nº 23.906
San Juan,informacion_consolidada_2026_6.xlsx,febrero,2026,month,2026-02,Impuesto sobre los | Bienes Personales | Ley | Nº 24.699,1366.733,Impuesto sobre los | Bienes Personales | Ley | Nº 24.699
San Juan,informacion_consolidada_2026_6.xlsx,febrero,2026,month,2026-02,Ley Nº 23.966 | Art. 30,0.0,Ley Nº 23.966 | Art. 30
San Juan,informacion_consolidada_2026_6.xlsx,febrero,2026,month,2026-02,Ley Nº 24.464 | FO.NA.VI.,2679.9277,Ley Nº 24.464 | FO.NA.VI.
San Juan,informacion_consolidada_2026_6.xlsx,febrero,2026,month,2026-02,Reg.Simplif. | P/Peq.Contrib. | Ley Nº 24.977 | Aart. 59 Inc. A,999.6463,Reg.Simplif. | P/Peq.Contrib. | Ley Nº 24.977 | Aart. 59 Inc. A
San Juan,informacion_consolidada_2026_6.xlsx,febrero,2026,month,2026-02,Régimen de la Energía Eléctrica | L E Y Nº 2 4 . 0 6 5 | Fdo. P/Comp. | Tarifa Elect.,0.0,Régimen de la Energía Eléctrica | L E Y Nº 2 4 . 0 6 5 | Fdo. P/Comp. | Tarifa Elect.
San Juan,informacion_consolidada_2026_6.xlsx,febrero,2026,month,2026-02,Subtotal,161797.08465475566,Subtotal
San Juan,informacion_consolidada_2026_6.xlsx,febrero,2026,month,2026-02,Subtotal,161799.59295475564,Subtotal
San Juan,informacion_consolidada_2026_6.xlsx,febrero,2026,month,2026-02,Total | (1) + (2),170210.61768275566,Total | (1) + (2)
San Juan,informacion_consolidada_2026_6.xlsx,febrero,2026,month,2026-02,Total | Recursos | Origen Nacional | (1),168102.78265475566,Total | Recursos | Origen Nacional | (1)
San Juan,informacion_consolidada_2026_6.xlsx,febrero,2026,month,2026-02,Transfer. | De Servicios | Ley | Nº 24.049,2.5083,Transfer. | De Servicios | Ley | Nº 24.049
San Juan,informacion_consolidada_2026_6.xlsx,febrero,2026,month,2026-02,Vialidad | Provincial,746.2404,Vialidad | Provincial
San Juan,informacion_consolidada_2026_6.xlsx,marzo,2026,month,2026-03,C.F.I. | Neta De | Ley Nº 26.075,121163.5063,CFI | Neta
San Juan,informacion_consolidada_2026_6.xlsx,marzo,2026,month,2026-03,Compensación | Consenso Fiscal | II. a y b; II. d y e | (2),2459.1408659999997,Compensación Consenso Fiscal
San Juan,informacion_consolidada_2026_6.xlsx,marzo,2026,month,2026-03,F.E.D.E.I.,323.0381829089954,F.E.D.E.I.
San Juan,informacion_consolidada_2026_6.xlsx,marzo,2026,month,2026-03,F.E.D.E.I.,455.91500507802914,F.E.D.E.I.
San Juan,informacion_consolidada_2026_6.xlsx,marzo,2026,month,2026-03,Financ. | Educativo | Ley Nº 26.075,26585.84890282756,Financiamiento Educativo
San Juan,informacion_consolidada_2026_6.xlsx,marzo,2026,month,2026-03,Fondo | Compens. | de | Desequilib.,2.2,Fondo | Compens. | de | Desequilib.
San Juan,informacion_consolidada_2026_6.xlsx,marzo,2026,month,2026-03,I.V.A. | Ley Nº 23.966 | Art. 5 | Punto 2,0.0,I.V.A. | Ley Nº 23.966 | Art. 5 | Punto 2
San Juan,informacion_consolidada_2026_6.xlsx,marzo,2026,month,2026-03,Impuesto a los Combustibles Líquidos | Ley Nº 23.966 y Nº 24.699 | Obras de | Infraestr.,502.1733,Impuesto a los Combustibles Líquidos | Ley Nº 23.966 y Nº 24.699 | Obras de | Infraestr.
San Juan,informacion_consolidada_2026_6.xlsx,marzo,2026,month,2026-03,Impuesto s/ | Los Activos | Fdo. Educ. | Ley Nº 23.906,0.0,Impuesto s/ | Los Activos | Fdo. Educ. | Ley Nº 23.906
San Juan,informacion_consolidada_2026_6.xlsx,marzo,2026,month,2026-03,Impuesto sobre los | Bienes Personales | Ley | Nº 24.699,660.5462,Impuesto sobre los | Bienes Personales | Ley | Nº 24.699
San Juan,informacion_consolidada_2026_6.xlsx,marzo,2026,month,2026-03,Ley Nº 23.966 | Art. 30,0.0,Ley Nº 23.966 | Art. 30
San Juan,informacion_consolidada_2026_6.xlsx,marzo,2026,month,2026-03,Ley Nº 24.464 | FO.NA.VI.,2646.8847,Ley Nº 24.464 | FO.NA.VI.
San Juan,informacion_consolidada_2026_6.xlsx,marzo,2026,month,2026-03,Reg.Simplif. | P/Peq.Contrib. | Ley Nº 24.977 | Aart. 59 Inc. A,945.4883000000001,Reg.Simplif. | P/Peq.Contrib. | Ley Nº 24.977 | Aart. 59 Inc. A
San Juan,informacion_consolidada_2026_6.xlsx,marzo,2026,month,2026-03,Régimen de la Energía Eléctrica | L E Y Nº 2 4 . 0 6 5 | Fdo. P/Comp. | Tarifa Elect.,576.5270963588466,Régimen de la Energía Eléctrica | L E Y Nº 2 4 . 0 6 5 | Fdo. P/Comp. | Tarifa Elect.
San Juan,informacion_consolidada_2026_6.xlsx,marzo,2026,month,2026-03,Subtotal,147749.35520282754,Subtotal
San Juan,informacion_consolidada_2026_6.xlsx,marzo,2026,month,2026-03,Subtotal,147751.86350282753,Subtotal
San Juan,informacion_consolidada_2026_6.xlsx,marzo,2026,month,2026-03,Total | (1) + (2),157060.8165531734,Total | (1) + (2)
San Juan,informacion_consolidada_2026_6.xlsx,marzo,2026,month,2026-03,Total | Recursos | Origen Nacional | (1),154601.6756871734,Total | Recursos | Origen Nacional | (1)
San Juan,informacion_consolidada_2026_6.xlsx,marzo,2026,month,2026-03,Transfer. | De Servicios | Ley | Nº 24.049,2.5083,Transfer. | De Servicios | Ley | Nº 24.049
San Juan,informacion_consolidada_2026_6.xlsx,marzo,2026,month,2026-03,Vialidad | Provincial,737.0394,Vialidad | Provincial
San Juan,informacion_consolidada_2026_6.xlsx,abril,2026,month,2026-04,C.F.I. | Neta De | Ley Nº 26.075,137644.90180000002,CFI | Neta
San Juan,informacion_consolidada_2026_6.xlsx,abril,2026,month,2026-04,Compensación | Consenso Fiscal | II. a y b; II. d y e | (2),2495.36354,Compensación Consenso Fiscal
San Juan,informacion_consolidada_2026_6.xlsx,abril,2026,month,2026-04,F.E.D.E.I.,0.0,F.E.D.E.I.
San Juan,informacion_consolidada_2026_6.xlsx,abril,2026,month,2026-04,F.E.D.E.I.,0.0,F.E.D.E.I.
San Juan,informacion_consolidada_2026_6.xlsx,abril,2026,month,2026-04,Financ. | Educativo | Ley Nº 26.075,27741.755376863537,Financiamiento Educativo
San Juan,informacion_consolidada_2026_6.xlsx,abril,2026,month,2026-04,Fondo | Compens. | de | Desequilib.,2.2,Fondo | Compens. | de | Desequilib.
San Juan,informacion_consolidada_2026_6.xlsx,abril,2026,month,2026-04,I.V.A. | Ley Nº 23.966 | Art. 5 | Punto 2,0.0,I.V.A. | Ley Nº 23.966 | Art. 5 | Punto 2
San Juan,informacion_consolidada_2026_6.xlsx,abril,2026,month,2026-04,Impuesto a los Combustibles Líquidos | Ley Nº 23.966 y Nº 24.699 | Obras de | Infraestr.,546.8345,Impuesto a los Combustibles Líquidos | Ley Nº 23.966 y Nº 24.699 | Obras de | Infraestr.
San Juan,informacion_consolidada_2026_6.xlsx,abril,2026,month,2026-04,Impuesto s/ | Los Activos | Fdo. Educ. | Ley Nº 23.906,0.0,Impuesto s/ | Los Activos | Fdo. Educ. | Ley Nº 23.906
San Juan,informacion_consolidada_2026_6.xlsx,abril,2026,month,2026-04,Impuesto sobre los | Bienes Personales | Ley | Nº 24.699,1140.1833000000001,Impuesto sobre los | Bienes Personales | Ley | Nº 24.699
San Juan,informacion_consolidada_2026_6.xlsx,abril,2026,month,2026-04,Ley Nº 23.966 | Art. 30,0.0,Ley Nº 23.966 | Art. 30
San Juan,informacion_consolidada_2026_6.xlsx,abril,2026,month,2026-04,Ley Nº 24.464 | FO.NA.VI.,2882.2872,Ley Nº 24.464 | FO.NA.VI.
San Juan,informacion_consolidada_2026_6.xlsx,abril,2026,month,2026-04,Reg.Simplif. | P/Peq.Contrib. | Ley Nº 24.977 | Aart. 59 Inc. A,1082.8315,Reg.Simplif. | P/Peq.Contrib. | Ley Nº 24.977 | Aart. 59 Inc. A
San Juan,informacion_consolidada_2026_6.xlsx,abril,2026,month,2026-04,Régimen de la Energía Eléctrica | L E Y Nº 2 4 . 0 6 5 | Fdo. P/Comp. | Tarifa Elect.,0.0,Régimen de la Energía Eléctrica | L E Y Nº 2 4 . 0 6 5 | Fdo. P/Comp. | Tarifa Elect.
San Juan,informacion_consolidada_2026_6.xlsx,abril,2026,month,2026-04,Subtotal,165386.65717686355,Subtotal
San Juan,informacion_consolidada_2026_6.xlsx,abril,2026,month,2026-04,Subtotal,165389.16547686353,Subtotal
San Juan,informacion_consolidada_2026_6.xlsx,abril,2026,month,2026-04,Total | (1) + (2),174341.45401686354,Total | (1) + (2)
San Juan,informacion_consolidada_2026_6.xlsx,abril,2026,month,2026-04,Total | Recursos | Origen Nacional | (1),171846.09047686355,Total | Recursos | Origen Nacional | (1)
San Juan,informacion_consolidada_2026_6.xlsx,abril,2026,month,2026-04,Transfer. | De Servicios | Ley | Nº 24.049,2.5083,Transfer. | De Servicios | Ley | Nº 24.049
San Juan,informacion_consolidada_2026_6.xlsx,abril,2026,month,2026-04,Vialidad | Provincial,802.5885,Vialidad | Provincial
San Juan,informacion_consolidada_2026_6.xlsx,mayo,2026,month,2026-05,C.F.I. | Neta De | Ley Nº 26.075,223136.0534,CFI | Neta
San Juan,informacion_consolidada_2026_6.xlsx,mayo,2026,month,2026-05,Compensación | Consenso Fiscal | II. a y b; II. d y e | (2),2370.595363,Compensación Consenso Fiscal
San Juan,informacion_consolidada_2026_6.xlsx,mayo,2026,month,2026-05,F.E.D.E.I.,200.09376150490436,F.E.D.E.I.
San Juan,informacion_consolidada_2026_6.xlsx,mayo,2026,month,2026-05,F.E.D.E.I.,247.7260603403314,F.E.D.E.I.
San Juan,informacion_consolidada_2026_6.xlsx,mayo,2026,month,2026-05,Financ. | Educativo | Ley Nº 26.075,21962.223006683624,Financiamiento Educativo
San Juan,informacion_consolidada_2026_6.xlsx,mayo,2026,month,2026-05,Fondo | Compens. | de | Desequilib.,2.2,Fondo | Compens. | de | Desequilib.
San Juan,informacion_consolidada_2026_6.xlsx,mayo,2026,month,2026-05,I.V.A. | Ley Nº 23.966 | Art. 5 | Punto 2,0.0,I.V.A. | Ley Nº 23.966 | Art. 5 | Punto 2
San Juan,informacion_consolidada_2026_6.xlsx,mayo,2026,month,2026-05,Impuesto a los Combustibles Líquidos | Ley Nº 23.966 y Nº 24.699 | Obras de | Infraestr.,503.8367,Impuesto a los Combustibles Líquidos | Ley Nº 23.966 y Nº 24.699 | Obras de | Infraestr.
San Juan,informacion_consolidada_2026_6.xlsx,mayo,2026,month,2026-05,Impuesto s/ | Los Activos | Fdo. Educ. | Ley Nº 23.906,0.0,Impuesto s/ | Los Activos | Fdo. Educ. | Ley Nº 23.906
San Juan,informacion_consolidada_2026_6.xlsx,mayo,2026,month,2026-05,Impuesto sobre los | Bienes Personales | Ley | Nº 24.699,1256.8372,Impuesto sobre los | Bienes Personales | Ley | Nº 24.699
San Juan,informacion_consolidada_2026_6.xlsx,mayo,2026,month,2026-05,Ley Nº 23.966 | Art. 30,0.0,Ley Nº 23.966 | Art. 30
San Juan,informacion_consolidada_2026_6.xlsx,mayo,2026,month,2026-05,Ley Nº 24.464 | FO.NA.VI.,2655.6517999999996,Ley Nº 24.464 | FO.NA.VI.
San Juan,informacion_consolidada_2026_6.xlsx,mayo,2026,month,2026-05,Reg.Simplif. | P/Peq.Contrib. | Ley Nº 24.977 | Aart. 59 Inc. A,1060.2983000000002,Reg.Simplif. | P/Peq.Contrib. | Ley Nº 24.977 | Aart. 59 Inc. A
San Juan,informacion_consolidada_2026_6.xlsx,mayo,2026,month,2026-05,Régimen de la Energía Eléctrica | L E Y Nº 2 4 . 0 6 5 | Fdo. P/Comp. | Tarifa Elect.,313.26186827157295,Régimen de la Energía Eléctrica | L E Y Nº 2 4 . 0 6 5 | Fdo. P/Comp. | Tarifa Elect.
San Juan,informacion_consolidada_2026_6.xlsx,mayo,2026,month,2026-05,Subtotal,245098.27640668364,Subtotal
San Juan,informacion_consolidada_2026_6.xlsx,mayo,2026,month,2026-05,Subtotal,245100.78470668363,Subtotal
San Juan,informacion_consolidada_2026_6.xlsx,mayo,2026,month,2026-05,Total | (1) + (2),254450.76635980047,Total | (1) + (2)
San Juan,informacion_consolidada_2026_6.xlsx,mayo,2026,month,2026-05,Total | Recursos | Origen Nacional | (1),252080.17099680047,Total | Recursos | Origen Nacional | (1)
San Juan,informacion_consolidada_2026_6.xlsx,mayo,2026,month,2026-05,Transfer. | De Servicios | Ley | Nº 24.049,2.5083,Transfer. | De Servicios | Ley | Nº 24.049
San Juan,informacion_consolidada_2026_6.xlsx,mayo,2026,month,2026-05,Vialidad | Provincial,739.4806,Vialidad | Provincial
San Juan,informacion_consolidada_2026_6.xlsx,junio,2026,month,2026-06,C.F.I. | Neta De | Ley Nº 26.075,150743.4469,CFI | Neta
San Juan,informacion_consolidada_2026_6.xlsx,junio,2026,month,2026-06,Compensación | Consenso Fiscal | II. a y b; II. d y e | (2),2620.131717,Compensación Consenso Fiscal
San Juan,informacion_consolidada_2026_6.xlsx,junio,2026,month,2026-06,F.E.D.E.I.,418.6785001114433,F.E.D.E.I.
San Juan,informacion_consolidada_2026_6.xlsx,junio,2026,month,2026-06,F.E.D.E.I.,601.1573466943526,F.E.D.E.I.
San Juan,informacion_consolidada_2026_6.xlsx,junio,2026,month,2026-06,Financ. | Educativo | Ley Nº 26.075,24274.035954755585,Financiamiento Educativo
San Juan,informacion_consolidada_2026_6.xlsx,junio,2026,month,2026-06,Fondo | Compens. | de | Desequilib.,2.2,Fondo | Compens. | de | Desequilib.
San Juan,informacion_consolidada_2026_6.xlsx,junio,2026,month,2026-06,I.V.A. | Ley Nº 23.966 | Art. 5 | Punto 2,0.0,I.V.A. | Ley Nº 23.966 | Art. 5 | Punto 2
San Juan,informacion_consolidada_2026_6.xlsx,junio,2026,month,2026-06,Impuesto a los Combustibles Líquidos | Ley Nº 23.966 y Nº 24.699 | Obras de | Infraestr.,625.0333,Impuesto a los Combustibles Líquidos | Ley Nº 23.966 y Nº 24.699 | Obras de | Infraestr.
San Juan,informacion_consolidada_2026_6.xlsx,junio,2026,month,2026-06,Impuesto s/ | Los Activos | Fdo. Educ. | Ley Nº 23.906,0.0,Impuesto s/ | Los Activos | Fdo. Educ. | Ley Nº 23.906
San Juan,informacion_consolidada_2026_6.xlsx,junio,2026,month,2026-06,Impuesto sobre los | Bienes Personales | Ley | Nº 24.699,30221.9631,Impuesto sobre los | Bienes Personales | Ley | Nº 24.699
San Juan,informacion_consolidada_2026_6.xlsx,junio,2026,month,2026-06,Ley Nº 23.966 | Art. 30,0.0,Ley Nº 23.966 | Art. 30
San Juan,informacion_consolidada_2026_6.xlsx,junio,2026,month,2026-06,Ley Nº 24.464 | FO.NA.VI.,3294.4621,Ley Nº 24.464 | FO.NA.VI.
San Juan,informacion_consolidada_2026_6.xlsx,junio,2026,month,2026-06,Reg.Simplif. | P/Peq.Contrib. | Ley Nº 24.977 | Aart. 59 Inc. A,1080.5854,Reg.Simplif. | P/Peq.Contrib. | Ley Nº 24.977 | Aart. 59 Inc. A
San Juan,informacion_consolidada_2026_6.xlsx,junio,2026,month,2026-06,Régimen de la Energía Eléctrica | L E Y Nº 2 4 . 0 6 5 | Fdo. P/Comp. | Tarifa Elect.,761.6587662074043,Régimen de la Energía Eléctrica | L E Y Nº 2 4 . 0 6 5 | Fdo. P/Comp. | Tarifa Elect.
San Juan,informacion_consolidada_2026_6.xlsx,junio,2026,month,2026-06,Subtotal,175017.4828547556,Subtotal
San Juan,informacion_consolidada_2026_6.xlsx,junio,2026,month,2026-06,Subtotal,175019.99115475558,Subtotal
San Juan,informacion_consolidada_2026_6.xlsx,junio,2026,month,2026-06,Total | (1) + (2),215563.22218476882,Total | (1) + (2)
San Juan,informacion_consolidada_2026_6.xlsx,junio,2026,month,2026-06,Total | Recursos | Origen Nacional | (1),212943.0904677688,Total | Recursos | Origen Nacional | (1)
San Juan,informacion_consolidada_2026_6.xlsx,junio,2026,month,2026-06,Transfer. | De Servicios | Ley | Nº 24.049,2.5083,Transfer. | De Servicios | Ley | Nº 24.049
San Juan,informacion_consolidada_2026_6.xlsx,junio,2026,month,2026-06,Vialidad | Provincial,917.3608,Vialidad | Provincial
San Juan,informacion_consolidada_2026_6.xlsx,julio,2026,month,2026-07,C.F.I. | Neta De | Ley Nº 26.075,191759.2975,CFI | Neta
San Juan,informacion_consolidada_2026_6.xlsx,julio,2026,month,2026-07,Compensación | Consenso Fiscal | II. a y b; II. d y e | (2),3238.537323,Compensación Consenso Fiscal
San Juan,informacion_consolidada_2026_6.xlsx,julio,2026,month,2026-07,F.E.D.E.I.,249.26793943427606,F.E.D.E.I.
San Juan,informacion_consolidada_2026_6.xlsx,julio,2026,month,2026-07,F.E.D.E.I.,305.386985452093,F.E.D.E.I.
San Juan,informacion_consolidada_2026_6.xlsx,julio,2026,month,2026-07,Financ. | Educativo | Ley Nº 26.075,24274.0359547556,Financiamiento Educativo
San Juan,informacion_consolidada_2026_6.xlsx,julio,2026,month,2026-07,Fondo | Compens. | de | Desequilib.,2.2,Fondo | Compens. | de | Desequilib.
San Juan,informacion_consolidada_2026_6.xlsx,julio,2026,month,2026-07,I.V.A. | Ley Nº 23.966 | Art. 5 | Punto 2,0.0,I.V.A. | Ley Nº 23.966 | Art. 5 | Punto 2
San Juan,informacion_consolidada_2026_6.xlsx,julio,2026,month,2026-07,Impuesto a los Combustibles Líquidos | Ley Nº 23.966 y Nº 24.699 | Obras de | Infraestr.,562.2714,Impuesto a los Combustibles Líquidos | Ley Nº 23.966 y Nº 24.699 | Obras de | Infraestr.
San Juan,informacion_consolidada_2026_6.xlsx,julio,2026,month,2026-07,Impuesto s/ | Los Activos | Fdo. Educ. | Ley Nº 23.906,0.0,Impuesto s/ | Los Activos | Fdo. Educ. | Ley Nº 23.906
San Juan,informacion_consolidada_2026_6.xlsx,julio,2026,month,2026-07,Impuesto sobre los | Bienes Personales | Ley | Nº 24.699,3050.228,Impuesto sobre los | Bienes Personales | Ley | Nº 24.699
San Juan,informacion_consolidada_2026_6.xlsx,julio,2026,month,2026-07,Ley Nº 23.966 | Art. 30,0.0,Ley Nº 23.966 | Art. 30
San Juan,informacion_consolidada_2026_6.xlsx,julio,2026,month,2026-07,Ley Nº 24.464 | FO.NA.VI.,2963.6533,Ley Nº 24.464 | FO.NA.VI.
San Juan,informacion_consolidada_2026_6.xlsx,julio,2026,month,2026-07,Reg.Simplif. | P/Peq.Contrib. | Ley Nº 24.977 | Aart. 59 Inc. A,1072.0705,Reg.Simplif. | P/Peq.Contrib. | Ley Nº 24.977 | Aart. 59 Inc. A
San Juan,informacion_consolidada_2026_6.xlsx,julio,2026,month,2026-07,Régimen de la Energía Eléctrica | L E Y Nº 2 4 . 0 6 5 | Fdo. P/Comp. | Tarifa Elect.,386.92145381777334,Régimen de la Energía Eléctrica | L E Y Nº 2 4 . 0 6 5 | Fdo. P/Comp. | Tarifa Elect.
San Juan,informacion_consolidada_2026_6.xlsx,julio,2026,month,2026-07,Subtotal,216033.3334547556,Subtotal
San Juan,informacion_consolidada_2026_6.xlsx,julio,2026,month,2026-07,Subtotal,216035.8417547556,Subtotal
San Juan,informacion_consolidada_2026_6.xlsx,julio,2026,month,2026-07,Total | (1) + (2),228691.62395645975,Total | (1) + (2)
San Juan,informacion_consolidada_2026_6.xlsx,julio,2026,month,2026-07,Total | Recursos | Origen Nacional | (1),225453.08663345975,Total | Recursos | Origen Nacional | (1)
San Juan,informacion_consolidada_2026_6.xlsx,julio,2026,month,2026-07,Transfer. | De Servicios | Ley | Nº 24.049,2.5083,Transfer. | De Servicios | Ley | Nº 24.049
San Juan,informacion_consolidada_2026_6.xlsx,julio,2026,month,2026-07,Vialidad | Provincial,825.2453,Vialidad | Provincial
San Juan,informacion_consolidada_2026_6.xlsx,agosto,2026,month,2026-08,C.F.I. | Neta De | Ley Nº 26.075,181601.3496,CFI | Neta
San Juan,informacion_consolidada_2026_6.xlsx,agosto,2026,month,2026-08,Compensación | Consenso Fiscal | II. a y b; II. d y e | (2),3084.3212599999997,Compensación Consenso Fiscal
San Juan,informacion_consolidada_2026_6.xlsx,agosto,2026,month,2026-08,F.E.D.E.I.,0.0,F.E.D.E.I.
San Juan,informacion_consolidada_2026_6.xlsx,agosto,2026,month,2026-08,F.E.D.E.I.,0.0,F.E.D.E.I.
San Juan,informacion_consolidada_2026_6.xlsx,agosto,2026,month,2026-08,Financ. | Educativo | Ley Nº 26.075,23118.129480719603,Financiamiento Educativo
San Juan,informacion_consolidada_2026_6.xlsx,agosto,2026,month,2026-08,Fondo | Compens. | de | Desequilib.,2.2,Fondo | Compens. | de | Desequilib.
San Juan,informacion_consolidada_2026_6.xlsx,agosto,2026,month,2026-08,I.V.A. | Ley Nº 23.966 | Art. 5 | Punto 2,0.0,I.V.A. | Ley Nº 23.966 | Art. 5 | Punto 2
San Juan,informacion_consolidada_2026_6.xlsx,agosto,2026,month,2026-08,Impuesto a los Combustibles Líquidos | Ley Nº 23.966 y Nº 24.699 | Obras de | Infraestr.,612.8814,Impuesto a los Combustibles Líquidos | Ley Nº 23.966 y Nº 24.699 | Obras de | Infraestr.
San Juan,informacion_consolidada_2026_6.xlsx,agosto,2026,month,2026-08,Impuesto s/ | Los Activos | Fdo. Educ. | Ley Nº 23.906,0.01103092,Impuesto s/ | Los Activos | Fdo. Educ. | Ley Nº 23.906
San Juan,informacion_consolidada_2026_6.xlsx,agosto,2026,month,2026-08,Impuesto sobre los | Bienes Personales | Ley | Nº 24.699,2457.8549,Impuesto sobre los | Bienes Personales | Ley | Nº 24.699
San Juan,informacion_consolidada_2026_6.xlsx,agosto,2026,month,2026-08,Ley Nº 23.966 | Art. 30,0.0,Ley Nº 23.966 | Art. 30
San Juan,informacion_consolidada_2026_6.xlsx,agosto,2026,month,2026-08,Ley Nº 24.464 | FO.NA.VI.,3230.4111000000003,Ley Nº 24.464 | FO.NA.VI.
San Juan,informacion_consolidada_2026_6.xlsx,agosto,2026,month,2026-08,Reg.Simplif. | P/Peq.Contrib. | Ley Nº 24.977 | Aart. 59 Inc. A,1262.1918,Reg.Simplif. | P/Peq.Contrib. | Ley Nº 24.977 | Aart. 59 Inc. A
San Juan,informacion_consolidada_2026_6.xlsx,agosto,2026,month,2026-08,Régimen de la Energía Eléctrica | L E Y Nº 2 4 . 0 6 5 | Fdo. P/Comp. | Tarifa Elect.,0.0,Régimen de la Energía Eléctrica | L E Y Nº 2 4 . 0 6 5 | Fdo. P/Comp. | Tarifa Elect.
San Juan,informacion_consolidada_2026_6.xlsx,agosto,2026,month,2026-08,Subtotal,204719.47908071958,Subtotal
San Juan,informacion_consolidada_2026_6.xlsx,agosto,2026,month,2026-08,Subtotal,204721.98738071957,Subtotal
San Juan,informacion_consolidada_2026_6.xlsx,agosto,2026,month,2026-08,Total | (1) + (2),216271.38437163958,Total | (1) + (2)
San Juan,informacion_consolidada_2026_6.xlsx,agosto,2026,month,2026-08,Total | Recursos | Origen Nacional | (1),213187.06311163958,Total | Recursos | Origen Nacional | (1)
San Juan,informacion_consolidada_2026_6.xlsx,agosto,2026,month,2026-08,Transfer. | De Servicios | Ley | Nº 24.049,2.5083,Transfer. | De Servicios | Ley | Nº 24.049
San Juan,informacion_consolidada_2026_6.xlsx,agosto,2026,month,2026-08,Vialidad | Provincial,899.5255,Vialidad | Provincial
San Juan,informacion_consolidada_2026_6.xlsx,septiembre,2026,month,2026-09,C.F.I. | Neta De | Ley Nº 26.075,184987.3293,CFI | Neta
San Juan,informacion_consolidada_2026_6.xlsx,septiembre,2026,month,2026-09,Compensación | Consenso Fiscal | II. a y b; II. d y e | (2),3392.753386,Compensación Consenso Fiscal
San Juan,informacion_consolidada_2026_6.xlsx,septiembre,2026,month,2026-09,F.E.D.E.I.,468.1605111515652,F.E.D.E.I.
San Juan,informacion_consolidada_2026_6.xlsx,septiembre,2026,month,2026-09,F.E.D.E.I.,689.4018031091938,F.E.D.E.I.
San Juan,informacion_consolidada_2026_6.xlsx,septiembre,2026,month,2026-09,Financ. | Educativo | Ley Nº 26.075,25429.942428791564,Financiamiento Educativo
San Juan,informacion_consolidada_2026_6.xlsx,septiembre,2026,month,2026-09,Fondo | Compens. | de | Desequilib.,2.2,Fondo | Compens. | de | Desequilib.
San Juan,informacion_consolidada_2026_6.xlsx,septiembre,2026,month,2026-09,I.V.A. | Ley Nº 23.966 | Art. 5 | Punto 2,0.0,I.V.A. | Ley Nº 23.966 | Art. 5 | Punto 2
San Juan,informacion_consolidada_2026_6.xlsx,septiembre,2026,month,2026-09,Impuesto a los Combustibles Líquidos | Ley Nº 23.966 y Nº 24.699 | Obras de | Infraestr.,606.1818000000001,Impuesto a los Combustibles Líquidos | Ley Nº 23.966 y Nº 24.699 | Obras de | Infraestr.
San Juan,informacion_consolidada_2026_6.xlsx,septiembre,2026,month,2026-09,Impuesto s/ | Los Activos | Fdo. Educ. | Ley Nº 23.906,0.0,Impuesto s/ | Los Activos | Fdo. Educ. | Ley Nº 23.906
San Juan,informacion_consolidada_2026_6.xlsx,septiembre,2026,month,2026-09,Impuesto sobre los | Bienes Personales | Ley | Nº 24.699,1658.9672,Impuesto sobre los | Bienes Personales | Ley | Nº 24.699
San Juan,informacion_consolidada_2026_6.xlsx,septiembre,2026,month,2026-09,Ley Nº 23.966 | Art. 30,0.0,Ley Nº 23.966 | Art. 30
San Juan,informacion_consolidada_2026_6.xlsx,septiembre,2026,month,2026-09,Ley Nº 24.464 | FO.NA.VI.,3195.0987,Ley Nº 24.464 | FO.NA.VI.
San Juan,informacion_consolidada_2026_6.xlsx,septiembre,2026,month,2026-09,Reg.Simplif. | P/Peq.Contrib. | Ley Nº 24.977 | Aart. 59 Inc. A,1301.8896000000002,Reg.Simplif. | P/Peq.Contrib. | Ley Nº 24.977 | Aart. 59 Inc. A
San Juan,informacion_consolidada_2026_6.xlsx,septiembre,2026,month,2026-09,Régimen de la Energía Eléctrica | L E Y Nº 2 4 . 0 6 5 | Fdo. P/Comp. | Tarifa Elect.,873.4633780395784,Régimen de la Energía Eléctrica | L E Y Nº 2 4 . 0 6 5 | Fdo. P/Comp. | Tarifa Elect.
San Juan,informacion_consolidada_2026_6.xlsx,septiembre,2026,month,2026-09,Subtotal,210417.2717287916,Subtotal
San Juan,informacion_consolidada_2026_6.xlsx,septiembre,2026,month,2026-09,Subtotal,210419.78002879157,Subtotal
San Juan,informacion_consolidada_2026_6.xlsx,septiembre,2026,month,2026-09,Total | (1) + (2),223497.5889070919,Total | (1) + (2)
San Juan,informacion_consolidada_2026_6.xlsx,septiembre,2026,month,2026-09,Total | Recursos | Origen Nacional | (1),220104.8355210919,Total | Recursos | Origen Nacional | (1)
San Juan,informacion_consolidada_2026_6.xlsx,septiembre,2026,month,2026-09,Transfer. | De Servicios | Ley | Nº 24.049,2.5083,Transfer. | De Servicios | Ley | Nº 24.049
San Juan,informacion_consolidada_2026_6.xlsx,septiembre,2026,month,2026-09,Vialidad | Provincial,889.6925,Vialidad | Provincial
San Juan,informacion_consolidada_2026_6.xlsx,CONS,2026,consolidated,CONS,C.F.I. | Neta De | Ley Nº 26.075,1491510.2729999998,CFI | Neta
San Juan,informacion_consolidada_2026_6.xlsx,CONS,2026,consolidated,CONS,Compensación | Consenso Fiscal | II. a y b; II. d y e | (2),24227.819349,Compensación Consenso Fiscal
San Juan,informacion_consolidada_2026_6.xlsx,CONS,2026,consolidated,CONS,F.E.D.E.I.,1897.4288370403922,F.E.D.E.I.
San Juan,informacion_consolidada_2026_6.xlsx,CONS,2026,consolidated,CONS,F.E.D.E.I.,2525.6129485531546,F.E.D.E.I.
San Juan,informacion_consolidada_2026_6.xlsx,CONS,2026,consolidated,CONS,Financ. | Educativo | Ley Nº 26.075,210374.9784,Financiamiento Educativo
San Juan,informacion_consolidada_2026_6.xlsx,CONS,2026,consolidated,CONS,Fondo | Compens. | de | Desequilib.,19.8,Fondo | Compens. | de | Desequilib.
San Juan,informacion_consolidada_2026_6.xlsx,CONS,2026,consolidated,CONS,I.V.A. | Ley Nº 23.966 | Art. 5 | Punto 2,0.0,I.V.A. | Ley Nº 23.966 | Art. 5 | Punto 2
San Juan,informacion_consolidada_2026_6.xlsx,CONS,2026,consolidated,CONS,Impuesto a los Combustibles Líquidos | Ley Nº 23.966 y Nº 24.699 | Obras de | Infraestr.,4770.1332999999995,Impuesto a los Combustibles Líquidos | Ley Nº 23.966 y Nº 24.699 | Obras de | Infraestr.
San Juan,informacion_consolidada_2026_6.xlsx,CONS,2026,consolidated,CONS,Impuesto s/ | Los Activos | Fdo. Educ. | Ley Nº 23.906,0.011,Impuesto s/ | Los Activos | Fdo. Educ. | Ley Nº 23.906
San Juan,informacion_consolidada_2026_6.xlsx,CONS,2026,consolidated,CONS,Impuesto sobre los | Bienes Personales | Ley | Nº 24.699,42787.1745,Impuesto sobre los | Bienes Personales | Ley | Nº 24.699
San Juan,informacion_consolidada_2026_6.xlsx,CONS,2026,consolidated,CONS,Ley Nº 23.966 | Art. 30,0.0,Ley Nº 23.966 | Art. 30
San Juan,informacion_consolidada_2026_6.xlsx,CONS,2026,consolidated,CONS,Ley Nº 24.464 | FO.NA.VI.,25142.6985,Ley Nº 24.464 | FO.NA.VI.
San Juan,informacion_consolidada_2026_6.xlsx,CONS,2026,consolidated,CONS,Reg.Simplif. | P/Peq.Contrib. | Ley Nº 24.977 | Aart. 59 Inc. A,9632.894400000001,Reg.Simplif. | P/Peq.Contrib. | Ley Nº 24.977 | Aart. 59 Inc. A
San Juan,informacion_consolidada_2026_6.xlsx,CONS,2026,consolidated,CONS,Régimen de la Energía Eléctrica | L E Y Nº 2 4 . 0 6 5 | Fdo. P/Comp. | Tarifa Elect.,3197.6533999999997,Régimen de la Energía Eléctrica | L E Y Nº 2 4 . 0 6 5 | Fdo. P/Comp. | Tarifa Elect.
San Juan,informacion_consolidada_2026_6.xlsx,CONS,2026,consolidated,CONS,Subtotal,1701885.2513999997,Subtotal
San Juan,informacion_consolidada_2026_6.xlsx,CONS,2026,consolidated,CONS,Subtotal,1701907.8260999997,Subtotal
San Juan,informacion_consolidada_2026_6.xlsx,CONS,2026,consolidated,CONS,Total | (1) + (2),1823110.1729345934,Total | (1) + (2)
San Juan,informacion_consolidada_2026_6.xlsx,CONS,2026,consolidated,CONS,Total | Recursos | Origen Nacional | (1),1798882.3535855934,Total | Recursos | Origen Nacional | (1)
San Juan,informacion_consolidada_2026_6.xlsx,CONS,2026,consolidated,CONS,Transfer. | De Servicios | Ley | Nº 24.049,22.574699999999996,Transfer. | De Servicios | Ley | Nº 24.049
San Juan,informacion_consolidada_2026_6.xlsx,CONS,2026,consolidated,CONS,Vialidad | Provincial,7001.120599999999,Vialidad | Provincial
San Luis,informacion_consolidada_2026_6.xlsx,enero,2026,month,2026-01,C.F.I. | Neta De | Ley Nº 26.075,111207.9948,CFI | Neta
San Luis,informacion_consolidada_2026_6.xlsx,enero,2026,month,2026-01,Compensación | Consenso Fiscal | II. a y b; II. d y e | (2),0.0,Compensación Consenso Fiscal
San Luis,informacion_consolidada_2026_6.xlsx,enero,2026,month,2026-01,F.E.D.E.I.,233.3363015255614,F.E.D.E.I.
San Luis,informacion_consolidada_2026_6.xlsx,enero,2026,month,2026-01,F.E.D.E.I.,221.41997950479276,F.E.D.E.I.
San Luis,informacion_consolidada_2026_6.xlsx,enero,2026,month,2026-01,Financ. | Educativo | Ley Nº 26.075,7404.300506375075,Financiamiento Educativo
San Luis,informacion_consolidada_2026_6.xlsx,enero,2026,month,2026-01,Fondo | Compens. | de | Desequilib.,2.2,Fondo | Compens. | de | Desequilib.
San Luis,informacion_consolidada_2026_6.xlsx,enero,2026,month,2026-01,I.V.A. | Ley Nº 23.966 | Art. 5 | Punto 2,0.0,I.V.A. | Ley Nº 23.966 | Art. 5 | Punto 2
San Luis,informacion_consolidada_2026_6.xlsx,enero,2026,month,2026-01,Impuesto a los Combustibles Líquidos | Ley Nº 23.966 y Nº 24.699 | Obras de | Infraestr.,204.23270000000002,Impuesto a los Combustibles Líquidos | Ley Nº 23.966 y Nº 24.699 | Obras de | Infraestr.
San Luis,informacion_consolidada_2026_6.xlsx,enero,2026,month,2026-01,Impuesto s/ | Los Activos | Fdo. Educ. | Ley Nº 23.906,0.0,Impuesto s/ | Los Activos | Fdo. Educ. | Ley Nº 23.906
San Luis,informacion_consolidada_2026_6.xlsx,enero,2026,month,2026-01,Impuesto sobre los | Bienes Personales | Ley | Nº 24.699,657.5646999999999,Impuesto sobre los | Bienes Personales | Ley | Nº 24.699
San Luis,informacion_consolidada_2026_6.xlsx,enero,2026,month,2026-01,Ley Nº 23.966 | Art. 30,0.0,Ley Nº 23.966 | Art. 30
San Luis,informacion_consolidada_2026_6.xlsx,enero,2026,month,2026-01,Ley Nº 24.464 | FO.NA.VI.,1594.3219,Ley Nº 24.464 | FO.NA.VI.
San Luis,informacion_consolidada_2026_6.xlsx,enero,2026,month,2026-01,Reg.Simplif. | P/Peq.Contrib. | Ley Nº 24.977 | Aart. 59 Inc. A,558.9909,Reg.Simplif. | P/Peq.Contrib. | Ley Nº 24.977 | Aart. 59 Inc. A
San Luis,informacion_consolidada_2026_6.xlsx,enero,2026,month,2026-01,Régimen de la Energía Eléctrica | L E Y Nº 2 4 . 0 6 5 | Fdo. P/Comp. | Tarifa Elect.,328.2860500603459,Régimen de la Energía Eléctrica | L E Y Nº 2 4 . 0 6 5 | Fdo. P/Comp. | Tarifa Elect.
San Luis,informacion_consolidada_2026_6.xlsx,enero,2026,month,2026-01,Subtotal,118612.29530637508,Subtotal
San Luis,informacion_consolidada_2026_6.xlsx,enero,2026,month,2026-01,Subtotal,118613.87040637508,Subtotal
San Luis,informacion_consolidada_2026_6.xlsx,enero,2026,month,2026-01,Total | (1) + (2),122760.01703746576,Total | (1) + (2)
San Luis,informacion_consolidada_2026_6.xlsx,enero,2026,month,2026-01,Total | Recursos | Origen Nacional | (1),122760.01703746576,Total | Recursos | Origen Nacional | (1)
San Luis,informacion_consolidada_2026_6.xlsx,enero,2026,month,2026-01,Transfer. | De Servicios | Ley | Nº 24.049,1.5751000000000002,Transfer. | De Servicios | Ley | Nº 24.049
San Luis,informacion_consolidada_2026_6.xlsx,enero,2026,month,2026-01,Vialidad | Provincial,345.79409999999996,Vialidad | Provincial
San Luis,informacion_consolidada_2026_6.xlsx,febrero,2026,month,2026-02,C.F.I. | Neta De | Ley Nº 26.075,95112.1214,CFI | Neta
San Luis,informacion_consolidada_2026_6.xlsx,febrero,2026,month,2026-02,Compensación | Consenso Fiscal | II. a y b; II. d y e | (2),0.0,Compensación Consenso Fiscal
San Luis,informacion_consolidada_2026_6.xlsx,febrero,2026,month,2026-02,F.E.D.E.I.,0.0,F.E.D.E.I.
San Luis,informacion_consolidada_2026_6.xlsx,febrero,2026,month,2026-02,F.E.D.E.I.,0.0,F.E.D.E.I.
San Luis,informacion_consolidada_2026_6.xlsx,febrero,2026,month,2026-02,Financ. | Educativo | Ley Nº 26.075,14135.482784897871,Financiamiento Educativo
San Luis,informacion_consolidada_2026_6.xlsx,febrero,2026,month,2026-02,Fondo | Compens. | de | Desequilib.,2.2,Fondo | Compens. | de | Desequilib.
San Luis,informacion_consolidada_2026_6.xlsx,febrero,2026,month,2026-02,I.V.A. | Ley Nº 23.966 | Art. 5 | Punto 2,0.0,I.V.A. | Ley Nº 23.966 | Art. 5 | Punto 2
San Luis,informacion_consolidada_2026_6.xlsx,febrero,2026,month,2026-02,Impuesto a los Combustibles Líquidos | Ley Nº 23.966 y Nº 24.699 | Obras de | Infraestr.,343.2989,Impuesto a los Combustibles Líquidos | Ley Nº 23.966 y Nº 24.699 | Obras de | Infraestr.
San Luis,informacion_consolidada_2026_6.xlsx,febrero,2026,month,2026-02,Impuesto s/ | Los Activos | Fdo. Educ. | Ley Nº 23.906,0.0,Impuesto s/ | Los Activos | Fdo. Educ. | Ley Nº 23.906
San Luis,informacion_consolidada_2026_6.xlsx,febrero,2026,month,2026-02,Impuesto sobre los | Bienes Personales | Ley | Nº 24.699,922.8368,Impuesto sobre los | Bienes Personales | Ley | Nº 24.699
San Luis,informacion_consolidada_2026_6.xlsx,febrero,2026,month,2026-02,Ley Nº 23.966 | Art. 30,0.0,Ley Nº 23.966 | Art. 30
San Luis,informacion_consolidada_2026_6.xlsx,febrero,2026,month,2026-02,Ley Nº 24.464 | FO.NA.VI.,2679.9277,Ley Nº 24.464 | FO.NA.VI.
San Luis,informacion_consolidada_2026_6.xlsx,febrero,2026,month,2026-02,Reg.Simplif. | P/Peq.Contrib. | Ley Nº 24.977 | Aart. 59 Inc. A,674.9585,Reg.Simplif. | P/Peq.Contrib. | Ley Nº 24.977 | Aart. 59 Inc. A
San Luis,informacion_consolidada_2026_6.xlsx,febrero,2026,month,2026-02,Régimen de la Energía Eléctrica | L E Y Nº 2 4 . 0 6 5 | Fdo. P/Comp. | Tarifa Elect.,0.0,Régimen de la Energía Eléctrica | L E Y Nº 2 4 . 0 6 5 | Fdo. P/Comp. | Tarifa Elect.
San Luis,informacion_consolidada_2026_6.xlsx,febrero,2026,month,2026-02,Subtotal,109247.60418489788,Subtotal
San Luis,informacion_consolidada_2026_6.xlsx,febrero,2026,month,2026-02,Subtotal,109249.17928489788,Subtotal
San Luis,informacion_consolidada_2026_6.xlsx,febrero,2026,month,2026-02,Total | (1) + (2),114453.65348489786,Total | (1) + (2)
San Luis,informacion_consolidada_2026_6.xlsx,febrero,2026,month,2026-02,Total | Recursos | Origen Nacional | (1),114453.65348489786,Total | Recursos | Origen Nacional | (1)
San Luis,informacion_consolidada_2026_6.xlsx,febrero,2026,month,2026-02,Transfer. | De Servicios | Ley | Nº 24.049,1.5751000000000002,Transfer. | De Servicios | Ley | Nº 24.049
San Luis,informacion_consolidada_2026_6.xlsx,febrero,2026,month,2026-02,Vialidad | Provincial,581.2523,Vialidad | Provincial
San Luis,informacion_consolidada_2026_6.xlsx,marzo,2026,month,2026-03,C.F.I. | Neta De | Ley Nº 26.075,84280.6659,CFI | Neta
San Luis,informacion_consolidada_2026_6.xlsx,marzo,2026,month,2026-03,Compensación | Consenso Fiscal | II. a y b; II. d y e | (2),0.0,Compensación Consenso Fiscal
San Luis,informacion_consolidada_2026_6.xlsx,marzo,2026,month,2026-03,F.E.D.E.I.,316.45557423259913,F.E.D.E.I.
San Luis,informacion_consolidada_2026_6.xlsx,marzo,2026,month,2026-03,F.E.D.E.I.,446.624740868351,F.E.D.E.I.
San Luis,informacion_consolidada_2026_6.xlsx,marzo,2026,month,2026-03,Financ. | Educativo | Ley Nº 26.075,15481.719240602431,Financiamiento Educativo
San Luis,informacion_consolidada_2026_6.xlsx,marzo,2026,month,2026-03,Fondo | Compens. | de | Desequilib.,2.2,Fondo | Compens. | de | Desequilib.
San Luis,informacion_consolidada_2026_6.xlsx,marzo,2026,month,2026-03,I.V.A. | Ley Nº 23.966 | Art. 5 | Punto 2,0.0,I.V.A. | Ley Nº 23.966 | Art. 5 | Punto 2
San Luis,informacion_consolidada_2026_6.xlsx,marzo,2026,month,2026-03,Impuesto a los Combustibles Líquidos | Ley Nº 23.966 y Nº 24.699 | Obras de | Infraestr.,339.06609999999995,Impuesto a los Combustibles Líquidos | Ley Nº 23.966 y Nº 24.699 | Obras de | Infraestr.
San Luis,informacion_consolidada_2026_6.xlsx,marzo,2026,month,2026-03,Impuesto s/ | Los Activos | Fdo. Educ. | Ley Nº 23.906,0.0,Impuesto s/ | Los Activos | Fdo. Educ. | Ley Nº 23.906
San Luis,informacion_consolidada_2026_6.xlsx,marzo,2026,month,2026-03,Impuesto sobre los | Bienes Personales | Ley | Nº 24.699,446.0098,Impuesto sobre los | Bienes Personales | Ley | Nº 24.699
San Luis,informacion_consolidada_2026_6.xlsx,marzo,2026,month,2026-03,Ley Nº 23.966 | Art. 30,0.0,Ley Nº 23.966 | Art. 30
San Luis,informacion_consolidada_2026_6.xlsx,marzo,2026,month,2026-03,Ley Nº 24.464 | FO.NA.VI.,2646.8847,Ley Nº 24.464 | FO.NA.VI.
San Luis,informacion_consolidada_2026_6.xlsx,marzo,2026,month,2026-03,Reg.Simplif. | P/Peq.Contrib. | Ley Nº 24.977 | Aart. 59 Inc. A,638.3911999999999,Reg.Simplif. | P/Peq.Contrib. | Ley Nº 24.977 | Aart. 59 Inc. A
San Luis,informacion_consolidada_2026_6.xlsx,marzo,2026,month,2026-03,Régimen de la Energía Eléctrica | L E Y Nº 2 4 . 0 6 5 | Fdo. P/Comp. | Tarifa Elect.,662.1835679279903,Régimen de la Energía Eléctrica | L E Y Nº 2 4 . 0 6 5 | Fdo. P/Comp. | Tarifa Elect.
San Luis,informacion_consolidada_2026_6.xlsx,marzo,2026,month,2026-03,Subtotal,99762.38514060243,Subtotal
San Luis,informacion_consolidada_2026_6.xlsx,marzo,2026,month,2026-03,Subtotal,99763.96024060244,Subtotal
San Luis,informacion_consolidada_2026_6.xlsx,marzo,2026,month,2026-03,Total | (1) + (2),105835.86152363138,Total | (1) + (2)
San Luis,informacion_consolidada_2026_6.xlsx,marzo,2026,month,2026-03,Total | Recursos | Origen Nacional | (1),105835.86152363138,Total | Recursos | Origen Nacional | (1)
San Luis,informacion_consolidada_2026_6.xlsx,marzo,2026,month,2026-03,Transfer. | De Servicios | Ley | Nº 24.049,1.5751000000000002,Transfer. | De Servicios | Ley | Nº 24.049
San Luis,informacion_consolidada_2026_6.xlsx,marzo,2026,month,2026-03,Vialidad | Provincial,574.0856,Vialidad | Provincial
San Luis,informacion_consolidada_2026_6.xlsx,abril,2026,month,2026-04,C.F.I. | Neta De | Ley Nº 26.075,95516.4952,CFI | Neta
San Luis,informacion_consolidada_2026_6.xlsx,abril,2026,month,2026-04,Compensación | Consenso Fiscal | II. a y b; II. d y e | (2),0.0,Compensación Consenso Fiscal
San Luis,informacion_consolidada_2026_6.xlsx,abril,2026,month,2026-04,F.E.D.E.I.,0.0,F.E.D.E.I.
San Luis,informacion_consolidada_2026_6.xlsx,abril,2026,month,2026-04,F.E.D.E.I.,0.0,F.E.D.E.I.
San Luis,informacion_consolidada_2026_6.xlsx,abril,2026,month,2026-04,Financ. | Educativo | Ley Nº 26.075,16154.837468454705,Financiamiento Educativo
San Luis,informacion_consolidada_2026_6.xlsx,abril,2026,month,2026-04,Fondo | Compens. | de | Desequilib.,2.2,Fondo | Compens. | de | Desequilib.
San Luis,informacion_consolidada_2026_6.xlsx,abril,2026,month,2026-04,I.V.A. | Ley Nº 23.966 | Art. 5 | Punto 2,0.0,I.V.A. | Ley Nº 23.966 | Art. 5 | Punto 2
San Luis,informacion_consolidada_2026_6.xlsx,abril,2026,month,2026-04,Impuesto a los Combustibles Líquidos | Ley Nº 23.966 y Nº 24.699 | Obras de | Infraestr.,369.2212,Impuesto a los Combustibles Líquidos | Ley Nº 23.966 y Nº 24.699 | Obras de | Infraestr.
San Luis,informacion_consolidada_2026_6.xlsx,abril,2026,month,2026-04,Impuesto s/ | Los Activos | Fdo. Educ. | Ley Nº 23.906,0.0,Impuesto s/ | Los Activos | Fdo. Educ. | Ley Nº 23.906
San Luis,informacion_consolidada_2026_6.xlsx,abril,2026,month,2026-04,Impuesto sobre los | Bienes Personales | Ley | Nº 24.699,769.8673,Impuesto sobre los | Bienes Personales | Ley | Nº 24.699
San Luis,informacion_consolidada_2026_6.xlsx,abril,2026,month,2026-04,Ley Nº 23.966 | Art. 30,0.0,Ley Nº 23.966 | Art. 30
San Luis,informacion_consolidada_2026_6.xlsx,abril,2026,month,2026-04,Ley Nº 24.464 | FO.NA.VI.,2882.2872,Ley Nº 24.464 | FO.NA.VI.
San Luis,informacion_consolidada_2026_6.xlsx,abril,2026,month,2026-04,Reg.Simplif. | P/Peq.Contrib. | Ley Nº 24.977 | Aart. 59 Inc. A,731.1249,Reg.Simplif. | P/Peq.Contrib. | Ley Nº 24.977 | Aart. 59 Inc. A
San Luis,informacion_consolidada_2026_6.xlsx,abril,2026,month,2026-04,Régimen de la Energía Eléctrica | L E Y Nº 2 4 . 0 6 5 | Fdo. P/Comp. | Tarifa Elect.,0.0,Régimen de la Energía Eléctrica | L E Y Nº 2 4 . 0 6 5 | Fdo. P/Comp. | Tarifa Elect.
San Luis,informacion_consolidada_2026_6.xlsx,abril,2026,month,2026-04,Subtotal,111671.3326684547,Subtotal
San Luis,informacion_consolidada_2026_6.xlsx,abril,2026,month,2026-04,Subtotal,111672.90776845471,Subtotal
San Luis,informacion_consolidada_2026_6.xlsx,abril,2026,month,2026-04,Total | (1) + (2),117052.7505684547,Total | (1) + (2)
San Luis,informacion_consolidada_2026_6.xlsx,abril,2026,month,2026-04,Total | Recursos | Origen Nacional | (1),117052.7505684547,Total | Recursos | Origen Nacional | (1)
San Luis,informacion_consolidada_2026_6.xlsx,abril,2026,month,2026-04,Transfer. | De Servicios | Ley | Nº 24.049,1.5751000000000002,Transfer. | De Servicios | Ley | Nº 24.049
San Luis,informacion_consolidada_2026_6.xlsx,abril,2026,month,2026-04,Vialidad | Provincial,625.1422,Vialidad | Provincial
San Luis,informacion_consolidada_2026_6.xlsx,mayo,2026,month,2026-05,C.F.I. | Neta De | Ley Nº 26.075,152704.46159999998,CFI | Neta
San Luis,informacion_consolidada_2026_6.xlsx,mayo,2026,month,2026-05,Compensación | Consenso Fiscal | II. a y b; II. d y e | (2),0.0,Compensación Consenso Fiscal
San Luis,informacion_consolidada_2026_6.xlsx,mayo,2026,month,2026-05,F.E.D.E.I.,196.01641399980838,F.E.D.E.I.
San Luis,informacion_consolidada_2026_6.xlsx,mayo,2026,month,2026-05,F.E.D.E.I.,242.67810069370756,F.E.D.E.I.
San Luis,informacion_consolidada_2026_6.xlsx,mayo,2026,month,2026-05,Financ. | Educativo | Ley Nº 26.075,12789.246329193313,Financiamiento Educativo
San Luis,informacion_consolidada_2026_6.xlsx,mayo,2026,month,2026-05,Fondo | Compens. | de | Desequilib.,2.2,Fondo | Compens. | de | Desequilib.
San Luis,informacion_consolidada_2026_6.xlsx,mayo,2026,month,2026-05,I.V.A. | Ley Nº 23.966 | Art. 5 | Punto 2,0.0,I.V.A. | Ley Nº 23.966 | Art. 5 | Punto 2
San Luis,informacion_consolidada_2026_6.xlsx,mayo,2026,month,2026-05,Impuesto a los Combustibles Líquidos | Ley Nº 23.966 y Nº 24.699 | Obras de | Infraestr.,340.1892,Impuesto a los Combustibles Líquidos | Ley Nº 23.966 y Nº 24.699 | Obras de | Infraestr.
San Luis,informacion_consolidada_2026_6.xlsx,mayo,2026,month,2026-05,Impuesto s/ | Los Activos | Fdo. Educ. | Ley Nº 23.906,0.0,Impuesto s/ | Los Activos | Fdo. Educ. | Ley Nº 23.906
San Luis,informacion_consolidada_2026_6.xlsx,mayo,2026,month,2026-05,Impuesto sobre los | Bienes Personales | Ley | Nº 24.699,848.6336,Impuesto sobre los | Bienes Personales | Ley | Nº 24.699
San Luis,informacion_consolidada_2026_6.xlsx,mayo,2026,month,2026-05,Ley Nº 23.966 | Art. 30,0.0,Ley Nº 23.966 | Art. 30
San Luis,informacion_consolidada_2026_6.xlsx,mayo,2026,month,2026-05,Ley Nº 24.464 | FO.NA.VI.,2655.6517999999996,Ley Nº 24.464 | FO.NA.VI.
San Luis,informacion_consolidada_2026_6.xlsx,mayo,2026,month,2026-05,Reg.Simplif. | P/Peq.Contrib. | Ley Nº 24.977 | Aart. 59 Inc. A,715.9105999999999,Reg.Simplif. | P/Peq.Contrib. | Ley Nº 24.977 | Aart. 59 Inc. A
San Luis,informacion_consolidada_2026_6.xlsx,mayo,2026,month,2026-05,Régimen de la Energía Eléctrica | L E Y Nº 2 4 . 0 6 5 | Fdo. P/Comp. | Tarifa Elect.,359.80418429525463,Régimen de la Energía Eléctrica | L E Y Nº 2 4 . 0 6 5 | Fdo. P/Comp. | Tarifa Elect.
San Luis,informacion_consolidada_2026_6.xlsx,mayo,2026,month,2026-05,Subtotal,165493.7079291933,Subtotal
San Luis,informacion_consolidada_2026_6.xlsx,mayo,2026,month,2026-05,Subtotal,165495.2830291933,Subtotal
San Luis,informacion_consolidada_2026_6.xlsx,mayo,2026,month,2026-05,Total | (1) + (2),171432.35402818208,Total | (1) + (2)
San Luis,informacion_consolidada_2026_6.xlsx,mayo,2026,month,2026-05,Total | Recursos | Origen Nacional | (1),171432.35402818208,Total | Recursos | Origen Nacional | (1)
San Luis,informacion_consolidada_2026_6.xlsx,mayo,2026,month,2026-05,Transfer. | De Servicios | Ley | Nº 24.049,1.5751000000000002,Transfer. | De Servicios | Ley | Nº 24.049
San Luis,informacion_consolidada_2026_6.xlsx,mayo,2026,month,2026-05,Vialidad | Provincial,575.9870999999999,Vialidad | Provincial
San Luis,informacion_consolidada_2026_6.xlsx,junio,2026,month,2026-06,C.F.I. | Neta De | Ley Nº 26.075,104038.715,CFI | Neta
San Luis,informacion_consolidada_2026_6.xlsx,junio,2026,month,2026-06,Compensación | Consenso Fiscal | II. a y b; II. d y e | (2),0.0,Compensación Consenso Fiscal
San Luis,informacion_consolidada_2026_6.xlsx,junio,2026,month,2026-06,F.E.D.E.I.,410.1470110306364,F.E.D.E.I.
San Luis,informacion_consolidada_2026_6.xlsx,junio,2026,month,2026-06,F.E.D.E.I.,588.907452465197,F.E.D.E.I.
San Luis,informacion_consolidada_2026_6.xlsx,junio,2026,month,2026-06,Financ. | Educativo | Ley Nº 26.075,14135.482784897866,Financiamiento Educativo
San Luis,informacion_consolidada_2026_6.xlsx,junio,2026,month,2026-06,Fondo | Compens. | de | Desequilib.,2.2,Fondo | Compens. | de | Desequilib.
San Luis,informacion_consolidada_2026_6.xlsx,junio,2026,month,2026-06,I.V.A. | Ley Nº 23.966 | Art. 5 | Punto 2,0.0,I.V.A. | Ley Nº 23.966 | Art. 5 | Punto 2
San Luis,informacion_consolidada_2026_6.xlsx,junio,2026,month,2026-06,Impuesto a los Combustibles Líquidos | Ley Nº 23.966 y Nº 24.699 | Obras de | Infraestr.,422.0208,Impuesto a los Combustibles Líquidos | Ley Nº 23.966 y Nº 24.699 | Obras de | Infraestr.
San Luis,informacion_consolidada_2026_6.xlsx,junio,2026,month,2026-06,Impuesto s/ | Los Activos | Fdo. Educ. | Ley Nº 23.906,0.0,Impuesto s/ | Los Activos | Fdo. Educ. | Ley Nº 23.906
San Luis,informacion_consolidada_2026_6.xlsx,junio,2026,month,2026-06,Impuesto sobre los | Bienes Personales | Ley | Nº 24.699,20406.2828,Impuesto sobre los | Bienes Personales | Ley | Nº 24.699
San Luis,informacion_consolidada_2026_6.xlsx,junio,2026,month,2026-06,Ley Nº 23.966 | Art. 30,0.0,Ley Nº 23.966 | Art. 30
San Luis,informacion_consolidada_2026_6.xlsx,junio,2026,month,2026-06,Ley Nº 24.464 | FO.NA.VI.,3294.4621,Ley Nº 24.464 | FO.NA.VI.
San Luis,informacion_consolidada_2026_6.xlsx,junio,2026,month,2026-06,Reg.Simplif. | P/Peq.Contrib. | Ley Nº 24.977 | Aart. 59 Inc. A,729.6084000000001,Reg.Simplif. | P/Peq.Contrib. | Ley Nº 24.977 | Aart. 59 Inc. A
San Luis,informacion_consolidada_2026_6.xlsx,junio,2026,month,2026-06,Régimen de la Energía Eléctrica | L E Y Nº 2 4 . 0 6 5 | Fdo. P/Comp. | Tarifa Elect.,871.2782323830969,Régimen de la Energía Eléctrica | L E Y Nº 2 4 . 0 6 5 | Fdo. P/Comp. | Tarifa Elect.
San Luis,informacion_consolidada_2026_6.xlsx,junio,2026,month,2026-06,Subtotal,118174.19778489786,Subtotal
San Luis,informacion_consolidada_2026_6.xlsx,junio,2026,month,2026-06,Subtotal,118175.77288489786,Subtotal
San Luis,informacion_consolidada_2026_6.xlsx,junio,2026,month,2026-06,Total | (1) + (2),145615.21898077684,Total | (1) + (2)
San Luis,informacion_consolidada_2026_6.xlsx,junio,2026,month,2026-06,Total | Recursos | Origen Nacional | (1),145615.21898077684,Total | Recursos | Origen Nacional | (1)
San Luis,informacion_consolidada_2026_6.xlsx,junio,2026,month,2026-06,Transfer. | De Servicios | Ley | Nº 24.049,1.5751000000000002,Transfer. | De Servicios | Ley | Nº 24.049
San Luis,informacion_consolidada_2026_6.xlsx,junio,2026,month,2026-06,Vialidad | Provincial,714.5393,Vialidad | Provincial
San Luis,informacion_consolidada_2026_6.xlsx,julio,2026,month,2026-07,C.F.I. | Neta De | Ley Nº 26.075,131733.1783,CFI | Neta
San Luis,informacion_consolidada_2026_6.xlsx,julio,2026,month,2026-07,Compensación | Consenso Fiscal | II. a y b; II. d y e | (2),0.0,Compensación Consenso Fiscal
San Luis,informacion_consolidada_2026_6.xlsx,julio,2026,month,2026-07,F.E.D.E.I.,244.18856061617652,F.E.D.E.I.
San Luis,informacion_consolidada_2026_6.xlsx,julio,2026,month,2026-07,F.E.D.E.I.,299.1640584844866,F.E.D.E.I.
San Luis,informacion_consolidada_2026_6.xlsx,julio,2026,month,2026-07,Financ. | Educativo | Ley Nº 26.075,14135.482784897873,Financiamiento Educativo
San Luis,informacion_consolidada_2026_6.xlsx,julio,2026,month,2026-07,Fondo | Compens. | de | Desequilib.,2.2,Fondo | Compens. | de | Desequilib.
San Luis,informacion_consolidada_2026_6.xlsx,julio,2026,month,2026-07,I.V.A. | Ley Nº 23.966 | Art. 5 | Punto 2,0.0,I.V.A. | Ley Nº 23.966 | Art. 5 | Punto 2
San Luis,informacion_consolidada_2026_6.xlsx,julio,2026,month,2026-07,Impuesto a los Combustibles Líquidos | Ley Nº 23.966 y Nº 24.699 | Obras de | Infraestr.,379.6442,Impuesto a los Combustibles Líquidos | Ley Nº 23.966 y Nº 24.699 | Obras de | Infraestr.
San Luis,informacion_consolidada_2026_6.xlsx,julio,2026,month,2026-07,Impuesto s/ | Los Activos | Fdo. Educ. | Ley Nº 23.906,0.0,Impuesto s/ | Los Activos | Fdo. Educ. | Ley Nº 23.906
San Luis,informacion_consolidada_2026_6.xlsx,julio,2026,month,2026-07,Impuesto sobre los | Bienes Personales | Ley | Nº 24.699,2059.5556,Impuesto sobre los | Bienes Personales | Ley | Nº 24.699
San Luis,informacion_consolidada_2026_6.xlsx,julio,2026,month,2026-07,Ley Nº 23.966 | Art. 30,0.0,Ley Nº 23.966 | Art. 30
San Luis,informacion_consolidada_2026_6.xlsx,julio,2026,month,2026-07,Ley Nº 24.464 | FO.NA.VI.,2963.6533,Ley Nº 24.464 | FO.NA.VI.
San Luis,informacion_consolidada_2026_6.xlsx,julio,2026,month,2026-07,Reg.Simplif. | P/Peq.Contrib. | Ley Nº 24.977 | Aart. 59 Inc. A,723.8591,Reg.Simplif. | P/Peq.Contrib. | Ley Nº 24.977 | Aart. 59 Inc. A
San Luis,informacion_consolidada_2026_6.xlsx,julio,2026,month,2026-07,Régimen de la Energía Eléctrica | L E Y Nº 2 4 . 0 6 5 | Fdo. P/Comp. | Tarifa Elect.,442.6079700247356,Régimen de la Energía Eléctrica | L E Y Nº 2 4 . 0 6 5 | Fdo. P/Comp. | Tarifa Elect.
San Luis,informacion_consolidada_2026_6.xlsx,julio,2026,month,2026-07,Subtotal,145868.66108489787,Subtotal
San Luis,informacion_consolidada_2026_6.xlsx,julio,2026,month,2026-07,Subtotal,145870.23618489786,Subtotal
San Luis,informacion_consolidada_2026_6.xlsx,julio,2026,month,2026-07,Total | (1) + (2),153627.89877402328,Total | (1) + (2)
San Luis,informacion_consolidada_2026_6.xlsx,julio,2026,month,2026-07,Total | Recursos | Origen Nacional | (1),153627.89877402328,Total | Recursos | Origen Nacional | (1)
San Luis,informacion_consolidada_2026_6.xlsx,julio,2026,month,2026-07,Transfer. | De Servicios | Ley | Nº 24.049,1.5751000000000002,Transfer. | De Servicios | Ley | Nº 24.049
San Luis,informacion_consolidada_2026_6.xlsx,julio,2026,month,2026-07,Vialidad | Provincial,642.7898,Vialidad | Provincial
San Luis,informacion_consolidada_2026_6.xlsx,agosto,2026,month,2026-08,C.F.I. | Neta De | Ley Nº 26.075,124767.0273,CFI | Neta
San Luis,informacion_consolidada_2026_6.xlsx,agosto,2026,month,2026-08,Compensación | Consenso Fiscal | II. a y b; II. d y e | (2),0.0,Compensación Consenso Fiscal
San Luis,informacion_consolidada_2026_6.xlsx,agosto,2026,month,2026-08,F.E.D.E.I.,0.0,F.E.D.E.I.
San Luis,informacion_consolidada_2026_6.xlsx,agosto,2026,month,2026-08,F.E.D.E.I.,0.0,F.E.D.E.I.
San Luis,informacion_consolidada_2026_6.xlsx,agosto,2026,month,2026-08,Financ. | Educativo | Ley Nº 26.075,13462.364557045594,Financiamiento Educativo
San Luis,informacion_consolidada_2026_6.xlsx,agosto,2026,month,2026-08,Fondo | Compens. | de | Desequilib.,2.2,Fondo | Compens. | de | Desequilib.
San Luis,informacion_consolidada_2026_6.xlsx,agosto,2026,month,2026-08,I.V.A. | Ley Nº 23.966 | Art. 5 | Punto 2,0.0,I.V.A. | Ley Nº 23.966 | Art. 5 | Punto 2
San Luis,informacion_consolidada_2026_6.xlsx,agosto,2026,month,2026-08,Impuesto a los Combustibles Líquidos | Ley Nº 23.966 y Nº 24.699 | Obras de | Infraestr.,413.8159,Impuesto a los Combustibles Líquidos | Ley Nº 23.966 y Nº 24.699 | Obras de | Infraestr.
San Luis,informacion_consolidada_2026_6.xlsx,agosto,2026,month,2026-08,Impuesto s/ | Los Activos | Fdo. Educ. | Ley Nº 23.906,0.009125530000000001,Impuesto s/ | Los Activos | Fdo. Educ. | Ley Nº 23.906
San Luis,informacion_consolidada_2026_6.xlsx,agosto,2026,month,2026-08,Impuesto sobre los | Bienes Personales | Ley | Nº 24.699,1659.5773000000002,Impuesto sobre los | Bienes Personales | Ley | Nº 24.699
San Luis,informacion_consolidada_2026_6.xlsx,agosto,2026,month,2026-08,Ley Nº 23.966 | Art. 30,0.0,Ley Nº 23.966 | Art. 30
San Luis,informacion_consolidada_2026_6.xlsx,agosto,2026,month,2026-08,Ley Nº 24.464 | FO.NA.VI.,3230.4111000000003,Ley Nº 24.464 | FO.NA.VI.
San Luis,informacion_consolidada_2026_6.xlsx,agosto,2026,month,2026-08,Reg.Simplif. | P/Peq.Contrib. | Ley Nº 24.977 | Aart. 59 Inc. A,852.2285,Reg.Simplif. | P/Peq.Contrib. | Ley Nº 24.977 | Aart. 59 Inc. A
San Luis,informacion_consolidada_2026_6.xlsx,agosto,2026,month,2026-08,Régimen de la Energía Eléctrica | L E Y Nº 2 4 . 0 6 5 | Fdo. P/Comp. | Tarifa Elect.,0.0,Régimen de la Energía Eléctrica | L E Y Nº 2 4 . 0 6 5 | Fdo. P/Comp. | Tarifa Elect.
San Luis,informacion_consolidada_2026_6.xlsx,agosto,2026,month,2026-08,Subtotal,138229.3918570456,Subtotal
San Luis,informacion_consolidada_2026_6.xlsx,agosto,2026,month,2026-08,Subtotal,138230.96695704557,Subtotal
San Luis,informacion_consolidada_2026_6.xlsx,agosto,2026,month,2026-08,Total | (1) + (2),145089.85608257557,Total | (1) + (2)
San Luis,informacion_consolidada_2026_6.xlsx,agosto,2026,month,2026-08,Total | Recursos | Origen Nacional | (1),145089.85608257557,Total | Recursos | Origen Nacional | (1)
San Luis,informacion_consolidada_2026_6.xlsx,agosto,2026,month,2026-08,Transfer. | De Servicios | Ley | Nº 24.049,1.5751000000000002,Transfer. | De Servicios | Ley | Nº 24.049
San Luis,informacion_consolidada_2026_6.xlsx,agosto,2026,month,2026-08,Vialidad | Provincial,700.6472,Vialidad | Provincial
San Luis,informacion_consolidada_2026_6.xlsx,septiembre,2026,month,2026-09,C.F.I. | Neta De | Ley Nº 26.075,127268.0184,CFI | Neta
San Luis,informacion_consolidada_2026_6.xlsx,septiembre,2026,month,2026-09,Compensación | Consenso Fiscal | II. a y b; II. d y e | (2),0.0,Compensación Consenso Fiscal
San Luis,informacion_consolidada_2026_6.xlsx,septiembre,2026,month,2026-09,F.E.D.E.I.,458.6207180105253,F.E.D.E.I.
San Luis,informacion_consolidada_2026_6.xlsx,septiembre,2026,month,2026-09,F.E.D.E.I.,675.3537353252865,F.E.D.E.I.
San Luis,informacion_consolidada_2026_6.xlsx,septiembre,2026,month,2026-09,Financ. | Educativo | Ley Nº 26.075,14808.601012750152,Financiamiento Educativo
San Luis,informacion_consolidada_2026_6.xlsx,septiembre,2026,month,2026-09,Fondo | Compens. | de | Desequilib.,2.2,Fondo | Compens. | de | Desequilib.
San Luis,informacion_consolidada_2026_6.xlsx,septiembre,2026,month,2026-09,I.V.A. | Ley Nº 23.966 | Art. 5 | Punto 2,0.0,I.V.A. | Ley Nº 23.966 | Art. 5 | Punto 2
San Luis,informacion_consolidada_2026_6.xlsx,septiembre,2026,month,2026-09,Impuesto a los Combustibles Líquidos | Ley Nº 23.966 y Nº 24.699 | Obras de | Infraestr.,409.2923,Impuesto a los Combustibles Líquidos | Ley Nº 23.966 y Nº 24.699 | Obras de | Infraestr.
San Luis,informacion_consolidada_2026_6.xlsx,septiembre,2026,month,2026-09,Impuesto s/ | Los Activos | Fdo. Educ. | Ley Nº 23.906,0.0,Impuesto s/ | Los Activos | Fdo. Educ. | Ley Nº 23.906
San Luis,informacion_consolidada_2026_6.xlsx,septiembre,2026,month,2026-09,Impuesto sobre los | Bienes Personales | Ley | Nº 24.699,1120.1573999999998,Impuesto sobre los | Bienes Personales | Ley | Nº 24.699
San Luis,informacion_consolidada_2026_6.xlsx,septiembre,2026,month,2026-09,Ley Nº 23.966 | Art. 30,0.0,Ley Nº 23.966 | Art. 30
San Luis,informacion_consolidada_2026_6.xlsx,septiembre,2026,month,2026-09,Ley Nº 24.464 | FO.NA.VI.,3195.0987,Ley Nº 24.464 | FO.NA.VI.
San Luis,informacion_consolidada_2026_6.xlsx,septiembre,2026,month,2026-09,Reg.Simplif. | P/Peq.Contrib. | Ley Nº 24.977 | Aart. 59 Inc. A,879.0324,Reg.Simplif. | P/Peq.Contrib. | Ley Nº 24.977 | Aart. 59 Inc. A
San Luis,informacion_consolidada_2026_6.xlsx,septiembre,2026,month,2026-09,Régimen de la Energía Eléctrica | L E Y Nº 2 4 . 0 6 5 | Fdo. P/Comp. | Tarifa Elect.,999.17398951115,Régimen de la Energía Eléctrica | L E Y Nº 2 4 . 0 6 5 | Fdo. P/Comp. | Tarifa Elect.
San Luis,informacion_consolidada_2026_6.xlsx,septiembre,2026,month,2026-09,Subtotal,142076.61941275015,Subtotal
San Luis,informacion_consolidada_2026_6.xlsx,septiembre,2026,month,2026-09,Subtotal,142078.19451275014,Subtotal
San Luis,informacion_consolidada_2026_6.xlsx,septiembre,2026,month,2026-09,Total | (1) + (2),150510.1120555971,Total | (1) + (2)
San Luis,informacion_consolidada_2026_6.xlsx,septiembre,2026,month,2026-09,Total | Recursos | Origen Nacional | (1),150510.1120555971,Total | Recursos | Origen Nacional | (1)
San Luis,informacion_consolidada_2026_6.xlsx,septiembre,2026,month,2026-09,Transfer. | De Servicios | Ley | Nº 24.049,1.5751000000000002,Transfer. | De Servicios | Ley | Nº 24.049
San Luis,informacion_consolidada_2026_6.xlsx,septiembre,2026,month,2026-09,Vialidad | Provincial,692.9883000000001,Vialidad | Provincial
San Luis,informacion_consolidada_2026_6.xlsx,CONS,2026,consolidated,CONS,C.F.I. | Neta De | Ley Nº 26.075,1026628.6778999999,CFI | Neta
San Luis,informacion_consolidada_2026_6.xlsx,CONS,2026,consolidated,CONS,Compensación | Consenso Fiscal | II. a y b; II. d y e | (2),0.0,Compensación Consenso Fiscal
San Luis,informacion_consolidada_2026_6.xlsx,CONS,2026,consolidated,CONS,F.E.D.E.I.,1858.764579415307,F.E.D.E.I.
San Luis,informacion_consolidada_2026_6.xlsx,CONS,2026,consolidated,CONS,F.E.D.E.I.,2474.1480673418214,F.E.D.E.I.
San Luis,informacion_consolidada_2026_6.xlsx,CONS,2026,consolidated,CONS,Financ. | Educativo | Ley Nº 26.075,122507.51749999999,Financiamiento Educativo
San Luis,informacion_consolidada_2026_6.xlsx,CONS,2026,consolidated,CONS,Fondo | Compens. | de | Desequilib.,19.8,Fondo | Compens. | de | Desequilib.
San Luis,informacion_consolidada_2026_6.xlsx,CONS,2026,consolidated,CONS,I.V.A. | Ley Nº 23.966 | Art. 5 | Punto 2,0.0,I.V.A. | Ley Nº 23.966 | Art. 5 | Punto 2
San Luis,informacion_consolidada_2026_6.xlsx,CONS,2026,consolidated,CONS,Impuesto a los Combustibles Líquidos | Ley Nº 23.966 y Nº 24.699 | Obras de | Infraestr.,3220.7812999999996,Impuesto a los Combustibles Líquidos | Ley Nº 23.966 y Nº 24.699 | Obras de | Infraestr.
San Luis,informacion_consolidada_2026_6.xlsx,CONS,2026,consolidated,CONS,Impuesto s/ | Los Activos | Fdo. Educ. | Ley Nº 23.906,0.0091,Impuesto s/ | Los Activos | Fdo. Educ. | Ley Nº 23.906
San Luis,informacion_consolidada_2026_6.xlsx,CONS,2026,consolidated,CONS,Impuesto sobre los | Bienes Personales | Ley | Nº 24.699,28890.4853,Impuesto sobre los | Bienes Personales | Ley | Nº 24.699
San Luis,informacion_consolidada_2026_6.xlsx,CONS,2026,consolidated,CONS,Ley Nº 23.966 | Art. 30,0.0,Ley Nº 23.966 | Art. 30
San Luis,informacion_consolidada_2026_6.xlsx,CONS,2026,consolidated,CONS,Ley Nº 24.464 | FO.NA.VI.,25142.6985,Ley Nº 24.464 | FO.NA.VI.
San Luis,informacion_consolidada_2026_6.xlsx,CONS,2026,consolidated,CONS,Reg.Simplif. | P/Peq.Contrib. | Ley Nº 24.977 | Aart. 59 Inc. A,6504.1045,Reg.Simplif. | P/Peq.Contrib. | Ley Nº 24.977 | Aart. 59 Inc. A
San Luis,informacion_consolidada_2026_6.xlsx,CONS,2026,consolidated,CONS,Régimen de la Energía Eléctrica | L E Y Nº 2 4 . 0 6 5 | Fdo. P/Comp. | Tarifa Elect.,3663.3340999999996,Régimen de la Energía Eléctrica | L E Y Nº 2 4 . 0 6 5 | Fdo. P/Comp. | Tarifa Elect.
San Luis,informacion_consolidada_2026_6.xlsx,CONS,2026,consolidated,CONS,Subtotal,1149136.1953999999,Subtotal
San Luis,informacion_consolidada_2026_6.xlsx,CONS,2026,consolidated,CONS,Subtotal,1149150.3712999998,Subtotal
San Luis,informacion_consolidada_2026_6.xlsx,CONS,2026,consolidated,CONS,Total | (1) + (2),1226377.7226467568,Total | (1) + (2)
San Luis,informacion_consolidada_2026_6.xlsx,CONS,2026,consolidated,CONS,Total | Recursos | Origen Nacional | (1),1226377.7226467568,Total | Recursos | Origen Nacional | (1)
San Luis,informacion_consolidada_2026_6.xlsx,CONS,2026,consolidated,CONS,Transfer. | De Servicios | Ley | Nº 24.049,14.175900000000002,Transfer. | De Servicios | Ley | Nº 24.049
San Luis,informacion_consolidada_2026_6.xlsx,CONS,2026,consolidated,CONS,Vialidad | Provincial,5453.2259,Vialidad | Provincial
Santa Cruz,informacion_consolidada_2026_6.xlsx,enero,2026,month,2026-01,C.F.I. | Neta De | Ley Nº 26.075,78305.2402,CFI | Neta
Santa Cruz,informacion_consolidada_2026_6.xlsx,enero,2026,month,2026-01,Compensación | Consenso Fiscal | II. a y b; II. d y e | (2),331.24784700000004,Compensación Consenso Fiscal
Santa Cruz,informacion_consolidada_2026_6.xlsx,enero,2026,month,2026-01,F.E.D.E.I.,328.3173010602577,F.E.D.E.I.
Santa Cruz,informacion_consolidada_2026_6.xlsx,enero,2026,month,2026-01,F.E.D.E.I.,311.5503656992033,F.E.D.E.I.
Santa Cruz,informacion_consolidada_2026_6.xlsx,enero,2026,month,2026-01,Financ. | Educativo | Ley Nº 26.075,3880.8747481690034,Financiamiento Educativo
Santa Cruz,informacion_consolidada_2026_6.xlsx,enero,2026,month,2026-01,Fondo | Compens. | de | Desequilib.,3.0,Fondo | Compens. | de | Desequilib.
Santa Cruz,informacion_consolidada_2026_6.xlsx,enero,2026,month,2026-01,I.V.A. | Ley Nº 23.966 | Art. 5 | Punto 2,508.79940000000005,I.V.A. | Ley Nº 23.966 | Art. 5 | Punto 2
Santa Cruz,informacion_consolidada_2026_6.xlsx,enero,2026,month,2026-01,Impuesto a los Combustibles Líquidos | Ley Nº 23.966 y Nº 24.699 | Obras de | Infraestr.,141.5178,Impuesto a los Combustibles Líquidos | Ley Nº 23.966 y Nº 24.699 | Obras de | Infraestr.
Santa Cruz,informacion_consolidada_2026_6.xlsx,enero,2026,month,2026-01,Impuesto s/ | Los Activos | Fdo. Educ. | Ley Nº 23.906,0.0,Impuesto s/ | Los Activos | Fdo. Educ. | Ley Nº 23.906
Santa Cruz,informacion_consolidada_2026_6.xlsx,enero,2026,month,2026-01,Impuesto sobre los | Bienes Personales | Ley | Nº 24.699,455.6246,Impuesto sobre los | Bienes Personales | Ley | Nº 24.699
Santa Cruz,informacion_consolidada_2026_6.xlsx,enero,2026,month,2026-01,Ley Nº 23.966 | Art. 30,41.1772,Ley Nº 23.966 | Art. 30
Santa Cruz,informacion_consolidada_2026_6.xlsx,enero,2026,month,2026-01,Ley Nº 24.464 | FO.NA.VI.,1397.7617,Ley Nº 24.464 | FO.NA.VI.
Santa Cruz,informacion_consolidada_2026_6.xlsx,enero,2026,month,2026-01,Reg.Simplif. | P/Peq.Contrib. | Ley Nº 24.977 | Aart. 59 Inc. A,387.3383,Reg.Simplif. | P/Peq.Contrib. | Ley Nº 24.977 | Aart. 59 Inc. A
Santa Cruz,informacion_consolidada_2026_6.xlsx,enero,2026,month,2026-01,Régimen de la Energía Eléctrica | L E Y Nº 2 4 . 0 6 5 | Fdo. P/Comp. | Tarifa Elect.,718.6693924947123,Régimen de la Energía Eléctrica | L E Y Nº 2 4 . 0 6 5 | Fdo. P/Comp. | Tarifa Elect.
Santa Cruz,informacion_consolidada_2026_6.xlsx,enero,2026,month,2026-01,Subtotal,82186.11494816901,Subtotal
Santa Cruz,informacion_consolidada_2026_6.xlsx,enero,2026,month,2026-01,Subtotal,82186.823248169,Subtotal
Santa Cruz,informacion_consolidada_2026_6.xlsx,enero,2026,month,2026-01,Total | (1) + (2),87210.03745442322,Total | (1) + (2)
Santa Cruz,informacion_consolidada_2026_6.xlsx,enero,2026,month,2026-01,Total | Recursos | Origen Nacional | (1),86878.78960742321,Total | Recursos | Origen Nacional | (1)
Santa Cruz,informacion_consolidada_2026_6.xlsx,enero,2026,month,2026-01,Transfer. | De Servicios | Ley | Nº 24.049,0.7082999999999999,Transfer. | De Servicios | Ley | Nº 24.049
Santa Cruz,informacion_consolidada_2026_6.xlsx,enero,2026,month,2026-01,Vialidad | Provincial,398.21029999999996,Vialidad | Provincial
Santa Cruz,informacion_consolidada_2026_6.xlsx,febrero,2026,month,2026-02,C.F.I. | Neta De | Ley Nº 26.075,68288.405,CFI | Neta
Santa Cruz,informacion_consolidada_2026_6.xlsx,febrero,2026,month,2026-02,Compensación | Consenso Fiscal | II. a y b; II. d y e | (2),283.92672600000003,Compensación Consenso Fiscal
Santa Cruz,informacion_consolidada_2026_6.xlsx,febrero,2026,month,2026-02,F.E.D.E.I.,0.0,F.E.D.E.I.
Santa Cruz,informacion_consolidada_2026_6.xlsx,febrero,2026,month,2026-02,F.E.D.E.I.,0.0,F.E.D.E.I.
Santa Cruz,informacion_consolidada_2026_6.xlsx,febrero,2026,month,2026-02,Financ. | Educativo | Ley Nº 26.075,7408.942701049923,Financiamiento Educativo
Santa Cruz,informacion_consolidada_2026_6.xlsx,febrero,2026,month,2026-02,Fondo | Compens. | de | Desequilib.,3.0,Fondo | Compens. | de | Desequilib.
Santa Cruz,informacion_consolidada_2026_6.xlsx,febrero,2026,month,2026-02,I.V.A. | Ley Nº 23.966 | Art. 5 | Punto 2,442.7785,I.V.A. | Ley Nº 23.966 | Art. 5 | Punto 2
Santa Cruz,informacion_consolidada_2026_6.xlsx,febrero,2026,month,2026-02,Impuesto a los Combustibles Líquidos | Ley Nº 23.966 y Nº 24.699 | Obras de | Infraestr.,237.8801,Impuesto a los Combustibles Líquidos | Ley Nº 23.966 y Nº 24.699 | Obras de | Infraestr.
Santa Cruz,informacion_consolidada_2026_6.xlsx,febrero,2026,month,2026-02,Impuesto s/ | Los Activos | Fdo. Educ. | Ley Nº 23.906,0.0,Impuesto s/ | Los Activos | Fdo. Educ. | Ley Nº 23.906
Santa Cruz,informacion_consolidada_2026_6.xlsx,febrero,2026,month,2026-02,Impuesto sobre los | Bienes Personales | Ley | Nº 24.699,639.4309000000001,Impuesto sobre los | Bienes Personales | Ley | Nº 24.699
Santa Cruz,informacion_consolidada_2026_6.xlsx,febrero,2026,month,2026-02,Ley Nº 23.966 | Art. 30,57.7887,Ley Nº 23.966 | Art. 30
Santa Cruz,informacion_consolidada_2026_6.xlsx,febrero,2026,month,2026-02,Ley Nº 24.464 | FO.NA.VI.,2349.5257,Ley Nº 24.464 | FO.NA.VI.
Santa Cruz,informacion_consolidada_2026_6.xlsx,febrero,2026,month,2026-02,Reg.Simplif. | P/Peq.Contrib. | Ley Nº 24.977 | Aart. 59 Inc. A,467.69509999999997,Reg.Simplif. | P/Peq.Contrib. | Ley Nº 24.977 | Aart. 59 Inc. A
Santa Cruz,informacion_consolidada_2026_6.xlsx,febrero,2026,month,2026-02,Régimen de la Energía Eléctrica | L E Y Nº 2 4 . 0 6 5 | Fdo. P/Comp. | Tarifa Elect.,0.0,Régimen de la Energía Eléctrica | L E Y Nº 2 4 . 0 6 5 | Fdo. P/Comp. | Tarifa Elect.
Santa Cruz,informacion_consolidada_2026_6.xlsx,febrero,2026,month,2026-02,Subtotal,75697.34770104992,Subtotal
Santa Cruz,informacion_consolidada_2026_6.xlsx,febrero,2026,month,2026-02,Subtotal,75698.05600104992,Subtotal
Santa Cruz,informacion_consolidada_2026_6.xlsx,febrero,2026,month,2026-02,Total | (1) + (2),80849.44132704992,Total | (1) + (2)
Santa Cruz,informacion_consolidada_2026_6.xlsx,febrero,2026,month,2026-02,Total | Recursos | Origen Nacional | (1),80565.51460104992,Total | Recursos | Origen Nacional | (1)
Santa Cruz,informacion_consolidada_2026_6.xlsx,febrero,2026,month,2026-02,Transfer. | De Servicios | Ley | Nº 24.049,0.7082999999999999,Transfer. | De Servicios | Ley | Nº 24.049
Santa Cruz,informacion_consolidada_2026_6.xlsx,febrero,2026,month,2026-02,Vialidad | Provincial,669.3596,Vialidad | Provincial
Santa Cruz,informacion_consolidada_2026_6.xlsx,marzo,2026,month,2026-03,C.F.I. | Neta De | Ley Nº 26.075,61010.510700000006,CFI | Neta
Santa Cruz,informacion_consolidada_2026_6.xlsx,marzo,2026,month,2026-03,Compensación | Consenso Fiscal | II. a y b; II. d y e | (2),331.24784700000004,Compensación Consenso Fiscal
Santa Cruz,informacion_consolidada_2026_6.xlsx,marzo,2026,month,2026-03,F.E.D.E.I.,445.2707930906878,F.E.D.E.I.
Santa Cruz,informacion_consolidada_2026_6.xlsx,marzo,2026,month,2026-03,F.E.D.E.I.,628.4261323821935,F.E.D.E.I.
Santa Cruz,informacion_consolidada_2026_6.xlsx,marzo,2026,month,2026-03,Financ. | Educativo | Ley Nº 26.075,8114.556291626107,Financiamiento Educativo
Santa Cruz,informacion_consolidada_2026_6.xlsx,marzo,2026,month,2026-03,Fondo | Compens. | de | Desequilib.,3.0,Fondo | Compens. | de | Desequilib.
Santa Cruz,informacion_consolidada_2026_6.xlsx,marzo,2026,month,2026-03,I.V.A. | Ley Nº 23.966 | Art. 5 | Punto 2,454.40590000000003,I.V.A. | Ley Nº 23.966 | Art. 5 | Punto 2
Santa Cruz,informacion_consolidada_2026_6.xlsx,marzo,2026,month,2026-03,Impuesto a los Combustibles Líquidos | Ley Nº 23.966 y Nº 24.699 | Obras de | Infraestr.,234.9471,Impuesto a los Combustibles Líquidos | Ley Nº 23.966 y Nº 24.699 | Obras de | Infraestr.
Santa Cruz,informacion_consolidada_2026_6.xlsx,marzo,2026,month,2026-03,Impuesto s/ | Los Activos | Fdo. Educ. | Ley Nº 23.906,0.0,Impuesto s/ | Los Activos | Fdo. Educ. | Ley Nº 23.906
Santa Cruz,informacion_consolidada_2026_6.xlsx,marzo,2026,month,2026-03,Impuesto sobre los | Bienes Personales | Ley | Nº 24.699,309.0389,Impuesto sobre los | Bienes Personales | Ley | Nº 24.699
Santa Cruz,informacion_consolidada_2026_6.xlsx,marzo,2026,month,2026-03,Ley Nº 23.966 | Art. 30,27.9295,Ley Nº 23.966 | Art. 30
Santa Cruz,informacion_consolidada_2026_6.xlsx,marzo,2026,month,2026-03,Ley Nº 24.464 | FO.NA.VI.,2320.5564,Ley Nº 24.464 | FO.NA.VI.
Santa Cruz,informacion_consolidada_2026_6.xlsx,marzo,2026,month,2026-03,Reg.Simplif. | P/Peq.Contrib. | Ley Nº 24.977 | Aart. 59 Inc. A,442.3567,Reg.Simplif. | P/Peq.Contrib. | Ley Nº 24.977 | Aart. 59 Inc. A
Santa Cruz,informacion_consolidada_2026_6.xlsx,marzo,2026,month,2026-03,Régimen de la Energía Eléctrica | L E Y Nº 2 4 . 0 6 5 | Fdo. P/Comp. | Tarifa Elect.,1263.3193611101317,Régimen de la Energía Eléctrica | L E Y Nº 2 4 . 0 6 5 | Fdo. P/Comp. | Tarifa Elect.
Santa Cruz,informacion_consolidada_2026_6.xlsx,marzo,2026,month,2026-03,Subtotal,69125.06699162611,Subtotal
Santa Cruz,informacion_consolidada_2026_6.xlsx,marzo,2026,month,2026-03,Subtotal,69125.77529162611,Subtotal
Santa Cruz,informacion_consolidada_2026_6.xlsx,marzo,2026,month,2026-03,Total | (1) + (2),76247.38042520914,Total | (1) + (2)
Santa Cruz,informacion_consolidada_2026_6.xlsx,marzo,2026,month,2026-03,Total | Recursos | Origen Nacional | (1),75916.13257820913,Total | Recursos | Origen Nacional | (1)
Santa Cruz,informacion_consolidada_2026_6.xlsx,marzo,2026,month,2026-03,Transfer. | De Servicios | Ley | Nº 24.049,0.7082999999999999,Transfer. | De Servicios | Ley | Nº 24.049
Santa Cruz,informacion_consolidada_2026_6.xlsx,marzo,2026,month,2026-03,Vialidad | Provincial,661.1065,Vialidad | Provincial
Santa Cruz,informacion_consolidada_2026_6.xlsx,abril,2026,month,2026-04,C.F.I. | Neta De | Ley Nº 26.075,68909.379,CFI | Neta
Santa Cruz,informacion_consolidada_2026_6.xlsx,abril,2026,month,2026-04,Compensación | Consenso Fiscal | II. a y b; II. d y e | (2),35.780199999999994,Compensación Consenso Fiscal
Santa Cruz,informacion_consolidada_2026_6.xlsx,abril,2026,month,2026-04,F.E.D.E.I.,0.0,F.E.D.E.I.
Santa Cruz,informacion_consolidada_2026_6.xlsx,abril,2026,month,2026-04,F.E.D.E.I.,0.0,F.E.D.E.I.
Santa Cruz,informacion_consolidada_2026_6.xlsx,abril,2026,month,2026-04,Financ. | Educativo | Ley Nº 26.075,8467.36308691416,Financiamiento Educativo
Santa Cruz,informacion_consolidada_2026_6.xlsx,abril,2026,month,2026-04,Fondo | Compens. | de | Desequilib.,3.0,Fondo | Compens. | de | Desequilib.
Santa Cruz,informacion_consolidada_2026_6.xlsx,abril,2026,month,2026-04,I.V.A. | Ley Nº 23.966 | Art. 5 | Punto 2,489.3202,I.V.A. | Ley Nº 23.966 | Art. 5 | Punto 2
Santa Cruz,informacion_consolidada_2026_6.xlsx,abril,2026,month,2026-04,Impuesto a los Combustibles Líquidos | Ley Nº 23.966 y Nº 24.699 | Obras de | Infraestr.,255.8423,Impuesto a los Combustibles Líquidos | Ley Nº 23.966 y Nº 24.699 | Obras de | Infraestr.
Santa Cruz,informacion_consolidada_2026_6.xlsx,abril,2026,month,2026-04,Impuesto s/ | Los Activos | Fdo. Educ. | Ley Nº 23.906,0.0,Impuesto s/ | Los Activos | Fdo. Educ. | Ley Nº 23.906
Santa Cruz,informacion_consolidada_2026_6.xlsx,abril,2026,month,2026-04,Impuesto sobre los | Bienes Personales | Ley | Nº 24.699,533.4388,Impuesto sobre los | Bienes Personales | Ley | Nº 24.699
Santa Cruz,informacion_consolidada_2026_6.xlsx,abril,2026,month,2026-04,Ley Nº 23.966 | Art. 30,48.2097,Ley Nº 23.966 | Art. 30
Santa Cruz,informacion_consolidada_2026_6.xlsx,abril,2026,month,2026-04,Ley Nº 24.464 | FO.NA.VI.,2526.9367,Ley Nº 24.464 | FO.NA.VI.
Santa Cruz,informacion_consolidada_2026_6.xlsx,abril,2026,month,2026-04,Reg.Simplif. | P/Peq.Contrib. | Ley Nº 24.977 | Aart. 59 Inc. A,506.61409999999995,Reg.Simplif. | P/Peq.Contrib. | Ley Nº 24.977 | Aart. 59 Inc. A
Santa Cruz,informacion_consolidada_2026_6.xlsx,abril,2026,month,2026-04,Régimen de la Energía Eléctrica | L E Y Nº 2 4 . 0 6 5 | Fdo. P/Comp. | Tarifa Elect.,0.0,Régimen de la Energía Eléctrica | L E Y Nº 2 4 . 0 6 5 | Fdo. P/Comp. | Tarifa Elect.
Santa Cruz,informacion_consolidada_2026_6.xlsx,abril,2026,month,2026-04,Subtotal,77376.74208691416,Subtotal
Santa Cruz,informacion_consolidada_2026_6.xlsx,abril,2026,month,2026-04,Subtotal,77377.45038691416,Subtotal
Santa Cruz,informacion_consolidada_2026_6.xlsx,abril,2026,month,2026-04,Total | (1) + (2),82496.49488691418,Total | (1) + (2)
Santa Cruz,informacion_consolidada_2026_6.xlsx,abril,2026,month,2026-04,Total | Recursos | Origen Nacional | (1),82460.71468691419,Total | Recursos | Origen Nacional | (1)
Santa Cruz,informacion_consolidada_2026_6.xlsx,abril,2026,month,2026-04,Transfer. | De Servicios | Ley | Nº 24.049,0.7082999999999999,Transfer. | De Servicios | Ley | Nº 24.049
Santa Cruz,informacion_consolidada_2026_6.xlsx,abril,2026,month,2026-04,Vialidad | Provincial,719.9025,Vialidad | Provincial
Santa Cruz,informacion_consolidada_2026_6.xlsx,mayo,2026,month,2026-05,C.F.I. | Neta De | Ley Nº 26.075,107966.7806,CFI | Neta
Santa Cruz,informacion_consolidada_2026_6.xlsx,mayo,2026,month,2026-05,Compensación | Consenso Fiscal | II. a y b; II. d y e | (2),33.99119,Compensación Consenso Fiscal
Santa Cruz,informacion_consolidada_2026_6.xlsx,mayo,2026,month,2026-05,F.E.D.E.I.,275.8061201310304,F.E.D.E.I.
Santa Cruz,informacion_consolidada_2026_6.xlsx,mayo,2026,month,2026-05,F.E.D.E.I.,341.4617379365865,F.E.D.E.I.
Santa Cruz,informacion_consolidada_2026_6.xlsx,mayo,2026,month,2026-05,Financ. | Educativo | Ley Nº 26.075,6703.329110473705,Financiamiento Educativo
Santa Cruz,informacion_consolidada_2026_6.xlsx,mayo,2026,month,2026-05,Fondo | Compens. | de | Desequilib.,3.0,Fondo | Compens. | de | Desequilib.
Santa Cruz,informacion_consolidada_2026_6.xlsx,mayo,2026,month,2026-05,I.V.A. | Ley Nº 23.966 | Art. 5 | Punto 2,432.7582,I.V.A. | Ley Nº 23.966 | Art. 5 | Punto 2
Santa Cruz,informacion_consolidada_2026_6.xlsx,mayo,2026,month,2026-05,Impuesto a los Combustibles Líquidos | Ley Nº 23.966 y Nº 24.699 | Obras de | Infraestr.,235.72529999999998,Impuesto a los Combustibles Líquidos | Ley Nº 23.966 y Nº 24.699 | Obras de | Infraestr.
Santa Cruz,informacion_consolidada_2026_6.xlsx,mayo,2026,month,2026-05,Impuesto s/ | Los Activos | Fdo. Educ. | Ley Nº 23.906,0.0,Impuesto s/ | Los Activos | Fdo. Educ. | Ley Nº 23.906
Santa Cruz,informacion_consolidada_2026_6.xlsx,mayo,2026,month,2026-05,Impuesto sobre los | Bienes Personales | Ley | Nº 24.699,588.0158,Impuesto sobre los | Bienes Personales | Ley | Nº 24.699
Santa Cruz,informacion_consolidada_2026_6.xlsx,mayo,2026,month,2026-05,Ley Nº 23.966 | Art. 30,53.1421,Ley Nº 23.966 | Art. 30
Santa Cruz,informacion_consolidada_2026_6.xlsx,mayo,2026,month,2026-05,Ley Nº 24.464 | FO.NA.VI.,2328.2427000000002,Ley Nº 24.464 | FO.NA.VI.
Santa Cruz,informacion_consolidada_2026_6.xlsx,mayo,2026,month,2026-05,Reg.Simplif. | P/Peq.Contrib. | Ley Nº 24.977 | Aart. 59 Inc. A,496.0718,Reg.Simplif. | P/Peq.Contrib. | Ley Nº 24.977 | Aart. 59 Inc. A
Santa Cruz,informacion_consolidada_2026_6.xlsx,mayo,2026,month,2026-05,Régimen de la Energía Eléctrica | L E Y Nº 2 4 . 0 6 5 | Fdo. P/Comp. | Tarifa Elect.,683.08918930088,Régimen de la Energía Eléctrica | L E Y Nº 2 4 . 0 6 5 | Fdo. P/Comp. | Tarifa Elect.
Santa Cruz,informacion_consolidada_2026_6.xlsx,mayo,2026,month,2026-05,Subtotal,114670.1097104737,Subtotal
Santa Cruz,informacion_consolidada_2026_6.xlsx,mayo,2026,month,2026-05,Subtotal,114670.8180104737,Subtotal
Santa Cruz,informacion_consolidada_2026_6.xlsx,mayo,2026,month,2026-05,Total | (1) + (2),120805.4184478422,Total | (1) + (2)
Santa Cruz,informacion_consolidada_2026_6.xlsx,mayo,2026,month,2026-05,Total | Recursos | Origen Nacional | (1),120771.4272578422,Total | Recursos | Origen Nacional | (1)
Santa Cruz,informacion_consolidada_2026_6.xlsx,mayo,2026,month,2026-05,Transfer. | De Servicios | Ley | Nº 24.049,0.7082999999999999,Transfer. | De Servicios | Ley | Nº 24.049
Santa Cruz,informacion_consolidada_2026_6.xlsx,mayo,2026,month,2026-05,Vialidad | Provincial,663.2963000000001,Vialidad | Provincial
Santa Cruz,informacion_consolidada_2026_6.xlsx,junio,2026,month,2026-06,C.F.I. | Neta De | Ley Nº 26.075,74473.6158,CFI | Neta
Santa Cruz,informacion_consolidada_2026_6.xlsx,junio,2026,month,2026-06,Compensación | Consenso Fiscal | II. a y b; II. d y e | (2),37.56921,Compensación Consenso Fiscal
Santa Cruz,informacion_consolidada_2026_6.xlsx,junio,2026,month,2026-06,F.E.D.E.I.,577.0999146771733,F.E.D.E.I.
Santa Cruz,informacion_consolidada_2026_6.xlsx,junio,2026,month,2026-06,F.E.D.E.I.,828.6259107878499,F.E.D.E.I.
Santa Cruz,informacion_consolidada_2026_6.xlsx,junio,2026,month,2026-06,Financ. | Educativo | Ley Nº 26.075,7408.94270104993,Financiamiento Educativo
Santa Cruz,informacion_consolidada_2026_6.xlsx,junio,2026,month,2026-06,Fondo | Compens. | de | Desequilib.,3.0,Fondo | Compens. | de | Desequilib.
Santa Cruz,informacion_consolidada_2026_6.xlsx,junio,2026,month,2026-06,I.V.A. | Ley Nº 23.966 | Art. 5 | Punto 2,532.5278000000001,I.V.A. | Ley Nº 23.966 | Art. 5 | Punto 2
Santa Cruz,informacion_consolidada_2026_6.xlsx,junio,2026,month,2026-06,Impuesto a los Combustibles Líquidos | Ley Nº 23.966 y Nº 24.699 | Obras de | Infraestr.,292.4284,Impuesto a los Combustibles Líquidos | Ley Nº 23.966 y Nº 24.699 | Obras de | Infraestr.
Santa Cruz,informacion_consolidada_2026_6.xlsx,junio,2026,month,2026-06,Impuesto s/ | Los Activos | Fdo. Educ. | Ley Nº 23.906,0.0,Impuesto s/ | Los Activos | Fdo. Educ. | Ley Nº 23.906
Santa Cruz,informacion_consolidada_2026_6.xlsx,junio,2026,month,2026-06,Impuesto sobre los | Bienes Personales | Ley | Nº 24.699,14139.454099999999,Impuesto sobre los | Bienes Personales | Ley | Nº 24.699
Santa Cruz,informacion_consolidada_2026_6.xlsx,junio,2026,month,2026-06,Ley Nº 23.966 | Art. 30,1277.8566,Ley Nº 23.966 | Art. 30
Santa Cruz,informacion_consolidada_2026_6.xlsx,junio,2026,month,2026-06,Ley Nº 24.464 | FO.NA.VI.,2888.2955,Ley Nº 24.464 | FO.NA.VI.
Santa Cruz,informacion_consolidada_2026_6.xlsx,junio,2026,month,2026-06,Reg.Simplif. | P/Peq.Contrib. | Ley Nº 24.977 | Aart. 59 Inc. A,505.56329999999997,Reg.Simplif. | P/Peq.Contrib. | Ley Nº 24.977 | Aart. 59 Inc. A
Santa Cruz,informacion_consolidada_2026_6.xlsx,junio,2026,month,2026-06,Régimen de la Energía Eléctrica | L E Y Nº 2 4 . 0 6 5 | Fdo. P/Comp. | Tarifa Elect.,1744.6209888999524,Régimen de la Energía Eléctrica | L E Y Nº 2 4 . 0 6 5 | Fdo. P/Comp. | Tarifa Elect.
Santa Cruz,informacion_consolidada_2026_6.xlsx,junio,2026,month,2026-06,Subtotal,81882.55850104993,Subtotal
Santa Cruz,informacion_consolidada_2026_6.xlsx,junio,2026,month,2026-06,Subtotal,81883.26680104993,Subtotal
Santa Cruz,informacion_consolidada_2026_6.xlsx,junio,2026,month,2026-06,Total | (1) + (2),105533.1590254149,Total | (1) + (2)
Santa Cruz,informacion_consolidada_2026_6.xlsx,junio,2026,month,2026-06,Total | Recursos | Origen Nacional | (1),105495.5898154149,Total | Recursos | Origen Nacional | (1)
Santa Cruz,informacion_consolidada_2026_6.xlsx,junio,2026,month,2026-06,Transfer. | De Servicios | Ley | Nº 24.049,0.7082999999999999,Transfer. | De Servicios | Ley | Nº 24.049
Santa Cruz,informacion_consolidada_2026_6.xlsx,junio,2026,month,2026-06,Vialidad | Provincial,822.8505,Vialidad | Provincial
Santa Cruz,informacion_consolidada_2026_6.xlsx,julio,2026,month,2026-07,C.F.I. | Neta De | Ley Nº 26.075,93663.029,CFI | Neta
Santa Cruz,informacion_consolidada_2026_6.xlsx,julio,2026,month,2026-07,Compensación | Consenso Fiscal | II. a y b; II. d y e | (2),545.3610749999999,Compensación Consenso Fiscal
Santa Cruz,informacion_consolidada_2026_6.xlsx,julio,2026,month,2026-07,F.E.D.E.I.,343.58704004036696,F.E.D.E.I.
Santa Cruz,informacion_consolidada_2026_6.xlsx,julio,2026,month,2026-07,F.E.D.E.I.,420.9406578179131,F.E.D.E.I.
Santa Cruz,informacion_consolidada_2026_6.xlsx,julio,2026,month,2026-07,Financ. | Educativo | Ley Nº 26.075,7408.942701049965,Financiamiento Educativo
Santa Cruz,informacion_consolidada_2026_6.xlsx,julio,2026,month,2026-07,Fondo | Compens. | de | Desequilib.,3.0,Fondo | Compens. | de | Desequilib.
Santa Cruz,informacion_consolidada_2026_6.xlsx,julio,2026,month,2026-07,I.V.A. | Ley Nº 23.966 | Art. 5 | Punto 2,558.5036,I.V.A. | Ley Nº 23.966 | Art. 5 | Punto 2
Santa Cruz,informacion_consolidada_2026_6.xlsx,julio,2026,month,2026-07,Impuesto a los Combustibles Líquidos | Ley Nº 23.966 y Nº 24.699 | Obras de | Infraestr.,263.0646,Impuesto a los Combustibles Líquidos | Ley Nº 23.966 y Nº 24.699 | Obras de | Infraestr.
Santa Cruz,informacion_consolidada_2026_6.xlsx,julio,2026,month,2026-07,Impuesto s/ | Los Activos | Fdo. Educ. | Ley Nº 23.906,0.0,Impuesto s/ | Los Activos | Fdo. Educ. | Ley Nº 23.906
Santa Cruz,informacion_consolidada_2026_6.xlsx,julio,2026,month,2026-07,Impuesto sobre los | Bienes Personales | Ley | Nº 24.699,1427.0601000000001,Impuesto sobre los | Bienes Personales | Ley | Nº 24.699
Santa Cruz,informacion_consolidada_2026_6.xlsx,julio,2026,month,2026-07,Ley Nº 23.966 | Art. 30,128.9709,Ley Nº 23.966 | Art. 30
Santa Cruz,informacion_consolidada_2026_6.xlsx,julio,2026,month,2026-07,Ley Nº 24.464 | FO.NA.VI.,2598.2714,Ley Nº 24.464 | FO.NA.VI.
Santa Cruz,informacion_consolidada_2026_6.xlsx,julio,2026,month,2026-07,Reg.Simplif. | P/Peq.Contrib. | Ley Nº 24.977 | Aart. 59 Inc. A,501.5795,Reg.Simplif. | P/Peq.Contrib. | Ley Nº 24.977 | Aart. 59 Inc. A
Santa Cruz,informacion_consolidada_2026_6.xlsx,julio,2026,month,2026-07,Régimen de la Energía Eléctrica | L E Y Nº 2 4 . 0 6 5 | Fdo. P/Comp. | Tarifa Elect.,865.4279948242773,Régimen de la Energía Eléctrica | L E Y Nº 2 4 . 0 6 5 | Fdo. P/Comp. | Tarifa Elect.
Santa Cruz,informacion_consolidada_2026_6.xlsx,julio,2026,month,2026-07,Subtotal,101071.97170104996,Subtotal
Santa Cruz,informacion_consolidada_2026_6.xlsx,julio,2026,month,2026-07,Subtotal,101072.68000104996,Subtotal
Santa Cruz,informacion_consolidada_2026_6.xlsx,julio,2026,month,2026-07,Total | (1) + (2),109468.67196873251,Total | (1) + (2)
Santa Cruz,informacion_consolidada_2026_6.xlsx,julio,2026,month,2026-07,Total | Recursos | Origen Nacional | (1),108923.31089373252,Total | Recursos | Origen Nacional | (1)
Santa Cruz,informacion_consolidada_2026_6.xlsx,julio,2026,month,2026-07,Transfer. | De Servicios | Ley | Nº 24.049,0.7082999999999999,Transfer. | De Servicios | Ley | Nº 24.049
Santa Cruz,informacion_consolidada_2026_6.xlsx,julio,2026,month,2026-07,Vialidad | Provincial,740.2251,Vialidad | Provincial
Santa Cruz,informacion_consolidada_2026_6.xlsx,agosto,2026,month,2026-08,C.F.I. | Neta De | Ley Nº 26.075,88722.60829999999,CFI | Neta
Santa Cruz,informacion_consolidada_2026_6.xlsx,agosto,2026,month,2026-08,Compensación | Consenso Fiscal | II. a y b; II. d y e | (2),519.3915,Compensación Consenso Fiscal
Santa Cruz,informacion_consolidada_2026_6.xlsx,agosto,2026,month,2026-08,F.E.D.E.I.,0.0,F.E.D.E.I.
Santa Cruz,informacion_consolidada_2026_6.xlsx,agosto,2026,month,2026-08,F.E.D.E.I.,0.0,F.E.D.E.I.
Santa Cruz,informacion_consolidada_2026_6.xlsx,agosto,2026,month,2026-08,Financ. | Educativo | Ley Nº 26.075,7056.135905761871,Financiamiento Educativo
Santa Cruz,informacion_consolidada_2026_6.xlsx,agosto,2026,month,2026-08,Fondo | Compens. | de | Desequilib.,3.0,Fondo | Compens. | de | Desequilib.
Santa Cruz,informacion_consolidada_2026_6.xlsx,agosto,2026,month,2026-08,I.V.A. | Ley Nº 23.966 | Art. 5 | Punto 2,542.9343,I.V.A. | Ley Nº 23.966 | Art. 5 | Punto 2
Santa Cruz,informacion_consolidada_2026_6.xlsx,agosto,2026,month,2026-08,Impuesto a los Combustibles Líquidos | Ley Nº 23.966 y Nº 24.699 | Obras de | Infraestr.,286.743,Impuesto a los Combustibles Líquidos | Ley Nº 23.966 y Nº 24.699 | Obras de | Infraestr.
Santa Cruz,informacion_consolidada_2026_6.xlsx,agosto,2026,month,2026-08,Impuesto s/ | Los Activos | Fdo. Educ. | Ley Nº 23.906,0.009135200000000001,Impuesto s/ | Los Activos | Fdo. Educ. | Ley Nº 23.906
Santa Cruz,informacion_consolidada_2026_6.xlsx,agosto,2026,month,2026-08,Impuesto sobre los | Bienes Personales | Ley | Nº 24.699,1149.9163,Impuesto sobre los | Bienes Personales | Ley | Nº 24.699
Santa Cruz,informacion_consolidada_2026_6.xlsx,agosto,2026,month,2026-08,Ley Nº 23.966 | Art. 30,103.924,Ley Nº 23.966 | Art. 30
Santa Cruz,informacion_consolidada_2026_6.xlsx,agosto,2026,month,2026-08,Ley Nº 24.464 | FO.NA.VI.,2832.1412,Ley Nº 24.464 | FO.NA.VI.
Santa Cruz,informacion_consolidada_2026_6.xlsx,agosto,2026,month,2026-08,Reg.Simplif. | P/Peq.Contrib. | Ley Nº 24.977 | Aart. 59 Inc. A,590.5298,Reg.Simplif. | P/Peq.Contrib. | Ley Nº 24.977 | Aart. 59 Inc. A
Santa Cruz,informacion_consolidada_2026_6.xlsx,agosto,2026,month,2026-08,Régimen de la Energía Eléctrica | L E Y Nº 2 4 . 0 6 5 | Fdo. P/Comp. | Tarifa Elect.,0.0,Régimen de la Energía Eléctrica | L E Y Nº 2 4 . 0 6 5 | Fdo. P/Comp. | Tarifa Elect.
Santa Cruz,informacion_consolidada_2026_6.xlsx,agosto,2026,month,2026-08,Subtotal,95778.74420576186,Subtotal
Santa Cruz,informacion_consolidada_2026_6.xlsx,agosto,2026,month,2026-08,Subtotal,95779.45250576186,Subtotal
Santa Cruz,informacion_consolidada_2026_6.xlsx,agosto,2026,month,2026-08,Total | (1) + (2),102614.89434096185,Total | (1) + (2)
Santa Cruz,informacion_consolidada_2026_6.xlsx,agosto,2026,month,2026-08,Total | Recursos | Origen Nacional | (1),102095.50284096185,Total | Recursos | Origen Nacional | (1)
Santa Cruz,informacion_consolidada_2026_6.xlsx,agosto,2026,month,2026-08,Transfer. | De Servicios | Ley | Nº 24.049,0.7082999999999999,Transfer. | De Servicios | Ley | Nº 24.049
Santa Cruz,informacion_consolidada_2026_6.xlsx,agosto,2026,month,2026-08,Vialidad | Provincial,806.8525999999999,Vialidad | Provincial
Santa Cruz,informacion_consolidada_2026_6.xlsx,septiembre,2026,month,2026-09,C.F.I. | Neta De | Ley Nº 26.075,90682.7275,CFI | Neta
Santa Cruz,informacion_consolidada_2026_6.xlsx,septiembre,2026,month,2026-09,Compensación | Consenso Fiscal | II. a y b; II. d y e | (2),571.33065,Compensación Consenso Fiscal
Santa Cruz,informacion_consolidada_2026_6.xlsx,septiembre,2026,month,2026-09,F.E.D.E.I.,645.3051469594543,F.E.D.E.I.
Santa Cruz,informacion_consolidada_2026_6.xlsx,septiembre,2026,month,2026-09,F.E.D.E.I.,950.2606932396219,F.E.D.E.I.
Santa Cruz,informacion_consolidada_2026_6.xlsx,septiembre,2026,month,2026-09,Financ. | Educativo | Ley Nº 26.075,7761.749496338059,Financiamiento Educativo
Santa Cruz,informacion_consolidada_2026_6.xlsx,septiembre,2026,month,2026-09,Fondo | Compens. | de | Desequilib.,3.0,Fondo | Compens. | de | Desequilib.
Santa Cruz,informacion_consolidada_2026_6.xlsx,septiembre,2026,month,2026-09,I.V.A. | Ley Nº 23.966 | Art. 5 | Punto 2,560.4724,I.V.A. | Ley Nº 23.966 | Art. 5 | Punto 2
Santa Cruz,informacion_consolidada_2026_6.xlsx,septiembre,2026,month,2026-09,Impuesto a los Combustibles Líquidos | Ley Nº 23.966 y Nº 24.699 | Obras de | Infraestr.,283.60859999999997,Impuesto a los Combustibles Líquidos | Ley Nº 23.966 y Nº 24.699 | Obras de | Infraestr.
Santa Cruz,informacion_consolidada_2026_6.xlsx,septiembre,2026,month,2026-09,Impuesto s/ | Los Activos | Fdo. Educ. | Ley Nº 23.906,0.0,Impuesto s/ | Los Activos | Fdo. Educ. | Ley Nº 23.906
Santa Cruz,informacion_consolidada_2026_6.xlsx,septiembre,2026,month,2026-09,Impuesto sobre los | Bienes Personales | Ley | Nº 24.699,776.1538,Impuesto sobre los | Bienes Personales | Ley | Nº 24.699
Santa Cruz,informacion_consolidada_2026_6.xlsx,septiembre,2026,month,2026-09,Ley Nº 23.966 | Art. 30,70.1451,Ley Nº 23.966 | Art. 30
Santa Cruz,informacion_consolidada_2026_6.xlsx,septiembre,2026,month,2026-09,Ley Nº 24.464 | FO.NA.VI.,2801.1823999999997,Ley Nº 24.464 | FO.NA.VI.
Santa Cruz,informacion_consolidada_2026_6.xlsx,septiembre,2026,month,2026-09,Reg.Simplif. | P/Peq.Contrib. | Ley Nº 24.977 | Aart. 59 Inc. A,609.1028,Reg.Simplif. | P/Peq.Contrib. | Ley Nº 24.977 | Aart. 59 Inc. A
Santa Cruz,informacion_consolidada_2026_6.xlsx,septiembre,2026,month,2026-09,Régimen de la Energía Eléctrica | L E Y Nº 2 4 . 0 6 5 | Fdo. P/Comp. | Tarifa Elect.,2228.4376403339697,Régimen de la Energía Eléctrica | L E Y Nº 2 4 . 0 6 5 | Fdo. P/Comp. | Tarifa Elect.
Santa Cruz,informacion_consolidada_2026_6.xlsx,septiembre,2026,month,2026-09,Subtotal,98444.47699633805,Subtotal
Santa Cruz,informacion_consolidada_2026_6.xlsx,septiembre,2026,month,2026-09,Subtotal,98445.18529633805,Subtotal
Santa Cruz,informacion_consolidada_2026_6.xlsx,septiembre,2026,month,2026-09,Total | (1) + (2),108742.21722687109,Total | (1) + (2)
Santa Cruz,informacion_consolidada_2026_6.xlsx,septiembre,2026,month,2026-09,Total | Recursos | Origen Nacional | (1),108170.88657687108,Total | Recursos | Origen Nacional | (1)
Santa Cruz,informacion_consolidada_2026_6.xlsx,septiembre,2026,month,2026-09,Transfer. | De Servicios | Ley | Nº 24.049,0.7082999999999999,Transfer. | De Servicios | Ley | Nº 24.049
Santa Cruz,informacion_consolidada_2026_6.xlsx,septiembre,2026,month,2026-09,Vialidad | Provincial,798.0327,Vialidad | Provincial
Santa Cruz,informacion_consolidada_2026_6.xlsx,CONS,2026,consolidated,CONS,C.F.I. | Neta De | Ley Nº 26.075,732022.2960999999,CFI | Neta
Santa Cruz,informacion_consolidada_2026_6.xlsx,CONS,2026,consolidated,CONS,Compensación | Consenso Fiscal | II. a y b; II. d y e | (2),2689.8462449999997,Compensación Consenso Fiscal
Santa Cruz,informacion_consolidada_2026_6.xlsx,CONS,2026,consolidated,CONS,F.E.D.E.I.,2615.38631595897,F.E.D.E.I.
Santa Cruz,informacion_consolidada_2026_6.xlsx,CONS,2026,consolidated,CONS,F.E.D.E.I.,3481.265497863368,F.E.D.E.I.
Santa Cruz,informacion_consolidada_2026_6.xlsx,CONS,2026,consolidated,CONS,Financ. | Educativo | Ley Nº 26.075,64210.8367,Financiamiento Educativo
Santa Cruz,informacion_consolidada_2026_6.xlsx,CONS,2026,consolidated,CONS,Fondo | Compens. | de | Desequilib.,27.0,Fondo | Compens. | de | Desequilib.
Santa Cruz,informacion_consolidada_2026_6.xlsx,CONS,2026,consolidated,CONS,I.V.A. | Ley Nº 23.966 | Art. 5 | Punto 2,4522.500300000001,I.V.A. | Ley Nº 23.966 | Art. 5 | Punto 2
Santa Cruz,informacion_consolidada_2026_6.xlsx,CONS,2026,consolidated,CONS,Impuesto a los Combustibles Líquidos | Ley Nº 23.966 y Nº 24.699 | Obras de | Infraestr.,2231.7572,Impuesto a los Combustibles Líquidos | Ley Nº 23.966 y Nº 24.699 | Obras de | Infraestr.
Santa Cruz,informacion_consolidada_2026_6.xlsx,CONS,2026,consolidated,CONS,Impuesto s/ | Los Activos | Fdo. Educ. | Ley Nº 23.906,0.0091,Impuesto s/ | Los Activos | Fdo. Educ. | Ley Nº 23.906
Santa Cruz,informacion_consolidada_2026_6.xlsx,CONS,2026,consolidated,CONS,Impuesto sobre los | Bienes Personales | Ley | Nº 24.699,20018.1333,Impuesto sobre los | Bienes Personales | Ley | Nº 24.699
Santa Cruz,informacion_consolidada_2026_6.xlsx,CONS,2026,consolidated,CONS,Ley Nº 23.966 | Art. 30,1809.1438,Ley Nº 23.966 | Art. 30
Santa Cruz,informacion_consolidada_2026_6.xlsx,CONS,2026,consolidated,CONS,Ley Nº 24.464 | FO.NA.VI.,22042.9137,Ley Nº 24.464 | FO.NA.VI.
Santa Cruz,informacion_consolidada_2026_6.xlsx,CONS,2026,consolidated,CONS,Reg.Simplif. | P/Peq.Contrib. | Ley Nº 24.977 | Aart. 59 Inc. A,4506.8514,Reg.Simplif. | P/Peq.Contrib. | Ley Nº 24.977 | Aart. 59 Inc. A
Santa Cruz,informacion_consolidada_2026_6.xlsx,CONS,2026,consolidated,CONS,Régimen de la Energía Eléctrica | L E Y Nº 2 4 . 0 6 5 | Fdo. P/Comp. | Tarifa Elect.,7503.5646,Régimen de la Energía Eléctrica | L E Y Nº 2 4 . 0 6 5 | Fdo. P/Comp. | Tarifa Elect.
Santa Cruz,informacion_consolidada_2026_6.xlsx,CONS,2026,consolidated,CONS,Subtotal,796233.1327999999,Subtotal
Santa Cruz,informacion_consolidada_2026_6.xlsx,CONS,2026,consolidated,CONS,Subtotal,796239.5075,Subtotal
Santa Cruz,informacion_consolidada_2026_6.xlsx,CONS,2026,consolidated,CONS,Total | (1) + (2),873967.7150588223,Total | (1) + (2)
Santa Cruz,informacion_consolidada_2026_6.xlsx,CONS,2026,consolidated,CONS,Total | Recursos | Origen Nacional | (1),871277.8688138223,Total | Recursos | Origen Nacional | (1)
Santa Cruz,informacion_consolidada_2026_6.xlsx,CONS,2026,consolidated,CONS,Transfer. | De Servicios | Ley | Nº 24.049,6.374700000000001,Transfer. | De Servicios | Ley | Nº 24.049
Santa Cruz,informacion_consolidada_2026_6.xlsx,CONS,2026,consolidated,CONS,Vialidad | Provincial,6279.8360999999995,Vialidad | Provincial
Santa Fe,informacion_consolidada_2026_6.xlsx,enero,2026,month,2026-01,C.F.I. | Neta De | Ley Nº 26.075,439266.61539999995,CFI | Neta
Santa Fe,informacion_consolidada_2026_6.xlsx,enero,2026,month,2026-01,Compensación | Consenso Fiscal | II. a y b; II. d y e | (2),6248.4799649999995,Compensación Consenso Fiscal
Santa Fe,informacion_consolidada_2026_6.xlsx,enero,2026,month,2026-01,F.E.D.E.I.,206.8688962222615,F.E.D.E.I.
Santa Fe,informacion_consolidada_2026_6.xlsx,enero,2026,month,2026-01,F.E.D.E.I.,196.30424611404703,F.E.D.E.I.
Santa Fe,informacion_consolidada_2026_6.xlsx,enero,2026,month,2026-01,Financ. | Educativo | Ley Nº 26.075,34212.974753595176,Financiamiento Educativo
Santa Fe,informacion_consolidada_2026_6.xlsx,enero,2026,month,2026-01,Fondo | Compens. | de | Desequilib.,0.5,Fondo | Compens. | de | Desequilib.
Santa Fe,informacion_consolidada_2026_6.xlsx,enero,2026,month,2026-01,I.V.A. | Ley Nº 23.966 | Art. 5 | Punto 2,6996.081700000002,I.V.A. | Ley Nº 23.966 | Art. 5 | Punto 2
Santa Fe,informacion_consolidada_2026_6.xlsx,enero,2026,month,2026-01,Impuesto a los Combustibles Líquidos | Ley Nº 23.966 y Nº 24.699 | Obras de | Infraestr.,845.2076,Impuesto a los Combustibles Líquidos | Ley Nº 23.966 y Nº 24.699 | Obras de | Infraestr.
Santa Fe,informacion_consolidada_2026_6.xlsx,enero,2026,month,2026-01,Impuesto s/ | Los Activos | Fdo. Educ. | Ley Nº 23.906,1.245e-05,Impuesto s/ | Los Activos | Fdo. Educ. | Ley Nº 23.906
Santa Fe,informacion_consolidada_2026_6.xlsx,enero,2026,month,2026-01,Impuesto sobre los | Bienes Personales | Ley | Nº 24.699,2624.6476000000002,Impuesto sobre los | Bienes Personales | Ley | Nº 24.699
Santa Fe,informacion_consolidada_2026_6.xlsx,enero,2026,month,2026-01,Ley Nº 23.966 | Art. 30,566.1079000000001,Ley Nº 23.966 | Art. 30
Santa Fe,informacion_consolidada_2026_6.xlsx,enero,2026,month,2026-01,Ley Nº 24.464 | FO.NA.VI.,2515.7407000000003,Ley Nº 24.464 | FO.NA.VI.
Santa Fe,informacion_consolidada_2026_6.xlsx,enero,2026,month,2026-01,Reg.Simplif. | P/Peq.Contrib. | Ley Nº 24.977 | Aart. 59 Inc. A,2231.23,Reg.Simplif. | P/Peq.Contrib. | Ley Nº 24.977 | Aart. 59 Inc. A
Santa Fe,informacion_consolidada_2026_6.xlsx,enero,2026,month,2026-01,Régimen de la Energía Eléctrica | L E Y Nº 2 4 . 0 6 5 | Fdo. P/Comp. | Tarifa Elect.,235.3327529106549,Régimen de la Energía Eléctrica | L E Y Nº 2 4 . 0 6 5 | Fdo. P/Comp. | Tarifa Elect.
Santa Fe,informacion_consolidada_2026_6.xlsx,enero,2026,month,2026-01,Subtotal,473479.59015359514,Subtotal
Santa Fe,informacion_consolidada_2026_6.xlsx,enero,2026,month,2026-01,Subtotal,473490.88095359516,Subtotal
Santa Fe,informacion_consolidada_2026_6.xlsx,enero,2026,month,2026-01,Total | (1) + (2),497876.7061262922,Total | (1) + (2)
Santa Fe,informacion_consolidada_2026_6.xlsx,enero,2026,month,2026-01,Total | Recursos | Origen Nacional | (1),491628.2261612922,Total | Recursos | Origen Nacional | (1)
Santa Fe,informacion_consolidada_2026_6.xlsx,enero,2026,month,2026-01,Transfer. | De Servicios | Ley | Nº 24.049,11.290799999999999,Transfer. | De Servicios | Ley | Nº 24.049
Santa Fe,informacion_consolidada_2026_6.xlsx,enero,2026,month,2026-01,Vialidad | Provincial,1719.3238000000001,Vialidad | Provincial
Santa Fe,informacion_consolidada_2026_6.xlsx,febrero,2026,month,2026-02,C.F.I. | Neta De | Ley Nº 26.075,370744.3812,CFI | Neta
Santa Fe,informacion_consolidada_2026_6.xlsx,febrero,2026,month,2026-02,Compensación | Consenso Fiscal | II. a y b; II. d y e | (2),5355.83997,Compensación Consenso Fiscal
Santa Fe,informacion_consolidada_2026_6.xlsx,febrero,2026,month,2026-02,F.E.D.E.I.,0.0,F.E.D.E.I.
Santa Fe,informacion_consolidada_2026_6.xlsx,febrero,2026,month,2026-02,F.E.D.E.I.,0.0,F.E.D.E.I.
Santa Fe,informacion_consolidada_2026_6.xlsx,febrero,2026,month,2026-02,Financ. | Educativo | Ley Nº 26.075,65315.6790750454,Financiamiento Educativo
Santa Fe,informacion_consolidada_2026_6.xlsx,febrero,2026,month,2026-02,Fondo | Compens. | de | Desequilib.,0.5,Fondo | Compens. | de | Desequilib.
Santa Fe,informacion_consolidada_2026_6.xlsx,febrero,2026,month,2026-02,I.V.A. | Ley Nº 23.966 | Art. 5 | Punto 2,6087.4286,I.V.A. | Ley Nº 23.966 | Art. 5 | Punto 2
Santa Fe,informacion_consolidada_2026_6.xlsx,febrero,2026,month,2026-02,Impuesto a los Combustibles Líquidos | Ley Nº 23.966 y Nº 24.699 | Obras de | Infraestr.,1370.2823,Impuesto a los Combustibles Líquidos | Ley Nº 23.966 y Nº 24.699 | Obras de | Infraestr.
Santa Fe,informacion_consolidada_2026_6.xlsx,febrero,2026,month,2026-02,Impuesto s/ | Los Activos | Fdo. Educ. | Ley Nº 23.906,5.8e-07,Impuesto s/ | Los Activos | Fdo. Educ. | Ley Nº 23.906
Santa Fe,informacion_consolidada_2026_6.xlsx,febrero,2026,month,2026-02,Impuesto sobre los | Bienes Personales | Ley | Nº 24.699,3683.4497,Impuesto sobre los | Bienes Personales | Ley | Nº 24.699
Santa Fe,informacion_consolidada_2026_6.xlsx,febrero,2026,month,2026-02,Ley Nº 23.966 | Art. 30,794.4799,Ley Nº 23.966 | Art. 30
Santa Fe,informacion_consolidada_2026_6.xlsx,febrero,2026,month,2026-02,Ley Nº 24.464 | FO.NA.VI.,4228.7081,Ley Nº 24.464 | FO.NA.VI.
Santa Fe,informacion_consolidada_2026_6.xlsx,febrero,2026,month,2026-02,Reg.Simplif. | P/Peq.Contrib. | Ley Nº 24.977 | Aart. 59 Inc. A,2694.1182999999996,Reg.Simplif. | P/Peq.Contrib. | Ley Nº 24.977 | Aart. 59 Inc. A
Santa Fe,informacion_consolidada_2026_6.xlsx,febrero,2026,month,2026-02,Régimen de la Energía Eléctrica | L E Y Nº 2 4 . 0 6 5 | Fdo. P/Comp. | Tarifa Elect.,0.0,Régimen de la Energía Eléctrica | L E Y Nº 2 4 . 0 6 5 | Fdo. P/Comp. | Tarifa Elect.
Santa Fe,informacion_consolidada_2026_6.xlsx,febrero,2026,month,2026-02,Subtotal,436060.0602750454,Subtotal
Santa Fe,informacion_consolidada_2026_6.xlsx,febrero,2026,month,2026-02,Subtotal,436071.3510750454,Subtotal
Santa Fe,informacion_consolidada_2026_6.xlsx,febrero,2026,month,2026-02,Total | (1) + (2),463176.1690456253,Total | (1) + (2)
Santa Fe,informacion_consolidada_2026_6.xlsx,febrero,2026,month,2026-02,Total | Recursos | Origen Nacional | (1),457820.32907562534,Total | Recursos | Origen Nacional | (1)
Santa Fe,informacion_consolidada_2026_6.xlsx,febrero,2026,month,2026-02,Transfer. | De Servicios | Ley | Nº 24.049,11.290799999999999,Transfer. | De Servicios | Ley | Nº 24.049
Santa Fe,informacion_consolidada_2026_6.xlsx,febrero,2026,month,2026-02,Vialidad | Provincial,2890.0111,Vialidad | Provincial
Santa Fe,informacion_consolidada_2026_6.xlsx,marzo,2026,month,2026-03,C.F.I. | Neta De | Ley Nº 26.075,326720.8301,CFI | Neta
Santa Fe,informacion_consolidada_2026_6.xlsx,marzo,2026,month,2026-03,Compensación | Consenso Fiscal | II. a y b; II. d y e | (2),6248.4799649999995,Compensación Consenso Fiscal
Santa Fe,informacion_consolidada_2026_6.xlsx,marzo,2026,month,2026-03,F.E.D.E.I.,280.55992537378665,F.E.D.E.I.
Santa Fe,informacion_consolidada_2026_6.xlsx,marzo,2026,month,2026-03,F.E.D.E.I.,395.96396515652305,F.E.D.E.I.
Santa Fe,informacion_consolidada_2026_6.xlsx,marzo,2026,month,2026-03,Financ. | Educativo | Ley Nº 26.075,71536.21993933542,Financiamiento Educativo
Santa Fe,informacion_consolidada_2026_6.xlsx,marzo,2026,month,2026-03,Fondo | Compens. | de | Desequilib.,0.5,Fondo | Compens. | de | Desequilib.
Santa Fe,informacion_consolidada_2026_6.xlsx,marzo,2026,month,2026-03,I.V.A. | Ley Nº 23.966 | Art. 5 | Punto 2,6248.6921,I.V.A. | Ley Nº 23.966 | Art. 5 | Punto 2
Santa Fe,informacion_consolidada_2026_6.xlsx,marzo,2026,month,2026-03,Impuesto a los Combustibles Líquidos | Ley Nº 23.966 y Nº 24.699 | Obras de | Infraestr.,1353.394,Impuesto a los Combustibles Líquidos | Ley Nº 23.966 y Nº 24.699 | Obras de | Infraestr.
Santa Fe,informacion_consolidada_2026_6.xlsx,marzo,2026,month,2026-03,Impuesto s/ | Los Activos | Fdo. Educ. | Ley Nº 23.906,2.72e-06,Impuesto s/ | Los Activos | Fdo. Educ. | Ley Nº 23.906
Santa Fe,informacion_consolidada_2026_6.xlsx,marzo,2026,month,2026-03,Impuesto sobre los | Bienes Personales | Ley | Nº 24.699,1780.2221000000002,Impuesto sobre los | Bienes Personales | Ley | Nº 24.699
Santa Fe,informacion_consolidada_2026_6.xlsx,marzo,2026,month,2026-03,Ley Nº 23.966 | Art. 30,383.97450000000003,Ley Nº 23.966 | Art. 30
Santa Fe,informacion_consolidada_2026_6.xlsx,marzo,2026,month,2026-03,Ley Nº 24.464 | FO.NA.VI.,4176.5905,Ley Nº 24.464 | FO.NA.VI.
Santa Fe,informacion_consolidada_2026_6.xlsx,marzo,2026,month,2026-03,Reg.Simplif. | P/Peq.Contrib. | Ley Nº 24.977 | Aart. 59 Inc. A,2548.1585,Reg.Simplif. | P/Peq.Contrib. | Ley Nº 24.977 | Aart. 59 Inc. A
Santa Fe,informacion_consolidada_2026_6.xlsx,marzo,2026,month,2026-03,Régimen de la Energía Eléctrica | L E Y Nº 2 4 . 0 6 5 | Fdo. P/Comp. | Tarifa Elect.,474.68810185656037,Régimen de la Energía Eléctrica | L E Y Nº 2 4 . 0 6 5 | Fdo. P/Comp. | Tarifa Elect.
Santa Fe,informacion_consolidada_2026_6.xlsx,marzo,2026,month,2026-03,Subtotal,398257.05003933545,Subtotal
Santa Fe,informacion_consolidada_2026_6.xlsx,marzo,2026,month,2026-03,Subtotal,398268.34083933546,Subtotal
Santa Fe,informacion_consolidada_2026_6.xlsx,marzo,2026,month,2026-03,Total | (1) + (2),425013.9570994423,Total | (1) + (2)
Santa Fe,informacion_consolidada_2026_6.xlsx,marzo,2026,month,2026-03,Total | Recursos | Origen Nacional | (1),418765.4771344423,Total | Recursos | Origen Nacional | (1)
Santa Fe,informacion_consolidada_2026_6.xlsx,marzo,2026,month,2026-03,Transfer. | De Servicios | Ley | Nº 24.049,11.290799999999999,Transfer. | De Servicios | Ley | Nº 24.049
Santa Fe,informacion_consolidada_2026_6.xlsx,marzo,2026,month,2026-03,Vialidad | Provincial,2854.3926,Vialidad | Provincial
Santa Fe,informacion_consolidada_2026_6.xlsx,abril,2026,month,2026-04,C.F.I. | Neta De | Ley Nº 26.075,371154.0258,CFI | Neta
Santa Fe,informacion_consolidada_2026_6.xlsx,abril,2026,month,2026-04,Compensación | Consenso Fiscal | II. a y b; II. d y e | (2),5848.68544,Compensación Consenso Fiscal
Santa Fe,informacion_consolidada_2026_6.xlsx,abril,2026,month,2026-04,F.E.D.E.I.,0.0,F.E.D.E.I.
Santa Fe,informacion_consolidada_2026_6.xlsx,abril,2026,month,2026-04,F.E.D.E.I.,0.0,F.E.D.E.I.
Santa Fe,informacion_consolidada_2026_6.xlsx,abril,2026,month,2026-04,Financ. | Educativo | Ley Nº 26.075,74646.49037148045,Financiamiento Educativo
Santa Fe,informacion_consolidada_2026_6.xlsx,abril,2026,month,2026-04,Fondo | Compens. | de | Desequilib.,0.5,Fondo | Compens. | de | Desequilib.
Santa Fe,informacion_consolidada_2026_6.xlsx,abril,2026,month,2026-04,I.V.A. | Ley Nº 23.966 | Art. 5 | Punto 2,6728.9204,I.V.A. | Ley Nº 23.966 | Art. 5 | Punto 2
Santa Fe,informacion_consolidada_2026_6.xlsx,abril,2026,month,2026-04,Impuesto a los Combustibles Líquidos | Ley Nº 23.966 y Nº 24.699 | Obras de | Infraestr.,1473.7588,Impuesto a los Combustibles Líquidos | Ley Nº 23.966 y Nº 24.699 | Obras de | Infraestr.
Santa Fe,informacion_consolidada_2026_6.xlsx,abril,2026,month,2026-04,Impuesto s/ | Los Activos | Fdo. Educ. | Ley Nº 23.906,5.0000000000000004e-08,Impuesto s/ | Los Activos | Fdo. Educ. | Ley Nº 23.906
Santa Fe,informacion_consolidada_2026_6.xlsx,abril,2026,month,2026-04,Impuesto sobre los | Bienes Personales | Ley | Nº 24.699,3072.8907000000004,Impuesto sobre los | Bienes Personales | Ley | Nº 24.699
Santa Fe,informacion_consolidada_2026_6.xlsx,abril,2026,month,2026-04,Ley Nº 23.966 | Art. 30,662.789,Ley Nº 23.966 | Art. 30
Santa Fe,informacion_consolidada_2026_6.xlsx,abril,2026,month,2026-04,Ley Nº 24.464 | FO.NA.VI.,4548.0377,Ley Nº 24.464 | FO.NA.VI.
Santa Fe,informacion_consolidada_2026_6.xlsx,abril,2026,month,2026-04,Reg.Simplif. | P/Peq.Contrib. | Ley Nº 24.977 | Aart. 59 Inc. A,2918.3081,Reg.Simplif. | P/Peq.Contrib. | Ley Nº 24.977 | Aart. 59 Inc. A
Santa Fe,informacion_consolidada_2026_6.xlsx,abril,2026,month,2026-04,Régimen de la Energía Eléctrica | L E Y Nº 2 4 . 0 6 5 | Fdo. P/Comp. | Tarifa Elect.,0.0,Régimen de la Energía Eléctrica | L E Y Nº 2 4 . 0 6 5 | Fdo. P/Comp. | Tarifa Elect.
Santa Fe,informacion_consolidada_2026_6.xlsx,abril,2026,month,2026-04,Subtotal,445800.51617148047,Subtotal
Santa Fe,informacion_consolidada_2026_6.xlsx,abril,2026,month,2026-04,Subtotal,445811.8069714805,Subtotal
Santa Fe,informacion_consolidada_2026_6.xlsx,abril,2026,month,2026-04,Total | (1) + (2),474173.94651153043,Total | (1) + (2)
Santa Fe,informacion_consolidada_2026_6.xlsx,abril,2026,month,2026-04,Total | Recursos | Origen Nacional | (1),468325.26107153046,Total | Recursos | Origen Nacional | (1)
Santa Fe,informacion_consolidada_2026_6.xlsx,abril,2026,month,2026-04,Transfer. | De Servicios | Ley | Nº 24.049,11.290799999999999,Transfer. | De Servicios | Ley | Nº 24.049
Santa Fe,informacion_consolidada_2026_6.xlsx,abril,2026,month,2026-04,Vialidad | Provincial,3108.2493999999997,Vialidad | Provincial
Santa Fe,informacion_consolidada_2026_6.xlsx,mayo,2026,month,2026-05,C.F.I. | Neta De | Ley Nº 26.075,601514.8415,CFI | Neta
Santa Fe,informacion_consolidada_2026_6.xlsx,mayo,2026,month,2026-05,Compensación | Consenso Fiscal | II. a y b; II. d y e | (2),5556.251168,Compensación Consenso Fiscal
Santa Fe,informacion_consolidada_2026_6.xlsx,mayo,2026,month,2026-05,F.E.D.E.I.,173.7822145049301,F.E.D.E.I.
Santa Fe,informacion_consolidada_2026_6.xlsx,mayo,2026,month,2026-05,F.E.D.E.I.,215.1510523506832,F.E.D.E.I.
Santa Fe,informacion_consolidada_2026_6.xlsx,mayo,2026,month,2026-05,Financ. | Educativo | Ley Nº 26.075,59095.13821075537,Financiamiento Educativo
Santa Fe,informacion_consolidada_2026_6.xlsx,mayo,2026,month,2026-05,Fondo | Compens. | de | Desequilib.,0.5,Fondo | Compens. | de | Desequilib.
Santa Fe,informacion_consolidada_2026_6.xlsx,mayo,2026,month,2026-05,I.V.A. | Ley Nº 23.966 | Art. 5 | Punto 2,5951.932100000001,I.V.A. | Ley Nº 23.966 | Art. 5 | Punto 2
Santa Fe,informacion_consolidada_2026_6.xlsx,mayo,2026,month,2026-05,Impuesto a los Combustibles Líquidos | Ley Nº 23.966 y Nº 24.699 | Obras de | Infraestr.,1357.8742,Impuesto a los Combustibles Líquidos | Ley Nº 23.966 y Nº 24.699 | Obras de | Infraestr.
Santa Fe,informacion_consolidada_2026_6.xlsx,mayo,2026,month,2026-05,Impuesto s/ | Los Activos | Fdo. Educ. | Ley Nº 23.906,5.0000000000000004e-08,Impuesto s/ | Los Activos | Fdo. Educ. | Ley Nº 23.906
Santa Fe,informacion_consolidada_2026_6.xlsx,mayo,2026,month,2026-05,Impuesto sobre los | Bienes Personales | Ley | Nº 24.699,3387.2705,Impuesto sobre los | Bienes Personales | Ley | Nº 24.699
Santa Fe,informacion_consolidada_2026_6.xlsx,mayo,2026,month,2026-05,Ley Nº 23.966 | Art. 30,730.5973,Ley Nº 23.966 | Art. 30
Santa Fe,informacion_consolidada_2026_6.xlsx,mayo,2026,month,2026-05,Ley Nº 24.464 | FO.NA.VI.,4190.4164,Ley Nº 24.464 | FO.NA.VI.
Santa Fe,informacion_consolidada_2026_6.xlsx,mayo,2026,month,2026-05,Reg.Simplif. | P/Peq.Contrib. | Ley Nº 24.977 | Aart. 59 Inc. A,2857.5798,Reg.Simplif. | P/Peq.Contrib. | Ley Nº 24.977 | Aart. 59 Inc. A
Santa Fe,informacion_consolidada_2026_6.xlsx,mayo,2026,month,2026-05,Régimen de la Energía Eléctrica | L E Y Nº 2 4 . 0 6 5 | Fdo. P/Comp. | Tarifa Elect.,257.92661364341683,Régimen de la Energía Eléctrica | L E Y Nº 2 4 . 0 6 5 | Fdo. P/Comp. | Tarifa Elect.
Santa Fe,informacion_consolidada_2026_6.xlsx,mayo,2026,month,2026-05,Subtotal,660609.9797107554,Subtotal
Santa Fe,informacion_consolidada_2026_6.xlsx,mayo,2026,month,2026-05,Subtotal,660621.2705107554,Subtotal
Santa Fe,informacion_consolidada_2026_6.xlsx,mayo,2026,month,2026-05,Total | (1) + (2),688164.3933593042,Total | (1) + (2)
Santa Fe,informacion_consolidada_2026_6.xlsx,mayo,2026,month,2026-05,Total | Recursos | Origen Nacional | (1),682608.1421913041,Total | Recursos | Origen Nacional | (1)
Santa Fe,informacion_consolidada_2026_6.xlsx,mayo,2026,month,2026-05,Transfer. | De Servicios | Ley | Nº 24.049,11.290799999999999,Transfer. | De Servicios | Ley | Nº 24.049
Santa Fe,informacion_consolidada_2026_6.xlsx,mayo,2026,month,2026-05,Vialidad | Provincial,2863.8415,Vialidad | Provincial
Santa Fe,informacion_consolidada_2026_6.xlsx,junio,2026,month,2026-06,C.F.I. | Neta De | Ley Nº 26.075,406465.6469,CFI | Neta
Santa Fe,informacion_consolidada_2026_6.xlsx,junio,2026,month,2026-06,Compensación | Consenso Fiscal | II. a y b; II. d y e | (2),6141.119712000001,Compensación Consenso Fiscal
Santa Fe,informacion_consolidada_2026_6.xlsx,junio,2026,month,2026-06,F.E.D.E.I.,363.6239149497982,F.E.D.E.I.
Santa Fe,informacion_consolidada_2026_6.xlsx,junio,2026,month,2026-06,F.E.D.E.I.,522.1075069406367,F.E.D.E.I.
Santa Fe,informacion_consolidada_2026_6.xlsx,junio,2026,month,2026-06,Financ. | Educativo | Ley Nº 26.075,65315.67907504541,Financiamiento Educativo
Santa Fe,informacion_consolidada_2026_6.xlsx,junio,2026,month,2026-06,Fondo | Compens. | de | Desequilib.,0.5,Fondo | Compens. | de | Desequilib.
Santa Fe,informacion_consolidada_2026_6.xlsx,junio,2026,month,2026-06,I.V.A. | Ley Nº 23.966 | Art. 5 | Punto 2,7322.0353,I.V.A. | Ley Nº 23.966 | Art. 5 | Punto 2
Santa Fe,informacion_consolidada_2026_6.xlsx,junio,2026,month,2026-06,Impuesto a los Combustibles Líquidos | Ley Nº 23.966 y Nº 24.699 | Obras de | Infraestr.,1684.0206,Impuesto a los Combustibles Líquidos | Ley Nº 23.966 y Nº 24.699 | Obras de | Infraestr.
Santa Fe,informacion_consolidada_2026_6.xlsx,junio,2026,month,2026-06,Impuesto s/ | Los Activos | Fdo. Educ. | Ley Nº 23.906,5.0000000000000004e-08,Impuesto s/ | Los Activos | Fdo. Educ. | Ley Nº 23.906
Santa Fe,informacion_consolidada_2026_6.xlsx,junio,2026,month,2026-06,Impuesto sobre los | Bienes Personales | Ley | Nº 24.699,81450.659,Impuesto sobre los | Bienes Personales | Ley | Nº 24.699
Santa Fe,informacion_consolidada_2026_6.xlsx,junio,2026,month,2026-06,Ley Nº 23.966 | Art. 30,17568.018600000003,Ley Nº 23.966 | Art. 30
Santa Fe,informacion_consolidada_2026_6.xlsx,junio,2026,month,2026-06,Ley Nº 24.464 | FO.NA.VI.,5196.9083,Ley Nº 24.464 | FO.NA.VI.
Santa Fe,informacion_consolidada_2026_6.xlsx,junio,2026,month,2026-06,Reg.Simplif. | P/Peq.Contrib. | Ley Nº 24.977 | Aart. 59 Inc. A,2912.2076,Reg.Simplif. | P/Peq.Contrib. | Ley Nº 24.977 | Aart. 59 Inc. A
Santa Fe,informacion_consolidada_2026_6.xlsx,junio,2026,month,2026-06,Régimen de la Energía Eléctrica | L E Y Nº 2 4 . 0 6 5 | Fdo. P/Comp. | Tarifa Elect.,633.9834080818,Régimen de la Energía Eléctrica | L E Y Nº 2 4 . 0 6 5 | Fdo. P/Comp. | Tarifa Elect.
Santa Fe,informacion_consolidada_2026_6.xlsx,junio,2026,month,2026-06,Subtotal,471781.3259750454,Subtotal
Santa Fe,informacion_consolidada_2026_6.xlsx,junio,2026,month,2026-06,Subtotal,471792.6167750454,Subtotal
Santa Fe,informacion_consolidada_2026_6.xlsx,junio,2026,month,2026-06,Total | (1) + (2),599139.5054170676,Total | (1) + (2)
Santa Fe,informacion_consolidada_2026_6.xlsx,junio,2026,month,2026-06,Total | Recursos | Origen Nacional | (1),592998.3857050675,Total | Recursos | Origen Nacional | (1)
Santa Fe,informacion_consolidada_2026_6.xlsx,junio,2026,month,2026-06,Transfer. | De Servicios | Ley | Nº 24.049,11.290799999999999,Transfer. | De Servicios | Ley | Nº 24.049
Santa Fe,informacion_consolidada_2026_6.xlsx,junio,2026,month,2026-06,Vialidad | Provincial,3551.7047000000002,Vialidad | Provincial
Santa Fe,informacion_consolidada_2026_6.xlsx,julio,2026,month,2026-07,C.F.I. | Neta De | Ley Nº 26.075,516940.62580000004,CFI | Neta
Santa Fe,informacion_consolidada_2026_6.xlsx,julio,2026,month,2026-07,Compensación | Consenso Fiscal | II. a y b; II. d y e | (2),8164.890888,Compensación Consenso Fiscal
Santa Fe,informacion_consolidada_2026_6.xlsx,julio,2026,month,2026-07,F.E.D.E.I.,216.4901803837792,F.E.D.E.I.
Santa Fe,informacion_consolidada_2026_6.xlsx,julio,2026,month,2026-07,F.E.D.E.I.,265.22979133857507,F.E.D.E.I.
Santa Fe,informacion_consolidada_2026_6.xlsx,julio,2026,month,2026-07,Financ. | Educativo | Ley Nº 26.075,65315.67907504541,Financiamiento Educativo
Santa Fe,informacion_consolidada_2026_6.xlsx,julio,2026,month,2026-07,Fondo | Compens. | de | Desequilib.,0.5,Fondo | Compens. | de | Desequilib.
Santa Fe,informacion_consolidada_2026_6.xlsx,julio,2026,month,2026-07,I.V.A. | Ley Nº 23.966 | Art. 5 | Punto 2,7679.5155,I.V.A. | Ley Nº 23.966 | Art. 5 | Punto 2
Santa Fe,informacion_consolidada_2026_6.xlsx,julio,2026,month,2026-07,Impuesto a los Combustibles Líquidos | Ley Nº 23.966 y Nº 24.699 | Obras de | Infraestr.,1515.3582,Impuesto a los Combustibles Líquidos | Ley Nº 23.966 y Nº 24.699 | Obras de | Infraestr.
Santa Fe,informacion_consolidada_2026_6.xlsx,julio,2026,month,2026-07,Impuesto s/ | Los Activos | Fdo. Educ. | Ley Nº 23.906,2.17e-06,Impuesto s/ | Los Activos | Fdo. Educ. | Ley Nº 23.906
Santa Fe,informacion_consolidada_2026_6.xlsx,julio,2026,month,2026-07,Impuesto sobre los | Bienes Personales | Ley | Nº 24.699,8220.5803,Impuesto sobre los | Bienes Personales | Ley | Nº 24.699
Santa Fe,informacion_consolidada_2026_6.xlsx,julio,2026,month,2026-07,Ley Nº 23.966 | Art. 30,1773.0896000000002,Ley Nº 23.966 | Art. 30
Santa Fe,informacion_consolidada_2026_6.xlsx,julio,2026,month,2026-07,Ley Nº 24.464 | FO.NA.VI.,4676.414,Ley Nº 24.464 | FO.NA.VI.
Santa Fe,informacion_consolidada_2026_6.xlsx,julio,2026,month,2026-07,Reg.Simplif. | P/Peq.Contrib. | Ley Nº 24.977 | Aart. 59 Inc. A,2889.2318,Reg.Simplif. | P/Peq.Contrib. | Ley Nº 24.977 | Aart. 59 Inc. A
Santa Fe,informacion_consolidada_2026_6.xlsx,julio,2026,month,2026-07,Régimen de la Energía Eléctrica | L E Y Nº 2 4 . 0 6 5 | Fdo. P/Comp. | Tarifa Elect.,322.0625729456922,Régimen de la Energía Eléctrica | L E Y Nº 2 4 . 0 6 5 | Fdo. P/Comp. | Tarifa Elect.
Santa Fe,informacion_consolidada_2026_6.xlsx,julio,2026,month,2026-07,Subtotal,582256.3048750454,Subtotal
Santa Fe,informacion_consolidada_2026_6.xlsx,julio,2026,month,2026-07,Subtotal,582267.5956750454,Subtotal
Santa Fe,informacion_consolidada_2026_6.xlsx,julio,2026,month,2026-07,Total | (1) + (2),621186.9437098834,Total | (1) + (2)
Santa Fe,informacion_consolidada_2026_6.xlsx,julio,2026,month,2026-07,Total | Recursos | Origen Nacional | (1),613022.0528218833,Total | Recursos | Origen Nacional | (1)
Santa Fe,informacion_consolidada_2026_6.xlsx,julio,2026,month,2026-07,Transfer. | De Servicios | Ley | Nº 24.049,11.290799999999999,Transfer. | De Servicios | Ley | Nº 24.049
Santa Fe,informacion_consolidada_2026_6.xlsx,julio,2026,month,2026-07,Vialidad | Provincial,3195.9852,Vialidad | Provincial
Santa Fe,informacion_consolidada_2026_6.xlsx,agosto,2026,month,2026-08,C.F.I. | Neta De | Ley Nº 26.075,489541.0838,CFI | Neta
Santa Fe,informacion_consolidada_2026_6.xlsx,agosto,2026,month,2026-08,Compensación | Consenso Fiscal | II. a y b; II. d y e | (2),7776.08656,Compensación Consenso Fiscal
Santa Fe,informacion_consolidada_2026_6.xlsx,agosto,2026,month,2026-08,F.E.D.E.I.,0.0,F.E.D.E.I.
Santa Fe,informacion_consolidada_2026_6.xlsx,agosto,2026,month,2026-08,F.E.D.E.I.,0.0,F.E.D.E.I.
Santa Fe,informacion_consolidada_2026_6.xlsx,agosto,2026,month,2026-08,Financ. | Educativo | Ley Nº 26.075,62205.408642900395,Financiamiento Educativo
Santa Fe,informacion_consolidada_2026_6.xlsx,agosto,2026,month,2026-08,Fondo | Compens. | de | Desequilib.,0.5,Fondo | Compens. | de | Desequilib.
Santa Fe,informacion_consolidada_2026_6.xlsx,agosto,2026,month,2026-08,I.V.A. | Ley Nº 23.966 | Art. 5 | Punto 2,7465.517499999999,I.V.A. | Ley Nº 23.966 | Art. 5 | Punto 2
Santa Fe,informacion_consolidada_2026_6.xlsx,agosto,2026,month,2026-08,Impuesto a los Combustibles Líquidos | Ley Nº 23.966 y Nº 24.699 | Obras de | Infraestr.,1652.2409,Impuesto a los Combustibles Líquidos | Ley Nº 23.966 y Nº 24.699 | Obras de | Infraestr.
Santa Fe,informacion_consolidada_2026_6.xlsx,agosto,2026,month,2026-08,Impuesto s/ | Los Activos | Fdo. Educ. | Ley Nº 23.906,0.03774696,Impuesto s/ | Los Activos | Fdo. Educ. | Ley Nº 23.906
Santa Fe,informacion_consolidada_2026_6.xlsx,agosto,2026,month,2026-08,Impuesto sobre los | Bienes Personales | Ley | Nº 24.699,6624.147400000001,Impuesto sobre los | Bienes Personales | Ley | Nº 24.699
Santa Fe,informacion_consolidada_2026_6.xlsx,agosto,2026,month,2026-08,Ley Nº 23.966 | Art. 30,1428.7562999999998,Ley Nº 23.966 | Art. 30
Santa Fe,informacion_consolidada_2026_6.xlsx,agosto,2026,month,2026-08,Ley Nº 24.464 | FO.NA.VI.,5098.8357000000005,Ley Nº 24.464 | FO.NA.VI.
Santa Fe,informacion_consolidada_2026_6.xlsx,agosto,2026,month,2026-08,Reg.Simplif. | P/Peq.Contrib. | Ley Nº 24.977 | Aart. 59 Inc. A,3401.8191,Reg.Simplif. | P/Peq.Contrib. | Ley Nº 24.977 | Aart. 59 Inc. A
Santa Fe,informacion_consolidada_2026_6.xlsx,agosto,2026,month,2026-08,Régimen de la Energía Eléctrica | L E Y Nº 2 4 . 0 6 5 | Fdo. P/Comp. | Tarifa Elect.,0.0,Régimen de la Energía Eléctrica | L E Y Nº 2 4 . 0 6 5 | Fdo. P/Comp. | Tarifa Elect.
Santa Fe,informacion_consolidada_2026_6.xlsx,agosto,2026,month,2026-08,Subtotal,551746.4924429004,Subtotal
Santa Fe,informacion_consolidada_2026_6.xlsx,agosto,2026,month,2026-08,Subtotal,551757.7832429004,Subtotal
Santa Fe,informacion_consolidada_2026_6.xlsx,agosto,2026,month,2026-08,Total | (1) + (2),588690.4037498602,Total | (1) + (2)
Santa Fe,informacion_consolidada_2026_6.xlsx,agosto,2026,month,2026-08,Total | Recursos | Origen Nacional | (1),580914.3171898603,Total | Recursos | Origen Nacional | (1)
Santa Fe,informacion_consolidada_2026_6.xlsx,agosto,2026,month,2026-08,Transfer. | De Servicios | Ley | Nº 24.049,11.290799999999999,Transfer. | De Servicios | Ley | Nº 24.049
Santa Fe,informacion_consolidada_2026_6.xlsx,agosto,2026,month,2026-08,Vialidad | Provincial,3484.6793,Vialidad | Provincial
Santa Fe,informacion_consolidada_2026_6.xlsx,septiembre,2026,month,2026-09,C.F.I. | Neta De | Ley Nº 26.075,498771.6024,CFI | Neta
Santa Fe,informacion_consolidada_2026_6.xlsx,septiembre,2026,month,2026-09,Compensación | Consenso Fiscal | II. a y b; II. d y e | (2),8553.695216,Compensación Consenso Fiscal
Santa Fe,informacion_consolidada_2026_6.xlsx,septiembre,2026,month,2026-09,F.E.D.E.I.,406.59923509107614,F.E.D.E.I.
Santa Fe,informacion_consolidada_2026_6.xlsx,septiembre,2026,month,2026-09,F.E.D.E.I.,598.7481625041232,F.E.D.E.I.
Santa Fe,informacion_consolidada_2026_6.xlsx,septiembre,2026,month,2026-09,Financ. | Educativo | Ley Nº 26.075,68425.94950719044,Financiamiento Educativo
Santa Fe,informacion_consolidada_2026_6.xlsx,septiembre,2026,month,2026-09,Fondo | Compens. | de | Desequilib.,0.5,Fondo | Compens. | de | Desequilib.
Santa Fe,informacion_consolidada_2026_6.xlsx,septiembre,2026,month,2026-09,I.V.A. | Ley Nº 23.966 | Art. 5 | Punto 2,7707.0168,I.V.A. | Ley Nº 23.966 | Art. 5 | Punto 2
Santa Fe,informacion_consolidada_2026_6.xlsx,septiembre,2026,month,2026-09,Impuesto a los Combustibles Líquidos | Ley Nº 23.966 y Nº 24.699 | Obras de | Infraestr.,1633.7139,Impuesto a los Combustibles Líquidos | Ley Nº 23.966 y Nº 24.699 | Obras de | Infraestr.
Santa Fe,informacion_consolidada_2026_6.xlsx,septiembre,2026,month,2026-09,Impuesto s/ | Los Activos | Fdo. Educ. | Ley Nº 23.906,1.3000000000000003e-07,Impuesto s/ | Los Activos | Fdo. Educ. | Ley Nº 23.906
Santa Fe,informacion_consolidada_2026_6.xlsx,septiembre,2026,month,2026-09,Impuesto sobre los | Bienes Personales | Ley | Nº 24.699,4471.014099999999,Impuesto sobre los | Bienes Personales | Ley | Nº 24.699
Santa Fe,informacion_consolidada_2026_6.xlsx,septiembre,2026,month,2026-09,Ley Nº 23.966 | Art. 30,964.3491,Ley Nº 23.966 | Art. 30
Santa Fe,informacion_consolidada_2026_6.xlsx,septiembre,2026,month,2026-09,Ley Nº 24.464 | FO.NA.VI.,5041.661099999999,Ley Nº 24.464 | FO.NA.VI.
Santa Fe,informacion_consolidada_2026_6.xlsx,septiembre,2026,month,2026-09,Reg.Simplif. | P/Peq.Contrib. | Ley Nº 24.977 | Aart. 59 Inc. A,3508.6855,Reg.Simplif. | P/Peq.Contrib. | Ley Nº 24.977 | Aart. 59 Inc. A
Santa Fe,informacion_consolidada_2026_6.xlsx,septiembre,2026,month,2026-09,Régimen de la Energía Eléctrica | L E Y Nº 2 4 . 0 6 5 | Fdo. P/Comp. | Tarifa Elect.,727.0464331562116,Régimen de la Energía Eléctrica | L E Y Nº 2 4 . 0 6 5 | Fdo. P/Comp. | Tarifa Elect.
Santa Fe,informacion_consolidada_2026_6.xlsx,septiembre,2026,month,2026-09,Subtotal,567197.5519071904,Subtotal
Santa Fe,informacion_consolidada_2026_6.xlsx,septiembre,2026,month,2026-09,Subtotal,567208.8427071903,Subtotal
Santa Fe,informacion_consolidada_2026_6.xlsx,septiembre,2026,month,2026-09,Total | (1) + (2),604267.4769540719,Total | (1) + (2)
Santa Fe,informacion_consolidada_2026_6.xlsx,septiembre,2026,month,2026-09,Total | Recursos | Origen Nacional | (1),595713.7817380719,Total | Recursos | Origen Nacional | (1)
Santa Fe,informacion_consolidada_2026_6.xlsx,septiembre,2026,month,2026-09,Transfer. | De Servicios | Ley | Nº 24.049,11.290799999999999,Transfer. | De Servicios | Ley | Nº 24.049
Santa Fe,informacion_consolidada_2026_6.xlsx,septiembre,2026,month,2026-09,Vialidad | Provincial,3445.6047000000003,Vialidad | Provincial
Santa Fe,informacion_consolidada_2026_6.xlsx,CONS,2026,consolidated,CONS,C.F.I. | Neta De | Ley Nº 26.075,4021119.6529,CFI | Neta
Santa Fe,informacion_consolidada_2026_6.xlsx,CONS,2026,consolidated,CONS,Compensación | Consenso Fiscal | II. a y b; II. d y e | (2),59893.528884,Compensación Consenso Fiscal
Santa Fe,informacion_consolidada_2026_6.xlsx,CONS,2026,consolidated,CONS,F.E.D.E.I.,1647.924366525632,F.E.D.E.I.
Santa Fe,informacion_consolidada_2026_6.xlsx,CONS,2026,consolidated,CONS,F.E.D.E.I.,2193.5047244045877,F.E.D.E.I.
Santa Fe,informacion_consolidada_2026_6.xlsx,CONS,2026,consolidated,CONS,Financ. | Educativo | Ley Nº 26.075,566069.2187000001,Financiamiento Educativo
Santa Fe,informacion_consolidada_2026_6.xlsx,CONS,2026,consolidated,CONS,Fondo | Compens. | de | Desequilib.,4.5,Fondo | Compens. | de | Desequilib.
Santa Fe,informacion_consolidada_2026_6.xlsx,CONS,2026,consolidated,CONS,I.V.A. | Ley Nº 23.966 | Art. 5 | Punto 2,62187.14,I.V.A. | Ley Nº 23.966 | Art. 5 | Punto 2
Santa Fe,informacion_consolidada_2026_6.xlsx,CONS,2026,consolidated,CONS,Impuesto a los Combustibles Líquidos | Ley Nº 23.966 y Nº 24.699 | Obras de | Infraestr.,12885.8505,Impuesto a los Combustibles Líquidos | Ley Nº 23.966 y Nº 24.699 | Obras de | Infraestr.
Santa Fe,informacion_consolidada_2026_6.xlsx,CONS,2026,consolidated,CONS,Impuesto s/ | Los Activos | Fdo. Educ. | Ley Nº 23.906,0.037700000000000004,Impuesto s/ | Los Activos | Fdo. Educ. | Ley Nº 23.906
Santa Fe,informacion_consolidada_2026_6.xlsx,CONS,2026,consolidated,CONS,Impuesto sobre los | Bienes Personales | Ley | Nº 24.699,115314.88139999998,Impuesto sobre los | Bienes Personales | Ley | Nº 24.699
Santa Fe,informacion_consolidada_2026_6.xlsx,CONS,2026,consolidated,CONS,Ley Nº 23.966 | Art. 30,24872.1622,Ley Nº 23.966 | Art. 30
Santa Fe,informacion_consolidada_2026_6.xlsx,CONS,2026,consolidated,CONS,Ley Nº 24.464 | FO.NA.VI.,39673.3125,Ley Nº 24.464 | FO.NA.VI.
Santa Fe,informacion_consolidada_2026_6.xlsx,CONS,2026,consolidated,CONS,Reg.Simplif. | P/Peq.Contrib. | Ley Nº 24.977 | Aart. 59 Inc. A,25961.3387,Reg.Simplif. | P/Peq.Contrib. | Ley Nº 24.977 | Aart. 59 Inc. A
Santa Fe,informacion_consolidada_2026_6.xlsx,CONS,2026,consolidated,CONS,Régimen de la Energía Eléctrica | L E Y Nº 2 4 . 0 6 5 | Fdo. P/Comp. | Tarifa Elect.,2651.0398999999998,Régimen de la Energía Eléctrica | L E Y Nº 2 4 . 0 6 5 | Fdo. P/Comp. | Tarifa Elect.
Santa Fe,informacion_consolidada_2026_6.xlsx,CONS,2026,consolidated,CONS,Subtotal,4587188.8716,Subtotal
Santa Fe,informacion_consolidada_2026_6.xlsx,CONS,2026,consolidated,CONS,Subtotal,4587290.4888,Subtotal
Santa Fe,informacion_consolidada_2026_6.xlsx,CONS,2026,consolidated,CONS,Total | (1) + (2),4961689.501974931,Total | (1) + (2)
Santa Fe,informacion_consolidada_2026_6.xlsx,CONS,2026,consolidated,CONS,Total | Recursos | Origen Nacional | (1),4901795.973090931,Total | Recursos | Origen Nacional | (1)
Santa Fe,informacion_consolidada_2026_6.xlsx,CONS,2026,consolidated,CONS,Transfer. | De Servicios | Ley | Nº 24.049,101.61720000000001,Transfer. | De Servicios | Ley | Nº 24.049
Santa Fe,informacion_consolidada_2026_6.xlsx,CONS,2026,consolidated,CONS,Vialidad | Provincial,27113.7923,Vialidad | Provincial
Santiago del Estero,informacion_consolidada_2026_6.xlsx,enero,2026,month,2026-01,C.F.I. | Neta De | Ley Nº 26.075,197647.84540000002,CFI | Neta
Santiago del Estero,informacion_consolidada_2026_6.xlsx,enero,2026,month,2026-01,Compensación | Consenso Fiscal | II. a y b; II. d y e | (2),6634.8112949999995,Compensación Consenso Fiscal
Santiago del Estero,informacion_consolidada_2026_6.xlsx,enero,2026,month,2026-01,F.E.D.E.I.,275.82161514152506,F.E.D.E.I.
Santiago del Estero,informacion_consolidada_2026_6.xlsx,enero,2026,month,2026-01,F.E.D.E.I.,261.73559781285303,F.E.D.E.I.
Santiago del Estero,informacion_consolidada_2026_6.xlsx,enero,2026,month,2026-01,Financ. | Educativo | Ley Nº 26.075,17055.423235374314,Financiamiento Educativo
Santiago del Estero,informacion_consolidada_2026_6.xlsx,enero,2026,month,2026-01,Fondo | Compens. | de | Desequilib.,2.2,Fondo | Compens. | de | Desequilib.
Santiago del Estero,informacion_consolidada_2026_6.xlsx,enero,2026,month,2026-01,I.V.A. | Ley Nº 23.966 | Art. 5 | Punto 2,0.0,I.V.A. | Ley Nº 23.966 | Art. 5 | Punto 2
Santiago del Estero,informacion_consolidada_2026_6.xlsx,enero,2026,month,2026-01,Impuesto a los Combustibles Líquidos | Ley Nº 23.966 y Nº 24.699 | Obras de | Infraestr.,369.6971,Impuesto a los Combustibles Líquidos | Ley Nº 23.966 y Nº 24.699 | Obras de | Infraestr.
Santiago del Estero,informacion_consolidada_2026_6.xlsx,enero,2026,month,2026-01,Impuesto s/ | Los Activos | Fdo. Educ. | Ley Nº 23.906,0.0,Impuesto s/ | Los Activos | Fdo. Educ. | Ley Nº 23.906
Santiago del Estero,informacion_consolidada_2026_6.xlsx,enero,2026,month,2026-01,Impuesto sobre los | Bienes Personales | Ley | Nº 24.699,1190.2753,Impuesto sobre los | Bienes Personales | Ley | Nº 24.699
Santiago del Estero,informacion_consolidada_2026_6.xlsx,enero,2026,month,2026-01,Ley Nº 23.966 | Art. 30,0.0,Ley Nº 23.966 | Art. 30
Santiago del Estero,informacion_consolidada_2026_6.xlsx,enero,2026,month,2026-01,Ley Nº 24.464 | FO.NA.VI.,1878.2423000000001,Ley Nº 24.464 | FO.NA.VI.
Santiago del Estero,informacion_consolidada_2026_6.xlsx,enero,2026,month,2026-01,Reg.Simplif. | P/Peq.Contrib. | Ley Nº 24.977 | Aart. 59 Inc. A,1011.8716,Reg.Simplif. | P/Peq.Contrib. | Ley Nº 24.977 | Aart. 59 Inc. A
Santiago del Estero,informacion_consolidada_2026_6.xlsx,enero,2026,month,2026-01,Régimen de la Energía Eléctrica | L E Y Nº 2 4 . 0 6 5 | Fdo. P/Comp. | Tarifa Elect.,367.63140450197477,Régimen de la Energía Eléctrica | L E Y Nº 2 4 . 0 6 5 | Fdo. P/Comp. | Tarifa Elect.
Santiago del Estero,informacion_consolidada_2026_6.xlsx,enero,2026,month,2026-01,Subtotal,214703.26863537432,Subtotal
Santiago del Estero,informacion_consolidada_2026_6.xlsx,enero,2026,month,2026-01,Subtotal,214705.9019353743,Subtotal
Santiago del Estero,informacion_consolidada_2026_6.xlsx,enero,2026,month,2026-01,Total | (1) + (2),227387.5174478307,Total | (1) + (2)
Santiago del Estero,informacion_consolidada_2026_6.xlsx,enero,2026,month,2026-01,Total | Recursos | Origen Nacional | (1),220752.7061528307,Total | Recursos | Origen Nacional | (1)
Santiago del Estero,informacion_consolidada_2026_6.xlsx,enero,2026,month,2026-01,Transfer. | De Servicios | Ley | Nº 24.049,2.6333,Transfer. | De Servicios | Ley | Nº 24.049
Santiago del Estero,informacion_consolidada_2026_6.xlsx,enero,2026,month,2026-01,Vialidad | Provincial,689.3293000000001,Vialidad | Provincial
Santiago del Estero,informacion_consolidada_2026_6.xlsx,febrero,2026,month,2026-02,C.F.I. | Neta De | Ley Nº 26.075,165191.639,CFI | Neta
Santiago del Estero,informacion_consolidada_2026_6.xlsx,febrero,2026,month,2026-02,Compensación | Consenso Fiscal | II. a y b; II. d y e | (2),5686.981110000001,Compensación Consenso Fiscal
Santiago del Estero,informacion_consolidada_2026_6.xlsx,febrero,2026,month,2026-02,F.E.D.E.I.,0.0,F.E.D.E.I.
Santiago del Estero,informacion_consolidada_2026_6.xlsx,febrero,2026,month,2026-02,F.E.D.E.I.,0.0,F.E.D.E.I.
Santiago del Estero,informacion_consolidada_2026_6.xlsx,febrero,2026,month,2026-02,Financ. | Educativo | Ley Nº 26.075,32560.353449350954,Financiamiento Educativo
Santiago del Estero,informacion_consolidada_2026_6.xlsx,febrero,2026,month,2026-02,Fondo | Compens. | de | Desequilib.,2.2,Fondo | Compens. | de | Desequilib.
Santiago del Estero,informacion_consolidada_2026_6.xlsx,febrero,2026,month,2026-02,I.V.A. | Ley Nº 23.966 | Art. 5 | Punto 2,0.0,I.V.A. | Ley Nº 23.966 | Art. 5 | Punto 2
Santiago del Estero,informacion_consolidada_2026_6.xlsx,febrero,2026,month,2026-02,Impuesto a los Combustibles Líquidos | Ley Nº 23.966 y Nº 24.699 | Obras de | Infraestr.,621.4312,Impuesto a los Combustibles Líquidos | Ley Nº 23.966 y Nº 24.699 | Obras de | Infraestr.
Santiago del Estero,informacion_consolidada_2026_6.xlsx,febrero,2026,month,2026-02,Impuesto s/ | Los Activos | Fdo. Educ. | Ley Nº 23.906,0.0,Impuesto s/ | Los Activos | Fdo. Educ. | Ley Nº 23.906
Santiago del Estero,informacion_consolidada_2026_6.xlsx,febrero,2026,month,2026-02,Impuesto sobre los | Bienes Personales | Ley | Nº 24.699,1670.4514,Impuesto sobre los | Bienes Personales | Ley | Nº 24.699
Santiago del Estero,informacion_consolidada_2026_6.xlsx,febrero,2026,month,2026-02,Ley Nº 23.966 | Art. 30,0.0,Ley Nº 23.966 | Art. 30
Santiago del Estero,informacion_consolidada_2026_6.xlsx,febrero,2026,month,2026-02,Ley Nº 24.464 | FO.NA.VI.,3157.1751,Ley Nº 24.464 | FO.NA.VI.
Santiago del Estero,informacion_consolidada_2026_6.xlsx,febrero,2026,month,2026-02,Reg.Simplif. | P/Peq.Contrib. | Ley Nº 24.977 | Aart. 59 Inc. A,1221.7933,Reg.Simplif. | P/Peq.Contrib. | Ley Nº 24.977 | Aart. 59 Inc. A
Santiago del Estero,informacion_consolidada_2026_6.xlsx,febrero,2026,month,2026-02,Régimen de la Energía Eléctrica | L E Y Nº 2 4 . 0 6 5 | Fdo. P/Comp. | Tarifa Elect.,0.0,Régimen de la Energía Eléctrica | L E Y Nº 2 4 . 0 6 5 | Fdo. P/Comp. | Tarifa Elect.
Santiago del Estero,informacion_consolidada_2026_6.xlsx,febrero,2026,month,2026-02,Subtotal,197751.99244935095,Subtotal
Santiago del Estero,informacion_consolidada_2026_6.xlsx,febrero,2026,month,2026-02,Subtotal,197754.62574935093,Subtotal
Santiago del Estero,informacion_consolidada_2026_6.xlsx,febrero,2026,month,2026-02,Total | (1) + (2),211273.36525935092,Total | (1) + (2)
Santiago del Estero,informacion_consolidada_2026_6.xlsx,febrero,2026,month,2026-02,Total | Recursos | Origen Nacional | (1),205586.38414935092,Total | Recursos | Origen Nacional | (1)
Santiago del Estero,informacion_consolidada_2026_6.xlsx,febrero,2026,month,2026-02,Transfer. | De Servicios | Ley | Nº 24.049,2.6333,Transfer. | De Servicios | Ley | Nº 24.049
Santiago del Estero,informacion_consolidada_2026_6.xlsx,febrero,2026,month,2026-02,Vialidad | Provincial,1158.7074,Vialidad | Provincial
Santiago del Estero,informacion_consolidada_2026_6.xlsx,marzo,2026,month,2026-03,C.F.I. | Neta De | Ley Nº 26.075,144921.2057,CFI | Neta
Santiago del Estero,informacion_consolidada_2026_6.xlsx,marzo,2026,month,2026-03,Compensación | Consenso Fiscal | II. a y b; II. d y e | (2),6634.8112949999995,Compensación Consenso Fiscal
Santiago del Estero,informacion_consolidada_2026_6.xlsx,marzo,2026,month,2026-03,F.E.D.E.I.,374.0750454749059,F.E.D.E.I.
Santiago del Estero,informacion_consolidada_2026_6.xlsx,marzo,2026,month,2026-03,F.E.D.E.I.,527.945101486888,F.E.D.E.I.
Santiago del Estero,informacion_consolidada_2026_6.xlsx,marzo,2026,month,2026-03,Financ. | Educativo | Ley Nº 26.075,35661.3394921463,Financiamiento Educativo
Santiago del Estero,informacion_consolidada_2026_6.xlsx,marzo,2026,month,2026-03,Fondo | Compens. | de | Desequilib.,2.2,Fondo | Compens. | de | Desequilib.
Santiago del Estero,informacion_consolidada_2026_6.xlsx,marzo,2026,month,2026-03,I.V.A. | Ley Nº 23.966 | Art. 5 | Punto 2,0.0,I.V.A. | Ley Nº 23.966 | Art. 5 | Punto 2
Santiago del Estero,informacion_consolidada_2026_6.xlsx,marzo,2026,month,2026-03,Impuesto a los Combustibles Líquidos | Ley Nº 23.966 y Nº 24.699 | Obras de | Infraestr.,613.7691,Impuesto a los Combustibles Líquidos | Ley Nº 23.966 y Nº 24.699 | Obras de | Infraestr.
Santiago del Estero,informacion_consolidada_2026_6.xlsx,marzo,2026,month,2026-03,Impuesto s/ | Los Activos | Fdo. Educ. | Ley Nº 23.906,0.0,Impuesto s/ | Los Activos | Fdo. Educ. | Ley Nº 23.906
Santiago del Estero,informacion_consolidada_2026_6.xlsx,marzo,2026,month,2026-03,Impuesto sobre los | Bienes Personales | Ley | Nº 24.699,807.3343000000001,Impuesto sobre los | Bienes Personales | Ley | Nº 24.699
Santiago del Estero,informacion_consolidada_2026_6.xlsx,marzo,2026,month,2026-03,Ley Nº 23.966 | Art. 30,0.0,Ley Nº 23.966 | Art. 30
Santiago del Estero,informacion_consolidada_2026_6.xlsx,marzo,2026,month,2026-03,Ley Nº 24.464 | FO.NA.VI.,3118.2477000000003,Ley Nº 24.464 | FO.NA.VI.
Santiago del Estero,informacion_consolidada_2026_6.xlsx,marzo,2026,month,2026-03,Reg.Simplif. | P/Peq.Contrib. | Ley Nº 24.977 | Aart. 59 Inc. A,1155.5999,Reg.Simplif. | P/Peq.Contrib. | Ley Nº 24.977 | Aart. 59 Inc. A
Santiago del Estero,informacion_consolidada_2026_6.xlsx,marzo,2026,month,2026-03,Régimen de la Energía Eléctrica | L E Y Nº 2 4 . 0 6 5 | Fdo. P/Comp. | Tarifa Elect.,772.7184278117268,Régimen de la Energía Eléctrica | L E Y Nº 2 4 . 0 6 5 | Fdo. P/Comp. | Tarifa Elect.
Santiago del Estero,informacion_consolidada_2026_6.xlsx,marzo,2026,month,2026-03,Subtotal,180582.5451921463,Subtotal
Santiago del Estero,informacion_consolidada_2026_6.xlsx,marzo,2026,month,2026-03,Subtotal,180585.17849214628,Subtotal
Santiago del Estero,informacion_consolidada_2026_6.xlsx,marzo,2026,month,2026-03,Total | (1) + (2),195736.30006191978,Total | (1) + (2)
Santiago del Estero,informacion_consolidada_2026_6.xlsx,marzo,2026,month,2026-03,Total | Recursos | Origen Nacional | (1),189101.4887669198,Total | Recursos | Origen Nacional | (1)
Santiago del Estero,informacion_consolidada_2026_6.xlsx,marzo,2026,month,2026-03,Transfer. | De Servicios | Ley | Nº 24.049,2.6333,Transfer. | De Servicios | Ley | Nº 24.049
Santiago del Estero,informacion_consolidada_2026_6.xlsx,marzo,2026,month,2026-03,Vialidad | Provincial,1144.4207,Vialidad | Provincial
Santiago del Estero,informacion_consolidada_2026_6.xlsx,abril,2026,month,2026-04,C.F.I. | Neta De | Ley Nº 26.075,164927.41509999998,CFI | Neta
Santiago del Estero,informacion_consolidada_2026_6.xlsx,abril,2026,month,2026-04,Compensación | Consenso Fiscal | II. a y b; II. d y e | (2),8063.0461399999995,Compensación Consenso Fiscal
Santiago del Estero,informacion_consolidada_2026_6.xlsx,abril,2026,month,2026-04,F.E.D.E.I.,0.0,F.E.D.E.I.
Santiago del Estero,informacion_consolidada_2026_6.xlsx,abril,2026,month,2026-04,F.E.D.E.I.,0.0,F.E.D.E.I.
Santiago del Estero,informacion_consolidada_2026_6.xlsx,abril,2026,month,2026-04,Financ. | Educativo | Ley Nº 26.075,37211.83251354384,Financiamiento Educativo
Santiago del Estero,informacion_consolidada_2026_6.xlsx,abril,2026,month,2026-04,Fondo | Compens. | de | Desequilib.,2.2,Fondo | Compens. | de | Desequilib.
Santiago del Estero,informacion_consolidada_2026_6.xlsx,abril,2026,month,2026-04,I.V.A. | Ley Nº 23.966 | Art. 5 | Punto 2,0.0,I.V.A. | Ley Nº 23.966 | Art. 5 | Punto 2
Santiago del Estero,informacion_consolidada_2026_6.xlsx,abril,2026,month,2026-04,Impuesto a los Combustibles Líquidos | Ley Nº 23.966 y Nº 24.699 | Obras de | Infraestr.,668.3551,Impuesto a los Combustibles Líquidos | Ley Nº 23.966 y Nº 24.699 | Obras de | Infraestr.
Santiago del Estero,informacion_consolidada_2026_6.xlsx,abril,2026,month,2026-04,Impuesto s/ | Los Activos | Fdo. Educ. | Ley Nº 23.906,0.0,Impuesto s/ | Los Activos | Fdo. Educ. | Ley Nº 23.906
Santiago del Estero,informacion_consolidada_2026_6.xlsx,abril,2026,month,2026-04,Impuesto sobre los | Bienes Personales | Ley | Nº 24.699,1393.5573,Impuesto sobre los | Bienes Personales | Ley | Nº 24.699
Santiago del Estero,informacion_consolidada_2026_6.xlsx,abril,2026,month,2026-04,Ley Nº 23.966 | Art. 30,0.0,Ley Nº 23.966 | Art. 30
Santiago del Estero,informacion_consolidada_2026_6.xlsx,abril,2026,month,2026-04,Ley Nº 24.464 | FO.NA.VI.,3395.5712000000003,Ley Nº 24.464 | FO.NA.VI.
Santiago del Estero,informacion_consolidada_2026_6.xlsx,abril,2026,month,2026-04,Reg.Simplif. | P/Peq.Contrib. | Ley Nº 24.977 | Aart. 59 Inc. A,1323.4643,Reg.Simplif. | P/Peq.Contrib. | Ley Nº 24.977 | Aart. 59 Inc. A
Santiago del Estero,informacion_consolidada_2026_6.xlsx,abril,2026,month,2026-04,Régimen de la Energía Eléctrica | L E Y Nº 2 4 . 0 6 5 | Fdo. P/Comp. | Tarifa Elect.,0.0,Régimen de la Energía Eléctrica | L E Y Nº 2 4 . 0 6 5 | Fdo. P/Comp. | Tarifa Elect.
Santiago del Estero,informacion_consolidada_2026_6.xlsx,abril,2026,month,2026-04,Subtotal,202139.24761354382,Subtotal
Santiago del Estero,informacion_consolidada_2026_6.xlsx,abril,2026,month,2026-04,Subtotal,202141.8809135438,Subtotal
Santiago del Estero,informacion_consolidada_2026_6.xlsx,abril,2026,month,2026-04,Total | (1) + (2),218234.2755535438,Total | (1) + (2)
Santiago del Estero,informacion_consolidada_2026_6.xlsx,abril,2026,month,2026-04,Total | Recursos | Origen Nacional | (1),210171.2294135438,Total | Recursos | Origen Nacional | (1)
Santiago del Estero,informacion_consolidada_2026_6.xlsx,abril,2026,month,2026-04,Transfer. | De Servicios | Ley | Nº 24.049,2.6333,Transfer. | De Servicios | Ley | Nº 24.049
Santiago del Estero,informacion_consolidada_2026_6.xlsx,abril,2026,month,2026-04,Vialidad | Provincial,1246.2006000000001,Vialidad | Provincial
Santiago del Estero,informacion_consolidada_2026_6.xlsx,mayo,2026,month,2026-05,C.F.I. | Neta De | Ley Nº 26.075,270105.1926,CFI | Neta
Santiago del Estero,informacion_consolidada_2026_6.xlsx,mayo,2026,month,2026-05,Compensación | Consenso Fiscal | II. a y b; II. d y e | (2),7659.893833,Compensación Consenso Fiscal
Santiago del Estero,informacion_consolidada_2026_6.xlsx,mayo,2026,month,2026-05,F.E.D.E.I.,231.70661209067347,F.E.D.E.I.
Santiago del Estero,informacion_consolidada_2026_6.xlsx,mayo,2026,month,2026-05,F.E.D.E.I.,286.86434665732133,F.E.D.E.I.
Santiago del Estero,informacion_consolidada_2026_6.xlsx,mayo,2026,month,2026-05,Financ. | Educativo | Ley Nº 26.075,29459.367406555524,Financiamiento Educativo
Santiago del Estero,informacion_consolidada_2026_6.xlsx,mayo,2026,month,2026-05,Fondo | Compens. | de | Desequilib.,2.2,Fondo | Compens. | de | Desequilib.
Santiago del Estero,informacion_consolidada_2026_6.xlsx,mayo,2026,month,2026-05,I.V.A. | Ley Nº 23.966 | Art. 5 | Punto 2,0.0,I.V.A. | Ley Nº 23.966 | Art. 5 | Punto 2
Santiago del Estero,informacion_consolidada_2026_6.xlsx,mayo,2026,month,2026-05,Impuesto a los Combustibles Líquidos | Ley Nº 23.966 y Nº 24.699 | Obras de | Infraestr.,615.802,Impuesto a los Combustibles Líquidos | Ley Nº 23.966 y Nº 24.699 | Obras de | Infraestr.
Santiago del Estero,informacion_consolidada_2026_6.xlsx,mayo,2026,month,2026-05,Impuesto s/ | Los Activos | Fdo. Educ. | Ley Nº 23.906,0.0,Impuesto s/ | Los Activos | Fdo. Educ. | Ley Nº 23.906
Santiago del Estero,informacion_consolidada_2026_6.xlsx,mayo,2026,month,2026-05,Impuesto sobre los | Bienes Personales | Ley | Nº 24.699,1536.1343,Impuesto sobre los | Bienes Personales | Ley | Nº 24.699
Santiago del Estero,informacion_consolidada_2026_6.xlsx,mayo,2026,month,2026-05,Ley Nº 23.966 | Art. 30,0.0,Ley Nº 23.966 | Art. 30
Santiago del Estero,informacion_consolidada_2026_6.xlsx,mayo,2026,month,2026-05,Ley Nº 24.464 | FO.NA.VI.,3128.5761,Ley Nº 24.464 | FO.NA.VI.
Santiago del Estero,informacion_consolidada_2026_6.xlsx,mayo,2026,month,2026-05,Reg.Simplif. | P/Peq.Contrib. | Ley Nº 24.977 | Aart. 59 Inc. A,1295.9237,Reg.Simplif. | P/Peq.Contrib. | Ley Nº 24.977 | Aart. 59 Inc. A
Santiago del Estero,informacion_consolidada_2026_6.xlsx,mayo,2026,month,2026-05,Régimen de la Energía Eléctrica | L E Y Nº 2 4 . 0 6 5 | Fdo. P/Comp. | Tarifa Elect.,422.4051534203215,Régimen de la Energía Eléctrica | L E Y Nº 2 4 . 0 6 5 | Fdo. P/Comp. | Tarifa Elect.
Santiago del Estero,informacion_consolidada_2026_6.xlsx,mayo,2026,month,2026-05,Subtotal,299564.5600065555,Subtotal
Santiago del Estero,informacion_consolidada_2026_6.xlsx,mayo,2026,month,2026-05,Subtotal,299567.1933065555,Subtotal
Santiago del Estero,informacion_consolidada_2026_6.xlsx,mayo,2026,month,2026-05,Total | (1) + (2),315894.91065172385,Total | (1) + (2)
Santiago del Estero,informacion_consolidada_2026_6.xlsx,mayo,2026,month,2026-05,Total | Recursos | Origen Nacional | (1),308235.0168187239,Total | Recursos | Origen Nacional | (1)
Santiago del Estero,informacion_consolidada_2026_6.xlsx,mayo,2026,month,2026-05,Transfer. | De Servicios | Ley | Nº 24.049,2.6333,Transfer. | De Servicios | Ley | Nº 24.049
Santiago del Estero,informacion_consolidada_2026_6.xlsx,mayo,2026,month,2026-05,Vialidad | Provincial,1148.2113,Vialidad | Provincial
Santiago del Estero,informacion_consolidada_2026_6.xlsx,junio,2026,month,2026-06,C.F.I. | Neta De | Ley Nº 26.075,181349.9034,CFI | Neta
Santiago del Estero,informacion_consolidada_2026_6.xlsx,junio,2026,month,2026-06,Compensación | Consenso Fiscal | II. a y b; II. d y e | (2),8466.198447,Compensación Consenso Fiscal
Santiago del Estero,informacion_consolidada_2026_6.xlsx,junio,2026,month,2026-06,F.E.D.E.I.,484.82559416199757,F.E.D.E.I.
Santiago del Estero,informacion_consolidada_2026_6.xlsx,junio,2026,month,2026-06,F.E.D.E.I.,696.1343076346864,F.E.D.E.I.
Santiago del Estero,informacion_consolidada_2026_6.xlsx,junio,2026,month,2026-06,Financ. | Educativo | Ley Nº 26.075,32560.353449351165,Financiamiento Educativo
Santiago del Estero,informacion_consolidada_2026_6.xlsx,junio,2026,month,2026-06,Fondo | Compens. | de | Desequilib.,2.2,Fondo | Compens. | de | Desequilib.
Santiago del Estero,informacion_consolidada_2026_6.xlsx,junio,2026,month,2026-06,I.V.A. | Ley Nº 23.966 | Art. 5 | Punto 2,0.0,I.V.A. | Ley Nº 23.966 | Art. 5 | Punto 2
Santiago del Estero,informacion_consolidada_2026_6.xlsx,junio,2026,month,2026-06,Impuesto a los Combustibles Líquidos | Ley Nº 23.966 y Nº 24.699 | Obras de | Infraestr.,763.9317,Impuesto a los Combustibles Líquidos | Ley Nº 23.966 y Nº 24.699 | Obras de | Infraestr.
Santiago del Estero,informacion_consolidada_2026_6.xlsx,junio,2026,month,2026-06,Impuesto s/ | Los Activos | Fdo. Educ. | Ley Nº 23.906,0.0,Impuesto s/ | Los Activos | Fdo. Educ. | Ley Nº 23.906
Santiago del Estero,informacion_consolidada_2026_6.xlsx,junio,2026,month,2026-06,Impuesto sobre los | Bienes Personales | Ley | Nº 24.699,36937.955,Impuesto sobre los | Bienes Personales | Ley | Nº 24.699
Santiago del Estero,informacion_consolidada_2026_6.xlsx,junio,2026,month,2026-06,Ley Nº 23.966 | Art. 30,0.0,Ley Nº 23.966 | Art. 30
Santiago del Estero,informacion_consolidada_2026_6.xlsx,junio,2026,month,2026-06,Ley Nº 24.464 | FO.NA.VI.,3881.1471,Ley Nº 24.464 | FO.NA.VI.
Santiago del Estero,informacion_consolidada_2026_6.xlsx,junio,2026,month,2026-06,Reg.Simplif. | P/Peq.Contrib. | Ley Nº 24.977 | Aart. 59 Inc. A,1320.7191,Reg.Simplif. | P/Peq.Contrib. | Ley Nº 24.977 | Aart. 59 Inc. A
Santiago del Estero,informacion_consolidada_2026_6.xlsx,junio,2026,month,2026-06,Régimen de la Energía Eléctrica | L E Y Nº 2 4 . 0 6 5 | Fdo. P/Comp. | Tarifa Elect.,894.3678116818678,Régimen de la Energía Eléctrica | L E Y Nº 2 4 . 0 6 5 | Fdo. P/Comp. | Tarifa Elect.
Santiago del Estero,informacion_consolidada_2026_6.xlsx,junio,2026,month,2026-06,Subtotal,213910.25684935116,Subtotal
Santiago del Estero,informacion_consolidada_2026_6.xlsx,junio,2026,month,2026-06,Subtotal,213912.89014935115,Subtotal
Santiago del Estero,informacion_consolidada_2026_6.xlsx,junio,2026,month,2026-06,Total | (1) + (2),268784.7798098297,Total | (1) + (2)
Santiago del Estero,informacion_consolidada_2026_6.xlsx,junio,2026,month,2026-06,Total | Recursos | Origen Nacional | (1),260318.58136282972,Total | Recursos | Origen Nacional | (1)
Santiago del Estero,informacion_consolidada_2026_6.xlsx,junio,2026,month,2026-06,Transfer. | De Servicios | Ley | Nº 24.049,2.6333,Transfer. | De Servicios | Ley | Nº 24.049
Santiago del Estero,informacion_consolidada_2026_6.xlsx,junio,2026,month,2026-06,Vialidad | Provincial,1424.4106000000002,Vialidad | Provincial
Santiago del Estero,informacion_consolidada_2026_6.xlsx,julio,2026,month,2026-07,C.F.I. | Neta De | Ley Nº 26.075,231480.3874,CFI | Neta
Santiago del Estero,informacion_consolidada_2026_6.xlsx,julio,2026,month,2026-07,Compensación | Consenso Fiscal | II. a y b; II. d y e | (2),8254.252335,Compensación Consenso Fiscal
Santiago del Estero,informacion_consolidada_2026_6.xlsx,julio,2026,month,2026-07,F.E.D.E.I.,288.64982751517226,F.E.D.E.I.
Santiago del Estero,informacion_consolidada_2026_6.xlsx,julio,2026,month,2026-07,F.E.D.E.I.,353.63513205420855,F.E.D.E.I.
Santiago del Estero,informacion_consolidada_2026_6.xlsx,julio,2026,month,2026-07,Financ. | Educativo | Ley Nº 26.075,32560.353449351165,Financiamiento Educativo
Santiago del Estero,informacion_consolidada_2026_6.xlsx,julio,2026,month,2026-07,Fondo | Compens. | de | Desequilib.,2.2,Fondo | Compens. | de | Desequilib.
Santiago del Estero,informacion_consolidada_2026_6.xlsx,julio,2026,month,2026-07,I.V.A. | Ley Nº 23.966 | Art. 5 | Punto 2,0.0,I.V.A. | Ley Nº 23.966 | Art. 5 | Punto 2
Santiago del Estero,informacion_consolidada_2026_6.xlsx,julio,2026,month,2026-07,Impuesto a los Combustibles Líquidos | Ley Nº 23.966 y Nº 24.699 | Obras de | Infraestr.,687.2225,Impuesto a los Combustibles Líquidos | Ley Nº 23.966 y Nº 24.699 | Obras de | Infraestr.
Santiago del Estero,informacion_consolidada_2026_6.xlsx,julio,2026,month,2026-07,Impuesto s/ | Los Activos | Fdo. Educ. | Ley Nº 23.906,0.0,Impuesto s/ | Los Activos | Fdo. Educ. | Ley Nº 23.906
Santiago del Estero,informacion_consolidada_2026_6.xlsx,julio,2026,month,2026-07,Impuesto sobre los | Bienes Personales | Ley | Nº 24.699,3728.0564,Impuesto sobre los | Bienes Personales | Ley | Nº 24.699
Santiago del Estero,informacion_consolidada_2026_6.xlsx,julio,2026,month,2026-07,Ley Nº 23.966 | Art. 30,0.0,Ley Nº 23.966 | Art. 30
Santiago del Estero,informacion_consolidada_2026_6.xlsx,julio,2026,month,2026-07,Ley Nº 24.464 | FO.NA.VI.,3491.4272,Ley Nº 24.464 | FO.NA.VI.
Santiago del Estero,informacion_consolidada_2026_6.xlsx,julio,2026,month,2026-07,Reg.Simplif. | P/Peq.Contrib. | Ley Nº 24.977 | Aart. 59 Inc. A,1310.3119,Reg.Simplif. | P/Peq.Contrib. | Ley Nº 24.977 | Aart. 59 Inc. A
Santiago del Estero,informacion_consolidada_2026_6.xlsx,julio,2026,month,2026-07,Régimen de la Energía Eléctrica | L E Y Nº 2 4 . 0 6 5 | Fdo. P/Comp. | Tarifa Elect.,445.0439326332826,Régimen de la Energía Eléctrica | L E Y Nº 2 4 . 0 6 5 | Fdo. P/Comp. | Tarifa Elect.
Santiago del Estero,informacion_consolidada_2026_6.xlsx,julio,2026,month,2026-07,Subtotal,264040.74084935116,Subtotal
Santiago del Estero,informacion_consolidada_2026_6.xlsx,julio,2026,month,2026-07,Subtotal,264043.37414935115,Subtotal
Santiago del Estero,informacion_consolidada_2026_6.xlsx,julio,2026,month,2026-07,Total | (1) + (2),283885.55377655383,Total | (1) + (2)
Santiago del Estero,informacion_consolidada_2026_6.xlsx,julio,2026,month,2026-07,Total | Recursos | Origen Nacional | (1),275631.3014415538,Total | Recursos | Origen Nacional | (1)
Santiago del Estero,informacion_consolidada_2026_6.xlsx,julio,2026,month,2026-07,Transfer. | De Servicios | Ley | Nº 24.049,2.6333,Transfer. | De Servicios | Ley | Nº 24.049
Santiago del Estero,informacion_consolidada_2026_6.xlsx,julio,2026,month,2026-07,Vialidad | Provincial,1281.3804,Vialidad | Provincial
Santiago del Estero,informacion_consolidada_2026_6.xlsx,agosto,2026,month,2026-08,C.F.I. | Neta De | Ley Nº 26.075,219202.83630000002,CFI | Neta
Santiago del Estero,informacion_consolidada_2026_6.xlsx,agosto,2026,month,2026-08,Compensación | Consenso Fiscal | II. a y b; II. d y e | (2),7861.1927000000005,Compensación Consenso Fiscal
Santiago del Estero,informacion_consolidada_2026_6.xlsx,agosto,2026,month,2026-08,F.E.D.E.I.,0.0,F.E.D.E.I.
Santiago del Estero,informacion_consolidada_2026_6.xlsx,agosto,2026,month,2026-08,F.E.D.E.I.,0.0,F.E.D.E.I.
Santiago del Estero,informacion_consolidada_2026_6.xlsx,agosto,2026,month,2026-08,Financ. | Educativo | Ley Nº 26.075,31009.860427953492,Financiamiento Educativo
Santiago del Estero,informacion_consolidada_2026_6.xlsx,agosto,2026,month,2026-08,Fondo | Compens. | de | Desequilib.,2.2,Fondo | Compens. | de | Desequilib.
Santiago del Estero,informacion_consolidada_2026_6.xlsx,agosto,2026,month,2026-08,I.V.A. | Ley Nº 23.966 | Art. 5 | Punto 2,0.0,I.V.A. | Ley Nº 23.966 | Art. 5 | Punto 2
Santiago del Estero,informacion_consolidada_2026_6.xlsx,agosto,2026,month,2026-08,Impuesto a los Combustibles Líquidos | Ley Nº 23.966 y Nº 24.699 | Obras de | Infraestr.,749.0793000000001,Impuesto a los Combustibles Líquidos | Ley Nº 23.966 y Nº 24.699 | Obras de | Infraestr.
Santiago del Estero,informacion_consolidada_2026_6.xlsx,agosto,2026,month,2026-08,Impuesto s/ | Los Activos | Fdo. Educ. | Ley Nº 23.906,0.01839131,Impuesto s/ | Los Activos | Fdo. Educ. | Ley Nº 23.906
Santiago del Estero,informacion_consolidada_2026_6.xlsx,agosto,2026,month,2026-08,Impuesto sobre los | Bienes Personales | Ley | Nº 24.699,3004.0449,Impuesto sobre los | Bienes Personales | Ley | Nº 24.699
Santiago del Estero,informacion_consolidada_2026_6.xlsx,agosto,2026,month,2026-08,Ley Nº 23.966 | Art. 30,0.0,Ley Nº 23.966 | Art. 30
Santiago del Estero,informacion_consolidada_2026_6.xlsx,agosto,2026,month,2026-08,Ley Nº 24.464 | FO.NA.VI.,3805.6897999999997,Ley Nº 24.464 | FO.NA.VI.
Santiago del Estero,informacion_consolidada_2026_6.xlsx,agosto,2026,month,2026-08,Reg.Simplif. | P/Peq.Contrib. | Ley Nº 24.977 | Aart. 59 Inc. A,1542.6831000000002,Reg.Simplif. | P/Peq.Contrib. | Ley Nº 24.977 | Aart. 59 Inc. A
Santiago del Estero,informacion_consolidada_2026_6.xlsx,agosto,2026,month,2026-08,Régimen de la Energía Eléctrica | L E Y Nº 2 4 . 0 6 5 | Fdo. P/Comp. | Tarifa Elect.,0.0,Régimen de la Energía Eléctrica | L E Y Nº 2 4 . 0 6 5 | Fdo. P/Comp. | Tarifa Elect.
Santiago del Estero,informacion_consolidada_2026_6.xlsx,agosto,2026,month,2026-08,Subtotal,250212.6967279535,Subtotal
Santiago del Estero,informacion_consolidada_2026_6.xlsx,agosto,2026,month,2026-08,Subtotal,250215.3300279535,Subtotal
Santiago del Estero,informacion_consolidada_2026_6.xlsx,agosto,2026,month,2026-08,Total | (1) + (2),268576.9554192635,Total | (1) + (2)
Santiago del Estero,informacion_consolidada_2026_6.xlsx,agosto,2026,month,2026-08,Total | Recursos | Origen Nacional | (1),260715.76271926353,Total | Recursos | Origen Nacional | (1)
Santiago del Estero,informacion_consolidada_2026_6.xlsx,agosto,2026,month,2026-08,Transfer. | De Servicios | Ley | Nº 24.049,2.6333,Transfer. | De Servicios | Ley | Nº 24.049
Santiago del Estero,informacion_consolidada_2026_6.xlsx,agosto,2026,month,2026-08,Vialidad | Provincial,1396.7172,Vialidad | Provincial
Santiago del Estero,informacion_consolidada_2026_6.xlsx,septiembre,2026,month,2026-09,C.F.I. | Neta De | Ley Nº 26.075,223065.819,CFI | Neta
Santiago del Estero,informacion_consolidada_2026_6.xlsx,septiembre,2026,month,2026-09,Compensación | Consenso Fiscal | II. a y b; II. d y e | (2),8647.31197,Compensación Consenso Fiscal
Santiago del Estero,informacion_consolidada_2026_6.xlsx,septiembre,2026,month,2026-09,F.E.D.E.I.,542.1252773236024,F.E.D.E.I.
Santiago del Estero,informacion_consolidada_2026_6.xlsx,septiembre,2026,month,2026-09,F.E.D.E.I.,798.3205221389225,F.E.D.E.I.
Santiago del Estero,informacion_consolidada_2026_6.xlsx,septiembre,2026,month,2026-09,Financ. | Educativo | Ley Nº 26.075,34110.84647074884,Financiamiento Educativo
Santiago del Estero,informacion_consolidada_2026_6.xlsx,septiembre,2026,month,2026-09,Fondo | Compens. | de | Desequilib.,2.2,Fondo | Compens. | de | Desequilib.
Santiago del Estero,informacion_consolidada_2026_6.xlsx,septiembre,2026,month,2026-09,I.V.A. | Ley Nº 23.966 | Art. 5 | Punto 2,0.0,I.V.A. | Ley Nº 23.966 | Art. 5 | Punto 2
Santiago del Estero,informacion_consolidada_2026_6.xlsx,septiembre,2026,month,2026-09,Impuesto a los Combustibles Líquidos | Ley Nº 23.966 y Nº 24.699 | Obras de | Infraestr.,740.8909,Impuesto a los Combustibles Líquidos | Ley Nº 23.966 y Nº 24.699 | Obras de | Infraestr.
Santiago del Estero,informacion_consolidada_2026_6.xlsx,septiembre,2026,month,2026-09,Impuesto s/ | Los Activos | Fdo. Educ. | Ley Nº 23.906,0.0,Impuesto s/ | Los Activos | Fdo. Educ. | Ley Nº 23.906
Santiago del Estero,informacion_consolidada_2026_6.xlsx,septiembre,2026,month,2026-09,Impuesto sobre los | Bienes Personales | Ley | Nº 24.699,2027.6266,Impuesto sobre los | Bienes Personales | Ley | Nº 24.699
Santiago del Estero,informacion_consolidada_2026_6.xlsx,septiembre,2026,month,2026-09,Ley Nº 23.966 | Art. 30,0.0,Ley Nº 23.966 | Art. 30
Santiago del Estero,informacion_consolidada_2026_6.xlsx,septiembre,2026,month,2026-09,Ley Nº 24.464 | FO.NA.VI.,3764.0888999999997,Ley Nº 24.464 | FO.NA.VI.
Santiago del Estero,informacion_consolidada_2026_6.xlsx,septiembre,2026,month,2026-09,Reg.Simplif. | P/Peq.Contrib. | Ley Nº 24.977 | Aart. 59 Inc. A,1591.2027,Reg.Simplif. | P/Peq.Contrib. | Ley Nº 24.977 | Aart. 59 Inc. A
Santiago del Estero,informacion_consolidada_2026_6.xlsx,septiembre,2026,month,2026-09,Régimen de la Energía Eléctrica | L E Y Nº 2 4 . 0 6 5 | Fdo. P/Comp. | Tarifa Elect.,974.2393369752015,Régimen de la Energía Eléctrica | L E Y Nº 2 4 . 0 6 5 | Fdo. P/Comp. | Tarifa Elect.
Santiago del Estero,informacion_consolidada_2026_6.xlsx,septiembre,2026,month,2026-09,Subtotal,257176.66547074882,Subtotal
Santiago del Estero,informacion_consolidada_2026_6.xlsx,septiembre,2026,month,2026-09,Subtotal,257179.2987707488,Subtotal
Santiago del Estero,informacion_consolidada_2026_6.xlsx,septiembre,2026,month,2026-09,Total | (1) + (2),277648.75437718653,Total | (1) + (2)
Santiago del Estero,informacion_consolidada_2026_6.xlsx,septiembre,2026,month,2026-09,Total | Recursos | Origen Nacional | (1),269001.44240718655,Total | Recursos | Origen Nacional | (1)
Santiago del Estero,informacion_consolidada_2026_6.xlsx,septiembre,2026,month,2026-09,Transfer. | De Servicios | Ley | Nº 24.049,2.6333,Transfer. | De Servicios | Ley | Nº 24.049
Santiago del Estero,informacion_consolidada_2026_6.xlsx,septiembre,2026,month,2026-09,Vialidad | Provincial,1381.4494,Vialidad | Provincial
Santiago del Estero,informacion_consolidada_2026_6.xlsx,CONS,2026,consolidated,CONS,C.F.I. | Neta De | Ley Nº 26.075,1797892.2439000001,CFI | Neta
Santiago del Estero,informacion_consolidada_2026_6.xlsx,CONS,2026,consolidated,CONS,Compensación | Consenso Fiscal | II. a y b; II. d y e | (2),67908.49912500002,Compensación Consenso Fiscal
Santiago del Estero,informacion_consolidada_2026_6.xlsx,CONS,2026,consolidated,CONS,F.E.D.E.I.,2197.203971707877,F.E.D.E.I.
Santiago del Estero,informacion_consolidada_2026_6.xlsx,CONS,2026,consolidated,CONS,F.E.D.E.I.,2924.6350077848797,F.E.D.E.I.
Santiago del Estero,informacion_consolidada_2026_6.xlsx,CONS,2026,consolidated,CONS,Financ. | Educativo | Ley Nº 26.075,282189.7297,Financiamiento Educativo
Santiago del Estero,informacion_consolidada_2026_6.xlsx,CONS,2026,consolidated,CONS,Fondo | Compens. | de | Desequilib.,19.8,Fondo | Compens. | de | Desequilib.
Santiago del Estero,informacion_consolidada_2026_6.xlsx,CONS,2026,consolidated,CONS,I.V.A. | Ley Nº 23.966 | Art. 5 | Punto 2,0.0,I.V.A. | Ley Nº 23.966 | Art. 5 | Punto 2
Santiago del Estero,informacion_consolidada_2026_6.xlsx,CONS,2026,consolidated,CONS,Impuesto a los Combustibles Líquidos | Ley Nº 23.966 y Nº 24.699 | Obras de | Infraestr.,5830.178900000001,Impuesto a los Combustibles Líquidos | Ley Nº 23.966 y Nº 24.699 | Obras de | Infraestr.
Santiago del Estero,informacion_consolidada_2026_6.xlsx,CONS,2026,consolidated,CONS,Impuesto s/ | Los Activos | Fdo. Educ. | Ley Nº 23.906,0.0184,Impuesto s/ | Los Activos | Fdo. Educ. | Ley Nº 23.906
Santiago del Estero,informacion_consolidada_2026_6.xlsx,CONS,2026,consolidated,CONS,Impuesto sobre los | Bienes Personales | Ley | Nº 24.699,52295.4355,Impuesto sobre los | Bienes Personales | Ley | Nº 24.699
Santiago del Estero,informacion_consolidada_2026_6.xlsx,CONS,2026,consolidated,CONS,Ley Nº 23.966 | Art. 30,0.0,Ley Nº 23.966 | Art. 30
Santiago del Estero,informacion_consolidada_2026_6.xlsx,CONS,2026,consolidated,CONS,Ley Nº 24.464 | FO.NA.VI.,29620.165399999998,Ley Nº 24.464 | FO.NA.VI.
Santiago del Estero,informacion_consolidada_2026_6.xlsx,CONS,2026,consolidated,CONS,Reg.Simplif. | P/Peq.Contrib. | Ley Nº 24.977 | Aart. 59 Inc. A,11773.569599999999,Reg.Simplif. | P/Peq.Contrib. | Ley Nº 24.977 | Aart. 59 Inc. A
Santiago del Estero,informacion_consolidada_2026_6.xlsx,CONS,2026,consolidated,CONS,Régimen de la Energía Eléctrica | L E Y Nº 2 4 . 0 6 5 | Fdo. P/Comp. | Tarifa Elect.,3876.406,Régimen de la Energía Eléctrica | L E Y Nº 2 4 . 0 6 5 | Fdo. P/Comp. | Tarifa Elect.
Santiago del Estero,informacion_consolidada_2026_6.xlsx,CONS,2026,consolidated,CONS,Subtotal,2080081.9736000001,Subtotal
Santiago del Estero,informacion_consolidada_2026_6.xlsx,CONS,2026,consolidated,CONS,Subtotal,2080105.6733000001,Subtotal
Santiago del Estero,informacion_consolidada_2026_6.xlsx,CONS,2026,consolidated,CONS,Total | (1) + (2),2267422.4121044925,Total | (1) + (2)
Santiago del Estero,informacion_consolidada_2026_6.xlsx,CONS,2026,consolidated,CONS,Total | Recursos | Origen Nacional | (1),2199513.9129794925,Total | Recursos | Origen Nacional | (1)
Santiago del Estero,informacion_consolidada_2026_6.xlsx,CONS,2026,consolidated,CONS,Transfer. | De Servicios | Ley | Nº 24.049,23.699699999999996,Transfer. | De Servicios | Ley | Nº 24.049
Santiago del Estero,informacion_consolidada_2026_6.xlsx,CONS,2026,consolidated,CONS,Vialidad | Provincial,10870.8269,Vialidad | Provincial
Tierra del Fuego,informacion_consolidada_2026_6.xlsx,enero,2026,month,2026-01,C.F.I. | Neta De | Ley Nº 26.075,62152.7509,CFI | Neta
Tierra del Fuego,informacion_consolidada_2026_6.xlsx,enero,2026,month,2026-01,Compensación | Consenso Fiscal | II. a y b; II. d y e | (2),165.11691,Compensación Consenso Fiscal
Tierra del Fuego,informacion_consolidada_2026_6.xlsx,enero,2026,month,2026-01,F.E.D.E.I.,241.44220916213078,F.E.D.E.I.
Tierra del Fuego,informacion_consolidada_2026_6.xlsx,enero,2026,month,2026-01,F.E.D.E.I.,229.11192409484138,F.E.D.E.I.
Tierra del Fuego,informacion_consolidada_2026_6.xlsx,enero,2026,month,2026-01,Financ. | Educativo | Ley Nº 26.075,1940.4373740845017,Financiamiento Educativo
Tierra del Fuego,informacion_consolidada_2026_6.xlsx,enero,2026,month,2026-01,Fondo | Compens. | de | Desequilib.,3.0,Fondo | Compens. | de | Desequilib.
Tierra del Fuego,informacion_consolidada_2026_6.xlsx,enero,2026,month,2026-01,I.V.A. | Ley Nº 23.966 | Art. 5 | Punto 2,45.1315,I.V.A. | Ley Nº 23.966 | Art. 5 | Punto 2
Tierra del Fuego,informacion_consolidada_2026_6.xlsx,enero,2026,month,2026-01,Impuesto a los Combustibles Líquidos | Ley Nº 23.966 y Nº 24.699 | Obras de | Infraestr.,110.3638,Impuesto a los Combustibles Líquidos | Ley Nº 23.966 y Nº 24.699 | Obras de | Infraestr.
Tierra del Fuego,informacion_consolidada_2026_6.xlsx,enero,2026,month,2026-01,Impuesto s/ | Los Activos | Fdo. Educ. | Ley Nº 23.906,0.0,Impuesto s/ | Los Activos | Fdo. Educ. | Ley Nº 23.906
Tierra del Fuego,informacion_consolidada_2026_6.xlsx,enero,2026,month,2026-01,Impuesto sobre los | Bienes Personales | Ley | Nº 24.699,355.3191,Impuesto sobre los | Bienes Personales | Ley | Nº 24.699
Tierra del Fuego,informacion_consolidada_2026_6.xlsx,enero,2026,month,2026-01,Ley Nº 23.966 | Art. 30,3.6525,Ley Nº 23.966 | Art. 30
Tierra del Fuego,informacion_consolidada_2026_6.xlsx,enero,2026,month,2026-01,Ley Nº 24.464 | FO.NA.VI.,1157.5213999999999,Ley Nº 24.464 | FO.NA.VI.
Tierra del Fuego,informacion_consolidada_2026_6.xlsx,enero,2026,month,2026-01,Reg.Simplif. | P/Peq.Contrib. | Ley Nº 24.977 | Aart. 59 Inc. A,302.069,Reg.Simplif. | P/Peq.Contrib. | Ley Nº 24.977 | Aart. 59 Inc. A
Tierra del Fuego,informacion_consolidada_2026_6.xlsx,enero,2026,month,2026-01,Régimen de la Energía Eléctrica | L E Y Nº 2 4 . 0 6 5 | Fdo. P/Comp. | Tarifa Elect.,229.23329453487995,Régimen de la Energía Eléctrica | L E Y Nº 2 4 . 0 6 5 | Fdo. P/Comp. | Tarifa Elect.
Tierra del Fuego,informacion_consolidada_2026_6.xlsx,enero,2026,month,2026-01,Subtotal,64093.1882740845,Subtotal
Tierra del Fuego,informacion_consolidada_2026_6.xlsx,enero,2026,month,2026-01,Subtotal,64094.1882740845,Subtotal
Tierra del Fuego,informacion_consolidada_2026_6.xlsx,enero,2026,month,2026-01,Total | (1) + (2),67247.82621187635,Total | (1) + (2)
Tierra del Fuego,informacion_consolidada_2026_6.xlsx,enero,2026,month,2026-01,Total | Recursos | Origen Nacional | (1),67082.70930187636,Total | Recursos | Origen Nacional | (1)
Tierra del Fuego,informacion_consolidada_2026_6.xlsx,enero,2026,month,2026-01,Transfer. | De Servicios | Ley | Nº 24.049,1.0,Transfer. | De Servicios | Ley | Nº 24.049
Tierra del Fuego,informacion_consolidada_2026_6.xlsx,enero,2026,month,2026-01,Vialidad | Provincial,311.67629999999997,Vialidad | Provincial
Tierra del Fuego,informacion_consolidada_2026_6.xlsx,febrero,2026,month,2026-02,C.F.I. | Neta De | Ley Nº 26.075,55328.448899999996,CFI | Neta
Tierra del Fuego,informacion_consolidada_2026_6.xlsx,febrero,2026,month,2026-02,Compensación | Consenso Fiscal | II. a y b; II. d y e | (2),141.52878,Compensación Consenso Fiscal
Tierra del Fuego,informacion_consolidada_2026_6.xlsx,febrero,2026,month,2026-02,F.E.D.E.I.,0.0,F.E.D.E.I.
Tierra del Fuego,informacion_consolidada_2026_6.xlsx,febrero,2026,month,2026-02,F.E.D.E.I.,0.0,F.E.D.E.I.
Tierra del Fuego,informacion_consolidada_2026_6.xlsx,febrero,2026,month,2026-02,Financ. | Educativo | Ley Nº 26.075,3704.4713505249615,Financiamiento Educativo
Tierra del Fuego,informacion_consolidada_2026_6.xlsx,febrero,2026,month,2026-02,Fondo | Compens. | de | Desequilib.,3.0,Fondo | Compens. | de | Desequilib.
Tierra del Fuego,informacion_consolidada_2026_6.xlsx,febrero,2026,month,2026-02,I.V.A. | Ley Nº 23.966 | Art. 5 | Punto 2,39.2753,I.V.A. | Ley Nº 23.966 | Art. 5 | Punto 2
Tierra del Fuego,informacion_consolidada_2026_6.xlsx,febrero,2026,month,2026-02,Impuesto a los Combustibles Líquidos | Ley Nº 23.966 y Nº 24.699 | Obras de | Infraestr.,185.51270000000002,Impuesto a los Combustibles Líquidos | Ley Nº 23.966 y Nº 24.699 | Obras de | Infraestr.
Tierra del Fuego,informacion_consolidada_2026_6.xlsx,febrero,2026,month,2026-02,Impuesto s/ | Los Activos | Fdo. Educ. | Ley Nº 23.906,0.0,Impuesto s/ | Los Activos | Fdo. Educ. | Ley Nº 23.906
Tierra del Fuego,informacion_consolidada_2026_6.xlsx,febrero,2026,month,2026-02,Impuesto sobre los | Bienes Personales | Ley | Nº 24.699,498.6605,Impuesto sobre los | Bienes Personales | Ley | Nº 24.699
Tierra del Fuego,informacion_consolidada_2026_6.xlsx,febrero,2026,month,2026-02,Ley Nº 23.966 | Art. 30,5.126,Ley Nº 23.966 | Art. 30
Tierra del Fuego,informacion_consolidada_2026_6.xlsx,febrero,2026,month,2026-02,Ley Nº 24.464 | FO.NA.VI.,1945.701,Ley Nº 24.464 | FO.NA.VI.
Tierra del Fuego,informacion_consolidada_2026_6.xlsx,febrero,2026,month,2026-02,Reg.Simplif. | P/Peq.Contrib. | Ley Nº 24.977 | Aart. 59 Inc. A,364.7358,Reg.Simplif. | P/Peq.Contrib. | Ley Nº 24.977 | Aart. 59 Inc. A
Tierra del Fuego,informacion_consolidada_2026_6.xlsx,febrero,2026,month,2026-02,Régimen de la Energía Eléctrica | L E Y Nº 2 4 . 0 6 5 | Fdo. P/Comp. | Tarifa Elect.,0.0,Régimen de la Energía Eléctrica | L E Y Nº 2 4 . 0 6 5 | Fdo. P/Comp. | Tarifa Elect.
Tierra del Fuego,informacion_consolidada_2026_6.xlsx,febrero,2026,month,2026-02,Subtotal,59032.920250524956,Subtotal
Tierra del Fuego,informacion_consolidada_2026_6.xlsx,febrero,2026,month,2026-02,Subtotal,59033.920250524956,Subtotal
Tierra del Fuego,informacion_consolidada_2026_6.xlsx,febrero,2026,month,2026-02,Total | (1) + (2),62741.36333052495,Total | (1) + (2)
Tierra del Fuego,informacion_consolidada_2026_6.xlsx,febrero,2026,month,2026-02,Total | Recursos | Origen Nacional | (1),62599.83455052495,Total | Recursos | Origen Nacional | (1)
Tierra del Fuego,informacion_consolidada_2026_6.xlsx,febrero,2026,month,2026-02,Transfer. | De Servicios | Ley | Nº 24.049,1.0,Transfer. | De Servicios | Ley | Nº 24.049
Tierra del Fuego,informacion_consolidada_2026_6.xlsx,febrero,2026,month,2026-02,Vialidad | Provincial,523.903,Vialidad | Provincial
Tierra del Fuego,informacion_consolidada_2026_6.xlsx,marzo,2026,month,2026-03,C.F.I. | Neta De | Ley Nº 26.075,49850.246,CFI | Neta
Tierra del Fuego,informacion_consolidada_2026_6.xlsx,marzo,2026,month,2026-03,Compensación | Consenso Fiscal | II. a y b; II. d y e | (2),165.11691,Compensación Consenso Fiscal
Tierra del Fuego,informacion_consolidada_2026_6.xlsx,marzo,2026,month,2026-03,F.E.D.E.I.,327.4489757581086,F.E.D.E.I.
Tierra del Fuego,informacion_consolidada_2026_6.xlsx,marzo,2026,month,2026-03,F.E.D.E.I.,462.1401102046018,F.E.D.E.I.
Tierra del Fuego,informacion_consolidada_2026_6.xlsx,marzo,2026,month,2026-03,Financ. | Educativo | Ley Nº 26.075,4057.2781458130535,Financiamiento Educativo
Tierra del Fuego,informacion_consolidada_2026_6.xlsx,marzo,2026,month,2026-03,Fondo | Compens. | de | Desequilib.,3.0,Fondo | Compens. | de | Desequilib.
Tierra del Fuego,informacion_consolidada_2026_6.xlsx,marzo,2026,month,2026-03,I.V.A. | Ley Nº 23.966 | Art. 5 | Punto 2,40.3067,I.V.A. | Ley Nº 23.966 | Art. 5 | Punto 2
Tierra del Fuego,informacion_consolidada_2026_6.xlsx,marzo,2026,month,2026-03,Impuesto a los Combustibles Líquidos | Ley Nº 23.966 y Nº 24.699 | Obras de | Infraestr.,183.2254,Impuesto a los Combustibles Líquidos | Ley Nº 23.966 y Nº 24.699 | Obras de | Infraestr.
Tierra del Fuego,informacion_consolidada_2026_6.xlsx,marzo,2026,month,2026-03,Impuesto s/ | Los Activos | Fdo. Educ. | Ley Nº 23.906,0.0,Impuesto s/ | Los Activos | Fdo. Educ. | Ley Nº 23.906
Tierra del Fuego,informacion_consolidada_2026_6.xlsx,marzo,2026,month,2026-03,Impuesto sobre los | Bienes Personales | Ley | Nº 24.699,241.0041,Impuesto sobre los | Bienes Personales | Ley | Nº 24.699
Tierra del Fuego,informacion_consolidada_2026_6.xlsx,marzo,2026,month,2026-03,Ley Nº 23.966 | Art. 30,2.4774000000000003,Ley Nº 23.966 | Art. 30
Tierra del Fuego,informacion_consolidada_2026_6.xlsx,marzo,2026,month,2026-03,Ley Nº 24.464 | FO.NA.VI.,1921.7108,Ley Nº 24.464 | FO.NA.VI.
Tierra del Fuego,informacion_consolidada_2026_6.xlsx,marzo,2026,month,2026-03,Reg.Simplif. | P/Peq.Contrib. | Ley Nº 24.977 | Aart. 59 Inc. A,344.9755,Reg.Simplif. | P/Peq.Contrib. | Ley Nº 24.977 | Aart. 59 Inc. A
Tierra del Fuego,informacion_consolidada_2026_6.xlsx,marzo,2026,month,2026-03,Régimen de la Energía Eléctrica | L E Y Nº 2 4 . 0 6 5 | Fdo. P/Comp. | Tarifa Elect.,462.3849256657251,Régimen de la Energía Eléctrica | L E Y Nº 2 4 . 0 6 5 | Fdo. P/Comp. | Tarifa Elect.
Tierra del Fuego,informacion_consolidada_2026_6.xlsx,marzo,2026,month,2026-03,Subtotal,53907.524145813055,Subtotal
Tierra del Fuego,informacion_consolidada_2026_6.xlsx,marzo,2026,month,2026-03,Subtotal,53908.524145813055,Subtotal
Tierra del Fuego,informacion_consolidada_2026_6.xlsx,marzo,2026,month,2026-03,Total | (1) + (2),58579.758267441495,Total | (1) + (2)
Tierra del Fuego,informacion_consolidada_2026_6.xlsx,marzo,2026,month,2026-03,Total | Recursos | Origen Nacional | (1),58414.6413574415,Total | Recursos | Origen Nacional | (1)
Tierra del Fuego,informacion_consolidada_2026_6.xlsx,marzo,2026,month,2026-03,Transfer. | De Servicios | Ley | Nº 24.049,1.0,Transfer. | De Servicios | Ley | Nº 24.049
Tierra del Fuego,informacion_consolidada_2026_6.xlsx,marzo,2026,month,2026-03,Vialidad | Provincial,517.4433,Vialidad | Provincial
Tierra del Fuego,informacion_consolidada_2026_6.xlsx,abril,2026,month,2026-04,C.F.I. | Neta De | Ley Nº 26.075,56108.9151,CFI | Neta
Tierra del Fuego,informacion_consolidada_2026_6.xlsx,abril,2026,month,2026-04,Compensación | Consenso Fiscal | II. a y b; II. d y e | (2),0.0,Compensación Consenso Fiscal
Tierra del Fuego,informacion_consolidada_2026_6.xlsx,abril,2026,month,2026-04,F.E.D.E.I.,0.0,F.E.D.E.I.
Tierra del Fuego,informacion_consolidada_2026_6.xlsx,abril,2026,month,2026-04,F.E.D.E.I.,0.0,F.E.D.E.I.
Tierra del Fuego,informacion_consolidada_2026_6.xlsx,abril,2026,month,2026-04,Financ. | Educativo | Ley Nº 26.075,4233.68154345708,Financiamiento Educativo
Tierra del Fuego,informacion_consolidada_2026_6.xlsx,abril,2026,month,2026-04,Fondo | Compens. | de | Desequilib.,3.0,Fondo | Compens. | de | Desequilib.
Tierra del Fuego,informacion_consolidada_2026_6.xlsx,abril,2026,month,2026-04,I.V.A. | Ley Nº 23.966 | Art. 5 | Punto 2,43.4036,I.V.A. | Ley Nº 23.966 | Art. 5 | Punto 2
Tierra del Fuego,informacion_consolidada_2026_6.xlsx,abril,2026,month,2026-04,Impuesto a los Combustibles Líquidos | Ley Nº 23.966 y Nº 24.699 | Obras de | Infraestr.,199.5207,Impuesto a los Combustibles Líquidos | Ley Nº 23.966 y Nº 24.699 | Obras de | Infraestr.
Tierra del Fuego,informacion_consolidada_2026_6.xlsx,abril,2026,month,2026-04,Impuesto s/ | Los Activos | Fdo. Educ. | Ley Nº 23.906,0.0,Impuesto s/ | Los Activos | Fdo. Educ. | Ley Nº 23.906
Tierra del Fuego,informacion_consolidada_2026_6.xlsx,abril,2026,month,2026-04,Impuesto sobre los | Bienes Personales | Ley | Nº 24.699,416.0025,Impuesto sobre los | Bienes Personales | Ley | Nº 24.699
Tierra del Fuego,informacion_consolidada_2026_6.xlsx,abril,2026,month,2026-04,Ley Nº 23.966 | Art. 30,4.2763,Ley Nº 23.966 | Art. 30
Tierra del Fuego,informacion_consolidada_2026_6.xlsx,abril,2026,month,2026-04,Ley Nº 24.464 | FO.NA.VI.,2092.6195,Ley Nº 24.464 | FO.NA.VI.
Tierra del Fuego,informacion_consolidada_2026_6.xlsx,abril,2026,month,2026-04,Reg.Simplif. | P/Peq.Contrib. | Ley Nº 24.977 | Aart. 59 Inc. A,395.0872,Reg.Simplif. | P/Peq.Contrib. | Ley Nº 24.977 | Aart. 59 Inc. A
Tierra del Fuego,informacion_consolidada_2026_6.xlsx,abril,2026,month,2026-04,Régimen de la Energía Eléctrica | L E Y Nº 2 4 . 0 6 5 | Fdo. P/Comp. | Tarifa Elect.,0.0,Régimen de la Energía Eléctrica | L E Y Nº 2 4 . 0 6 5 | Fdo. P/Comp. | Tarifa Elect.
Tierra del Fuego,informacion_consolidada_2026_6.xlsx,abril,2026,month,2026-04,Subtotal,60342.59664345708,Subtotal
Tierra del Fuego,informacion_consolidada_2026_6.xlsx,abril,2026,month,2026-04,Subtotal,60343.59664345708,Subtotal
Tierra del Fuego,informacion_consolidada_2026_6.xlsx,abril,2026,month,2026-04,Total | (1) + (2),64060.96894345708,Total | (1) + (2)
Tierra del Fuego,informacion_consolidada_2026_6.xlsx,abril,2026,month,2026-04,Total | Recursos | Origen Nacional | (1),64060.96894345708,Total | Recursos | Origen Nacional | (1)
Tierra del Fuego,informacion_consolidada_2026_6.xlsx,abril,2026,month,2026-04,Transfer. | De Servicios | Ley | Nº 24.049,1.0,Transfer. | De Servicios | Ley | Nº 24.049
Tierra del Fuego,informacion_consolidada_2026_6.xlsx,abril,2026,month,2026-04,Vialidad | Provincial,563.4625,Vialidad | Provincial
Tierra del Fuego,informacion_consolidada_2026_6.xlsx,mayo,2026,month,2026-05,C.F.I. | Neta De | Ley Nº 26.075,86074.1815,CFI | Neta
Tierra del Fuego,informacion_consolidada_2026_6.xlsx,mayo,2026,month,2026-05,Compensación | Consenso Fiscal | II. a y b; II. d y e | (2),0.0,Compensación Consenso Fiscal
Tierra del Fuego,informacion_consolidada_2026_6.xlsx,mayo,2026,month,2026-05,F.E.D.E.I.,202.8258600099017,F.E.D.E.I.
Tierra del Fuego,informacion_consolidada_2026_6.xlsx,mayo,2026,month,2026-05,F.E.D.E.I.,251.1085345991621,F.E.D.E.I.
Tierra del Fuego,informacion_consolidada_2026_6.xlsx,mayo,2026,month,2026-05,Financ. | Educativo | Ley Nº 26.075,3351.6645552368527,Financiamiento Educativo
Tierra del Fuego,informacion_consolidada_2026_6.xlsx,mayo,2026,month,2026-05,Fondo | Compens. | de | Desequilib.,3.0,Fondo | Compens. | de | Desequilib.
Tierra del Fuego,informacion_consolidada_2026_6.xlsx,mayo,2026,month,2026-05,I.V.A. | Ley Nº 23.966 | Art. 5 | Punto 2,38.3865,I.V.A. | Ley Nº 23.966 | Art. 5 | Punto 2
Tierra del Fuego,informacion_consolidada_2026_6.xlsx,mayo,2026,month,2026-05,Impuesto a los Combustibles Líquidos | Ley Nº 23.966 y Nº 24.699 | Obras de | Infraestr.,183.83229999999998,Impuesto a los Combustibles Líquidos | Ley Nº 23.966 y Nº 24.699 | Obras de | Infraestr.
Tierra del Fuego,informacion_consolidada_2026_6.xlsx,mayo,2026,month,2026-05,Impuesto s/ | Los Activos | Fdo. Educ. | Ley Nº 23.906,0.0,Impuesto s/ | Los Activos | Fdo. Educ. | Ley Nº 23.906
Tierra del Fuego,informacion_consolidada_2026_6.xlsx,mayo,2026,month,2026-05,Impuesto sobre los | Bienes Personales | Ley | Nº 24.699,458.56440000000003,Impuesto sobre los | Bienes Personales | Ley | Nº 24.699
Tierra del Fuego,informacion_consolidada_2026_6.xlsx,mayo,2026,month,2026-05,Ley Nº 23.966 | Art. 30,4.7138,Ley Nº 23.966 | Art. 30
Tierra del Fuego,informacion_consolidada_2026_6.xlsx,mayo,2026,month,2026-05,Ley Nº 24.464 | FO.NA.VI.,1928.0758999999998,Ley Nº 24.464 | FO.NA.VI.
Tierra del Fuego,informacion_consolidada_2026_6.xlsx,mayo,2026,month,2026-05,Reg.Simplif. | P/Peq.Contrib. | Ley Nº 24.977 | Aart. 59 Inc. A,386.8656,Reg.Simplif. | P/Peq.Contrib. | Ley Nº 24.977 | Aart. 59 Inc. A
Tierra del Fuego,informacion_consolidada_2026_6.xlsx,mayo,2026,month,2026-05,Régimen de la Energía Eléctrica | L E Y Nº 2 4 . 0 6 5 | Fdo. P/Comp. | Tarifa Elect.,251.24155758249802,Régimen de la Energía Eléctrica | L E Y Nº 2 4 . 0 6 5 | Fdo. P/Comp. | Tarifa Elect.
Tierra del Fuego,informacion_consolidada_2026_6.xlsx,mayo,2026,month,2026-05,Subtotal,89425.84605523686,Subtotal
Tierra del Fuego,informacion_consolidada_2026_6.xlsx,mayo,2026,month,2026-05,Subtotal,89426.84605523686,Subtotal
Tierra del Fuego,informacion_consolidada_2026_6.xlsx,mayo,2026,month,2026-05,Total | (1) + (2),93654.61770742842,Total | (1) + (2)
Tierra del Fuego,informacion_consolidada_2026_6.xlsx,mayo,2026,month,2026-05,Total | Recursos | Origen Nacional | (1),93654.61770742842,Total | Recursos | Origen Nacional | (1)
Tierra del Fuego,informacion_consolidada_2026_6.xlsx,mayo,2026,month,2026-05,Transfer. | De Servicios | Ley | Nº 24.049,1.0,Transfer. | De Servicios | Ley | Nº 24.049
Tierra del Fuego,informacion_consolidada_2026_6.xlsx,mayo,2026,month,2026-05,Vialidad | Provincial,519.1572,Vialidad | Provincial
Tierra del Fuego,informacion_consolidada_2026_6.xlsx,junio,2026,month,2026-06,C.F.I. | Neta De | Ley Nº 26.075,60151.9883,CFI | Neta
Tierra del Fuego,informacion_consolidada_2026_6.xlsx,junio,2026,month,2026-06,Compensación | Consenso Fiscal | II. a y b; II. d y e | (2),0.0,Compensación Consenso Fiscal
Tierra del Fuego,informacion_consolidada_2026_6.xlsx,junio,2026,month,2026-06,F.E.D.E.I.,424.39517458624806,F.E.D.E.I.
Tierra del Fuego,informacion_consolidada_2026_6.xlsx,junio,2026,month,2026-06,F.E.D.E.I.,609.3656040161702,F.E.D.E.I.
Tierra del Fuego,informacion_consolidada_2026_6.xlsx,junio,2026,month,2026-06,Financ. | Educativo | Ley Nº 26.075,3704.471350524965,Financiamiento Educativo
Tierra del Fuego,informacion_consolidada_2026_6.xlsx,junio,2026,month,2026-06,Fondo | Compens. | de | Desequilib.,3.0,Fondo | Compens. | de | Desequilib.
Tierra del Fuego,informacion_consolidada_2026_6.xlsx,junio,2026,month,2026-06,I.V.A. | Ley Nº 23.966 | Art. 5 | Punto 2,47.2362,I.V.A. | Ley Nº 23.966 | Art. 5 | Punto 2
Tierra del Fuego,informacion_consolidada_2026_6.xlsx,junio,2026,month,2026-06,Impuesto a los Combustibles Líquidos | Ley Nº 23.966 y Nº 24.699 | Obras de | Infraestr.,228.05270000000002,Impuesto a los Combustibles Líquidos | Ley Nº 23.966 y Nº 24.699 | Obras de | Infraestr.
Tierra del Fuego,informacion_consolidada_2026_6.xlsx,junio,2026,month,2026-06,Impuesto s/ | Los Activos | Fdo. Educ. | Ley Nº 23.906,0.0,Impuesto s/ | Los Activos | Fdo. Educ. | Ley Nº 23.906
Tierra del Fuego,informacion_consolidada_2026_6.xlsx,junio,2026,month,2026-06,Impuesto sobre los | Bienes Personales | Ley | Nº 24.699,11026.659599999999,Impuesto sobre los | Bienes Personales | Ley | Nº 24.699
Tierra del Fuego,informacion_consolidada_2026_6.xlsx,junio,2026,month,2026-06,Ley Nº 23.966 | Art. 30,113.34830000000001,Ley Nº 23.966 | Art. 30
Tierra del Fuego,informacion_consolidada_2026_6.xlsx,junio,2026,month,2026-06,Ley Nº 24.464 | FO.NA.VI.,2391.8697,Ley Nº 24.464 | FO.NA.VI.
Tierra del Fuego,informacion_consolidada_2026_6.xlsx,junio,2026,month,2026-06,Reg.Simplif. | P/Peq.Contrib. | Ley Nº 24.977 | Aart. 59 Inc. A,394.2677,Reg.Simplif. | P/Peq.Contrib. | Ley Nº 24.977 | Aart. 59 Inc. A
Tierra del Fuego,informacion_consolidada_2026_6.xlsx,junio,2026,month,2026-06,Régimen de la Energía Eléctrica | L E Y Nº 2 4 . 0 6 5 | Fdo. P/Comp. | Tarifa Elect.,609.8694018028174,Régimen de la Energía Eléctrica | L E Y Nº 2 4 . 0 6 5 | Fdo. P/Comp. | Tarifa Elect.
Tierra del Fuego,informacion_consolidada_2026_6.xlsx,junio,2026,month,2026-06,Subtotal,63856.459650524965,Subtotal
Tierra del Fuego,informacion_consolidada_2026_6.xlsx,junio,2026,month,2026-06,Subtotal,63857.459650524965,Subtotal
Tierra del Fuego,informacion_consolidada_2026_6.xlsx,junio,2026,month,2026-06,Total | (1) + (2),80349.56323093019,Total | (1) + (2)
Tierra del Fuego,informacion_consolidada_2026_6.xlsx,junio,2026,month,2026-06,Total | Recursos | Origen Nacional | (1),80349.56323093019,Total | Recursos | Origen Nacional | (1)
Tierra del Fuego,informacion_consolidada_2026_6.xlsx,junio,2026,month,2026-06,Transfer. | De Servicios | Ley | Nº 24.049,1.0,Transfer. | De Servicios | Ley | Nº 24.049
Tierra del Fuego,informacion_consolidada_2026_6.xlsx,junio,2026,month,2026-06,Vialidad | Provincial,644.0391999999999,Vialidad | Provincial
Tierra del Fuego,informacion_consolidada_2026_6.xlsx,julio,2026,month,2026-07,C.F.I. | Neta De | Ley Nº 26.075,75116.8607,CFI | Neta
Tierra del Fuego,informacion_consolidada_2026_6.xlsx,julio,2026,month,2026-07,Compensación | Consenso Fiscal | II. a y b; II. d y e | (2),214.13709302999996,Compensación Consenso Fiscal
Tierra del Fuego,informacion_consolidada_2026_6.xlsx,julio,2026,month,2026-07,F.E.D.E.I.,252.6714666464757,F.E.D.E.I.
Tierra del Fuego,informacion_consolidada_2026_6.xlsx,julio,2026,month,2026-07,F.E.D.E.I.,309.55676723871034,F.E.D.E.I.
Tierra del Fuego,informacion_consolidada_2026_6.xlsx,julio,2026,month,2026-07,Financ. | Educativo | Ley Nº 26.075,3704.4713505249824,Financiamiento Educativo
Tierra del Fuego,informacion_consolidada_2026_6.xlsx,julio,2026,month,2026-07,Fondo | Compens. | de | Desequilib.,3.0,Fondo | Compens. | de | Desequilib.
Tierra del Fuego,informacion_consolidada_2026_6.xlsx,julio,2026,month,2026-07,I.V.A. | Ley Nº 23.966 | Art. 5 | Punto 2,49.5403,I.V.A. | Ley Nº 23.966 | Art. 5 | Punto 2
Tierra del Fuego,informacion_consolidada_2026_6.xlsx,julio,2026,month,2026-07,Impuesto a los Combustibles Líquidos | Ley Nº 23.966 y Nº 24.699 | Obras de | Infraestr.,205.1531,Impuesto a los Combustibles Líquidos | Ley Nº 23.966 y Nº 24.699 | Obras de | Infraestr.
Tierra del Fuego,informacion_consolidada_2026_6.xlsx,julio,2026,month,2026-07,Impuesto s/ | Los Activos | Fdo. Educ. | Ley Nº 23.906,0.0,Impuesto s/ | Los Activos | Fdo. Educ. | Ley Nº 23.906
Tierra del Fuego,informacion_consolidada_2026_6.xlsx,julio,2026,month,2026-07,Impuesto sobre los | Bienes Personales | Ley | Nº 24.699,1112.8935,Impuesto sobre los | Bienes Personales | Ley | Nº 24.699
Tierra del Fuego,informacion_consolidada_2026_6.xlsx,julio,2026,month,2026-07,Ley Nº 23.966 | Art. 30,11.44,Ley Nº 23.966 | Art. 30
Tierra del Fuego,informacion_consolidada_2026_6.xlsx,julio,2026,month,2026-07,Ley Nº 24.464 | FO.NA.VI.,2151.6935,Ley Nº 24.464 | FO.NA.VI.
Tierra del Fuego,informacion_consolidada_2026_6.xlsx,julio,2026,month,2026-07,Reg.Simplif. | P/Peq.Contrib. | Ley Nº 24.977 | Aart. 59 Inc. A,391.1608,Reg.Simplif. | P/Peq.Contrib. | Ley Nº 24.977 | Aart. 59 Inc. A
Tierra del Fuego,informacion_consolidada_2026_6.xlsx,julio,2026,month,2026-07,Régimen de la Energía Eléctrica | L E Y Nº 2 4 . 0 6 5 | Fdo. P/Comp. | Tarifa Elect.,309.81269574492137,Régimen de la Energía Eléctrica | L E Y Nº 2 4 . 0 6 5 | Fdo. P/Comp. | Tarifa Elect.
Tierra del Fuego,informacion_consolidada_2026_6.xlsx,julio,2026,month,2026-07,Subtotal,78821.33205052499,Subtotal
Tierra del Fuego,informacion_consolidada_2026_6.xlsx,julio,2026,month,2026-07,Subtotal,78822.33205052499,Subtotal
Tierra del Fuego,informacion_consolidada_2026_6.xlsx,julio,2026,month,2026-07,Total | (1) + (2),84412.76017318509,Total | (1) + (2)
Tierra del Fuego,informacion_consolidada_2026_6.xlsx,julio,2026,month,2026-07,Total | Recursos | Origen Nacional | (1),84198.62308015508,Total | Recursos | Origen Nacional | (1)
Tierra del Fuego,informacion_consolidada_2026_6.xlsx,julio,2026,month,2026-07,Transfer. | De Servicios | Ley | Nº 24.049,1.0,Transfer. | De Servicios | Ley | Nº 24.049
Tierra del Fuego,informacion_consolidada_2026_6.xlsx,julio,2026,month,2026-07,Vialidad | Provincial,579.3689,Vialidad | Provincial
Tierra del Fuego,informacion_consolidada_2026_6.xlsx,agosto,2026,month,2026-08,C.F.I. | Neta De | Ley Nº 26.075,71165.3383,CFI | Neta
Tierra del Fuego,informacion_consolidada_2026_6.xlsx,agosto,2026,month,2026-08,Compensación | Consenso Fiscal | II. a y b; II. d y e | (2),203.94008859999997,Compensación Consenso Fiscal
Tierra del Fuego,informacion_consolidada_2026_6.xlsx,agosto,2026,month,2026-08,F.E.D.E.I.,0.0,F.E.D.E.I.
Tierra del Fuego,informacion_consolidada_2026_6.xlsx,agosto,2026,month,2026-08,F.E.D.E.I.,0.0,F.E.D.E.I.
Tierra del Fuego,informacion_consolidada_2026_6.xlsx,agosto,2026,month,2026-08,Financ. | Educativo | Ley Nº 26.075,3528.0679528809355,Financiamiento Educativo
Tierra del Fuego,informacion_consolidada_2026_6.xlsx,agosto,2026,month,2026-08,Fondo | Compens. | de | Desequilib.,3.0,Fondo | Compens. | de | Desequilib.
Tierra del Fuego,informacion_consolidada_2026_6.xlsx,agosto,2026,month,2026-08,I.V.A. | Ley Nº 23.966 | Art. 5 | Punto 2,48.1593,I.V.A. | Ley Nº 23.966 | Art. 5 | Punto 2
Tierra del Fuego,informacion_consolidada_2026_6.xlsx,agosto,2026,month,2026-08,Impuesto a los Combustibles Líquidos | Ley Nº 23.966 y Nº 24.699 | Obras de | Infraestr.,223.6189,Impuesto a los Combustibles Líquidos | Ley Nº 23.966 y Nº 24.699 | Obras de | Infraestr.
Tierra del Fuego,informacion_consolidada_2026_6.xlsx,agosto,2026,month,2026-08,Impuesto s/ | Los Activos | Fdo. Educ. | Ley Nº 23.906,0.00435984,Impuesto s/ | Los Activos | Fdo. Educ. | Ley Nº 23.906
Tierra del Fuego,informacion_consolidada_2026_6.xlsx,agosto,2026,month,2026-08,Impuesto sobre los | Bienes Personales | Ley | Nº 24.699,896.7627,Impuesto sobre los | Bienes Personales | Ley | Nº 24.699
Tierra del Fuego,informacion_consolidada_2026_6.xlsx,agosto,2026,month,2026-08,Ley Nº 23.966 | Art. 30,9.2183,Ley Nº 23.966 | Art. 30
Tierra del Fuego,informacion_consolidada_2026_6.xlsx,agosto,2026,month,2026-08,Ley Nº 24.464 | FO.NA.VI.,2345.367,Ley Nº 24.464 | FO.NA.VI.
Tierra del Fuego,informacion_consolidada_2026_6.xlsx,agosto,2026,month,2026-08,Reg.Simplif. | P/Peq.Contrib. | Ley Nº 24.977 | Aart. 59 Inc. A,460.5294,Reg.Simplif. | P/Peq.Contrib. | Ley Nº 24.977 | Aart. 59 Inc. A
Tierra del Fuego,informacion_consolidada_2026_6.xlsx,agosto,2026,month,2026-08,Régimen de la Energía Eléctrica | L E Y Nº 2 4 . 0 6 5 | Fdo. P/Comp. | Tarifa Elect.,0.0,Régimen de la Energía Eléctrica | L E Y Nº 2 4 . 0 6 5 | Fdo. P/Comp. | Tarifa Elect.
Tierra del Fuego,informacion_consolidada_2026_6.xlsx,agosto,2026,month,2026-08,Subtotal,74693.40625288094,Subtotal
Tierra del Fuego,informacion_consolidada_2026_6.xlsx,agosto,2026,month,2026-08,Subtotal,74694.40625288094,Subtotal
Tierra del Fuego,informacion_consolidada_2026_6.xlsx,agosto,2026,month,2026-08,Total | (1) + (2),79516.52410132093,Total | (1) + (2)
Tierra del Fuego,informacion_consolidada_2026_6.xlsx,agosto,2026,month,2026-08,Total | Recursos | Origen Nacional | (1),79312.58401272094,Total | Recursos | Origen Nacional | (1)
Tierra del Fuego,informacion_consolidada_2026_6.xlsx,agosto,2026,month,2026-08,Transfer. | De Servicios | Ley | Nº 24.049,1.0,Transfer. | De Servicios | Ley | Nº 24.049
Tierra del Fuego,informacion_consolidada_2026_6.xlsx,agosto,2026,month,2026-08,Vialidad | Provincial,631.5178000000001,Vialidad | Provincial
Tierra del Fuego,informacion_consolidada_2026_6.xlsx,septiembre,2026,month,2026-09,C.F.I. | Neta De | Ley Nº 26.075,72891.4044,CFI | Neta
Tierra del Fuego,informacion_consolidada_2026_6.xlsx,septiembre,2026,month,2026-09,Compensación | Consenso Fiscal | II. a y b; II. d y e | (2),224.33409746,Compensación Consenso Fiscal
Tierra del Fuego,informacion_consolidada_2026_6.xlsx,septiembre,2026,month,2026-09,F.E.D.E.I.,474.5528175460287,F.E.D.E.I.
Tierra del Fuego,informacion_consolidada_2026_6.xlsx,septiembre,2026,month,2026-09,F.E.D.E.I.,698.814958309615,F.E.D.E.I.
Tierra del Fuego,informacion_consolidada_2026_6.xlsx,septiembre,2026,month,2026-09,Financ. | Educativo | Ley Nº 26.075,3880.8747481690293,Financiamiento Educativo
Tierra del Fuego,informacion_consolidada_2026_6.xlsx,septiembre,2026,month,2026-09,Fondo | Compens. | de | Desequilib.,3.0,Fondo | Compens. | de | Desequilib.
Tierra del Fuego,informacion_consolidada_2026_6.xlsx,septiembre,2026,month,2026-09,I.V.A. | Ley Nº 23.966 | Art. 5 | Punto 2,49.715,I.V.A. | Ley Nº 23.966 | Art. 5 | Punto 2
Tierra del Fuego,informacion_consolidada_2026_6.xlsx,septiembre,2026,month,2026-09,Impuesto a los Combustibles Líquidos | Ley Nº 23.966 y Nº 24.699 | Obras de | Infraestr.,221.1744,Impuesto a los Combustibles Líquidos | Ley Nº 23.966 y Nº 24.699 | Obras de | Infraestr.
Tierra del Fuego,informacion_consolidada_2026_6.xlsx,septiembre,2026,month,2026-09,Impuesto s/ | Los Activos | Fdo. Educ. | Ley Nº 23.906,0.0,Impuesto s/ | Los Activos | Fdo. Educ. | Ley Nº 23.906
Tierra del Fuego,informacion_consolidada_2026_6.xlsx,septiembre,2026,month,2026-09,Impuesto sobre los | Bienes Personales | Ley | Nº 24.699,605.2839,Impuesto sobre los | Bienes Personales | Ley | Nº 24.699
Tierra del Fuego,informacion_consolidada_2026_6.xlsx,septiembre,2026,month,2026-09,Ley Nº 23.966 | Art. 30,6.222,Ley Nº 23.966 | Art. 30
Tierra del Fuego,informacion_consolidada_2026_6.xlsx,septiembre,2026,month,2026-09,Ley Nº 24.464 | FO.NA.VI.,2319.7292,Ley Nº 24.464 | FO.NA.VI.
Tierra del Fuego,informacion_consolidada_2026_6.xlsx,septiembre,2026,month,2026-09,Reg.Simplif. | P/Peq.Contrib. | Ley Nº 24.977 | Aart. 59 Inc. A,475.0138,Reg.Simplif. | P/Peq.Contrib. | Ley Nº 24.977 | Aart. 59 Inc. A
Tierra del Fuego,informacion_consolidada_2026_6.xlsx,septiembre,2026,month,2026-09,Régimen de la Energía Eléctrica | L E Y Nº 2 4 . 0 6 5 | Fdo. P/Comp. | Tarifa Elect.,699.3927090518124,Régimen de la Energía Eléctrica | L E Y Nº 2 4 . 0 6 5 | Fdo. P/Comp. | Tarifa Elect.
Tierra del Fuego,informacion_consolidada_2026_6.xlsx,septiembre,2026,month,2026-09,Subtotal,76772.27914816902,Subtotal
Tierra del Fuego,informacion_consolidada_2026_6.xlsx,septiembre,2026,month,2026-09,Subtotal,76773.27914816902,Subtotal
Tierra del Fuego,informacion_consolidada_2026_6.xlsx,septiembre,2026,month,2026-09,Total | (1) + (2),83175.12653053646,Total | (1) + (2)
Tierra del Fuego,informacion_consolidada_2026_6.xlsx,septiembre,2026,month,2026-09,Total | Recursos | Origen Nacional | (1),82950.79243307647,Total | Recursos | Origen Nacional | (1)
Tierra del Fuego,informacion_consolidada_2026_6.xlsx,septiembre,2026,month,2026-09,Transfer. | De Servicios | Ley | Nº 24.049,1.0,Transfer. | De Servicios | Ley | Nº 24.049
Tierra del Fuego,informacion_consolidada_2026_6.xlsx,septiembre,2026,month,2026-09,Vialidad | Provincial,624.6145,Vialidad | Provincial
Tierra del Fuego,informacion_consolidada_2026_6.xlsx,CONS,2026,consolidated,CONS,C.F.I. | Neta De | Ley Nº 26.075,588840.1341,CFI | Neta
Tierra del Fuego,informacion_consolidada_2026_6.xlsx,CONS,2026,consolidated,CONS,Compensación | Consenso Fiscal | II. a y b; II. d y e | (2),1114.17387909,Compensación Consenso Fiscal
Tierra del Fuego,informacion_consolidada_2026_6.xlsx,CONS,2026,consolidated,CONS,F.E.D.E.I.,1923.3365037088934,F.E.D.E.I.
Tierra del Fuego,informacion_consolidada_2026_6.xlsx,CONS,2026,consolidated,CONS,F.E.D.E.I.,2560.097898463101,F.E.D.E.I.
Tierra del Fuego,informacion_consolidada_2026_6.xlsx,CONS,2026,consolidated,CONS,Financ. | Educativo | Ley Nº 26.075,32105.418499999996,Financiamiento Educativo
Tierra del Fuego,informacion_consolidada_2026_6.xlsx,CONS,2026,consolidated,CONS,Fondo | Compens. | de | Desequilib.,27.0,Fondo | Compens. | de | Desequilib.
Tierra del Fuego,informacion_consolidada_2026_6.xlsx,CONS,2026,consolidated,CONS,I.V.A. | Ley Nº 23.966 | Art. 5 | Punto 2,401.15439999999995,I.V.A. | Ley Nº 23.966 | Art. 5 | Punto 2
Tierra del Fuego,informacion_consolidada_2026_6.xlsx,CONS,2026,consolidated,CONS,Impuesto a los Combustibles Líquidos | Ley Nº 23.966 y Nº 24.699 | Obras de | Infraestr.,1740.454,Impuesto a los Combustibles Líquidos | Ley Nº 23.966 y Nº 24.699 | Obras de | Infraestr.
Tierra del Fuego,informacion_consolidada_2026_6.xlsx,CONS,2026,consolidated,CONS,Impuesto s/ | Los Activos | Fdo. Educ. | Ley Nº 23.906,0.0044,Impuesto s/ | Los Activos | Fdo. Educ. | Ley Nº 23.906
Tierra del Fuego,informacion_consolidada_2026_6.xlsx,CONS,2026,consolidated,CONS,Impuesto sobre los | Bienes Personales | Ley | Nº 24.699,15611.1503,Impuesto sobre los | Bienes Personales | Ley | Nº 24.699
Tierra del Fuego,informacion_consolidada_2026_6.xlsx,CONS,2026,consolidated,CONS,Ley Nº 23.966 | Art. 30,160.47459999999998,Ley Nº 23.966 | Art. 30
Tierra del Fuego,informacion_consolidada_2026_6.xlsx,CONS,2026,consolidated,CONS,Ley Nº 24.464 | FO.NA.VI.,18254.288,Ley Nº 24.464 | FO.NA.VI.
Tierra del Fuego,informacion_consolidada_2026_6.xlsx,CONS,2026,consolidated,CONS,Reg.Simplif. | P/Peq.Contrib. | Ley Nº 24.977 | Aart. 59 Inc. A,3514.7048,Reg.Simplif. | P/Peq.Contrib. | Ley Nº 24.977 | Aart. 59 Inc. A
Tierra del Fuego,informacion_consolidada_2026_6.xlsx,CONS,2026,consolidated,CONS,Régimen de la Energía Eléctrica | L E Y Nº 2 4 . 0 6 5 | Fdo. P/Comp. | Tarifa Elect.,2561.9345999999996,Régimen de la Energía Eléctrica | L E Y Nº 2 4 . 0 6 5 | Fdo. P/Comp. | Tarifa Elect.
Tierra del Fuego,informacion_consolidada_2026_6.xlsx,CONS,2026,consolidated,CONS,Subtotal,620945.5526,Subtotal
Tierra del Fuego,informacion_consolidada_2026_6.xlsx,CONS,2026,consolidated,CONS,Subtotal,620954.5526,Subtotal
Tierra del Fuego,informacion_consolidada_2026_6.xlsx,CONS,2026,consolidated,CONS,Total | (1) + (2),673738.508681262,Total | (1) + (2)
Tierra del Fuego,informacion_consolidada_2026_6.xlsx,CONS,2026,consolidated,CONS,Total | Recursos | Origen Nacional | (1),672624.334802172,Total | Recursos | Origen Nacional | (1)
Tierra del Fuego,informacion_consolidada_2026_6.xlsx,CONS,2026,consolidated,CONS,Transfer. | De Servicios | Ley | Nº 24.049,9.0,Transfer. | De Servicios | Ley | Nº 24.049
Tierra del Fuego,informacion_consolidada_2026_6.xlsx,CONS,2026,consolidated,CONS,Vialidad | Provincial,4915.1827,Vialidad | Provincial
Tucumán,informacion_consolidada_2026_6.xlsx,enero,2026,month,2026-01,C.F.I. | Neta De | Ley Nº 26.075,226042.44819999998,CFI | Neta
Tucumán,informacion_consolidada_2026_6.xlsx,enero,2026,month,2026-01,Compensación | Consenso Fiscal | II. a y b; II. d y e | (2),8079.0814230000005,Compensación Consenso Fiscal
Tucumán,informacion_consolidada_2026_6.xlsx,enero,2026,month,2026-01,F.E.D.E.I.,212.44267727273717,F.E.D.E.I.
Tucumán,informacion_consolidada_2026_6.xlsx,enero,2026,month,2026-01,F.E.D.E.I.,201.59337802127695,F.E.D.E.I.
Tucumán,informacion_consolidada_2026_6.xlsx,enero,2026,month,2026-01,Financ. | Educativo | Ley Nº 26.075,21191.618690659692,Financiamiento Educativo
Tucumán,informacion_consolidada_2026_6.xlsx,enero,2026,month,2026-01,Fondo | Compens. | de | Desequilib.,2.2,Fondo | Compens. | de | Desequilib.
Tucumán,informacion_consolidada_2026_6.xlsx,enero,2026,month,2026-01,I.V.A. | Ley Nº 23.966 | Art. 5 | Punto 2,0.0,I.V.A. | Ley Nº 23.966 | Art. 5 | Punto 2
Tucumán,informacion_consolidada_2026_6.xlsx,enero,2026,month,2026-01,Impuesto a los Combustibles Líquidos | Ley Nº 23.966 y Nº 24.699 | Obras de | Infraestr.,425.711,Impuesto a los Combustibles Líquidos | Ley Nº 23.966 y Nº 24.699 | Obras de | Infraestr.
Tucumán,informacion_consolidada_2026_6.xlsx,enero,2026,month,2026-01,Impuesto s/ | Los Activos | Fdo. Educ. | Ley Nº 23.906,0.0,Impuesto s/ | Los Activos | Fdo. Educ. | Ley Nº 23.906
Tucumán,informacion_consolidada_2026_6.xlsx,enero,2026,month,2026-01,Impuesto sobre los | Bienes Personales | Ley | Nº 24.699,1370.62,Impuesto sobre los | Bienes Personales | Ley | Nº 24.699
Tucumán,informacion_consolidada_2026_6.xlsx,enero,2026,month,2026-01,Ley Nº 23.966 | Art. 30,0.0,Ley Nº 23.966 | Art. 30
Tucumán,informacion_consolidada_2026_6.xlsx,enero,2026,month,2026-01,Ley Nº 24.464 | FO.NA.VI.,1834.5621999999998,Ley Nº 24.464 | FO.NA.VI.
Tucumán,informacion_consolidada_2026_6.xlsx,enero,2026,month,2026-01,Reg.Simplif. | P/Peq.Contrib. | Ley Nº 24.977 | Aart. 59 Inc. A,1165.1832,Reg.Simplif. | P/Peq.Contrib. | Ley Nº 24.977 | Aart. 59 Inc. A
Tucumán,informacion_consolidada_2026_6.xlsx,enero,2026,month,2026-01,Régimen de la Energía Eléctrica | L E Y Nº 2 4 . 0 6 5 | Fdo. P/Comp. | Tarifa Elect.,331.09292976524864,Régimen de la Energía Eléctrica | L E Y Nº 2 4 . 0 6 5 | Fdo. P/Comp. | Tarifa Elect.
Tucumán,informacion_consolidada_2026_6.xlsx,enero,2026,month,2026-01,Subtotal,247234.06689065968,Subtotal
Tucumán,informacion_consolidada_2026_6.xlsx,enero,2026,month,2026-01,Subtotal,247238.71689065968,Subtotal
Tucumán,informacion_consolidada_2026_6.xlsx,enero,2026,month,2026-01,Total | (1) + (2),261453.18749871894,Total | (1) + (2)
Tucumán,informacion_consolidada_2026_6.xlsx,enero,2026,month,2026-01,Total | Recursos | Origen Nacional | (1),253374.10607571894,Total | Recursos | Origen Nacional | (1)
Tucumán,informacion_consolidada_2026_6.xlsx,enero,2026,month,2026-01,Transfer. | De Servicios | Ley | Nº 24.049,4.65,Transfer. | De Servicios | Ley | Nº 24.049
Tucumán,informacion_consolidada_2026_6.xlsx,enero,2026,month,2026-01,Vialidad | Provincial,591.9838000000001,Vialidad | Provincial
Tucumán,informacion_consolidada_2026_6.xlsx,febrero,2026,month,2026-02,C.F.I. | Neta De | Ley Nº 26.075,187257.6889,CFI | Neta
Tucumán,informacion_consolidada_2026_6.xlsx,febrero,2026,month,2026-02,Compensación | Consenso Fiscal | II. a y b; II. d y e | (2),16924.926934,Compensación Consenso Fiscal
Tucumán,informacion_consolidada_2026_6.xlsx,febrero,2026,month,2026-02,F.E.D.E.I.,0.0,F.E.D.E.I.
Tucumán,informacion_consolidada_2026_6.xlsx,febrero,2026,month,2026-02,F.E.D.E.I.,0.0,F.E.D.E.I.
Tucumán,informacion_consolidada_2026_6.xlsx,febrero,2026,month,2026-02,Financ. | Educativo | Ley Nº 26.075,40456.72659125944,Financiamiento Educativo
Tucumán,informacion_consolidada_2026_6.xlsx,febrero,2026,month,2026-02,Fondo | Compens. | de | Desequilib.,2.2,Fondo | Compens. | de | Desequilib.
Tucumán,informacion_consolidada_2026_6.xlsx,febrero,2026,month,2026-02,I.V.A. | Ley Nº 23.966 | Art. 5 | Punto 2,0.0,I.V.A. | Ley Nº 23.966 | Art. 5 | Punto 2
Tucumán,informacion_consolidada_2026_6.xlsx,febrero,2026,month,2026-02,Impuesto a los Combustibles Líquidos | Ley Nº 23.966 y Nº 24.699 | Obras de | Infraestr.,715.5861,Impuesto a los Combustibles Líquidos | Ley Nº 23.966 y Nº 24.699 | Obras de | Infraestr.
Tucumán,informacion_consolidada_2026_6.xlsx,febrero,2026,month,2026-02,Impuesto s/ | Los Activos | Fdo. Educ. | Ley Nº 23.906,0.0,Impuesto s/ | Los Activos | Fdo. Educ. | Ley Nº 23.906
Tucumán,informacion_consolidada_2026_6.xlsx,febrero,2026,month,2026-02,Impuesto sobre los | Bienes Personales | Ley | Nº 24.699,1923.5501000000002,Impuesto sobre los | Bienes Personales | Ley | Nº 24.699
Tucumán,informacion_consolidada_2026_6.xlsx,febrero,2026,month,2026-02,Ley Nº 23.966 | Art. 30,0.0,Ley Nº 23.966 | Art. 30
Tucumán,informacion_consolidada_2026_6.xlsx,febrero,2026,month,2026-02,Ley Nº 24.464 | FO.NA.VI.,3083.7525,Ley Nº 24.464 | FO.NA.VI.
Tucumán,informacion_consolidada_2026_6.xlsx,febrero,2026,month,2026-02,Reg.Simplif. | P/Peq.Contrib. | Ley Nº 24.977 | Aart. 59 Inc. A,1406.9107,Reg.Simplif. | P/Peq.Contrib. | Ley Nº 24.977 | Aart. 59 Inc. A
Tucumán,informacion_consolidada_2026_6.xlsx,febrero,2026,month,2026-02,Régimen de la Energía Eléctrica | L E Y Nº 2 4 . 0 6 5 | Fdo. P/Comp. | Tarifa Elect.,0.0,Régimen de la Energía Eléctrica | L E Y Nº 2 4 . 0 6 5 | Fdo. P/Comp. | Tarifa Elect.
Tucumán,informacion_consolidada_2026_6.xlsx,febrero,2026,month,2026-02,Subtotal,227714.41549125945,Subtotal
Tucumán,informacion_consolidada_2026_6.xlsx,febrero,2026,month,2026-02,Subtotal,227719.06549125945,Subtotal
Tucumán,informacion_consolidada_2026_6.xlsx,febrero,2026,month,2026-02,Total | (1) + (2),252771.06922525945,Total | (1) + (2)
Tucumán,informacion_consolidada_2026_6.xlsx,febrero,2026,month,2026-02,Total | Recursos | Origen Nacional | (1),235846.14229125946,Total | Recursos | Origen Nacional | (1)
Tucumán,informacion_consolidada_2026_6.xlsx,febrero,2026,month,2026-02,Transfer. | De Servicios | Ley | Nº 24.049,4.65,Transfer. | De Servicios | Ley | Nº 24.049
Tucumán,informacion_consolidada_2026_6.xlsx,febrero,2026,month,2026-02,Vialidad | Provincial,995.0774,Vialidad | Provincial
Tucumán,informacion_consolidada_2026_6.xlsx,marzo,2026,month,2026-03,C.F.I. | Neta De | Ley Nº 26.075,163633.7888,CFI | Neta
Tucumán,informacion_consolidada_2026_6.xlsx,marzo,2026,month,2026-03,Compensación | Consenso Fiscal | II. a y b; II. d y e | (2),8079.0814230000005,Compensación Consenso Fiscal
Tucumán,informacion_consolidada_2026_6.xlsx,marzo,2026,month,2026-03,F.E.D.E.I.,288.11920381850763,F.E.D.E.I.
Tucumán,informacion_consolidada_2026_6.xlsx,marzo,2026,month,2026-03,F.E.D.E.I.,406.63263734601435,F.E.D.E.I.
Tucumán,informacion_consolidada_2026_6.xlsx,marzo,2026,month,2026-03,Financ. | Educativo | Ley Nº 26.075,44309.7481713793,Financiamiento Educativo
Tucumán,informacion_consolidada_2026_6.xlsx,marzo,2026,month,2026-03,Fondo | Compens. | de | Desequilib.,2.2,Fondo | Compens. | de | Desequilib.
Tucumán,informacion_consolidada_2026_6.xlsx,marzo,2026,month,2026-03,I.V.A. | Ley Nº 23.966 | Art. 5 | Punto 2,0.0,I.V.A. | Ley Nº 23.966 | Art. 5 | Punto 2
Tucumán,informacion_consolidada_2026_6.xlsx,marzo,2026,month,2026-03,Impuesto a los Combustibles Líquidos | Ley Nº 23.966 y Nº 24.699 | Obras de | Infraestr.,706.763,Impuesto a los Combustibles Líquidos | Ley Nº 23.966 y Nº 24.699 | Obras de | Infraestr.
Tucumán,informacion_consolidada_2026_6.xlsx,marzo,2026,month,2026-03,Impuesto s/ | Los Activos | Fdo. Educ. | Ley Nº 23.906,0.0,Impuesto s/ | Los Activos | Fdo. Educ. | Ley Nº 23.906
Tucumán,informacion_consolidada_2026_6.xlsx,marzo,2026,month,2026-03,Impuesto sobre los | Bienes Personales | Ley | Nº 24.699,929.6576,Impuesto sobre los | Bienes Personales | Ley | Nº 24.699
Tucumán,informacion_consolidada_2026_6.xlsx,marzo,2026,month,2026-03,Ley Nº 23.966 | Art. 30,0.0,Ley Nº 23.966 | Art. 30
Tucumán,informacion_consolidada_2026_6.xlsx,marzo,2026,month,2026-03,Ley Nº 24.464 | FO.NA.VI.,3045.7302999999997,Ley Nº 24.464 | FO.NA.VI.
Tucumán,informacion_consolidada_2026_6.xlsx,marzo,2026,month,2026-03,Reg.Simplif. | P/Peq.Contrib. | Ley Nº 24.977 | Aart. 59 Inc. A,1330.6883,Reg.Simplif. | P/Peq.Contrib. | Ley Nº 24.977 | Aart. 59 Inc. A
Tucumán,informacion_consolidada_2026_6.xlsx,marzo,2026,month,2026-03,Régimen de la Energía Eléctrica | L E Y Nº 2 4 . 0 6 5 | Fdo. P/Comp. | Tarifa Elect.,879.9985431962162,Régimen de la Energía Eléctrica | L E Y Nº 2 4 . 0 6 5 | Fdo. P/Comp. | Tarifa Elect.
Tucumán,informacion_consolidada_2026_6.xlsx,marzo,2026,month,2026-03,Subtotal,207943.5369713793,Subtotal
Tucumán,informacion_consolidada_2026_6.xlsx,marzo,2026,month,2026-03,Subtotal,207948.1869713793,Subtotal
Tucumán,informacion_consolidada_2026_6.xlsx,marzo,2026,month,2026-03,Total | (1) + (2),224599.86617874005,Total | (1) + (2)
Tucumán,informacion_consolidada_2026_6.xlsx,marzo,2026,month,2026-03,Total | Recursos | Origen Nacional | (1),216520.78475574005,Total | Recursos | Origen Nacional | (1)
Tucumán,informacion_consolidada_2026_6.xlsx,marzo,2026,month,2026-03,Transfer. | De Servicios | Ley | Nº 24.049,4.65,Transfer. | De Servicios | Ley | Nº 24.049
Tucumán,informacion_consolidada_2026_6.xlsx,marzo,2026,month,2026-03,Vialidad | Provincial,982.8081999999999,Vialidad | Provincial
Tucumán,informacion_consolidada_2026_6.xlsx,abril,2026,month,2026-04,C.F.I. | Neta De | Ley Nº 26.075,186530.14740000002,CFI | Neta
Tucumán,informacion_consolidada_2026_6.xlsx,abril,2026,month,2026-04,Compensación | Consenso Fiscal | II. a y b; II. d y e | (2),19053.0128409,Compensación Consenso Fiscal
Tucumán,informacion_consolidada_2026_6.xlsx,abril,2026,month,2026-04,F.E.D.E.I.,0.0,F.E.D.E.I.
Tucumán,informacion_consolidada_2026_6.xlsx,abril,2026,month,2026-04,F.E.D.E.I.,0.0,F.E.D.E.I.
Tucumán,informacion_consolidada_2026_6.xlsx,abril,2026,month,2026-04,Financ. | Educativo | Ley Nº 26.075,46236.25896143923,Financiamiento Educativo
Tucumán,informacion_consolidada_2026_6.xlsx,abril,2026,month,2026-04,Fondo | Compens. | de | Desequilib.,2.2,Fondo | Compens. | de | Desequilib.
Tucumán,informacion_consolidada_2026_6.xlsx,abril,2026,month,2026-04,I.V.A. | Ley Nº 23.966 | Art. 5 | Punto 2,0.0,I.V.A. | Ley Nº 23.966 | Art. 5 | Punto 2
Tucumán,informacion_consolidada_2026_6.xlsx,abril,2026,month,2026-04,Impuesto a los Combustibles Líquidos | Ley Nº 23.966 y Nº 24.699 | Obras de | Infraestr.,769.6195,Impuesto a los Combustibles Líquidos | Ley Nº 23.966 y Nº 24.699 | Obras de | Infraestr.
Tucumán,informacion_consolidada_2026_6.xlsx,abril,2026,month,2026-04,Impuesto s/ | Los Activos | Fdo. Educ. | Ley Nº 23.906,0.0,Impuesto s/ | Los Activos | Fdo. Educ. | Ley Nº 23.906
Tucumán,informacion_consolidada_2026_6.xlsx,abril,2026,month,2026-04,Impuesto sobre los | Bienes Personales | Ley | Nº 24.699,1604.7024,Impuesto sobre los | Bienes Personales | Ley | Nº 24.699
Tucumán,informacion_consolidada_2026_6.xlsx,abril,2026,month,2026-04,Ley Nº 23.966 | Art. 30,0.0,Ley Nº 23.966 | Art. 30
Tucumán,informacion_consolidada_2026_6.xlsx,abril,2026,month,2026-04,Ley Nº 24.464 | FO.NA.VI.,3316.6043999999997,Ley Nº 24.464 | FO.NA.VI.
Tucumán,informacion_consolidada_2026_6.xlsx,abril,2026,month,2026-04,Reg.Simplif. | P/Peq.Contrib. | Ley Nº 24.977 | Aart. 59 Inc. A,1523.9863,Reg.Simplif. | P/Peq.Contrib. | Ley Nº 24.977 | Aart. 59 Inc. A
Tucumán,informacion_consolidada_2026_6.xlsx,abril,2026,month,2026-04,Régimen de la Energía Eléctrica | L E Y Nº 2 4 . 0 6 5 | Fdo. P/Comp. | Tarifa Elect.,0.0,Régimen de la Energía Eléctrica | L E Y Nº 2 4 . 0 6 5 | Fdo. P/Comp. | Tarifa Elect.
Tucumán,informacion_consolidada_2026_6.xlsx,abril,2026,month,2026-04,Subtotal,232766.40636143924,Subtotal
Tucumán,informacion_consolidada_2026_6.xlsx,abril,2026,month,2026-04,Subtotal,232771.05636143923,Subtotal
Tucumán,informacion_consolidada_2026_6.xlsx,abril,2026,month,2026-04,Total | (1) + (2),260111.39680233924,Total | (1) + (2)
Tucumán,informacion_consolidada_2026_6.xlsx,abril,2026,month,2026-04,Total | Recursos | Origen Nacional | (1),241058.38396143925,Total | Recursos | Origen Nacional | (1)
Tucumán,informacion_consolidada_2026_6.xlsx,abril,2026,month,2026-04,Transfer. | De Servicios | Ley | Nº 24.049,4.65,Transfer. | De Servicios | Ley | Nº 24.049
Tucumán,informacion_consolidada_2026_6.xlsx,abril,2026,month,2026-04,Vialidad | Provincial,1070.215,Vialidad | Provincial
Tucumán,informacion_consolidada_2026_6.xlsx,mayo,2026,month,2026-05,C.F.I. | Neta De | Ley Nº 26.075,308349.4247,CFI | Neta
Tucumán,informacion_consolidada_2026_6.xlsx,mayo,2026,month,2026-05,Compensación | Consenso Fiscal | II. a y b; II. d y e | (2),15396.552334,Compensación Consenso Fiscal
Tucumán,informacion_consolidada_2026_6.xlsx,mayo,2026,month,2026-05,F.E.D.E.I.,178.4645231410255,F.E.D.E.I.
Tucumán,informacion_consolidada_2026_6.xlsx,mayo,2026,month,2026-05,F.E.D.E.I.,220.94798405034499,F.E.D.E.I.
Tucumán,informacion_consolidada_2026_6.xlsx,mayo,2026,month,2026-05,Financ. | Educativo | Ley Nº 26.075,36603.70501113937,Financiamiento Educativo
Tucumán,informacion_consolidada_2026_6.xlsx,mayo,2026,month,2026-05,Fondo | Compens. | de | Desequilib.,2.2,Fondo | Compens. | de | Desequilib.
Tucumán,informacion_consolidada_2026_6.xlsx,mayo,2026,month,2026-05,I.V.A. | Ley Nº 23.966 | Art. 5 | Punto 2,0.0,I.V.A. | Ley Nº 23.966 | Art. 5 | Punto 2
Tucumán,informacion_consolidada_2026_6.xlsx,mayo,2026,month,2026-05,Impuesto a los Combustibles Líquidos | Ley Nº 23.966 y Nº 24.699 | Obras de | Infraestr.,709.104,Impuesto a los Combustibles Líquidos | Ley Nº 23.966 y Nº 24.699 | Obras de | Infraestr.
Tucumán,informacion_consolidada_2026_6.xlsx,mayo,2026,month,2026-05,Impuesto s/ | Los Activos | Fdo. Educ. | Ley Nº 23.906,0.0,Impuesto s/ | Los Activos | Fdo. Educ. | Ley Nº 23.906
Tucumán,informacion_consolidada_2026_6.xlsx,mayo,2026,month,2026-05,Impuesto sobre los | Bienes Personales | Ley | Nº 24.699,1768.8818999999999,Impuesto sobre los | Bienes Personales | Ley | Nº 24.699
Tucumán,informacion_consolidada_2026_6.xlsx,mayo,2026,month,2026-05,Ley Nº 23.966 | Art. 30,0.0,Ley Nº 23.966 | Art. 30
Tucumán,informacion_consolidada_2026_6.xlsx,mayo,2026,month,2026-05,Ley Nº 24.464 | FO.NA.VI.,3055.8185,Ley Nº 24.464 | FO.NA.VI.
Tucumán,informacion_consolidada_2026_6.xlsx,mayo,2026,month,2026-05,Reg.Simplif. | P/Peq.Contrib. | Ley Nº 24.977 | Aart. 59 Inc. A,1492.2728,Reg.Simplif. | P/Peq.Contrib. | Ley Nº 24.977 | Aart. 59 Inc. A
Tucumán,informacion_consolidada_2026_6.xlsx,mayo,2026,month,2026-05,Régimen de la Energía Eléctrica | L E Y Nº 2 4 . 0 6 5 | Fdo. P/Comp. | Tarifa Elect.,519.1317353039053,Régimen de la Energía Eléctrica | L E Y Nº 2 4 . 0 6 5 | Fdo. P/Comp. | Tarifa Elect.
Tucumán,informacion_consolidada_2026_6.xlsx,mayo,2026,month,2026-05,Subtotal,344953.12971113937,Subtotal
Tucumán,informacion_consolidada_2026_6.xlsx,mayo,2026,month,2026-05,Subtotal,344957.7797111394,Subtotal
Tucumán,informacion_consolidada_2026_6.xlsx,mayo,2026,month,2026-05,Total | (1) + (2),369287.2169876346,Total | (1) + (2)
Tucumán,informacion_consolidada_2026_6.xlsx,mayo,2026,month,2026-05,Total | Recursos | Origen Nacional | (1),353890.6646536346,Total | Recursos | Origen Nacional | (1)
Tucumán,informacion_consolidada_2026_6.xlsx,mayo,2026,month,2026-05,Transfer. | De Servicios | Ley | Nº 24.049,4.65,Transfer. | De Servicios | Ley | Nº 24.049
Tucumán,informacion_consolidada_2026_6.xlsx,mayo,2026,month,2026-05,Vialidad | Provincial,986.0635,Vialidad | Provincial
Tucumán,informacion_consolidada_2026_6.xlsx,junio,2026,month,2026-06,C.F.I. | Neta De | Ley Nº 26.075,205864.1752,CFI | Neta
Tucumán,informacion_consolidada_2026_6.xlsx,junio,2026,month,2026-06,Compensación | Consenso Fiscal | II. a y b; II. d y e | (2),16385.663106,Compensación Consenso Fiscal
Tucumán,informacion_consolidada_2026_6.xlsx,junio,2026,month,2026-06,F.E.D.E.I.,373.4212315961063,F.E.D.E.I.
Tucumán,informacion_consolidada_2026_6.xlsx,junio,2026,month,2026-06,F.E.D.E.I.,536.1749330698972,F.E.D.E.I.
Tucumán,informacion_consolidada_2026_6.xlsx,junio,2026,month,2026-06,Financ. | Educativo | Ley Nº 26.075,40456.72659125931,Financiamiento Educativo
Tucumán,informacion_consolidada_2026_6.xlsx,junio,2026,month,2026-06,Fondo | Compens. | de | Desequilib.,2.2,Fondo | Compens. | de | Desequilib.
Tucumán,informacion_consolidada_2026_6.xlsx,junio,2026,month,2026-06,I.V.A. | Ley Nº 23.966 | Art. 5 | Punto 2,0.0,I.V.A. | Ley Nº 23.966 | Art. 5 | Punto 2
Tucumán,informacion_consolidada_2026_6.xlsx,junio,2026,month,2026-06,Impuesto a los Combustibles Líquidos | Ley Nº 23.966 y Nº 24.699 | Obras de | Infraestr.,879.6772,Impuesto a los Combustibles Líquidos | Ley Nº 23.966 y Nº 24.699 | Obras de | Infraestr.
Tucumán,informacion_consolidada_2026_6.xlsx,junio,2026,month,2026-06,Impuesto s/ | Los Activos | Fdo. Educ. | Ley Nº 23.906,0.0,Impuesto s/ | Los Activos | Fdo. Educ. | Ley Nº 23.906
Tucumán,informacion_consolidada_2026_6.xlsx,junio,2026,month,2026-06,Impuesto sobre los | Bienes Personales | Ley | Nº 24.699,42534.614799999996,Impuesto sobre los | Bienes Personales | Ley | Nº 24.699
Tucumán,informacion_consolidada_2026_6.xlsx,junio,2026,month,2026-06,Ley Nº 23.966 | Art. 30,0.0,Ley Nº 23.966 | Art. 30
Tucumán,informacion_consolidada_2026_6.xlsx,junio,2026,month,2026-06,Ley Nº 24.464 | FO.NA.VI.,3790.8878999999997,Ley Nº 24.464 | FO.NA.VI.
Tucumán,informacion_consolidada_2026_6.xlsx,junio,2026,month,2026-06,Reg.Simplif. | P/Peq.Contrib. | Ley Nº 24.977 | Aart. 59 Inc. A,1520.8251,Reg.Simplif. | P/Peq.Contrib. | Ley Nº 24.977 | Aart. 59 Inc. A
Tucumán,informacion_consolidada_2026_6.xlsx,junio,2026,month,2026-06,Régimen de la Energía Eléctrica | L E Y Nº 2 4 . 0 6 5 | Fdo. P/Comp. | Tarifa Elect.,876.5146187591444,Régimen de la Energía Eléctrica | L E Y Nº 2 4 . 0 6 5 | Fdo. P/Comp. | Tarifa Elect.
Tucumán,informacion_consolidada_2026_6.xlsx,junio,2026,month,2026-06,Subtotal,246320.9017912593,Subtotal
Tucumán,informacion_consolidada_2026_6.xlsx,junio,2026,month,2026-06,Subtotal,246325.5517912593,Subtotal
Tucumán,informacion_consolidada_2026_6.xlsx,junio,2026,month,2026-06,Total | (1) + (2),314448.78928068443,Total | (1) + (2)
Tucumán,informacion_consolidada_2026_6.xlsx,junio,2026,month,2026-06,Total | Recursos | Origen Nacional | (1),298063.12617468444,Total | Recursos | Origen Nacional | (1)
Tucumán,informacion_consolidada_2026_6.xlsx,junio,2026,month,2026-06,Transfer. | De Servicios | Ley | Nº 24.049,4.65,Transfer. | De Servicios | Ley | Nº 24.049
Tucumán,informacion_consolidada_2026_6.xlsx,junio,2026,month,2026-06,Vialidad | Provincial,1223.2586000000001,Vialidad | Provincial
Tucumán,informacion_consolidada_2026_6.xlsx,julio,2026,month,2026-07,C.F.I. | Neta De | Ley Nº 26.075,263590.1871,CFI | Neta
Tucumán,informacion_consolidada_2026_6.xlsx,julio,2026,month,2026-07,Compensación | Consenso Fiscal | II. a y b; II. d y e | (2),10024.542444,Compensación Consenso Fiscal
Tucumán,informacion_consolidada_2026_6.xlsx,julio,2026,month,2026-07,F.E.D.E.I.,222.32319286877865,F.E.D.E.I.
Tucumán,informacion_consolidada_2026_6.xlsx,julio,2026,month,2026-07,F.E.D.E.I.,272.37602169177694,F.E.D.E.I.
Tucumán,informacion_consolidada_2026_6.xlsx,julio,2026,month,2026-07,Financ. | Educativo | Ley Nº 26.075,40456.72659125931,Financiamiento Educativo
Tucumán,informacion_consolidada_2026_6.xlsx,julio,2026,month,2026-07,Fondo | Compens. | de | Desequilib.,2.2,Fondo | Compens. | de | Desequilib.
Tucumán,informacion_consolidada_2026_6.xlsx,julio,2026,month,2026-07,I.V.A. | Ley Nº 23.966 | Art. 5 | Punto 2,0.0,I.V.A. | Ley Nº 23.966 | Art. 5 | Punto 2
Tucumán,informacion_consolidada_2026_6.xlsx,julio,2026,month,2026-07,Impuesto a los Combustibles Líquidos | Ley Nº 23.966 y Nº 24.699 | Obras de | Infraestr.,791.3456,Impuesto a los Combustibles Líquidos | Ley Nº 23.966 y Nº 24.699 | Obras de | Infraestr.
Tucumán,informacion_consolidada_2026_6.xlsx,julio,2026,month,2026-07,Impuesto s/ | Los Activos | Fdo. Educ. | Ley Nº 23.906,0.0,Impuesto s/ | Los Activos | Fdo. Educ. | Ley Nº 23.906
Tucumán,informacion_consolidada_2026_6.xlsx,julio,2026,month,2026-07,Impuesto sobre los | Bienes Personales | Ley | Nº 24.699,4292.9134,Impuesto sobre los | Bienes Personales | Ley | Nº 24.699
Tucumán,informacion_consolidada_2026_6.xlsx,julio,2026,month,2026-07,Ley Nº 23.966 | Art. 30,0.0,Ley Nº 23.966 | Art. 30
Tucumán,informacion_consolidada_2026_6.xlsx,julio,2026,month,2026-07,Ley Nº 24.464 | FO.NA.VI.,3410.2312,Ley Nº 24.464 | FO.NA.VI.
Tucumán,informacion_consolidada_2026_6.xlsx,julio,2026,month,2026-07,Reg.Simplif. | P/Peq.Contrib. | Ley Nº 24.977 | Aart. 59 Inc. A,1508.8411,Reg.Simplif. | P/Peq.Contrib. | Ley Nº 24.977 | Aart. 59 Inc. A
Tucumán,informacion_consolidada_2026_6.xlsx,julio,2026,month,2026-07,Régimen de la Energía Eléctrica | L E Y Nº 2 4 . 0 6 5 | Fdo. P/Comp. | Tarifa Elect.,544.7157952071774,Régimen de la Energía Eléctrica | L E Y Nº 2 4 . 0 6 5 | Fdo. P/Comp. | Tarifa Elect.
Tucumán,informacion_consolidada_2026_6.xlsx,julio,2026,month,2026-07,Subtotal,304046.9136912593,Subtotal
Tucumán,informacion_consolidada_2026_6.xlsx,julio,2026,month,2026-07,Subtotal,304051.5636912593,Subtotal
Tucumán,informacion_consolidada_2026_6.xlsx,julio,2026,month,2026-07,Total | (1) + (2),326221.4792450271,Total | (1) + (2)
Tucumán,informacion_consolidada_2026_6.xlsx,julio,2026,month,2026-07,Total | Recursos | Origen Nacional | (1),316196.9368010271,Total | Recursos | Origen Nacional | (1)
Tucumán,informacion_consolidada_2026_6.xlsx,julio,2026,month,2026-07,Transfer. | De Servicios | Ley | Nº 24.049,4.65,Transfer. | De Servicios | Ley | Nº 24.049
Tucumán,informacion_consolidada_2026_6.xlsx,julio,2026,month,2026-07,Vialidad | Provincial,1100.4268,Vialidad | Provincial
Tucumán,informacion_consolidada_2026_6.xlsx,agosto,2026,month,2026-08,C.F.I. | Neta De | Ley Nº 26.075,249593.4955,CFI | Neta
Tucumán,informacion_consolidada_2026_6.xlsx,agosto,2026,month,2026-08,Compensación | Consenso Fiscal | II. a y b; II. d y e | (2),9547.18328,Compensación Consenso Fiscal
Tucumán,informacion_consolidada_2026_6.xlsx,agosto,2026,month,2026-08,F.E.D.E.I.,0.0,F.E.D.E.I.
Tucumán,informacion_consolidada_2026_6.xlsx,agosto,2026,month,2026-08,F.E.D.E.I.,0.0,F.E.D.E.I.
Tucumán,informacion_consolidada_2026_6.xlsx,agosto,2026,month,2026-08,Financ. | Educativo | Ley Nº 26.075,38530.215801199556,Financiamiento Educativo
Tucumán,informacion_consolidada_2026_6.xlsx,agosto,2026,month,2026-08,Fondo | Compens. | de | Desequilib.,2.2,Fondo | Compens. | de | Desequilib.
Tucumán,informacion_consolidada_2026_6.xlsx,agosto,2026,month,2026-08,I.V.A. | Ley Nº 23.966 | Art. 5 | Punto 2,0.0,I.V.A. | Ley Nº 23.966 | Art. 5 | Punto 2
Tucumán,informacion_consolidada_2026_6.xlsx,agosto,2026,month,2026-08,Impuesto a los Combustibles Líquidos | Ley Nº 23.966 y Nº 24.699 | Obras de | Infraestr.,862.5745,Impuesto a los Combustibles Líquidos | Ley Nº 23.966 y Nº 24.699 | Obras de | Infraestr.
Tucumán,informacion_consolidada_2026_6.xlsx,agosto,2026,month,2026-08,Impuesto s/ | Los Activos | Fdo. Educ. | Ley Nº 23.906,0.01669387,Impuesto s/ | Los Activos | Fdo. Educ. | Ley Nº 23.906
Tucumán,informacion_consolidada_2026_6.xlsx,agosto,2026,month,2026-08,Impuesto sobre los | Bienes Personales | Ley | Nº 24.699,3459.2032000000004,Impuesto sobre los | Bienes Personales | Ley | Nº 24.699
Tucumán,informacion_consolidada_2026_6.xlsx,agosto,2026,month,2026-08,Ley Nº 23.966 | Art. 30,0.0,Ley Nº 23.966 | Art. 30
Tucumán,informacion_consolidada_2026_6.xlsx,agosto,2026,month,2026-08,Ley Nº 24.464 | FO.NA.VI.,3717.1854,Ley Nº 24.464 | FO.NA.VI.
Tucumán,informacion_consolidada_2026_6.xlsx,agosto,2026,month,2026-08,Reg.Simplif. | P/Peq.Contrib. | Ley Nº 24.977 | Aart. 59 Inc. A,1776.4195,Reg.Simplif. | P/Peq.Contrib. | Ley Nº 24.977 | Aart. 59 Inc. A
Tucumán,informacion_consolidada_2026_6.xlsx,agosto,2026,month,2026-08,Régimen de la Energía Eléctrica | L E Y Nº 2 4 . 0 6 5 | Fdo. P/Comp. | Tarifa Elect.,0.0,Régimen de la Energía Eléctrica | L E Y Nº 2 4 . 0 6 5 | Fdo. P/Comp. | Tarifa Elect.
Tucumán,informacion_consolidada_2026_6.xlsx,agosto,2026,month,2026-08,Subtotal,288123.71130119957,Subtotal
Tucumán,informacion_consolidada_2026_6.xlsx,agosto,2026,month,2026-08,Subtotal,288128.3613011996,Subtotal
Tucumán,informacion_consolidada_2026_6.xlsx,agosto,2026,month,2026-08,Total | (1) + (2),308692.61987506965,Total | (1) + (2)
Tucumán,informacion_consolidada_2026_6.xlsx,agosto,2026,month,2026-08,Total | Recursos | Origen Nacional | (1),299145.43659506965,Total | Recursos | Origen Nacional | (1)
Tucumán,informacion_consolidada_2026_6.xlsx,agosto,2026,month,2026-08,Transfer. | De Servicios | Ley | Nº 24.049,4.65,Transfer. | De Servicios | Ley | Nº 24.049
Tucumán,informacion_consolidada_2026_6.xlsx,agosto,2026,month,2026-08,Vialidad | Provincial,1199.476,Vialidad | Provincial
Tucumán,informacion_consolidada_2026_6.xlsx,septiembre,2026,month,2026-09,C.F.I. | Neta De | Ley Nº 26.075,253759.5896,CFI | Neta
Tucumán,informacion_consolidada_2026_6.xlsx,septiembre,2026,month,2026-09,Compensación | Consenso Fiscal | II. a y b; II. d y e | (2),10501.901607999998,Compensación Consenso Fiscal
Tucumán,informacion_consolidada_2026_6.xlsx,septiembre,2026,month,2026-09,F.E.D.E.I.,417.5544591014219,F.E.D.E.I.
Tucumán,informacion_consolidada_2026_6.xlsx,septiembre,2026,month,2026-09,F.E.D.E.I.,614.8805594773941,F.E.D.E.I.
Tucumán,informacion_consolidada_2026_6.xlsx,septiembre,2026,month,2026-09,Financ. | Educativo | Ley Nº 26.075,42383.237381319945,Financiamiento Educativo
Tucumán,informacion_consolidada_2026_6.xlsx,septiembre,2026,month,2026-09,Fondo | Compens. | de | Desequilib.,2.2,Fondo | Compens. | de | Desequilib.
Tucumán,informacion_consolidada_2026_6.xlsx,septiembre,2026,month,2026-09,I.V.A. | Ley Nº 23.966 | Art. 5 | Punto 2,0.0,I.V.A. | Ley Nº 23.966 | Art. 5 | Punto 2
Tucumán,informacion_consolidada_2026_6.xlsx,septiembre,2026,month,2026-09,Impuesto a los Combustibles Líquidos | Ley Nº 23.966 y Nº 24.699 | Obras de | Infraestr.,853.1455,Impuesto a los Combustibles Líquidos | Ley Nº 23.966 y Nº 24.699 | Obras de | Infraestr.
Tucumán,informacion_consolidada_2026_6.xlsx,septiembre,2026,month,2026-09,Impuesto s/ | Los Activos | Fdo. Educ. | Ley Nº 23.906,0.0,Impuesto s/ | Los Activos | Fdo. Educ. | Ley Nº 23.906
Tucumán,informacion_consolidada_2026_6.xlsx,septiembre,2026,month,2026-09,Impuesto sobre los | Bienes Personales | Ley | Nº 24.699,2334.8428,Impuesto sobre los | Bienes Personales | Ley | Nº 24.699
Tucumán,informacion_consolidada_2026_6.xlsx,septiembre,2026,month,2026-09,Ley Nº 23.966 | Art. 30,0.0,Ley Nº 23.966 | Art. 30
Tucumán,informacion_consolidada_2026_6.xlsx,septiembre,2026,month,2026-09,Ley Nº 24.464 | FO.NA.VI.,3676.5519,Ley Nº 24.464 | FO.NA.VI.
Tucumán,informacion_consolidada_2026_6.xlsx,septiembre,2026,month,2026-09,Reg.Simplif. | P/Peq.Contrib. | Ley Nº 24.977 | Aart. 59 Inc. A,1832.2905,Reg.Simplif. | P/Peq.Contrib. | Ley Nº 24.977 | Aart. 59 Inc. A
Tucumán,informacion_consolidada_2026_6.xlsx,septiembre,2026,month,2026-09,Régimen de la Energía Eléctrica | L E Y Nº 2 4 . 0 6 5 | Fdo. P/Comp. | Tarifa Elect.,1046.7530161311565,Régimen de la Energía Eléctrica | L E Y Nº 2 4 . 0 6 5 | Fdo. P/Comp. | Tarifa Elect.
Tucumán,informacion_consolidada_2026_6.xlsx,septiembre,2026,month,2026-09,Subtotal,296142.82698131993,Subtotal
Tucumán,informacion_consolidada_2026_6.xlsx,septiembre,2026,month,2026-09,Subtotal,296147.47698131995,Subtotal
Tucumán,informacion_consolidada_2026_6.xlsx,septiembre,2026,month,2026-09,Total | (1) + (2),318613.9615240299,Total | (1) + (2)
Tucumán,informacion_consolidada_2026_6.xlsx,septiembre,2026,month,2026-09,Total | Recursos | Origen Nacional | (1),308112.0599160299,Total | Recursos | Origen Nacional | (1)
Tucumán,informacion_consolidada_2026_6.xlsx,septiembre,2026,month,2026-09,Transfer. | De Servicios | Ley | Nº 24.049,4.65,Transfer. | De Servicios | Ley | Nº 24.049
Tucumán,informacion_consolidada_2026_6.xlsx,septiembre,2026,month,2026-09,Vialidad | Provincial,1186.3642,Vialidad | Provincial
Tucumán,informacion_consolidada_2026_6.xlsx,CONS,2026,consolidated,CONS,C.F.I. | Neta De | Ley Nº 26.075,2044620.9453999999,CFI | Neta
Tucumán,informacion_consolidada_2026_6.xlsx,CONS,2026,consolidated,CONS,Compensación | Consenso Fiscal | II. a y b; II. d y e | (2),113991.94539290002,Compensación Consenso Fiscal
Tucumán,informacion_consolidada_2026_6.xlsx,CONS,2026,consolidated,CONS,F.E.D.E.I.,1692.3252877985772,F.E.D.E.I.
Tucumán,informacion_consolidada_2026_6.xlsx,CONS,2026,consolidated,CONS,F.E.D.E.I.,2252.6055136567043,F.E.D.E.I.
Tucumán,informacion_consolidada_2026_6.xlsx,CONS,2026,consolidated,CONS,Financ. | Educativo | Ley Nº 26.075,350624.9639,Financiamiento Educativo
Tucumán,informacion_consolidada_2026_6.xlsx,CONS,2026,consolidated,CONS,Fondo | Compens. | de | Desequilib.,19.8,Fondo | Compens. | de | Desequilib.
Tucumán,informacion_consolidada_2026_6.xlsx,CONS,2026,consolidated,CONS,I.V.A. | Ley Nº 23.966 | Art. 5 | Punto 2,0.0,I.V.A. | Ley Nº 23.966 | Art. 5 | Punto 2
Tucumán,informacion_consolidada_2026_6.xlsx,CONS,2026,consolidated,CONS,Impuesto a los Combustibles Líquidos | Ley Nº 23.966 y Nº 24.699 | Obras de | Infraestr.,6713.5264,Impuesto a los Combustibles Líquidos | Ley Nº 23.966 y Nº 24.699 | Obras de | Infraestr.
Tucumán,informacion_consolidada_2026_6.xlsx,CONS,2026,consolidated,CONS,Impuesto s/ | Los Activos | Fdo. Educ. | Ley Nº 23.906,0.0167,Impuesto s/ | Los Activos | Fdo. Educ. | Ley Nº 23.906
Tucumán,informacion_consolidada_2026_6.xlsx,CONS,2026,consolidated,CONS,Impuesto sobre los | Bienes Personales | Ley | Nº 24.699,60218.98619999999,Impuesto sobre los | Bienes Personales | Ley | Nº 24.699
Tucumán,informacion_consolidada_2026_6.xlsx,CONS,2026,consolidated,CONS,Ley Nº 23.966 | Art. 30,0.0,Ley Nº 23.966 | Art. 30
Tucumán,informacion_consolidada_2026_6.xlsx,CONS,2026,consolidated,CONS,Ley Nº 24.464 | FO.NA.VI.,28931.324299999997,Ley Nº 24.464 | FO.NA.VI.
Tucumán,informacion_consolidada_2026_6.xlsx,CONS,2026,consolidated,CONS,Reg.Simplif. | P/Peq.Contrib. | Ley Nº 24.977 | Aart. 59 Inc. A,13557.4175,Reg.Simplif. | P/Peq.Contrib. | Ley Nº 24.977 | Aart. 59 Inc. A
Tucumán,informacion_consolidada_2026_6.xlsx,CONS,2026,consolidated,CONS,Régimen de la Energía Eléctrica | L E Y Nº 2 4 . 0 6 5 | Fdo. P/Comp. | Tarifa Elect.,4198.2065,Régimen de la Energía Eléctrica | L E Y Nº 2 4 . 0 6 5 | Fdo. P/Comp. | Tarifa Elect.
Tucumán,informacion_consolidada_2026_6.xlsx,CONS,2026,consolidated,CONS,Subtotal,2395245.9093,Subtotal
Tucumán,informacion_consolidada_2026_6.xlsx,CONS,2026,consolidated,CONS,Subtotal,2395287.7593,Subtotal
Tucumán,informacion_consolidada_2026_6.xlsx,CONS,2026,consolidated,CONS,Total | (1) + (2),2636199.586594355,Total | (1) + (2)
Tucumán,informacion_consolidada_2026_6.xlsx,CONS,2026,consolidated,CONS,Total | Recursos | Origen Nacional | (1),2522207.6412014547,Total | Recursos | Origen Nacional | (1)
Tucumán,informacion_consolidada_2026_6.xlsx,CONS,2026,consolidated,CONS,Transfer. | De Servicios | Ley | Nº 24.049,41.85,Transfer. | De Servicios | Ley | Nº 24.049
Tucumán,informacion_consolidada_2026_6.xlsx,CONS,2026,consolidated,CONS,Vialidad | Provincial,9335.6735,Vialidad | Provincial
