impacto_presupuestario_mes,finalidad_id,finalidad_desc,funcion_id,funcion_desc,credito_comprometido,credito_devengado,credito_pagado,anio,periodo,mes_completo,ipc,credito_comprometido_real_agosto2026,credito_devengado_real_agosto2026,credito_pagado_real_agosto2026
1,1,ADMINISTRACION GUBERNAMENTAL,1,Legislativa,31543.985566,27619.89122537,21004.18314511,2025,2025-01,True,7864.1257,49243.63422893,43117.69094933,32789.84229533
1,1,ADMINISTRACION GUBERNAMENTAL,2,Judicial,370722.04908561,182009.27502242,50124.51395077,2025,2025-01,True,7864.1257,578737.93238892,284136.51619021,78249.88461684
1,1,ADMINISTRACION GUBERNAMENTAL,3,Dirección Superior Ejecutiva,18873.27543143,11460.7290095,8780.5287855,2025,2025-01,True,7864.1257,29463.26075704,17891.45972566,13707.37210569
1,1,ADMINISTRACION GUBERNAMENTAL,4,Relaciones Exteriores,67020.04367251,63352.23887265,16371.92770876,2025,2025-01,True,7864.1257,104625.66658582,98899.81949495,25558.38158199
1,1,ADMINISTRACION GUBERNAMENTAL,5,Relaciones Interiores,118777.19731871,98562.00750309,90746.99530282,2025,2025-01,True,7864.1257,185424.28150883,153866.14466319,141666.0502433
1,1,ADMINISTRACION GUBERNAMENTAL,6,Administración Fiscal,9396.0944515,5403.67549238,4817.33001046,2025,2025-01,True,7864.1257,14668.33787956,8435.73234846,7520.38249887
1,1,ADMINISTRACION GUBERNAMENTAL,7,Control de la Gestión Pública,7608.89472521,7107.24379988,1075.603337,2025,2025-01,True,7864.1257,11878.3223493,11095.19002679,1679.13522506
1,1,ADMINISTRACION GUBERNAMENTAL,8,Información y Estadística Básicas,9034.97860397,1606.59202664,1410.34924116,2025,2025-01,True,7864.1257,14104.59628538,2508.06702753,2201.71043451
1,2,SERVICIOS DE DEFENSA Y SEGURIDAD,1,Defensa,139217.27597629,133163.03878047,97991.76708626,2025,2025-01,True,7864.1257,217333.49459538,207882.16380579,152975.93659325
1,2,SERVICIOS DE DEFENSA Y SEGURIDAD,2,Seguridad Interior,203060.22655291,174200.37630405,125982.55792542,2025,2025-01,True,7864.1257,316999.36908397,271945.96558862,196672.64267302
1,2,SERVICIOS DE DEFENSA Y SEGURIDAD,3,Sistema Penal,29698.78237712,29468.63240792,21441.91706024,2025,2025-01,True,7864.1257,46363.06890782,46003.77946808,33473.19312813
1,2,SERVICIOS DE DEFENSA Y SEGURIDAD,4,Inteligencia,15471.41468384,15447.94894565,13477.76964444,2025,2025-01,True,7864.1257,24152.58161024,24115.94900952,21040.28221811
1,3,SERVICIOS SOCIALES,1,Salud,399233.49712495,325590.86938188,166144.56079412,2025,2025-01,True,7864.1257,623247.4416787,508283.19226102,259369.95069168
1,3,SERVICIOS SOCIALES,2,Promoción y Asistencia Social,222828.20701162,220812.84084057,211353.2008468,2025,2025-01,True,7864.1257,347859.36288903,344713.15441905,329945.61495211
1,3,SERVICIOS SOCIALES,3,Seguridad Social,4833340.07211532,4825047.71759361,4500462.98168133,2025,2025-01,True,7864.1257,7545375.96770394,7532430.68936841,7025718.18222132
1,3,SERVICIOS SOCIALES,4,Educación y Cultura,368233.89220809,362406.85780058,326815.80980812,2025,2025-01,True,7864.1257,574853.64557537,565757.00335169,510195.45912329
1,3,SERVICIOS SOCIALES,5,"Ciencia, Tecnología e Innovación",88597.71049574,80118.17818453,14695.63030372,2025,2025-01,True,7864.1257,138310.78003903,125073.29656719,22941.49678473
1,3,SERVICIOS SOCIALES,6,Trabajo,98456.05492553,89632.01412578,87070.49417869,2025,2025-01,True,7864.1257,153700.74102502,139925.44187473,135926.62723285
1,3,SERVICIOS SOCIALES,7,Vivienda y Urbanismo,2349.33120662,2265.21080942,1388.52821384,2025,2025-01,True,7864.1257,3667.56465759,3536.24345653,2167.64540853
1,3,SERVICIOS SOCIALES,8,Agua Potable y Alcantarillado,3631.05829011,3499.67861301,2721.17713566,2025,2025-01,True,7864.1257,5668.48174363,5463.38360374,4248.05709032
1,4,SERVICIOS ECONOMICOS,1,"Energía, Combustibles y Minería",2352780.59953082,145592.90736404,139163.57990425,2025,2025-01,True,7864.1257,3672949.53967732,227286.5571017,217249.66911538
1,4,SERVICIOS ECONOMICOS,2,Comunicaciones,10945.53083087,7905.75806958,874.77097082,2025,2025-01,True,7864.1257,17087.17864929,12341.75871233,1365.61379129
1,4,SERVICIOS ECONOMICOS,3,Transporte,102417.79595278,89092.76759805,1234.95069185,2025,2025-01,True,7864.1257,159885.45492705,139083.61867787,1927.89398895
1,4,SERVICIOS ECONOMICOS,4,Ecología y Desarrollo Sostenible,27383.87548082,6441.39935832,4089.7176269,2025,2025-01,True,7864.1257,42749.2443885,10055.73354895,6384.49946337
1,4,SERVICIOS ECONOMICOS,5,"Agricultura, Ganadería y Pesca",19538.71899789,10921.09291506,7022.11897559,2025,2025-01,True,7864.1257,30502.09142471,17049.02837228,10962.30080446
1,4,SERVICIOS ECONOMICOS,6,Industria,8753.23818634,8354.94949997,6139.31968198,2025,2025-01,True,7864.1257,13664.76847591,13042.99598784,9584.15391744
1,4,SERVICIOS ECONOMICOS,7,"Comercio, Turismo y Otros Servicios",4184.95801225,2008.76599594,1557.14252607,2025,2025-01,True,7864.1257,6533.18019017,3135.90487,2430.87091312
1,4,SERVICIOS ECONOMICOS,8,Seguros y Finanzas,5553.25442136,3934.57192488,2284.57365715,2025,2025-01,True,7864.1257,8669.24152414,6142.29994212,3566.47099354
1,5,DEUDA PUBLICA,1,Servicio de la Deuda Pública,119128.98611408,119128.98611408,61712.05199473,2025,2025-01,True,7864.1257,185973.46254776,185973.46254776,96339.30720603
2,1,ADMINISTRACION GUBERNAMENTAL,1,Legislativa,31142.59872929,31020.16588329,30046.43988266,2025,2025-02,True,8052.9927,47476.80911612,47290.1605673,45805.71786343
2,1,ADMINISTRACION GUBERNAMENTAL,2,Judicial,173044.61434553,190345.64040902,189995.53976645,2025,2025-02,True,8052.9927,263806.05534143,290181.4236615,289647.69616101
2,1,ADMINISTRACION GUBERNAMENTAL,3,Dirección Superior Ejecutiva,40090.14640502,32650.9144795,28768.84677413,2025,2025-02,True,8052.9927,61117.32180264,49776.23247452,43858.03055997
2,1,ADMINISTRACION GUBERNAMENTAL,4,Relaciones Exteriores,30010.94800013,31419.72413489,68960.03276761,2025,2025-02,True,8052.9927,45751.6105827,47899.28606152,105129.38694708
2,1,ADMINISTRACION GUBERNAMENTAL,5,Relaciones Interiores,157042.71553854,151895.85757344,149511.10755842,2025,2025-02,True,8052.9927,239411.20307625,231564.83176726,227929.28669804
2,1,ADMINISTRACION GUBERNAMENTAL,6,Administración Fiscal,5963.52800867,4467.26579579,4610.69432925,2025,2025-02,True,8052.9927,9091.38262312,6810.33485039,7028.99126901
2,1,ADMINISTRACION GUBERNAMENTAL,7,Control de la Gestión Pública,7044.22236396,6911.73711455,7238.02477061,2025,2025-02,True,8052.9927,10738.8982998,10536.92488866,11034.34955442
2,1,ADMINISTRACION GUBERNAMENTAL,8,Información y Estadística Básicas,439.94940736,3479.22405163,2585.46499663,2025,2025-02,True,8052.9927,670.70170398,5304.06783349,3941.53452602
2,2,SERVICIOS DE DEFENSA Y SEGURIDAD,1,Defensa,176393.13902078,152639.91250941,142750.53361533,2025,2025-02,True,8052.9927,268910.87232248,232699.14154256,217622.80966311
2,2,SERVICIOS DE DEFENSA Y SEGURIDAD,2,Seguridad Interior,198840.76391725,190186.26506391,186496.81210798,2025,2025-02,True,8052.9927,303132.21690532,289938.45637083,284313.89513064
2,2,SERVICIOS DE DEFENSA Y SEGURIDAD,3,Sistema Penal,35819.57480115,35837.7832519,31038.34900927,2025,2025-02,True,8052.9927,54606.84672584,54634.60546069,47317.88069461
2,2,SERVICIOS DE DEFENSA Y SEGURIDAD,4,Inteligencia,28562.10022598,15528.96765722,15961.59869846,2025,2025-02,True,8052.9927,43542.84599599,23673.86998243,24333.41485668
2,3,SERVICIOS SOCIALES,1,Salud,634315.13962276,574373.32719915,592750.36776665,2025,2025-02,True,8052.9927,967011.74700009,875630.61303475,903646.36261065
2,3,SERVICIOS SOCIALES,2,Promoción y Asistencia Social,217727.18219778,216420.176559,220110.73185011,2025,2025-02,True,8052.9927,331924.51145293,329931.98482516,335558.22657241
2,3,SERVICIOS SOCIALES,3,Seguridad Social,4904286.57724519,4906086.46444117,4980272.63964019,2025,2025-02,True,8052.9927,7476571.87194273,7479315.79519643,7592412.42241098
2,3,SERVICIOS SOCIALES,4,Educación y Cultura,423682.19537833,416764.16108726,392560.11497174,2025,2025-02,True,8052.9927,645902.38248025,635355.85756269,598456.85349263
2,3,SERVICIOS SOCIALES,5,"Ciencia, Tecnología e Innovación",108138.02806129,102631.69883413,129457.99107599,2025,2025-02,True,8052.9927,164856.13680115,156461.75250713,197358.36383783
2,3,SERVICIOS SOCIALES,6,Trabajo,89906.20808332,90221.90443942,90333.1054487,2025,2025-02,True,8052.9927,137061.77562861,137543.05388568,137712.57952922
2,3,SERVICIOS SOCIALES,7,Vivienda y Urbanismo,1317.82451418,1311.75937503,1751.98381108,2025,2025-02,True,8052.9927,2009.01997461,1999.77368607,2670.89467055
2,3,SERVICIOS SOCIALES,8,Agua Potable y Alcantarillado,3740.55455893,3796.80026193,3382.89389289,2025,2025-02,True,8052.9927,5702.46549835,5788.21192331,5157.21276214
2,4,SERVICIOS ECONOMICOS,1,"Energía, Combustibles y Minería",-208553.96140269,133232.28240643,131549.17527425,2025,2025-02,True,8052.9927,-317939.96069484,203112.26095482,200546.36859847
2,4,SERVICIOS ECONOMICOS,2,Comunicaciones,9135.26020347,8662.70275664,11298.93034272,2025,2025-02,True,8052.9927,13926.6799369,13206.26736329,17225.18932221
2,4,SERVICIOS ECONOMICOS,3,Transporte,155943.08532907,145944.70168448,154907.49021774,2025,2025-02,True,8052.9927,237734.81974012,222492.3104078,236156.05774118
2,4,SERVICIOS ECONOMICOS,4,Ecología y Desarrollo Sostenible,20806.68503137,26640.21660966,23558.04054043,2025,2025-02,True,8052.9927,31719.73611324,40612.93952323,35914.17028521
2,4,SERVICIOS ECONOMICOS,5,"Agricultura, Ganadería y Pesca",110445.81637916,19102.9477341,16823.54636925,2025,2025-02,True,8052.9927,168374.3539673,29122.39312495,25647.45179335
2,4,SERVICIOS ECONOMICOS,6,Industria,12884.87897316,6267.36216815,5408.64255258,2025,2025-02,True,8052.9927,19642.9638005,9554.57699293,8245.46121787
2,4,SERVICIOS ECONOMICOS,7,"Comercio, Turismo y Otros Servicios",6104.19339239,3529.08477663,3601.14193312,2025,2025-02,True,8052.9927,9305.8266273,5380.08037644,5489.93132028
2,4,SERVICIOS ECONOMICOS,8,Seguros y Finanzas,19119.56032889,18512.99904317,18347.23090465,2025,2025-02,True,8052.9927,29147.71898162,28223.01791124,27970.30482399
2,5,DEUDA PUBLICA,1,Servicio de la Deuda Pública,1413387.26543592,1413387.26543592,1306535.79307186,2025,2025-02,True,8052.9927,2154705.13528923,2154705.13528923,1991810.34923422
3,1,ADMINISTRACION GUBERNAMENTAL,1,Legislativa,41331.79832843,31230.76829363,31179.99112686,2025,2025-03,True,8353.3158,60744.83816802,45899.47794636,45824.85136579
3,1,ADMINISTRACION GUBERNAMENTAL,2,Judicial,194081.59317453,199765.63278012,189435.23220268,2025,2025-03,True,8353.3158,285239.34223951,293593.10568427,278410.64238323
3,1,ADMINISTRACION GUBERNAMENTAL,3,Dirección Superior Ejecutiva,33610.55474888,29012.28268226,26378.61670762,2025,2025-03,True,8353.3158,49397.02097486,42638.99679406,38768.330143
3,1,ADMINISTRACION GUBERNAMENTAL,4,Relaciones Exteriores,105162.64181553,68261.87483216,27687.44454141,2025,2025-03,True,8353.3158,154556.24765331,100323.64202437,40691.89839236
3,1,ADMINISTRACION GUBERNAMENTAL,5,Relaciones Interiores,190266.9208471,167015.95946925,147184.51565175,2025,2025-03,True,8353.3158,279632.96500539,245461.31162304,216315.2813497
3,1,ADMINISTRACION GUBERNAMENTAL,6,Administración Fiscal,6362.97858802,6035.91045203,3644.26355677,2025,2025-03,True,8353.3158,9351.59175811,8870.90372143,5355.92954941
3,1,ADMINISTRACION GUBERNAMENTAL,7,Control de la Gestión Pública,7101.40724605,7192.10361743,5913.64021225,2025,2025-03,True,8353.3158,10436.85131962,10570.14666666,8691.20464642
3,1,ADMINISTRACION GUBERNAMENTAL,8,Información y Estadística Básicas,15900.42330798,3029.85824056,2604.01530506,2025,2025-03,True,8353.3158,23368.65753992,4452.94557552,3827.08942485
3,2,SERVICIOS DE DEFENSA Y SEGURIDAD,1,Defensa,300154.00130164,152217.22727964,141584.62264916,2025,2025-03,True,8353.3158,441132.66230686,223711.79603685,208085.18713755
3,2,SERVICIOS DE DEFENSA Y SEGURIDAD,2,Seguridad Interior,1151742.96408774,222431.47779882,205317.68481065,2025,2025-03,True,8353.3158,1692702.53882316,326904.82071446,301752.88860528
3,2,SERVICIOS DE DEFENSA Y SEGURIDAD,3,Sistema Penal,214550.60048832,47051.72476999,41446.22814643,2025,2025-03,True,8353.3158,315322.39178059,69151.3440564,60913.01427109
3,2,SERVICIOS DE DEFENSA Y SEGURIDAD,4,Inteligencia,70436.48581183,17832.01364282,16557.73366872,2025,2025-03,True,8353.3158,103519.64116742,26207.49221545,24334.69853267
3,3,SERVICIOS SOCIALES,1,Salud,722019.58551104,606917.34511859,597500.21602767,2025,2025-03,True,8353.3158,1061143.34845763,891978.99442066,878138.75504637
3,3,SERVICIOS SOCIALES,2,Promoción y Asistencia Social,319132.51868765,234543.73262555,101091.19955376,2025,2025-03,True,8353.3158,469025.1570423,344706.05339863,148572.49878914
3,3,SERVICIOS SOCIALES,3,Seguridad Social,5507778.13572115,5505681.79882449,5443395.36624427,2025,2025-03,True,8353.3158,8094714.11965112,8091633.15896992,8000091.55129334
3,3,SERVICIOS SOCIALES,4,Educación y Cultura,788237.55073126,584848.32980419,200494.62479556,2025,2025-03,True,8353.3158,1158463.08153953,859544.43270262,294664.49632766
3,3,SERVICIOS SOCIALES,5,"Ciencia, Tecnología e Innovación",186880.04557439,109890.37701753,56499.02745533,2025,2025-03,True,8353.3158,274655.31586704,161504.54221975,83035.92919313
3,3,SERVICIOS SOCIALES,6,Trabajo,140683.70984253,92256.4368292,90677.4210164,2025,2025-03,True,8353.3158,206761.12661138,135588.15613626,133267.49592082
3,3,SERVICIOS SOCIALES,7,Vivienda y Urbanismo,1913.18749315,1960.74890215,2052.78096509,2025,2025-03,True,8353.3158,2811.78824432,2881.68866505,3016.94706163
3,3,SERVICIOS SOCIALES,8,Agua Potable y Alcantarillado,3797.96705024,3864.00276508,3919.10962592,2025,2025-03,True,8353.3158,5581.82569268,5678.87757461,5759.86745356
3,4,SERVICIOS ECONOMICOS,1,"Energía, Combustibles y Minería",120202.01044834,195505.71602157,158181.72905847,2025,2025-03,True,8353.3158,176659.42367507,287332.35815881,232477.7513052
3,4,SERVICIOS ECONOMICOS,2,Comunicaciones,14044.41748663,8896.42112297,5313.78485699,2025,2025-03,True,8353.3158,20640.90849883,13074.96124643,7809.60457207
3,4,SERVICIOS ECONOMICOS,3,Transporte,462996.11410713,363316.67180739,214375.93922002,2025,2025-03,True,8353.3158,680459.72256939,533962.06613883,315065.69425214
3,4,SERVICIOS ECONOMICOS,4,Ecología y Desarrollo Sostenible,23875.79467619,19611.7226461,11068.81102898,2025,2025-03,True,8353.3158,35089.96323396,28823.10875677,16267.6961047
3,4,SERVICIOS ECONOMICOS,5,"Agricultura, Ganadería y Pesca",18275.87155818,27016.36261966,12707.01780547,2025,2025-03,True,8353.3158,26859.82476154,39705.61750493,18675.34855507
3,4,SERVICIOS ECONOMICOS,6,Industria,14197.12074564,6505.37439868,5201.36430514,2025,2025-03,True,8353.3158,20865.33460976,9560.86913833,7644.38146286
3,4,SERVICIOS ECONOMICOS,7,"Comercio, Turismo y Otros Servicios",5807.41571534,4468.50027066,3777.51059125,2025,2025-03,True,8353.3158,8535.08780333,6567.30016047,5551.76108526
3,4,SERVICIOS ECONOMICOS,8,Seguros y Finanzas,45882.02157778,24477.63371524,4646.2585852,2025,2025-03,True,8353.3158,67432.24559011,35974.4787041,6828.54937988
3,5,DEUDA PUBLICA,1,Servicio de la Deuda Pública,405227.57462747,405227.57462747,568223.60339404,2025,2025-03,True,8353.3158,595558.00709091,595558.00709091,835111.27575776
4,1,ADMINISTRACION GUBERNAMENTAL,1,Legislativa,32080.00468064,32213.99398413,33012.40815719,2025,2025-04,True,8585.6078,45871.96619244,46063.56070313,47205.23223089
4,1,ADMINISTRACION GUBERNAMENTAL,2,Judicial,187705.70542117,205783.37233424,196832.5635979,2025,2025-04,True,8585.6078,268404.87895576,294254.56737476,281455.59181862
4,1,ADMINISTRACION GUBERNAMENTAL,3,Dirección Superior Ejecutiva,25188.85285276,21767.6991138,25521.83770151,2025,2025-04,True,8585.6078,36018.14332606,31126.15374517,36494.2863278
4,1,ADMINISTRACION GUBERNAMENTAL,4,Relaciones Exteriores,6258.39362985,30604.7746008,69765.75910389,2025,2025-04,True,8585.6078,8949.02678056,43762.49940706,99759.72805686
4,1,ADMINISTRACION GUBERNAMENTAL,5,Relaciones Interiores,148586.79462557,150628.83488452,164455.81741168,2025,2025-04,True,8585.6078,212467.8125069,215387.77472806,235159.30784795
4,1,ADMINISTRACION GUBERNAMENTAL,6,Administración Fiscal,4454.12587219,4271.46883985,6745.90418154,2025,2025-04,True,8585.6078,6369.06114759,6107.87548706,9646.12978189
4,1,ADMINISTRACION GUBERNAMENTAL,7,Control de la Gestión Pública,7597.13181239,7608.39937677,8184.85654015,2025,2025-04,True,8585.6078,10863.32053648,10879.43229635,11703.72218575
4,1,ADMINISTRACION GUBERNAMENTAL,8,Información y Estadística Básicas,2342.50965652,2368.00875733,3285.16117379,2025,2025-04,True,8585.6078,3349.61060134,3386.07237564,4697.5305584
4,2,SERVICIOS DE DEFENSA Y SEGURIDAD,1,Defensa,47447.95033198,146620.17493375,149107.06418675,2025,2025-04,True,8585.6078,67846.95935043,209655.69595908,213211.75839965
4,2,SERVICIOS DE DEFENSA Y SEGURIDAD,2,Seguridad Interior,29053.57585029,217783.29881841,214281.6125383,2025,2025-04,True,8585.6078,41544.40320198,311413.54934728,306406.40435909
4,2,SERVICIOS DE DEFENSA Y SEGURIDAD,3,Sistema Penal,4979.96627738,33744.81787871,42139.53095646,2025,2025-04,True,8585.6078,7120.97292346,48252.52241426,60256.32348384
4,2,SERVICIOS DE DEFENSA Y SEGURIDAD,4,Inteligencia,-13242.52003483,20226.06422909,18679.76240193,2025,2025-04,True,8585.6078,-18935.7962191,28921.73314061,26710.63916338
4,3,SERVICIOS SOCIALES,1,Salud,533653.77049064,522906.13793417,609507.34611796,2025,2025-04,True,8585.6078,763084.29384945,747715.99692471,871549.13640141
4,3,SERVICIOS SOCIALES,2,Promoción y Asistencia Social,218187.78728014,227914.45217842,242023.54381144,2025,2025-04,True,8585.6078,311991.93707591,325900.32792002,346075.2555997
4,3,SERVICIOS SOCIALES,3,Seguridad Social,5129356.94044837,5130516.38106911,5195127.92330097,2025,2025-04,True,8585.6078,7334590.20668992,7336248.11857261,7428637.70861184
4,3,SERVICIOS SOCIALES,4,Educación y Cultura,431105.77504038,476762.53359638,828912.29513639,2025,2025-04,True,8585.6078,616448.46174075,681734.15311725,1185281.52216695
4,3,SERVICIOS SOCIALES,5,"Ciencia, Tecnología e Innovación",95202.31246849,99499.44112563,147484.8549338,2025,2025-04,True,8585.6078,136132.06427092,142276.63134462,210892.12257823
4,3,SERVICIOS SOCIALES,6,Trabajo,81552.0692018,87115.4600411,90629.72732378,2025,2025-04,True,8585.6078,116613.25484799,124568.48051071,129593.61537547
4,3,SERVICIOS SOCIALES,7,Vivienda y Urbanismo,2005.12525293,1856.72928213,1814.25196623,2025,2025-04,True,8585.6078,2867.17657088,2654.98162193,2594.24229167
4,3,SERVICIOS SOCIALES,8,Agua Potable y Alcantarillado,4377.32483293,4256.42671153,3828.3490237,2025,2025-04,True,8585.6078,6259.24150412,6086.3663879,5474.24786051
4,4,SERVICIOS ECONOMICOS,1,"Energía, Combustibles y Minería",38446.23633611,252001.94126152,294851.40208717,2025,2025-04,True,8585.6078,54975.1931458,360343.60484221,421615.07403076
4,4,SERVICIOS ECONOMICOS,2,Comunicaciones,3594.38227237,4422.66690407,11059.32382577,2025,2025-04,True,8585.6078,5139.69320523,6324.07721643,15813.99172778
4,4,SERVICIOS ECONOMICOS,3,Transporte,257134.89734693,261823.926115,256140.94441992,2025,2025-04,True,8585.6078,367683.34155239,374388.29597075,366262.06448219
4,4,SERVICIOS ECONOMICOS,4,Ecología y Desarrollo Sostenible,34375.99028668,11237.38321806,16919.33501323,2025,2025-04,True,8585.6078,49155.05094093,16068.60311281,24193.36192285
4,4,SERVICIOS ECONOMICOS,5,"Agricultura, Ganadería y Pesca",14721.66957007,24099.1809815,29508.73496562,2025,2025-04,True,8585.6078,21050.86752752,34459.99544744,42195.24611047
4,4,SERVICIOS ECONOMICOS,6,Industria,9620.60276528,9644.92856935,7189.52342524,2025,2025-04,True,8585.6078,13756.73006264,13791.51411186,10280.47155184
4,4,SERVICIOS ECONOMICOS,7,"Comercio, Turismo y Otros Servicios",5418.37249091,3516.7095386,3718.51326994,2025,2025-04,True,8585.6078,7747.86045686,5028.62710493,5317.19108843
4,4,SERVICIOS ECONOMICOS,8,Seguros y Finanzas,318.79016923,1598.20843097,22924.83886554,2025,2025-04,True,8585.6078,455.84568989,2285.31647186,32780.77556023
4,5,DEUDA PUBLICA,1,Servicio de la Deuda Pública,295004.37428813,295004.37428813,284582.83582846,2025,2025-04,True,8585.6078,421833.81264071,421833.81264071,406931.80546663
5,1,ADMINISTRACION GUBERNAMENTAL,1,Legislativa,31912.75629867,31559.90711543,33359.37164161,2025,2025-05,True,8714.4871,44957.94611869,44460.86042607,46995.90404478
5,1,ADMINISTRACION GUBERNAMENTAL,2,Judicial,205593.90053498,217190.14695801,218386.87910917,2025,2025-05,True,8714.4871,289635.88779599,305972.40905998,307658.33737864
5,1,ADMINISTRACION GUBERNAMENTAL,3,Dirección Superior Ejecutiva,21824.46281851,24207.27310467,22244.22707074,2025,2025-05,True,8714.4871,30745.79375974,34102.64126779,31337.14783953
5,1,ADMINISTRACION GUBERNAMENTAL,4,Relaciones Exteriores,20621.85298012,31944.78063788,37677.25335602,2025,2025-05,True,8714.4871,29051.58509252,45003.06126021,53078.83500964
5,1,ADMINISTRACION GUBERNAMENTAL,5,Relaciones Interiores,257060.60137869,261637.13180822,263771.63763877,2025,2025-05,True,8714.4871,362140.97453256,368588.28376953,371595.3257568
5,1,ADMINISTRACION GUBERNAMENTAL,6,Administración Fiscal,5067.39001515,5221.88630609,3906.23536299,2025,2025-05,True,8714.4871,7138.82076281,7356.47153101,5503.01319424
5,1,ADMINISTRACION GUBERNAMENTAL,7,Control de la Gestión Pública,7286.79118844,7267.44780269,7711.68705052,2025,2025-05,True,8714.4871,10265.46132719,10238.21081689,10864.04469914
5,1,ADMINISTRACION GUBERNAMENTAL,8,Información y Estadística Básicas,347.88255255,2757.99756388,2824.91564486,2025,2025-05,True,8714.4871,490.08881924,3885.40258673,3979.67521711
5,2,SERVICIOS DE DEFENSA Y SEGURIDAD,1,Defensa,141410.31448367,164903.27382896,172131.52289275,2025,2025-05,True,8714.4871,199215.55003535,232311.8827535,242494.87130206
5,2,SERVICIOS DE DEFENSA Y SEGURIDAD,2,Seguridad Interior,39647.56705969,223323.33464986,222948.86019955,2025,2025-05,True,8714.4871,55854.56696139,314612.70071029,314085.14984624
5,2,SERVICIOS DE DEFENSA Y SEGURIDAD,3,Sistema Penal,15873.66778518,38203.35691975,34118.62179052,2025,2025-05,True,8714.4871,22362.45262907,53819.99742914,48065.51793102
5,2,SERVICIOS DE DEFENSA Y SEGURIDAD,4,Inteligencia,16989.52851219,27269.44149058,30310.57701991,2025,2025-05,True,8714.4871,23934.45117321,38416.55260819,42700.83335121
5,3,SERVICIOS SOCIALES,1,Salud,502623.71171979,558038.21994658,505287.5070357,2025,2025-05,True,8714.4871,708084.55208286,786151.21770514,711837.24474165
5,3,SERVICIOS SOCIALES,2,Promoción y Asistencia Social,318557.34120329,327304.90778186,445737.87773718,2025,2025-05,True,8714.4871,448776.14604937,461099.51364659,627945.11708164
5,3,SERVICIOS SOCIALES,3,Seguridad Social,5082147.34560437,5072578.92846552,4958593.68485773,2025,2025-05,True,8714.4871,7159610.54546813,7146130.7827631,6985551.03238102
5,3,SERVICIOS SOCIALES,4,Educación y Cultura,523240.37079211,520536.26847995,476582.0763503,2025,2025-05,True,8714.4871,737128.82011931,733319.34390511,671397.70407679
5,3,SERVICIOS SOCIALES,5,"Ciencia, Tecnología e Innovación",104608.53168056,113721.84014962,118946.13614711,2025,2025-05,True,8714.4871,147370.05750411,160208.67373896,167568.53998696
5,3,SERVICIOS SOCIALES,6,Trabajo,81806.24736531,93237.09865614,90516.72576514,2025,2025-05,True,8714.4871,115246.73164552,131350.24810816,127517.8502823
5,3,SERVICIOS SOCIALES,7,Vivienda y Urbanismo,1295.34989856,1329.11795211,1359.00493698,2025,2025-05,True,8714.4871,1824.85869911,1872.43034469,1914.53443131
5,3,SERVICIOS SOCIALES,8,Agua Potable y Alcantarillado,9787.40857683,3935.16240015,2475.94225169,2025,2025-05,True,8714.4871,13788.27273083,5543.76492894,3488.04964707
5,4,SERVICIOS ECONOMICOS,1,"Energía, Combustibles y Minería",38248.49944813,470097.82814839,461071.71332857,2025,2025-05,True,8714.4871,53883.59316934,662262.84657487,649547.06671767
5,4,SERVICIOS ECONOMICOS,2,Comunicaciones,9836.41142369,9558.46761367,9326.1142247,2025,2025-05,True,8714.4871,13857.30679759,13465.74604621,13138.41201577
5,4,SERVICIOS ECONOMICOS,3,Transporte,180042.08788387,189773.29206776,203389.07306587,2025,2025-05,True,8714.4871,253639.09060141,267348.18389548,286529.77832586
5,4,SERVICIOS ECONOMICOS,4,Ecología y Desarrollo Sostenible,5314.91082683,7409.60938332,11592.07298557,2025,2025-05,True,8714.4871,7487.52230431,10438.48473313,16330.64182271
5,4,SERVICIOS ECONOMICOS,5,"Agricultura, Ganadería y Pesca",21907.84730933,23670.60628174,31212.85092099,2025,2025-05,True,8714.4871,30863.26388393,33346.59757532,43971.93576084
5,4,SERVICIOS ECONOMICOS,6,Industria,6143.31811846,8258.69048904,11246.62741744,2025,2025-05,True,8714.4871,8654.56315885,11634.65037436,15843.98617024
5,4,SERVICIOS ECONOMICOS,7,"Comercio, Turismo y Otros Servicios",2636.31380962,4466.47695065,4707.88287517,2025,2025-05,True,8714.4871,3713.97735425,6292.26846495,6632.35549616
5,4,SERVICIOS ECONOMICOS,8,Seguros y Finanzas,8495.77654117,13195.45865847,8575.22955602,2025,2025-05,True,8714.4871,11968.65167019,18589.45413009,12080.5832228
5,5,DEUDA PUBLICA,1,Servicio de la Deuda Pública,1196188.40767815,1196188.40767815,1198110.74767088,2025,2025-05,True,8714.4871,1685162.30553342,1685162.30553342,1687870.45324107
6,1,ADMINISTRACION GUBERNAMENTAL,1,Legislativa,49785.14342876,53277.82888874,34796.66793016,2025,2025-06,True,8855.5681,69018.7856103,73860.81060741,48239.76789906
6,1,ADMINISTRACION GUBERNAMENTAL,2,Judicial,284111.41939051,311674.04860808,261705.15497066,2025,2025-06,True,8855.5681,393873.02704895,432084.008595,362810.48401271
6,1,ADMINISTRACION GUBERNAMENTAL,3,Dirección Superior Ejecutiva,30865.20578507,25001.43331105,18074.82812887,2025,2025-06,True,8855.5681,42789.45231816,34660.31122547,25057.73011088
6,1,ADMINISTRACION GUBERNAMENTAL,4,Relaciones Exteriores,192328.97134286,74761.45857907,33609.16644151,2025,2025-06,True,8855.5681,266631.99351344,103644.27470147,46593.49543678
6,1,ADMINISTRACION GUBERNAMENTAL,5,Relaciones Interiores,210285.69052888,211008.14723175,198091.20871786,2025,2025-06,True,8855.5681,291525.98530313,292527.55084767,274620.37315103
6,1,ADMINISTRACION GUBERNAMENTAL,6,Administración Fiscal,13617.58264015,11646.01661628,9299.87328829,2025,2025-06,True,8855.5681,18878.50374713,16145.25677129,12892.72093001
6,1,ADMINISTRACION GUBERNAMENTAL,7,Control de la Gestión Pública,11107.5965471,11198.98605526,5988.76165368,2025,2025-06,True,8855.5681,15398.82727921,15525.52356722,8302.41771299
6,1,ADMINISTRACION GUBERNAMENTAL,8,Información y Estadística Básicas,3053.79096693,6700.87860958,2513.89607446,2025,2025-06,True,8855.5681,4233.57109228,9289.64892543,3485.09700405
6,2,SERVICIOS DE DEFENSA Y SEGURIDAD,1,Defensa,695165.73272494,260749.41510799,168304.63987008,2025,2025-06,True,8855.5681,963731.17291963,361485.51033306,233326.27077863
6,2,SERVICIOS DE DEFENSA Y SEGURIDAD,2,Seguridad Interior,96927.18455052,302722.90735918,218973.14622599,2025,2025-06,True,8855.5681,134373.35135682,419674.74638791,303569.69153682
6,2,SERVICIOS DE DEFENSA Y SEGURIDAD,3,Sistema Penal,20352.90516873,64574.96784302,39935.34722365,2025,2025-06,True,8855.5681,28215.90341298,89522.40677436,55363.68841131
6,2,SERVICIOS DE DEFENSA Y SEGURIDAD,4,Inteligencia,47072.23241451,33542.90679085,19107.80002253,2025,2025-06,True,8855.5681,65257.78763426,46501.63749868,26489.77310122
6,3,SERVICIOS SOCIALES,1,Salud,676980.23181442,653061.64831011,588743.64746591,2025,2025-06,True,8855.5681,938520.01348297,905360.89264307,816194.72769065
6,3,SERVICIOS SOCIALES,2,Promoción y Asistencia Social,237260.76623656,238823.52002977,29515.1221575,2025,2025-06,True,8855.5681,328922.42204845,331088.91915153,40917.78687683
6,3,SERVICIOS SOCIALES,3,Seguridad Social,7681285.25310382,7692710.76025923,7789852.44004552,2025,2025-06,True,8855.5681,10648818.97657208,10664658.5338082,10799329.24698167
6,3,SERVICIOS SOCIALES,4,Educación y Cultura,761949.79587209,715670.77476357,240778.498455,2025,2025-06,True,8855.5681,1056316.12134171,992157.98869087,333799.17019253
6,3,SERVICIOS SOCIALES,5,"Ciencia, Tecnología e Innovación",147309.36919325,148138.41969469,54758.86904539,2025,2025-06,True,8855.5681,204219.8348848,205369.17492639,75914.02540227
6,3,SERVICIOS SOCIALES,6,Trabajo,90226.91508925,94266.01420516,14104.00849507,2025,2025-06,True,8855.5681,125084.54691378,130684.08317581,19552.85194588
6,3,SERVICIOS SOCIALES,7,Vivienda y Urbanismo,2360.49514589,2488.96495024,2250.31426749,2025,2025-06,True,8855.5681,3272.43223958,3450.53416463,3119.6848555
6,3,SERVICIOS SOCIALES,8,Agua Potable y Alcantarillado,76378.32475825,11009.81054082,12465.09308086,2025,2025-06,True,8855.5681,105885.78958916,15263.26331497,17280.76947677
6,4,SERVICIOS ECONOMICOS,1,"Energía, Combustibles y Minería",267471.25438441,310226.92883451,272365.65723694,2025,2025-06,True,8855.5681,370804.21772194,430077.81874547,377589.48975099
6,4,SERVICIOS ECONOMICOS,2,Comunicaciones,38672.46649673,39244.98481894,9078.74692663,2025,2025-06,True,8855.5681,53612.91522598,54406.61625037,12586.16616493
6,4,SERVICIOS ECONOMICOS,3,Transporte,366457.66160933,378186.33044487,319638.73231969,2025,2025-06,True,8855.5681,508032.33735901,524292.17762668,443125.71219744
6,4,SERVICIOS ECONOMICOS,4,Ecología y Desarrollo Sostenible,10175.56735751,22871.7916387,16199.56963256,2025,2025-06,True,8855.5681,14106.72448732,31707.91876685,22457.99743549
6,4,SERVICIOS ECONOMICOS,5,"Agricultura, Ganadería y Pesca",24833.30451066,34500.12395223,15327.63672647,2025,2025-06,True,8855.5681,34427.22872676,47828.65920624,21249.20810263
6,4,SERVICIOS ECONOMICOS,6,Industria,9433.15394136,10469.86791838,6686.76013788,2025,2025-06,True,8855.5681,13077.49229324,14514.72305711,9270.07602266
6,4,SERVICIOS ECONOMICOS,7,"Comercio, Turismo y Otros Servicios",5151.75896075,6688.34388094,4014.4590338,2025,2025-06,True,8855.5681,7142.05328617,9272.27161788,5565.37690389
6,4,SERVICIOS ECONOMICOS,8,Seguros y Finanzas,1410.93201785,6483.98381832,5904.47983485,2025,2025-06,True,8855.5681,1956.02157077,8988.9605259,8185.57504901
6,5,DEUDA PUBLICA,1,Servicio de la Deuda Pública,1734993.49225349,1734993.49225349,451513.4043094,2025,2025-06,True,8855.5681,2405278.67612682,2405278.67612682,625947.91751078
7,1,ADMINISTRACION GUBERNAMENTAL,1,Legislativa,30879.2385343,32240.84644014,47668.26080187,2025,2025-07,True,9023.973,42010.0088668,43862.42372263,64850.82385458
7,1,ADMINISTRACION GUBERNAMENTAL,2,Judicial,259881.74713543,215432.11934933,260631.20653231,2025,2025-07,True,9023.973,353559.05843832,293087.06022678,354578.66894048
7,1,ADMINISTRACION GUBERNAMENTAL,3,Dirección Superior Ejecutiva,17431.38751143,24000.26304301,25595.63624233,2025,2025-07,True,9023.973,23714.72803976,32651.42895679,34821.87244667
7,1,ADMINISTRACION GUBERNAMENTAL,4,Relaciones Exteriores,6634.09421604,34943.85104689,75994.74287012,2025,2025-07,True,9023.973,9025.42841299,47539.75687223,103387.90635196
7,1,ADMINISTRACION GUBERNAMENTAL,5,Relaciones Interiores,226146.5588864,223893.90222718,217377.0047384,2025,2025-07,True,9023.973,307663.64052215,304598.98832476,295733.00152319
7,1,ADMINISTRACION GUBERNAMENTAL,6,Administración Fiscal,3191.80491374,5095.29093398,6749.66135488,2025,2025-07,True,9023.973,4342.32704859,6931.94610604,9182.65303244
7,1,ADMINISTRACION GUBERNAMENTAL,7,Control de la Gestión Pública,7545.84617084,7337.20672267,11035.91069161,2025,2025-07,True,9023.973,10265.83165878,9981.98576479,15013.92935881
7,1,ADMINISTRACION GUBERNAMENTAL,8,Información y Estadística Básicas,332.38825916,2044.40529414,5939.95254483,2025,2025-07,True,9023.973,452.20136173,2781.33427541,8081.07553557
7,2,SERVICIOS DE DEFENSA Y SEGURIDAD,1,Defensa,30145.70233586,163603.23289861,241079.7840203,2025,2025-07,True,9023.973,41012.06125982,222575.86621101,327979.71533689
7,2,SERVICIOS DE DEFENSA Y SEGURIDAD,2,Seguridad Interior,114429.91343384,224746.56197552,292173.33595101,2025,2025-07,True,9023.973,155677.46829778,305758.99891079,397490.51519879
7,2,SERVICIOS DE DEFENSA Y SEGURIDAD,3,Sistema Penal,10088.31159101,39411.07006162,66562.63810499,2025,2025-07,True,9023.973,13724.7574586,53617.23544121,90555.89288195
7,2,SERVICIOS DE DEFENSA Y SEGURIDAD,4,Inteligencia,14987.36897034,18196.04680134,32200.99646738,2025,2025-07,True,9023.973,20389.73540862,24755.01740809,43808.20937705
7,3,SERVICIOS SOCIALES,1,Salud,523578.11151473,498914.76580347,557922.42818376,2025,2025-07,True,9023.973,712307.75599486,678754.22873207,759031.86955057
7,3,SERVICIOS SOCIALES,2,Promoción y Asistencia Social,209272.22044181,216873.13514666,413441.44035202,2025,2025-07,True,9023.973,284706.75617763,295047.50644554,562471.07764005
7,3,SERVICIOS SOCIALES,3,Seguridad Social,5490272.21250639,5485927.22062399,5410935.43470826,2025,2025-07,True,9023.973,7469302.84800755,7463391.65472138,7361368.23248713
7,3,SERVICIOS SOCIALES,4,Educación y Cultura,435317.58992708,479334.57098357,688425.42197699,2025,2025-07,True,9023.973,592232.732436,652116.1315172,936576.14158007
7,3,SERVICIOS SOCIALES,5,"Ciencia, Tecnología e Innovación",92313.40492104,99227.78664406,140710.50722161,2025,2025-07,True,9023.973,125588.81446995,134995.56318786,191431.19897422
7,3,SERVICIOS SOCIALES,6,Trabajo,88503.60290572,89886.24747006,97455.04799513,2025,2025-07,True,9023.973,120405.7262838,122286.76069931,132583.82086859
7,3,SERVICIOS SOCIALES,7,Vivienda y Urbanismo,1019.70885201,769.12612538,1136.90105551,2025,2025-07,True,9023.973,1387.27442605,1046.3663251,1546.70988307
7,3,SERVICIOS SOCIALES,8,Agua Potable y Alcantarillado,12907.01882199,11912.50405451,11930.73431788,2025,2025-07,True,9023.973,17559.49955027,16206.50070111,16231.30226883
7,4,SERVICIOS ECONOMICOS,1,"Energía, Combustibles y Minería",429115.4580722,833592.26382107,857082.26723393,2025,2025-07,True,9023.973,583794.97209657,1134070.01132888,1166027.25180809
7,4,SERVICIOS ECONOMICOS,2,Comunicaciones,8603.25990735,9273.87688043,29915.6334944,2025,2025-07,True,9023.973,11704.40212085,12616.75055697,40699.06150567
7,4,SERVICIOS ECONOMICOS,3,Transporte,217333.25390198,196602.77172346,219412.97846189,2025,2025-07,True,9023.973,295673.48020359,267470.46155838,298502.86497307
7,4,SERVICIOS ECONOMICOS,4,Ecología y Desarrollo Sostenible,2748.74947964,7412.54137298,13782.13974429,2025,2025-07,True,9023.973,3739.56727864,10084.47564076,18750.06769412
7,4,SERVICIOS ECONOMICOS,5,"Agricultura, Ganadería y Pesca",13277.08967656,21049.92964418,34785.01956081,2025,2025-07,True,9023.973,18062.96662458,28637.61455825,47323.67278287
7,4,SERVICIOS ECONOMICOS,6,Industria,4996.92646395,6221.79309414,9171.48278786,2025,2025-07,True,9023.973,6798.1250517,8464.50869447,12477.44735712
7,4,SERVICIOS ECONOMICOS,7,"Comercio, Turismo y Otros Servicios",2743.17789385,3342.93871465,4872.24036764,2025,2025-07,True,9023.973,3731.98735182,4547.9387352,6628.49444355
7,4,SERVICIOS ECONOMICOS,8,Seguros y Finanzas,17667.07005456,19526.52443859,22619.1484132,2025,2025-07,True,9023.973,24035.36501776,26565.08073837,30772.475958
7,5,DEUDA PUBLICA,1,Servicio de la Deuda Pública,841263.96906983,841263.96906983,2128238.11723402,2025,2025-07,True,9023.973,1144507.06939189,1144507.06939189,2895385.58654405
8,1,ADMINISTRACION GUBERNAMENTAL,1,Legislativa,37666.87271565,37294.00291005,36430.54627239,2025,2025-08,True,9193.2441,50300.78362456,49802.84891271,48649.77879118
8,1,ADMINISTRACION GUBERNAMENTAL,2,Judicial,208599.19312915,235044.23490273,232150.32663653,2025,2025-08,True,9193.2441,278565.8091941,313880.82815617,310016.26911443
8,1,ADMINISTRACION GUBERNAMENTAL,3,Dirección Superior Ejecutiva,19656.95620256,21490.54483314,23883.23750831,2025,2025-08,True,9193.2441,26250.12987212,28698.72563581,31893.95549847
8,1,ADMINISTRACION GUBERNAMENTAL,4,Relaciones Exteriores,13652.67107439,44008.27315018,42918.74670465,2025,2025-08,True,9193.2441,18231.93708685,58769.16414401,57314.19774944
8,1,ADMINISTRACION GUBERNAMENTAL,5,Relaciones Interiores,118291.61474054,121893.334882,117334.08265547,2025,2025-08,True,9193.2441,157968.00978359,162777.78910558,156689.31020616
8,1,ADMINISTRACION GUBERNAMENTAL,6,Administración Fiscal,4779.64762047,5482.0867199,5620.95854595,2025,2025-08,True,9193.2441,6382.79749354,7320.84290592,7506.29397128
8,1,ADMINISTRACION GUBERNAMENTAL,7,Control de la Gestión Pública,7209.77908567,7249.84365105,7788.6281021,2025,2025-08,True,9193.2441,9628.02355552,9681.52624605,10401.02532146
8,1,ADMINISTRACION GUBERNAMENTAL,8,Información y Estadística Básicas,278.48489538,2812.52476007,3146.72431648,2025,2025-08,True,9193.2441,371.89199568,3755.8785531,4202.1725606
8,2,SERVICIOS DE DEFENSA Y SEGURIDAD,1,Defensa,47251.89574007,162539.96621515,162714.87075544,2025,2025-08,True,9193.2441,63100.73579546,217057.77733796,217291.34691254
8,2,SERVICIOS DE DEFENSA Y SEGURIDAD,2,Seguridad Interior,113860.97367338,233608.4815619,242823.61480593,2025,2025-08,True,9193.2441,152051.27973489,311963.50630467,324269.50332435
8,2,SERVICIOS DE DEFENSA Y SEGURIDAD,3,Sistema Penal,8021.52002467,44204.83975371,39123.54081402,2025,2025-08,True,9193.2441,10712.03192649,59031.66149192,52246.03528858
8,2,SERVICIOS DE DEFENSA Y SEGURIDAD,4,Inteligencia,7992.50405165,20098.81171221,17961.28874566,2025,2025-08,True,9193.2441,10673.28365578,26840.18890229,23985.71566145
8,3,SERVICIOS SOCIALES,1,Salud,492928.46830067,554709.2415795,531389.51630995,2025,2025-08,True,9193.2441,658262.45819642,740765.2274684,709623.79282308
8,3,SERVICIOS SOCIALES,2,Promoción y Asistencia Social,225320.73170095,234580.03217843,54525.74105566,2025,2025-08,True,9193.2441,300895.94793217,313260.92639344,72814.31414586
8,3,SERVICIOS SOCIALES,3,Seguridad Social,5933429.47656451,5931251.1744568,5916404.61419728,2025,2025-08,True,9193.2441,7923571.31703758,7920662.38685333,7900836.11614536
8,3,SERVICIOS SOCIALES,4,Educación y Cultura,482825.71149577,567758.39572121,546269.73222142,2025,2025-08,True,9193.2441,644771.11826249,758191.22096461,729495.00768342
8,3,SERVICIOS SOCIALES,5,"Ciencia, Tecnología e Innovación",94492.90276407,105579.49643603,105061.87046431,2025,2025-08,True,9193.2441,126186.93067176,140992.09789752,140300.85410357
8,3,SERVICIOS SOCIALES,6,Trabajo,83004.97766159,91690.12770134,89331.24564499,2025,2025-08,True,9193.2441,110845.82074641,122444.07197884,119293.99321313
8,3,SERVICIOS SOCIALES,7,Vivienda y Urbanismo,1985.96587148,2028.23750732,1993.1637489,2025,2025-08,True,9193.2441,2652.08211845,2708.53215676,2661.69424838
8,3,SERVICIOS SOCIALES,8,Agua Potable y Alcantarillado,-39779.85617393,15882.90299765,7422.83163855,2025,2025-08,True,9193.2441,-53122.48651822,21210.21495588,9912.53643356
8,4,SERVICIOS ECONOMICOS,1,"Energía, Combustibles y Minería",1011155.11682734,661108.02055651,641952.51340824,2025,2025-08,True,9193.2441,1350308.40299258,882851.40488062,857270.91595717
8,4,SERVICIOS ECONOMICOS,2,Comunicaciones,5830.81152792,7248.88483146,8704.58509336,2025,2025-08,True,9193.2441,7786.5341048,9680.24582713,11624.20503098
8,4,SERVICIOS ECONOMICOS,3,Transporte,187747.38171592,211110.11929452,258086.24220472,2025,2025-08,True,9193.2441,250720.05565903,281918.92944634,344651.39497021
8,4,SERVICIOS ECONOMICOS,4,Ecología y Desarrollo Sostenible,2877.11736994,8963.05980423,8179.72271089,2025,2025-08,True,9193.2441,3842.13628193,11969.37519156,10923.29764925
8,4,SERVICIOS ECONOMICOS,5,"Agricultura, Ganadería y Pesca",19064.21039346,24891.72049214,23467.65477066,2025,2025-08,True,9193.2441,25458.57016625,33240.69550371,31338.98143618
8,4,SERVICIOS ECONOMICOS,6,Industria,2606.50115854,5287.13121127,7502.70150124,2025,2025-08,True,9193.2441,3480.75221913,7060.49703304,10019.195585
8,4,SERVICIOS ECONOMICOS,7,"Comercio, Turismo y Otros Servicios",5313.44675053,4445.86481833,4841.95600315,2025,2025-08,True,9193.2441,7095.63911283,5937.06002457,6466.00483859
8,4,SERVICIOS ECONOMICOS,8,Seguros y Finanzas,661.82087836,4149.25478113,3792.3852601,2025,2025-08,True,9193.2441,883.80336355,5540.96350192,5064.39575776
8,5,DEUDA PUBLICA,1,Servicio de la Deuda Pública,1210263.35536337,1210263.35536337,1209159.49814152,2025,2025-08,True,9193.2441,1616199.88010227,1616199.88010227,1614725.77622092
9,1,ADMINISTRACION GUBERNAMENTAL,1,Legislativa,37169.52281285,39107.81490722,35726.77469915,2025,2025-09,True,9384.0922,48627.13666699,51162.91295468,46739.65723783
9,1,ADMINISTRACION GUBERNAMENTAL,2,Judicial,206999.60399566,226850.44422215,215527.73449558,2025,2025-09,True,9384.0922,270807.83587648,296777.75552028,281964.78748497
9,1,ADMINISTRACION GUBERNAMENTAL,3,Dirección Superior Ejecutiva,28557.96927362,28163.35493803,23601.36212162,2025,2025-09,True,9384.0922,37361.04662393,36844.79126805,30876.55085575
9,1,ADMINISTRACION GUBERNAMENTAL,4,Relaciones Exteriores,277226.46210283,249336.07277835,221221.724035,2025,2025-09,True,9384.0922,362682.32789148,326194.64468377,289413.9659129
9,1,ADMINISTRACION GUBERNAMENTAL,5,Relaciones Interiores,121080.86409009,124321.24098681,137450.72072298,2025,2025-09,True,9384.0922,158404.39371555,162643.62624492,179820.30641679
9,1,ADMINISTRACION GUBERNAMENTAL,6,Administración Fiscal,5179.88005277,5910.42003568,4921.66414285,2025,2025-09,True,9384.0922,6776.59319203,7732.32425612,6438.7814745
9,1,ADMINISTRACION GUBERNAMENTAL,7,Control de la Gestión Pública,8084.30952437,8216.97183249,7447.20299564,2025,2025-09,True,9384.0922,10576.32152232,10749.87737397,9742.82504726
9,1,ADMINISTRACION GUBERNAMENTAL,8,Información y Estadística Básicas,4556.42785514,4198.05343711,2681.53403399,2025,2025-09,True,9384.0922,5960.96003548,5492.11565748,3508.1247237
9,2,SERVICIOS DE DEFENSA Y SEGURIDAD,1,Defensa,361697.22233099,237856.2689597,209294.51567577,2025,2025-09,True,9384.0922,473191.44641477,311176.15784415,273810.1607777
9,2,SERVICIOS DE DEFENSA Y SEGURIDAD,2,Seguridad Interior,215712.28339765,230197.52863033,239661.10121467,2025,2025-09,True,9384.0922,282206.22412455,301156.58846285,313537.33490756
9,2,SERVICIOS DE DEFENSA Y SEGURIDAD,3,Sistema Penal,44115.66931968,48731.37965219,53470.6387833,2025,2025-09,True,9384.0922,57714.45310086,63752.96961033,69953.11919603
9,2,SERVICIOS DE DEFENSA Y SEGURIDAD,4,Inteligencia,28762.68680621,26620.22014663,29423.27958001,2025,2025-09,True,9384.0922,37628.86893323,34825.9806749,38493.09135692
9,3,SERVICIOS SOCIALES,1,Salud,628053.7700242,655930.07177351,603053.87437711,2025,2025-09,True,9384.0922,821653.17706543,858122.43016182,788946.99064457
9,3,SERVICIOS SOCIALES,2,Promoción y Asistencia Social,232372.76876912,249232.79864854,411473.62758638,2025,2025-09,True,9384.0922,304002.35272098,326059.53600213,538311.57381948
9,3,SERVICIOS SOCIALES,3,Seguridad Social,5862018.30328496,5868258.46505394,5863751.17339734,2025,2025-09,True,9384.0922,7669002.54849867,7677166.25833945,7671269.58087907
9,3,SERVICIOS SOCIALES,4,Educación y Cultura,546882.29065608,567911.11350324,534369.08179094,2025,2025-09,True,9384.0922,715460.35235339,742971.3711976,699089.9103466
9,3,SERVICIOS SOCIALES,5,"Ciencia, Tecnología e Innovación",146382.11092756,154125.86070812,127263.87467038,2025,2025-09,True,9384.0922,191504.82371046,201635.60695431,166493.33534698
9,3,SERVICIOS SOCIALES,6,Trabajo,88357.66895393,90253.8732683,164501.14315712,2025,2025-09,True,9384.0922,115594.17820435,118074.89303106,215209.10048949
9,3,SERVICIOS SOCIALES,7,Vivienda y Urbanismo,1384.83304032,1374.04941345,1304.41571669,2025,2025-09,True,9384.0922,1811.71186544,1797.60415412,1706.50566717
9,3,SERVICIOS SOCIALES,8,Agua Potable y Alcantarillado,26538.40071364,25501.27154673,28928.05720685,2025,2025-09,True,9384.0922,34718.94016297,33362.1129044,37845.21524236
9,4,SERVICIOS ECONOMICOS,1,"Energía, Combustibles y Minería",192439.93580825,594123.7989728,600740.20537299,2025,2025-09,True,9384.0922,251760.10749052,777264.19344219,785920.12641949
9,4,SERVICIOS ECONOMICOS,2,Comunicaciones,37212.24814404,36361.02087844,19876.05766697,2025,2025-09,True,9384.0922,48683.03220617,47569.41165238,26002.91043388
9,4,SERVICIOS ECONOMICOS,3,Transporte,387012.0647324,402385.24596306,301568.68679343,2025,2025-09,True,9384.0922,506309.66284587,526421.6720442,394528.11436467
9,4,SERVICIOS ECONOMICOS,4,Ecología y Desarrollo Sostenible,19752.73836177,25106.36501264,22885.7037921,2025,2025-09,True,9384.0922,25841.57759305,32845.47527898,29940.28875813
9,4,SERVICIOS ECONOMICOS,5,"Agricultura, Ganadería y Pesca",6762.69957003,29864.5469152,26386.35510475,2025,2025-09,True,9384.0922,8847.32144358,39070.38063564,34520.02605153
9,4,SERVICIOS ECONOMICOS,6,Industria,10194.46661824,10007.34711521,7646.92974673,2025,2025-09,True,9384.0922,13336.94069704,13092.14106125,10004.1181521
9,4,SERVICIOS ECONOMICOS,7,"Comercio, Turismo y Otros Servicios",7184.89348726,7952.45474662,7442.55440184,2025,2025-09,True,9384.0922,9399.6578676,10403.82212462,9736.74351086
9,4,SERVICIOS ECONOMICOS,8,Seguros y Finanzas,11382.6546063,9919.42303262,8855.92077252,2025,2025-09,True,9384.0922,14891.39109912,12977.11412367,11585.78418899
9,5,DEUDA PUBLICA,1,Servicio de la Deuda Pública,460326.82988296,460326.82988296,465769.54123061,2025,2025-09,True,9384.0922,602223.91825977,602223.91825977,609344.36126017
10,1,ADMINISTRACION GUBERNAMENTAL,1,Legislativa,38364.61778728,35538.91985645,38054.66968448,2025,2025-10,True,9603.8623,49042.08541743,45429.9519653,48645.87395465
10,1,ADMINISTRACION GUBERNAMENTAL,2,Judicial,191786.62880357,222076.27527713,226879.81259051,2025,2025-10,True,9603.8623,245163.81953439,283883.54399135,290023.98017489
10,1,ADMINISTRACION GUBERNAMENTAL,3,Dirección Superior Ejecutiva,17124.82816553,20118.11144107,21362.53112226,2025,2025-10,True,9603.8623,21890.93321115,25717.29360634,27308.05456839
10,1,ADMINISTRACION GUBERNAMENTAL,4,Relaciones Exteriores,7153.62796114,41223.04914063,69047.69734695,2025,2025-10,True,9603.8623,9144.59347569,52696.06251081,88264.74148503
10,1,ADMINISTRACION GUBERNAMENTAL,5,Relaciones Interiores,148611.84341933,160568.01093952,170384.69260857,2025,2025-10,True,9603.8623,189972.82233917,205256.57655357,217805.39285089
10,1,ADMINISTRACION GUBERNAMENTAL,6,Administración Fiscal,3697.63916872,5047.79128658,7002.80817547,2025,2025-10,True,9603.8623,4726.74944817,6452.66982245,8951.79820655
10,1,ADMINISTRACION GUBERNAMENTAL,7,Control de la Gestión Pública,7836.51913178,7809.53903022,9167.52044416,2025,2025-10,True,9603.8623,10017.54384123,9983.05475932,11718.98344411
10,1,ADMINISTRACION GUBERNAMENTAL,8,Información y Estadística Básicas,1034.92982155,2253.54166166,2898.30647398,2025,2025-10,True,9603.8623,1322.96682821,2880.73722709,3704.95007798
10,2,SERVICIOS DE DEFENSA Y SEGURIDAD,1,Defensa,48138.37376421,224980.48535939,235705.8833281,2025,2025-10,True,9603.8623,61536.02913733,287596.04074328,301306.48316796
10,2,SERVICIOS DE DEFENSA Y SEGURIDAD,2,Seguridad Interior,161107.87813496,240412.37233249,250045.68951739,2025,2025-10,True,9603.8623,205946.69715531,307322.86099425,319637.27963006
10,2,SERVICIOS DE DEFENSA Y SEGURIDAD,3,Sistema Penal,47518.40991693,47218.72048402,47212.53240288,2025,2025-10,True,9603.8623,60743.51974437,60360.42209828,60352.51177826
10,2,SERVICIOS DE DEFENSA Y SEGURIDAD,4,Inteligencia,10490.66794976,19538.62929489,18231.61669209,2025,2025-10,True,9603.8623,13410.38340407,24976.53259919,23305.7581355
10,3,SERVICIOS SOCIALES,1,Salud,645847.53910731,685526.17038022,708066.14390204,2025,2025-10,True,9603.8623,825596.91732526,876318.72654339,905131.92397684
10,3,SERVICIOS SOCIALES,2,Promoción y Asistencia Social,225460.13521515,230380.44316989,246548.45341887,2025,2025-10,True,9603.8623,288209.18458658,294498.89049045,315166.70853198
10,3,SERVICIOS SOCIALES,3,Seguridad Social,5871192.11023529,5868307.7519137,5922308.0409597,2025,2025-10,True,9603.8623,7505235.8547878,7501548.73484916,7570578.14112773
10,3,SERVICIOS SOCIALES,4,Educación y Cultura,484377.00317178,511681.19686815,893426.93730829,2025,2025-10,True,9603.8623,619186.62908372,654090.00299288,1142081.49854778
10,3,SERVICIOS SOCIALES,5,"Ciencia, Tecnología e Innovación",97772.53826328,113075.68692666,198329.66635329,2025,2025-10,True,9603.8623,124984.15074988,144546.40282461,253527.88582542
10,3,SERVICIOS SOCIALES,6,Trabajo,81131.8998237,89381.49949736,90180.31068052,2025,2025-10,True,9603.8623,103712.16476844,114257.75586747,115278.88858132
10,3,SERVICIOS SOCIALES,7,Vivienda y Urbanismo,2289.00078021,2366.1008797,1960.69130973,2025,2025-10,True,9603.8623,2926.06516781,3024.62341973,2506.38208419
10,3,SERVICIOS SOCIALES,8,Agua Potable y Alcantarillado,30994.54715717,40211.16750363,44826.73270169,2025,2025-10,True,9603.8623,39620.809924,51402.55853407,57302.70704977
10,4,SERVICIOS ECONOMICOS,1,"Energía, Combustibles y Minería",94482.44425928,678862.27566204,710345.63592355,2025,2025-10,True,9603.8623,120778.37260112,867800.16666111,908045.83395106
10,4,SERVICIOS ECONOMICOS,2,Comunicaciones,-2086.25649881,-1126.98253236,-2006.81222544,2025,2025-10,True,9603.8623,-2666.89401116,-1440.63923489,-2565.33916544
10,4,SERVICIOS ECONOMICOS,3,Transporte,264142.97358647,264049.20208295,299549.37141268,2025,2025-10,True,9603.8623,337658.05630775,337538.18674171,382918.60330823
10,4,SERVICIOS ECONOMICOS,4,Ecología y Desarrollo Sostenible,16658.63106881,8144.81917749,13755.35923405,2025,2025-10,True,9603.8623,21294.9862382,10411.64856709,17583.68886259
10,4,SERVICIOS ECONOMICOS,5,"Agricultura, Ganadería y Pesca",17837.13491445,19504.35913691,32725.10735516,2025,2025-10,True,9603.8623,22801.48596624,24932.7245252,41833.01184193
10,4,SERVICIOS ECONOMICOS,6,Industria,6180.77966324,7792.32632179,10930.32002347,2025,2025-10,True,9603.8623,7900.98642118,9961.05148741,13972.39746276
10,4,SERVICIOS ECONOMICOS,7,"Comercio, Turismo y Otros Servicios",4952.76448084,4665.03857941,5850.51928497,2025,2025-10,True,9603.8623,6331.19558413,5963.39110572,7478.8094619
10,4,SERVICIOS ECONOMICOS,8,Seguros y Finanzas,2711.13029381,5702.00660685,5195.40919303,2025,2025-10,True,9603.8623,3465.67986638,7288.9634041,6641.37207976
10,5,DEUDA PUBLICA,1,Servicio de la Deuda Pública,463757.86277157,463757.86277157,332220.22052905,2025,2025-10,True,9603.8623,592828.86239494,592828.86239494,424682.25600273
11,1,ADMINISTRACION GUBERNAMENTAL,1,Legislativa,30559.73929187,32232.56389165,38134.63569411,2025,2025-11,True,9841.3581,38122.25553578,40209.04843183,47571.68615903
11,1,ADMINISTRACION GUBERNAMENTAL,2,Judicial,209763.90429684,229980.08659394,246477.11320095,2025,2025-11,True,9841.3581,261673.47454806,286892.48771199,307471.9781941
11,1,ADMINISTRACION GUBERNAMENTAL,3,Dirección Superior Ejecutiva,15360.95275928,19344.24153093,22111.25547054,2025,2025-11,True,9841.3581,19162.2762475,24131.29613917,27583.05374317
11,1,ADMINISTRACION GUBERNAMENTAL,4,Relaciones Exteriores,8544.66397296,39462.08574841,30497.48790671,2025,2025-11,True,9841.3581,10659.18332396,49227.63582855,38044.599009
11,1,ADMINISTRACION GUBERNAMENTAL,5,Relaciones Interiores,76573.14222141,81311.46245037,81761.12101745,2025,2025-11,True,9841.3581,95522.44104774,101433.33750054,101994.27156592
11,1,ADMINISTRACION GUBERNAMENTAL,6,Administración Fiscal,3426.76222716,4703.2163375,3277.75806189,2025,2025-11,True,9841.3581,4274.77158874,5867.10551899,4088.89386216
11,1,ADMINISTRACION GUBERNAMENTAL,7,Control de la Gestión Pública,7244.98085901,7321.08729017,6551.36243005,2025,2025-11,True,9841.3581,9037.87198644,9132.81222101,8172.60612993
11,1,ADMINISTRACION GUBERNAMENTAL,8,Información y Estadística Básicas,953.795987,2886.51762411,3169.19492703,2025,2025-11,True,9841.3581,1189.8286827,3600.83446471,3953.46497223
11,2,SERVICIOS DE DEFENSA Y SEGURIDAD,1,Defensa,69577.1781332,208526.32056341,222718.45768853,2025,2025-11,True,9841.3581,86795.20917765,260129.6301166,277833.84784291
11,2,SERVICIOS DE DEFENSA Y SEGURIDAD,2,Seguridad Interior,210664.013139,243720.31459346,232024.88053915,2025,2025-11,True,9841.3581,262796.33030815,304032.96387622,289443.29996051
11,2,SERVICIOS DE DEFENSA Y SEGURIDAD,3,Sistema Penal,50545.54376562,47698.56662105,43729.25315521,2025,2025-11,True,9841.3581,63053.88004866,59502.37101341,54550.78484963
11,2,SERVICIOS DE DEFENSA Y SEGURIDAD,4,Inteligencia,11708.18138982,17591.64444539,18517.47789406,2025,2025-11,True,9841.3581,14605.56579161,21944.98972771,23099.93607646
11,3,SERVICIOS SOCIALES,1,Salud,279043.04923175,315231.35328681,314794.42765143,2025,2025-11,True,9841.3581,348096.89725087,393240.59960439,392695.54944663
11,3,SERVICIOS SOCIALES,2,Promoción y Asistencia Social,228268.2112143,236337.0417357,53303.88978299,2025,2025-11,True,9841.3581,284756.98027049,294822.57723367,66494.82470875
11,3,SERVICIOS SOCIALES,3,Seguridad Social,6026949.81861959,6011131.6512067,5948890.40091071,2025,2025-11,True,9841.3581,7518418.88742319,7498686.25114437,7421042.3672752
11,3,SERVICIOS SOCIALES,4,Educación y Cultura,472606.49583844,488666.6807805,174678.94814473,2025,2025-11,True,9841.3581,589560.8411494,609595.38622407,217906.16190452
11,3,SERVICIOS SOCIALES,5,"Ciencia, Tecnología e Innovación",114209.46843065,121855.93125576,45048.26186043,2025,2025-11,True,9841.3581,142472.50274405,152011.21009295,56196.20421771
11,3,SERVICIOS SOCIALES,6,Trabajo,14418.34321605,18757.85401232,18428.73553694,2025,2025-11,True,9841.3581,17986.4022803,23399.79726695,22989.23294569
11,3,SERVICIOS SOCIALES,7,Vivienda y Urbanismo,1711.22220687,1799.46188877,2260.03588826,2025,2025-11,True,9841.3581,2134.69263025,2244.76869045,2819.31939371
11,3,SERVICIOS SOCIALES,8,Agua Potable y Alcantarillado,11742.45975383,18368.62659925,18100.74050222,2025,2025-11,True,9841.3581,14648.32690746,22914.24905068,22580.0700792
11,4,SERVICIOS ECONOMICOS,1,"Energía, Combustibles y Minería",516097.591148,569247.36431836,502465.5726653,2025,2025-11,True,9841.3581,643814.53202965,710117.10140425,626809.04362863
11,4,SERVICIOS ECONOMICOS,2,Comunicaciones,2617.38263238,3577.38125892,5327.50384554,2025,2025-11,True,9841.3581,3265.09753874,4462.6638074,6645.88336398
11,4,SERVICIOS ECONOMICOS,3,Transporte,149795.16358904,173947.02340635,273648.82844624,2025,2025-11,True,9841.3581,186864.47059724,216993.1102046,341367.78672942
11,4,SERVICIOS ECONOMICOS,4,Ecología y Desarrollo Sostenible,7700.20378621,12904.31202271,7787.56597592,2025,2025-11,True,9841.3581,9605.74740549,16097.6988627,9714.72882345
11,4,SERVICIOS ECONOMICOS,5,"Agricultura, Ganadería y Pesca",9934.75650103,24203.52471091,14436.30527364,2025,2025-11,True,9841.3581,12393.27739025,30193.089839,18008.80934808
11,4,SERVICIOS ECONOMICOS,6,Industria,6554.45940705,7163.65968828,6882.35361959,2025,2025-11,True,9841.3581,8176.46950545,8936.42653819,8585.50659964
11,4,SERVICIOS ECONOMICOS,7,"Comercio, Turismo y Otros Servicios",5377.9500437,6651.78626835,5647.69695291,2025,2025-11,True,9841.3581,6708.8133137,8297.88151887,7045.31358632
11,4,SERVICIOS ECONOMICOS,8,Seguros y Finanzas,3363.01790982,5985.87346767,5151.1633559,2025,2025-11,True,9841.3581,4195.25267886,7467.1775096,6425.90448448
11,5,DEUDA PUBLICA,1,Servicio de la Deuda Pública,1777336.05277137,1777336.05277137,1868273.09629009,2025,2025-11,True,9841.3581,2217167.44798035,2217167.44798035,2330608.37683052
12,1,ADMINISTRACION GUBERNAMENTAL,1,Legislativa,59922.6486605,68952.85923004,49491.92552167,2025,2025-12,True,10121.3715,72683.46347184,83636.70059914,60031.46792102
12,1,ADMINISTRACION GUBERNAMENTAL,2,Judicial,337510.50108109,393414.18414792,404272.87862705,2025,2025-12,True,10121.3715,409384.97755124,477193.61747219,490364.72290842
12,1,ADMINISTRACION GUBERNAMENTAL,3,Dirección Superior Ejecutiva,38733.09382633,48477.37209198,38087.71886358,2025,2025-12,True,10121.3715,46981.49152631,58800.86048301,46198.68087659
12,1,ADMINISTRACION GUBERNAMENTAL,4,Relaciones Exteriores,177765.14323304,203060.15182199,196150.93913904,2025,2025-12,True,10121.3715,215621.08123672,246302.78296208,237922.22037204
12,1,ADMINISTRACION GUBERNAMENTAL,5,Relaciones Interiores,244971.14077415,264558.01586302,175739.7966539,2025,2025-12,True,10121.3715,297138.9175901,320896.91146843,213164.4274106
12,1,ADMINISTRACION GUBERNAMENTAL,6,Administración Fiscal,8320.17923828,9743.90034813,8059.42197171,2025,2025-12,True,10121.3715,10092.00122596,11818.91055983,9775.71445154
12,1,ADMINISTRACION GUBERNAMENTAL,7,Control de la Gestión Pública,12933.84630645,13380.72594003,10755.25758216,2025,2025-12,True,10121.3715,15688.17077649,16230.21556672,13045.64115702
12,1,ADMINISTRACION GUBERNAMENTAL,8,Información y Estadística Básicas,1881.8562804,5926.35261732,4412.92433895,2025,2025-12,True,10121.3715,2282.60658154,7188.39776964,5352.6776964
12,2,SERVICIOS DE DEFENSA Y SEGURIDAD,1,Defensa,316058.37623514,362204.31951379,287953.38716575,2025,2025-12,True,10121.3715,383364.52005331,439337.46279939,349274.43905614
12,2,SERVICIOS DE DEFENSA Y SEGURIDAD,2,Seguridad Interior,355861.91598957,385303.43190521,363040.53767328,2025,2025-12,True,10121.3715,431644.41409108,467355.64172278,440351.75761793
12,2,SERVICIOS DE DEFENSA Y SEGURIDAD,3,Sistema Penal,76313.68986903,81462.80713575,71101.37774405,2025,2025-12,True,10121.3715,92565.05535032,98810.70178174,86242.75641313
12,2,SERVICIOS DE DEFENSA Y SEGURIDAD,4,Inteligencia,40757.44467873,47947.57262689,48239.22999228,2025,2025-12,True,10121.3715,49436.93758091,58158.2376863,58512.00488347
12,3,SERVICIOS SOCIALES,1,Salud,890805.43840348,976534.39357446,859457.0455034,2025,2025-12,True,10121.3715,1080506.71974711,1184492.06620521,1042482.53655116
12,3,SERVICIOS SOCIALES,2,Promoción y Asistencia Social,258591.44307011,279199.64637786,455323.62687365,2025,2025-12,True,10121.3715,313659.72844432,338656.54727363,552286.97231389
12,3,SERVICIOS SOCIALES,3,Seguridad Social,8854292.40434151,8874046.66602962,8911600.96103822,2025,2025-12,True,10121.3715,10739856.34690695,10763817.37316191,10809369.03502073
12,3,SERVICIOS SOCIALES,4,Educación y Cultura,898269.75084689,922537.60823214,761257.78497045,2025,2025-12,True,10121.3715,1089560.59324821,1118996.40700528,923371.27352361
12,3,SERVICIOS SOCIALES,5,"Ciencia, Tecnología e Innovación",195058.99869901,221502.68593292,160685.58201937,2025,2025-12,True,10121.3715,236597.74598947,268672.7429746,194904.34572287
12,3,SERVICIOS SOCIALES,6,Trabajo,165151.18651337,176083.43096813,170253.85561552,2025,2025-12,True,10121.3715,200320.92206545,213581.24029662,206510.22897337
12,3,SERVICIOS SOCIALES,7,Vivienda y Urbanismo,11034.15102649,11112.13745839,10977.55532385,2025,2025-12,True,10121.3715,13383.92629506,13478.52031086,13315.27826668
12,3,SERVICIOS SOCIALES,8,Agua Potable y Alcantarillado,21873.63709986,22960.71981337,9451.79553382,2025,2025-12,True,10121.3715,26531.73280359,27850.31498353,11464.60062735
12,4,SERVICIOS ECONOMICOS,1,"Energía, Combustibles y Minería",918868.3985779,926995.28889577,972290.39670022,2025,2025-12,True,10121.3715,1114545.82159499,1124403.37209989,1179344.28988559
12,4,SERVICIOS ECONOMICOS,2,Comunicaciones,30587.53144824,34963.09895152,27337.10752294,2025,2025-12,True,10121.3715,37101.2926566,42408.65820039,33158.67540046
12,4,SERVICIOS ECONOMICOS,3,Transporte,463103.66576465,517504.46474774,373473.07536082,2025,2025-12,True,10121.3715,561723.80772061,627709.51719965,453005.95413429
12,4,SERVICIOS ECONOMICOS,4,Ecología y Desarrollo Sostenible,21711.05000294,34627.03113483,17344.85250379,2025,2025-12,True,10121.3715,26334.52200627,42001.02313377,21038.52185384
12,4,SERVICIOS ECONOMICOS,5,"Agricultura, Ganadería y Pesca",53601.74364544,71295.76498437,49793.57282477,2025,2025-12,True,10121.3715,65016.4914831,86478.53934658,60397.35246094
12,4,SERVICIOS ECONOMICOS,6,Industria,11972.52538348,17190.17135901,12903.91916947,2025,2025-12,True,10121.3715,14522.13196226,20850.900619,15651.87051246
12,4,SERVICIOS ECONOMICOS,7,"Comercio, Turismo y Otros Servicios",15850.42642251,18434.56413413,12659.73989449,2025,2025-12,True,10121.3715,19225.85058649,22360.29279102,15355.69209227
12,4,SERVICIOS ECONOMICOS,8,Seguros y Finanzas,15637.84990381,18667.91588352,16434.74772434,2025,2025-12,True,10121.3715,18968.00488078,22643.33791222,19934.605906
12,5,DEUDA PUBLICA,1,Servicio de la Deuda Pública,437192.62551927,437192.62551927,479731.88608095,2025,2025-12,True,10121.3715,530294.88744936,530294.88744936,581893.08713295
1,1,ADMINISTRACION GUBERNAMENTAL,1,Legislativa,41395.60144263,36803.69012334,26285.53006194,2026,2026-01,True,10413.0309,48804.62924012,43390.85285733,30990.14156929
1,1,ADMINISTRACION GUBERNAMENTAL,2,Judicial,507271.19396103,237967.48847034,65911.9466737,2026,2026-01,True,10413.0309,598063.11981655,280559.15704217,77708.93543757
1,1,ADMINISTRACION GUBERNAMENTAL,3,Dirección Superior Ejecutiva,32521.84879226,18631.39999532,11181.97627367,2026,2026-01,True,10413.0309,38342.64311171,21966.06734308,13183.33801635
1,1,ADMINISTRACION GUBERNAMENTAL,4,Relaciones Exteriores,40632.89095508,36736.19439969,20738.36401183,2026,2026-01,True,10413.0309,47905.40803629,43311.27667887,24450.1379705
1,1,ADMINISTRACION GUBERNAMENTAL,5,Relaciones Interiores,35367.52929592,25729.79520065,12793.69265068,2026,2026-01,True,10413.0309,41697.64647142,30334.94070456,15083.5210667
1,1,ADMINISTRACION GUBERNAMENTAL,6,Administración Fiscal,15828.04623725,4341.98171927,2005.44882885,2026,2026-01,True,10413.0309,18660.96641391,5119.11412303,2364.3861459
1,1,ADMINISTRACION GUBERNAMENTAL,7,Control de la Gestión Pública,9355.56416431,9136.20105679,324.10242492,2026,2026-01,True,10413.0309,11030.03276819,10771.40782355,382.110614
1,1,ADMINISTRACION GUBERNAMENTAL,8,Información y Estadística Básicas,5260.72176707,2012.93283806,1753.85453522,2026,2026-01,True,10413.0309,6202.29122007,2373.20965086,2067.76124394
1,2,SERVICIOS DE DEFENSA Y SEGURIDAD,1,Defensa,204811.36100843,176234.61769914,119260.7746013,2026,2026-01,True,10413.0309,241468.71140486,207777.27285836,140606.19207026
1,2,SERVICIOS DE DEFENSA Y SEGURIDAD,2,Seguridad Interior,255318.90422359,228531.98337231,156064.85070574,2026,2026-01,True,10413.0309,301016.14723235,269434.8754288,183997.49999199
1,2,SERVICIOS DE DEFENSA Y SEGURIDAD,3,Sistema Penal,41027.79781601,40041.41046836,26316.16026244,2026,2026-01,True,10413.0309,48370.99573789,47208.06375692,31026.25399493
1,2,SERVICIOS DE DEFENSA Y SEGURIDAD,4,Inteligencia,22310.44727213,21604.06626983,17345.54543266,2026,2026-01,True,10413.0309,26303.59432769,25470.78451896,20450.06919351
1,3,SERVICIOS SOCIALES,1,Salud,294438.58439583,271223.45583813,221465.60330229,2026,2026-01,True,10413.0309,347137.50844616,319767.31203554,261103.74730484
1,3,SERVICIOS SOCIALES,2,Promoción y Asistencia Social,213594.93522448,211064.30828429,205169.60954636,2026,2026-01,True,10413.0309,251824.37886899,248840.8176872,241891.07963869
1,3,SERVICIOS SOCIALES,3,Seguridad Social,6026693.41582292,6023445.92444523,5645512.32991199,2026,2026-01,True,10413.0309,7105357.2711283,7101528.54036645,6655951.99803395
1,3,SERVICIOS SOCIALES,4,Educación y Cultura,472377.80767228,463700.61548969,73916.1663227,2026,2026-01,True,10413.0309,556924.47896084,546694.23389715,87145.75864371
1,3,SERVICIOS SOCIALES,5,"Ciencia, Tecnología e Innovación",110608.35643877,96530.54698683,2701.05247017,2026,2026-01,True,10413.0309,130405.15510651,113807.68467799,3184.48965037
1,3,SERVICIOS SOCIALES,6,Trabajo,102923.19299423,92212.7221124,85464.97889212,2026,2026-01,True,10413.0309,121344.49311612,108717.05101701,100761.58969753
1,3,SERVICIOS SOCIALES,7,Vivienda y Urbanismo,642.26350255,607.42928701,410.33608907,2026,2026-01,True,10413.0309,757.21649219,716.14761252,483.77846904
1,3,SERVICIOS SOCIALES,8,Agua Potable y Alcantarillado,700.9215147,184.07827921,122.88476656,2026,2026-01,True,10413.0309,826.37317636,217.02480106,144.87880988
1,4,SERVICIOS ECONOMICOS,1,"Energía, Combustibles y Minería",908329.56564173,702800.53491541,672419.82709809,2026,2026-01,True,10413.0309,1070903.33596006,828588.50556482,792770.22706652
1,4,SERVICIOS ECONOMICOS,2,Comunicaciones,8747.90520527,4697.35208766,669.87267066,2026,2026-01,True,10413.0309,10313.6143767,5538.08904954,789.76717792
1,4,SERVICIOS ECONOMICOS,3,Transporte,67655.21147224,22803.64381991,1959.11269896,2026,2026-01,True,10413.0309,79764.21158274,26885.06370651,2309.75672729
1,4,SERVICIOS ECONOMICOS,4,Ecología y Desarrollo Sostenible,50095.77899801,4641.26086912,699.33159653,2026,2026-01,True,10413.0309,59061.97362252,5471.95856637,824.49869298
1,4,SERVICIOS ECONOMICOS,5,"Agricultura, Ganadería y Pesca",52230.72011694,13253.88675187,2158.40342893,2026,2026-01,True,10413.0309,61579.02872325,15626.08118672,2544.71671937
1,4,SERVICIOS ECONOMICOS,6,Industria,6096.04267132,4297.08452831,2385.37199138,2026,2026-01,True,10413.0309,7187.1187285,5066.18118614,2812.30835118
1,4,SERVICIOS ECONOMICOS,7,"Comercio, Turismo y Otros Servicios",5337.7792339,3391.84950522,2598.10657739,2026,2026-01,True,10413.0309,6293.14051246,3998.92625718,3063.11839463
1,4,SERVICIOS ECONOMICOS,8,Seguros y Finanzas,17245.68140604,3055.73738331,123.98516852,2026,2026-01,True,10413.0309,20332.33139955,3602.65643813,146.17616293
1,5,DEUDA PUBLICA,1,Servicio de la Deuda Pública (intereses y gastos),1578311.74861335,1578311.74861335,1570952.05381913,2026,2026-01,True,10413.0309,1860799.62681921,1860799.62681921,1852122.68619666
2,1,ADMINISTRACION GUBERNAMENTAL,1,Legislativa,36405.86187765,34844.46676403,35411.51335349,2026,2026-02,True,10714.6255,41713.66020214,39924.62124381,40574.34047944
2,1,ADMINISTRACION GUBERNAMENTAL,2,Judicial,246874.0752138,261961.33035182,247530.03605817,2026,2026-02,True,10714.6255,282867.11960826,300154.02346801,283618.7163665
2,1,ADMINISTRACION GUBERNAMENTAL,3,Dirección Superior Ejecutiva,34794.71936859,21037.57967578,21394.93491479,2026,2026-02,True,10714.6255,39867.62091907,24104.75689383,24514.21279578
2,1,ADMINISTRACION GUBERNAMENTAL,4,Relaciones Exteriores,62931.23632159,42985.38404404,41898.29367939,2026,2026-02,True,10714.6255,72106.30576037,49252.44483149,48006.86195716
2,1,ADMINISTRACION GUBERNAMENTAL,5,Relaciones Interiores,147403.19369654,139694.2079893,140808.32339056,2026,2026-02,True,10714.6255,168893.86536796,160060.94688423,161337.49491461
2,1,ADMINISTRACION GUBERNAMENTAL,6,Administración Fiscal,9587.2160818,7541.40205006,6040.88747605,2026,2026-02,True,10714.6255,10984.9857494,8640.90194104,6921.61961011
2,1,ADMINISTRACION GUBERNAMENTAL,7,Control de la Gestión Pública,8993.11240864,7909.81420721,9114.8518477,2026,2026-02,True,10714.6255,10304.26463833,9063.02680625,10443.75309794
2,1,ADMINISTRACION GUBERNAMENTAL,8,Información y Estadística Básicas,4589.22273524,3612.61414974,3147.48513445,2026,2026-02,True,10714.6255,5258.30918145,4139.31579453,3606.37322174
2,2,SERVICIOS DE DEFENSA Y SEGURIDAD,1,Defensa,167267.38312499,150588.19532079,150745.3063987,2026,2026-02,True,10714.6255,191654.15739989,172543.22480199,172723.24191407
2,2,SERVICIOS DE DEFENSA Y SEGURIDAD,2,Seguridad Interior,286779.71813641,245825.35726693,251604.30569525,2026,2026-02,True,10714.6255,328590.81198,281665.50366436,288286.99478232
2,2,SERVICIOS DE DEFENSA Y SEGURIDAD,3,Sistema Penal,48353.42256686,42604.03930208,40003.41977305,2026,2026-02,True,10714.6255,55403.11737003,48815.50187325,45835.72461338
2,2,SERVICIOS DE DEFENSA Y SEGURIDAD,4,Inteligencia,30608.33036467,22490.3553094,21767.57987231,2026,2026-02,True,10714.6255,35070.87667579,25769.34017809,24941.18758315
2,3,SERVICIOS SOCIALES,1,Salud,521098.1424169,470142.71088354,460687.69408814,2026,2026-02,True,10714.6255,597071.72756406,538687.24092343,527853.72847606
2,3,SERVICIOS SOCIALES,2,Promoción y Asistencia Social,226625.01153071,223761.48463893,20315.9754124,2026,2026-02,True,10714.6255,259665.84051956,256384.82527688,23277.94622405
2,3,SERVICIOS SOCIALES,3,Seguridad Social,6160753.02277422,6156860.10665306,6161848.19788409,2026,2026-02,True,10714.6255,7058960.97296091,7054500.48852521,7060215.81929715
2,3,SERVICIOS SOCIALES,4,Educación y Cultura,566745.02158508,562214.06964064,479975.14186842,2026,2026-02,True,10714.6255,649373.70061744,644182.15782585,549953.19272105
2,3,SERVICIOS SOCIALES,5,"Ciencia, Tecnología e Innovación",128840.47425055,115327.66989822,111183.65704756,2026,2026-02,True,10714.6255,147624.79133807,132141.88556247,127393.69571033
2,3,SERVICIOS SOCIALES,6,Trabajo,87579.83098856,87141.66094039,17727.199278,2026,2026-02,True,10714.6255,100348.54614061,99846.49302176,20311.73906838
2,3,SERVICIOS SOCIALES,7,Vivienda y Urbanismo,2068.86885064,1004.77499698,1006.12576777,2026,2026-02,True,10714.6255,2370.49990819,1151.26632476,1152.81403139
2,3,SERVICIOS SOCIALES,8,Agua Potable y Alcantarillado,7498.16698731,7247.99363042,5243.71792519,2026,2026-02,True,10714.6255,8591.36341556,8304.71599499,6008.22659995
2,4,SERVICIOS ECONOMICOS,1,"Energía, Combustibles y Minería",157963.50724549,281202.74524373,305628.96112659,2026,2026-02,True,10714.6255,180993.82148188,322200.74345248,350188.18329901
2,4,SERVICIOS ECONOMICOS,2,Comunicaciones,10442.11996148,9895.91448267,9573.51610137,2026,2026-02,True,10714.6255,11964.53047389,11338.69088189,10969.28837818
2,4,SERVICIOS ECONOMICOS,3,Transporte,317268.99244436,285807.88296265,136230.85740607,2026,2026-02,True,10714.6255,363525.27480267,327477.28794514,156092.65656123
2,4,SERVICIOS ECONOMICOS,4,Ecología y Desarrollo Sostenible,11093.53733642,13633.60196509,9975.49500979,2026,2026-02,True,10714.6255,12710.92134685,15621.3150952,11429.87386441
2,4,SERVICIOS ECONOMICOS,5,"Agricultura, Ganadería y Pesca",9947.28418326,15402.62467583,17737.77055775,2026,2026-02,True,10714.6255,11397.55003601,17648.25274864,20323.85158951
2,4,SERVICIOS ECONOMICOS,6,Industria,19947.56560155,12835.15373182,11226.32399216,2026,2026-02,True,10714.6255,22855.82404722,14706.45697692,12863.06765383
2,4,SERVICIOS ECONOMICOS,7,"Comercio, Turismo y Otros Servicios",9040.84041261,5560.12680505,6100.31818263,2026,2026-02,True,10714.6255,10358.9511541,6370.76636192,6989.71502585
2,4,SERVICIOS ECONOMICOS,8,Seguros y Finanzas,13247.45480593,8556.64593557,8810.10066061,2026,2026-02,True,10714.6255,15178.86955059,9804.16346757,10094.57066388
2,5,DEUDA PUBLICA,1,Servicio de la Deuda Pública (intereses y gastos),2339485.30309105,2339485.30309105,2340480.9221405,2026,2026-02,True,10714.6255,2680570.92863282,2680570.92863282,2681711.70411725
3,1,ADMINISTRACION GUBERNAMENTAL,1,Legislativa,59920.53644038,49972.58971674,45402.2901328,2026,2026-03,True,11077.0608,66410.25248079,55384.88967817,50319.60209377
3,1,ADMINISTRACION GUBERNAMENTAL,2,Judicial,312436.22698147,277056.06487127,265220.8592038,2026,2026-03,True,11077.0608,346274.74903581,307062.72527685,293945.70324684
3,1,ADMINISTRACION GUBERNAMENTAL,3,Dirección Superior Ejecutiva,38590.01393522,30055.80138297,28309.53864312,2026,2026-03,True,11077.0608,42769.51978267,33311.00615799,31375.61378101
3,1,ADMINISTRACION GUBERNAMENTAL,4,Relaciones Exteriores,374185.15251869,134893.26759696,47029.89294601,2026,2026-03,True,11077.0608,414711.41497628,149502.93323869,52123.48303651
3,1,ADMINISTRACION GUBERNAMENTAL,5,Relaciones Interiores,128025.68134737,88314.02644311,73858.10395581,2026,2026-03,True,11077.0608,141891.55049977,97878.91000471,81857.33344256
3,1,ADMINISTRACION GUBERNAMENTAL,6,Administración Fiscal,11734.64809465,7395.54383886,6406.10962338,2026,2026-03,True,11077.0608,13005.57353178,8196.52097174,7099.92571464
3,1,ADMINISTRACION GUBERNAMENTAL,7,Control de la Gestión Pública,10600.38883094,10142.62099368,7839.86489046,2026,2026-03,True,11077.0608,11748.4678956,11241.12134205,8688.9643805
3,1,ADMINISTRACION GUBERNAMENTAL,8,Información y Estadística Básicas,20652.86315957,4546.18083207,3542.67324723,2026,2026-03,True,11077.0608,22889.67920444,5038.55664212,3926.36379415
3,2,SERVICIOS DE DEFENSA Y SEGURIDAD,1,Defensa,1135692.44455408,218110.92895084,173480.38273202,2026,2026-03,True,11077.0608,1258694.03820176,241733.51443301,192269.24026556
3,2,SERVICIOS DE DEFENSA Y SEGURIDAD,2,Seguridad Interior,1670308.83473388,249077.12746378,218422.53158209,2026,2026-03,True,11077.0608,1851212.25585044,276053.51862156,242078.86530341
3,2,SERVICIOS DE DEFENSA Y SEGURIDAD,3,Sistema Penal,342786.42176537,61360.8633221,39319.00052984,2026,2026-03,True,11077.0608,379912.03298178,68006.57450245,43577.45954222
3,2,SERVICIOS DE DEFENSA Y SEGURIDAD,4,Inteligencia,85589.82471591,38304.09774639,31455.60275002,2026,2026-03,True,11077.0608,94859.66259373,42452.63733441,34862.41353401
3,3,SERVICIOS SOCIALES,1,Salud,913382.07903432,694767.39609158,398095.76669773,2026,2026-03,True,11077.0608,1012306.26565649,770014.43796766,441211.677139
3,3,SERVICIOS SOCIALES,2,Promoción y Asistencia Social,296052.36401994,234655.78862307,223635.9060417,2026,2026-03,True,11077.0608,328116.42568755,260070.27130075,247856.87622767
3,3,SERVICIOS SOCIALES,3,Seguridad Social,7854372.87721688,7845894.47622276,7769586.11928948,2026,2026-03,True,11077.0608,8705043.66016826,8695647.00279332,8611074.04081099
3,3,SERVICIOS SOCIALES,4,Educación y Cultura,903953.63361925,659251.25040576,546336.7087922,2026,2026-03,True,11077.0608,1001856.66894536,730651.70288123,605507.90973829
3,3,SERVICIOS SOCIALES,5,"Ciencia, Tecnología e Innovación",273668.59881457,171104.77170579,112342.93717422,2026,2026-03,True,11077.0608,303308.37844587,189636.3378014,124510.28087167
3,3,SERVICIOS SOCIALES,6,Trabajo,153116.06620345,92245.399791,159142.93198127,2026,2026-03,True,11077.0608,169699.35884258,102236.07220884,176378.96656557
3,3,SERVICIOS SOCIALES,7,Vivienda y Urbanismo,960.08326524,1129.04904294,964.12032016,2026,2026-03,True,11077.0608,1064.06544125,1251.3311205,1068.5397309
3,3,SERVICIOS SOCIALES,8,Agua Potable y Alcantarillado,21240.87096567,15930.6567403,9852.90654985,2026,2026-03,True,11077.0608,23541.37141522,17656.03245827,10920.02926736
3,4,SERVICIOS ECONOMICOS,1,"Energía, Combustibles y Minería",432276.53389192,441194.45316622,19565.22373619,2026,2026-03,True,11077.0608,479094.40506837,488978.1829147,21684.24258779
3,4,SERVICIOS ECONOMICOS,2,Comunicaciones,49187.87570515,19019.04447238,11128.69168232,2026,2026-03,True,11077.0608,54515.18692298,21078.90917517,12333.98878428
3,4,SERVICIOS ECONOMICOS,3,Transporte,434850.27953417,363654.99511011,156535.2924739,2026,2026-03,True,11077.0608,481946.90119202,403040.78494342,173488.9056891
3,4,SERVICIOS ECONOMICOS,4,Ecología y Desarrollo Sostenible,16283.11220027,23199.91017112,12548.13529042,2026,2026-03,True,11077.0608,18046.66073824,25712.58509223,13907.16576159
3,4,SERVICIOS ECONOMICOS,5,"Agricultura, Ganadería y Pesca",126356.00387102,34145.71555742,23968.8933324,2026,2026-03,True,11077.0608,140041.03798181,37843.88001202,26564.85326151
3,4,SERVICIOS ECONOMICOS,6,Industria,26692.83113669,11358.27269712,10331.57260559,2026,2026-03,True,11077.0608,29583.80816531,12588.43465649,11450.53742874
3,4,SERVICIOS ECONOMICOS,7,"Comercio, Turismo y Otros Servicios",4472.00672189,4867.17571804,3300.52179355,2026,2026-03,True,11077.0608,4956.34907728,5394.3169989,3657.98603699
3,4,SERVICIOS ECONOMICOS,8,Seguros y Finanzas,23743.69597423,12410.18734707,7117.42471714,2026,2026-03,True,11077.0608,26315.2658195,13754.2773148,7888.28005484
3,5,DEUDA PUBLICA,1,Servicio de la Deuda Pública (intereses y gastos),557170.80045438,557170.80045438,527975.50606101,2026,2026-03,True,11077.0608,617515.39173741,617515.39173741,585158.09009937
4,1,ADMINISTRACION GUBERNAMENTAL,1,Legislativa,41210.34018274,40955.74709433,41569.32163365,2026,2026-04,True,11363.0904,44523.95302636,44248.88879105,44911.79921222
4,1,ADMINISTRACION GUBERNAMENTAL,2,Judicial,253735.92708253,279392.92828331,292172.5400455,2026,2026-04,True,11363.0904,274138.15194019,301858.16374294,315665.34978585
4,1,ADMINISTRACION GUBERNAMENTAL,3,Dirección Superior Ejecutiva,17976.07695748,21582.19676925,25532.04454566,2026,2026-04,True,11363.0904,19421.485057,23317.56328384,27585.00771838
4,1,ADMINISTRACION GUBERNAMENTAL,4,Relaciones Exteriores,53140.86321257,86296.29822852,175361.03190494,2026,2026-04,True,11363.0904,57413.77739094,93235.15194579,189461.34180324
4,1,ADMINISTRACION GUBERNAMENTAL,5,Relaciones Interiores,64921.12856677,69111.81925405,78073.25554766,2026,2026-04,True,11363.0904,70141.26226349,74668.91514093,84350.91647399
4,1,ADMINISTRACION GUBERNAMENTAL,6,Administración Fiscal,4199.07058246,5296.46031039,7323.22875996,2026,2026-04,True,11363.0904,4536.70657749,5722.334468,7912.06992866
4,1,ADMINISTRACION GUBERNAMENTAL,7,Control de la Gestión Pública,8095.27588967,8181.57019349,9963.39387206,2026,2026-04,True,11363.0904,8746.19529586,8839.42829303,10764.5236311
4,1,ADMINISTRACION GUBERNAMENTAL,8,Información y Estadística Básicas,2816.32892804,2976.1179174,3948.94399138,2026,2026-04,True,11363.0904,3042.78237799,3215.4195711,4266.46797858
4,2,SERVICIOS DE DEFENSA Y SEGURIDAD,1,Defensa,113862.01588267,256948.75403453,250740.19304586,2026,2026-04,True,11363.0904,123017.35496884,277609.31368402,270901.53897032
4,2,SERVICIOS DE DEFENSA Y SEGURIDAD,2,Seguridad Interior,58544.52098541,313081.16111556,309527.21568593,2026,2026-04,True,11363.0904,63251.92878163,338255.17695644,334415.46831377
4,2,SERVICIOS DE DEFENSA Y SEGURIDAD,3,Sistema Penal,13664.76238329,52805.41060555,55869.43897026,2026,2026-04,True,11363.0904,14763.50924967,57051.35194016,60361.75060168
4,2,SERVICIOS DE DEFENSA Y SEGURIDAD,4,Inteligencia,6525.0214044,16259.58074328,26632.89660397,2026,2026-04,True,11363.0904,7049.68086207,17566.96998937,28774.37633596
4,3,SERVICIOS SOCIALES,1,Salud,660600.30638163,662375.21134729,863272.84676503,2026,2026-04,True,11363.0904,713717.40393578,715635.0242458,932686.29930887
4,3,SERVICIOS SOCIALES,2,Promoción y Asistencia Social,219815.01047955,229546.33782938,412299.04666339,2026,2026-04,True,11363.0904,237489.74547848,248003.54274118,445450.90637574
4,3,SERVICIOS SOCIALES,3,Seguridad Social,6518276.86203389,6514800.88351729,6530809.99662873,2026,2026-04,True,11363.0904,7042394.00915127,7038638.53653184,7055934.89945937
4,3,SERVICIOS SOCIALES,4,Educación y Cultura,491623.84515705,538535.89862636,649434.60617543,2026,2026-04,True,11363.0904,531153.99900483,581838.12477947,701653.89974526
4,3,SERVICIOS SOCIALES,5,"Ciencia, Tecnología e Innovación",107347.35256936,113690.1350046,138743.81637377,2026,2026-04,True,11363.0904,115978.86506417,122831.6536107,149899.83425352
4,3,SERVICIOS SOCIALES,6,Trabajo,79085.77495137,87729.48934873,19414.79700802,2026,2026-04,True,11363.0904,85444.84984531,94783.58211722,20975.88872522
4,3,SERVICIOS SOCIALES,7,Vivienda y Urbanismo,843.04837838,830.39126708,960.17230166,2026,2026-04,True,11363.0904,910.8356357,897.16080006,1037.37717929
4,3,SERVICIOS SOCIALES,8,Agua Potable y Alcantarillado,33212.79017335,33080.90742415,32515.69093447,2026,2026-04,True,11363.0904,35883.34148651,35740.85439943,35130.19036888
4,4,SERVICIOS ECONOMICOS,1,"Energía, Combustibles y Minería",704452.98802272,379728.52745406,789853.70255823,2026,2026-04,True,11363.0904,761096.16200499,410261.47913758,853363.7187768
4,4,SERVICIOS ECONOMICOS,2,Comunicaciones,9295.61029485,11324.06515179,12061.6606535,2026,2026-04,True,11363.0904,10043.04536881,12234.60283633,13031.50641259
4,4,SERVICIOS ECONOMICOS,3,Transporte,206744.47557912,212382.53713443,251107.83538347,2026,2026-04,True,11363.0904,223368.24394863,229459.64690079,271298.74244153
4,4,SERVICIOS ECONOMICOS,4,Ecología y Desarrollo Sostenible,9495.74005628,8960.03115287,11132.49539063,2026,2026-04,True,11363.0904,10259.2670272,9680.48320873,12027.62946485
4,4,SERVICIOS ECONOMICOS,5,"Agricultura, Ganadería y Pesca",6280.9552516,19152.08223171,23479.41259146,2026,2026-04,True,11363.0904,6785.990005,20692.04975888,25367.3291381
4,4,SERVICIOS ECONOMICOS,6,Industria,10280.64006889,12458.64871933,12399.56838295,2026,2026-04,True,11363.0904,11107.27874311,13460.41522326,13396.5843956
4,4,SERVICIOS ECONOMICOS,7,"Comercio, Turismo y Otros Servicios",3049.41776255,2844.77734869,3637.12494054,2026,2026-04,True,11363.0904,3294.61326006,3073.51825978,3929.5763948
4,4,SERVICIOS ECONOMICOS,8,Seguros y Finanzas,5007.79821372,8275.53675994,8535.0079034,2026,2026-04,True,11363.0904,5410.46182692,8940.95045888,9221.28498055
4,5,DEUDA PUBLICA,1,Servicio de la Deuda Pública (intereses y gastos),313951.14637357,313951.14637357,337545.39718179,2026,2026-04,True,11363.0904,339195.11539397,339195.11539397,364686.51658161
5,1,ADMINISTRACION GUBERNAMENTAL,1,Legislativa,41488.89479321,43636.89828769,45569.35718556,2026,2026-05,True,11607.3937,43881.4660844,46153.34011146,48197.2395696
5,1,ADMINISTRACION GUBERNAMENTAL,2,Judicial,294376.47421172,288796.53786538,362460.37050906,2026,2026-05,True,11607.3937,311352.50368929,305450.78495816,383362.64522612
5,1,ADMINISTRACION GUBERNAMENTAL,3,Dirección Superior Ejecutiva,18606.57166254,22774.36500191,22875.32094945,2026,2026-05,True,11607.3937,19679.57082073,24087.71143233,24194.4892824
5,1,ADMINISTRACION GUBERNAMENTAL,4,Relaciones Exteriores,30561.86910354,39019.19219646,40075.52093072,2026,2026-05,True,11607.3937,32324.30338835,41269.34129106,42386.58612868
5,1,ADMINISTRACION GUBERNAMENTAL,5,Relaciones Interiores,30987.45360821,35193.73448248,43111.01874192,2026,2026-05,True,11607.3937,32774.43039464,37223.27803076,45597.13427452
5,1,ADMINISTRACION GUBERNAMENTAL,6,Administración Fiscal,5172.67885733,7697.07661628,9786.97552966,2026,2026-05,True,11607.3937,5470.97561829,8140.94972088,10351.36840627
5,1,ADMINISTRACION GUBERNAMENTAL,7,Control de la Gestión Pública,10194.75182052,10387.46173314,10876.179813,2026,2026-05,True,11607.3937,10782.6602391,10986.48329915,11503.38465198
5,1,ADMINISTRACION GUBERNAMENTAL,8,Información y Estadística Básicas,718.82839923,3171.99102574,3662.31506295,2026,2026-05,True,11607.3937,760.28161701,3354.91261721,3873.51253935
5,2,SERVICIOS DE DEFENSA Y SEGURIDAD,1,Defensa,105143.49643607,213851.41229269,244254.65708525,2026,2026-05,True,11607.3937,111206.88550156,226183.74247846,258340.27404842
5,2,SERVICIOS DE DEFENSA Y SEGURIDAD,2,Seguridad Interior,29314.74587602,271914.72675514,295915.55979454,2026,2026-05,True,11607.3937,31005.26136796,287595.43775333,312980.34487764
5,2,SERVICIOS DE DEFENSA Y SEGURIDAD,3,Sistema Penal,11539.05478238,47345.25634267,62930.80746212,2026,2026-05,True,11607.3937,12204.48613063,50075.55083868,66559.88565319
5,2,SERVICIOS DE DEFENSA Y SEGURIDAD,4,Inteligencia,13453.46307625,21766.0879353,21148.92542054,2026,2026-05,True,11607.3937,14229.29404701,23021.289294,22368.53640447
5,3,SERVICIOS SOCIALES,1,Salud,673824.4059533,683614.52593275,746456.20449905,2026,2026-05,True,11607.3937,712682.34461434,723037.03880375,789502.65569806
5,3,SERVICIOS SOCIALES,2,Promoción y Asistencia Social,361943.39915023,370930.16633801,402375.08414889,2026,2026-05,True,11607.3937,382815.86129124,392320.87513951,425579.15066896
5,3,SERVICIOS SOCIALES,3,Seguridad Social,7120175.37348249,7123757.60460226,6933806.85911019,2026,2026-05,True,11607.3937,7530779.88034533,7534568.69068053,7333663.9127258
5,3,SERVICIOS SOCIALES,4,Educación y Cultura,532692.28211208,558435.42792133,947952.59813239,2026,2026-05,True,11607.3937,563411.4484715,590639.14362619,1002618.89336651
5,3,SERVICIOS SOCIALES,5,"Ciencia, Tecnología e Innovación",128961.93959221,143474.6720928,155312.1196634,2026,2026-05,True,11607.3937,136398.88472808,151748.53388578,164268.62044591
5,3,SERVICIOS SOCIALES,6,Trabajo,79268.91136147,88243.84671579,160716.98780291,2026,2026-05,True,11607.3937,83840.17127458,93332.67097416,169985.1751803
5,3,SERVICIOS SOCIALES,7,Vivienda y Urbanismo,632.97005809,817.10650399,784.95037216,2026,2026-05,True,11607.3937,669.47201835,864.22719913,830.21669547
5,3,SERVICIOS SOCIALES,8,Agua Potable y Alcantarillado,3759.59713966,9393.35518875,9631.26114031,2026,2026-05,True,11607.3937,3976.40465472,9935.0488652,10186.67431815
5,4,SERVICIOS ECONOMICOS,1,"Energía, Combustibles y Minería",167757.61681056,502751.46914044,519391.73559006,2026,2026-05,True,11607.3937,177431.82143472,531744.01612598,549343.88933263
5,4,SERVICIOS ECONOMICOS,2,Comunicaciones,7944.90758584,12806.08594896,15316.08591379,2026,2026-05,True,11607.3937,8403.0725453,13544.58413617,16199.33015622
5,4,SERVICIOS ECONOMICOS,3,Transporte,214080.30073769,228053.98123465,269800.38094648,2026,2026-05,True,11607.3937,226425.83040552,241205.34164239,285359.16237517
5,4,SERVICIOS ECONOMICOS,4,Ecología y Desarrollo Sostenible,4092.22240225,10330.44480832,10198.30949908,2026,2026-05,True,11607.3937,4328.21166843,10926.17833646,10786.42308099
5,4,SERVICIOS ECONOMICOS,5,"Agricultura, Ganadería y Pesca",7907.19562384,25028.44542406,34166.10954106,2026,2026-05,True,11607.3937,8363.18581923,26471.77960501,36136.39226918
5,4,SERVICIOS ECONOMICOS,6,Industria,12343.13213878,12504.94877958,14066.80066781,2026,2026-05,True,11607.3937,13054.93282052,13226.08106322,14878.00143863
5,4,SERVICIOS ECONOMICOS,7,"Comercio, Turismo y Otros Servicios",5545.71156081,4104.06056292,4817.97177585,2026,2026-05,True,11607.3937,5865.52027916,4340.73250921,5095.81337684
5,4,SERVICIOS ECONOMICOS,8,Seguros y Finanzas,176.45693182,4323.93984645,11818.84061308,2026,2026-05,True,11607.3937,186.63280638,4573.29173671,12500.4065812
5,5,DEUDA PUBLICA,1,Servicio de la Deuda Pública (intereses y gastos),2076136.04378468,2076136.04378468,2078995.48486971,2026,2026-05,True,11607.3937,2195862.14205091,2195862.14205091,2198886.48067498
6,1,ADMINISTRACION GUBERNAMENTAL,1,Legislativa,60948.73948521,63036.90839299,47817.55621268,2026,2026-06,True,11826.4103,63269.69838471,65437.38582317,49638.47299589
6,1,ADMINISTRACION GUBERNAMENTAL,2,Judicial,384716.76195571,477093.8900308,286881.91054315,2026,2026-06,True,11826.4103,399366.97129542,495261.86724114,297806.51914057
6,1,ADMINISTRACION GUBERNAMENTAL,3,Dirección Superior Ejecutiva,27118.70386202,31678.52995757,21758.58097285,2026,2026-06,True,11826.4103,28151.39785378,32884.8644388,22587.1587675
6,1,ADMINISTRACION GUBERNAMENTAL,4,Relaciones Exteriores,52521.92419628,97370.90908172,90563.5186451,2026,2026-06,True,11826.4103,54521.98569734,101078.84266484,94012.22334917
6,1,ADMINISTRACION GUBERNAMENTAL,5,Relaciones Interiores,69969.20005976,72154.7438616,41044.28028738,2026,2026-06,True,11826.4103,72633.66267115,74902.433089,42607.26728943
6,1,ADMINISTRACION GUBERNAMENTAL,6,Administración Fiscal,8820.5304434,14097.20956158,7972.07171174,2026,2026-06,True,11826.4103,9156.42071453,14634.03844872,8275.65224422
6,1,ADMINISTRACION GUBERNAMENTAL,7,Control de la Gestión Pública,15062.35251466,15320.05424535,7988.17246345,2026,2026-06,True,11826.4103,15635.93453476,15903.449678,8292.36612072
6,1,ADMINISTRACION GUBERNAMENTAL,8,Información y Estadística Básicas,2970.47226034,6322.15202142,2913.41078697,2026,2026-06,True,11826.4103,3083.58934999,6562.90277561,3024.35494678
6,2,SERVICIOS DE DEFENSA Y SEGURIDAD,1,Defensa,229421.38673352,252995.48236084,177313.86560728,2026,2026-06,True,11826.4103,238157.86945282,262629.67859327,184066.06750453
6,2,SERVICIOS DE DEFENSA Y SEGURIDAD,2,Seguridad Interior,168062.7110106,370157.63959512,268535.25000891,2026,2026-06,True,11826.4103,174462.62425064,384253.43017413,278761.20847176
6,2,SERVICIOS DE DEFENSA Y SEGURIDAD,3,Sistema Penal,18060.33319808,71799.48970676,50106.88287923,2026,2026-06,True,11826.4103,18748.07984252,74533.65067584,52014.97838255
6,2,SERVICIOS DE DEFENSA Y SEGURIDAD,4,Inteligencia,45698.88874721,25192.90359865,16212.69089626,2026,2026-06,True,11826.4103,47439.12559921,26152.26214003,16830.07838513
6,3,SERVICIOS SOCIALES,1,Salud,982698.29170467,1022870.86747893,819191.12798395,2026,2026-06,True,11826.4103,1020119.94086303,1061822.30868955,850386.34145266
6,3,SERVICIOS SOCIALES,2,Promoción y Asistencia Social,299757.21148959,304735.0130173,26481.287458,2026,2026-06,True,11826.4103,311172.1180746,316339.47680814,27489.70830993
6,3,SERVICIOS SOCIALES,3,Seguridad Social,10638787.53015055,10639214.9256775,10555507.488619,2026,2026-06,True,11826.4103,11043917.95297143,11044361.62393673,10957466.56523689
6,3,SERVICIOS SOCIALES,4,Educación y Cultura,956192.12796722,987175.38556918,224788.46091125,2026,2026-06,True,11826.4103,992604.40897232,1024767.52473171,233348.51946643
6,3,SERVICIOS SOCIALES,5,"Ciencia, Tecnología e Innovación",230341.33575892,242627.06221922,124861.8620185,2026,2026-06,True,11826.4103,239112.85060351,251866.42375606,129616.66502687
6,3,SERVICIOS SOCIALES,6,Trabajo,83234.58900368,91866.2679519,15313.96677777,2026,2026-06,True,11826.4103,86404.20435137,95364.58201004,15897.13039657
6,3,SERVICIOS SOCIALES,7,Vivienda y Urbanismo,1452.72899449,1532.78118725,1180.76675024,2026,2026-06,True,11826.4103,1508.04965111,1591.15027195,1225.73094672
6,3,SERVICIOS SOCIALES,8,Agua Potable y Alcantarillado,14126.32401072,14208.50757186,10563.01566196,2026,2026-06,True,11826.4103,14664.26159084,14749.57474365,10965.26065363
6,4,SERVICIOS ECONOMICOS,1,"Energía, Combustibles y Minería",796973.30971384,824862.28420993,771062.14204649,2026,2026-06,True,11826.4103,827322.45739879,856273.45818289,800424.57933017
6,4,SERVICIOS ECONOMICOS,2,Comunicaciones,10995.27067339,18779.70273031,8565.70916934,2026,2026-06,True,11826.4103,11413.97615504,19494.84333125,8891.89571717
6,4,SERVICIOS ECONOMICOS,3,Transporte,453556.12469859,479664.15105142,299686.67050385,2026,2026-06,True,11826.4103,470827.77187186,497930.0051045,311098.89085236
6,4,SERVICIOS ECONOMICOS,4,Ecología y Desarrollo Sostenible,15338.48934331,23544.84763396,14774.73679061,2026,2026-06,True,11826.4103,15922.58679384,24441.44736867,15337.36625812
6,4,SERVICIOS ECONOMICOS,5,"Agricultura, Ganadería y Pesca",35686.19764267,45703.36580823,19042.64866418,2026,2026-06,True,11826.4103,37045.14614116,47443.77314899,19767.80237959
6,4,SERVICIOS ECONOMICOS,6,Industria,17161.41358835,19398.30342386,11049.97706002,2026,2026-06,True,11826.4103,17814.92891832,20137.00065283,11470.7657886
6,4,SERVICIOS ECONOMICOS,7,"Comercio, Turismo y Otros Servicios",12244.98433417,14151.88728818,7116.4192582,2026,2026-06,True,11826.4103,12711.2795456,14690.79833086,7387.41611145
6,4,SERVICIOS ECONOMICOS,8,Seguros y Finanzas,7981.87531413,12906.38099252,4088.1940342,2026,2026-06,True,11826.4103,8285.82917276,13397.86252402,4243.87453566
6,5,DEUDA PUBLICA,1,Servicio de la Deuda Pública (intereses y gastos),2509867.99581525,2509867.99581525,839122.28538939,2026,2026-06,True,11826.4103,2605445.04155355,2605445.04155355,871076.48743683
7,1,ADMINISTRACION GUBERNAMENTAL,1,Legislativa,44061.22004328,40309.83578623,60177.76442689,2026,2026-07,True,12076.3937,44792.28663652,40978.65917091,61176.23775979
7,1,ADMINISTRACION GUBERNAMENTAL,2,Judicial,340436.85401436,305331.18250921,425279.94263013,2026,2026-07,True,12076.3937,346085.4041642,310397.25710241,432336.21475619
7,1,ADMINISTRACION GUBERNAMENTAL,3,Dirección Superior Ejecutiva,21850.54552477,22615.95650455,31298.66215125,2026,2026-07,True,12076.3937,22213.09117969,22991.20190761,31817.97156414
7,1,ADMINISTRACION GUBERNAMENTAL,4,Relaciones Exteriores,3785.20629859,43878.17710763,49583.08950092,2026,2026-07,True,12076.3937,3848.01068464,44606.20664072,50405.7753069
7,1,ADMINISTRACION GUBERNAMENTAL,5,Relaciones Interiores,55167.60140093,59919.30053338,77201.1347804,2026,2026-07,True,12076.3937,56082.94578708,60913.48541676,78482.06096771
7,1,ADMINISTRACION GUBERNAMENTAL,6,Administración Fiscal,4669.82848624,5169.0582709,9187.05496152,2026,2026-07,True,12076.3937,4747.31058045,5254.82361777,9339.48716757
7,1,ADMINISTRACION GUBERNAMENTAL,7,Control de la Gestión Pública,10281.53558603,10368.70188758,15146.82982842,2026,2026-07,True,12076.3937,10452.12748491,10540.74005533,15398.14700189
7,1,ADMINISTRACION GUBERNAMENTAL,8,Información y Estadística Básicas,309.03324995,3496.22347645,5890.32526883,2026,2026-07,True,12076.3937,314.16074948,3554.23304095,5988.05792406
7,2,SERVICIOS DE DEFENSA Y SEGURIDAD,1,Defensa,52313.85523464,231278.88198841,309354.35702505,2026,2026-07,True,12076.3937,53181.85008108,235116.27605461,314487.18438825
7,2,SERVICIOS DE DEFENSA Y SEGURIDAD,2,Seguridad Interior,107588.13609368,298934.68900505,385310.83015845,2026,2026-07,True,12076.3937,109373.24535869,303894.63256715,391703.93220296
7,2,SERVICIOS DE DEFENSA Y SEGURIDAD,3,Sistema Penal,15250.39063681,49809.49196421,71046.14756941,2026,2026-07,True,12076.3937,15503.42609787,50635.9342544,72224.94981355
7,2,SERVICIOS DE DEFENSA Y SEGURIDAD,4,Inteligencia,21885.41441713,31860.60220166,38419.48232978,2026,2026-07,True,12076.3937,22248.53861895,32389.23535996,39056.94084848
7,3,SERVICIOS SOCIALES,1,Salud,586836.0239512,609174.9772923,703233.92930847,2026,2026-07,True,12076.3937,596572.84495613,619282.44764601,714902.03183593
7,3,SERVICIOS SOCIALES,2,Promoción y Asistencia Social,288626.02107174,296677.05954752,298003.33537104,2026,2026-07,True,12076.3937,293414.92255331,301599.54437664,302947.82585382
7,3,SERVICIOS SOCIALES,3,Seguridad Social,7461031.03264422,7459428.55336818,7685517.98080588,2026,2026-07,True,12076.3937,7584824.93879869,7583195.87108357,7813036.58882422
7,3,SERVICIOS SOCIALES,4,Educación y Cultura,148120.5843686,174596.68088266,901563.78356946,2026,2026-07,True,12076.3937,150578.210619,177493.60022712,916522.58777858
7,3,SERVICIOS SOCIALES,5,"Ciencia, Tecnología e Innovación",115046.10267526,126457.10587426,240277.68668856,2026,2026-07,True,12076.3937,116954.95500086,128555.29029792,244264.38950038
7,3,SERVICIOS SOCIALES,6,Trabajo,-14184.32260569,18775.59299903,96187.42020339,2026,2026-07,True,12076.3937,-14419.6697975,19087.11884412,97783.36805802
7,3,SERVICIOS SOCIALES,7,Vivienda y Urbanismo,6018.78947524,5655.13592368,6260.61893804,2026,2026-07,True,12076.3937,6118.65361683,5748.96630218,6364.49552961
7,3,SERVICIOS SOCIALES,8,Agua Potable y Alcantarillado,4010.87776107,3874.23611029,5068.3465838,2026,2026-07,True,12076.3937,4077.42650252,3938.51768469,5152.44091588
7,4,SERVICIOS ECONOMICOS,1,"Energía, Combustibles y Minería",1571174.95258631,858601.8531085,866480.97652665,2026,2026-07,True,12076.3937,1597243.98832436,872847.83020774,880857.68454776
7,4,SERVICIOS ECONOMICOS,2,Comunicaciones,6920.99466682,12110.93648207,18243.82390599,2026,2026-07,True,12076.3937,7035.8282549,12311.88191813,18546.52660413
7,4,SERVICIOS ECONOMICOS,3,Transporte,175528.60832675,187976.89973389,363863.44677231,2026,2026-07,True,12076.3937,178440.99027122,191095.82452901,369900.692454
7,4,SERVICIOS ECONOMICOS,4,Ecología y Desarrollo Sostenible,3745.75438853,6909.22089731,13762.51921499,2026,2026-07,True,12076.3937,3807.90418595,7023.85913425,13990.86781784
7,4,SERVICIOS ECONOMICOS,5,"Agricultura, Ganadería y Pesca",8139.61587513,21191.15312272,36948.87894071,2026,2026-07,True,12076.3937,8274.66890458,21542.75809655,37561.93711351
7,4,SERVICIOS ECONOMICOS,6,Industria,8479.97631638,11226.24043235,15830.9215055,2026,2026-07,True,12076.3937,8620.67662813,11412.50693472,16093.58917202
7,4,SERVICIOS ECONOMICOS,7,"Comercio, Turismo y Otros Servicios",2874.52343915,3181.20554864,5776.04731604,2026,2026-07,True,12076.3937,2922.2177167,3233.98831545,5871.88386413
7,4,SERVICIOS ECONOMICOS,8,Seguros y Finanzas,2398.57470253,6053.6046999,9682.33757197,2026,2026-07,True,12076.3937,2438.37200807,6154.04649794,9842.98753891
7,5,DEUDA PUBLICA,1,Servicio de la Deuda Pública (intereses y gastos),329920.4384873,329920.4384873,2005415.22975663,2026,2026-07,True,12076.3937,335394.49959519,335394.49959519,2038689.20806701
8,1,ADMINISTRACION GUBERNAMENTAL,1,Legislativa,46725.12927153,46143.04067908,48190.23259721,2026,2026-08,True,12276.766,46725.12927153,46143.04067908,48190.23259721
8,1,ADMINISTRACION GUBERNAMENTAL,2,Judicial,286201.06782546,314868.9143105,311434.11925832,2026,2026-08,True,12276.766,286201.06782546,314868.9143105,311434.11925832
8,1,ADMINISTRACION GUBERNAMENTAL,3,Dirección Superior Ejecutiva,23244.89025371,29049.31506894,27011.0931275,2026,2026-08,True,12276.766,23244.89025371,29049.31506894,27011.0931275
8,1,ADMINISTRACION GUBERNAMENTAL,4,Relaciones Exteriores,7780.69044857,42860.0551678,43783.26891132,2026,2026-08,True,12276.766,7780.69044857,42860.0551678,43783.26891132
8,1,ADMINISTRACION GUBERNAMENTAL,5,Relaciones Interiores,23205.84323927,33200.37945297,34846.46381993,2026,2026-08,True,12276.766,23205.84323927,33200.37945297,34846.46381993
8,1,ADMINISTRACION GUBERNAMENTAL,6,Administración Fiscal,19749.14913443,9875.24560983,8563.21454324,2026,2026-08,True,12276.766,19749.14913443,9875.24560983,8563.21454324
8,1,ADMINISTRACION GUBERNAMENTAL,7,Control de la Gestión Pública,11115.54410522,10611.53721255,10490.34287465,2026,2026-08,True,12276.766,11115.54410522,10611.53721255,10490.34287465
8,1,ADMINISTRACION GUBERNAMENTAL,8,Información y Estadística Básicas,1232.27499196,3299.32908235,3887.8199212,2026,2026-08,True,12276.766,1232.27499196,3299.32908235,3887.8199212
8,2,SERVICIOS DE DEFENSA Y SEGURIDAD,1,Defensa,71268.07655651,256828.2756579,244010.36924696,2026,2026-08,True,12276.766,71268.07655651,256828.2756579,244010.36924696
8,2,SERVICIOS DE DEFENSA Y SEGURIDAD,2,Seguridad Interior,94142.89889154,281071.24166313,272311.43079756,2026,2026-08,True,12276.766,94142.89889154,281071.24166313,272311.43079756
8,2,SERVICIOS DE DEFENSA Y SEGURIDAD,3,Sistema Penal,23073.97149812,61955.05527838,52379.70213035,2026,2026-08,True,12276.766,23073.97149812,61955.05527838,52379.70213035
8,2,SERVICIOS DE DEFENSA Y SEGURIDAD,4,Inteligencia,22262.97865432,36093.101207,31716.00077873,2026,2026-08,True,12276.766,22262.97865432,36093.101207,31716.00077873
8,3,SERVICIOS SOCIALES,1,Salud,653229.74219184,701626.08388195,696814.96061149,2026,2026-08,True,12276.766,653229.74219184,701626.08388195,696814.96061149
8,3,SERVICIOS SOCIALES,2,Promoción y Asistencia Social,294516.40459515,303220.49557962,310853.4896032,2026,2026-08,True,12276.766,294516.40459515,303220.49557962,310853.4896032
8,3,SERVICIOS SOCIALES,3,Seguridad Social,7001400.91494872,7001987.04389887,6919204.82380449,2026,2026-08,True,12276.766,7001400.91494872,7001987.04389887,6919204.82380449
8,3,SERVICIOS SOCIALES,4,Educación y Cultura,583644.80875574,622799.3109706,638607.27565834,2026,2026-08,True,12276.766,583644.80875574,622799.3109706,638607.27565834
8,3,SERVICIOS SOCIALES,5,"Ciencia, Tecnología e Innovación",133056.11550635,144459.8257068,143792.64561409,2026,2026-08,True,12276.766,133056.11550635,144459.8257068,143792.64561409
8,3,SERVICIOS SOCIALES,6,Trabajo,13206.38843719,14436.50614843,17291.4129799,2026,2026-08,True,12276.766,13206.38843719,14436.50614843,17291.4129799
8,3,SERVICIOS SOCIALES,7,Vivienda y Urbanismo,5701.63460049,5906.38493322,5557.24540297,2026,2026-08,True,12276.766,5701.63460049,5906.38493322,5557.24540297
8,3,SERVICIOS SOCIALES,8,Agua Potable y Alcantarillado,44352.21527836,44590.65408559,48118.59976638,2026,2026-08,True,12276.766,44352.21527836,44590.65408559,48118.59976638
8,4,SERVICIOS ECONOMICOS,1,"Energía, Combustibles y Minería",193561.35977953,920632.01499106,935861.49241271,2026,2026-08,True,12276.766,193561.35977953,920632.01499106,935861.49241271
8,4,SERVICIOS ECONOMICOS,2,Comunicaciones,8782.31899104,13530.09997543,12998.39631965,2026,2026-08,True,12276.766,8782.31899104,13530.09997543,12998.39631965
8,4,SERVICIOS ECONOMICOS,3,Transporte,279165.60298111,292106.72523419,345292.27867727,2026,2026-08,True,12276.766,279165.60298111,292106.72523419,345292.27867727
8,4,SERVICIOS ECONOMICOS,4,Ecología y Desarrollo Sostenible,15289.72290566,13703.02380007,13614.50555396,2026,2026-08,True,12276.766,15289.72290566,13703.02380007,13614.50555396
8,4,SERVICIOS ECONOMICOS,5,"Agricultura, Ganadería y Pesca",8393.2225612,26422.81580328,24983.64043218,2026,2026-08,True,12276.766,8393.2225612,26422.81580328,24983.64043218
8,4,SERVICIOS ECONOMICOS,6,Industria,9843.0570065,13467.63370543,12636.85460054,2026,2026-08,True,12276.766,9843.0570065,13467.63370543,12636.85460054
8,4,SERVICIOS ECONOMICOS,7,"Comercio, Turismo y Otros Servicios",4668.27652538,4139.83893563,8684.96655092,2026,2026-08,True,12276.766,4668.27652538,4139.83893563,8684.96655092
8,4,SERVICIOS ECONOMICOS,8,Seguros y Finanzas,3238.98482494,7214.10720848,6500.57296086,2026,2026-08,True,12276.766,3238.98482494,7214.10720848,6500.57296086
8,5,DEUDA PUBLICA,1,Servicio de la Deuda Pública (intereses y gastos),2558184.54671467,2558184.54671467,2468174.86714294,2026,2026-08,True,12276.766,2558184.54671467,2558184.54671467,2468174.86714294
9,1,ADMINISTRACION GUBERNAMENTAL,1,Legislativa,7138.52952398,12949.16964693,14316.48242989,2026,2026-09,False,,,,
9,1,ADMINISTRACION GUBERNAMENTAL,2,Judicial,52458.2722454,43243.58678257,133054.54560941,2026,2026-09,False,,,,
9,1,ADMINISTRACION GUBERNAMENTAL,3,Dirección Superior Ejecutiva,2927.15499321,3989.82543999,8941.83580884,2026,2026-09,False,,,,
9,1,ADMINISTRACION GUBERNAMENTAL,4,Relaciones Exteriores,187770.35748032,181137.78965588,165171.14146253,2026,2026-09,False,,,,
9,1,ADMINISTRACION GUBERNAMENTAL,5,Relaciones Interiores,36095.35114618,36288.68545919,48512.02675399,2026,2026-09,False,,,,
9,1,ADMINISTRACION GUBERNAMENTAL,6,Administración Fiscal,795.19995491,1690.06705254,5076.86757704,2026,2026-09,False,,,,
9,1,ADMINISTRACION GUBERNAMENTAL,7,Control de la Gestión Pública,77.77751204,988.76041296,10921.57530671,2026,2026-09,False,,,,
9,1,ADMINISTRACION GUBERNAMENTAL,8,Información y Estadística Básicas,384.68125089,1433.49123791,1435.51750456,2026,2026-09,False,,,,
9,2,SERVICIOS DE DEFENSA Y SEGURIDAD,1,Defensa,71797.17904986,64258.82610014,112297.63057694,2026,2026-09,False,,,,
9,2,SERVICIOS DE DEFENSA Y SEGURIDAD,2,Seguridad Interior,-24775.99602044,32765.52776864,113091.96233958,2026,2026-09,False,,,,
9,2,SERVICIOS DE DEFENSA Y SEGURIDAD,3,Sistema Penal,4101.81575523,5440.42721922,33812.07663209,2026,2026-09,False,,,,
9,2,SERVICIOS DE DEFENSA Y SEGURIDAD,4,Inteligencia,16099.74015089,16014.15122537,2401.85843067,2026,2026-09,False,,,,
9,3,SERVICIOS SOCIALES,1,Salud,481342.27494096,483936.90219687,265861.85197542,2026,2026-09,False,,,,
9,3,SERVICIOS SOCIALES,2,Promoción y Asistencia Social,20116.39805807,20483.01668135,288555.52851647,2026,2026-09,False,,,,
9,3,SERVICIOS SOCIALES,3,Seguridad Social,1870968.516922,1673202.37179256,922676.37186152,2026,2026-09,False,,,,
9,3,SERVICIOS SOCIALES,4,Educación y Cultura,542762.51509014,547316.93692815,579082.00792837,2026,2026-09,False,,,,
9,3,SERVICIOS SOCIALES,5,"Ciencia, Tecnología e Innovación",15087.34163072,22421.4005305,107925.77950887,2026,2026-09,False,,,,
9,3,SERVICIOS SOCIALES,6,Trabajo,78295.97477158,78301.85699336,71302.8416033,2026,2026-09,False,,,,
9,3,SERVICIOS SOCIALES,7,Vivienda y Urbanismo,9.66616044,51.35683341,408.93502629,2026,2026-09,False,,,,
9,3,SERVICIOS SOCIALES,8,Agua Potable y Alcantarillado,3053.92072308,2913.31360683,591.12086582,2026,2026-09,False,,,,
9,4,SERVICIOS ECONOMICOS,1,"Energía, Combustibles y Minería",1001783.8752261,567295.15634875,586336.09617082,2026,2026-09,False,,,,
9,4,SERVICIOS ECONOMICOS,2,Comunicaciones,3533.00126693,3741.37446578,11553.20104346,2026,2026-09,False,,,,
9,4,SERVICIOS ECONOMICOS,3,Transporte,139039.47455648,145300.42779303,249168.89645925,2026,2026-09,False,,,,
9,4,SERVICIOS ECONOMICOS,4,Ecología y Desarrollo Sostenible,3177.82011581,6045.9472182,11132.09852405,2026,2026-09,False,,,,
9,4,SERVICIOS ECONOMICOS,5,"Agricultura, Ganadería y Pesca",9218.05470465,11191.39941622,24474.63828001,2026,2026-09,False,,,,
9,4,SERVICIOS ECONOMICOS,6,Industria,1710.88145983,3040.2258212,9453.15298917,2026,2026-09,False,,,,
9,4,SERVICIOS ECONOMICOS,7,"Comercio, Turismo y Otros Servicios",1379.50655767,964.44518556,1112.44968339,2026,2026-09,False,,,,
9,4,SERVICIOS ECONOMICOS,8,Seguros y Finanzas,2249.00584362,1965.14684049,7163.08273917,2026,2026-09,False,,,,
9,5,DEUDA PUBLICA,1,Servicio de la Deuda Pública (intereses y gastos),172172.05819369,172172.05819369,207989.16722385,2026,2026-09,False,,,,
