ano,provincia,impuesto,regimen,monto,provincia_id,destino_provincial
2003,buenos aires,coparticipacion federal de impuestos ley 23548,coparticipacion federal de impuestos ley 23548,2787.1198,6.0,True
2003,buenos aires,transferencia de servicios ley 24049,transferencia de servicios ley 24049,443.76,6.0,True
2003,buenos aires,impuesto a las ganancias,obras de infraestructura basica social,650.0,6.0,True
2003,buenos aires,impuesto a las ganancias,ley 24699,97.0981,6.0,True
2003,buenos aires,impuesto sobre los bienes personales,ley 24699,186.029,6.0,True
2003,buenos aires,impuesto sobre los bienes personales,ley 23966 art 30,44.2881,6.0,True
2003,buenos aires,impuesto sobre los activos fondo educacion ley 23906,impuesto sobre los activos fondo educacion ley 23906,0.5012,6.0,True
2003,buenos aires,i.v.a.ley 23966 art 5 punto 2,i.v.a.ley 23966 art 5 punto 2,58.6912,6.0,True
2003,buenos aires,impuesto a los combustibles liquidos ley 23966 y 24699,vialidad provincial,55.7403,6.0,True
2003,buenos aires,impuesto a los combustibles liquidos ley 23966 y 24699,f.e.d.e.i.,0.759,6.0,True
2003,buenos aires,impuesto a los combustibles liquidos ley 23966 y 24699,ley 24464 fo.na.vi,79.4812,6.0,True
2003,buenos aires,regimen de energia electrica ley 24065,fondo para compensaciones de tarifa electrica,4.2717,6.0,True
2003,buenos aires,regimen de energia electrica ley 24065,f.e.d.e.i.,1.114,6.0,True
2003,buenos aires,regimen simplificado para pequeños contribuyentes ley 24977 art 59 inciso a,regimen simplificado para pequeños contribuyentes ley 24977 art 59 inciso a,18.6763,6.0,True
2003,catamarca,coparticipacion federal de impuestos ley 23548,coparticipacion federal de impuestos ley 23548,349.5743,10.0,True
2003,catamarca,transferencia de servicios ley 24049,transferencia de servicios ley 24049,21.4,10.0,True
2003,catamarca,impuesto a las ganancias,obras de infraestructura basica social,10.2384,10.0,True
2003,catamarca,impuesto a las ganancias,excedente obras de caracter social a buenos aires,26.2658,10.0,True
2003,catamarca,impuesto a las ganancias,ley 24699,12.1784,10.0,True
2003,catamarca,impuesto sobre los bienes personales,ley 24699,23.3327,10.0,True
2003,catamarca,impuesto sobre los activos fondo educacion ley 23906,impuesto sobre los activos fondo educacion ley 23906,0.0375,10.0,True
2003,catamarca,impuesto a los combustibles liquidos ley 23966 y 24699,obras de infraestructura,3.0262,10.0,True
2003,catamarca,impuesto a los combustibles liquidos ley 23966 y 24699,vialidad provincial,5.1926,10.0,True
2003,catamarca,impuesto a los combustibles liquidos ley 23966 y 24699,f.e.d.e.i.,2.9221,10.0,True
2003,catamarca,impuesto a los combustibles liquidos ley 23966 y 24699,ley 24464 fo.na.vi,11.5111,10.0,True
2003,catamarca,regimen de energia electrica ley 24065,fondo para compensaciones de tarifa electrica,6.0562,10.0,True
2003,catamarca,regimen de energia electrica ley 24065,f.e.d.e.i.,4.018,10.0,True
2003,catamarca,fondo compensador de desequilibrios,fondo compensador de desequilibrios,26.4759,10.0,True
2003,catamarca,regimen simplificado para pequeños contribuyentes ley 24977 art 59 inciso a,regimen simplificado para pequeños contribuyentes ley 24977 art 59 inciso a,2.3425,10.0,True
2003,cordoba,coparticipacion federal de impuestos ley 23548,coparticipacion federal de impuestos ley 23548,1126.9493,14.0,True
2003,cordoba,transferencia de servicios ley 24049,transferencia de servicios ley 24049,125.3,14.0,True
2003,cordoba,impuesto a las ganancias,obras de infraestructura basica social,57.2637,14.0,True
2003,cordoba,impuesto a las ganancias,excedente obras de caracter social a buenos aires,84.6737,14.0,True
2003,cordoba,impuesto a las ganancias,ley 24699,39.2602,14.0,True
2003,cordoba,impuesto sobre los bienes personales,ley 24699,75.2193,14.0,True
2003,cordoba,impuesto sobre los bienes personales,ley 23966 art 30,15.1246,14.0,True
2003,cordoba,impuesto sobre los activos fondo educacion ley 23906,impuesto sobre los activos fondo educacion ley 23906,0.1387,14.0,True
2003,cordoba,i.v.a.ley 23966 art 5 punto 2,i.v.a.ley 23966 art 5 punto 2,20.0433,14.0,True
2003,cordoba,impuesto a los combustibles liquidos ley 23966 y 24699,obras de infraestructura,9.7556,14.0,True
2003,cordoba,impuesto a los combustibles liquidos ley 23966 y 24699,vialidad provincial,15.7707,14.0,True
2003,cordoba,impuesto a los combustibles liquidos ley 23966 y 24699,f.e.d.e.i.,1.9548,14.0,True
2003,cordoba,impuesto a los combustibles liquidos ley 23966 y 24699,ley 24464 fo.na.vi,30.9703,14.0,True
2003,cordoba,regimen de energia electrica ley 24065,fondo para compensaciones de tarifa electrica,4.2577,14.0,True
2003,cordoba,regimen de energia electrica ley 24065,f.e.d.e.i.,2.7565,14.0,True
2003,cordoba,fondo compensador de desequilibrios,fondo compensador de desequilibrios,6.0173,14.0,True
2003,cordoba,regimen simplificado para pequeños contribuyentes ley 24977 art 59 inciso a,regimen simplificado para pequeños contribuyentes ley 24977 art 59 inciso a,7.5517,14.0,True
2003,corrientes,coparticipacion federal de impuestos ley 23548,coparticipacion federal de impuestos ley 23548,471.8031,18.0,True
2003,corrientes,transferencia de servicios ley 24049,transferencia de servicios ley 24049,38.6,18.0,True
2003,corrientes,impuesto a las ganancias,obras de infraestructura basica social,34.3582,18.0,True
2003,corrientes,impuesto a las ganancias,excedente obras de caracter social a buenos aires,35.4498,18.0,True
2003,corrientes,impuesto a las ganancias,ley 24699,16.4365,18.0,True
2003,corrientes,impuesto sobre los bienes personales,ley 24699,31.491,18.0,True
2003,corrientes,impuesto sobre los bienes personales,ley 23966 art 30,4.8361,18.0,True
2003,corrientes,impuesto sobre los activos fondo educacion ley 23906,impuesto sobre los activos fondo educacion ley 23906,0.0622,18.0,True
2003,corrientes,i.v.a.ley 23966 art 5 punto 2,i.v.a.ley 23966 art 5 punto 2,6.4089,18.0,True
2003,corrientes,impuesto a los combustibles liquidos ley 23966 y 24699,obras de infraestructura,4.0842,18.0,True
2003,corrientes,impuesto a los combustibles liquidos ley 23966 y 24699,vialidad provincial,5.9421,18.0,True
2003,corrientes,impuesto a los combustibles liquidos ley 23966 y 24699,f.e.d.e.i.,2.4707,18.0,True
2003,corrientes,impuesto a los combustibles liquidos ley 23966 y 24699,ley 24464 fo.na.vi,27.1332,18.0,True
2003,corrientes,regimen de energia electrica ley 24065,fondo para compensaciones de tarifa electrica,5.0851,18.0,True
2003,corrientes,regimen de energia electrica ley 24065,f.e.d.e.i.,3.1043,18.0,True
2003,corrientes,fondo compensador de desequilibrios,fondo compensador de desequilibrios,18.0518,18.0,True
2003,corrientes,regimen simplificado para pequeños contribuyentes ley 24977 art 59 inciso a,regimen simplificado para pequeños contribuyentes ley 24977 art 59 inciso a,3.1615,18.0,True
2003,chaco,coparticipacion federal de impuestos ley 23548,coparticipacion federal de impuestos ley 23548,633.1451,22.0,True
2003,chaco,transferencia de servicios ley 24049,transferencia de servicios ley 24049,33.6,22.0,True
2003,chaco,impuesto a las ganancias,obras de infraestructura basica social,45.5729,22.0,True
2003,chaco,impuesto a las ganancias,excedente obras de caracter social a buenos aires,47.5719,22.0,True
2003,chaco,impuesto a las ganancias,ley 24699,22.0571,22.0,True
2003,chaco,impuesto sobre los bienes personales,ley 24699,42.2599,22.0,True
2003,chaco,impuesto sobre los bienes personales,ley 23966 art 30,3.802,22.0,True
2003,chaco,impuesto sobre los activos fondo educacion ley 23906,impuesto sobre los activos fondo educacion ley 23906,0.0813,22.0,True
2003,chaco,i.v.a.ley 23966 art 5 punto 2,i.v.a.ley 23966 art 5 punto 2,5.0385,22.0,True
2003,chaco,impuesto a los combustibles liquidos ley 23966 y 24699,obras de infraestructura,5.481,22.0,True
2003,chaco,impuesto a los combustibles liquidos ley 23966 y 24699,vialidad provincial,7.5125,22.0,True
2003,chaco,impuesto a los combustibles liquidos ley 23966 y 24699,f.e.d.e.i.,2.6302,22.0,True
2003,chaco,impuesto a los combustibles liquidos ley 23966 y 24699,ley 24464 fo.na.vi,25.2147,22.0,True
2003,chaco,regimen de energia electrica ley 24065,fondo para compensaciones de tarifa electrica,6.0884,22.0,True
2003,chaco,regimen de energia electrica ley 24065,f.e.d.e.i.,3.7064,22.0,True
2003,chaco,fondo compensador de desequilibrios,fondo compensador de desequilibrios,6.0173,22.0,True
2003,chaco,regimen simplificado para pequeños contribuyentes ley 24977 art 59 inciso a,regimen simplificado para pequeños contribuyentes ley 24977 art 59 inciso a,4.2427,22.0,True
2003,chubut,coparticipacion federal de impuestos ley 23548,coparticipacion federal de impuestos ley 23548,200.72,26.0,True
2003,chubut,transferencia de servicios ley 24049,transferencia de servicios ley 24049,24.2,26.0,True
2003,chubut,impuesto a las ganancias,obras de infraestructura basica social,10.6072,26.0,True
2003,chubut,impuesto a las ganancias,excedente obras de caracter social a buenos aires,15.0814,26.0,True
2003,chubut,impuesto a las ganancias,ley 24699,6.9929,26.0,True
2003,chubut,impuesto sobre los bienes personales,ley 24699,13.3972,26.0,True
2003,chubut,impuesto sobre los bienes personales,ley 23966 art 30,1.4873,26.0,True
2003,chubut,impuesto sobre los activos fondo educacion ley 23906,impuesto sobre los activos fondo educacion ley 23906,0.0375,26.0,True
2003,chubut,i.v.a.ley 23966 art 5 punto 2,i.v.a.ley 23966 art 5 punto 2,1.971,26.0,True
2003,chubut,impuesto a los combustibles liquidos ley 23966 y 24699,obras de infraestructura,1.7376,26.0,True
2003,chubut,impuesto a los combustibles liquidos ley 23966 y 24699,vialidad provincial,6.242,26.0,True
2003,chubut,impuesto a los combustibles liquidos ley 23966 y 24699,f.e.d.e.i.,2.7582,26.0,True
2003,chubut,impuesto a los combustibles liquidos ley 23966 y 24699,ley 24464 fo.na.vi,17.5407,26.0,True
2003,chubut,regimen de energia electrica ley 24065,fondo para compensaciones de tarifa electrica,15.3685,26.0,True
2003,chubut,regimen de energia electrica ley 24065,f.e.d.e.i.,3.8861,26.0,True
2003,chubut,fondo compensador de desequilibrios,fondo compensador de desequilibrios,36.1035,26.0,True
2003,chubut,regimen simplificado para pequeños contribuyentes ley 24977 art 59 inciso a,regimen simplificado para pequeños contribuyentes ley 24977 art 59 inciso a,1.345,26.0,True
2003,entre rios,coparticipacion federal de impuestos ley 23548,coparticipacion federal de impuestos ley 23548,619.6999,30.0,True
2003,entre rios,transferencia de servicios ley 24049,transferencia de servicios ley 24049,67.5,30.0,True
2003,entre rios,impuesto a las ganancias,obras de infraestructura basica social,28.7714,30.0,True
2003,entre rios,impuesto a las ganancias,excedente obras de caracter social a buenos aires,46.5619,30.0,True
2003,entre rios,impuesto a las ganancias,ley 24699,21.5892,30.0,True
2003,entre rios,impuesto sobre los bienes personales,ley 24699,41.3625,30.0,True
2003,entre rios,impuesto sobre los bienes personales,ley 23966 art 30,6.5637,30.0,True
2003,entre rios,impuesto sobre los activos fondo educacion ley 23906,impuesto sobre los activos fondo educacion ley 23906,0.0644,30.0,True
2003,entre rios,i.v.a.ley 23966 art 5 punto 2,i.v.a.ley 23966 art 5 punto 2,8.6984,30.0,True
2003,entre rios,impuesto a los combustibles liquidos ley 23966 y 24699,obras de infraestructura,5.3645,30.0,True
2003,entre rios,impuesto a los combustibles liquidos ley 23966 y 24699,vialidad provincial,10.9745,30.0,True
2003,entre rios,impuesto a los combustibles liquidos ley 23966 y 24699,f.e.d.e.i.,2.2635,30.0,True
2003,entre rios,impuesto a los combustibles liquidos ley 23966 y 24699,ley 24464 fo.na.vi,21.3777,30.0,True
2003,entre rios,regimen de energia electrica ley 24065,fondo para compensaciones de tarifa electrica,6.0291,30.0,True
2003,entre rios,regimen de energia electrica ley 24065,f.e.d.e.i.,3.1897,30.0,True
2003,entre rios,fondo compensador de desequilibrios,fondo compensador de desequilibrios,21.6621,30.0,True
2003,entre rios,regimen simplificado para pequeños contribuyentes ley 24977 art 59 inciso a,regimen simplificado para pequeños contribuyentes ley 24977 art 59 inciso a,4.1526,30.0,True
2003,formosa,coparticipacion federal de impuestos ley 23548,coparticipacion federal de impuestos ley 23548,462.0248,34.0,True
2003,formosa,transferencia de servicios ley 24049,transferencia de servicios ley 24049,20.7,34.0,True
2003,formosa,impuesto a las ganancias,obras de infraestructura basica social,21.4714,34.0,True
2003,formosa,impuesto a las ganancias,excedente obras de caracter social a buenos aires,34.7151,34.0,True
2003,formosa,impuesto a las ganancias,ley 24699,16.0964,34.0,True
2003,formosa,impuesto sobre los bienes personales,ley 24699,30.8383,34.0,True
2003,formosa,impuesto sobre los bienes personales,ley 23966 art 30,1.7711,34.0,True
2003,formosa,impuesto sobre los activos fondo educacion ley 23906,impuesto sobre los activos fondo educacion ley 23906,0.0438,34.0,True
2003,formosa,i.v.a.ley 23966 art 5 punto 2,i.v.a.ley 23966 art 5 punto 2,2.347,34.0,True
2003,formosa,impuesto a los combustibles liquidos ley 23966 y 24699,obras de infraestructura,3.9996,34.0,True
2003,formosa,impuesto a los combustibles liquidos ley 23966 y 24699,vialidad provincial,4.2528,34.0,True
2003,formosa,impuesto a los combustibles liquidos ley 23966 y 24699,f.e.d.e.i.,3.0394,34.0,True
2003,formosa,impuesto a los combustibles liquidos ley 23966 y 24699,ley 24464 fo.na.vi,21.9258,34.0,True
2003,formosa,regimen de energia electrica ley 24065,fondo para compensaciones de tarifa electrica,8.0224,34.0,True
2003,formosa,regimen de energia electrica ley 24065,f.e.d.e.i.,4.2829,34.0,True
2003,formosa,fondo compensador de desequilibrios,fondo compensador de desequilibrios,26.4759,34.0,True
2003,formosa,regimen simplificado para pequeños contribuyentes ley 24977 art 59 inciso a,regimen simplificado para pequeños contribuyentes ley 24977 art 59 inciso a,3.096,34.0,True
2003,jujuy,coparticipacion federal de impuestos ley 23548,coparticipacion federal de impuestos ley 23548,360.5749,38.0,True
2003,jujuy,transferencia de servicios ley 24049,transferencia de servicios ley 24049,33.3,38.0,True
2003,jujuy,impuesto a las ganancias,obras de infraestructura basica social,24.9264,38.0,True
2003,jujuy,impuesto a las ganancias,excedente obras de caracter social a buenos aires,27.0926,38.0,True
2003,jujuy,impuesto a las ganancias,ley 24699,12.5622,38.0,True
2003,jujuy,impuesto sobre los bienes personales,ley 24699,24.0669,38.0,True
2003,jujuy,impuesto sobre los activos fondo educacion ley 23906,impuesto sobre los activos fondo educacion ley 23906,0.0399,38.0,True
2003,jujuy,impuesto a los combustibles liquidos ley 23966 y 24699,obras de infraestructura,3.1213,38.0,True
2003,jujuy,impuesto a los combustibles liquidos ley 23966 y 24699,vialidad provincial,4.8493,38.0,True
2003,jujuy,impuesto a los combustibles liquidos ley 23966 y 24699,f.e.d.e.i.,2.4524,38.0,True
2003,jujuy,impuesto a los combustibles liquidos ley 23966 y 24699,ley 24464 fo.na.vi,16.4444,38.0,True
2003,jujuy,regimen de energia electrica ley 24065,fondo para compensaciones de tarifa electrica,5.8951,38.0,True
2003,jujuy,regimen de energia electrica ley 24065,f.e.d.e.i.,3.4562,38.0,True
2003,jujuy,fondo compensador de desequilibrios,fondo compensador de desequilibrios,26.4759,38.0,True
2003,jujuy,regimen simplificado para pequeños contribuyentes ley 24977 art 59 inciso a,regimen simplificado para pequeños contribuyentes ley 24977 art 59 inciso a,2.4162,38.0,True
2003,la pampa,coparticipacion federal de impuestos ley 23548,coparticipacion federal de impuestos ley 23548,238.3461,42.0,True
2003,la pampa,transferencia de servicios ley 24049,transferencia de servicios ley 24049,19.2,42.0,True
2003,la pampa,impuesto a las ganancias,obras de infraestructura basica social,4.8053,42.0,True
2003,la pampa,impuesto a las ganancias,excedente obras de caracter social a buenos aires,17.9086,42.0,True
2003,la pampa,impuesto a las ganancias,ley 24699,8.303,42.0,True
2003,la pampa,impuesto sobre los bienes personales,ley 24699,15.9086,42.0,True
2003,la pampa,impuesto sobre los bienes personales,ley 23966 art 30,1.2812,42.0,True
2003,la pampa,impuesto sobre los activos fondo educacion ley 23906,impuesto sobre los activos fondo educacion ley 23906,0.0331,42.0,True
2003,la pampa,i.v.a.ley 23966 art 5 punto 2,i.v.a.ley 23966 art 5 punto 2,1.6979,42.0,True
2003,la pampa,impuesto a los combustibles liquidos ley 23966 y 24699,obras de infraestructura,2.0633,42.0,True
2003,la pampa,impuesto a los combustibles liquidos ley 23966 y 24699,vialidad provincial,6.4684,42.0,True
2003,la pampa,impuesto a los combustibles liquidos ley 23966 y 24699,f.e.d.e.i.,2.1758,42.0,True
2003,la pampa,impuesto a los combustibles liquidos ley 23966 y 24699,ley 24464 fo.na.vi,10.9629,42.0,True
2003,la pampa,regimen de energia electrica ley 24065,fondo para compensaciones de tarifa electrica,7.4719,42.0,True
2003,la pampa,regimen de energia electrica ley 24065,f.e.d.e.i.,3.0681,42.0,True
2003,la pampa,fondo compensador de desequilibrios,fondo compensador de desequilibrios,30.0863,42.0,True
2003,la pampa,regimen simplificado para pequeños contribuyentes ley 24977 art 59 inciso a,regimen simplificado para pequeños contribuyentes ley 24977 art 59 inciso a,1.5971,42.0,True
2003,la rioja,coparticipacion federal de impuestos ley 23548,coparticipacion federal de impuestos ley 23548,262.7919,46.0,True
2003,la rioja,transferencia de servicios ley 24049,transferencia de servicios ley 24049,20.3,46.0,True
2003,la rioja,impuesto a las ganancias,obras de infraestructura basica social,8.2122,46.0,True
2003,la rioja,impuesto a las ganancias,excedente obras de caracter social a buenos aires,19.7454,46.0,True
2003,la rioja,impuesto a las ganancias,ley 24699,9.1548,46.0,True
2003,la rioja,impuesto sobre los bienes personales,ley 24699,17.5403,46.0,True
2003,la rioja,impuesto sobre los activos fondo educacion ley 23906,impuesto sobre los activos fondo educacion ley 23906,0.0322,46.0,True
2003,la rioja,impuesto a los combustibles liquidos ley 23966 y 24699,obras de infraestructura,2.2749,46.0,True
2003,la rioja,impuesto a los combustibles liquidos ley 23966 y 24699,vialidad provincial,6.244,46.0,True
2003,la rioja,impuesto a los combustibles liquidos ley 23966 y 24699,f.e.d.e.i.,2.8682,46.0,True
2003,la rioja,impuesto a los combustibles liquidos ley 23966 y 24699,ley 24464 fo.na.vi,10.9629,46.0,True
2003,la rioja,regimen de energia electrica ley 24065,fondo para compensaciones de tarifa electrica,5.6198,46.0,True
2003,la rioja,regimen de energia electrica ley 24065,f.e.d.e.i.,4.0423,46.0,True
2003,la rioja,fondo compensador de desequilibrios,fondo compensador de desequilibrios,26.4759,46.0,True
2003,la rioja,regimen simplificado para pequeños contribuyentes ley 24977 art 59 inciso a,regimen simplificado para pequeños contribuyentes ley 24977 art 59 inciso a,1.761,46.0,True
2003,mendoza,coparticipacion federal de impuestos ley 23548,coparticipacion federal de impuestos ley 23548,529.2506,50.0,True
2003,mendoza,transferencia de servicios ley 24049,transferencia de servicios ley 24049,61.7,50.0,True
2003,mendoza,impuesto a las ganancias,obras de infraestructura basica social,34.1706,50.0,True
2003,mendoza,impuesto a las ganancias,excedente obras de caracter social a buenos aires,39.7661,50.0,True
2003,mendoza,impuesto a las ganancias,ley 24699,18.4376,50.0,True
2003,mendoza,impuesto sobre los bienes personales,ley 24699,35.3253,50.0,True
2003,mendoza,impuesto sobre los activos fondo educacion ley 23906,impuesto sobre los activos fondo educacion ley 23906,0.0684,50.0,True
2003,mendoza,impuesto a los combustibles liquidos ley 23966 y 24699,obras de infraestructura,4.5816,50.0,True
2003,mendoza,impuesto a los combustibles liquidos ley 23966 y 24699,vialidad provincial,10.1854,50.0,True
2003,mendoza,impuesto a los combustibles liquidos ley 23966 y 24699,f.e.d.e.i.,2.266,50.0,True
2003,mendoza,impuesto a los combustibles liquidos ley 23966 y 24699,ley 24464 fo.na.vi,21.9258,50.0,True
2003,mendoza,regimen de energia electrica ley 24065,fondo para compensaciones de tarifa electrica,4.2535,50.0,True
2003,mendoza,regimen de energia electrica ley 24065,f.e.d.e.i.,3.1376,50.0,True
2003,mendoza,fondo compensador de desequilibrios,fondo compensador de desequilibrios,26.4759,50.0,True
2003,mendoza,regimen simplificado para pequeños contribuyentes ley 24977 art 59 inciso a,regimen simplificado para pequeños contribuyentes ley 24977 art 59 inciso a,3.5465,50.0,True
2003,misiones,coparticipacion federal de impuestos ley 23548,coparticipacion federal de impuestos ley 23548,419.2447,54.0,True
2003,misiones,transferencia de servicios ley 24049,transferencia de servicios ley 24049,34.1,54.0,True
2003,misiones,impuesto a las ganancias,obras de infraestructura basica social,36.3892,54.0,True
2003,misiones,impuesto a las ganancias,excedente obras de caracter social a buenos aires,31.5001,54.0,True
2003,misiones,impuesto a las ganancias,ley 24699,14.606,54.0,True
2003,misiones,impuesto sobre los bienes personales,ley 24699,27.9829,54.0,True
2003,misiones,impuesto sobre los bienes personales,ley 23966 art 30,2.0764,54.0,True
2003,misiones,impuesto sobre los activos fondo educacion ley 23906,impuesto sobre los activos fondo educacion ley 23906,0.051,54.0,True
2003,misiones,i.v.a.ley 23966 art 5 punto 2,i.v.a.ley 23966 art 5 punto 2,2.7516,54.0,True
2003,misiones,impuesto a los combustibles liquidos ley 23966 y 24699,obras de infraestructura,3.6292,54.0,True
2003,misiones,impuesto a los combustibles liquidos ley 23966 y 24699,vialidad provincial,9.1781,54.0,True
2003,misiones,impuesto a los combustibles liquidos ley 23966 y 24699,f.e.d.e.i.,3.4176,54.0,True
2003,misiones,impuesto a los combustibles liquidos ley 23966 y 24699,ley 24464 fo.na.vi,25.7629,54.0,True
2003,misiones,regimen de energia electrica ley 24065,fondo para compensaciones de tarifa electrica,6.3391,54.0,True
2003,misiones,regimen de energia electrica ley 24065,f.e.d.e.i.,4.8611,54.0,True
2003,misiones,fondo compensador de desequilibrios,fondo compensador de desequilibrios,26.4759,54.0,True
2003,misiones,regimen simplificado para pequeños contribuyentes ley 24977 art 59 inciso a,regimen simplificado para pequeños contribuyentes ley 24977 art 59 inciso a,2.8093,54.0,True
2003,neuquen,coparticipacion federal de impuestos ley 23548,coparticipacion federal de impuestos ley 23548,220.2766,58.0,True
2003,neuquen,transferencia de servicios ley 24049,transferencia de servicios ley 24049,17.4,58.0,True
2003,neuquen,impuesto a las ganancias,obras de infraestructura basica social,11.2695,58.0,True
2003,neuquen,impuesto a las ganancias,excedente obras de caracter social a buenos aires,16.5508,58.0,True
2003,neuquen,impuesto a las ganancias,ley 24699,7.6741,58.0,True
2003,neuquen,impuesto sobre los bienes personales,ley 24699,14.7026,58.0,True
2003,neuquen,impuesto sobre los bienes personales,ley 23966 art 30,0.9338,58.0,True
2003,neuquen,impuesto sobre los activos fondo educacion ley 23906,impuesto sobre los activos fondo educacion ley 23906,0.0451,58.0,True
2003,neuquen,i.v.a.ley 23966 art 5 punto 2,i.v.a.ley 23966 art 5 punto 2,1.2375,58.0,True
2003,neuquen,impuesto a los combustibles liquidos ley 23966 y 24699,obras de infraestructura,1.9068,58.0,True
2003,neuquen,impuesto a los combustibles liquidos ley 23966 y 24699,vialidad provincial,6.6743,58.0,True
2003,neuquen,impuesto a los combustibles liquidos ley 23966 y 24699,f.e.d.e.i.,2.5578,58.0,True
2003,neuquen,impuesto a los combustibles liquidos ley 23966 y 24699,ley 24464 fo.na.vi,23.5703,58.0,True
2003,neuquen,regimen de energia electrica ley 24065,fondo para compensaciones de tarifa electrica,4.9374,58.0,True
2003,neuquen,regimen de energia electrica ley 24065,f.e.d.e.i.,3.604,58.0,True
2003,neuquen,fondo compensador de desequilibrios,fondo compensador de desequilibrios,30.0863,58.0,True
2003,neuquen,regimen simplificado para pequeños contribuyentes ley 24977 art 59 inciso a,regimen simplificado para pequeños contribuyentes ley 24977 art 59 inciso a,1.476,58.0,True
2003,rio negro,coparticipacion federal de impuestos ley 23548,coparticipacion federal de impuestos ley 23548,320.2394,62.0,True
2003,rio negro,transferencia de servicios ley 24049,transferencia de servicios ley 24049,14.6,62.0,True
2003,rio negro,impuesto a las ganancias,obras de infraestructura basica social,16.1062,62.0,True
2003,rio negro,impuesto a las ganancias,excedente obras de caracter social a buenos aires,24.0617,62.0,True
2003,rio negro,impuesto a las ganancias,ley 24699,11.1559,62.0,True
2003,rio negro,impuesto sobre los bienes personales,ley 24699,21.3747,62.0,True
2003,rio negro,impuesto sobre los activos fondo educacion ley 23906,impuesto sobre los activos fondo educacion ley 23906,0.0523,62.0,True
2003,rio negro,impuesto a los combustibles liquidos ley 23966 y 24699,obras de infraestructura,2.7722,62.0,True
2003,rio negro,impuesto a los combustibles liquidos ley 23966 y 24699,vialidad provincial,5.6009,62.0,True
2003,rio negro,impuesto a los combustibles liquidos ley 23966 y 24699,f.e.d.e.i.,2.3761,62.0,True
2003,rio negro,impuesto a los combustibles liquidos ley 23966 y 24699,ley 24464 fo.na.vi,24.6666,62.0,True
2003,rio negro,regimen de energia electrica ley 24065,fondo para compensaciones de tarifa electrica,4.4173,62.0,True
2003,rio negro,regimen de energia electrica ley 24065,f.e.d.e.i.,3.3487,62.0,True
2003,rio negro,fondo compensador de desequilibrios,fondo compensador de desequilibrios,30.0863,62.0,True
2003,rio negro,regimen simplificado para pequeños contribuyentes ley 24977 art 59 inciso a,regimen simplificado para pequeños contribuyentes ley 24977 art 59 inciso a,2.1459,62.0,True
2003,salta,coparticipacion federal de impuestos ley 23548,coparticipacion federal de impuestos ley 23548,486.4705,66.0,True
2003,salta,transferencia de servicios ley 24049,transferencia de servicios ley 24049,39.8,66.0,True
2003,salta,impuesto a las ganancias,obras de infraestructura basica social,44.1043,66.0,True
2003,salta,impuesto a las ganancias,excedente obras de caracter social a buenos aires,36.5519,66.0,True
2003,salta,impuesto a las ganancias,ley 24699,16.9472,66.0,True
2003,salta,impuesto sobre los bienes personales,ley 24699,32.47,66.0,True
2003,salta,impuesto sobre los activos fondo educacion ley 23906,impuesto sobre los activos fondo educacion ley 23906,0.0693,66.0,True
2003,salta,impuesto a los combustibles liquidos ley 23966 y 24699,obras de infraestructura,4.2113,66.0,True
2003,salta,impuesto a los combustibles liquidos ley 23966 y 24699,vialidad provincial,6.6267,66.0,True
2003,salta,impuesto a los combustibles liquidos ley 23966 y 24699,f.e.d.e.i.,2.4313,66.0,True
2003,salta,impuesto a los combustibles liquidos ley 23966 y 24699,ley 24464 fo.na.vi,21.9258,66.0,True
2003,salta,regimen de energia electrica ley 24065,fondo para compensaciones de tarifa electrica,4.9427,66.0,True
2003,salta,regimen de energia electrica ley 24065,f.e.d.e.i.,3.4259,66.0,True
2003,salta,fondo compensador de desequilibrios,fondo compensador de desequilibrios,30.0863,66.0,True
2003,salta,regimen simplificado para pequeños contribuyentes ley 24977 art 59 inciso a,regimen simplificado para pequeños contribuyentes ley 24977 art 59 inciso a,3.2599,66.0,True
2003,san juan,coparticipacion federal de impuestos ley 23548,coparticipacion federal de impuestos ley 23548,429.023,70.0,True
2003,san juan,transferencia de servicios ley 24049,transferencia de servicios ley 24049,30.1,70.0,True
2003,san juan,impuesto a las ganancias,obras de infraestructura basica social,14.3813,70.0,True
2003,san juan,impuesto a las ganancias,excedente obras de caracter social a buenos aires,32.2349,70.0,True
2003,san juan,impuesto a las ganancias,ley 24699,14.9461,70.0,True
2003,san juan,impuesto sobre los bienes personales,ley 24699,28.6356,70.0,True
2003,san juan,impuesto sobre los activos fondo educacion ley 23906,impuesto sobre los activos fondo educacion ley 23906,0.0392,70.0,True
2003,san juan,impuesto a los combustibles liquidos ley 23966 y 24699,obras de infraestructura,3.7139,70.0,True
2003,san juan,impuesto a los combustibles liquidos ley 23966 y 24699,vialidad provincial,6.3735,70.0,True
2003,san juan,impuesto a los combustibles liquidos ley 23966 y 24699,f.e.d.e.i.,0.724,70.0,True
2003,san juan,impuesto a los combustibles liquidos ley 23966 y 24699,ley 24464 fo.na.vi,20.0073,70.0,True
2003,san juan,regimen de energia electrica ley 24065,fondo para compensaciones de tarifa electrica,4.6746,70.0,True
2003,san juan,regimen de energia electrica ley 24065,f.e.d.e.i.,0.5376,70.0,True
2003,san juan,fondo compensador de desequilibrios,fondo compensador de desequilibrios,26.4759,70.0,True
2003,san juan,regimen simplificado para pequeños contribuyentes ley 24977 art 59 inciso a,regimen simplificado para pequeños contribuyentes ley 24977 art 59 inciso a,2.8749,70.0,True
2003,san luis,coparticipacion federal de impuestos ley 23548,coparticipacion federal de impuestos ley 23548,289.6822,74.0,True
2003,san luis,transferencia de servicios ley 24049,transferencia de servicios ley 24049,18.9,74.0,True
2003,san luis,impuesto a las ganancias,obras de infraestructura basica social,8.454,74.0,True
2003,san luis,impuesto a las ganancias,excedente obras de caracter social a buenos aires,21.7655,74.0,True
2003,san luis,impuesto a las ganancias,ley 24699,10.092,74.0,True
2003,san luis,impuesto sobre los bienes personales,ley 24699,19.3351,74.0,True
2003,san luis,impuesto sobre los activos fondo educacion ley 23906,impuesto sobre los activos fondo educacion ley 23906,0.0324,74.0,True
2003,san luis,impuesto a los combustibles liquidos ley 23966 y 24699,obras de infraestructura,2.5076,74.0,True
2003,san luis,impuesto a los combustibles liquidos ley 23966 y 24699,vialidad provincial,4.0925,74.0,True
2003,san luis,impuesto a los combustibles liquidos ley 23966 y 24699,f.e.d.e.i.,2.2049,74.0,True
2003,san luis,impuesto a los combustibles liquidos ley 23966 y 24699,ley 24464 fo.na.vi,20.0073,74.0,True
2003,san luis,regimen de energia electrica ley 24065,fondo para compensaciones de tarifa electrica,4.4528,74.0,True
2003,san luis,regimen de energia electrica ley 24065,f.e.d.e.i.,3.1092,74.0,True
2003,san luis,fondo compensador de desequilibrios,fondo compensador de desequilibrios,26.4759,74.0,True
2003,san luis,regimen simplificado para pequeños contribuyentes ley 24977 art 59 inciso a,regimen simplificado para pequeños contribuyentes ley 24977 art 59 inciso a,1.9411,74.0,True
2003,santa cruz,coparticipacion federal de impuestos ley 23548,coparticipacion federal de impuestos ley 23548,200.72,78.0,True
2003,santa cruz,transferencia de servicios ley 24049,transferencia de servicios ley 24049,8.5,78.0,True
2003,santa cruz,impuesto a las ganancias,obras de infraestructura basica social,3.1652,78.0,True
2003,santa cruz,impuesto a las ganancias,excedente obras de caracter social a buenos aires,15.0814,78.0,True
2003,santa cruz,impuesto a las ganancias,ley 24699,6.9929,78.0,True
2003,santa cruz,impuesto sobre los bienes personales,ley 24699,13.3972,78.0,True
2003,santa cruz,impuesto sobre los bienes personales,ley 23966 art 30,1.2108,78.0,True
2003,santa cruz,impuesto sobre los activos fondo educacion ley 23906,impuesto sobre los activos fondo educacion ley 23906,0.0325,78.0,True
2003,santa cruz,i.v.a.ley 23966 art 5 punto 2,i.v.a.ley 23966 art 5 punto 2,1.6045,78.0,True
2003,santa cruz,impuesto a los combustibles liquidos ley 23966 y 24699,obras de infraestructura,1.7376,78.0,True
2003,santa cruz,impuesto a los combustibles liquidos ley 23966 y 24699,vialidad provincial,8.3618,78.0,True
2003,santa cruz,impuesto a los combustibles liquidos ley 23966 y 24699,f.e.d.e.i.,3.1048,78.0,True
2003,santa cruz,impuesto a los combustibles liquidos ley 23966 y 24699,ley 24464 fo.na.vi,17.5407,78.0,True
2003,santa cruz,regimen de energia electrica ley 24065,fondo para compensaciones de tarifa electrica,4.9953,78.0,True
2003,santa cruz,regimen de energia electrica ley 24065,transferencia a empresas de energia electrica,26.2,78.0,True
2003,santa cruz,regimen de energia electrica ley 24065,f.e.d.e.i.,4.3748,78.0,True
2003,santa cruz,fondo compensador de desequilibrios,fondo compensador de desequilibrios,36.1035,78.0,True
2003,santa cruz,regimen simplificado para pequeños contribuyentes ley 24977 art 59 inciso a,regimen simplificado para pequeños contribuyentes ley 24977 art 59 inciso a,1.345,78.0,True
2003,santa fe,coparticipacion federal de impuestos ley 23548,coparticipacion federal de impuestos ley 23548,1134.283,82.0,True
2003,santa fe,transferencia de servicios ley 24049,transferencia de servicios ley 24049,135.489,82.0,True
2003,santa fe,impuesto a las ganancias,obras de infraestructura basica social,67.8257,82.0,True
2003,santa fe,impuesto a las ganancias,excedente obras de caracter social a buenos aires,85.2251,82.0,True
2003,santa fe,impuesto a las ganancias,ley 24699,39.5161,82.0,True
2003,santa fe,impuesto sobre los bienes personales,ley 24699,75.7088,82.0,True
2003,santa fe,impuesto sobre los bienes personales,ley 23966 art 30,16.3296,82.0,True
2003,santa fe,impuesto sobre los activos fondo educacion ley 23906,impuesto sobre los activos fondo educacion ley 23906,0.1316,82.0,True
2003,santa fe,i.v.a.ley 23966 art 5 punto 2,i.v.a.ley 23966 art 5 punto 2,21.6402,82.0,True
2003,santa fe,impuesto a los combustibles liquidos ley 23966 y 24699,obras de infraestructura,33.9461,82.0,True
2003,santa fe,impuesto a los combustibles liquidos ley 23966 y 24699,vialidad provincial,17.2529,82.0,True
2003,santa fe,impuesto a los combustibles liquidos ley 23966 y 24699,f.e.d.e.i.,1.9548,82.0,True
2003,santa fe,impuesto a los combustibles liquidos ley 23966 y 24699,ley 24464 fo.na.vi,30.9703,82.0,True
2003,santa fe,regimen de energia electrica ley 24065,fondo para compensaciones de tarifa electrica,3.495,82.0,True
2003,santa fe,regimen de energia electrica ley 24065,f.e.d.e.i.,2.7565,82.0,True
2003,santa fe,fondo compensador de desequilibrios,fondo compensador de desequilibrios,6.0173,82.0,True
2003,santa fe,regimen simplificado para pequeños contribuyentes ley 24977 art 59 inciso a,regimen simplificado para pequeños contribuyentes ley 24977 art 59 inciso a,7.6008,82.0,True
2003,sgo. del estero,coparticipacion federal de impuestos ley 23548,coparticipacion federal de impuestos ley 23548,524.3614,86.0,True
2003,sgo. del estero,transferencia de servicios ley 24049,transferencia de servicios ley 24049,31.6,86.0,True
2003,sgo. del estero,impuesto a las ganancias,obras de infraestructura basica social,35.284,86.0,True
2003,sgo. del estero,impuesto a las ganancias,excedente obras de caracter social a buenos aires,39.3987,86.0,True
2003,sgo. del estero,impuesto a las ganancias,ley 24699,18.2681,86.0,True
2003,sgo. del estero,impuesto sobre los bienes personales,ley 24699,34.999,86.0,True
2003,sgo. del estero,impuesto sobre los activos fondo educacion ley 23906,impuesto sobre los activos fondo educacion ley 23906,0.0653,86.0,True
2003,sgo. del estero,impuesto a los combustibles liquidos ley 23966 y 24699,obras de infraestructura,4.5393,86.0,True
2003,sgo. del estero,impuesto a los combustibles liquidos ley 23966 y 24699,vialidad provincial,6.7596,86.0,True
2003,sgo. del estero,impuesto a los combustibles liquidos ley 23966 y 24699,f.e.d.e.i.,2.6063,86.0,True
2003,sgo. del estero,impuesto a los combustibles liquidos ley 23966 y 24699,ley 24464 fo.na.vi,23.5703,86.0,True
2003,sgo. del estero,regimen de energia electrica ley 24065,fondo para compensaciones de tarifa electrica,5.8974,86.0,True
2003,sgo. del estero,regimen de energia electrica ley 24065,f.e.d.e.i.,3.6753,86.0,True
2003,sgo. del estero,fondo compensador de desequilibrios,fondo compensador de desequilibrios,26.4759,86.0,True
2003,sgo. del estero,regimen simplificado para pequeños contribuyentes ley 24977 art 59 inciso a,regimen simplificado para pequeños contribuyentes ley 24977 art 59 inciso a,3.5138,86.0,True
2003,tucuman,coparticipacion federal de impuestos ley 23548,coparticipacion federal de impuestos ley 23548,603.8102,90.0,True
2003,tucuman,transferencia de servicios ley 24049,transferencia de servicios ley 24049,55.8,90.0,True
2003,tucuman,impuesto a las ganancias,obras de infraestructura basica social,43.5914,90.0,True
2003,tucuman,impuesto a las ganancias,excedente obras de caracter social a buenos aires,45.3678,90.0,True
2003,tucuman,impuesto a las ganancias,ley 24699,21.0359,90.0,True
2003,tucuman,impuesto sobre los bienes personales,ley 24699,40.3019,90.0,True
2003,tucuman,impuesto sobre los activos fondo educacion ley 23906,impuesto sobre los activos fondo educacion ley 23906,0.0593,90.0,True
2003,tucuman,impuesto a los combustibles liquidos ley 23966 y 24699,obras de infraestructura,5.227,90.0,True
2003,tucuman,impuesto a los combustibles liquidos ley 23966 y 24699,vialidad provincial,8.4128,90.0,True
2003,tucuman,impuesto a los combustibles liquidos ley 23966 y 24699,f.e.d.e.i.,2.0075,90.0,True
2003,tucuman,impuesto a los combustibles liquidos ley 23966 y 24699,ley 24464 fo.na.vi,23.0221,90.0,True
2003,tucuman,regimen de energia electrica ley 24065,fondo para compensaciones de tarifa electrica,3.0361,90.0,True
2003,tucuman,regimen de energia electrica ley 24065,f.e.d.e.i.,2.8308,90.0,True
2003,tucuman,fondo compensador de desequilibrios,fondo compensador de desequilibrios,26.4759,90.0,True
2003,tucuman,regimen simplificado para pequeños contribuyentes ley 24977 art 59 inciso a,regimen simplificado para pequeños contribuyentes ley 24977 art 59 inciso a,4.0462,90.0,True
2003,tierra del fuego,coparticipacion federal de impuestos ley 23548,coparticipacion federal de impuestos ley 23548,160.541,94.0,True
2003,tierra del fuego,transferencia de servicios ley 24049,transferencia de servicios ley 24049,12.13,94.0,True
2003,tierra del fuego,impuesto a las ganancias,obras de infraestructura basica social,2.0579,94.0,True
2003,tierra del fuego,impuesto a las ganancias,excedente obras de caracter social a buenos aires,11.7615,94.0,True
2003,tierra del fuego,impuesto a las ganancias,ley 24699,5.4537,94.0,True
2003,tierra del fuego,impuesto sobre los bienes personales,ley 24699,10.4479,94.0,True
2003,tierra del fuego,impuesto sobre los bienes personales,ley 23966 art 30,0.1074,94.0,True
2003,tierra del fuego,impuesto sobre los activos fondo educacion ley 23906,impuesto sobre los activos fondo educacion ley 23906,0.0155,94.0,True
2003,tierra del fuego,i.v.a.ley 23966 art 5 punto 2,i.v.a.ley 23966 art 5 punto 2,0.1423,94.0,True
2003,tierra del fuego,impuesto a los combustibles liquidos ley 23966 y 24699,obras de infraestructura,1.3551,94.0,True
2003,tierra del fuego,impuesto a los combustibles liquidos ley 23966 y 24699,vialidad provincial,3.3642,94.0,True
2003,tierra del fuego,impuesto a los combustibles liquidos ley 23966 y 24699,f.e.d.e.i.,2.2829,94.0,True
2003,tierra del fuego,impuesto a los combustibles liquidos ley 23966 y 24699,ley 24464 fo.na.vi,14.5259,94.0,True
2003,tierra del fuego,regimen de energia electrica ley 24065,fondo para compensaciones de tarifa electrica,6.3423,94.0,True
2003,tierra del fuego,regimen de energia electrica ley 24065,f.e.d.e.i.,3.2172,94.0,True
2003,tierra del fuego,fondo compensador de desequilibrios,fondo compensador de desequilibrios,36.1035,94.0,True
2003,tierra del fuego,regimen simplificado para pequeños contribuyentes ley 24977 art 59 inciso a,regimen simplificado para pequeños contribuyentes ley 24977 art 59 inciso a,1.0489,94.0,True
2003,c.a.b.a,coparticipacion federal de impuestos ley 23548,coparticipacion federal de impuestos ley 23548,311.5191,2.0,True
2003,c.a.b.a,impuesto sobre los activos fondo educacion ley 23906,impuesto sobre los activos fondo educacion ley 23906,0.0564,2.0,True
2003,c.a.b.a,impuesto a los combustibles liquidos ley 23966 y 24699,ley 24464 fo.na.vi,7.1259,2.0,True
2003,fdo.compensador,coparticipacion federal de impuestos ley 23548,coparticipacion federal de impuestos ley 23548,551.1803,,False
2003,tesoro nacional,coparticipacion federal de impuestos ley 23548,coparticipacion federal de impuestos ley 23548,9952.2042,,False
2003,tesoro nacional,impuesto sobre los bienes personales,ley 24699,621.4979,,False
2003,tesoro nacional,impuesto sobre los activos fondo educacion ley 23906,impuesto sobre los activos fondo educacion ley 23906,0.8533,,False
2003,tesoro nacional,impuesto a los combustibles liquidos ley 23966 y 24699,vialidad provincial,370.12,,False
2003,seguridad social,coparticipacion federal de impuestos ley 23548,coparticipacion federal de impuestos ley 23548,4446.7608,,False
2003,seguridad social,impuesto a las ganancias,obras de infraestructura basica social,2808.663,,False
2003,seguridad social,impuesto a las ganancias,ley 24699,120.0,,False
2003,seguridad social,i.v.a.ley 23966 art 5 punto 2,i.v.a.ley 23966 art 5 punto 2,1977.9499,,False
2003,seguridad social,regimen simplificado para pequeños contribuyentes ley 24977 art 59 inciso a,regimen simplificado para pequeños contribuyentes ley 24977 art 59 inciso a,200.2693,,False
2003,fondo a.t.n.,coparticipacion federal de impuestos ley 23548,coparticipacion federal de impuestos ley 23548,246.4871,,False
2003,fondo a.t.n.,impuesto a las ganancias,obras de infraestructura basica social,280.8663,,False
2003,fondo a.t.n.,impuesto a las ganancias,ley 24699,20.0,,False
2003,fondo a.t.n.,impuesto sobre los bienes personales,ley 24699,14.9255,,False
2004,buenos aires,coparticipacion federal de impuestos ley 23548,coparticipacion federal de impuestos ley 23548,4317.3949,6.0,True
2004,buenos aires,transferencia de servicios ley 24049,transferencia de servicios ley 24049,443.76,6.0,True
2004,buenos aires,impuesto a las ganancias,obras de infraestructura basica social,650.0,6.0,True
2004,buenos aires,impuesto a las ganancias,ley 24699,95.6087,6.0,True
2004,buenos aires,impuesto sobre los bienes personales,ley 24699,194.1925,6.0,True
2004,buenos aires,impuesto sobre los bienes personales,ley 23966 art 30,46.2315,6.0,True
2004,buenos aires,impuesto sobre los activos fondo educacion ley 23906,impuesto sobre los activos fondo educacion ley 23906,0.2689,6.0,True
2004,buenos aires,i.v.a.ley 23966 art 5 punto 2,i.v.a.ley 23966 art 5 punto 2,88.8636,6.0,True
2004,buenos aires,impuesto a los combustibles liquidos ley 23966 y 24699,vialidad provincial,55.5311,6.0,True
2004,buenos aires,impuesto a los combustibles liquidos ley 23966 y 24699,f.e.d.e.i.,0.934,6.0,True
2004,buenos aires,impuesto a los combustibles liquidos ley 23966 y 24699,ley 24464 fo.na.vi,78.7982,6.0,True
2004,buenos aires,regimen de energia electrica ley 24065,fondo para compensaciones de tarifa electrica,4.6574,6.0,True
2004,buenos aires,regimen de energia electrica ley 24065,f.e.d.e.i.,1.987,6.0,True
2004,buenos aires,regimen simplificado para pequeños contribuyentes ley 24977 art 59 inciso a,regimen simplificado para pequeños contribuyentes ley 24977 art 59 inciso a,32.5504,6.0,True
2004,catamarca,coparticipacion federal de impuestos ley 23548,coparticipacion federal de impuestos ley 23548,541.5089,10.0,True
2004,catamarca,transferencia de servicios ley 24049,transferencia de servicios ley 24049,21.4,10.0,True
2004,catamarca,impuesto a las ganancias,obras de infraestructura basica social,15.732,10.0,True
2004,catamarca,impuesto a las ganancias,excedente obras de caracter social a buenos aires,52.677,10.0,True
2004,catamarca,impuesto a las ganancias,ley 24699,11.9916,10.0,True
2004,catamarca,impuesto sobre los bienes personales,ley 24699,24.3566,10.0,True
2004,catamarca,impuesto sobre los activos fondo educacion ley 23906,impuesto sobre los activos fondo educacion ley 23906,0.0201,10.0,True
2004,catamarca,impuesto a los combustibles liquidos ley 23966 y 24699,obras de infraestructura,3.1199,10.0,True
2004,catamarca,impuesto a los combustibles liquidos ley 23966 y 24699,vialidad provincial,5.0924,10.0,True
2004,catamarca,impuesto a los combustibles liquidos ley 23966 y 24699,f.e.d.e.i.,2.1001,10.0,True
2004,catamarca,impuesto a los combustibles liquidos ley 23966 y 24699,ley 24464 fo.na.vi,11.4122,10.0,True
2004,catamarca,regimen de energia electrica ley 24065,fondo para compensaciones de tarifa electrica,5.2651,10.0,True
2004,catamarca,regimen de energia electrica ley 24065,f.e.d.e.i.,4.5762,10.0,True
2004,catamarca,fondo compensador de desequilibrios,fondo compensador de desequilibrios,26.4,10.0,True
2004,catamarca,regimen simplificado para pequeños contribuyentes ley 24977 art 59 inciso a,regimen simplificado para pequeños contribuyentes ley 24977 art 59 inciso a,4.0827,10.0,True
2004,cordoba,coparticipacion federal de impuestos ley 23548,coparticipacion federal de impuestos ley 23548,1745.7037,14.0,True
2004,cordoba,transferencia de servicios ley 24049,transferencia de servicios ley 24049,125.3,14.0,True
2004,cordoba,impuesto a las ganancias,obras de infraestructura basica social,87.9903,14.0,True
2004,cordoba,impuesto a las ganancias,excedente obras de caracter social a buenos aires,169.816,14.0,True
2004,cordoba,impuesto a las ganancias,ley 24699,38.658,14.0,True
2004,cordoba,impuesto sobre los bienes personales,ley 24699,78.5201,14.0,True
2004,cordoba,impuesto sobre los bienes personales,ley 23966 art 30,15.7883,14.0,True
2004,cordoba,impuesto sobre los activos fondo educacion ley 23906,impuesto sobre los activos fondo educacion ley 23906,0.0744,14.0,True
2004,cordoba,i.v.a.ley 23966 art 5 punto 2,i.v.a.ley 23966 art 5 punto 2,30.3473,14.0,True
2004,cordoba,impuesto a los combustibles liquidos ley 23966 y 24699,obras de infraestructura,10.0577,14.0,True
2004,cordoba,impuesto a los combustibles liquidos ley 23966 y 24699,vialidad provincial,17.4793,14.0,True
2004,cordoba,impuesto a los combustibles liquidos ley 23966 y 24699,f.e.d.e.i.,1.3934,14.0,True
2004,cordoba,impuesto a los combustibles liquidos ley 23966 y 24699,ley 24464 fo.na.vi,30.7041,14.0,True
2004,cordoba,regimen de energia electrica ley 24065,fondo para compensaciones de tarifa electrica,4.2551,14.0,True
2004,cordoba,regimen de energia electrica ley 24065,f.e.d.e.i.,3.0364,14.0,True
2004,cordoba,fondo compensador de desequilibrios,fondo compensador de desequilibrios,6.0,14.0,True
2004,cordoba,regimen simplificado para pequeños contribuyentes ley 24977 art 59 inciso a,regimen simplificado para pequeños contribuyentes ley 24977 art 59 inciso a,13.1616,14.0,True
2004,corrientes,coparticipacion federal de impuestos ley 23548,coparticipacion federal de impuestos ley 23548,730.8477,18.0,True
2004,corrientes,transferencia de servicios ley 24049,transferencia de servicios ley 24049,38.6,18.0,True
2004,corrientes,impuesto a las ganancias,obras de infraestructura basica social,52.7942,18.0,True
2004,corrientes,impuesto a las ganancias,excedente obras de caracter social a buenos aires,71.0958,18.0,True
2004,corrientes,impuesto a las ganancias,ley 24699,16.1844,18.0,True
2004,corrientes,impuesto sobre los bienes personales,ley 24699,32.8729,18.0,True
2004,corrientes,impuesto sobre los bienes personales,ley 23966 art 30,5.0484,18.0,True
2004,corrientes,impuesto sobre los activos fondo educacion ley 23906,impuesto sobre los activos fondo educacion ley 23906,0.0334,18.0,True
2004,corrientes,i.v.a.ley 23966 art 5 punto 2,i.v.a.ley 23966 art 5 punto 2,9.7037,18.0,True
2004,corrientes,impuesto a los combustibles liquidos ley 23966 y 24699,obras de infraestructura,4.2107,18.0,True
2004,corrientes,impuesto a los combustibles liquidos ley 23966 y 24699,vialidad provincial,5.8163,18.0,True
2004,corrientes,impuesto a los combustibles liquidos ley 23966 y 24699,f.e.d.e.i.,2.1033,18.0,True
2004,corrientes,impuesto a los combustibles liquidos ley 23966 y 24699,ley 24464 fo.na.vi,26.9001,18.0,True
2004,corrientes,regimen de energia electrica ley 24065,fondo para compensaciones de tarifa electrica,5.2941,18.0,True
2004,corrientes,regimen de energia electrica ley 24065,f.e.d.e.i.,4.5284,18.0,True
2004,corrientes,fondo compensador de desequilibrios,fondo compensador de desequilibrios,18.0,18.0,True
2004,corrientes,regimen simplificado para pequeños contribuyentes ley 24977 art 59 inciso a,regimen simplificado para pequeños contribuyentes ley 24977 art 59 inciso a,5.5102,18.0,True
2004,chaco,coparticipacion federal de impuestos ley 23548,coparticipacion federal de impuestos ley 23548,980.7749,22.0,True
2004,chaco,transferencia de servicios ley 24049,transferencia de servicios ley 24049,33.6,22.0,True
2004,chaco,impuesto a las ganancias,obras de infraestructura basica social,70.0264,22.0,True
2004,chaco,impuesto a las ganancias,excedente obras de caracter social a buenos aires,95.4071,22.0,True
2004,chaco,impuesto a las ganancias,ley 24699,21.7188,22.0,True
2004,chaco,impuesto sobre los bienes personales,ley 24699,44.1144,22.0,True
2004,chaco,impuesto sobre los bienes personales,ley 23966 art 30,3.9689,22.0,True
2004,chaco,impuesto sobre los activos fondo educacion ley 23906,impuesto sobre los activos fondo educacion ley 23906,0.0436,22.0,True
2004,chaco,i.v.a.ley 23966 art 5 punto 2,i.v.a.ley 23966 art 5 punto 2,7.6287,22.0,True
2004,chaco,impuesto a los combustibles liquidos ley 23966 y 24699,obras de infraestructura,5.6507,22.0,True
2004,chaco,impuesto a los combustibles liquidos ley 23966 y 24699,vialidad provincial,7.8814,22.0,True
2004,chaco,impuesto a los combustibles liquidos ley 23966 y 24699,f.e.d.e.i.,1.8736,22.0,True
2004,chaco,impuesto a los combustibles liquidos ley 23966 y 24699,ley 24464 fo.na.vi,24.9981,22.0,True
2004,chaco,regimen de energia electrica ley 24065,fondo para compensaciones de tarifa electrica,6.0162,22.0,True
2004,chaco,regimen de energia electrica ley 24065,f.e.d.e.i.,4.0827,22.0,True
2004,chaco,fondo compensador de desequilibrios,fondo compensador de desequilibrios,6.0,22.0,True
2004,chaco,regimen simplificado para pequeños contribuyentes ley 24977 art 59 inciso a,regimen simplificado para pequeños contribuyentes ley 24977 art 59 inciso a,7.3945,22.0,True
2004,chubut,coparticipacion federal de impuestos ley 23548,coparticipacion federal de impuestos ley 23548,310.9258,26.0,True
2004,chubut,transferencia de servicios ley 24049,transferencia de servicios ley 24049,24.2,26.0,True
2004,chubut,impuesto a las ganancias,obras de infraestructura basica social,16.2988,26.0,True
2004,chubut,impuesto a las ganancias,excedente obras de caracter social a buenos aires,30.2462,26.0,True
2004,chubut,impuesto a las ganancias,ley 24699,6.8856,26.0,True
2004,chubut,impuesto sobre los bienes personales,ley 24699,13.9852,26.0,True
2004,chubut,impuesto sobre los bienes personales,ley 23966 art 30,1.5525,26.0,True
2004,chubut,impuesto sobre los activos fondo educacion ley 23906,impuesto sobre los activos fondo educacion ley 23906,0.0201,26.0,True
2004,chubut,i.v.a.ley 23966 art 5 punto 2,i.v.a.ley 23966 art 5 punto 2,2.9842,26.0,True
2004,chubut,impuesto a los combustibles liquidos ley 23966 y 24699,obras de infraestructura,1.7914,26.0,True
2004,chubut,impuesto a los combustibles liquidos ley 23966 y 24699,vialidad provincial,6.3485,26.0,True
2004,chubut,impuesto a los combustibles liquidos ley 23966 y 24699,f.e.d.e.i.,1.9644,26.0,True
2004,chubut,impuesto a los combustibles liquidos ley 23966 y 24699,ley 24464 fo.na.vi,17.39,26.0,True
2004,chubut,regimen de energia electrica ley 24065,fondo para compensaciones de tarifa electrica,18.372,26.0,True
2004,chubut,regimen de energia electrica ley 24065,f.e.d.e.i.,4.2806,26.0,True
2004,chubut,fondo compensador de desequilibrios,fondo compensador de desequilibrios,36.0,26.0,True
2004,chubut,regimen simplificado para pequeños contribuyentes ley 24977 art 59 inciso a,regimen simplificado para pequeños contribuyentes ley 24977 art 59 inciso a,2.3442,26.0,True
2004,entre rios,coparticipacion federal de impuestos ley 23548,coparticipacion federal de impuestos ley 23548,959.9477,30.0,True
2004,entre rios,transferencia de servicios ley 24049,transferencia de servicios ley 24049,67.5,30.0,True
2004,entre rios,impuesto a las ganancias,obras de infraestructura basica social,44.2095,30.0,True
2004,entre rios,impuesto a las ganancias,excedente obras de caracter social a buenos aires,93.3814,30.0,True
2004,entre rios,impuesto a las ganancias,ley 24699,21.258,30.0,True
2004,entre rios,impuesto sobre los bienes personales,ley 24699,43.1776,30.0,True
2004,entre rios,impuesto sobre los bienes personales,ley 23966 art 30,6.8518,30.0,True
2004,entre rios,impuesto sobre los activos fondo educacion ley 23906,impuesto sobre los activos fondo educacion ley 23906,0.0346,30.0,True
2004,entre rios,i.v.a.ley 23966 art 5 punto 2,i.v.a.ley 23966 art 5 punto 2,13.1701,30.0,True
2004,entre rios,impuesto a los combustibles liquidos ley 23966 y 24699,obras de infraestructura,5.5306,30.0,True
2004,entre rios,impuesto a los combustibles liquidos ley 23966 y 24699,vialidad provincial,9.9278,30.0,True
2004,entre rios,impuesto a los combustibles liquidos ley 23966 y 24699,f.e.d.e.i.,1.6124,30.0,True
2004,entre rios,impuesto a los combustibles liquidos ley 23966 y 24699,ley 24464 fo.na.vi,21.194,30.0,True
2004,entre rios,regimen de energia electrica ley 24065,fondo para compensaciones de tarifa electrica,5.6112,30.0,True
2004,entre rios,regimen de energia electrica ley 24065,f.e.d.e.i.,3.5135,30.0,True
2004,entre rios,fondo compensador de desequilibrios,fondo compensador de desequilibrios,21.6,30.0,True
2004,entre rios,regimen simplificado para pequeños contribuyentes ley 24977 art 59 inciso a,regimen simplificado para pequeños contribuyentes ley 24977 art 59 inciso a,7.2374,30.0,True
2004,formosa,coparticipacion federal de impuestos ley 23548,coparticipacion federal de impuestos ley 23548,715.7006,34.0,True
2004,formosa,transferencia de servicios ley 24049,transferencia de servicios ley 24049,20.7,34.0,True
2004,formosa,impuesto a las ganancias,obras de infraestructura basica social,32.9925,34.0,True
2004,formosa,impuesto a las ganancias,excedente obras de caracter social a buenos aires,69.6223,34.0,True
2004,formosa,impuesto a las ganancias,ley 24699,15.8495,34.0,True
2004,formosa,impuesto sobre los bienes personales,ley 24699,32.1916,34.0,True
2004,formosa,impuesto sobre los bienes personales,ley 23966 art 30,1.8488,34.0,True
2004,formosa,impuesto sobre los activos fondo educacion ley 23906,impuesto sobre los activos fondo educacion ley 23906,0.0235,34.0,True
2004,formosa,i.v.a.ley 23966 art 5 punto 2,i.v.a.ley 23966 art 5 punto 2,3.5536,34.0,True
2004,formosa,impuesto a los combustibles liquidos ley 23966 y 24699,obras de infraestructura,4.1235,34.0,True
2004,formosa,impuesto a los combustibles liquidos ley 23966 y 24699,vialidad provincial,4.6599,34.0,True
2004,formosa,impuesto a los combustibles liquidos ley 23966 y 24699,f.e.d.e.i.,2.165,34.0,True
2004,formosa,impuesto a los combustibles liquidos ley 23966 y 24699,ley 24464 fo.na.vi,21.7374,34.0,True
2004,formosa,regimen de energia electrica ley 24065,fondo para compensaciones de tarifa electrica,7.353,34.0,True
2004,formosa,regimen de energia electrica ley 24065,f.e.d.e.i.,4.7177,34.0,True
2004,formosa,fondo compensador de desequilibrios,fondo compensador de desequilibrios,26.4,34.0,True
2004,formosa,regimen simplificado para pequeños contribuyentes ley 24977 art 59 inciso a,regimen simplificado para pequeños contribuyentes ley 24977 art 59 inciso a,5.396,34.0,True
2004,jujuy,coparticipacion federal de impuestos ley 23548,coparticipacion federal de impuestos ley 23548,558.5494,38.0,True
2004,jujuy,transferencia de servicios ley 24049,transferencia de servicios ley 24049,33.3,38.0,True
2004,jujuy,impuesto a las ganancias,obras de infraestructura basica social,38.3014,38.0,True
2004,jujuy,impuesto a las ganancias,excedente obras de caracter social a buenos aires,54.3351,38.0,True
2004,jujuy,impuesto a las ganancias,ley 24699,12.3695,38.0,True
2004,jujuy,impuesto sobre los bienes personales,ley 24699,25.123,38.0,True
2004,jujuy,impuesto sobre los activos fondo educacion ley 23906,impuesto sobre los activos fondo educacion ley 23906,0.0214,38.0,True
2004,jujuy,impuesto a los combustibles liquidos ley 23966 y 24699,obras de infraestructura,3.218,38.0,True
2004,jujuy,impuesto a los combustibles liquidos ley 23966 y 24699,vialidad provincial,4.8995,38.0,True
2004,jujuy,impuesto a los combustibles liquidos ley 23966 y 24699,f.e.d.e.i.,1.7471,38.0,True
2004,jujuy,impuesto a los combustibles liquidos ley 23966 y 24699,ley 24464 fo.na.vi,16.3031,38.0,True
2004,jujuy,regimen de energia electrica ley 24065,fondo para compensaciones de tarifa electrica,6.7145,38.0,True
2004,jujuy,regimen de energia electrica ley 24065,f.e.d.e.i.,3.8071,38.0,True
2004,jujuy,fondo compensador de desequilibrios,fondo compensador de desequilibrios,26.4,38.0,True
2004,jujuy,regimen simplificado para pequeños contribuyentes ley 24977 art 59 inciso a,regimen simplificado para pequeños contribuyentes ley 24977 art 59 inciso a,4.2111,38.0,True
2004,la pampa,coparticipacion federal de impuestos ley 23548,coparticipacion federal de impuestos ley 23548,369.2106,42.0,True
2004,la pampa,transferencia de servicios ley 24049,transferencia de servicios ley 24049,19.2,42.0,True
2004,la pampa,impuesto a las ganancias,obras de infraestructura basica social,7.3837,42.0,True
2004,la pampa,impuesto a las ganancias,excedente obras de caracter social a buenos aires,35.9163,42.0,True
2004,la pampa,impuesto a las ganancias,ley 24699,8.1756,42.0,True
2004,la pampa,impuesto sobre los bienes personales,ley 24699,16.6068,42.0,True
2004,la pampa,impuesto sobre los bienes personales,ley 23966 art 30,1.3374,42.0,True
2004,la pampa,impuesto sobre los activos fondo educacion ley 23906,impuesto sobre los activos fondo educacion ley 23906,0.0178,42.0,True
2004,la pampa,i.v.a.ley 23966 art 5 punto 2,i.v.a.ley 23966 art 5 punto 2,2.5707,42.0,True
2004,la pampa,impuesto a los combustibles liquidos ley 23966 y 24699,obras de infraestructura,2.1272,42.0,True
2004,la pampa,impuesto a los combustibles liquidos ley 23966 y 24699,vialidad provincial,6.1691,42.0,True
2004,la pampa,impuesto a los combustibles liquidos ley 23966 y 24699,f.e.d.e.i.,1.5509,42.0,True
2004,la pampa,impuesto a los combustibles liquidos ley 23966 y 24699,ley 24464 fo.na.vi,10.8687,42.0,True
2004,la pampa,regimen de energia electrica ley 24065,fondo para compensaciones de tarifa electrica,7.9652,42.0,True
2004,la pampa,regimen de energia electrica ley 24065,f.e.d.e.i.,3.3796,42.0,True
2004,la pampa,fondo compensador de desequilibrios,fondo compensador de desequilibrios,30.0,42.0,True
2004,la pampa,regimen simplificado para pequeños contribuyentes ley 24977 art 59 inciso a,regimen simplificado para pequeños contribuyentes ley 24977 art 59 inciso a,2.7836,42.0,True
2004,la rioja,coparticipacion federal de impuestos ley 23548,coparticipacion federal de impuestos ley 23548,407.0784,46.0,True
2004,la rioja,transferencia de servicios ley 24049,transferencia de servicios ley 24049,20.3,46.0,True
2004,la rioja,impuesto a las ganancias,obras de infraestructura basica social,12.6188,46.0,True
2004,la rioja,impuesto a las ganancias,excedente obras de caracter social a buenos aires,39.6,46.0,True
2004,la rioja,impuesto a las ganancias,ley 24699,9.0144,46.0,True
2004,la rioja,impuesto sobre los bienes personales,ley 24699,18.31,46.0,True
2004,la rioja,impuesto sobre los activos fondo educacion ley 23906,impuesto sobre los activos fondo educacion ley 23906,0.0173,46.0,True
2004,la rioja,impuesto a los combustibles liquidos ley 23966 y 24699,obras de infraestructura,2.3454,46.0,True
2004,la rioja,impuesto a los combustibles liquidos ley 23966 y 24699,vialidad provincial,5.6492,46.0,True
2004,la rioja,impuesto a los combustibles liquidos ley 23966 y 24699,f.e.d.e.i.,2.0434,46.0,True
2004,la rioja,impuesto a los combustibles liquidos ley 23966 y 24699,ley 24464 fo.na.vi,10.8687,46.0,True
2004,la rioja,regimen de energia electrica ley 24065,fondo para compensaciones de tarifa electrica,5.1534,46.0,True
2004,la rioja,regimen de energia electrica ley 24065,f.e.d.e.i.,4.4527,46.0,True
2004,la rioja,fondo compensador de desequilibrios,fondo compensador de desequilibrios,26.4,46.0,True
2004,la rioja,regimen simplificado para pequeños contribuyentes ley 24977 art 59 inciso a,regimen simplificado para pequeños contribuyentes ley 24977 art 59 inciso a,3.0691,46.0,True
2004,mendoza,coparticipacion federal de impuestos ley 23548,coparticipacion federal de impuestos ley 23548,819.837,50.0,True
2004,mendoza,transferencia de servicios ley 24049,transferencia de servicios ley 24049,61.7,50.0,True
2004,mendoza,impuesto a las ganancias,obras de infraestructura basica social,52.5059,50.0,True
2004,mendoza,impuesto a las ganancias,excedente obras de caracter social a buenos aires,79.7523,50.0,True
2004,mendoza,impuesto a las ganancias,ley 24699,18.1548,50.0,True
2004,mendoza,impuesto sobre los bienes personales,ley 24699,36.8755,50.0,True
2004,mendoza,impuesto sobre los activos fondo educacion ley 23906,impuesto sobre los activos fondo educacion ley 23906,0.0367,50.0,True
2004,mendoza,impuesto a los combustibles liquidos ley 23966 y 24699,obras de infraestructura,4.7234,50.0,True
2004,mendoza,impuesto a los combustibles liquidos ley 23966 y 24699,vialidad provincial,9.1589,50.0,True
2004,mendoza,impuesto a los combustibles liquidos ley 23966 y 24699,f.e.d.e.i.,1.586,50.0,True
2004,mendoza,impuesto a los combustibles liquidos ley 23966 y 24699,ley 24464 fo.na.vi,21.7374,50.0,True
2004,mendoza,regimen de energia electrica ley 24065,fondo para compensaciones de tarifa electrica,4.2809,50.0,True
2004,mendoza,regimen de energia electrica ley 24065,f.e.d.e.i.,3.4562,50.0,True
2004,mendoza,fondo compensador de desequilibrios,fondo compensador de desequilibrios,26.4,50.0,True
2004,mendoza,regimen simplificado para pequeños contribuyentes ley 24977 art 59 inciso a,regimen simplificado para pequeños contribuyentes ley 24977 art 59 inciso a,6.1811,50.0,True
2004,misiones,coparticipacion federal de impuestos ley 23548,coparticipacion federal de impuestos ley 23548,649.4321,54.0,True
2004,misiones,transferencia de servicios ley 24049,transferencia de servicios ley 24049,34.1,54.0,True
2004,misiones,impuesto a las ganancias,obras de infraestructura basica social,55.9149,54.0,True
2004,misiones,impuesto a las ganancias,excedente obras de caracter social a buenos aires,63.1746,54.0,True
2004,misiones,impuesto a las ganancias,ley 24699,14.382,54.0,True
2004,misiones,impuesto sobre los bienes personales,ley 24699,29.2109,54.0,True
2004,misiones,impuesto sobre los bienes personales,ley 23966 art 30,2.1675,54.0,True
2004,misiones,impuesto sobre los activos fondo educacion ley 23906,impuesto sobre los activos fondo educacion ley 23906,0.0273,54.0,True
2004,misiones,i.v.a.ley 23966 art 5 punto 2,i.v.a.ley 23966 art 5 punto 2,4.1662,54.0,True
2004,misiones,impuesto a los combustibles liquidos ley 23966 y 24699,obras de infraestructura,3.7416,54.0,True
2004,misiones,impuesto a los combustibles liquidos ley 23966 y 24699,vialidad provincial,7.7834,54.0,True
2004,misiones,impuesto a los combustibles liquidos ley 23966 y 24699,f.e.d.e.i.,2.2441,54.0,True
2004,misiones,impuesto a los combustibles liquidos ley 23966 y 24699,ley 24464 fo.na.vi,25.5415,54.0,True
2004,misiones,regimen de energia electrica ley 24065,fondo para compensaciones de tarifa electrica,5.5483,54.0,True
2004,misiones,regimen de energia electrica ley 24065,f.e.d.e.i.,5.3445,54.0,True
2004,misiones,fondo compensador de desequilibrios,fondo compensador de desequilibrios,26.4,54.0,True
2004,misiones,regimen simplificado para pequeños contribuyentes ley 24977 art 59 inciso a,regimen simplificado para pequeños contribuyentes ley 24977 art 59 inciso a,4.8963,54.0,True
2004,neuquen,coparticipacion federal de impuestos ley 23548,coparticipacion federal de impuestos ley 23548,341.22,58.0,True
2004,neuquen,transferencia de servicios ley 24049,transferencia de servicios ley 24049,17.4,58.0,True
2004,neuquen,impuesto a las ganancias,obras de infraestructura basica social,17.3165,58.0,True
2004,neuquen,impuesto a las ganancias,excedente obras de caracter social a buenos aires,33.1932,58.0,True
2004,neuquen,impuesto a las ganancias,ley 24699,7.5564,58.0,True
2004,neuquen,impuesto sobre los bienes personales,ley 24699,15.3478,58.0,True
2004,neuquen,impuesto sobre los bienes personales,ley 23966 art 30,0.9748,58.0,True
2004,neuquen,impuesto sobre los activos fondo educacion ley 23906,impuesto sobre los activos fondo educacion ley 23906,0.0242,58.0,True
2004,neuquen,i.v.a.ley 23966 art 5 punto 2,i.v.a.ley 23966 art 5 punto 2,1.8737,58.0,True
2004,neuquen,impuesto a los combustibles liquidos ley 23966 y 24699,obras de infraestructura,1.9659,58.0,True
2004,neuquen,impuesto a los combustibles liquidos ley 23966 y 24699,vialidad provincial,7.2781,58.0,True
2004,neuquen,impuesto a los combustibles liquidos ley 23966 y 24699,f.e.d.e.i.,1.8218,58.0,True
2004,neuquen,impuesto a los combustibles liquidos ley 23966 y 24699,ley 24464 fo.na.vi,23.3677,58.0,True
2004,neuquen,regimen de energia electrica ley 24065,fondo para compensaciones de tarifa electrica,4.8723,58.0,True
2004,neuquen,regimen de energia electrica ley 24065,f.e.d.e.i.,3.9699,58.0,True
2004,neuquen,fondo compensador de desequilibrios,fondo compensador de desequilibrios,30.0,58.0,True
2004,neuquen,regimen simplificado para pequeños contribuyentes ley 24977 art 59 inciso a,regimen simplificado para pequeños contribuyentes ley 24977 art 59 inciso a,2.5725,58.0,True
2004,rio negro,coparticipacion federal de impuestos ley 23548,coparticipacion federal de impuestos ley 23548,496.0676,62.0,True
2004,rio negro,transferencia de servicios ley 24049,transferencia de servicios ley 24049,14.6,62.0,True
2004,rio negro,impuesto a las ganancias,obras de infraestructura basica social,24.7485,62.0,True
2004,rio negro,impuesto a las ganancias,excedente obras de caracter social a buenos aires,48.2565,62.0,True
2004,rio negro,impuesto a las ganancias,ley 24699,10.9848,62.0,True
2004,rio negro,impuesto sobre los bienes personales,ley 24699,22.3127,62.0,True
2004,rio negro,impuesto sobre los activos fondo educacion ley 23906,impuesto sobre los activos fondo educacion ley 23906,0.028,62.0,True
2004,rio negro,impuesto a los combustibles liquidos ley 23966 y 24699,obras de infraestructura,2.8581,62.0,True
2004,rio negro,impuesto a los combustibles liquidos ley 23966 y 24699,vialidad provincial,5.7668,62.0,True
2004,rio negro,impuesto a los combustibles liquidos ley 23966 y 24699,f.e.d.e.i.,1.6928,62.0,True
2004,rio negro,impuesto a los combustibles liquidos ley 23966 y 24699,ley 24464 fo.na.vi,24.4546,62.0,True
2004,rio negro,regimen de energia electrica ley 24065,fondo para compensaciones de tarifa electrica,4.4739,62.0,True
2004,rio negro,regimen de energia electrica ley 24065,f.e.d.e.i.,3.6887,62.0,True
2004,rio negro,fondo compensador de desequilibrios,fondo compensador de desequilibrios,30.0,62.0,True
2004,rio negro,regimen simplificado para pequeños contribuyentes ley 24977 art 59 inciso a,regimen simplificado para pequeños contribuyentes ley 24977 art 59 inciso a,3.7401,62.0,True
2004,salta,coparticipacion federal de impuestos ley 23548,coparticipacion federal de impuestos ley 23548,753.5684,66.0,True
2004,salta,transferencia de servicios ley 24049,transferencia de servicios ley 24049,39.8,66.0,True
2004,salta,impuesto a las ganancias,obras de infraestructura basica social,67.7697,66.0,True
2004,salta,impuesto a las ganancias,excedente obras de caracter social a buenos aires,73.3061,66.0,True
2004,salta,impuesto a las ganancias,ley 24699,16.6872,66.0,True
2004,salta,impuesto sobre los bienes personales,ley 24699,33.8948,66.0,True
2004,salta,impuesto sobre los activos fondo educacion ley 23906,impuesto sobre los activos fondo educacion ley 23906,0.0372,66.0,True
2004,salta,impuesto a los combustibles liquidos ley 23966 y 24699,obras de infraestructura,4.3417,66.0,True
2004,salta,impuesto a los combustibles liquidos ley 23966 y 24699,vialidad provincial,6.8583,66.0,True
2004,salta,impuesto a los combustibles liquidos ley 23966 y 24699,f.e.d.e.i.,1.7318,66.0,True
2004,salta,impuesto a los combustibles liquidos ley 23966 y 24699,ley 24464 fo.na.vi,21.7374,66.0,True
2004,salta,regimen de energia electrica ley 24065,fondo para compensaciones de tarifa electrica,5.5762,66.0,True
2004,salta,regimen de energia electrica ley 24065,f.e.d.e.i.,3.7737,66.0,True
2004,salta,fondo compensador de desequilibrios,fondo compensador de desequilibrios,30.0,66.0,True
2004,salta,regimen simplificado para pequeños contribuyentes ley 24977 art 59 inciso a,regimen simplificado para pequeños contribuyentes ley 24977 art 59 inciso a,5.6815,66.0,True
2004,san juan,coparticipacion federal de impuestos ley 23548,coparticipacion federal de impuestos ley 23548,664.5792,70.0,True
2004,san juan,transferencia de servicios ley 24049,transferencia de servicios ley 24049,30.1,70.0,True
2004,san juan,impuesto a las ganancias,obras de infraestructura basica social,22.098,70.0,True
2004,san juan,impuesto a las ganancias,excedente obras de caracter social a buenos aires,64.6481,70.0,True
2004,san juan,impuesto a las ganancias,ley 24699,14.7168,70.0,True
2004,san juan,impuesto sobre los bienes personales,ley 24699,29.8922,70.0,True
2004,san juan,impuesto sobre los activos fondo educacion ley 23906,impuesto sobre los activos fondo educacion ley 23906,0.021,70.0,True
2004,san juan,impuesto a los combustibles liquidos ley 23966 y 24699,obras de infraestructura,3.8289,70.0,True
2004,san juan,impuesto a los combustibles liquidos ley 23966 y 24699,vialidad provincial,5.1122,70.0,True
2004,san juan,impuesto a los combustibles liquidos ley 23966 y 24699,f.e.d.e.i.,2.8689,70.0,True
2004,san juan,impuesto a los combustibles liquidos ley 23966 y 24699,ley 24464 fo.na.vi,19.8354,70.0,True
2004,san juan,regimen de energia electrica ley 24065,fondo para compensaciones de tarifa electrica,5.0308,70.0,True
2004,san juan,regimen de energia electrica ley 24065,f.e.d.e.i.,5.389,70.0,True
2004,san juan,fondo compensador de desequilibrios,fondo compensador de desequilibrios,26.4,70.0,True
2004,san juan,regimen simplificado para pequeños contribuyentes ley 24977 art 59 inciso a,regimen simplificado para pequeños contribuyentes ley 24977 art 59 inciso a,5.0106,70.0,True
2004,san luis,coparticipacion federal de impuestos ley 23548,coparticipacion federal de impuestos ley 23548,448.7329,74.0,True
2004,san luis,transferencia de servicios ley 24049,transferencia de servicios ley 24049,18.9,74.0,True
2004,san luis,impuesto a las ganancias,obras de infraestructura basica social,12.9903,74.0,True
2004,san luis,impuesto a las ganancias,excedente obras de caracter social a buenos aires,43.6514,74.0,True
2004,san luis,impuesto a las ganancias,ley 24699,9.9372,74.0,True
2004,san luis,impuesto sobre los bienes personales,ley 24699,20.1836,74.0,True
2004,san luis,impuesto sobre los activos fondo educacion ley 23906,impuesto sobre los activos fondo educacion ley 23906,0.0174,74.0,True
2004,san luis,impuesto a los combustibles liquidos ley 23966 y 24699,obras de infraestructura,2.5853,74.0,True
2004,san luis,impuesto a los combustibles liquidos ley 23966 y 24699,vialidad provincial,14.4229,74.0,True
2004,san luis,impuesto a los combustibles liquidos ley 23966 y 24699,f.e.d.e.i.,1.5717,74.0,True
2004,san luis,impuesto a los combustibles liquidos ley 23966 y 24699,ley 24464 fo.na.vi,19.8354,74.0,True
2004,san luis,regimen de energia electrica ley 24065,fondo para compensaciones de tarifa electrica,4.2754,74.0,True
2004,san luis,regimen de energia electrica ley 24065,f.e.d.e.i.,3.4248,74.0,True
2004,san luis,fondo compensador de desequilibrios,fondo compensador de desequilibrios,26.4,74.0,True
2004,san luis,regimen simplificado para pequeños contribuyentes ley 24977 art 59 inciso a,regimen simplificado para pequeños contribuyentes ley 24977 art 59 inciso a,3.3831,74.0,True
2004,santa cruz,coparticipacion federal de impuestos ley 23548,coparticipacion federal de impuestos ley 23548,310.9258,78.0,True
2004,santa cruz,transferencia de servicios ley 24049,transferencia de servicios ley 24049,8.5,78.0,True
2004,santa cruz,impuesto a las ganancias,obras de infraestructura basica social,4.8636,78.0,True
2004,santa cruz,impuesto a las ganancias,excedente obras de caracter social a buenos aires,30.2462,78.0,True
2004,santa cruz,impuesto a las ganancias,ley 24699,6.8856,78.0,True
2004,santa cruz,impuesto sobre los bienes personales,ley 24699,13.9852,78.0,True
2004,santa cruz,impuesto sobre los bienes personales,ley 23966 art 30,1.2639,78.0,True
2004,santa cruz,impuesto sobre los activos fondo educacion ley 23906,impuesto sobre los activos fondo educacion ley 23906,0.0174,78.0,True
2004,santa cruz,i.v.a.ley 23966 art 5 punto 2,i.v.a.ley 23966 art 5 punto 2,2.4294,78.0,True
2004,santa cruz,impuesto a los combustibles liquidos ley 23966 y 24699,obras de infraestructura,1.7914,78.0,True
2004,santa cruz,impuesto a los combustibles liquidos ley 23966 y 24699,vialidad provincial,8.1242,78.0,True
2004,santa cruz,impuesto a los combustibles liquidos ley 23966 y 24699,f.e.d.e.i.,2.2114,78.0,True
2004,santa cruz,impuesto a los combustibles liquidos ley 23966 y 24699,ley 24464 fo.na.vi,17.39,78.0,True
2004,santa cruz,regimen de energia electrica ley 24065,fondo para compensaciones de tarifa electrica,4.9582,78.0,True
2004,santa cruz,regimen de energia electrica ley 24065,transferencia a empresas de energia electrica,26.2,78.0,True
2004,santa cruz,regimen de energia electrica ley 24065,f.e.d.e.i.,4.8189,78.0,True
2004,santa cruz,fondo compensador de desequilibrios,fondo compensador de desequilibrios,36.0,78.0,True
2004,santa cruz,regimen simplificado para pequeños contribuyentes ley 24977 art 59 inciso a,regimen simplificado para pequeños contribuyentes ley 24977 art 59 inciso a,2.3442,78.0,True
2004,santa fe,coparticipacion federal de impuestos ley 23548,coparticipacion federal de impuestos ley 23548,1757.064,82.0,True
2004,santa fe,transferencia de servicios ley 24049,transferencia de servicios ley 24049,135.489,82.0,True
2004,santa fe,impuesto a las ganancias,obras de infraestructura basica social,104.2195,82.0,True
2004,santa fe,impuesto a las ganancias,excedente obras de caracter social a buenos aires,170.9219,82.0,True
2004,santa fe,impuesto a las ganancias,ley 24699,38.91,82.0,True
2004,santa fe,impuesto sobre los bienes personales,ley 24699,79.0311,82.0,True
2004,santa fe,impuesto sobre los bienes personales,ley 23966 art 30,17.0462,82.0,True
2004,santa fe,impuesto sobre los activos fondo educacion ley 23906,impuesto sobre los activos fondo educacion ley 23906,0.0706,82.0,True
2004,santa fe,i.v.a.ley 23966 art 5 punto 2,i.v.a.ley 23966 art 5 punto 2,32.7651,82.0,True
2004,santa fe,impuesto a los combustibles liquidos ley 23966 y 24699,obras de infraestructura,34.9974,82.0,True
2004,santa fe,impuesto a los combustibles liquidos ley 23966 y 24699,vialidad provincial,16.9486,82.0,True
2004,santa fe,impuesto a los combustibles liquidos ley 23966 y 24699,f.e.d.e.i.,1.3934,82.0,True
2004,santa fe,impuesto a los combustibles liquidos ley 23966 y 24699,ley 24464 fo.na.vi,30.7041,82.0,True
2004,santa fe,regimen de energia electrica ley 24065,fondo para compensaciones de tarifa electrica,3.4331,82.0,True
2004,santa fe,regimen de energia electrica ley 24065,f.e.d.e.i.,3.0364,82.0,True
2004,santa fe,fondo compensador de desequilibrios,fondo compensador de desequilibrios,6.0,82.0,True
2004,santa fe,regimen simplificado para pequeños contribuyentes ley 24977 art 59 inciso a,regimen simplificado para pequeños contribuyentes ley 24977 art 59 inciso a,13.2473,82.0,True
2004,sgo. del estero,coparticipacion federal de impuestos ley 23548,coparticipacion federal de impuestos ley 23548,812.2634,86.0,True
2004,sgo. del estero,transferencia de servicios ley 24049,transferencia de servicios ley 24049,31.6,86.0,True
2004,sgo. del estero,impuesto a las ganancias,obras de infraestructura basica social,54.2167,86.0,True
2004,sgo. del estero,impuesto a las ganancias,excedente obras de caracter social a buenos aires,79.0155,86.0,True
2004,sgo. del estero,impuesto a las ganancias,ley 24699,17.9879,86.0,True
2004,sgo. del estero,impuesto sobre los bienes personales,ley 24699,36.5349,86.0,True
2004,sgo. del estero,impuesto sobre los activos fondo educacion ley 23906,impuesto sobre los activos fondo educacion ley 23906,0.0351,86.0,True
2004,sgo. del estero,impuesto a los combustibles liquidos ley 23966 y 24699,obras de infraestructura,4.6798,86.0,True
2004,sgo. del estero,impuesto a los combustibles liquidos ley 23966 y 24699,vialidad provincial,6.0611,86.0,True
2004,sgo. del estero,impuesto a los combustibles liquidos ley 23966 y 24699,f.e.d.e.i.,1.8578,86.0,True
2004,sgo. del estero,impuesto a los combustibles liquidos ley 23966 y 24699,ley 24464 fo.na.vi,23.3677,86.0,True
2004,sgo. del estero,regimen de energia electrica ley 24065,fondo para compensaciones de tarifa electrica,3.6181,86.0,True
2004,sgo. del estero,regimen de energia electrica ley 24065,f.e.d.e.i.,4.0484,86.0,True
2004,sgo. del estero,fondo compensador de desequilibrios,fondo compensador de desequilibrios,26.4,86.0,True
2004,sgo. del estero,regimen simplificado para pequeños contribuyentes ley 24977 art 59 inciso a,regimen simplificado para pequeños contribuyentes ley 24977 art 59 inciso a,6.124,86.0,True
2004,tucuman,coparticipacion federal de impuestos ley 23548,coparticipacion federal de impuestos ley 23548,935.3336,90.0,True
2004,tucuman,transferencia de servicios ley 24049,transferencia de servicios ley 24049,55.8,90.0,True
2004,tucuman,impuesto a las ganancias,obras de infraestructura basica social,66.9817,90.0,True
2004,tucuman,impuesto a las ganancias,excedente obras de caracter social a buenos aires,90.9866,90.0,True
2004,tucuman,impuesto a las ganancias,ley 24699,20.7132,90.0,True
2004,tucuman,impuesto sobre los bienes personales,ley 24699,42.0704,90.0,True
2004,tucuman,impuesto sobre los activos fondo educacion ley 23906,impuesto sobre los activos fondo educacion ley 23906,0.0318,90.0,True
2004,tucuman,impuesto a los combustibles liquidos ley 23966 y 24699,obras de infraestructura,5.3889,90.0,True
2004,tucuman,impuesto a los combustibles liquidos ley 23966 y 24699,vialidad provincial,8.3731,90.0,True
2004,tucuman,impuesto a los combustibles liquidos ley 23966 y 24699,f.e.d.e.i.,1.4309,90.0,True
2004,tucuman,impuesto a los combustibles liquidos ley 23966 y 24699,ley 24464 fo.na.vi,22.8243,90.0,True
2004,tucuman,regimen de energia electrica ley 24065,fondo para compensaciones de tarifa electrica,2.9743,90.0,True
2004,tucuman,regimen de energia electrica ley 24065,f.e.d.e.i.,3.1182,90.0,True
2004,tucuman,fondo compensador de desequilibrios,fondo compensador de desequilibrios,26.4,90.0,True
2004,tucuman,regimen simplificado para pequeños contribuyentes ley 24977 art 59 inciso a,regimen simplificado para pequeños contribuyentes ley 24977 art 59 inciso a,7.0519,90.0,True
2004,tierra del fuego,coparticipacion federal de impuestos ley 23548,coparticipacion federal de impuestos ley 23548,246.485,94.0,True
2004,tierra del fuego,transferencia de servicios ley 24049,transferencia de servicios ley 24049,12.0,94.0,True
2004,tierra del fuego,impuesto a las ganancias,obras de infraestructura basica social,3.1621,94.0,True
2004,tierra del fuego,impuesto a las ganancias,excedente obras de caracter social a buenos aires,23.5882,94.0,True
2004,tierra del fuego,impuesto a las ganancias,ley 24699,5.37,94.0,True
2004,tierra del fuego,impuesto sobre los bienes personales,ley 24699,10.9063,94.0,True
2004,tierra del fuego,impuesto sobre los bienes personales,ley 23966 art 30,0.1121,94.0,True
2004,tierra del fuego,impuesto sobre los activos fondo educacion ley 23906,impuesto sobre los activos fondo educacion ley 23906,0.0083,94.0,True
2004,tierra del fuego,i.v.a.ley 23966 art 5 punto 2,i.v.a.ley 23966 art 5 punto 2,0.2155,94.0,True
2004,tierra del fuego,impuesto a los combustibles liquidos ley 23966 y 24699,obras de infraestructura,1.397,94.0,True
2004,tierra del fuego,impuesto a los combustibles liquidos ley 23966 y 24699,vialidad provincial,3.6071,94.0,True
2004,tierra del fuego,impuesto a los combustibles liquidos ley 23966 y 24699,f.e.d.e.i.,1.6263,94.0,True
2004,tierra del fuego,impuesto a los combustibles liquidos ley 23966 y 24699,ley 24464 fo.na.vi,14.4011,94.0,True
2004,tierra del fuego,regimen de energia electrica ley 24065,fondo para compensaciones de tarifa electrica,4.5805,94.0,True
2004,tierra del fuego,regimen de energia electrica ley 24065,f.e.d.e.i.,3.5438,94.0,True
2004,tierra del fuego,fondo compensador de desequilibrios,fondo compensador de desequilibrios,36.0,94.0,True
2004,tierra del fuego,regimen simplificado para pequeños contribuyentes ley 24977 art 59 inciso a,regimen simplificado para pequeños contribuyentes ley 24977 art 59 inciso a,1.8282,94.0,True
2004,c.a.b.a,coparticipacion federal de impuestos ley 23548,coparticipacion federal de impuestos ley 23548,516.97,2.0,True
2004,c.a.b.a,impuesto sobre los activos fondo educacion ley 23906,impuesto sobre los activos fondo educacion ley 23906,0.0303,2.0,True
2004,c.a.b.a,impuesto a los combustibles liquidos ley 23966 y 24699,ley 24464 fo.na.vi,7.0647,2.0,True
2004,tesoro nacional,coparticipacion federal de impuestos ley 23548,coparticipacion federal de impuestos ley 23548,14859.1957,,False
2004,tesoro nacional,impuesto sobre los bienes personales,ley 24699,648.7708,,False
2004,tesoro nacional,impuesto sobre los activos fondo educacion ley 23906,impuesto sobre los activos fondo educacion ley 23906,0.4579,,False
2004,tesoro nacional,impuesto a los combustibles liquidos ley 23966 y 24699,vialidad provincial,381.5819,,False
2004,seguridad social,coparticipacion federal de impuestos ley 23548,coparticipacion federal de impuestos ley 23548,6613.4172,,False
2004,seguridad social,impuesto a las ganancias,obras de infraestructura basica social,4325.675,,False
2004,seguridad social,impuesto a las ganancias,ley 24699,120.0,,False
2004,seguridad social,i.v.a.ley 23966 art 5 punto 2,i.v.a.ley 23966 art 5 punto 2,2994.7859,,False
2004,seguridad social,regimen simplificado para pequeños contribuyentes ley 24977 art 59 inciso a,regimen simplificado para pequeños contribuyentes ley 24977 art 59 inciso a,349.5371,,False
2004,fondo a.t.n.,coparticipacion federal de impuestos ley 23548,coparticipacion federal de impuestos ley 23548,369.2643,,False
2004,fondo a.t.n.,impuesto a las ganancias,obras de infraestructura basica social,432.5675,,False
2004,fondo a.t.n.,impuesto a las ganancias,ley 24699,20.0,,False
2004,fondo a.t.n.,impuesto sobre los bienes personales,ley 24699,15.5805,,False
2005,buenos aires,coparticipacion federal de impuestos ley 23548,coparticipacion federal de impuestos ley 23548,5400.0342,6.0,True
2005,buenos aires,transferencia de servicios ley 24049,transferencia de servicios ley 24049,443.76,6.0,True
2005,buenos aires,impuesto a las ganancias,obras de infraestructura basica social,681.5621,6.0,True
2005,buenos aires,impuesto a las ganancias,ley 24699,95.6087,6.0,True
2005,buenos aires,impuesto sobre los bienes personales,ley 24699,211.2386,6.0,True
2005,buenos aires,impuesto sobre los bienes personales,ley 23966 art 30,50.2897,6.0,True
2005,buenos aires,impuesto sobre los activos fondo educacion ley 23906,impuesto sobre los activos fondo educacion ley 23906,0.2104,6.0,True
2005,buenos aires,i.v.a.ley 23966 art 5 punto 2,i.v.a.ley 23966 art 5 punto 2,106.54,6.0,True
2005,buenos aires,impuesto a los combustibles liquidos ley 23966 y 24699,vialidad provincial,58.7009,6.0,True
2005,buenos aires,impuesto a los combustibles liquidos ley 23966 y 24699,f.e.d.e.i.,3.208,6.0,True
2005,buenos aires,impuesto a los combustibles liquidos ley 23966 y 24699,ley 24464 fo.na.vi,84.9084,6.0,True
2005,buenos aires,regimen de energia electrica ley 24065,fondo para compensaciones de tarifa electrica,10.4333,6.0,True
2005,buenos aires,regimen de energia electrica ley 24065,f.e.d.e.i.,4.1041,6.0,True
2005,buenos aires,regimen simplificado para pequeños contribuyentes ley 24977 art 59 inciso a,regimen simplificado para pequeños contribuyentes ley 24977 art 59 inciso a,49.2401,6.0,True
2005,catamarca,coparticipacion federal de impuestos ley 23548,coparticipacion federal de impuestos ley 23548,677.2989,10.0,True
2005,catamarca,transferencia de servicios ley 24049,transferencia de servicios ley 24049,21.4,10.0,True
2005,catamarca,impuesto a las ganancias,obras de infraestructura basica social,19.9423,10.0,True
2005,catamarca,impuesto a las ganancias,excedente obras de caracter social a buenos aires,72.8316,10.0,True
2005,catamarca,impuesto a las ganancias,ley 24699,11.9916,10.0,True
2005,catamarca,impuesto sobre los bienes personales,ley 24699,26.4946,10.0,True
2005,catamarca,impuesto sobre los activos fondo educacion ley 23906,impuesto sobre los activos fondo educacion ley 23906,0.0157,10.0,True
2005,catamarca,impuesto a los combustibles liquidos ley 23966 y 24699,obras de infraestructura,3.31,10.0,True
2005,catamarca,impuesto a los combustibles liquidos ley 23966 y 24699,vialidad provincial,5.3262,10.0,True
2005,catamarca,impuesto a los combustibles liquidos ley 23966 y 24699,f.e.d.e.i.,3.4055,10.0,True
2005,catamarca,impuesto a los combustibles liquidos ley 23966 y 24699,ley 24464 fo.na.vi,12.2971,10.0,True
2005,catamarca,regimen de energia electrica ley 24065,fondo para compensaciones de tarifa electrica,5.8625,10.0,True
2005,catamarca,regimen de energia electrica ley 24065,f.e.d.e.i.,5.2866,10.0,True
2005,catamarca,fondo compensador de desequilibrios,fondo compensador de desequilibrios,26.4,10.0,True
2005,catamarca,regimen simplificado para pequeños contribuyentes ley 24977 art 59 inciso a,regimen simplificado para pequeños contribuyentes ley 24977 art 59 inciso a,6.176,10.0,True
2005,cordoba,coparticipacion federal de impuestos ley 23548,coparticipacion federal de impuestos ley 23548,2183.4601,14.0,True
2005,cordoba,transferencia de servicios ley 24049,transferencia de servicios ley 24049,125.3,14.0,True
2005,cordoba,impuesto a las ganancias,obras de infraestructura basica social,111.5384,14.0,True
2005,cordoba,impuesto a las ganancias,excedente obras de caracter social a buenos aires,234.7888,14.0,True
2005,cordoba,impuesto a las ganancias,ley 24699,38.658,14.0,True
2005,cordoba,impuesto sobre los bienes personales,ley 24699,85.4126,14.0,True
2005,cordoba,impuesto sobre los bienes personales,ley 23966 art 30,17.1742,14.0,True
2005,cordoba,impuesto sobre los activos fondo educacion ley 23906,impuesto sobre los activos fondo educacion ley 23906,0.0582,14.0,True
2005,cordoba,i.v.a.ley 23966 art 5 punto 2,i.v.a.ley 23966 art 5 punto 2,36.3839,14.0,True
2005,cordoba,impuesto a los combustibles liquidos ley 23966 y 24699,obras de infraestructura,10.6706,14.0,True
2005,cordoba,impuesto a los combustibles liquidos ley 23966 y 24699,vialidad provincial,16.9786,14.0,True
2005,cordoba,impuesto a los combustibles liquidos ley 23966 y 24699,f.e.d.e.i.,2.2665,14.0,True
2005,cordoba,impuesto a los combustibles liquidos ley 23966 y 24699,ley 24464 fo.na.vi,33.085,14.0,True
2005,cordoba,regimen de energia electrica ley 24065,fondo para compensaciones de tarifa electrica,4.403,14.0,True
2005,cordoba,regimen de energia electrica ley 24065,f.e.d.e.i.,3.6037,14.0,True
2005,cordoba,fondo compensador de desequilibrios,fondo compensador de desequilibrios,6.0,14.0,True
2005,cordoba,regimen simplificado para pequeños contribuyentes ley 24977 art 59 inciso a,regimen simplificado para pequeños contribuyentes ley 24977 art 59 inciso a,19.91,14.0,True
2005,corrientes,coparticipacion federal de impuestos ley 23548,coparticipacion federal de impuestos ley 23548,914.1167,18.0,True
2005,corrientes,transferencia de servicios ley 24049,transferencia de servicios ley 24049,38.6,18.0,True
2005,corrientes,impuesto a las ganancias,obras de infraestructura basica social,66.923,18.0,True
2005,corrientes,impuesto a las ganancias,excedente obras de caracter social a buenos aires,98.2975,18.0,True
2005,corrientes,impuesto a las ganancias,ley 24699,16.1844,18.0,True
2005,corrientes,impuesto sobre los bienes personales,ley 24699,35.7584,18.0,True
2005,corrientes,impuesto sobre los bienes personales,ley 23966 art 30,5.4915,18.0,True
2005,corrientes,impuesto sobre los activos fondo educacion ley 23906,impuesto sobre los activos fondo educacion ley 23906,0.0261,18.0,True
2005,corrientes,i.v.a.ley 23966 art 5 punto 2,i.v.a.ley 23966 art 5 punto 2,11.6339,18.0,True
2005,corrientes,impuesto a los combustibles liquidos ley 23966 y 24699,obras de infraestructura,4.4673,18.0,True
2005,corrientes,impuesto a los combustibles liquidos ley 23966 y 24699,vialidad provincial,6.735,18.0,True
2005,corrientes,impuesto a los combustibles liquidos ley 23966 y 24699,f.e.d.e.i.,3.2625,18.0,True
2005,corrientes,impuesto a los combustibles liquidos ley 23966 y 24699,ley 24464 fo.na.vi,28.986,18.0,True
2005,corrientes,regimen de energia electrica ley 24065,fondo para compensaciones de tarifa electrica,5.7063,18.0,True
2005,corrientes,regimen de energia electrica ley 24065,f.e.d.e.i.,4.6708,18.0,True
2005,corrientes,fondo compensador de desequilibrios,fondo compensador de desequilibrios,18.0,18.0,True
2005,corrientes,regimen simplificado para pequeños contribuyentes ley 24977 art 59 inciso a,regimen simplificado para pequeños contribuyentes ley 24977 art 59 inciso a,8.3354,18.0,True
2005,chaco,coparticipacion federal de impuestos ley 23548,coparticipacion federal de impuestos ley 23548,1226.7162,22.0,True
2005,chaco,transferencia de servicios ley 24049,transferencia de servicios ley 24049,33.6,22.0,True
2005,chaco,impuesto a las ganancias,obras de infraestructura basica social,88.767,22.0,True
2005,chaco,impuesto a las ganancias,excedente obras de caracter social a buenos aires,131.9105,22.0,True
2005,chaco,impuesto a las ganancias,ley 24699,21.7188,22.0,True
2005,chaco,impuesto sobre los bienes personales,ley 24699,47.9867,22.0,True
2005,chaco,impuesto sobre los bienes personales,ley 23966 art 30,4.3173,22.0,True
2005,chaco,impuesto sobre los activos fondo educacion ley 23906,impuesto sobre los activos fondo educacion ley 23906,0.0341,22.0,True
2005,chaco,i.v.a.ley 23966 art 5 punto 2,i.v.a.ley 23966 art 5 punto 2,9.1462,22.0,True
2005,chaco,impuesto a los combustibles liquidos ley 23966 y 24699,obras de infraestructura,5.995,22.0,True
2005,chaco,impuesto a los combustibles liquidos ley 23966 y 24699,vialidad provincial,8.8503,22.0,True
2005,chaco,impuesto a los combustibles liquidos ley 23966 y 24699,f.e.d.e.i.,3.0489,22.0,True
2005,chaco,impuesto a los combustibles liquidos ley 23966 y 24699,ley 24464 fo.na.vi,26.9365,22.0,True
2005,chaco,regimen de energia electrica ley 24065,fondo para compensaciones de tarifa electrica,6.3515,22.0,True
2005,chaco,regimen de energia electrica ley 24065,f.e.d.e.i.,4.8376,22.0,True
2005,chaco,fondo compensador de desequilibrios,fondo compensador de desequilibrios,6.0,22.0,True
2005,chaco,regimen simplificado para pequeños contribuyentes ley 24977 art 59 inciso a,regimen simplificado para pequeños contribuyentes ley 24977 art 59 inciso a,11.1859,22.0,True
2005,chubut,coparticipacion federal de impuestos ley 23548,coparticipacion federal de impuestos ley 23548,388.8942,26.0,True
2005,chubut,transferencia de servicios ley 24049,transferencia de servicios ley 24049,24.2,26.0,True
2005,chubut,impuesto a las ganancias,obras de infraestructura basica social,20.6607,26.0,True
2005,chubut,impuesto a las ganancias,excedente obras de caracter social a buenos aires,41.8186,26.0,True
2005,chubut,impuesto a las ganancias,ley 24699,6.8856,26.0,True
2005,chubut,impuesto sobre los bienes personales,ley 24699,15.2128,26.0,True
2005,chubut,impuesto sobre los bienes personales,ley 23966 art 30,1.6888,26.0,True
2005,chubut,impuesto sobre los activos fondo educacion ley 23906,impuesto sobre los activos fondo educacion ley 23906,0.0158,26.0,True
2005,chubut,i.v.a.ley 23966 art 5 punto 2,i.v.a.ley 23966 art 5 punto 2,3.5778,26.0,True
2005,chubut,impuesto a los combustibles liquidos ley 23966 y 24699,obras de infraestructura,1.9006,26.0,True
2005,chubut,impuesto a los combustibles liquidos ley 23966 y 24699,vialidad provincial,7.3771,26.0,True
2005,chubut,impuesto a los combustibles liquidos ley 23966 y 24699,f.e.d.e.i.,3.1971,26.0,True
2005,chubut,impuesto a los combustibles liquidos ley 23966 y 24699,ley 24464 fo.na.vi,18.7384,26.0,True
2005,chubut,regimen de energia electrica ley 24065,fondo para compensaciones de tarifa electrica,8.6823,26.0,True
2005,chubut,regimen de energia electrica ley 24065,f.e.d.e.i.,5.0812,26.0,True
2005,chubut,fondo compensador de desequilibrios,fondo compensador de desequilibrios,36.0,26.0,True
2005,chubut,regimen simplificado para pequeños contribuyentes ley 24977 art 59 inciso a,regimen simplificado para pequeños contribuyentes ley 24977 art 59 inciso a,3.5462,26.0,True
2005,entre rios,coparticipacion federal de impuestos ley 23548,coparticipacion federal de impuestos ley 23548,1200.6663,30.0,True
2005,entre rios,transferencia de servicios ley 24049,transferencia de servicios ley 24049,67.5,30.0,True
2005,entre rios,impuesto a las ganancias,obras de infraestructura basica social,56.041,30.0,True
2005,entre rios,impuesto a las ganancias,excedente obras de caracter social a buenos aires,129.1098,30.0,True
2005,entre rios,impuesto a las ganancias,ley 24699,21.258,30.0,True
2005,entre rios,impuesto sobre los bienes personales,ley 24699,46.9677,30.0,True
2005,entre rios,impuesto sobre los bienes personales,ley 23966 art 30,7.4532,30.0,True
2005,entre rios,impuesto sobre los activos fondo educacion ley 23906,impuesto sobre los activos fondo educacion ley 23906,0.027,30.0,True
2005,entre rios,i.v.a.ley 23966 art 5 punto 2,i.v.a.ley 23966 art 5 punto 2,15.7898,30.0,True
2005,entre rios,impuesto a los combustibles liquidos ley 23966 y 24699,obras de infraestructura,5.8676,30.0,True
2005,entre rios,impuesto a los combustibles liquidos ley 23966 y 24699,vialidad provincial,10.2509,30.0,True
2005,entre rios,impuesto a los combustibles liquidos ley 23966 y 24699,f.e.d.e.i.,2.6239,30.0,True
2005,entre rios,impuesto a los combustibles liquidos ley 23966 y 24699,ley 24464 fo.na.vi,22.8374,30.0,True
2005,entre rios,regimen de energia electrica ley 24065,fondo para compensaciones de tarifa electrica,5.9965,30.0,True
2005,entre rios,regimen de energia electrica ley 24065,f.e.d.e.i.,4.1537,30.0,True
2005,entre rios,fondo compensador de desequilibrios,fondo compensador de desequilibrios,21.6,30.0,True
2005,entre rios,regimen simplificado para pequeños contribuyentes ley 24977 art 59 inciso a,regimen simplificado para pequeños contribuyentes ley 24977 art 59 inciso a,10.9482,30.0,True
2005,formosa,coparticipacion federal de impuestos ley 23548,coparticipacion federal de impuestos ley 23548,895.1713,34.0,True
2005,formosa,transferencia de servicios ley 24049,transferencia de servicios ley 24049,20.7,34.0,True
2005,formosa,impuesto a las ganancias,obras de infraestructura basica social,41.822,34.0,True
2005,formosa,impuesto a las ganancias,excedente obras de caracter social a buenos aires,96.2603,34.0,True
2005,formosa,impuesto a las ganancias,ley 24699,15.8495,34.0,True
2005,formosa,impuesto sobre los bienes personales,ley 24699,35.0173,34.0,True
2005,formosa,impuesto sobre los bienes personales,ley 23966 art 30,2.0111,34.0,True
2005,formosa,impuesto sobre los activos fondo educacion ley 23906,impuesto sobre los activos fondo educacion ley 23906,0.0184,34.0,True
2005,formosa,i.v.a.ley 23966 art 5 punto 2,i.v.a.ley 23966 art 5 punto 2,4.2605,34.0,True
2005,formosa,impuesto a los combustibles liquidos ley 23966 y 24699,obras de infraestructura,4.3747,34.0,True
2005,formosa,impuesto a los combustibles liquidos ley 23966 y 24699,vialidad provincial,5.3641,34.0,True
2005,formosa,impuesto a los combustibles liquidos ley 23966 y 24699,f.e.d.e.i.,3.5232,34.0,True
2005,formosa,impuesto a los combustibles liquidos ley 23966 y 24699,ley 24464 fo.na.vi,23.423,34.0,True
2005,formosa,regimen de energia electrica ley 24065,fondo para compensaciones de tarifa electrica,8.0252,34.0,True
2005,formosa,regimen de energia electrica ley 24065,f.e.d.e.i.,5.5978,34.0,True
2005,formosa,fondo compensador de desequilibrios,fondo compensador de desequilibrios,26.4,34.0,True
2005,formosa,regimen simplificado para pequeños contribuyentes ley 24977 art 59 inciso a,regimen simplificado para pequeños contribuyentes ley 24977 art 59 inciso a,8.1627,34.0,True
2005,jujuy,coparticipacion federal de impuestos ley 23548,coparticipacion federal de impuestos ley 23548,698.6125,38.0,True
2005,jujuy,transferencia de servicios ley 24049,transferencia de servicios ley 24049,33.3,38.0,True
2005,jujuy,impuesto a las ganancias,obras de infraestructura basica social,48.5517,38.0,True
2005,jujuy,impuesto a las ganancias,excedente obras de caracter social a buenos aires,75.1241,38.0,True
2005,jujuy,impuesto a las ganancias,ley 24699,12.3695,38.0,True
2005,jujuy,impuesto sobre los bienes personales,ley 24699,27.3283,38.0,True
2005,jujuy,impuesto sobre los activos fondo educacion ley 23906,impuesto sobre los activos fondo educacion ley 23906,0.0168,38.0,True
2005,jujuy,impuesto a los combustibles liquidos ley 23966 y 24699,obras de infraestructura,3.4141,38.0,True
2005,jujuy,impuesto a los combustibles liquidos ley 23966 y 24699,vialidad provincial,5.1895,38.0,True
2005,jujuy,impuesto a los combustibles liquidos ley 23966 y 24699,f.e.d.e.i.,2.8429,38.0,True
2005,jujuy,impuesto a los combustibles liquidos ley 23966 y 24699,ley 24464 fo.na.vi,17.5673,38.0,True
2005,jujuy,regimen de energia electrica ley 24065,fondo para compensaciones de tarifa electrica,5.8072,38.0,True
2005,jujuy,regimen de energia electrica ley 24065,f.e.d.e.i.,4.5188,38.0,True
2005,jujuy,fondo compensador de desequilibrios,fondo compensador de desequilibrios,26.4,38.0,True
2005,jujuy,regimen simplificado para pequeños contribuyentes ley 24977 art 59 inciso a,regimen simplificado para pequeños contribuyentes ley 24977 art 59 inciso a,6.3702,38.0,True
2005,la pampa,coparticipacion federal de impuestos ley 23548,coparticipacion federal de impuestos ley 23548,461.7947,42.0,True
2005,la pampa,transferencia de servicios ley 24049,transferencia de servicios ley 24049,19.2,42.0,True
2005,la pampa,impuesto a las ganancias,obras de infraestructura basica social,9.3597,42.0,True
2005,la pampa,impuesto a las ganancias,excedente obras de caracter social a buenos aires,49.6581,42.0,True
2005,la pampa,impuesto a las ganancias,ley 24699,8.1756,42.0,True
2005,la pampa,impuesto sobre los bienes personales,ley 24699,18.0645,42.0,True
2005,la pampa,impuesto sobre los bienes personales,ley 23966 art 30,1.4548,42.0,True
2005,la pampa,impuesto sobre los activos fondo educacion ley 23906,impuesto sobre los activos fondo educacion ley 23906,0.0139,42.0,True
2005,la pampa,i.v.a.ley 23966 art 5 punto 2,i.v.a.ley 23966 art 5 punto 2,3.0821,42.0,True
2005,la pampa,impuesto a los combustibles liquidos ley 23966 y 24699,obras de infraestructura,2.2568,42.0,True
2005,la pampa,impuesto a los combustibles liquidos ley 23966 y 24699,vialidad provincial,6.1682,42.0,True
2005,la pampa,impuesto a los combustibles liquidos ley 23966 y 24699,f.e.d.e.i.,2.5227,42.0,True
2005,la pampa,impuesto a los combustibles liquidos ley 23966 y 24699,ley 24464 fo.na.vi,11.7115,42.0,True
2005,la pampa,regimen de energia electrica ley 24065,fondo para compensaciones de tarifa electrica,8.8196,42.0,True
2005,la pampa,regimen de energia electrica ley 24065,f.e.d.e.i.,4.011,42.0,True
2005,la pampa,fondo compensador de desequilibrios,fondo compensador de desequilibrios,30.0,42.0,True
2005,la pampa,regimen simplificado para pequeños contribuyentes ley 24977 art 59 inciso a,regimen simplificado para pequeños contribuyentes ley 24977 art 59 inciso a,4.2109,42.0,True
2005,la rioja,coparticipacion federal de impuestos ley 23548,coparticipacion federal de impuestos ley 23548,509.1583,46.0,True
2005,la rioja,transferencia de servicios ley 24049,transferencia de servicios ley 24049,20.3,46.0,True
2005,la rioja,impuesto a las ganancias,obras de infraestructura basica social,15.9958,46.0,True
2005,la rioja,impuesto a las ganancias,excedente obras de caracter social a buenos aires,54.7513,46.0,True
2005,la rioja,impuesto a las ganancias,ley 24699,9.0144,46.0,True
2005,la rioja,impuesto sobre los bienes personales,ley 24699,19.9173,46.0,True
2005,la rioja,impuesto sobre los activos fondo educacion ley 23906,impuesto sobre los activos fondo educacion ley 23906,0.0135,46.0,True
2005,la rioja,impuesto a los combustibles liquidos ley 23966 y 24699,obras de infraestructura,2.4883,46.0,True
2005,la rioja,impuesto a los combustibles liquidos ley 23966 y 24699,vialidad provincial,6.0947,46.0,True
2005,la rioja,impuesto a los combustibles liquidos ley 23966 y 24699,f.e.d.e.i.,3.325,46.0,True
2005,la rioja,impuesto a los combustibles liquidos ley 23966 y 24699,ley 24464 fo.na.vi,11.7115,46.0,True
2005,la rioja,regimen de energia electrica ley 24065,fondo para compensaciones de tarifa electrica,5.5003,46.0,True
2005,la rioja,regimen de energia electrica ley 24065,f.e.d.e.i.,5.2851,46.0,True
2005,la rioja,fondo compensador de desequilibrios,fondo compensador de desequilibrios,26.4,46.0,True
2005,la rioja,regimen simplificado para pequeños contribuyentes ley 24977 art 59 inciso a,regimen simplificado para pequeños contribuyentes ley 24977 art 59 inciso a,4.6428,46.0,True
2005,mendoza,coparticipacion federal de impuestos ley 23548,coparticipacion federal de impuestos ley 23548,1025.4211,50.0,True
2005,mendoza,transferencia de servicios ley 24049,transferencia de servicios ley 24049,61.7,50.0,True
2005,mendoza,impuesto a las ganancias,obras de infraestructura basica social,66.5576,50.0,True
2005,mendoza,impuesto a las ganancias,excedente obras de caracter social a buenos aires,110.266,50.0,True
2005,mendoza,impuesto a las ganancias,ley 24699,18.1548,50.0,True
2005,mendoza,impuesto sobre los bienes personales,ley 24699,40.1124,50.0,True
2005,mendoza,impuesto sobre los activos fondo educacion ley 23906,impuesto sobre los activos fondo educacion ley 23906,0.0287,50.0,True
2005,mendoza,impuesto a los combustibles liquidos ley 23966 y 24699,obras de infraestructura,5.0112,50.0,True
2005,mendoza,impuesto a los combustibles liquidos ley 23966 y 24699,vialidad provincial,10.3351,50.0,True
2005,mendoza,impuesto a los combustibles liquidos ley 23966 y 24699,f.e.d.e.i.,2.6037,50.0,True
2005,mendoza,impuesto a los combustibles liquidos ley 23966 y 24699,ley 24464 fo.na.vi,23.423,50.0,True
2005,mendoza,regimen de energia electrica ley 24065,fondo para compensaciones de tarifa electrica,10.4057,50.0,True
2005,mendoza,regimen de energia electrica ley 24065,f.e.d.e.i.,4.1023,50.0,True
2005,mendoza,fondo compensador de desequilibrios,fondo compensador de desequilibrios,26.4,50.0,True
2005,mendoza,regimen simplificado para pequeños contribuyentes ley 24977 art 59 inciso a,regimen simplificado para pequeños contribuyentes ley 24977 art 59 inciso a,9.3504,50.0,True
2005,misiones,coparticipacion federal de impuestos ley 23548,coparticipacion federal de impuestos ley 23548,812.2851,54.0,True
2005,misiones,transferencia de servicios ley 24049,transferencia de servicios ley 24049,34.1,54.0,True
2005,misiones,impuesto a las ganancias,obras de infraestructura basica social,70.8789,54.0,True
2005,misiones,impuesto a las ganancias,excedente obras de caracter social a buenos aires,87.3456,54.0,True
2005,misiones,impuesto a las ganancias,ley 24699,14.382,54.0,True
2005,misiones,impuesto sobre los bienes personales,ley 24699,31.775,54.0,True
2005,misiones,impuesto sobre los bienes personales,ley 23966 art 30,2.3577,54.0,True
2005,misiones,impuesto sobre los activos fondo educacion ley 23906,impuesto sobre los activos fondo educacion ley 23906,0.0214,54.0,True
2005,misiones,i.v.a.ley 23966 art 5 punto 2,i.v.a.ley 23966 art 5 punto 2,4.9949,54.0,True
2005,misiones,impuesto a los combustibles liquidos ley 23966 y 24699,obras de infraestructura,3.9696,54.0,True
2005,misiones,impuesto a los combustibles liquidos ley 23966 y 24699,vialidad provincial,8.9251,54.0,True
2005,misiones,impuesto a los combustibles liquidos ley 23966 y 24699,f.e.d.e.i.,3.7612,54.0,True
2005,misiones,impuesto a los combustibles liquidos ley 23966 y 24699,ley 24464 fo.na.vi,27.522,54.0,True
2005,misiones,regimen de energia electrica ley 24065,fondo para compensaciones de tarifa electrica,7.6391,54.0,True
2005,misiones,regimen de energia electrica ley 24065,f.e.d.e.i.,7.1745,54.0,True
2005,misiones,fondo compensador de desequilibrios,fondo compensador de desequilibrios,26.4,54.0,True
2005,misiones,regimen simplificado para pequeños contribuyentes ley 24977 art 59 inciso a,regimen simplificado para pequeños contribuyentes ley 24977 art 59 inciso a,7.4068,54.0,True
2005,neuquen,coparticipacion federal de impuestos ley 23548,coparticipacion federal de impuestos ley 23548,426.785,58.0,True
2005,neuquen,transferencia de servicios ley 24049,transferencia de servicios ley 24049,17.4,58.0,True
2005,neuquen,impuesto a las ganancias,obras de infraestructura basica social,21.9507,58.0,True
2005,neuquen,impuesto a las ganancias,excedente obras de caracter social a buenos aires,45.8931,58.0,True
2005,neuquen,impuesto a las ganancias,ley 24699,7.5564,58.0,True
2005,neuquen,impuesto sobre los bienes personales,ley 24699,16.695,58.0,True
2005,neuquen,impuesto sobre los bienes personales,ley 23966 art 30,1.0603,58.0,True
2005,neuquen,impuesto sobre los activos fondo educacion ley 23906,impuesto sobre los activos fondo educacion ley 23906,0.0189,58.0,True
2005,neuquen,i.v.a.ley 23966 art 5 punto 2,i.v.a.ley 23966 art 5 punto 2,2.2464,58.0,True
2005,neuquen,impuesto a los combustibles liquidos ley 23966 y 24699,obras de infraestructura,2.0857,58.0,True
2005,neuquen,impuesto a los combustibles liquidos ley 23966 y 24699,vialidad provincial,7.5033,58.0,True
2005,neuquen,impuesto a los combustibles liquidos ley 23966 y 24699,f.e.d.e.i.,2.9649,58.0,True
2005,neuquen,impuesto a los combustibles liquidos ley 23966 y 24699,ley 24464 fo.na.vi,25.1797,58.0,True
2005,neuquen,regimen de energia electrica ley 24065,fondo para compensaciones de tarifa electrica,5.1691,58.0,True
2005,neuquen,regimen de energia electrica ley 24065,f.e.d.e.i.,4.7123,58.0,True
2005,neuquen,fondo compensador de desequilibrios,fondo compensador de desequilibrios,30.0,58.0,True
2005,neuquen,regimen simplificado para pequeños contribuyentes ley 24977 art 59 inciso a,regimen simplificado para pequeños contribuyentes ley 24977 art 59 inciso a,3.8916,58.0,True
2005,rio negro,coparticipacion federal de impuestos ley 23548,coparticipacion federal de impuestos ley 23548,620.4626,62.0,True
2005,rio negro,transferencia de servicios ley 24049,transferencia de servicios ley 24049,14.6,62.0,True
2005,rio negro,impuesto a las ganancias,obras de infraestructura basica social,31.3717,62.0,True
2005,rio negro,impuesto a las ganancias,excedente obras de caracter social a buenos aires,66.7198,62.0,True
2005,rio negro,impuesto a las ganancias,ley 24699,10.9848,62.0,True
2005,rio negro,impuesto sobre los bienes personales,ley 24699,24.2713,62.0,True
2005,rio negro,impuesto sobre los activos fondo educacion ley 23906,impuesto sobre los activos fondo educacion ley 23906,0.0219,62.0,True
2005,rio negro,impuesto a los combustibles liquidos ley 23966 y 24699,obras de infraestructura,3.0322,62.0,True
2005,rio negro,impuesto a los combustibles liquidos ley 23966 y 24699,vialidad provincial,5.9052,62.0,True
2005,rio negro,impuesto a los combustibles liquidos ley 23966 y 24699,f.e.d.e.i.,2.7545,62.0,True
2005,rio negro,impuesto a los combustibles liquidos ley 23966 y 24699,ley 24464 fo.na.vi,26.3509,62.0,True
2005,rio negro,regimen de energia electrica ley 24065,fondo para compensaciones de tarifa electrica,4.6727,62.0,True
2005,rio negro,regimen de energia electrica ley 24065,f.e.d.e.i.,4.3783,62.0,True
2005,rio negro,fondo compensador de desequilibrios,fondo compensador de desequilibrios,30.0,62.0,True
2005,rio negro,regimen simplificado para pequeños contribuyentes ley 24977 art 59 inciso a,regimen simplificado para pequeños contribuyentes ley 24977 art 59 inciso a,5.6578,62.0,True
2005,salta,coparticipacion federal de impuestos ley 23548,coparticipacion federal de impuestos ley 23548,942.5349,66.0,True
2005,salta,transferencia de servicios ley 24049,transferencia de servicios ley 24049,39.8,66.0,True
2005,salta,impuesto a las ganancias,obras de infraestructura basica social,85.9064,66.0,True
2005,salta,impuesto a las ganancias,excedente obras de caracter social a buenos aires,101.3535,66.0,True
2005,salta,impuesto a las ganancias,ley 24699,16.6872,66.0,True
2005,salta,impuesto sobre los bienes personales,ley 24699,36.8701,66.0,True
2005,salta,impuesto sobre los activos fondo educacion ley 23906,impuesto sobre los activos fondo educacion ley 23906,0.0291,66.0,True
2005,salta,impuesto a los combustibles liquidos ley 23966 y 24699,obras de infraestructura,4.6062,66.0,True
2005,salta,impuesto a los combustibles liquidos ley 23966 y 24699,vialidad provincial,7.4469,66.0,True
2005,salta,impuesto a los combustibles liquidos ley 23966 y 24699,f.e.d.e.i.,2.8183,66.0,True
2005,salta,impuesto a los combustibles liquidos ley 23966 y 24699,ley 24464 fo.na.vi,23.423,66.0,True
2005,salta,regimen de energia electrica ley 24065,fondo para compensaciones de tarifa electrica,4.5116,66.0,True
2005,salta,regimen de energia electrica ley 24065,f.e.d.e.i.,4.4189,66.0,True
2005,salta,fondo compensador de desequilibrios,fondo compensador de desequilibrios,30.0,66.0,True
2005,salta,regimen simplificado para pequeños contribuyentes ley 24977 art 59 inciso a,regimen simplificado para pequeños contribuyentes ley 24977 art 59 inciso a,8.5946,66.0,True
2005,san juan,coparticipacion federal de impuestos ley 23548,coparticipacion federal de impuestos ley 23548,831.2305,70.0,True
2005,san juan,transferencia de servicios ley 24049,transferencia de servicios ley 24049,30.1,70.0,True
2005,san juan,impuesto a las ganancias,obras de infraestructura basica social,28.0119,70.0,True
2005,san juan,impuesto a las ganancias,excedente obras de caracter social a buenos aires,89.3829,70.0,True
2005,san juan,impuesto a las ganancias,ley 24699,14.7168,70.0,True
2005,san juan,impuesto sobre los bienes personales,ley 24699,32.5161,70.0,True
2005,san juan,impuesto sobre los activos fondo educacion ley 23906,impuesto sobre los activos fondo educacion ley 23906,0.0165,70.0,True
2005,san juan,impuesto a los combustibles liquidos ley 23966 y 24699,obras de infraestructura,4.0622,70.0,True
2005,san juan,impuesto a los combustibles liquidos ley 23966 y 24699,vialidad provincial,5.4038,70.0,True
2005,san juan,impuesto a los combustibles liquidos ley 23966 y 24699,f.e.d.e.i.,2.8744,70.0,True
2005,san juan,impuesto a los combustibles liquidos ley 23966 y 24699,ley 24464 fo.na.vi,21.3735,70.0,True
2005,san juan,regimen de energia electrica ley 24065,fondo para compensaciones de tarifa electrica,7.6759,70.0,True
2005,san juan,regimen de energia electrica ley 24065,f.e.d.e.i.,4.893,70.0,True
2005,san juan,fondo compensador de desequilibrios,fondo compensador de desequilibrios,26.4,70.0,True
2005,san juan,regimen simplificado para pequeños contribuyentes ley 24977 art 59 inciso a,regimen simplificado para pequeños contribuyentes ley 24977 art 59 inciso a,7.5797,70.0,True
2005,san luis,coparticipacion federal de impuestos ley 23548,coparticipacion federal de impuestos ley 23548,561.2582,74.0,True
2005,san luis,transferencia de servicios ley 24049,transferencia de servicios ley 24049,18.9,74.0,True
2005,san luis,impuesto a las ganancias,obras de infraestructura basica social,16.4667,74.0,True
2005,san luis,impuesto a las ganancias,excedente obras de caracter social a buenos aires,60.3528,74.0,True
2005,san luis,impuesto a las ganancias,ley 24699,9.9372,74.0,True
2005,san luis,impuesto sobre los bienes personales,ley 24699,21.9553,74.0,True
2005,san luis,impuesto sobre los activos fondo educacion ley 23906,impuesto sobre los activos fondo educacion ley 23906,0.0136,74.0,True
2005,san luis,impuesto a los combustibles liquidos ley 23966 y 24699,obras de infraestructura,2.7428,74.0,True
2005,san luis,impuesto a los combustibles liquidos ley 23966 y 24699,vialidad provincial,5.0364,74.0,True
2005,san luis,impuesto a los combustibles liquidos ley 23966 y 24699,f.e.d.e.i.,2.5565,74.0,True
2005,san luis,impuesto a los combustibles liquidos ley 23966 y 24699,ley 24464 fo.na.vi,21.3735,74.0,True
2005,san luis,regimen de energia electrica ley 24065,fondo para compensaciones de tarifa electrica,4.927,74.0,True
2005,san luis,regimen de energia electrica ley 24065,f.e.d.e.i.,4.0647,74.0,True
2005,san luis,fondo compensador de desequilibrios,fondo compensador de desequilibrios,26.4,74.0,True
2005,san luis,regimen simplificado para pequeños contribuyentes ley 24977 art 59 inciso a,regimen simplificado para pequeños contribuyentes ley 24977 art 59 inciso a,5.1178,74.0,True
2005,santa cruz,coparticipacion federal de impuestos ley 23548,coparticipacion federal de impuestos ley 23548,388.8942,78.0,True
2005,santa cruz,transferencia de servicios ley 24049,transferencia de servicios ley 24049,8.5,78.0,True
2005,santa cruz,impuesto a las ganancias,obras de infraestructura basica social,6.1652,78.0,True
2005,santa cruz,impuesto a las ganancias,excedente obras de caracter social a buenos aires,41.8186,78.0,True
2005,santa cruz,impuesto a las ganancias,ley 24699,6.8856,78.0,True
2005,santa cruz,impuesto sobre los bienes personales,ley 24699,15.2128,78.0,True
2005,santa cruz,impuesto sobre los bienes personales,ley 23966 art 30,1.3749,78.0,True
2005,santa cruz,impuesto sobre los activos fondo educacion ley 23906,impuesto sobre los activos fondo educacion ley 23906,0.0136,78.0,True
2005,santa cruz,i.v.a.ley 23966 art 5 punto 2,i.v.a.ley 23966 art 5 punto 2,2.9127,78.0,True
2005,santa cruz,impuesto a los combustibles liquidos ley 23966 y 24699,obras de infraestructura,1.9006,78.0,True
2005,santa cruz,impuesto a los combustibles liquidos ley 23966 y 24699,vialidad provincial,16.0729,78.0,True
2005,santa cruz,impuesto a los combustibles liquidos ley 23966 y 24699,f.e.d.e.i.,3.599,78.0,True
2005,santa cruz,impuesto a los combustibles liquidos ley 23966 y 24699,ley 24464 fo.na.vi,18.7384,78.0,True
2005,santa cruz,regimen de energia electrica ley 24065,fondo para compensaciones de tarifa electrica,5.2556,78.0,True
2005,santa cruz,regimen de energia electrica ley 24065,transferencia a empresas de energia electrica,31.592,78.0,True
2005,santa cruz,regimen de energia electrica ley 24065,f.e.d.e.i.,5.7201,78.0,True
2005,santa cruz,fondo compensador de desequilibrios,fondo compensador de desequilibrios,36.0,78.0,True
2005,santa cruz,regimen simplificado para pequeños contribuyentes ley 24977 art 59 inciso a,regimen simplificado para pequeños contribuyentes ley 24977 art 59 inciso a,3.5462,78.0,True
2005,santa fe,coparticipacion federal de impuestos ley 23548,coparticipacion federal de impuestos ley 23548,2197.6692,82.0,True
2005,santa fe,transferencia de servicios ley 24049,transferencia de servicios ley 24049,135.489,82.0,True
2005,santa fe,impuesto a las ganancias,obras de infraestructura basica social,132.1109,82.0,True
2005,santa fe,impuesto a las ganancias,excedente obras de caracter social a buenos aires,236.3178,82.0,True
2005,santa fe,impuesto a las ganancias,ley 24699,38.91,82.0,True
2005,santa fe,impuesto sobre los bienes personales,ley 24699,85.9685,82.0,True
2005,santa fe,impuesto sobre los bienes personales,ley 23966 art 30,18.5425,82.0,True
2005,santa fe,impuesto sobre los activos fondo educacion ley 23906,impuesto sobre los activos fondo educacion ley 23906,0.0552,82.0,True
2005,santa fe,i.v.a.ley 23966 art 5 punto 2,i.v.a.ley 23966 art 5 punto 2,39.2826,82.0,True
2005,santa fe,impuesto a los combustibles liquidos ley 23966 y 24699,obras de infraestructura,37.1298,82.0,True
2005,santa fe,impuesto a los combustibles liquidos ley 23966 y 24699,vialidad provincial,19.7908,82.0,True
2005,santa fe,impuesto a los combustibles liquidos ley 23966 y 24699,f.e.d.e.i.,2.2665,82.0,True
2005,santa fe,impuesto a los combustibles liquidos ley 23966 y 24699,ley 24464 fo.na.vi,33.085,82.0,True
2005,santa fe,regimen de energia electrica ley 24065,fondo para compensaciones de tarifa electrica,3.7118,82.0,True
2005,santa fe,regimen de energia electrica ley 24065,f.e.d.e.i.,3.6037,82.0,True
2005,santa fe,fondo compensador de desequilibrios,fondo compensador de desequilibrios,6.0,82.0,True
2005,santa fe,regimen simplificado para pequeños contribuyentes ley 24977 art 59 inciso a,regimen simplificado para pequeños contribuyentes ley 24977 art 59 inciso a,20.0396,82.0,True
2005,sgo. del estero,coparticipacion federal de impuestos ley 23548,coparticipacion federal de impuestos ley 23548,1015.9484,86.0,True
2005,sgo. del estero,transferencia de servicios ley 24049,transferencia de servicios ley 24049,31.6,86.0,True
2005,sgo. del estero,impuesto a las ganancias,obras de infraestructura basica social,68.7263,86.0,True
2005,sgo. del estero,impuesto a las ganancias,excedente obras de caracter social a buenos aires,109.2474,86.0,True
2005,sgo. del estero,impuesto a las ganancias,ley 24699,17.9879,86.0,True
2005,sgo. del estero,impuesto sobre los bienes personales,ley 24699,39.7419,86.0,True
2005,sgo. del estero,impuesto sobre los activos fondo educacion ley 23906,impuesto sobre los activos fondo educacion ley 23906,0.0274,86.0,True
2005,sgo. del estero,impuesto a los combustibles liquidos ley 23966 y 24699,obras de infraestructura,4.965,86.0,True
2005,sgo. del estero,impuesto a los combustibles liquidos ley 23966 y 24699,vialidad provincial,6.1797,86.0,True
2005,sgo. del estero,impuesto a los combustibles liquidos ley 23966 y 24699,f.e.d.e.i.,3.022,86.0,True
2005,sgo. del estero,impuesto a los combustibles liquidos ley 23966 y 24699,ley 24464 fo.na.vi,25.1797,86.0,True
2005,sgo. del estero,regimen de energia electrica ley 24065,fondo para compensaciones de tarifa electrica,3.9609,86.0,True
2005,sgo. del estero,regimen de energia electrica ley 24065,f.e.d.e.i.,4.8027,86.0,True
2005,sgo. del estero,fondo compensador de desequilibrios,fondo compensador de desequilibrios,26.4,86.0,True
2005,sgo. del estero,regimen simplificado para pequeños contribuyentes ley 24977 art 59 inciso a,regimen simplificado para pequeños contribuyentes ley 24977 art 59 inciso a,9.264,86.0,True
2005,tucuman,coparticipacion federal de impuestos ley 23548,coparticipacion federal de impuestos ley 23548,1169.8799,90.0,True
2005,tucuman,transferencia de servicios ley 24049,transferencia de servicios ley 24049,55.8,90.0,True
2005,tucuman,impuesto a las ganancias,obras de infraestructura basica social,84.9074,90.0,True
2005,tucuman,impuesto a las ganancias,excedente obras de caracter social a buenos aires,125.7987,90.0,True
2005,tucuman,impuesto a las ganancias,ley 24699,20.7132,90.0,True
2005,tucuman,impuesto sobre los bienes personales,ley 24699,45.7634,90.0,True
2005,tucuman,impuesto sobre los activos fondo educacion ley 23906,impuesto sobre los activos fondo educacion ley 23906,0.0249,90.0,True
2005,tucuman,impuesto a los combustibles liquidos ley 23966 y 24699,obras de infraestructura,5.7172,90.0,True
2005,tucuman,impuesto a los combustibles liquidos ley 23966 y 24699,vialidad provincial,9.2914,90.0,True
2005,tucuman,impuesto a los combustibles liquidos ley 23966 y 24699,f.e.d.e.i.,2.3276,90.0,True
2005,tucuman,impuesto a los combustibles liquidos ley 23966 y 24699,ley 24464 fo.na.vi,24.5942,90.0,True
2005,tucuman,regimen de energia electrica ley 24065,fondo para compensaciones de tarifa electrica,3.167,90.0,True
2005,tucuman,regimen de energia electrica ley 24065,f.e.d.e.i.,3.6966,90.0,True
2005,tucuman,fondo compensador de desequilibrios,fondo compensador de desequilibrios,26.4,90.0,True
2005,tucuman,regimen simplificado para pequeños contribuyentes ley 24977 art 59 inciso a,regimen simplificado para pequeños contribuyentes ley 24977 art 59 inciso a,10.6677,90.0,True
2005,tierra del fuego,coparticipacion federal de impuestos ley 23548,coparticipacion federal de impuestos ley 23548,307.2887,94.0,True
2005,tierra del fuego,transferencia de servicios ley 24049,transferencia de servicios ley 24049,12.0,94.0,True
2005,tierra del fuego,impuesto a las ganancias,obras de infraestructura basica social,4.0083,94.0,True
2005,tierra del fuego,impuesto a las ganancias,excedente obras de caracter social a buenos aires,32.6132,94.0,True
2005,tierra del fuego,impuesto a las ganancias,ley 24699,5.37,94.0,True
2005,tierra del fuego,impuesto sobre los bienes personales,ley 24699,11.8637,94.0,True
2005,tierra del fuego,impuesto sobre los bienes personales,ley 23966 art 30,0.122,94.0,True
2005,tierra del fuego,impuesto sobre los activos fondo educacion ley 23906,impuesto sobre los activos fondo educacion ley 23906,0.0065,94.0,True
2005,tierra del fuego,i.v.a.ley 23966 art 5 punto 2,i.v.a.ley 23966 art 5 punto 2,0.2584,94.0,True
2005,tierra del fuego,impuesto a los combustibles liquidos ley 23966 y 24699,obras de infraestructura,1.4822,94.0,True
2005,tierra del fuego,impuesto a los combustibles liquidos ley 23966 y 24699,vialidad provincial,3.9729,94.0,True
2005,tierra del fuego,impuesto a los combustibles liquidos ley 23966 y 24699,f.e.d.e.i.,2.6464,94.0,True
2005,tierra del fuego,impuesto a los combustibles liquidos ley 23966 y 24699,ley 24464 fo.na.vi,15.5177,94.0,True
2005,tierra del fuego,regimen de energia electrica ley 24065,fondo para compensaciones de tarifa electrica,3.9223,94.0,True
2005,tierra del fuego,regimen de energia electrica ley 24065,f.e.d.e.i.,4.2064,94.0,True
2005,tierra del fuego,fondo compensador de desequilibrios,fondo compensador de desequilibrios,36.0,94.0,True
2005,tierra del fuego,regimen simplificado para pequeños contribuyentes ley 24977 art 59 inciso a,regimen simplificado para pequeños contribuyentes ley 24977 art 59 inciso a,2.7655,94.0,True
2005,c.a.b.a,coparticipacion federal de impuestos ley 23548,coparticipacion federal de impuestos ley 23548,638.5745,2.0,True
2005,c.a.b.a,impuesto sobre los activos fondo educacion ley 23906,impuesto sobre los activos fondo educacion ley 23906,0.0237,2.0,True
2005,c.a.b.a,impuesto a los combustibles liquidos ley 23966 y 24699,ley 24464 fo.na.vi,7.6125,2.0,True
2005,tesoro nacional,coparticipacion federal de impuestos ley 23548,coparticipacion federal de impuestos ley 23548,18354.4564,,False
2005,tesoro nacional,impuesto sobre los bienes personales,ley 24699,705.7197,,False
2005,tesoro nacional,impuesto sobre los activos fondo educacion ley 23906,impuesto sobre los activos fondo educacion ley 23906,0.3581,,False
2005,tesoro nacional,impuesto a los combustibles liquidos ley 23966 y 24699,vialidad provincial,404.8316,,False
2005,seguridad social,coparticipacion federal de impuestos ley 23548,coparticipacion federal de impuestos ley 23548,8146.247,,False
2005,seguridad social,impuesto a las ganancias,obras de infraestructura basica social,5483.3195,,False
2005,seguridad social,impuesto a las ganancias,ley 24699,120.0,,False
2005,seguridad social,i.v.a.ley 23966 art 5 punto 2,i.v.a.ley 23966 art 5 punto 2,3590.4999,,False
2005,seguridad social,regimen simplificado para pequeños contribuyentes ley 24977 art 59 inciso a,regimen simplificado para pequeños contribuyentes ley 24977 art 59 inciso a,528.7569,,False
2005,fondo a.t.n.,coparticipacion federal de impuestos ley 23548,coparticipacion federal de impuestos ley 23548,456.1247,,False
2005,fondo a.t.n.,impuesto a las ganancias,obras de infraestructura basica social,548.3319,,False
2005,fondo a.t.n.,impuesto a las ganancias,ley 24699,20.0,,False
2005,fondo a.t.n.,impuesto sobre los bienes personales,ley 24699,16.9481,,False
2006,buenos aires,coparticipacion federal de impuestos neta ley 26075,coparticipacion federal de impuestos neta ley 26075,6474.5877,6.0,True
2006,buenos aires,financiamiento educativo ley 26075,financiamiento educativo ley 26075,307.8943,6.0,True
2006,buenos aires,transferencia de servicios ley 24049,transferencia de servicios ley 24049,443.76,6.0,True
2006,buenos aires,impuesto a las ganancias,obras de infraestructura basica social,650.0,6.0,True
2006,buenos aires,impuesto a las ganancias,ley 24699,95.6087,6.0,True
2006,buenos aires,impuesto sobre los bienes personales,ley 24699,242.0042,6.0,True
2006,buenos aires,impuesto sobre los bienes personales,ley 23966 art 30,57.6141,6.0,True
2006,buenos aires,impuesto sobre los activos fondo educacion ley 23906,impuesto sobre los activos fondo educacion ley 23906,0.4902,6.0,True
2006,buenos aires,i.v.a.ley 23966 art 5 punto 2,i.v.a.ley 23966 art 5 punto 2,136.8508,6.0,True
2006,buenos aires,impuesto a los combustibles liquidos ley 23966 y 24699,obras de infraestructura,0.1264,6.0,True
2006,buenos aires,impuesto a los combustibles liquidos ley 23966 y 24699,vialidad provincial,66.5442,6.0,True
2006,buenos aires,impuesto a los combustibles liquidos ley 23966 y 24699,f.e.d.e.i.,2.5173,6.0,True
2006,buenos aires,impuesto a los combustibles liquidos ley 23966 y 24699,ley 24464 fo.na.vi,98.4925,6.0,True
2006,buenos aires,regimen de energia electrica ley 24065,fondo para compensaciones de tarifa electrica,15.8454,6.0,True
2006,buenos aires,regimen de energia electrica ley 24065,f.e.d.e.i.,6.263,6.0,True
2006,buenos aires,regimen simplificado para pequeños contribuyentes ley 24977 art 59 inciso a,regimen simplificado para pequeños contribuyentes ley 24977 art 59 inciso a,56.6577,6.0,True
2006,catamarca,coparticipacion federal de impuestos neta ley 26075,coparticipacion federal de impuestos neta ley 26075,833.9433,10.0,True
2006,catamarca,financiamiento educativo ley 26075,financiamiento educativo ley 26075,16.749,10.0,True
2006,catamarca,transferencia de servicios ley 24049,transferencia de servicios ley 24049,21.4,10.0,True
2006,catamarca,impuesto a las ganancias,obras de infraestructura basica social,23.7753,10.0,True
2006,catamarca,impuesto a las ganancias,excedente obras de caracter social a buenos aires,92.2848,10.0,True
2006,catamarca,impuesto a las ganancias,ley 24699,11.9916,10.0,True
2006,catamarca,impuesto sobre los bienes personales,ley 24699,30.3534,10.0,True
2006,catamarca,impuesto sobre los activos fondo educacion ley 23906,impuesto sobre los activos fondo educacion ley 23906,0.0367,10.0,True
2006,catamarca,impuesto a los combustibles liquidos ley 23966 y 24699,obras de infraestructura,3.7787,10.0,True
2006,catamarca,impuesto a los combustibles liquidos ley 23966 y 24699,vialidad provincial,5.7499,10.0,True
2006,catamarca,impuesto a los combustibles liquidos ley 23966 y 24699,f.e.d.e.i.,2.4837,10.0,True
2006,catamarca,impuesto a los combustibles liquidos ley 23966 y 24699,ley 24464 fo.na.vi,14.2644,10.0,True
2006,catamarca,regimen de energia electrica ley 24065,fondo para compensaciones de tarifa electrica,9.8212,10.0,True
2006,catamarca,regimen de energia electrica ley 24065,f.e.d.e.i.,7.8061,10.0,True
2006,catamarca,fondo compensador de desequilibrios,fondo compensador de desequilibrios,26.4,10.0,True
2006,catamarca,regimen simplificado para pequeños contribuyentes ley 24977 art 59 inciso a,regimen simplificado para pequeños contribuyentes ley 24977 art 59 inciso a,7.1064,10.0,True
2006,cordoba,coparticipacion federal de impuestos neta ley 26075,coparticipacion federal de impuestos neta ley 26075,2670.6603,14.0,True
2006,cordoba,financiamiento educativo ley 26075,financiamiento educativo ley 26075,71.7814,14.0,True
2006,cordoba,transferencia de servicios ley 24049,transferencia de servicios ley 24049,125.3,14.0,True
2006,cordoba,impuesto a las ganancias,obras de infraestructura basica social,132.0499,14.0,True
2006,cordoba,impuesto a las ganancias,excedente obras de caracter social a buenos aires,297.5005,14.0,True
2006,cordoba,impuesto a las ganancias,ley 24699,38.658,14.0,True
2006,cordoba,impuesto sobre los bienes personales,ley 24699,97.8525,14.0,True
2006,cordoba,impuesto sobre los bienes personales,ley 23966 art 30,19.6755,14.0,True
2006,cordoba,impuesto sobre los activos fondo educacion ley 23906,impuesto sobre los activos fondo educacion ley 23906,0.1357,14.0,True
2006,cordoba,i.v.a.ley 23966 art 5 punto 2,i.v.a.ley 23966 art 5 punto 2,46.7351,14.0,True
2006,cordoba,impuesto a los combustibles liquidos ley 23966 y 24699,obras de infraestructura,12.1814,14.0,True
2006,cordoba,impuesto a los combustibles liquidos ley 23966 y 24699,vialidad provincial,21.6604,14.0,True
2006,cordoba,impuesto a los combustibles liquidos ley 23966 y 24699,f.e.d.e.i.,1.6457,14.0,True
2006,cordoba,impuesto a los combustibles liquidos ley 23966 y 24699,ley 24464 fo.na.vi,38.3781,14.0,True
2006,cordoba,regimen de energia electrica ley 24065,fondo para compensaciones de tarifa electrica,7.083,14.0,True
2006,cordoba,regimen de energia electrica ley 24065,f.e.d.e.i.,5.1766,14.0,True
2006,cordoba,fondo compensador de desequilibrios,fondo compensador de desequilibrios,6.0,14.0,True
2006,cordoba,regimen simplificado para pequeños contribuyentes ley 24977 art 59 inciso a,regimen simplificado para pequeños contribuyentes ley 24977 art 59 inciso a,22.9092,14.0,True
2006,corrientes,coparticipacion federal de impuestos neta ley 26075,coparticipacion federal de impuestos neta ley 26075,1116.6491,18.0,True
2006,corrientes,financiamiento educativo ley 26075,financiamiento educativo ley 26075,31.4881,18.0,True
2006,corrientes,transferencia de servicios ley 24049,transferencia de servicios ley 24049,38.6,18.0,True
2006,corrientes,impuesto a las ganancias,obras de infraestructura basica social,85.4048,18.0,True
2006,corrientes,impuesto a las ganancias,excedente obras de caracter social a buenos aires,124.5526,18.0,True
2006,corrientes,impuesto a las ganancias,ley 24699,16.1844,18.0,True
2006,corrientes,impuesto sobre los bienes personales,ley 24699,40.9664,18.0,True
2006,corrientes,impuesto sobre los bienes personales,ley 23966 art 30,6.2913,18.0,True
2006,corrientes,impuesto sobre los activos fondo educacion ley 23906,impuesto sobre los activos fondo educacion ley 23906,0.0609,18.0,True
2006,corrientes,i.v.a.ley 23966 art 5 punto 2,i.v.a.ley 23966 art 5 punto 2,14.9437,18.0,True
2006,corrientes,impuesto a los combustibles liquidos ley 23966 y 24699,obras de infraestructura,5.0998,18.0,True
2006,corrientes,impuesto a los combustibles liquidos ley 23966 y 24699,vialidad provincial,7.8686,18.0,True
2006,corrientes,impuesto a los combustibles liquidos ley 23966 y 24699,f.e.d.e.i.,2.0838,18.0,True
2006,corrientes,impuesto a los combustibles liquidos ley 23966 y 24699,ley 24464 fo.na.vi,33.6233,18.0,True
2006,corrientes,regimen de energia electrica ley 24065,fondo para compensaciones de tarifa electrica,9.0799,18.0,True
2006,corrientes,regimen de energia electrica ley 24065,f.e.d.e.i.,6.554,18.0,True
2006,corrientes,fondo compensador de desequilibrios,fondo compensador de desequilibrios,18.0,18.0,True
2006,corrientes,regimen simplificado para pequeños contribuyentes ley 24977 art 59 inciso a,regimen simplificado para pequeños contribuyentes ley 24977 art 59 inciso a,9.5911,18.0,True
2006,chaco,coparticipacion federal de impuestos neta ley 26075,coparticipacion federal de impuestos neta ley 26075,1506.3094,22.0,True
2006,chaco,financiamiento educativo ley 26075,financiamiento educativo ley 26075,34.4551,22.0,True
2006,chaco,transferencia de servicios ley 24049,transferencia de servicios ley 24049,33.6,22.0,True
2006,chaco,impuesto a las ganancias,obras de infraestructura basica social,107.2975,22.0,True
2006,chaco,impuesto a las ganancias,excedente obras de caracter social a buenos aires,167.1436,22.0,True
2006,chaco,impuesto a las ganancias,ley 24699,21.7188,22.0,True
2006,chaco,impuesto sobre los bienes personales,ley 24699,54.9757,22.0,True
2006,chaco,impuesto sobre los bienes personales,ley 23966 art 30,4.946,22.0,True
2006,chaco,impuesto sobre los activos fondo educacion ley 23906,impuesto sobre los activos fondo educacion ley 23906,0.0795,22.0,True
2006,chaco,i.v.a.ley 23966 art 5 punto 2,i.v.a.ley 23966 art 5 punto 2,11.7483,22.0,True
2006,chaco,impuesto a los combustibles liquidos ley 23966 y 24699,obras de infraestructura,6.8438,22.0,True
2006,chaco,impuesto a los combustibles liquidos ley 23966 y 24699,vialidad provincial,8.821,22.0,True
2006,chaco,impuesto a los combustibles liquidos ley 23966 y 24699,f.e.d.e.i.,2.2132,22.0,True
2006,chaco,impuesto a los combustibles liquidos ley 23966 y 24699,ley 24464 fo.na.vi,31.2459,22.0,True
2006,chaco,regimen de energia electrica ley 24065,fondo para compensaciones de tarifa electrica,10.3271,22.0,True
2006,chaco,regimen de energia electrica ley 24065,f.e.d.e.i.,6.9609,22.0,True
2006,chaco,fondo compensador de desequilibrios,fondo compensador de desequilibrios,6.0,22.0,True
2006,chaco,regimen simplificado para pequeños contribuyentes ley 24977 art 59 inciso a,regimen simplificado para pequeños contribuyentes ley 24977 art 59 inciso a,12.871,22.0,True
2006,chubut,coparticipacion federal de impuestos neta ley 26075,coparticipacion federal de impuestos neta ley 26075,474.4804,26.0,True
2006,chubut,financiamiento educativo ley 26075,financiamiento educativo ley 26075,13.9734,26.0,True
2006,chubut,transferencia de servicios ley 24049,transferencia de servicios ley 24049,24.2,26.0,True
2006,chubut,impuesto a las ganancias,obras de infraestructura basica social,22.2465,26.0,True
2006,chubut,impuesto a las ganancias,excedente obras de caracter social a buenos aires,52.9882,26.0,True
2006,chubut,impuesto a las ganancias,ley 24699,6.8856,26.0,True
2006,chubut,impuesto sobre los bienes personales,ley 24699,17.4284,26.0,True
2006,chubut,impuesto sobre los bienes personales,ley 23966 art 30,1.9348,26.0,True
2006,chubut,impuesto sobre los activos fondo educacion ley 23906,impuesto sobre los activos fondo educacion ley 23906,0.0367,26.0,True
2006,chubut,i.v.a.ley 23966 art 5 punto 2,i.v.a.ley 23966 art 5 punto 2,4.5957,26.0,True
2006,chubut,impuesto a los combustibles liquidos ley 23966 y 24699,obras de infraestructura,2.1697,26.0,True
2006,chubut,impuesto a los combustibles liquidos ley 23966 y 24699,vialidad provincial,8.6283,26.0,True
2006,chubut,impuesto a los combustibles liquidos ley 23966 y 24699,f.e.d.e.i.,2.3206,26.0,True
2006,chubut,impuesto a los combustibles liquidos ley 23966 y 24699,ley 24464 fo.na.vi,21.7363,26.0,True
2006,chubut,regimen de energia electrica ley 24065,fondo para compensaciones de tarifa electrica,13.7522,26.0,True
2006,chubut,regimen de energia electrica ley 24065,f.e.d.e.i.,7.2042,26.0,True
2006,chubut,fondo compensador de desequilibrios,fondo compensador de desequilibrios,36.0,26.0,True
2006,chubut,regimen simplificado para pequeños contribuyentes ley 24977 art 59 inciso a,regimen simplificado para pequeños contribuyentes ley 24977 art 59 inciso a,4.0804,26.0,True
2006,entre rios,coparticipacion federal de impuestos neta ley 26075,coparticipacion federal de impuestos neta ley 26075,1476.1746,30.0,True
2006,entre rios,financiamiento educativo ley 26075,financiamiento educativo ley 26075,31.8709,30.0,True
2006,entre rios,transferencia de servicios ley 24049,transferencia de servicios ley 24049,67.5,30.0,True
2006,entre rios,impuesto a las ganancias,obras de infraestructura basica social,67.3954,30.0,True
2006,entre rios,impuesto a las ganancias,excedente obras de caracter social a buenos aires,163.5948,30.0,True
2006,entre rios,impuesto a las ganancias,ley 24699,21.258,30.0,True
2006,entre rios,impuesto sobre los bienes personales,ley 24699,53.8082,30.0,True
2006,entre rios,impuesto sobre los bienes personales,ley 23966 art 30,8.5387,30.0,True
2006,entre rios,impuesto sobre los activos fondo educacion ley 23906,impuesto sobre los activos fondo educacion ley 23906,0.063,30.0,True
2006,entre rios,i.v.a.ley 23966 art 5 punto 2,i.v.a.ley 23966 art 5 punto 2,20.282,30.0,True
2006,entre rios,impuesto a los combustibles liquidos ley 23966 y 24699,obras de infraestructura,6.6984,30.0,True
2006,entre rios,impuesto a los combustibles liquidos ley 23966 y 24699,vialidad provincial,10.7366,30.0,True
2006,entre rios,impuesto a los combustibles liquidos ley 23966 y 24699,f.e.d.e.i.,1.9047,30.0,True
2006,entre rios,impuesto a los combustibles liquidos ley 23966 y 24699,ley 24464 fo.na.vi,26.4911,30.0,True
2006,entre rios,regimen de energia electrica ley 24065,fondo para compensaciones de tarifa electrica,9.629,30.0,True
2006,entre rios,regimen de energia electrica ley 24065,f.e.d.e.i.,5.978,30.0,True
2006,entre rios,fondo compensador de desequilibrios,fondo compensador de desequilibrios,21.6,30.0,True
2006,entre rios,regimen simplificado para pequeños contribuyentes ley 24977 art 59 inciso a,regimen simplificado para pequeños contribuyentes ley 24977 art 59 inciso a,12.5975,30.0,True
2006,formosa,coparticipacion federal de impuestos neta ley 26075,coparticipacion federal de impuestos neta ley 26075,1103.2857,34.0,True
2006,formosa,financiamiento educativo ley 26075,financiamiento educativo ley 26075,21.0559,34.0,True
2006,formosa,transferencia de servicios ley 24049,transferencia de servicios ley 24049,20.7,34.0,True
2006,formosa,impuesto a las ganancias,obras de infraestructura basica social,52.8673,34.0,True
2006,formosa,impuesto a las ganancias,excedente obras de caracter social a buenos aires,121.9712,34.0,True
2006,formosa,impuesto a las ganancias,ley 24699,15.8495,34.0,True
2006,formosa,impuesto sobre los bienes personales,ley 24699,40.1174,34.0,True
2006,formosa,impuesto sobre los bienes personales,ley 23966 art 30,2.304,34.0,True
2006,formosa,impuesto sobre los activos fondo educacion ley 23906,impuesto sobre los activos fondo educacion ley 23906,0.0429,34.0,True
2006,formosa,i.v.a.ley 23966 art 5 punto 2,i.v.a.ley 23966 art 5 punto 2,5.4726,34.0,True
2006,formosa,impuesto a los combustibles liquidos ley 23966 y 24699,obras de infraestructura,4.9942,34.0,True
2006,formosa,impuesto a los combustibles liquidos ley 23966 y 24699,vialidad provincial,5.9578,34.0,True
2006,formosa,impuesto a los combustibles liquidos ley 23966 y 24699,f.e.d.e.i.,2.5575,34.0,True
2006,formosa,impuesto a los combustibles liquidos ley 23966 y 24699,ley 24464 fo.na.vi,27.1703,34.0,True
2006,formosa,regimen de energia electrica ley 24065,fondo para compensaciones de tarifa electrica,10.8793,34.0,True
2006,formosa,regimen de energia electrica ley 24065,f.e.d.e.i.,8.0437,34.0,True
2006,formosa,fondo compensador de desequilibrios,fondo compensador de desequilibrios,26.4,34.0,True
2006,formosa,regimen simplificado para pequeños contribuyentes ley 24977 art 59 inciso a,regimen simplificado para pequeños contribuyentes ley 24977 art 59 inciso a,9.3924,34.0,True
2006,jujuy,coparticipacion federal de impuestos neta ley 26075,coparticipacion federal de impuestos neta ley 26075,856.0237,38.0,True
2006,jujuy,financiamiento educativo ley 26075,financiamiento educativo ley 26075,21.4387,38.0,True
2006,jujuy,transferencia de servicios ley 24049,transferencia de servicios ley 24049,33.3,38.0,True
2006,jujuy,impuesto a las ganancias,obras de infraestructura basica social,58.3169,38.0,True
2006,jujuy,impuesto a las ganancias,excedente obras de caracter social a buenos aires,95.1896,38.0,True
2006,jujuy,impuesto a las ganancias,ley 24699,12.3695,38.0,True
2006,jujuy,impuesto sobre los bienes personales,ley 24699,31.3085,38.0,True
2006,jujuy,impuesto sobre los activos fondo educacion ley 23906,impuesto sobre los activos fondo educacion ley 23906,0.039,38.0,True
2006,jujuy,impuesto a los combustibles liquidos ley 23966 y 24699,obras de infraestructura,3.8975,38.0,True
2006,jujuy,impuesto a los combustibles liquidos ley 23966 y 24699,vialidad provincial,5.8351,38.0,True
2006,jujuy,impuesto a los combustibles liquidos ley 23966 y 24699,f.e.d.e.i.,2.0638,38.0,True
2006,jujuy,impuesto a los combustibles liquidos ley 23966 y 24699,ley 24464 fo.na.vi,20.3777,38.0,True
2006,jujuy,regimen de energia electrica ley 24065,fondo para compensaciones de tarifa electrica,9.9814,38.0,True
2006,jujuy,regimen de energia electrica ley 24065,f.e.d.e.i.,6.4909,38.0,True
2006,jujuy,fondo compensador de desequilibrios,fondo compensador de desequilibrios,26.4,38.0,True
2006,jujuy,regimen simplificado para pequeños contribuyentes ley 24977 art 59 inciso a,regimen simplificado para pequeños contribuyentes ley 24977 art 59 inciso a,7.3299,38.0,True
2006,la pampa,coparticipacion federal de impuestos neta ley 26075,coparticipacion federal de impuestos neta ley 26075,569.2024,42.0,True
2006,la pampa,financiamiento educativo ley 26075,financiamiento educativo ley 26075,10.8151,42.0,True
2006,la pampa,transferencia de servicios ley 24049,transferencia de servicios ley 24049,19.2,42.0,True
2006,la pampa,impuesto a las ganancias,obras de infraestructura basica social,10.5415,42.0,True
2006,la pampa,impuesto a las ganancias,excedente obras de caracter social a buenos aires,62.9217,42.0,True
2006,la pampa,impuesto a las ganancias,ley 24699,8.1756,42.0,True
2006,la pampa,impuesto sobre los bienes personales,ley 24699,20.6955,42.0,True
2006,la pampa,impuesto sobre los bienes personales,ley 23966 art 30,1.6667,42.0,True
2006,la pampa,impuesto sobre los activos fondo educacion ley 23906,impuesto sobre los activos fondo educacion ley 23906,0.0324,42.0,True
2006,la pampa,i.v.a.ley 23966 art 5 punto 2,i.v.a.ley 23966 art 5 punto 2,3.959,42.0,True
2006,la pampa,impuesto a los combustibles liquidos ley 23966 y 24699,obras de infraestructura,2.5763,42.0,True
2006,la pampa,impuesto a los combustibles liquidos ley 23966 y 24699,vialidad provincial,7.3665,42.0,True
2006,la pampa,impuesto a los combustibles liquidos ley 23966 y 24699,f.e.d.e.i.,1.8317,42.0,True
2006,la pampa,impuesto a los combustibles liquidos ley 23966 y 24699,ley 24464 fo.na.vi,13.5852,42.0,True
2006,la pampa,regimen de energia electrica ley 24065,fondo para compensaciones de tarifa electrica,14.2872,42.0,True
2006,la pampa,regimen de energia electrica ley 24065,f.e.d.e.i.,5.7618,42.0,True
2006,la pampa,fondo compensador de desequilibrios,fondo compensador de desequilibrios,30.0,42.0,True
2006,la pampa,regimen simplificado para pequeños contribuyentes ley 24977 art 59 inciso a,regimen simplificado para pequeños contribuyentes ley 24977 art 59 inciso a,4.8452,42.0,True
2006,la rioja,coparticipacion federal de impuestos neta ley 26075,coparticipacion federal de impuestos neta ley 26075,625.9159,46.0,True
2006,la rioja,financiamiento educativo ley 26075,financiamiento educativo ley 26075,13.5906,46.0,True
2006,la rioja,transferencia de servicios ley 24049,transferencia de servicios ley 24049,20.3,46.0,True
2006,la rioja,impuesto a las ganancias,obras de infraestructura basica social,19.4672,46.0,True
2006,la rioja,impuesto a las ganancias,excedente obras de caracter social a buenos aires,69.3753,46.0,True
2006,la rioja,impuesto a las ganancias,ley 24699,9.0144,46.0,True
2006,la rioja,impuesto sobre los bienes personales,ley 24699,22.8181,46.0,True
2006,la rioja,impuesto sobre los activos fondo educacion ley 23906,impuesto sobre los activos fondo educacion ley 23906,0.0315,46.0,True
2006,la rioja,impuesto a los combustibles liquidos ley 23966 y 24699,obras de infraestructura,2.8406,46.0,True
2006,la rioja,impuesto a los combustibles liquidos ley 23966 y 24699,vialidad provincial,6.9444,46.0,True
2006,la rioja,impuesto a los combustibles liquidos ley 23966 y 24699,f.e.d.e.i.,2.4137,46.0,True
2006,la rioja,impuesto a los combustibles liquidos ley 23966 y 24699,ley 24464 fo.na.vi,13.5852,46.0,True
2006,la rioja,regimen de energia electrica ley 24065,fondo para compensaciones de tarifa electrica,9.3019,46.0,True
2006,la rioja,regimen de energia electrica ley 24065,f.e.d.e.i.,7.5917,46.0,True
2006,la rioja,fondo compensador de desequilibrios,fondo compensador de desequilibrios,26.4,46.0,True
2006,la rioja,regimen simplificado para pequeños contribuyentes ley 24977 art 59 inciso a,regimen simplificado para pequeños contribuyentes ley 24977 art 59 inciso a,5.3422,46.0,True
2006,mendoza,coparticipacion federal de impuestos neta ley 26075,coparticipacion federal de impuestos neta ley 26075,1245.4417,50.0,True
2006,mendoza,financiamiento educativo ley 26075,financiamiento educativo ley 26075,42.4946,50.0,True
2006,mendoza,transferencia de servicios ley 24049,transferencia de servicios ley 24049,61.7,50.0,True
2006,mendoza,impuesto a las ganancias,obras de infraestructura basica social,80.144,50.0,True
2006,mendoza,impuesto a las ganancias,excedente obras de caracter social a buenos aires,139.7179,50.0,True
2006,mendoza,impuesto a las ganancias,ley 24699,18.1548,50.0,True
2006,mendoza,impuesto sobre los bienes personales,ley 24699,45.9546,50.0,True
2006,mendoza,impuesto sobre los activos fondo educacion ley 23906,impuesto sobre los activos fondo educacion ley 23906,0.0669,50.0,True
2006,mendoza,impuesto a los combustibles liquidos ley 23966 y 24699,obras de infraestructura,5.7208,50.0,True
2006,mendoza,impuesto a los combustibles liquidos ley 23966 y 24699,vialidad provincial,11.3659,50.0,True
2006,mendoza,impuesto a los combustibles liquidos ley 23966 y 24699,f.e.d.e.i.,1.8735,50.0,True
2006,mendoza,impuesto a los combustibles liquidos ley 23966 y 24699,ley 24464 fo.na.vi,27.1703,50.0,True
2006,mendoza,regimen de energia electrica ley 24065,fondo para compensaciones de tarifa electrica,15.6889,50.0,True
2006,mendoza,regimen de energia electrica ley 24065,f.e.d.e.i.,5.8927,50.0,True
2006,mendoza,fondo compensador de desequilibrios,fondo compensador de desequilibrios,26.4,50.0,True
2006,mendoza,regimen simplificado para pequeños contribuyentes ley 24977 art 59 inciso a,regimen simplificado para pequeños contribuyentes ley 24977 art 59 inciso a,10.7589,50.0,True
2006,misiones,coparticipacion federal de impuestos neta ley 26075,coparticipacion federal de impuestos neta ley 26075,982.7182,54.0,True
2006,misiones,financiamiento educativo ley 26075,financiamiento educativo ley 26075,37.5177,54.0,True
2006,misiones,transferencia de servicios ley 24049,transferencia de servicios ley 24049,34.1,54.0,True
2006,misiones,impuesto a las ganancias,obras de infraestructura basica social,86.1327,54.0,True
2006,misiones,impuesto a las ganancias,excedente obras de caracter social a buenos aires,110.6755,54.0,True
2006,misiones,impuesto a las ganancias,ley 24699,14.382,54.0,True
2006,misiones,impuesto sobre los bienes personales,ley 24699,36.4028,54.0,True
2006,misiones,impuesto sobre los bienes personales,ley 23966 art 30,2.7011,54.0,True
2006,misiones,impuesto sobre los activos fondo educacion ley 23906,impuesto sobre los activos fondo educacion ley 23906,0.0498,54.0,True
2006,misiones,i.v.a.ley 23966 art 5 punto 2,i.v.a.ley 23966 art 5 punto 2,6.416,54.0,True
2006,misiones,impuesto a los combustibles liquidos ley 23966 y 24699,obras de infraestructura,4.5316,54.0,True
2006,misiones,impuesto a los combustibles liquidos ley 23966 y 24699,vialidad provincial,12.3613,54.0,True
2006,misiones,impuesto a los combustibles liquidos ley 23966 y 24699,f.e.d.e.i.,2.6313,54.0,True
2006,misiones,impuesto a los combustibles liquidos ley 23966 y 24699,ley 24464 fo.na.vi,31.9251,54.0,True
2006,misiones,regimen de energia electrica ley 24065,fondo para compensaciones de tarifa electrica,12.6706,54.0,True
2006,misiones,regimen de energia electrica ley 24065,f.e.d.e.i.,9.7073,54.0,True
2006,misiones,fondo compensador de desequilibrios,fondo compensador de desequilibrios,26.4,54.0,True
2006,misiones,regimen simplificado para pequeños contribuyentes ley 24977 art 59 inciso a,regimen simplificado para pequeños contribuyentes ley 24977 art 59 inciso a,8.5225,54.0,True
2006,neuquen,coparticipacion federal de impuestos neta ley 26075,coparticipacion federal de impuestos neta ley 26075,519.966,58.0,True
2006,neuquen,financiamiento educativo ley 26075,financiamiento educativo ley 26075,16.079,58.0,True
2006,neuquen,transferencia de servicios ley 24049,transferencia de servicios ley 24049,17.4,58.0,True
2006,neuquen,impuesto a las ganancias,obras de infraestructura basica social,26.442,58.0,True
2006,neuquen,impuesto a las ganancias,excedente obras de caracter social a buenos aires,58.1511,58.0,True
2006,neuquen,impuesto a las ganancias,ley 24699,7.5564,58.0,True
2006,neuquen,impuesto sobre los bienes personales,ley 24699,19.1265,58.0,True
2006,neuquen,impuesto sobre los bienes personales,ley 23966 art 30,1.2148,58.0,True
2006,neuquen,impuesto sobre los activos fondo educacion ley 23906,impuesto sobre los activos fondo educacion ley 23906,0.0441,58.0,True
2006,neuquen,i.v.a.ley 23966 art 5 punto 2,i.v.a.ley 23966 art 5 punto 2,2.8855,58.0,True
2006,neuquen,impuesto a los combustibles liquidos ley 23966 y 24699,obras de infraestructura,2.381,58.0,True
2006,neuquen,impuesto a los combustibles liquidos ley 23966 y 24699,vialidad provincial,8.815,58.0,True
2006,neuquen,impuesto a los combustibles liquidos ley 23966 y 24699,f.e.d.e.i.,2.1521,58.0,True
2006,neuquen,impuesto a los combustibles liquidos ley 23966 y 24699,ley 24464 fo.na.vi,29.2081,58.0,True
2006,neuquen,regimen de energia electrica ley 24065,fondo para compensaciones de tarifa electrica,8.4156,58.0,True
2006,neuquen,regimen de energia electrica ley 24065,f.e.d.e.i.,6.7687,58.0,True
2006,neuquen,fondo compensador de desequilibrios,fondo compensador de desequilibrios,30.0,58.0,True
2006,neuquen,regimen simplificado para pequeños contribuyentes ley 24977 art 59 inciso a,regimen simplificado para pequeños contribuyentes ley 24977 art 59 inciso a,4.4778,58.0,True
2006,rio negro,coparticipacion federal de impuestos neta ley 26075,coparticipacion federal de impuestos neta ley 26075,760.7381,62.0,True
2006,rio negro,financiamiento educativo ley 26075,financiamiento educativo ley 26075,18.5675,62.0,True
2006,rio negro,transferencia de servicios ley 24049,transferencia de servicios ley 24049,14.6,62.0,True
2006,rio negro,impuesto a las ganancias,obras de infraestructura basica social,34.2242,62.0,True
2006,rio negro,impuesto a las ganancias,excedente obras de caracter social a buenos aires,84.5405,62.0,True
2006,rio negro,impuesto a las ganancias,ley 24699,10.9848,62.0,True
2006,rio negro,impuesto sobre los bienes personales,ley 24699,27.8062,62.0,True
2006,rio negro,impuesto sobre los activos fondo educacion ley 23906,impuesto sobre los activos fondo educacion ley 23906,0.0511,62.0,True
2006,rio negro,impuesto a los combustibles liquidos ley 23966 y 24699,obras de infraestructura,3.4616,62.0,True
2006,rio negro,impuesto a los combustibles liquidos ley 23966 y 24699,vialidad provincial,7.2286,62.0,True
2006,rio negro,impuesto a los combustibles liquidos ley 23966 y 24699,f.e.d.e.i.,1.9996,62.0,True
2006,rio negro,impuesto a los combustibles liquidos ley 23966 y 24699,ley 24464 fo.na.vi,30.5666,62.0,True
2006,rio negro,regimen de energia electrica ley 24065,fondo para compensaciones de tarifa electrica,9.2479,62.0,True
2006,rio negro,regimen de energia electrica ley 24065,f.e.d.e.i.,6.2892,62.0,True
2006,rio negro,fondo compensador de desequilibrios,fondo compensador de desequilibrios,30.0,62.0,True
2006,rio negro,regimen simplificado para pequeños contribuyentes ley 24977 art 59 inciso a,regimen simplificado para pequeños contribuyentes ley 24977 art 59 inciso a,6.5101,62.0,True
2006,salta,coparticipacion federal de impuestos neta ley 26075,coparticipacion federal de impuestos neta ley 26075,1146.9828,66.0,True
2006,salta,financiamiento educativo ley 26075,financiamiento educativo ley 26075,36.8478,66.0,True
2006,salta,transferencia de servicios ley 24049,transferencia de servicios ley 24049,39.8,66.0,True
2006,salta,impuesto a las ganancias,obras de infraestructura basica social,109.4639,66.0,True
2006,salta,impuesto a las ganancias,excedente obras de caracter social a buenos aires,128.4248,66.0,True
2006,salta,impuesto a las ganancias,ley 24699,16.6872,66.0,True
2006,salta,impuesto sobre los bienes personales,ley 24699,42.24,66.0,True
2006,salta,impuesto sobre los activos fondo educacion ley 23906,impuesto sobre los activos fondo educacion ley 23906,0.0678,66.0,True
2006,salta,impuesto a los combustibles liquidos ley 23966 y 24699,obras de infraestructura,5.2584,66.0,True
2006,salta,impuesto a los combustibles liquidos ley 23966 y 24699,vialidad provincial,8.7142,66.0,True
2006,salta,impuesto a los combustibles liquidos ley 23966 y 24699,f.e.d.e.i.,2.0458,66.0,True
2006,salta,impuesto a los combustibles liquidos ley 23966 y 24699,ley 24464 fo.na.vi,27.1703,66.0,True
2006,salta,regimen de energia electrica ley 24065,fondo para compensaciones de tarifa electrica,7.8127,66.0,True
2006,salta,regimen de energia electrica ley 24065,f.e.d.e.i.,6.4342,66.0,True
2006,salta,fondo compensador de desequilibrios,fondo compensador de desequilibrios,30.0,66.0,True
2006,salta,regimen simplificado para pequeños contribuyentes ley 24977 art 59 inciso a,regimen simplificado para pequeños contribuyentes ley 24977 art 59 inciso a,9.8894,66.0,True
2006,san juan,coparticipacion federal de impuestos neta ley 26075,coparticipacion federal de impuestos neta ley 26075,1024.4113,70.0,True
2006,san juan,financiamiento educativo ley 26075,financiamiento educativo ley 26075,19.6202,70.0,True
2006,san juan,transferencia de servicios ley 24049,transferencia de servicios ley 24049,30.1,70.0,True
2006,san juan,impuesto a las ganancias,obras de infraestructura basica social,35.0332,70.0,True
2006,san juan,impuesto a las ganancias,excedente obras de caracter social a buenos aires,113.2569,70.0,True
2006,san juan,impuesto a las ganancias,ley 24699,14.7168,70.0,True
2006,san juan,impuesto sobre los bienes personales,ley 24699,37.2519,70.0,True
2006,san juan,impuesto sobre los activos fondo educacion ley 23906,impuesto sobre los activos fondo educacion ley 23906,0.0383,70.0,True
2006,san juan,impuesto a los combustibles liquidos ley 23966 y 24699,obras de infraestructura,4.6374,70.0,True
2006,san juan,impuesto a los combustibles liquidos ley 23966 y 24699,vialidad provincial,6.6042,70.0,True
2006,san juan,impuesto a los combustibles liquidos ley 23966 y 24699,f.e.d.e.i.,1.8952,70.0,True
2006,san juan,impuesto a los combustibles liquidos ley 23966 y 24699,ley 24464 fo.na.vi,24.7929,70.0,True
2006,san juan,regimen de energia electrica ley 24065,fondo para compensaciones de tarifa electrica,12.3184,70.0,True
2006,san juan,regimen de energia electrica ley 24065,f.e.d.e.i.,5.9608,70.0,True
2006,san juan,fondo compensador de desequilibrios,fondo compensador de desequilibrios,26.4,70.0,True
2006,san juan,regimen simplificado para pequeños contribuyentes ley 24977 art 59 inciso a,regimen simplificado para pequeños contribuyentes ley 24977 art 59 inciso a,8.7215,70.0,True
2006,san luis,coparticipacion federal de impuestos neta ley 26075,coparticipacion federal de impuestos neta ley 26075,692.1194,74.0,True
2006,san luis,financiamiento educativo ley 26075,financiamiento educativo ley 26075,12.8249,74.0,True
2006,san luis,transferencia de servicios ley 24049,transferencia de servicios ley 24049,18.9,74.0,True
2006,san luis,impuesto a las ganancias,obras de infraestructura basica social,19.2633,74.0,True
2006,san luis,impuesto a las ganancias,excedente obras de caracter social a buenos aires,76.4729,74.0,True
2006,san luis,impuesto a las ganancias,ley 24699,9.9372,74.0,True
2006,san luis,impuesto sobre los bienes personales,ley 24699,25.153,74.0,True
2006,san luis,impuesto sobre los activos fondo educacion ley 23906,impuesto sobre los activos fondo educacion ley 23906,0.0317,74.0,True
2006,san luis,impuesto a los combustibles liquidos ley 23966 y 24699,obras de infraestructura,3.1312,74.0,True
2006,san luis,impuesto a los combustibles liquidos ley 23966 y 24699,vialidad provincial,5.8754,74.0,True
2006,san luis,impuesto a los combustibles liquidos ley 23966 y 24699,f.e.d.e.i.,1.8563,74.0,True
2006,san luis,impuesto a los combustibles liquidos ley 23966 y 24699,ley 24464 fo.na.vi,24.7929,74.0,True
2006,san luis,regimen de energia electrica ley 24065,fondo para compensaciones de tarifa electrica,8.4939,74.0,True
2006,san luis,regimen de energia electrica ley 24065,f.e.d.e.i.,5.8368,74.0,True
2006,san luis,fondo compensador de desequilibrios,fondo compensador de desequilibrios,26.4,74.0,True
2006,san luis,regimen simplificado para pequeños contribuyentes ley 24977 art 59 inciso a,regimen simplificado para pequeños contribuyentes ley 24977 art 59 inciso a,5.8887,74.0,True
2006,santa cruz,coparticipacion federal de impuestos neta ley 26075,coparticipacion federal de impuestos neta ley 26075,482.7114,78.0,True
2006,santa cruz,financiamiento educativo ley 26075,financiamiento educativo ley 26075,5.7425,78.0,True
2006,santa cruz,transferencia de servicios ley 24049,transferencia de servicios ley 24049,8.5,78.0,True
2006,santa cruz,impuesto a las ganancias,obras de infraestructura basica social,6.9079,78.0,True
2006,santa cruz,impuesto a las ganancias,excedente obras de caracter social a buenos aires,52.9882,78.0,True
2006,santa cruz,impuesto a las ganancias,ley 24699,6.8856,78.0,True
2006,santa cruz,impuesto sobre los bienes personales,ley 24699,17.4284,78.0,True
2006,santa cruz,impuesto sobre los bienes personales,ley 23966 art 30,1.5751,78.0,True
2006,santa cruz,impuesto sobre los activos fondo educacion ley 23906,impuesto sobre los activos fondo educacion ley 23906,0.0317,78.0,True
2006,santa cruz,i.v.a.ley 23966 art 5 punto 2,i.v.a.ley 23966 art 5 punto 2,3.7413,78.0,True
2006,santa cruz,impuesto a los combustibles liquidos ley 23966 y 24699,obras de infraestructura,2.1697,78.0,True
2006,santa cruz,impuesto a los combustibles liquidos ley 23966 y 24699,vialidad provincial,13.003,78.0,True
2006,santa cruz,impuesto a los combustibles liquidos ley 23966 y 24699,f.e.d.e.i.,2.6124,78.0,True
2006,santa cruz,impuesto a los combustibles liquidos ley 23966 y 24699,ley 24464 fo.na.vi,21.7363,78.0,True
2006,santa cruz,regimen de energia electrica ley 24065,fondo para compensaciones de tarifa electrica,8.4975,78.0,True
2006,santa cruz,regimen de energia electrica ley 24065,transferencia a empresas de energia electrica,35.8,78.0,True
2006,santa cruz,regimen de energia electrica ley 24065,f.e.d.e.i.,8.2122,78.0,True
2006,santa cruz,fondo compensador de desequilibrios,fondo compensador de desequilibrios,36.0,78.0,True
2006,santa cruz,regimen simplificado para pequeños contribuyentes ley 24977 art 59 inciso a,regimen simplificado para pequeños contribuyentes ley 24977 art 59 inciso a,4.0804,78.0,True
2006,santa fe,coparticipacion federal de impuestos neta ley 26075,coparticipacion federal de impuestos neta ley 26075,2691.5697,82.0,True
2006,santa fe,financiamiento educativo ley 26075,financiamiento educativo ley 26075,68.7187,82.0,True
2006,santa fe,transferencia de servicios ley 24049,transferencia de servicios ley 24049,135.489,82.0,True
2006,santa fe,impuesto a las ganancias,obras de infraestructura basica social,150.6871,82.0,True
2006,santa fe,impuesto a las ganancias,excedente obras de caracter social a buenos aires,299.4379,82.0,True
2006,santa fe,impuesto a las ganancias,ley 24699,38.91,82.0,True
2006,santa fe,impuesto sobre los bienes personales,ley 24699,98.4892,82.0,True
2006,santa fe,impuesto sobre los bienes personales,ley 23966 art 30,21.2431,82.0,True
2006,santa fe,impuesto sobre los activos fondo educacion ley 23906,impuesto sobre los activos fondo educacion ley 23906,0.1287,82.0,True
2006,santa fe,i.v.a.ley 23966 art 5 punto 2,i.v.a.ley 23966 art 5 punto 2,50.4586,82.0,True
2006,santa fe,impuesto a los combustibles liquidos ley 23966 y 24699,obras de infraestructura,42.2607,82.0,True
2006,santa fe,impuesto a los combustibles liquidos ley 23966 y 24699,vialidad provincial,25.047,82.0,True
2006,santa fe,impuesto a los combustibles liquidos ley 23966 y 24699,f.e.d.e.i.,1.6457,82.0,True
2006,santa fe,impuesto a los combustibles liquidos ley 23966 y 24699,ley 24464 fo.na.vi,38.3781,82.0,True
2006,santa fe,regimen de energia electrica ley 24065,fondo para compensaciones de tarifa electrica,6.2035,82.0,True
2006,santa fe,regimen de energia electrica ley 24065,f.e.d.e.i.,5.1766,82.0,True
2006,santa fe,fondo compensador de desequilibrios,fondo compensador de desequilibrios,6.0,82.0,True
2006,santa fe,regimen simplificado para pequeños contribuyentes ley 24977 art 59 inciso a,regimen simplificado para pequeños contribuyentes ley 24977 art 59 inciso a,23.0584,82.0,True
2006,sgo. del estero,coparticipacion federal de impuestos neta ley 26075,coparticipacion federal de impuestos neta ley 26075,1244.0719,86.0,True
2006,sgo. del estero,financiamiento educativo ley 26075,financiamiento educativo ley 26075,31.9666,86.0,True
2006,sgo. del estero,transferencia de servicios ley 24049,transferencia de servicios ley 24049,31.6,86.0,True
2006,sgo. del estero,impuesto a las ganancias,obras de infraestructura basica social,83.1603,86.0,True
2006,sgo. del estero,impuesto a las ganancias,excedente obras de caracter social a buenos aires,138.4272,86.0,True
2006,sgo. del estero,impuesto a las ganancias,ley 24699,17.9879,86.0,True
2006,sgo. del estero,impuesto sobre los bienes personales,ley 24699,45.53,86.0,True
2006,sgo. del estero,impuesto sobre los activos fondo educacion ley 23906,impuesto sobre los activos fondo educacion ley 23906,0.0639,86.0,True
2006,sgo. del estero,impuesto a los combustibles liquidos ley 23966 y 24699,obras de infraestructura,5.668,86.0,True
2006,sgo. del estero,impuesto a los combustibles liquidos ley 23966 y 24699,vialidad provincial,7.5202,86.0,True
2006,sgo. del estero,impuesto a los combustibles liquidos ley 23966 y 24699,f.e.d.e.i.,2.1942,86.0,True
2006,sgo. del estero,impuesto a los combustibles liquidos ley 23966 y 24699,ley 24464 fo.na.vi,29.2081,86.0,True
2006,sgo. del estero,regimen de energia electrica ley 24065,fondo para compensaciones de tarifa electrica,7.4612,86.0,True
2006,sgo. del estero,regimen de energia electrica ley 24065,f.e.d.e.i.,6.902,86.0,True
2006,sgo. del estero,fondo compensador de desequilibrios,fondo compensador de desequilibrios,26.4,86.0,True
2006,sgo. del estero,regimen simplificado para pequeños contribuyentes ley 24977 art 59 inciso a,regimen simplificado para pequeños contribuyentes ley 24977 art 59 inciso a,10.6596,86.0,True
2006,tucuman,coparticipacion federal de impuestos neta ley 26075,coparticipacion federal de impuestos neta ley 26075,1431.4771,90.0,True
2006,tucuman,financiamiento educativo ley 26075,financiamiento educativo ley 26075,37.9006,90.0,True
2006,tucuman,transferencia de servicios ley 24049,transferencia de servicios ley 24049,55.8,90.0,True
2006,tucuman,impuesto a las ganancias,obras de infraestructura basica social,104.5945,90.0,True
2006,tucuman,impuesto a las ganancias,excedente obras de caracter social a buenos aires,159.3993,90.0,True
2006,tucuman,impuesto a las ganancias,ley 24699,20.7132,90.0,True
2006,tucuman,impuesto sobre los bienes personales,ley 24699,52.4285,90.0,True
2006,tucuman,impuesto sobre los activos fondo educacion ley 23906,impuesto sobre los activos fondo educacion ley 23906,0.058,90.0,True
2006,tucuman,impuesto a los combustibles liquidos ley 23966 y 24699,obras de infraestructura,6.5268,90.0,True
2006,tucuman,impuesto a los combustibles liquidos ley 23966 y 24699,vialidad provincial,9.9622,90.0,True
2006,tucuman,impuesto a los combustibles liquidos ley 23966 y 24699,f.e.d.e.i.,1.69,90.0,True
2006,tucuman,impuesto a los combustibles liquidos ley 23966 y 24699,ley 24464 fo.na.vi,28.5288,90.0,True
2006,tucuman,regimen de energia electrica ley 24065,fondo para compensaciones de tarifa electrica,5.5576,90.0,True
2006,tucuman,regimen de energia electrica ley 24065,f.e.d.e.i.,5.3161,90.0,True
2006,tucuman,fondo compensador de desequilibrios,fondo compensador de desequilibrios,26.4,90.0,True
2006,tucuman,regimen simplificado para pequeños contribuyentes ley 24977 art 59 inciso a,regimen simplificado para pequeños contribuyentes ley 24977 art 59 inciso a,12.2747,90.0,True
2006,tierra del fuego,coparticipacion federal de impuestos neta ley 26075,coparticipacion federal de impuestos neta ley 26075,381.4849,94.0,True
2006,tierra del fuego,financiamiento educativo ley 26075,financiamiento educativo ley 26075,3.4455,94.0,True
2006,tierra del fuego,transferencia de servicios ley 24049,transferencia de servicios ley 24049,12.0,94.0,True
2006,tierra del fuego,impuesto a las ganancias,obras de infraestructura basica social,4.72,94.0,True
2006,tierra del fuego,impuesto a las ganancias,excedente obras de caracter social a buenos aires,41.3241,94.0,True
2006,tierra del fuego,impuesto a las ganancias,ley 24699,5.37,94.0,True
2006,tierra del fuego,impuesto sobre los bienes personales,ley 24699,13.5916,94.0,True
2006,tierra del fuego,impuesto sobre los bienes personales,ley 23966 art 30,0.1397,94.0,True
2006,tierra del fuego,impuesto sobre los activos fondo educacion ley 23906,impuesto sobre los activos fondo educacion ley 23906,0.0152,94.0,True
2006,tierra del fuego,i.v.a.ley 23966 art 5 punto 2,i.v.a.ley 23966 art 5 punto 2,0.3319,94.0,True
2006,tierra del fuego,impuesto a los combustibles liquidos ley 23966 y 24699,obras de infraestructura,1.692,94.0,True
2006,tierra del fuego,impuesto a los combustibles liquidos ley 23966 y 24699,vialidad provincial,4.6824,94.0,True
2006,tierra del fuego,impuesto a los combustibles liquidos ley 23966 y 24699,f.e.d.e.i.,1.9211,94.0,True
2006,tierra del fuego,impuesto a los combustibles liquidos ley 23966 y 24699,ley 24464 fo.na.vi,18.0003,94.0,True
2006,tierra del fuego,regimen de energia electrica ley 24065,fondo para compensaciones de tarifa electrica,6.0782,94.0,True
2006,tierra del fuego,regimen de energia electrica ley 24065,f.e.d.e.i.,5.9937,94.0,True
2006,tierra del fuego,fondo compensador de desequilibrios,fondo compensador de desequilibrios,36.0,94.0,True
2006,tierra del fuego,regimen simplificado para pequeños contribuyentes ley 24977 art 59 inciso a,regimen simplificado para pequeños contribuyentes ley 24977 art 59 inciso a,3.1822,94.0,True
2006,c.a.b.a,coparticipacion federal de impuestos neta ley 26075,coparticipacion federal de impuestos neta ley 26075,743.6139,2.0,True
2006,c.a.b.a,financiamiento educativo ley 26075,financiamiento educativo ley 26075,50.247,2.0,True
2006,c.a.b.a,impuesto sobre los activos fondo educacion ley 23906,impuesto sobre los activos fondo educacion ley 23906,0.0552,2.0,True
2006,c.a.b.a,impuesto a los combustibles liquidos ley 23966 y 24699,ley 24464 fo.na.vi,8.8304,2.0,True
2006,tesoro nacional,coparticipacion federal de impuestos neta ley 26075,coparticipacion federal de impuestos neta ley 26075,22817.8284,,False
2006,tesoro nacional,impuesto sobre los bienes personales,ley 24699,808.5035,,False
2006,tesoro nacional,impuesto sobre los activos fondo educacion ley 23906,impuesto sobre los activos fondo educacion ley 23906,0.8346,,False
2006,tesoro nacional,impuesto a los combustibles liquidos ley 23966 y 24699,vialidad provincial,462.1536,,False
2006,seguridad social,coparticipacion federal de impuestos neta ley 26075,coparticipacion federal de impuestos neta ley 26075,10103.6374,,False
2006,seguridad social,impuesto a las ganancias,obras de infraestructura basica social,6600.6766,,False
2006,seguridad social,impuesto a las ganancias,ley 24699,120.0,,False
2006,seguridad social,i.v.a.ley 23966 art 5 punto 2,i.v.a.ley 23966 art 5 punto 2,4612.0023,,False
2006,seguridad social,regimen simplificado para pequeños contribuyentes ley 24977 art 59 inciso a,regimen simplificado para pequeños contribuyentes ley 24977 art 59 inciso a,608.4099,,False
2006,fondo a.t.n.,coparticipacion federal de impuestos neta ley 26075,coparticipacion federal de impuestos neta ley 26075,567.0435,,False
2006,fondo a.t.n.,impuesto a las ganancias,obras de infraestructura basica social,660.0677,,False
2006,fondo a.t.n.,impuesto a las ganancias,ley 24699,20.0,,False
2006,fondo a.t.n.,impuesto sobre los bienes personales,ley 24699,19.4165,,False
2007,buenos aires,coparticipacion federal de impuestos neta ley 26075,coparticipacion federal de impuestos neta ley 26075,8503.3083,6.0,True
2007,buenos aires,financiamiento educativo ley 26075,financiamiento educativo ley 26075,592.4528,6.0,True
2007,buenos aires,transferencia de servicios ley 24049,transferencia de servicios ley 24049,420.1,6.0,True
2007,buenos aires,impuesto a las ganancias,obras de infraestructura basica social,650.0,6.0,True
2007,buenos aires,impuesto a las ganancias,ley 24699,95.6087,6.0,True
2007,buenos aires,impuesto sobre los bienes personales,ley 24699,290.2596,6.0,True
2007,buenos aires,impuesto sobre los bienes personales,ley 23966 art 30,69.1023,6.0,True
2007,buenos aires,impuesto sobre los activos fondo educacion ley 23906,impuesto sobre los activos fondo educacion ley 23906,0.5596,6.0,True
2007,buenos aires,i.v.a.ley 23966 art 5 punto 2,i.v.a.ley 23966 art 5 punto 2,186.5208,6.0,True
2007,buenos aires,impuesto a los combustibles liquidos ley 23966 y 24699,obras de infraestructura,7.2902,6.0,True
2007,buenos aires,impuesto a los combustibles liquidos ley 23966 y 24699,vialidad provincial,85.6921,6.0,True
2007,buenos aires,impuesto a los combustibles liquidos ley 23966 y 24699,f.e.d.e.i.,2.5779,6.0,True
2007,buenos aires,impuesto a los combustibles liquidos ley 23966 y 24699,ley 24464 fo.na.vi,123.2401,6.0,True
2007,buenos aires,regimen de energia electrica ley 24065,fondo para compensaciones de tarifa electrica,16.253,6.0,True
2007,buenos aires,regimen de energia electrica ley 24065,f.e.d.e.i.,6.9142,6.0,True
2007,buenos aires,regimen simplificado para pequeños contribuyentes ley 24977 art 59 inciso a,regimen simplificado para pequeños contribuyentes ley 24977 art 59 inciso a,69.2848,6.0,True
2007,catamarca,coparticipacion federal de impuestos neta ley 26075,coparticipacion federal de impuestos neta ley 26075,1108.7254,10.0,True
2007,catamarca,financiamiento educativo ley 26075,financiamiento educativo ley 26075,32.1098,10.0,True
2007,catamarca,transferencia de servicios ley 24049,transferencia de servicios ley 24049,21.4,10.0,True
2007,catamarca,impuesto a las ganancias,obras de infraestructura basica social,30.2878,10.0,True
2007,catamarca,impuesto a las ganancias,excedente obras de caracter social a buenos aires,124.4919,10.0,True
2007,catamarca,impuesto a las ganancias,ley 24699,11.9916,10.0,True
2007,catamarca,impuesto sobre los bienes personales,ley 24699,36.4058,10.0,True
2007,catamarca,impuesto sobre los activos fondo educacion ley 23906,impuesto sobre los activos fondo educacion ley 23906,0.0419,10.0,True
2007,catamarca,impuesto a los combustibles liquidos ley 23966 y 24699,obras de infraestructura,4.7983,10.0,True
2007,catamarca,impuesto a los combustibles liquidos ley 23966 y 24699,vialidad provincial,7.4792,10.0,True
2007,catamarca,impuesto a los combustibles liquidos ley 23966 y 24699,f.e.d.e.i.,2.6843,10.0,True
2007,catamarca,impuesto a los combustibles liquidos ley 23966 y 24699,ley 24464 fo.na.vi,17.8486,10.0,True
2007,catamarca,regimen de energia electrica ley 24065,fondo para compensaciones de tarifa electrica,12.069,10.0,True
2007,catamarca,regimen de energia electrica ley 24065,f.e.d.e.i.,8.639,10.0,True
2007,catamarca,fondo compensador de desequilibrios,fondo compensador de desequilibrios,26.4,10.0,True
2007,catamarca,regimen simplificado para pequeños contribuyentes ley 24977 art 59 inciso a,regimen simplificado para pequeños contribuyentes ley 24977 art 59 inciso a,8.6902,10.0,True
2007,cordoba,coparticipacion federal de impuestos neta ley 26075,coparticipacion federal de impuestos neta ley 26075,3537.1084,14.0,True
2007,cordoba,financiamiento educativo ley 26075,financiamiento educativo ley 26075,140.689,14.0,True
2007,cordoba,transferencia de servicios ley 24049,transferencia de servicios ley 24049,125.3,14.0,True
2007,cordoba,impuesto a las ganancias,obras de infraestructura basica social,167.609,14.0,True
2007,cordoba,impuesto a las ganancias,excedente obras de caracter social a buenos aires,401.3274,14.0,True
2007,cordoba,impuesto a las ganancias,ley 24699,38.658,14.0,True
2007,cordoba,impuesto sobre los bienes personales,ley 24699,117.3641,14.0,True
2007,cordoba,impuesto sobre los bienes personales,ley 23966 art 30,23.5987,14.0,True
2007,cordoba,impuesto sobre los activos fondo educacion ley 23906,impuesto sobre los activos fondo educacion ley 23906,0.1549,14.0,True
2007,cordoba,i.v.a.ley 23966 art 5 punto 2,i.v.a.ley 23966 art 5 punto 2,63.6976,14.0,True
2007,cordoba,impuesto a los combustibles liquidos ley 23966 y 24699,obras de infraestructura,15.4684,14.0,True
2007,cordoba,impuesto a los combustibles liquidos ley 23966 y 24699,vialidad provincial,28.3477,14.0,True
2007,cordoba,impuesto a los combustibles liquidos ley 23966 y 24699,f.e.d.e.i.,1.779,14.0,True
2007,cordoba,impuesto a los combustibles liquidos ley 23966 y 24699,ley 24464 fo.na.vi,48.0211,14.0,True
2007,cordoba,regimen de energia electrica ley 24065,fondo para compensaciones de tarifa electrica,7.7812,14.0,True
2007,cordoba,regimen de energia electrica ley 24065,f.e.d.e.i.,5.729,14.0,True
2007,cordoba,fondo compensador de desequilibrios,fondo compensador de desequilibrios,6.0,14.0,True
2007,cordoba,regimen simplificado para pequeños contribuyentes ley 24977 art 59 inciso a,regimen simplificado para pequeños contribuyentes ley 24977 art 59 inciso a,28.0149,14.0,True
2007,corrientes,coparticipacion federal de impuestos neta ley 26075,coparticipacion federal de impuestos neta ley 26075,1478.85,18.0,True
2007,corrientes,financiamiento educativo ley 26075,financiamiento educativo ley 26075,60.8786,18.0,True
2007,corrientes,transferencia de servicios ley 24049,transferencia de servicios ley 24049,38.6,18.0,True
2007,corrientes,impuesto a las ganancias,obras de infraestructura basica social,112.5077,18.0,True
2007,corrientes,impuesto a las ganancias,excedente obras de caracter social a buenos aires,168.0212,18.0,True
2007,corrientes,impuesto a las ganancias,ley 24699,16.1844,18.0,True
2007,corrientes,impuesto sobre los bienes personales,ley 24699,49.1351,18.0,True
2007,corrientes,impuesto sobre los bienes personales,ley 23966 art 30,7.5458,18.0,True
2007,corrientes,impuesto sobre los activos fondo educacion ley 23906,impuesto sobre los activos fondo educacion ley 23906,0.0695,18.0,True
2007,corrientes,i.v.a.ley 23966 art 5 punto 2,i.v.a.ley 23966 art 5 punto 2,20.3676,18.0,True
2007,corrientes,impuesto a los combustibles liquidos ley 23966 y 24699,obras de infraestructura,6.4759,18.0,True
2007,corrientes,impuesto a los combustibles liquidos ley 23966 y 24699,vialidad provincial,10.269,18.0,True
2007,corrientes,impuesto a los combustibles liquidos ley 23966 y 24699,f.e.d.e.i.,2.2525,18.0,True
2007,corrientes,impuesto a los combustibles liquidos ley 23966 y 24699,ley 24464 fo.na.vi,42.0716,18.0,True
2007,corrientes,regimen de energia electrica ley 24065,fondo para compensaciones de tarifa electrica,10.1853,18.0,True
2007,corrientes,regimen de energia electrica ley 24065,f.e.d.e.i.,7.2533,18.0,True
2007,corrientes,fondo compensador de desequilibrios,fondo compensador de desequilibrios,18.0,18.0,True
2007,corrientes,regimen simplificado para pequeños contribuyentes ley 24977 art 59 inciso a,regimen simplificado para pequeños contribuyentes ley 24977 art 59 inciso a,11.7286,18.0,True
2007,chaco,coparticipacion federal de impuestos neta ley 26075,coparticipacion federal de impuestos neta ley 26075,1998.7075,22.0,True
2007,chaco,financiamiento educativo ley 26075,financiamiento educativo ley 26075,67.5604,22.0,True
2007,chaco,transferencia de servicios ley 24049,transferencia de servicios ley 24049,33.6,22.0,True
2007,chaco,impuesto a las ganancias,obras de infraestructura basica social,137.6579,22.0,True
2007,chaco,impuesto a las ganancias,excedente obras de caracter social a buenos aires,225.4763,22.0,True
2007,chaco,impuesto a las ganancias,ley 24699,21.7188,22.0,True
2007,chaco,impuesto sobre los bienes personales,ley 24699,65.9378,22.0,True
2007,chaco,impuesto sobre los bienes personales,ley 23966 art 30,5.9323,22.0,True
2007,chaco,impuesto sobre los activos fondo educacion ley 23906,impuesto sobre los activos fondo educacion ley 23906,0.0908,22.0,True
2007,chaco,i.v.a.ley 23966 art 5 punto 2,i.v.a.ley 23966 art 5 punto 2,16.0124,22.0,True
2007,chaco,impuesto a los combustibles liquidos ley 23966 y 24699,obras de infraestructura,8.6905,22.0,True
2007,chaco,impuesto a los combustibles liquidos ley 23966 y 24699,vialidad provincial,10.5589,22.0,True
2007,chaco,impuesto a los combustibles liquidos ley 23966 y 24699,f.e.d.e.i.,2.3924,22.0,True
2007,chaco,impuesto a los combustibles liquidos ley 23966 y 24699,ley 24464 fo.na.vi,39.0969,22.0,True
2007,chaco,regimen de energia electrica ley 24065,fondo para compensaciones de tarifa electrica,11.4831,22.0,True
2007,chaco,regimen de energia electrica ley 24065,f.e.d.e.i.,7.7001,22.0,True
2007,chaco,fondo compensador de desequilibrios,fondo compensador de desequilibrios,6.0,22.0,True
2007,chaco,regimen simplificado para pequeños contribuyentes ley 24977 art 59 inciso a,regimen simplificado para pequeños contribuyentes ley 24977 art 59 inciso a,15.7395,22.0,True
2007,chubut,coparticipacion federal de impuestos neta ley 26075,coparticipacion federal de impuestos neta ley 26075,628.8789,26.0,True
2007,chubut,financiamiento educativo ley 26075,financiamiento educativo ley 26075,26.1704,26.0,True
2007,chubut,transferencia de servicios ley 24049,transferencia de servicios ley 24049,24.2,26.0,True
2007,chubut,impuesto a las ganancias,obras de infraestructura basica social,26.7658,26.0,True
2007,chubut,impuesto a las ganancias,excedente obras de caracter social a buenos aires,71.481,26.0,True
2007,chubut,impuesto a las ganancias,ley 24699,6.8856,26.0,True
2007,chubut,impuesto sobre los bienes personales,ley 24699,20.9036,26.0,True
2007,chubut,impuesto sobre los bienes personales,ley 23966 art 30,2.3206,26.0,True
2007,chubut,impuesto sobre los activos fondo educacion ley 23906,impuesto sobre los activos fondo educacion ley 23906,0.0419,26.0,True
2007,chubut,i.v.a.ley 23966 art 5 punto 2,i.v.a.ley 23966 art 5 punto 2,6.2637,26.0,True
2007,chubut,impuesto a los combustibles liquidos ley 23966 y 24699,obras de infraestructura,2.7551,26.0,True
2007,chubut,impuesto a los combustibles liquidos ley 23966 y 24699,vialidad provincial,10.1401,26.0,True
2007,chubut,impuesto a los combustibles liquidos ley 23966 y 24699,f.e.d.e.i.,2.5085,26.0,True
2007,chubut,impuesto a los combustibles liquidos ley 23966 y 24699,ley 24464 fo.na.vi,27.1978,26.0,True
2007,chubut,regimen de energia electrica ley 24065,fondo para compensaciones de tarifa electrica,17.9434,26.0,True
2007,chubut,regimen de energia electrica ley 24065,f.e.d.e.i.,8.0145,26.0,True
2007,chubut,fondo compensador de desequilibrios,fondo compensador de desequilibrios,36.0,26.0,True
2007,chubut,regimen simplificado para pequeños contribuyentes ley 24977 art 59 inciso a,regimen simplificado para pequeños contribuyentes ley 24977 art 59 inciso a,4.9898,26.0,True
2007,entre rios,coparticipacion federal de impuestos neta ley 26075,coparticipacion federal de impuestos neta ley 26075,1959.8406,30.0,True
2007,entre rios,financiamiento educativo ley 26075,financiamiento educativo ley 26075,62.5491,30.0,True
2007,entre rios,transferencia de servicios ley 24049,transferencia de servicios ley 24049,67.5,30.0,True
2007,entre rios,impuesto a las ganancias,obras de infraestructura basica social,86.2412,30.0,True
2007,entre rios,impuesto a las ganancias,excedente obras de caracter social a buenos aires,220.6889,30.0,True
2007,entre rios,impuesto a las ganancias,ley 24699,21.258,30.0,True
2007,entre rios,impuesto sobre los bienes personales,ley 24699,64.5375,30.0,True
2007,entre rios,impuesto sobre los bienes personales,ley 23966 art 30,10.2413,30.0,True
2007,entre rios,impuesto sobre los activos fondo educacion ley 23906,impuesto sobre los activos fondo educacion ley 23906,0.0719,30.0,True
2007,entre rios,i.v.a.ley 23966 art 5 punto 2,i.v.a.ley 23966 art 5 punto 2,27.6434,30.0,True
2007,entre rios,impuesto a los combustibles liquidos ley 23966 y 24699,obras de infraestructura,8.5059,30.0,True
2007,entre rios,impuesto a los combustibles liquidos ley 23966 y 24699,vialidad provincial,13.8984,30.0,True
2007,entre rios,impuesto a los combustibles liquidos ley 23966 y 24699,f.e.d.e.i.,2.0589,30.0,True
2007,entre rios,impuesto a los combustibles liquidos ley 23966 y 24699,ley 24464 fo.na.vi,33.1473,30.0,True
2007,entre rios,regimen de energia electrica ley 24065,fondo para compensaciones de tarifa electrica,10.7921,30.0,True
2007,entre rios,regimen de energia electrica ley 24065,f.e.d.e.i.,6.6298,30.0,True
2007,entre rios,fondo compensador de desequilibrios,fondo compensador de desequilibrios,21.6,30.0,True
2007,entre rios,regimen simplificado para pequeños contribuyentes ley 24977 art 59 inciso a,regimen simplificado para pequeños contribuyentes ley 24977 art 59 inciso a,15.405,30.0,True
2007,formosa,coparticipacion federal de impuestos neta ley 26075,coparticipacion federal de impuestos neta ley 26075,1467.5407,34.0,True
2007,formosa,financiamiento educativo ley 26075,financiamiento educativo ley 26075,40.2764,34.0,True
2007,formosa,transferencia de servicios ley 24049,transferencia de servicios ley 24049,20.7,34.0,True
2007,formosa,impuesto a las ganancias,obras de infraestructura basica social,69.3334,34.0,True
2007,formosa,impuesto a las ganancias,excedente obras de caracter social a buenos aires,164.5389,34.0,True
2007,formosa,impuesto a las ganancias,ley 24699,15.8495,34.0,True
2007,formosa,impuesto sobre los bienes personales,ley 24699,48.1167,34.0,True
2007,formosa,impuesto sobre los bienes personales,ley 23966 art 30,2.7634,34.0,True
2007,formosa,impuesto sobre los activos fondo educacion ley 23906,impuesto sobre los activos fondo educacion ley 23906,0.0489,34.0,True
2007,formosa,i.v.a.ley 23966 art 5 punto 2,i.v.a.ley 23966 art 5 punto 2,7.4589,34.0,True
2007,formosa,impuesto a los combustibles liquidos ley 23966 y 24699,obras de infraestructura,6.3418,34.0,True
2007,formosa,impuesto a los combustibles liquidos ley 23966 y 24699,vialidad provincial,7.2776,34.0,True
2007,formosa,impuesto a los combustibles liquidos ley 23966 y 24699,f.e.d.e.i.,2.7645,34.0,True
2007,formosa,impuesto a los combustibles liquidos ley 23966 y 24699,ley 24464 fo.na.vi,33.9973,34.0,True
2007,formosa,regimen de energia electrica ley 24065,fondo para compensaciones de tarifa electrica,11.0112,34.0,True
2007,formosa,regimen de energia electrica ley 24065,f.e.d.e.i.,8.9021,34.0,True
2007,formosa,fondo compensador de desequilibrios,fondo compensador de desequilibrios,26.4,34.0,True
2007,formosa,regimen simplificado para pequeños contribuyentes ley 24977 art 59 inciso a,regimen simplificado para pequeños contribuyentes ley 24977 art 59 inciso a,11.4856,34.0,True
2007,jujuy,coparticipacion federal de impuestos neta ley 26075,coparticipacion federal de impuestos neta ley 26075,1134.6031,38.0,True
2007,jujuy,financiamiento educativo ley 26075,financiamiento educativo ley 26075,42.1324,38.0,True
2007,jujuy,transferencia de servicios ley 24049,transferencia de servicios ley 24049,33.3,38.0,True
2007,jujuy,impuesto a las ganancias,obras de infraestructura basica social,74.577,38.0,True
2007,jujuy,impuesto a las ganancias,excedente obras de caracter social a buenos aires,128.4105,38.0,True
2007,jujuy,impuesto a las ganancias,ley 24699,12.3695,38.0,True
2007,jujuy,impuesto sobre los bienes personales,ley 24699,37.5514,38.0,True
2007,jujuy,impuesto sobre los activos fondo educacion ley 23906,impuesto sobre los activos fondo educacion ley 23906,0.0446,38.0,True
2007,jujuy,impuesto a los combustibles liquidos ley 23966 y 24699,obras de infraestructura,4.9491,38.0,True
2007,jujuy,impuesto a los combustibles liquidos ley 23966 y 24699,vialidad provincial,7.3082,38.0,True
2007,jujuy,impuesto a los combustibles liquidos ley 23966 y 24699,f.e.d.e.i.,2.2308,38.0,True
2007,jujuy,impuesto a los combustibles liquidos ley 23966 y 24699,ley 24464 fo.na.vi,25.4979,38.0,True
2007,jujuy,regimen de energia electrica ley 24065,fondo para compensaciones de tarifa electrica,12.8661,38.0,True
2007,jujuy,regimen de energia electrica ley 24065,f.e.d.e.i.,7.1836,38.0,True
2007,jujuy,fondo compensador de desequilibrios,fondo compensador de desequilibrios,26.4,38.0,True
2007,jujuy,regimen simplificado para pequeños contribuyentes ley 24977 art 59 inciso a,regimen simplificado para pequeños contribuyentes ley 24977 art 59 inciso a,8.9634,38.0,True
2007,la pampa,coparticipacion federal de impuestos neta ley 26075,coparticipacion federal de impuestos neta ley 26075,756.8688,42.0,True
2007,la pampa,financiamiento educativo ley 26075,financiamiento educativo ley 26075,20.9734,42.0,True
2007,la pampa,transferencia de servicios ley 24049,transferencia de servicios ley 24049,19.2,42.0,True
2007,la pampa,impuesto a las ganancias,obras de infraestructura basica social,13.0215,42.0,True
2007,la pampa,impuesto a las ganancias,excedente obras de caracter social a buenos aires,84.8812,42.0,True
2007,la pampa,impuesto a las ganancias,ley 24699,8.1756,42.0,True
2007,la pampa,impuesto sobre los bienes personales,ley 24699,24.8221,42.0,True
2007,la pampa,impuesto sobre los bienes personales,ley 23966 art 30,1.9991,42.0,True
2007,la pampa,impuesto sobre los activos fondo educacion ley 23906,impuesto sobre los activos fondo educacion ley 23906,0.0369,42.0,True
2007,la pampa,i.v.a.ley 23966 art 5 punto 2,i.v.a.ley 23966 art 5 punto 2,5.3959,42.0,True
2007,la pampa,impuesto a los combustibles liquidos ley 23966 y 24699,obras de infraestructura,3.2715,42.0,True
2007,la pampa,impuesto a los combustibles liquidos ley 23966 y 24699,vialidad provincial,8.7907,42.0,True
2007,la pampa,impuesto a los combustibles liquidos ley 23966 y 24699,f.e.d.e.i.,1.9801,42.0,True
2007,la pampa,impuesto a los combustibles liquidos ley 23966 y 24699,ley 24464 fo.na.vi,16.9986,42.0,True
2007,la pampa,regimen de energia electrica ley 24065,fondo para compensaciones de tarifa electrica,14.7593,42.0,True
2007,la pampa,regimen de energia electrica ley 24065,f.e.d.e.i.,6.3766,42.0,True
2007,la pampa,fondo compensador de desequilibrios,fondo compensador de desequilibrios,30.0,42.0,True
2007,la pampa,regimen simplificado para pequeños contribuyentes ley 24977 art 59 inciso a,regimen simplificado para pequeños contribuyentes ley 24977 art 59 inciso a,5.925,42.0,True
2007,la rioja,coparticipacion federal de impuestos neta ley 26075,coparticipacion federal de impuestos neta ley 26075,831.2649,46.0,True
2007,la rioja,financiamiento educativo ley 26075,financiamiento educativo ley 26075,26.356,46.0,True
2007,la rioja,transferencia de servicios ley 24049,transferencia de servicios ley 24049,20.3,46.0,True
2007,la rioja,impuesto a las ganancias,obras de infraestructura basica social,25.0616,46.0,True
2007,la rioja,impuesto a las ganancias,excedente obras de caracter social a buenos aires,93.587,46.0,True
2007,la rioja,impuesto a las ganancias,ley 24699,9.0144,46.0,True
2007,la rioja,impuesto sobre los bienes personales,ley 24699,27.368,46.0,True
2007,la rioja,impuesto sobre los activos fondo educacion ley 23906,impuesto sobre los activos fondo educacion ley 23906,0.036,46.0,True
2007,la rioja,impuesto a los combustibles liquidos ley 23966 y 24699,obras de infraestructura,3.6071,46.0,True
2007,la rioja,impuesto a los combustibles liquidos ley 23966 y 24699,vialidad provincial,7.9755,46.0,True
2007,la rioja,impuesto a los combustibles liquidos ley 23966 y 24699,f.e.d.e.i.,2.6091,46.0,True
2007,la rioja,impuesto a los combustibles liquidos ley 23966 y 24699,ley 24464 fo.na.vi,16.9986,46.0,True
2007,la rioja,regimen de energia electrica ley 24065,fondo para compensaciones de tarifa electrica,11.572,46.0,True
2007,la rioja,regimen de energia electrica ley 24065,f.e.d.e.i.,8.4018,46.0,True
2007,la rioja,fondo compensador de desequilibrios,fondo compensador de desequilibrios,26.4,46.0,True
2007,la rioja,regimen simplificado para pequeños contribuyentes ley 24977 art 59 inciso a,regimen simplificado para pequeños contribuyentes ley 24977 art 59 inciso a,6.5328,46.0,True
2007,mendoza,coparticipacion federal de impuestos neta ley 26075,coparticipacion federal de impuestos neta ley 26075,1644.4285,50.0,True
2007,mendoza,financiamiento educativo ley 26075,financiamiento educativo ley 26075,82.7801,50.0,True
2007,mendoza,transferencia de servicios ley 24049,transferencia de servicios ley 24049,61.7,50.0,True
2007,mendoza,impuesto a las ganancias,obras de infraestructura basica social,102.6209,50.0,True
2007,mendoza,impuesto a las ganancias,excedente obras de caracter social a buenos aires,188.4791,50.0,True
2007,mendoza,impuesto a las ganancias,ley 24699,18.1548,50.0,True
2007,mendoza,impuesto sobre los bienes personales,ley 24699,55.1179,50.0,True
2007,mendoza,impuesto sobre los activos fondo educacion ley 23906,impuesto sobre los activos fondo educacion ley 23906,0.0764,50.0,True
2007,mendoza,impuesto a los combustibles liquidos ley 23966 y 24699,obras de infraestructura,7.2645,50.0,True
2007,mendoza,impuesto a los combustibles liquidos ley 23966 y 24699,vialidad provincial,14.3252,50.0,True
2007,mendoza,impuesto a los combustibles liquidos ley 23966 y 24699,f.e.d.e.i.,2.0252,50.0,True
2007,mendoza,impuesto a los combustibles liquidos ley 23966 y 24699,ley 24464 fo.na.vi,33.9973,50.0,True
2007,mendoza,regimen de energia electrica ley 24065,fondo para compensaciones de tarifa electrica,8.3347,50.0,True
2007,mendoza,regimen de energia electrica ley 24065,f.e.d.e.i.,6.5215,50.0,True
2007,mendoza,fondo compensador de desequilibrios,fondo compensador de desequilibrios,26.4,50.0,True
2007,mendoza,regimen simplificado para pequeños contribuyentes ley 24977 art 59 inciso a,regimen simplificado para pequeños contribuyentes ley 24977 art 59 inciso a,13.1567,50.0,True
2007,misiones,coparticipacion federal de impuestos neta ley 26075,coparticipacion federal de impuestos neta ley 26075,1294.7047,54.0,True
2007,misiones,financiamiento educativo ley 26075,financiamiento educativo ley 26075,73.4998,54.0,True
2007,misiones,transferencia de servicios ley 24049,transferencia de servicios ley 24049,34.1,54.0,True
2007,misiones,impuesto a las ganancias,obras de infraestructura basica social,110.8024,54.0,True
2007,misiones,impuesto a las ganancias,excedente obras de caracter social a buenos aires,149.3009,54.0,True
2007,misiones,impuesto a las ganancias,ley 24699,14.382,54.0,True
2007,misiones,impuesto sobre los bienes personales,ley 24699,43.6615,54.0,True
2007,misiones,impuesto sobre los bienes personales,ley 23966 art 30,3.2397,54.0,True
2007,misiones,impuesto sobre los activos fondo educacion ley 23906,impuesto sobre los activos fondo educacion ley 23906,0.0569,54.0,True
2007,misiones,i.v.a.ley 23966 art 5 punto 2,i.v.a.ley 23966 art 5 punto 2,8.7447,54.0,True
2007,misiones,impuesto a los combustibles liquidos ley 23966 y 24699,obras de infraestructura,5.7544,54.0,True
2007,misiones,impuesto a los combustibles liquidos ley 23966 y 24699,vialidad provincial,14.9932,54.0,True
2007,misiones,impuesto a los combustibles liquidos ley 23966 y 24699,f.e.d.e.i.,2.9442,54.0,True
2007,misiones,impuesto a los combustibles liquidos ley 23966 y 24699,ley 24464 fo.na.vi,39.9468,54.0,True
2007,misiones,regimen de energia electrica ley 24065,fondo para compensaciones de tarifa electrica,14.0834,54.0,True
2007,misiones,regimen de energia electrica ley 24065,f.e.d.e.i.,10.6262,54.0,True
2007,misiones,fondo compensador de desequilibrios,fondo compensador de desequilibrios,26.4,54.0,True
2007,misiones,regimen simplificado para pequeños contribuyentes ley 24977 art 59 inciso a,regimen simplificado para pequeños contribuyentes ley 24977 art 59 inciso a,10.4219,54.0,True
2007,neuquen,coparticipacion federal de impuestos neta ley 26075,coparticipacion federal de impuestos neta ley 26075,686.9481,58.0,True
2007,neuquen,financiamiento educativo ley 26075,financiamiento educativo ley 26075,31.9241,58.0,True
2007,neuquen,transferencia de servicios ley 24049,transferencia de servicios ley 24049,17.4,58.0,True
2007,neuquen,impuesto a las ganancias,obras de infraestructura basica social,33.8646,58.0,True
2007,neuquen,impuesto a las ganancias,excedente obras de caracter social a buenos aires,78.4456,58.0,True
2007,neuquen,impuesto a las ganancias,ley 24699,7.5564,58.0,True
2007,neuquen,impuesto sobre los bienes personales,ley 24699,22.9403,58.0,True
2007,neuquen,impuesto sobre los bienes personales,ley 23966 art 30,1.457,58.0,True
2007,neuquen,impuesto sobre los activos fondo educacion ley 23906,impuesto sobre los activos fondo educacion ley 23906,0.0504,58.0,True
2007,neuquen,i.v.a.ley 23966 art 5 punto 2,i.v.a.ley 23966 art 5 punto 2,3.9327,58.0,True
2007,neuquen,impuesto a los combustibles liquidos ley 23966 y 24699,obras de infraestructura,3.0234,58.0,True
2007,neuquen,impuesto a los combustibles liquidos ley 23966 y 24699,vialidad provincial,10.2374,58.0,True
2007,neuquen,impuesto a los combustibles liquidos ley 23966 y 24699,f.e.d.e.i.,2.3263,58.0,True
2007,neuquen,impuesto a los combustibles liquidos ley 23966 y 24699,ley 24464 fo.na.vi,36.5471,58.0,True
2007,neuquen,regimen de energia electrica ley 24065,fondo para compensaciones de tarifa electrica,9.4292,58.0,True
2007,neuquen,regimen de energia electrica ley 24065,f.e.d.e.i.,7.491,58.0,True
2007,neuquen,fondo compensador de desequilibrios,fondo compensador de desequilibrios,30.0,58.0,True
2007,neuquen,regimen simplificado para pequeños contribuyentes ley 24977 art 59 inciso a,regimen simplificado para pequeños contribuyentes ley 24977 art 59 inciso a,5.4758,58.0,True
2007,rio negro,coparticipacion federal de impuestos neta ley 26075,coparticipacion federal de impuestos neta ley 26075,1009.2789,62.0,True
2007,rio negro,financiamiento educativo ley 26075,financiamiento educativo ley 26075,35.8219,62.0,True
2007,rio negro,transferencia de servicios ley 24049,transferencia de servicios ley 24049,14.6,62.0,True
2007,rio negro,impuesto a las ganancias,obras de infraestructura basica social,41.5016,62.0,True
2007,rio negro,impuesto a las ganancias,excedente obras de caracter social a buenos aires,114.0449,62.0,True
2007,rio negro,impuesto a las ganancias,ley 24699,10.9848,62.0,True
2007,rio negro,impuesto sobre los bienes personales,ley 24699,33.3508,62.0,True
2007,rio negro,impuesto sobre los activos fondo educacion ley 23906,impuesto sobre los activos fondo educacion ley 23906,0.0584,62.0,True
2007,rio negro,impuesto a los combustibles liquidos ley 23966 y 24699,obras de infraestructura,4.3956,62.0,True
2007,rio negro,impuesto a los combustibles liquidos ley 23966 y 24699,vialidad provincial,8.9596,62.0,True
2007,rio negro,impuesto a los combustibles liquidos ley 23966 y 24699,f.e.d.e.i.,2.1614,62.0,True
2007,rio negro,impuesto a los combustibles liquidos ley 23966 y 24699,ley 24464 fo.na.vi,38.2469,62.0,True
2007,rio negro,regimen de energia electrica ley 24065,fondo para compensaciones de tarifa electrica,11.9888,62.0,True
2007,rio negro,regimen de energia electrica ley 24065,f.e.d.e.i.,6.9603,62.0,True
2007,rio negro,fondo compensador de desequilibrios,fondo compensador de desequilibrios,30.0,62.0,True
2007,rio negro,regimen simplificado para pequeños contribuyentes ley 24977 art 59 inciso a,regimen simplificado para pequeños contribuyentes ley 24977 art 59 inciso a,7.9609,62.0,True
2007,salta,coparticipacion federal de impuestos neta ley 26075,coparticipacion federal de impuestos neta ley 26075,1515.5809,66.0,True
2007,salta,financiamiento educativo ley 26075,financiamiento educativo ley 26075,72.0149,66.0,True
2007,salta,transferencia de servicios ley 24049,transferencia de servicios ley 24049,39.8,66.0,True
2007,salta,impuesto a las ganancias,obras de infraestructura basica social,144.0991,66.0,True
2007,salta,impuesto a las ganancias,excedente obras de caracter social a buenos aires,173.2447,66.0,True
2007,salta,impuesto a las ganancias,ley 24699,16.6872,66.0,True
2007,salta,impuesto sobre los bienes personales,ley 24699,50.6626,66.0,True
2007,salta,impuesto sobre los activos fondo educacion ley 23906,impuesto sobre los activos fondo educacion ley 23906,0.0774,66.0,True
2007,salta,impuesto a los combustibles liquidos ley 23966 y 24699,obras de infraestructura,6.6773,66.0,True
2007,salta,impuesto a los combustibles liquidos ley 23966 y 24699,vialidad provincial,12.3662,66.0,True
2007,salta,impuesto a los combustibles liquidos ley 23966 y 24699,f.e.d.e.i.,2.2113,66.0,True
2007,salta,impuesto a los combustibles liquidos ley 23966 y 24699,ley 24464 fo.na.vi,33.9973,66.0,True
2007,salta,regimen de energia electrica ley 24065,fondo para compensaciones de tarifa electrica,9.2058,66.0,True
2007,salta,regimen de energia electrica ley 24065,f.e.d.e.i.,7.1208,66.0,True
2007,salta,fondo compensador de desequilibrios,fondo compensador de desequilibrios,30.0,66.0,True
2007,salta,regimen simplificado para pequeños contribuyentes ley 24977 art 59 inciso a,regimen simplificado para pequeños contribuyentes ley 24977 art 59 inciso a,12.0934,66.0,True
2007,san juan,coparticipacion federal de impuestos neta ley 26075,coparticipacion federal de impuestos neta ley 26075,1362.2524,70.0,True
2007,san juan,financiamiento educativo ley 26075,financiamiento educativo ley 26075,37.8635,70.0,True
2007,san juan,transferencia de servicios ley 24049,transferencia de servicios ley 24049,30.1,70.0,True
2007,san juan,impuesto a las ganancias,obras de infraestructura basica social,45.7103,70.0,True
2007,san juan,impuesto a las ganancias,excedente obras de caracter social a buenos aires,152.7833,70.0,True
2007,san juan,impuesto a las ganancias,ley 24699,14.7168,70.0,True
2007,san juan,impuesto sobre los bienes personales,ley 24699,44.6798,70.0,True
2007,san juan,impuesto sobre los activos fondo educacion ley 23906,impuesto sobre los activos fondo educacion ley 23906,0.0438,70.0,True
2007,san juan,impuesto a los combustibles liquidos ley 23966 y 24699,obras de infraestructura,5.8888,70.0,True
2007,san juan,impuesto a los combustibles liquidos ley 23966 y 24699,vialidad provincial,8.9206,70.0,True
2007,san juan,impuesto a los combustibles liquidos ley 23966 y 24699,f.e.d.e.i.,2.0486,70.0,True
2007,san juan,impuesto a los combustibles liquidos ley 23966 y 24699,ley 24464 fo.na.vi,31.0225,70.0,True
2007,san juan,regimen de energia electrica ley 24065,fondo para compensaciones de tarifa electrica,10.5173,70.0,True
2007,san juan,regimen de energia electrica ley 24065,f.e.d.e.i.,6.5968,70.0,True
2007,san juan,fondo compensador de desequilibrios,fondo compensador de desequilibrios,26.4,70.0,True
2007,san juan,regimen simplificado para pequeños contribuyentes ley 24977 art 59 inciso a,regimen simplificado para pequeños contribuyentes ley 24977 art 59 inciso a,10.6652,70.0,True
2007,san luis,coparticipacion federal de impuestos neta ley 26075,coparticipacion federal de impuestos neta ley 26075,921.8055,74.0,True
2007,san luis,financiamiento educativo ley 26075,financiamiento educativo ley 26075,23.5719,74.0,True
2007,san luis,transferencia de servicios ley 24049,transferencia de servicios ley 24049,18.9,74.0,True
2007,san luis,impuesto a las ganancias,obras de infraestructura basica social,24.2967,74.0,True
2007,san luis,impuesto a las ganancias,excedente obras de caracter social a buenos aires,103.1617,74.0,True
2007,san luis,impuesto a las ganancias,ley 24699,9.9372,74.0,True
2007,san luis,impuesto sobre los bienes personales,ley 24699,30.1684,74.0,True
2007,san luis,impuesto sobre los activos fondo educacion ley 23906,impuesto sobre los activos fondo educacion ley 23906,0.0362,74.0,True
2007,san luis,impuesto a los combustibles liquidos ley 23966 y 24699,obras de infraestructura,3.9761,74.0,True
2007,san luis,impuesto a los combustibles liquidos ley 23966 y 24699,vialidad provincial,8.7205,74.0,True
2007,san luis,impuesto a los combustibles liquidos ley 23966 y 24699,f.e.d.e.i.,2.0066,74.0,True
2007,san luis,impuesto a los combustibles liquidos ley 23966 y 24699,ley 24464 fo.na.vi,31.0225,74.0,True
2007,san luis,regimen de energia electrica ley 24065,fondo para compensaciones de tarifa electrica,10.3692,74.0,True
2007,san luis,regimen de energia electrica ley 24065,f.e.d.e.i.,6.462,74.0,True
2007,san luis,fondo compensador de desequilibrios,fondo compensador de desequilibrios,26.4,74.0,True
2007,san luis,regimen simplificado para pequeños contribuyentes ley 24977 art 59 inciso a,regimen simplificado para pequeños contribuyentes ley 24977 art 59 inciso a,7.2011,74.0,True
2007,santa cruz,coparticipacion federal de impuestos neta ley 26075,coparticipacion federal de impuestos neta ley 26075,643.3561,78.0,True
2007,santa cruz,financiamiento educativo ley 26075,financiamiento educativo ley 26075,11.6931,78.0,True
2007,santa cruz,transferencia de servicios ley 24049,transferencia de servicios ley 24049,8.5,78.0,True
2007,santa cruz,impuesto a las ganancias,obras de infraestructura basica social,8.5081,78.0,True
2007,santa cruz,impuesto a las ganancias,excedente obras de caracter social a buenos aires,71.481,78.0,True
2007,santa cruz,impuesto a las ganancias,ley 24699,6.8856,78.0,True
2007,santa cruz,impuesto sobre los bienes personales,ley 24699,20.9036,78.0,True
2007,santa cruz,impuesto sobre los bienes personales,ley 23966 art 30,1.8892,78.0,True
2007,santa cruz,impuesto sobre los activos fondo educacion ley 23906,impuesto sobre los activos fondo educacion ley 23906,0.0362,78.0,True
2007,santa cruz,i.v.a.ley 23966 art 5 punto 2,i.v.a.ley 23966 art 5 punto 2,5.0992,78.0,True
2007,santa cruz,impuesto a los combustibles liquidos ley 23966 y 24699,obras de infraestructura,2.7551,78.0,True
2007,santa cruz,impuesto a los combustibles liquidos ley 23966 y 24699,vialidad provincial,13.7989,78.0,True
2007,santa cruz,impuesto a los combustibles liquidos ley 23966 y 24699,f.e.d.e.i.,2.8239,78.0,True
2007,santa cruz,impuesto a los combustibles liquidos ley 23966 y 24699,ley 24464 fo.na.vi,27.1978,78.0,True
2007,santa cruz,regimen de energia electrica ley 24065,fondo para compensaciones de tarifa electrica,9.3542,78.0,True
2007,santa cruz,regimen de energia electrica ley 24065,transferencia a empresas de energia electrica,35.0,78.0,True
2007,santa cruz,regimen de energia electrica ley 24065,f.e.d.e.i.,9.0931,78.0,True
2007,santa cruz,fondo compensador de desequilibrios,fondo compensador de desequilibrios,36.0,78.0,True
2007,santa cruz,regimen simplificado para pequeños contribuyentes ley 24977 art 59 inciso a,regimen simplificado para pequeños contribuyentes ley 24977 art 59 inciso a,4.9898,78.0,True
2007,santa fe,coparticipacion federal de impuestos neta ley 26075,coparticipacion federal de impuestos neta ley 26075,3574.22,82.0,True
2007,santa fe,financiamiento educativo ley 26075,financiamiento educativo ley 26075,127.511,82.0,True
2007,santa fe,transferencia de servicios ley 24049,transferencia de servicios ley 24049,135.489,82.0,True
2007,santa fe,impuesto a las ganancias,obras de infraestructura basica social,187.4637,82.0,True
2007,santa fe,impuesto a las ganancias,excedente obras de caracter social a buenos aires,403.9409,82.0,True
2007,santa fe,impuesto a las ganancias,ley 24699,38.91,82.0,True
2007,santa fe,impuesto sobre los bienes personales,ley 24699,118.1279,82.0,True
2007,santa fe,impuesto sobre los bienes personales,ley 23966 art 30,25.4789,82.0,True
2007,santa fe,impuesto sobre los activos fondo educacion ley 23906,impuesto sobre los activos fondo educacion ley 23906,0.1469,82.0,True
2007,santa fe,i.v.a.ley 23966 art 5 punto 2,i.v.a.ley 23966 art 5 punto 2,68.7725,82.0,True
2007,santa fe,impuesto a los combustibles liquidos ley 23966 y 24699,obras de infraestructura,46.5343,82.0,True
2007,santa fe,impuesto a los combustibles liquidos ley 23966 y 24699,vialidad provincial,32.9972,82.0,True
2007,santa fe,impuesto a los combustibles liquidos ley 23966 y 24699,f.e.d.e.i.,1.779,82.0,True
2007,santa fe,impuesto a los combustibles liquidos ley 23966 y 24699,ley 24464 fo.na.vi,48.0211,82.0,True
2007,santa fe,regimen de energia electrica ley 24065,fondo para compensaciones de tarifa electrica,6.954,82.0,True
2007,santa fe,regimen de energia electrica ley 24065,f.e.d.e.i.,5.729,82.0,True
2007,santa fe,fondo compensador de desequilibrios,fondo compensador de desequilibrios,6.0,82.0,True
2007,santa fe,regimen simplificado para pequeños contribuyentes ley 24977 art 59 inciso a,regimen simplificado para pequeños contribuyentes ley 24977 art 59 inciso a,28.1973,82.0,True
2007,sgo. del estero,coparticipacion federal de impuestos neta ley 26075,coparticipacion federal de impuestos neta ley 26075,1649.2605,86.0,True
2007,sgo. del estero,financiamiento educativo ley 26075,financiamiento educativo ley 26075,61.9922,86.0,True
2007,sgo. del estero,transferencia de servicios ley 24049,transferencia de servicios ley 24049,31.6,86.0,True
2007,sgo. del estero,impuesto a las ganancias,obras de infraestructura basica social,106.7478,86.0,True
2007,sgo. del estero,impuesto a las ganancias,excedente obras de caracter social a buenos aires,186.7379,86.0,True
2007,sgo. del estero,impuesto a las ganancias,ley 24699,17.9879,86.0,True
2007,sgo. del estero,impuesto sobre los bienes personales,ley 24699,54.6087,86.0,True
2007,sgo. del estero,impuesto sobre los activos fondo educacion ley 23906,impuesto sobre los activos fondo educacion ley 23906,0.073,86.0,True
2007,sgo. del estero,impuesto a los combustibles liquidos ley 23966 y 24699,obras de infraestructura,7.1974,86.0,True
2007,sgo. del estero,impuesto a los combustibles liquidos ley 23966 y 24699,vialidad provincial,11.3793,86.0,True
2007,sgo. del estero,impuesto a los combustibles liquidos ley 23966 y 24699,f.e.d.e.i.,2.3719,86.0,True
2007,sgo. del estero,impuesto a los combustibles liquidos ley 23966 y 24699,ley 24464 fo.na.vi,36.5471,86.0,True
2007,sgo. del estero,regimen de energia electrica ley 24065,fondo para compensaciones de tarifa electrica,10.7899,86.0,True
2007,sgo. del estero,regimen de energia electrica ley 24065,f.e.d.e.i.,7.6361,86.0,True
2007,sgo. del estero,fondo compensador de desequilibrios,fondo compensador de desequilibrios,26.4,86.0,True
2007,sgo. del estero,regimen simplificado para pequeños contribuyentes ley 24977 art 59 inciso a,regimen simplificado para pequeños contribuyentes ley 24977 art 59 inciso a,13.0353,86.0,True
2007,tucuman,coparticipacion federal de impuestos neta ley 26075,coparticipacion federal de impuestos neta ley 26075,1893.8784,90.0,True
2007,tucuman,financiamiento educativo ley 26075,financiamiento educativo ley 26075,76.6551,90.0,True
2007,tucuman,transferencia de servicios ley 24049,transferencia de servicios ley 24049,55.8,90.0,True
2007,tucuman,impuesto a las ganancias,obras de infraestructura basica social,135.4677,90.0,True
2007,tucuman,impuesto a las ganancias,excedente obras de caracter social a buenos aires,215.0292,90.0,True
2007,tucuman,impuesto a las ganancias,ley 24699,20.7132,90.0,True
2007,tucuman,impuesto sobre los bienes personales,ley 24699,62.8827,90.0,True
2007,tucuman,impuesto sobre los activos fondo educacion ley 23906,impuesto sobre los activos fondo educacion ley 23906,0.0662,90.0,True
2007,tucuman,impuesto a los combustibles liquidos ley 23966 y 24699,obras de infraestructura,8.2879,90.0,True
2007,tucuman,impuesto a los combustibles liquidos ley 23966 y 24699,vialidad provincial,12.0743,90.0,True
2007,tucuman,impuesto a los combustibles liquidos ley 23966 y 24699,f.e.d.e.i.,1.8269,90.0,True
2007,tucuman,impuesto a los combustibles liquidos ley 23966 y 24699,ley 24464 fo.na.vi,35.6971,90.0,True
2007,tucuman,regimen de energia electrica ley 24065,fondo para compensaciones de tarifa electrica,8.2464,90.0,True
2007,tucuman,regimen de energia electrica ley 24065,f.e.d.e.i.,5.8833,90.0,True
2007,tucuman,fondo compensador de desequilibrios,fondo compensador de desequilibrios,26.4,90.0,True
2007,tucuman,regimen simplificado para pequeños contribuyentes ley 24977 art 59 inciso a,regimen simplificado para pequeños contribuyentes ley 24977 art 59 inciso a,15.0103,90.0,True
2007,tierra del fuego,coparticipacion federal de impuestos neta ley 26075,coparticipacion federal de impuestos neta ley 26075,507.5046,94.0,True
2007,tierra del fuego,financiamiento educativo ley 26075,financiamiento educativo ley 26075,7.053,94.0,True
2007,tierra del fuego,transferencia de servicios ley 24049,transferencia de servicios ley 24049,12.0,94.0,True
2007,tierra del fuego,impuesto a las ganancias,obras de infraestructura basica social,5.9741,94.0,True
2007,tierra del fuego,impuesto a las ganancias,excedente obras de caracter social a buenos aires,55.7461,94.0,True
2007,tierra del fuego,impuesto a las ganancias,ley 24699,5.37,94.0,True
2007,tierra del fuego,impuesto sobre los bienes personales,ley 24699,16.3017,94.0,True
2007,tierra del fuego,impuesto sobre los bienes personales,ley 23966 art 30,0.1676,94.0,True
2007,tierra del fuego,impuesto sobre los activos fondo educacion ley 23906,impuesto sobre los activos fondo educacion ley 23906,0.0173,94.0,True
2007,tierra del fuego,i.v.a.ley 23966 art 5 punto 2,i.v.a.ley 23966 art 5 punto 2,0.4523,94.0,True
2007,tierra del fuego,impuesto a los combustibles liquidos ley 23966 y 24699,obras de infraestructura,2.1486,94.0,True
2007,tierra del fuego,impuesto a los combustibles liquidos ley 23966 y 24699,vialidad provincial,5.6044,94.0,True
2007,tierra del fuego,impuesto a los combustibles liquidos ley 23966 y 24699,f.e.d.e.i.,2.0766,94.0,True
2007,tierra del fuego,impuesto a los combustibles liquidos ley 23966 y 24699,ley 24464 fo.na.vi,22.5232,94.0,True
2007,tierra del fuego,regimen de energia electrica ley 24065,fondo para compensaciones de tarifa electrica,6.7972,94.0,True
2007,tierra del fuego,regimen de energia electrica ley 24065,f.e.d.e.i.,6.6869,94.0,True
2007,tierra del fuego,fondo compensador de desequilibrios,fondo compensador de desequilibrios,36.0,94.0,True
2007,tierra del fuego,regimen simplificado para pequeños contribuyentes ley 24977 art 59 inciso a,regimen simplificado para pequeños contribuyentes ley 24977 art 59 inciso a,3.8914,94.0,True
2007,c.a.b.a,coparticipacion federal de impuestos neta ley 26075,coparticipacion federal de impuestos neta ley 26075,951.589,2.0,True
2007,c.a.b.a,financiamiento educativo ley 26075,financiamiento educativo ley 26075,101.5262,2.0,True
2007,c.a.b.a,impuesto sobre los activos fondo educacion ley 23906,impuesto sobre los activos fondo educacion ley 23906,0.063,2.0,True
2007,c.a.b.a,impuesto a los combustibles liquidos ley 23966 y 24699,ley 24464 fo.na.vi,11.0491,2.0,True
2007,tesoro nacional,coparticipacion federal de impuestos neta ley 26075,coparticipacion federal de impuestos neta ley 26075,30269.5389,,False
2007,tesoro nacional,impuesto sobre los bienes personales,ley 24699,969.7182,,False
2007,tesoro nacional,impuesto sobre los activos fondo educacion ley 23906,impuesto sobre los activos fondo educacion ley 23906,0.9527,,False
2007,tesoro nacional,impuesto a los combustibles liquidos ley 23966 y 24699,vialidad provincial,586.8575,,False
2007,seguridad social,coparticipacion federal de impuestos neta ley 26075,coparticipacion federal de impuestos neta ley 26075,13371.1086,,False
2007,seguridad social,impuesto a las ganancias,obras de infraestructura basica social,8450.5988,,False
2007,seguridad social,impuesto a las ganancias,ley 24699,120.0,,False
2007,seguridad social,i.v.a.ley 23966 art 5 punto 2,i.v.a.ley 23966 art 5 punto 2,6285.9268,,False
2007,seguridad social,regimen simplificado para pequeños contribuyentes ley 24977 art 59 inciso a,regimen simplificado para pequeños contribuyentes ley 24977 art 59 inciso a,744.0035,,False
2007,fondo a.t.n.,coparticipacion federal de impuestos neta ley 26075,coparticipacion federal de impuestos neta ley 26075,752.2251,,False
2007,fondo a.t.n.,impuesto a las ganancias,obras de infraestructura basica social,845.0599,,False
2007,fondo a.t.n.,impuesto a las ganancias,ley 24699,20.0,,False
2007,fondo a.t.n.,impuesto sobre los bienes personales,ley 24699,23.2881,,False
2008,buenos aires,coparticipacion federal de impuestos neta ley 26075,coparticipacion federal de impuestos neta ley 26075,10273.2629,6.0,True
2008,buenos aires,financiamiento educativo ley 26075,financiamiento educativo ley 26075,1211.3535,6.0,True
2008,buenos aires,transferencia de servicios ley 24049,transferencia de servicios ley 24049,420.1,6.0,True
2008,buenos aires,impuesto a las ganancias,obras de infraestructura basica social,650.0,6.0,True
2008,buenos aires,impuesto a las ganancias,ley 24699,95.6087,6.0,True
2008,buenos aires,impuesto sobre los bienes personales,ley 24699,394.0776,6.0,True
2008,buenos aires,impuesto sobre los bienes personales,ley 23966 art 30,93.8184,6.0,True
2008,buenos aires,impuesto sobre los activos fondo educacion ley 23906,impuesto sobre los activos fondo educacion ley 23906,0.4289,6.0,True
2008,buenos aires,i.v.a.ley 23966 art 5 punto 2,i.v.a.ley 23966 art 5 punto 2,236.9953,6.0,True
2008,buenos aires,impuesto a los combustibles liquidos ley 23966 y 24699,obras de infraestructura,23.7451,6.0,True
2008,buenos aires,impuesto a los combustibles liquidos ley 23966 y 24699,vialidad provincial,113.9101,6.0,True
2008,buenos aires,impuesto a los combustibles liquidos ley 23966 y 24699,f.e.d.e.i.,3.1904,6.0,True
2008,buenos aires,impuesto a los combustibles liquidos ley 23966 y 24699,ley 24464 fo.na.vi,170.0305,6.0,True
2008,buenos aires,regimen de energia electrica ley 24065,fondo para compensaciones de tarifa electrica,16.3519,6.0,True
2008,buenos aires,regimen de energia electrica ley 24065,f.e.d.e.i.,6.9712,6.0,True
2008,buenos aires,regimen simplificado para pequeños contribuyentes ley 24977 art 59 inciso a,regimen simplificado para pequeños contribuyentes ley 24977 art 59 inciso a,88.1812,6.0,True
2008,catamarca,coparticipacion federal de impuestos neta ley 26075,coparticipacion federal de impuestos neta ley 26075,1372.9253,10.0,True
2008,catamarca,financiamiento educativo ley 26075,financiamiento educativo ley 26075,67.5319,10.0,True
2008,catamarca,transferencia de servicios ley 24049,transferencia de servicios ley 24049,21.4,10.0,True
2008,catamarca,impuesto a las ganancias,obras de infraestructura basica social,38.0476,10.0,True
2008,catamarca,impuesto a las ganancias,excedente obras de caracter social a buenos aires,162.1858,10.0,True
2008,catamarca,impuesto a las ganancias,ley 24699,11.9916,10.0,True
2008,catamarca,impuesto sobre los bienes personales,ley 24699,49.4272,10.0,True
2008,catamarca,impuesto sobre los activos fondo educacion ley 23906,impuesto sobre los activos fondo educacion ley 23906,0.0321,10.0,True
2008,catamarca,impuesto a los combustibles liquidos ley 23966 y 24699,obras de infraestructura,6.62,10.0,True
2008,catamarca,impuesto a los combustibles liquidos ley 23966 y 24699,vialidad provincial,10.312,10.0,True
2008,catamarca,impuesto a los combustibles liquidos ley 23966 y 24699,f.e.d.e.i.,3.6074,10.0,True
2008,catamarca,impuesto a los combustibles liquidos ley 23966 y 24699,ley 24464 fo.na.vi,24.6251,10.0,True
2008,catamarca,regimen de energia electrica ley 24065,fondo para compensaciones de tarifa electrica,11.0609,10.0,True
2008,catamarca,regimen de energia electrica ley 24065,f.e.d.e.i.,8.8937,10.0,True
2008,catamarca,fondo compensador de desequilibrios,fondo compensador de desequilibrios,26.4,10.0,True
2008,catamarca,regimen simplificado para pequeños contribuyentes ley 24977 art 59 inciso a,regimen simplificado para pequeños contribuyentes ley 24977 art 59 inciso a,11.0603,10.0,True
2008,cordoba,coparticipacion federal de impuestos neta ley 26075,coparticipacion federal de impuestos neta ley 26075,4356.7011,14.0,True
2008,cordoba,financiamiento educativo ley 26075,financiamiento educativo ley 26075,287.0106,14.0,True
2008,cordoba,transferencia de servicios ley 24049,transferencia de servicios ley 24049,125.3,14.0,True
2008,cordoba,impuesto a las ganancias,obras de infraestructura basica social,210.551,14.0,True
2008,cordoba,impuesto a las ganancias,excedente obras de caracter social a buenos aires,522.842,14.0,True
2008,cordoba,impuesto a las ganancias,ley 24699,38.658,14.0,True
2008,cordoba,impuesto sobre los bienes personales,ley 24699,159.3421,14.0,True
2008,cordoba,impuesto sobre los bienes personales,ley 23966 art 30,32.0394,14.0,True
2008,cordoba,impuesto sobre los activos fondo educacion ley 23906,impuesto sobre los activos fondo educacion ley 23906,0.1187,14.0,True
2008,cordoba,i.v.a.ley 23966 art 5 punto 2,i.v.a.ley 23966 art 5 punto 2,80.9349,14.0,True
2008,cordoba,impuesto a los combustibles liquidos ley 23966 y 24699,obras de infraestructura,21.3413,14.0,True
2008,cordoba,impuesto a los combustibles liquidos ley 23966 y 24699,vialidad provincial,38.5651,14.0,True
2008,cordoba,impuesto a los combustibles liquidos ley 23966 y 24699,f.e.d.e.i.,2.3914,14.0,True
2008,cordoba,impuesto a los combustibles liquidos ley 23966 y 24699,ley 24464 fo.na.vi,66.2532,14.0,True
2008,cordoba,regimen de energia electrica ley 24065,fondo para compensaciones de tarifa electrica,6.9575,14.0,True
2008,cordoba,regimen de energia electrica ley 24065,f.e.d.e.i.,5.8982,14.0,True
2008,cordoba,fondo compensador de desequilibrios,fondo compensador de desequilibrios,6.0,14.0,True
2008,cordoba,regimen simplificado para pequeños contribuyentes ley 24977 art 59 inciso a,regimen simplificado para pequeños contribuyentes ley 24977 art 59 inciso a,35.6556,14.0,True
2008,corrientes,coparticipacion federal de impuestos neta ley 26075,coparticipacion federal de impuestos neta ley 26075,1815.189,18.0,True
2008,corrientes,financiamiento educativo ley 26075,financiamiento educativo ley 26075,128.9245,18.0,True
2008,corrientes,transferencia de servicios ley 24049,transferencia de servicios ley 24049,38.6,18.0,True
2008,corrientes,impuesto a las ganancias,obras de infraestructura basica social,141.3326,18.0,True
2008,corrientes,impuesto a las ganancias,excedente obras de caracter social a buenos aires,218.895,18.0,True
2008,corrientes,impuesto a las ganancias,ley 24699,16.1844,18.0,True
2008,corrientes,impuesto sobre los bienes personales,ley 24699,66.7094,18.0,True
2008,corrientes,impuesto sobre los bienes personales,ley 23966 art 30,10.2447,18.0,True
2008,corrientes,impuesto sobre los activos fondo educacion ley 23906,impuesto sobre los activos fondo educacion ley 23906,0.0532,18.0,True
2008,corrientes,i.v.a.ley 23966 art 5 punto 2,i.v.a.ley 23966 art 5 punto 2,25.8792,18.0,True
2008,corrientes,impuesto a los combustibles liquidos ley 23966 y 24699,obras de infraestructura,8.9346,18.0,True
2008,corrientes,impuesto a los combustibles liquidos ley 23966 y 24699,vialidad provincial,14.3422,18.0,True
2008,corrientes,impuesto a los combustibles liquidos ley 23966 y 24699,f.e.d.e.i.,2.7661,18.0,True
2008,corrientes,impuesto a los combustibles liquidos ley 23966 y 24699,ley 24464 fo.na.vi,58.0449,18.0,True
2008,corrientes,regimen de energia electrica ley 24065,fondo para compensaciones de tarifa electrica,9.2812,18.0,True
2008,corrientes,regimen de energia electrica ley 24065,f.e.d.e.i.,6.8538,18.0,True
2008,corrientes,fondo compensador de desequilibrios,fondo compensador de desequilibrios,18.0,18.0,True
2008,corrientes,regimen simplificado para pequeños contribuyentes ley 24977 art 59 inciso a,regimen simplificado para pequeños contribuyentes ley 24977 art 59 inciso a,14.9274,18.0,True
2008,chaco,coparticipacion federal de impuestos neta ley 26075,coparticipacion federal de impuestos neta ley 26075,2468.1206,22.0,True
2008,chaco,financiamiento educativo ley 26075,financiamiento educativo ley 26075,140.8194,22.0,True
2008,chaco,transferencia de servicios ley 24049,transferencia de servicios ley 24049,33.6,22.0,True
2008,chaco,impuesto a las ganancias,obras de infraestructura basica social,172.9263,22.0,True
2008,chaco,impuesto a las ganancias,excedente obras de caracter social a buenos aires,293.7464,22.0,True
2008,chaco,impuesto a las ganancias,ley 24699,21.7188,22.0,True
2008,chaco,impuesto sobre los bienes personales,ley 24699,89.5219,22.0,True
2008,chaco,impuesto sobre los bienes personales,ley 23966 art 30,8.0541,22.0,True
2008,chaco,impuesto sobre los activos fondo educacion ley 23906,impuesto sobre los activos fondo educacion ley 23906,0.0696,22.0,True
2008,chaco,i.v.a.ley 23966 art 5 punto 2,i.v.a.ley 23966 art 5 punto 2,20.3455,22.0,True
2008,chaco,impuesto a los combustibles liquidos ley 23966 y 24699,obras de infraestructura,11.9901,22.0,True
2008,chaco,impuesto a los combustibles liquidos ley 23966 y 24699,vialidad provincial,14.0762,22.0,True
2008,chaco,impuesto a los combustibles liquidos ley 23966 y 24699,f.e.d.e.i.,3.2159,22.0,True
2008,chaco,impuesto a los combustibles liquidos ley 23966 y 24699,ley 24464 fo.na.vi,53.9407,22.0,True
2008,chaco,regimen de energia electrica ley 24065,fondo para compensaciones de tarifa electrica,10.4361,22.0,True
2008,chaco,regimen de energia electrica ley 24065,f.e.d.e.i.,7.9313,22.0,True
2008,chaco,fondo compensador de desequilibrios,fondo compensador de desequilibrios,6.0,22.0,True
2008,chaco,regimen simplificado para pequeños contribuyentes ley 24977 art 59 inciso a,regimen simplificado para pequeños contribuyentes ley 24977 art 59 inciso a,20.0322,22.0,True
2008,chubut,coparticipacion federal de impuestos neta ley 26075,coparticipacion federal de impuestos neta ley 26075,770.2992,26.0,True
2008,chubut,financiamiento educativo ley 26075,financiamiento educativo ley 26075,56.7882,26.0,True
2008,chubut,transferencia de servicios ley 24049,transferencia de servicios ley 24049,24.2,26.0,True
2008,chubut,impuesto a las ganancias,obras de infraestructura basica social,33.6232,26.0,True
2008,chubut,impuesto a las ganancias,excedente obras de caracter social a buenos aires,93.1241,26.0,True
2008,chubut,impuesto a las ganancias,ley 24699,6.8856,26.0,True
2008,chubut,impuesto sobre los bienes personales,ley 24699,28.3803,26.0,True
2008,chubut,impuesto sobre los bienes personales,ley 23966 art 30,3.1506,26.0,True
2008,chubut,impuesto sobre los activos fondo educacion ley 23906,impuesto sobre los activos fondo educacion ley 23906,0.0321,26.0,True
2008,chubut,i.v.a.ley 23966 art 5 punto 2,i.v.a.ley 23966 art 5 punto 2,7.9588,26.0,True
2008,chubut,impuesto a los combustibles liquidos ley 23966 y 24699,obras de infraestructura,3.8012,26.0,True
2008,chubut,impuesto a los combustibles liquidos ley 23966 y 24699,vialidad provincial,14.6759,26.0,True
2008,chubut,impuesto a los combustibles liquidos ley 23966 y 24699,f.e.d.e.i.,3.3719,26.0,True
2008,chubut,impuesto a los combustibles liquidos ley 23966 y 24699,ley 24464 fo.na.vi,37.524,26.0,True
2008,chubut,regimen de energia electrica ley 24065,fondo para compensaciones de tarifa electrica,15.6549,26.0,True
2008,chubut,regimen de energia electrica ley 24065,f.e.d.e.i.,8.316,26.0,True
2008,chubut,fondo compensador de desequilibrios,fondo compensador de desequilibrios,36.0,26.0,True
2008,chubut,regimen simplificado para pequeños contribuyentes ley 24977 art 59 inciso a,regimen simplificado para pequeños contribuyentes ley 24977 art 59 inciso a,6.3507,26.0,True
2008,entre rios,coparticipacion federal de impuestos neta ley 26075,coparticipacion federal de impuestos neta ley 26075,2424.2295,30.0,True
2008,entre rios,financiamiento educativo ley 26075,financiamiento educativo ley 26075,129.3082,30.0,True
2008,entre rios,transferencia de servicios ley 24049,transferencia de servicios ley 24049,67.5,30.0,True
2008,entre rios,impuesto a las ganancias,obras de infraestructura basica social,108.3365,30.0,True
2008,entre rios,impuesto a las ganancias,excedente obras de caracter social a buenos aires,287.5096,30.0,True
2008,entre rios,impuesto a las ganancias,ley 24699,21.258,30.0,True
2008,entre rios,impuesto sobre los bienes personales,ley 24699,87.6209,30.0,True
2008,entre rios,impuesto sobre los bienes personales,ley 23966 art 30,13.9044,30.0,True
2008,entre rios,impuesto sobre los activos fondo educacion ley 23906,impuesto sobre los activos fondo educacion ley 23906,0.0551,30.0,True
2008,entre rios,i.v.a.ley 23966 art 5 punto 2,i.v.a.ley 23966 art 5 punto 2,35.124,30.0,True
2008,entre rios,impuesto a los combustibles liquidos ley 23966 y 24699,obras de infraestructura,11.7353,30.0,True
2008,entre rios,impuesto a los combustibles liquidos ley 23966 y 24699,vialidad provincial,20.5793,30.0,True
2008,entre rios,impuesto a los combustibles liquidos ley 23966 y 24699,f.e.d.e.i.,2.7676,30.0,True
2008,entre rios,impuesto a los combustibles liquidos ley 23966 y 24699,ley 24464 fo.na.vi,45.7323,30.0,True
2008,entre rios,regimen de energia electrica ley 24065,fondo para compensaciones de tarifa electrica,9.4814,30.0,True
2008,entre rios,regimen de energia electrica ley 24065,f.e.d.e.i.,6.8256,30.0,True
2008,entre rios,fondo compensador de desequilibrios,fondo compensador de desequilibrios,21.6,30.0,True
2008,entre rios,regimen simplificado para pequeños contribuyentes ley 24977 art 59 inciso a,regimen simplificado para pequeños contribuyentes ley 24977 art 59 inciso a,19.6065,30.0,True
2008,formosa,coparticipacion federal de impuestos neta ley 26075,coparticipacion federal de impuestos neta ley 26075,1820.1736,34.0,True
2008,formosa,financiamiento educativo ley 26075,financiamiento educativo ley 26075,83.6475,34.0,True
2008,formosa,transferencia de servicios ley 24049,transferencia de servicios ley 24049,20.7,34.0,True
2008,formosa,impuesto a las ganancias,obras de infraestructura basica social,87.0969,34.0,True
2008,formosa,impuesto a las ganancias,excedente obras de caracter social a buenos aires,214.3583,34.0,True
2008,formosa,impuesto a las ganancias,ley 24699,15.8495,34.0,True
2008,formosa,impuesto sobre los bienes personales,ley 24699,65.3268,34.0,True
2008,formosa,impuesto sobre los bienes personales,ley 23966 art 30,3.7517,34.0,True
2008,formosa,impuesto sobre los activos fondo educacion ley 23906,impuesto sobre los activos fondo educacion ley 23906,0.0375,34.0,True
2008,formosa,i.v.a.ley 23966 art 5 punto 2,i.v.a.ley 23966 art 5 punto 2,9.4773,34.0,True
2008,formosa,impuesto a los combustibles liquidos ley 23966 y 24699,obras de infraestructura,8.7495,34.0,True
2008,formosa,impuesto a los combustibles liquidos ley 23966 y 24699,vialidad provincial,9.916,34.0,True
2008,formosa,impuesto a los combustibles liquidos ley 23966 y 24699,f.e.d.e.i.,3.7161,34.0,True
2008,formosa,impuesto a los combustibles liquidos ley 23966 y 24699,ley 24464 fo.na.vi,46.905,34.0,True
2008,formosa,regimen de energia electrica ley 24065,fondo para compensaciones de tarifa electrica,10.1188,34.0,True
2008,formosa,regimen de energia electrica ley 24065,f.e.d.e.i.,9.1045,34.0,True
2008,formosa,fondo compensador de desequilibrios,fondo compensador de desequilibrios,26.4,34.0,True
2008,formosa,regimen simplificado para pequeños contribuyentes ley 24977 art 59 inciso a,regimen simplificado para pequeños contribuyentes ley 24977 art 59 inciso a,14.6181,34.0,True
2008,jujuy,coparticipacion federal de impuestos neta ley 26075,coparticipacion federal de impuestos neta ley 26075,1400.2203,38.0,True
2008,jujuy,financiamiento educativo ley 26075,financiamiento educativo ley 26075,85.566,38.0,True
2008,jujuy,transferencia de servicios ley 24049,transferencia de servicios ley 24049,33.3,38.0,True
2008,jujuy,impuesto a las ganancias,obras de infraestructura basica social,93.6839,38.0,True
2008,jujuy,impuesto a las ganancias,excedente obras de caracter social a buenos aires,167.2908,38.0,True
2008,jujuy,impuesto a las ganancias,ley 24699,12.3695,38.0,True
2008,jujuy,impuesto sobre los bienes personales,ley 24699,50.9826,38.0,True
2008,jujuy,impuesto sobre los activos fondo educacion ley 23906,impuesto sobre los activos fondo educacion ley 23906,0.0342,38.0,True
2008,jujuy,impuesto a los combustibles liquidos ley 23966 y 24699,obras de infraestructura,6.8282,38.0,True
2008,jujuy,impuesto a los combustibles liquidos ley 23966 y 24699,vialidad provincial,10.3517,38.0,True
2008,jujuy,impuesto a los combustibles liquidos ley 23966 y 24699,f.e.d.e.i.,2.9988,38.0,True
2008,jujuy,impuesto a los combustibles liquidos ley 23966 y 24699,ley 24464 fo.na.vi,35.1787,38.0,True
2008,jujuy,regimen de energia electrica ley 24065,fondo para compensaciones de tarifa electrica,12.7148,38.0,True
2008,jujuy,regimen de energia electrica ley 24065,f.e.d.e.i.,7.3958,38.0,True
2008,jujuy,fondo compensador de desequilibrios,fondo compensador de desequilibrios,26.4,38.0,True
2008,jujuy,regimen simplificado para pequeños contribuyentes ley 24977 art 59 inciso a,regimen simplificado para pequeños contribuyentes ley 24977 art 59 inciso a,11.4081,38.0,True
2008,la pampa,coparticipacion federal de impuestos neta ley 26075,coparticipacion federal de impuestos neta ley 26075,938.7714,42.0,True
2008,la pampa,financiamiento educativo ley 26075,financiamiento educativo ley 26075,43.3586,42.0,True
2008,la pampa,transferencia de servicios ley 24049,transferencia de servicios ley 24049,19.2,42.0,True
2008,la pampa,impuesto a las ganancias,obras de infraestructura basica social,16.3577,42.0,True
2008,la pampa,impuesto a las ganancias,excedente obras de caracter social a buenos aires,110.5817,42.0,True
2008,la pampa,impuesto a las ganancias,ley 24699,8.1756,42.0,True
2008,la pampa,impuesto sobre los bienes personales,ley 24699,33.7003,42.0,True
2008,la pampa,impuesto sobre los bienes personales,ley 23966 art 30,2.7141,42.0,True
2008,la pampa,impuesto sobre los activos fondo educacion ley 23906,impuesto sobre los activos fondo educacion ley 23906,0.0283,42.0,True
2008,la pampa,i.v.a.ley 23966 art 5 punto 2,i.v.a.ley 23966 art 5 punto 2,6.8561,42.0,True
2008,la pampa,impuesto a los combustibles liquidos ley 23966 y 24699,obras de infraestructura,4.5136,42.0,True
2008,la pampa,impuesto a los combustibles liquidos ley 23966 y 24699,vialidad provincial,12.3779,42.0,True
2008,la pampa,impuesto a los combustibles liquidos ley 23966 y 24699,f.e.d.e.i.,2.6618,42.0,True
2008,la pampa,impuesto a los combustibles liquidos ley 23966 y 24699,ley 24464 fo.na.vi,23.4525,42.0,True
2008,la pampa,regimen de energia electrica ley 24065,fondo para compensaciones de tarifa electrica,12.8828,42.0,True
2008,la pampa,regimen de energia electrica ley 24065,f.e.d.e.i.,6.565,42.0,True
2008,la pampa,fondo compensador de desequilibrios,fondo compensador de desequilibrios,30.0,42.0,True
2008,la pampa,regimen simplificado para pequeños contribuyentes ley 24977 art 59 inciso a,regimen simplificado para pequeños contribuyentes ley 24977 art 59 inciso a,7.541,42.0,True
2008,la rioja,coparticipacion federal de impuestos neta ley 26075,coparticipacion federal de impuestos neta ley 26075,1029.5263,46.0,True
2008,la rioja,financiamiento educativo ley 26075,financiamiento educativo ley 26075,53.3349,46.0,True
2008,la rioja,transferencia de servicios ley 24049,transferencia de servicios ley 24049,20.3,46.0,True
2008,la rioja,impuesto a las ganancias,obras de infraestructura basica social,31.4825,46.0,True
2008,la rioja,impuesto a las ganancias,excedente obras de caracter social a buenos aires,121.9235,46.0,True
2008,la rioja,impuesto a las ganancias,ley 24699,9.0144,46.0,True
2008,la rioja,impuesto sobre los bienes personales,ley 24699,37.1568,46.0,True
2008,la rioja,impuesto sobre los activos fondo educacion ley 23906,impuesto sobre los activos fondo educacion ley 23906,0.0276,46.0,True
2008,la rioja,impuesto a los combustibles liquidos ley 23966 y 24699,obras de infraestructura,4.9765,46.0,True
2008,la rioja,impuesto a los combustibles liquidos ley 23966 y 24699,vialidad provincial,10.7274,46.0,True
2008,la rioja,impuesto a los combustibles liquidos ley 23966 y 24699,f.e.d.e.i.,3.5073,46.0,True
2008,la rioja,impuesto a los combustibles liquidos ley 23966 y 24699,ley 24464 fo.na.vi,23.4525,46.0,True
2008,la rioja,regimen de energia electrica ley 24065,fondo para compensaciones de tarifa electrica,10.9654,46.0,True
2008,la rioja,regimen de energia electrica ley 24065,f.e.d.e.i.,8.623,46.0,True
2008,la rioja,fondo compensador de desequilibrios,fondo compensador de desequilibrios,26.4,46.0,True
2008,la rioja,regimen simplificado para pequeños contribuyentes ley 24977 art 59 inciso a,regimen simplificado para pequeños contribuyentes ley 24977 art 59 inciso a,8.3145,46.0,True
2008,mendoza,coparticipacion federal de impuestos neta ley 26075,coparticipacion federal de impuestos neta ley 26075,2011.6186,50.0,True
2008,mendoza,financiamiento educativo ley 26075,financiamiento educativo ley 26075,169.2135,50.0,True
2008,mendoza,transferencia de servicios ley 24049,transferencia de servicios ley 24049,61.7,50.0,True
2008,mendoza,impuesto a las ganancias,obras de infraestructura basica social,128.9127,50.0,True
2008,mendoza,impuesto a las ganancias,excedente obras de caracter social a buenos aires,245.5471,50.0,True
2008,mendoza,impuesto a las ganancias,ley 24699,18.1548,50.0,True
2008,mendoza,impuesto sobre los bienes personales,ley 24699,74.832,50.0,True
2008,mendoza,impuesto sobre los activos fondo educacion ley 23906,impuesto sobre los activos fondo educacion ley 23906,0.0585,50.0,True
2008,mendoza,impuesto a los combustibles liquidos ley 23966 y 24699,obras de infraestructura,10.0226,50.0,True
2008,mendoza,impuesto a los combustibles liquidos ley 23966 y 24699,vialidad provincial,20.109,50.0,True
2008,mendoza,impuesto a los combustibles liquidos ley 23966 y 24699,f.e.d.e.i.,2.7224,50.0,True
2008,mendoza,impuesto a los combustibles liquidos ley 23966 y 24699,ley 24464 fo.na.vi,46.905,50.0,True
2008,mendoza,regimen de energia electrica ley 24065,fondo para compensaciones de tarifa electrica,8.1514,50.0,True
2008,mendoza,regimen de energia electrica ley 24065,f.e.d.e.i.,6.7141,50.0,True
2008,mendoza,fondo compensador de desequilibrios,fondo compensador de desequilibrios,26.4,50.0,True
2008,mendoza,regimen simplificado para pequeños contribuyentes ley 24977 art 59 inciso a,regimen simplificado para pequeños contribuyentes ley 24977 art 59 inciso a,16.7451,50.0,True
2008,misiones,coparticipacion federal de impuestos neta ley 26075,coparticipacion federal de impuestos neta ley 26075,1573.676,54.0,True
2008,misiones,financiamiento educativo ley 26075,financiamiento educativo ley 26075,153.8653,54.0,True
2008,misiones,transferencia de servicios ley 24049,transferencia de servicios ley 24049,34.1,54.0,True
2008,misiones,impuesto a las ganancias,obras de infraestructura basica social,139.1903,54.0,True
2008,misiones,impuesto a las ganancias,excedente obras de caracter social a buenos aires,194.5066,54.0,True
2008,misiones,impuesto a las ganancias,ley 24699,14.382,54.0,True
2008,misiones,impuesto sobre los bienes personales,ley 24699,59.278,54.0,True
2008,misiones,impuesto sobre los bienes personales,ley 23966 art 30,4.3985,54.0,True
2008,misiones,impuesto sobre los activos fondo educacion ley 23906,impuesto sobre los activos fondo educacion ley 23906,0.0436,54.0,True
2008,misiones,i.v.a.ley 23966 art 5 punto 2,i.v.a.ley 23966 art 5 punto 2,11.1111,54.0,True
2008,misiones,impuesto a los combustibles liquidos ley 23966 y 24699,obras de infraestructura,7.9392,54.0,True
2008,misiones,impuesto a los combustibles liquidos ley 23966 y 24699,vialidad provincial,20.4529,54.0,True
2008,misiones,impuesto a los combustibles liquidos ley 23966 y 24699,f.e.d.e.i.,3.9588,54.0,True
2008,misiones,impuesto a los combustibles liquidos ley 23966 y 24699,ley 24464 fo.na.vi,55.1133,54.0,True
2008,misiones,regimen de energia electrica ley 24065,fondo para compensaciones de tarifa electrica,16.4921,54.0,True
2008,misiones,regimen de energia electrica ley 24065,f.e.d.e.i.,10.9734,54.0,True
2008,misiones,fondo compensador de desequilibrios,fondo compensador de desequilibrios,26.4,54.0,True
2008,misiones,regimen simplificado para pequeños contribuyentes ley 24977 art 59 inciso a,regimen simplificado para pequeños contribuyentes ley 24977 art 59 inciso a,13.2643,54.0,True
2008,neuquen,coparticipacion federal de impuestos neta ley 26075,coparticipacion federal de impuestos neta ley 26075,842.8265,58.0,True
2008,neuquen,financiamiento educativo ley 26075,financiamiento educativo ley 26075,64.846,58.0,True
2008,neuquen,transferencia de servicios ley 24049,transferencia de servicios ley 24049,17.4,58.0,True
2008,neuquen,impuesto a las ganancias,obras de infraestructura basica social,42.5408,58.0,True
2008,neuquen,impuesto a las ganancias,excedente obras de caracter social a buenos aires,102.1976,58.0,True
2008,neuquen,impuesto a las ganancias,ley 24699,7.5564,58.0,True
2008,neuquen,impuesto sobre los bienes personales,ley 24699,31.1454,58.0,True
2008,neuquen,impuesto sobre los bienes personales,ley 23966 art 30,1.9773,58.0,True
2008,neuquen,impuesto sobre los activos fondo educacion ley 23906,impuesto sobre los activos fondo educacion ley 23906,0.0386,58.0,True
2008,neuquen,i.v.a.ley 23966 art 5 punto 2,i.v.a.ley 23966 art 5 punto 2,4.997,58.0,True
2008,neuquen,impuesto a los combustibles liquidos ley 23966 y 24699,obras de infraestructura,4.1713,58.0,True
2008,neuquen,impuesto a los combustibles liquidos ley 23966 y 24699,vialidad provincial,13.3633,58.0,True
2008,neuquen,impuesto a los combustibles liquidos ley 23966 y 24699,f.e.d.e.i.,3.1271,58.0,True
2008,neuquen,impuesto a los combustibles liquidos ley 23966 y 24699,ley 24464 fo.na.vi,50.4228,58.0,True
2008,neuquen,regimen de energia electrica ley 24065,fondo para compensaciones de tarifa electrica,9.2517,58.0,True
2008,neuquen,regimen de energia electrica ley 24065,f.e.d.e.i.,7.7123,58.0,True
2008,neuquen,fondo compensador de desequilibrios,fondo compensador de desequilibrios,30.0,58.0,True
2008,neuquen,regimen simplificado para pequeños contribuyentes ley 24977 art 59 inciso a,regimen simplificado para pequeños contribuyentes ley 24977 art 59 inciso a,6.9692,58.0,True
2008,rio negro,coparticipacion federal de impuestos neta ley 26075,coparticipacion federal de impuestos neta ley 26075,1245.5248,62.0,True
2008,rio negro,financiamiento educativo ley 26075,financiamiento educativo ley 26075,74.0549,62.0,True
2008,rio negro,transferencia de servicios ley 24049,transferencia de servicios ley 24049,14.6,62.0,True
2008,rio negro,impuesto a las ganancias,obras de infraestructura basica social,52.1344,62.0,True
2008,rio negro,impuesto a las ganancias,excedente obras de caracter social a buenos aires,148.5756,62.0,True
2008,rio negro,impuesto a las ganancias,ley 24699,10.9848,62.0,True
2008,rio negro,impuesto sobre los bienes personales,ley 24699,45.2794,62.0,True
2008,rio negro,impuesto sobre los activos fondo educacion ley 23906,impuesto sobre los activos fondo educacion ley 23906,0.0447,62.0,True
2008,rio negro,impuesto a los combustibles liquidos ley 23966 y 24699,obras de infraestructura,6.0645,62.0,True
2008,rio negro,impuesto a los combustibles liquidos ley 23966 y 24699,vialidad provincial,12.3467,62.0,True
2008,rio negro,impuesto a los combustibles liquidos ley 23966 y 24699,f.e.d.e.i.,2.9055,62.0,True
2008,rio negro,impuesto a los combustibles liquidos ley 23966 y 24699,ley 24464 fo.na.vi,52.7681,62.0,True
2008,rio negro,regimen de energia electrica ley 24065,fondo para compensaciones de tarifa electrica,8.145,62.0,True
2008,rio negro,regimen de energia electrica ley 24065,f.e.d.e.i.,7.1659,62.0,True
2008,rio negro,fondo compensador de desequilibrios,fondo compensador de desequilibrios,30.0,62.0,True
2008,rio negro,regimen simplificado para pequeños contribuyentes ley 24977 art 59 inciso a,regimen simplificado para pequeños contribuyentes ley 24977 art 59 inciso a,10.1322,62.0,True
2008,salta,coparticipacion federal de impuestos neta ley 26075,coparticipacion federal de impuestos neta ley 26075,1854.5241,66.0,True
2008,salta,financiamiento educativo ley 26075,financiamiento educativo ley 26075,150.0283,66.0,True
2008,salta,transferencia de servicios ley 24049,transferencia de servicios ley 24049,39.8,66.0,True
2008,salta,impuesto a las ganancias,obras de infraestructura basica social,181.0178,66.0,True
2008,salta,impuesto a las ganancias,excedente obras de caracter social a buenos aires,225.7001,66.0,True
2008,salta,impuesto a las ganancias,ley 24699,16.6872,66.0,True
2008,salta,impuesto sobre los bienes personales,ley 24699,68.7832,66.0,True
2008,salta,impuesto sobre los activos fondo educacion ley 23906,impuesto sobre los activos fondo educacion ley 23906,0.0593,66.0,True
2008,salta,impuesto a los combustibles liquidos ley 23966 y 24699,obras de infraestructura,9.2125,66.0,True
2008,salta,impuesto a los combustibles liquidos ley 23966 y 24699,vialidad provincial,15.7385,66.0,True
2008,salta,impuesto a los combustibles liquidos ley 23966 y 24699,f.e.d.e.i.,2.9726,66.0,True
2008,salta,impuesto a los combustibles liquidos ley 23966 y 24699,ley 24464 fo.na.vi,46.905,66.0,True
2008,salta,regimen de energia electrica ley 24065,fondo para compensaciones de tarifa electrica,8.4179,66.0,True
2008,salta,regimen de energia electrica ley 24065,f.e.d.e.i.,7.3311,66.0,True
2008,salta,fondo compensador de desequilibrios,fondo compensador de desequilibrios,30.0,66.0,True
2008,salta,regimen simplificado para pequeños contribuyentes ley 24977 art 59 inciso a,regimen simplificado para pequeños contribuyentes ley 24977 art 59 inciso a,15.3916,66.0,True
2008,san juan,coparticipacion federal de impuestos neta ley 26075,coparticipacion federal de impuestos neta ley 26075,1686.8723,70.0,True
2008,san juan,financiamiento educativo ley 26075,financiamiento educativo ley 26075,80.9615,70.0,True
2008,san juan,transferencia de servicios ley 24049,transferencia de servicios ley 24049,30.1,70.0,True
2008,san juan,impuesto a las ganancias,obras de infraestructura basica social,57.4214,70.0,True
2008,san juan,impuesto a las ganancias,excedente obras de caracter social a buenos aires,199.0433,70.0,True
2008,san juan,impuesto a las ganancias,ley 24699,14.7168,70.0,True
2008,san juan,impuesto sobre los bienes personales,ley 24699,60.6606,70.0,True
2008,san juan,impuesto sobre los activos fondo educacion ley 23906,impuesto sobre los activos fondo educacion ley 23906,0.0335,70.0,True
2008,san juan,impuesto a los combustibles liquidos ley 23966 y 24699,obras de infraestructura,8.1245,70.0,True
2008,san juan,impuesto a los combustibles liquidos ley 23966 y 24699,vialidad provincial,12.5616,70.0,True
2008,san juan,impuesto a los combustibles liquidos ley 23966 y 24699,f.e.d.e.i.,2.7538,70.0,True
2008,san juan,impuesto a los combustibles liquidos ley 23966 y 24699,ley 24464 fo.na.vi,42.8008,70.0,True
2008,san juan,regimen de energia electrica ley 24065,fondo para compensaciones de tarifa electrica,11.119,70.0,True
2008,san juan,regimen de energia electrica ley 24065,f.e.d.e.i.,6.7917,70.0,True
2008,san juan,fondo compensador de desequilibrios,fondo compensador de desequilibrios,26.4,70.0,True
2008,san juan,regimen simplificado para pequeños contribuyentes ley 24977 art 59 inciso a,regimen simplificado para pequeños contribuyentes ley 24977 art 59 inciso a,13.574,70.0,True
2008,san luis,coparticipacion federal de impuestos neta ley 26075,coparticipacion federal de impuestos neta ley 26075,1143.4004,74.0,True
2008,san luis,financiamiento educativo ley 26075,financiamiento educativo ley 26075,50.2652,74.0,True
2008,san luis,transferencia de servicios ley 24049,transferencia de servicios ley 24049,18.9,74.0,True
2008,san luis,impuesto a las ganancias,obras de infraestructura basica social,30.5215,74.0,True
2008,san luis,impuesto a las ganancias,excedente obras de caracter social a buenos aires,134.3972,74.0,True
2008,san luis,impuesto a las ganancias,ley 24699,9.9372,74.0,True
2008,san luis,impuesto sobre los bienes personales,ley 24699,40.9589,74.0,True
2008,san luis,impuesto sobre los activos fondo educacion ley 23906,impuesto sobre los activos fondo educacion ley 23906,0.0277,74.0,True
2008,san luis,impuesto a los combustibles liquidos ley 23966 y 24699,obras de infraestructura,5.4857,74.0,True
2008,san luis,impuesto a los combustibles liquidos ley 23966 y 24699,vialidad provincial,15.5829,74.0,True
2008,san luis,impuesto a los combustibles liquidos ley 23966 y 24699,f.e.d.e.i.,2.6974,74.0,True
2008,san luis,impuesto a los combustibles liquidos ley 23966 y 24699,ley 24464 fo.na.vi,42.8008,74.0,True
2008,san luis,regimen de energia electrica ley 24065,fondo para compensaciones de tarifa electrica,10.3115,74.0,True
2008,san luis,regimen de energia electrica ley 24065,f.e.d.e.i.,6.6529,74.0,True
2008,san luis,fondo compensador de desequilibrios,fondo compensador de desequilibrios,26.4,74.0,True
2008,san luis,regimen simplificado para pequeños contribuyentes ley 24977 art 59 inciso a,regimen simplificado para pequeños contribuyentes ley 24977 art 59 inciso a,9.1651,74.0,True
2008,santa cruz,coparticipacion federal de impuestos neta ley 26075,coparticipacion federal de impuestos neta ley 26075,802.9141,78.0,True
2008,santa cruz,financiamiento educativo ley 26075,financiamiento educativo ley 26075,24.1734,78.0,True
2008,santa cruz,transferencia de servicios ley 24049,transferencia de servicios ley 24049,8.5,78.0,True
2008,santa cruz,impuesto a las ganancias,obras de infraestructura basica social,10.6879,78.0,True
2008,santa cruz,impuesto a las ganancias,excedente obras de caracter social a buenos aires,93.1241,78.0,True
2008,santa cruz,impuesto a las ganancias,ley 24699,6.8856,78.0,True
2008,santa cruz,impuesto sobre los bienes personales,ley 24699,28.3803,78.0,True
2008,santa cruz,impuesto sobre los bienes personales,ley 23966 art 30,2.5649,78.0,True
2008,santa cruz,impuesto sobre los activos fondo educacion ley 23906,impuesto sobre los activos fondo educacion ley 23906,0.0278,78.0,True
2008,santa cruz,i.v.a.ley 23966 art 5 punto 2,i.v.a.ley 23966 art 5 punto 2,6.4792,78.0,True
2008,santa cruz,impuesto a los combustibles liquidos ley 23966 y 24699,obras de infraestructura,3.8012,78.0,True
2008,santa cruz,impuesto a los combustibles liquidos ley 23966 y 24699,vialidad provincial,14.4509,78.0,True
2008,santa cruz,impuesto a los combustibles liquidos ley 23966 y 24699,f.e.d.e.i.,3.7959,78.0,True
2008,santa cruz,impuesto a los combustibles liquidos ley 23966 y 24699,ley 24464 fo.na.vi,37.524,78.0,True
2008,santa cruz,regimen de energia electrica ley 24065,fondo para compensaciones de tarifa electrica,8.6895,78.0,True
2008,santa cruz,regimen de energia electrica ley 24065,transferencia a empresas de energia electrica,35.0,78.0,True
2008,santa cruz,regimen de energia electrica ley 24065,f.e.d.e.i.,9.3617,78.0,True
2008,santa cruz,fondo compensador de desequilibrios,fondo compensador de desequilibrios,36.0,78.0,True
2008,santa cruz,regimen simplificado para pequeños contribuyentes ley 24977 art 59 inciso a,regimen simplificado para pequeños contribuyentes ley 24977 art 59 inciso a,6.3507,78.0,True
2008,santa fe,coparticipacion federal de impuestos neta ley 26075,coparticipacion federal de impuestos neta ley 26075,4401.5012,82.0,True
2008,santa fe,financiamiento educativo ley 26075,financiamiento educativo ley 26075,272.4298,82.0,True
2008,santa fe,transferencia de servicios ley 24049,transferencia de servicios ley 24049,135.489,82.0,True
2008,santa fe,impuesto a las ganancias,obras de infraestructura basica social,235.4925,82.0,True
2008,santa fe,impuesto a las ganancias,excedente obras de caracter social a buenos aires,526.2469,82.0,True
2008,santa fe,impuesto a las ganancias,ley 24699,38.91,82.0,True
2008,santa fe,impuesto sobre los bienes personales,ley 24699,160.379,82.0,True
2008,santa fe,impuesto sobre los bienes personales,ley 23966 art 30,34.592,82.0,True
2008,santa fe,impuesto sobre los activos fondo educacion ley 23906,impuesto sobre los activos fondo educacion ley 23906,0.1126,82.0,True
2008,santa fe,i.v.a.ley 23966 art 5 punto 2,i.v.a.ley 23966 art 5 punto 2,87.3832,82.0,True
2008,santa fe,impuesto a los combustibles liquidos ley 23966 y 24699,obras de infraestructura,50.5149,82.0,True
2008,santa fe,impuesto a los combustibles liquidos ley 23966 y 24699,vialidad provincial,49.486,82.0,True
2008,santa fe,impuesto a los combustibles liquidos ley 23966 y 24699,f.e.d.e.i.,2.3914,82.0,True
2008,santa fe,impuesto a los combustibles liquidos ley 23966 y 24699,ley 24464 fo.na.vi,66.2532,82.0,True
2008,santa fe,regimen de energia electrica ley 24065,fondo para compensaciones de tarifa electrica,6.3586,82.0,True
2008,santa fe,regimen de energia electrica ley 24065,f.e.d.e.i.,5.8932,82.0,True
2008,santa fe,fondo compensador de desequilibrios,fondo compensador de desequilibrios,6.0,82.0,True
2008,santa fe,regimen simplificado para pequeños contribuyentes ley 24977 art 59 inciso a,regimen simplificado para pequeños contribuyentes ley 24977 art 59 inciso a,35.8877,82.0,True
2008,sgo. del estero,coparticipacion federal de impuestos neta ley 26075,coparticipacion federal de impuestos neta ley 26075,2029.0753,86.0,True
2008,sgo. del estero,financiamiento educativo ley 26075,financiamiento educativo ley 26075,131.6105,86.0,True
2008,sgo. del estero,transferencia de servicios ley 24049,transferencia de servicios ley 24049,31.6,86.0,True
2008,sgo. del estero,impuesto a las ganancias,obras de infraestructura basica social,134.0969,86.0,True
2008,sgo. del estero,impuesto a las ganancias,excedente obras de caracter social a buenos aires,243.2788,86.0,True
2008,sgo. del estero,impuesto a las ganancias,ley 24699,17.9879,86.0,True
2008,sgo. del estero,impuesto sobre los bienes personales,ley 24699,74.1407,86.0,True
2008,sgo. del estero,impuesto sobre los activos fondo educacion ley 23906,impuesto sobre los activos fondo educacion ley 23906,0.0559,86.0,True
2008,sgo. del estero,impuesto a los combustibles liquidos ley 23966 y 24699,obras de infraestructura,9.93,86.0,True
2008,sgo. del estero,impuesto a los combustibles liquidos ley 23966 y 24699,vialidad provincial,17.7593,86.0,True
2008,sgo. del estero,impuesto a los combustibles liquidos ley 23966 y 24699,f.e.d.e.i.,3.1885,86.0,True
2008,sgo. del estero,impuesto a los combustibles liquidos ley 23966 y 24699,ley 24464 fo.na.vi,50.4228,86.0,True
2008,sgo. del estero,regimen de energia electrica ley 24065,fondo para compensaciones de tarifa electrica,10.7375,86.0,True
2008,sgo. del estero,regimen de energia electrica ley 24065,f.e.d.e.i.,7.8642,86.0,True
2008,sgo. del estero,fondo compensador de desequilibrios,fondo compensador de desequilibrios,26.4,86.0,True
2008,sgo. del estero,regimen simplificado para pequeños contribuyentes ley 24977 art 59 inciso a,regimen simplificado para pequeños contribuyentes ley 24977 art 59 inciso a,16.5904,86.0,True
2008,tucuman,coparticipacion federal de impuestos neta ley 26075,coparticipacion federal de impuestos neta ley 26075,2327.6742,90.0,True
2008,tucuman,financiamiento educativo ley 26075,financiamiento educativo ley 26075,160.3883,90.0,True
2008,tucuman,transferencia de servicios ley 24049,transferencia de servicios ley 24049,55.8,90.0,True
2008,tucuman,impuesto a las ganancias,obras de infraestructura basica social,170.1749,90.0,True
2008,tucuman,impuesto a las ganancias,excedente obras de caracter social a buenos aires,280.1362,90.0,True
2008,tucuman,impuesto a las ganancias,ley 24699,20.7132,90.0,True
2008,tucuman,impuesto sobre los bienes personales,ley 24699,85.3742,90.0,True
2008,tucuman,impuesto sobre los activos fondo educacion ley 23906,impuesto sobre los activos fondo educacion ley 23906,0.0508,90.0,True
2008,tucuman,impuesto a los combustibles liquidos ley 23966 y 24699,obras de infraestructura,11.4345,90.0,True
2008,tucuman,impuesto a los combustibles liquidos ley 23966 y 24699,vialidad provincial,16.2182,90.0,True
2008,tucuman,impuesto a los combustibles liquidos ley 23966 y 24699,f.e.d.e.i.,2.4559,90.0,True
2008,tucuman,impuesto a los combustibles liquidos ley 23966 y 24699,ley 24464 fo.na.vi,49.2502,90.0,True
2008,tucuman,regimen de energia electrica ley 24065,fondo para compensaciones de tarifa electrica,8.541,90.0,True
2008,tucuman,regimen de energia electrica ley 24065,f.e.d.e.i.,6.0572,90.0,True
2008,tucuman,fondo compensador de desequilibrios,fondo compensador de desequilibrios,26.4,90.0,True
2008,tucuman,regimen simplificado para pequeños contribuyentes ley 24977 art 59 inciso a,regimen simplificado para pequeños contribuyentes ley 24977 art 59 inciso a,19.1041,90.0,True
2008,tierra del fuego,coparticipacion federal de impuestos neta ley 26075,coparticipacion federal de impuestos neta ley 26075,633.3735,94.0,True
2008,tierra del fuego,financiamiento educativo ley 26075,financiamiento educativo ley 26075,15.3482,94.0,True
2008,tierra del fuego,transferencia de servicios ley 24049,transferencia de servicios ley 24049,12.0,94.0,True
2008,tierra del fuego,impuesto a las ganancias,obras de infraestructura basica social,7.5046,94.0,True
2008,tierra del fuego,impuesto a las ganancias,excedente obras de caracter social a buenos aires,72.625,94.0,True
2008,tierra del fuego,impuesto a las ganancias,ley 24699,5.37,94.0,True
2008,tierra del fuego,impuesto sobre los bienes personales,ley 24699,22.1324,94.0,True
2008,tierra del fuego,impuesto sobre los bienes personales,ley 23966 art 30,0.2275,94.0,True
2008,tierra del fuego,impuesto sobre los activos fondo educacion ley 23906,impuesto sobre los activos fondo educacion ley 23906,0.0133,94.0,True
2008,tierra del fuego,i.v.a.ley 23966 art 5 punto 2,i.v.a.ley 23966 art 5 punto 2,0.5747,94.0,True
2008,tierra del fuego,impuesto a los combustibles liquidos ley 23966 y 24699,obras de infraestructura,2.9644,94.0,True
2008,tierra del fuego,impuesto a los combustibles liquidos ley 23966 y 24699,vialidad provincial,7.8982,94.0,True
2008,tierra del fuego,impuesto a los combustibles liquidos ley 23966 y 24699,f.e.d.e.i.,2.7914,94.0,True
2008,tierra del fuego,impuesto a los combustibles liquidos ley 23966 y 24699,ley 24464 fo.na.vi,31.0745,94.0,True
2008,tierra del fuego,regimen de energia electrica ley 24065,fondo para compensaciones de tarifa electrica,6.5293,94.0,True
2008,tierra del fuego,regimen de energia electrica ley 24065,f.e.d.e.i.,6.8844,94.0,True
2008,tierra del fuego,fondo compensador de desequilibrios,fondo compensador de desequilibrios,36.0,94.0,True
2008,tierra del fuego,regimen simplificado para pequeños contribuyentes ley 24977 art 59 inciso a,regimen simplificado para pequeños contribuyentes ley 24977 art 59 inciso a,4.9527,94.0,True
2008,c.a.b.a,coparticipacion federal de impuestos neta ley 26075,coparticipacion federal de impuestos neta ley 26075,1119.2312,2.0,True
2008,c.a.b.a,financiamiento educativo ley 26075,financiamiento educativo ley 26075,202.212,2.0,True
2008,c.a.b.a,impuesto sobre los activos fondo educacion ley 23906,impuesto sobre los activos fondo educacion ley 23906,0.0483,2.0,True
2008,c.a.b.a,impuesto a los combustibles liquidos ley 23966 y 24699,ley 24464 fo.na.vi,15.2441,2.0,True
2008,tesoro nacional,coparticipacion federal de impuestos neta ley 26075,coparticipacion federal de impuestos neta ley 26075,37982.0542,,False
2008,tesoro nacional,impuesto sobre los bienes personales,ley 24699,1316.56,,False
2008,tesoro nacional,impuesto sobre los activos fondo educacion ley 23906,impuesto sobre los activos fondo educacion ley 23906,0.7302,,False
2008,tesoro nacional,impuesto a los combustibles liquidos ley 23966 y 24699,vialidad provincial,809.6688,,False
2008,seguridad social,coparticipacion federal de impuestos neta ley 26075,coparticipacion federal de impuestos neta ley 26075,16753.8358,,False
2008,seguridad social,impuesto a las ganancias,obras de infraestructura basica social,10615.6711,,False
2008,seguridad social,impuesto a las ganancias,ley 24699,120.0,,False
2008,seguridad social,i.v.a.ley 23966 art 5 punto 2,i.v.a.ley 23966 art 5 punto 2,7986.9678,,False
2008,seguridad social,regimen simplificado para pequeños contribuyentes ley 24977 art 59 inciso a,regimen simplificado para pequeños contribuyentes ley 24977 art 59 inciso a,946.9194,,False
2008,fondo a.t.n.,coparticipacion federal de impuestos neta ley 26075,coparticipacion federal de impuestos neta ley 26075,943.888,,False
2008,fondo a.t.n.,impuesto a las ganancias,obras de infraestructura basica social,1061.5671,,False
2008,fondo a.t.n.,impuesto a las ganancias,ley 24699,20.0,,False
2008,fondo a.t.n.,impuesto sobre los bienes personales,ley 24699,31.6177,,False
2009,buenos aires,coparticipacion federal de impuestos neta ley 26075,coparticipacion federal de impuestos neta ley 26075,10421.852,6.0,True
2009,buenos aires,financiamiento educativo ley 26075,financiamiento educativo ley 26075,2113.4295,6.0,True
2009,buenos aires,transferencia de servicios ley 24049,transferencia de servicios ley 24049,420.1,6.0,True
2009,buenos aires,impuesto a las ganancias,obras de infraestructura basica social,650.9038,6.0,True
2009,buenos aires,impuesto a las ganancias,ley 24699,95.6087,6.0,True
2009,buenos aires,impuesto sobre los bienes personales,ley 24699,471.6263,6.0,True
2009,buenos aires,impuesto sobre los bienes personales,ley 23966 art 30,112.2804,6.0,True
2009,buenos aires,impuesto sobre los activos fondo educacion ley 23906,impuesto sobre los activos fondo educacion ley 23906,0.3907,6.0,True
2009,buenos aires,i.v.a.ley 23966 art 5 punto 2,i.v.a.ley 23966 art 5 punto 2,259.7453,6.0,True
2009,buenos aires,impuesto a los combustibles liquidos ley 23966 y 24699,obras de infraestructura,38.8774,6.0,True
2009,buenos aires,impuesto a los combustibles liquidos ley 23966 y 24699,vialidad provincial,147.9795,6.0,True
2009,buenos aires,impuesto a los combustibles liquidos ley 23966 y 24699,f.e.d.e.i.,4.4122,6.0,True
2009,buenos aires,impuesto a los combustibles liquidos ley 23966 y 24699,ley 24464 fo.na.vi,221.8885,6.0,True
2009,buenos aires,regimen de energia electrica ley 24065,fondo para compensaciones de tarifa electrica,23.4684,6.0,True
2009,buenos aires,regimen de energia electrica ley 24065,f.e.d.e.i.,7.3054,6.0,True
2009,buenos aires,regimen simplificado para pequeños contribuyentes ley 24977 art 59 inciso a,regimen simplificado para pequeños contribuyentes ley 24977 art 59 inciso a,100.9697,6.0,True
2009,catamarca,coparticipacion federal de impuestos neta ley 26075,coparticipacion federal de impuestos neta ley 26075,1454.561,10.0,True
2009,catamarca,financiamiento educativo ley 26075,financiamiento educativo ley 26075,117.6758,10.0,True
2009,catamarca,transferencia de servicios ley 24049,transferencia de servicios ley 24049,21.4,10.0,True
2009,catamarca,impuesto a las ganancias,obras de infraestructura basica social,39.3637,10.0,True
2009,catamarca,impuesto a las ganancias,excedente obras de caracter social a buenos aires,168.5785,10.0,True
2009,catamarca,impuesto a las ganancias,ley 24699,11.9916,10.0,True
2009,catamarca,impuesto sobre los bienes personales,ley 24699,59.1537,10.0,True
2009,catamarca,impuesto sobre los activos fondo educacion ley 23906,impuesto sobre los activos fondo educacion ley 23906,0.0292,10.0,True
2009,catamarca,impuesto a los combustibles liquidos ley 23966 y 24699,obras de infraestructura,8.6391,10.0,True
2009,catamarca,impuesto a los combustibles liquidos ley 23966 y 24699,vialidad provincial,14.3827,10.0,True
2009,catamarca,impuesto a los combustibles liquidos ley 23966 y 24699,f.e.d.e.i.,5.4488,10.0,True
2009,catamarca,impuesto a los combustibles liquidos ley 23966 y 24699,ley 24464 fo.na.vi,32.1356,10.0,True
2009,catamarca,regimen de energia electrica ley 24065,fondo para compensaciones de tarifa electrica,15.0172,10.0,True
2009,catamarca,regimen de energia electrica ley 24065,f.e.d.e.i.,9.3671,10.0,True
2009,catamarca,fondo compensador de desequilibrios,fondo compensador de desequilibrios,26.4,10.0,True
2009,catamarca,regimen simplificado para pequeños contribuyentes ley 24977 art 59 inciso a,regimen simplificado para pequeños contribuyentes ley 24977 art 59 inciso a,12.6643,10.0,True
2009,cordoba,coparticipacion federal de impuestos neta ley 26075,coparticipacion federal de impuestos neta ley 26075,4555.2298,14.0,True
2009,cordoba,financiamiento educativo ley 26075,financiamiento educativo ley 26075,513.3097,14.0,True
2009,cordoba,transferencia de servicios ley 24049,transferencia de servicios ley 24049,125.3,14.0,True
2009,cordoba,impuesto a las ganancias,obras de infraestructura basica social,217.8338,14.0,True
2009,cordoba,impuesto a las ganancias,excedente obras de caracter social a buenos aires,543.4503,14.0,True
2009,cordoba,impuesto a las ganancias,ley 24699,38.658,14.0,True
2009,cordoba,impuesto sobre los bienes personales,ley 24699,190.6983,14.0,True
2009,cordoba,impuesto sobre los bienes personales,ley 23966 art 30,38.3443,14.0,True
2009,cordoba,impuesto sobre los activos fondo educacion ley 23906,impuesto sobre los activos fondo educacion ley 23906,0.1082,14.0,True
2009,cordoba,i.v.a.ley 23966 art 5 punto 2,i.v.a.ley 23966 art 5 punto 2,88.7041,14.0,True
2009,cordoba,impuesto a los combustibles liquidos ley 23966 y 24699,obras de infraestructura,27.8502,14.0,True
2009,cordoba,impuesto a los combustibles liquidos ley 23966 y 24699,vialidad provincial,49.7466,14.0,True
2009,cordoba,impuesto a los combustibles liquidos ley 23966 y 24699,f.e.d.e.i.,3.6132,14.0,True
2009,cordoba,impuesto a los combustibles liquidos ley 23966 y 24699,ley 24464 fo.na.vi,86.46,14.0,True
2009,cordoba,regimen de energia electrica ley 24065,fondo para compensaciones de tarifa electrica,9.9593,14.0,True
2009,cordoba,regimen de energia electrica ley 24065,f.e.d.e.i.,6.219,14.0,True
2009,cordoba,fondo compensador de desequilibrios,fondo compensador de desequilibrios,6.0,14.0,True
2009,cordoba,regimen simplificado para pequeños contribuyentes ley 24977 art 59 inciso a,regimen simplificado para pequeños contribuyentes ley 24977 art 59 inciso a,40.8266,14.0,True
2009,corrientes,coparticipacion federal de impuestos neta ley 26075,coparticipacion federal de impuestos neta ley 26075,1894.734,18.0,True
2009,corrientes,financiamiento educativo ley 26075,financiamiento educativo ley 26075,227.2359,18.0,True
2009,corrientes,transferencia de servicios ley 24049,transferencia de servicios ley 24049,38.6,18.0,True
2009,corrientes,impuesto a las ganancias,obras de infraestructura basica social,146.2211,18.0,True
2009,corrientes,impuesto a las ganancias,excedente obras de caracter social a buenos aires,227.5229,18.0,True
2009,corrientes,impuesto a las ganancias,ley 24699,16.1844,18.0,True
2009,corrientes,impuesto sobre los bienes personales,ley 24699,79.8368,18.0,True
2009,corrientes,impuesto sobre los bienes personales,ley 23966 art 30,12.2607,18.0,True
2009,corrientes,impuesto sobre los activos fondo educacion ley 23906,impuesto sobre los activos fondo educacion ley 23906,0.0485,18.0,True
2009,corrientes,i.v.a.ley 23966 art 5 punto 2,i.v.a.ley 23966 art 5 punto 2,28.3635,18.0,True
2009,corrientes,impuesto a los combustibles liquidos ley 23966 y 24699,obras de infraestructura,11.6596,18.0,True
2009,corrientes,impuesto a los combustibles liquidos ley 23966 y 24699,vialidad provincial,18.5973,18.0,True
2009,corrientes,impuesto a los combustibles liquidos ley 23966 y 24699,f.e.d.e.i.,5.0015,18.0,True
2009,corrientes,impuesto a los combustibles liquidos ley 23966 y 24699,ley 24464 fo.na.vi,75.7481,18.0,True
2009,corrientes,regimen de energia electrica ley 24065,fondo para compensaciones de tarifa electrica,12.7254,18.0,True
2009,corrientes,regimen de energia electrica ley 24065,f.e.d.e.i.,8.8068,18.0,True
2009,corrientes,fondo compensador de desequilibrios,fondo compensador de desequilibrios,18.0,18.0,True
2009,corrientes,regimen simplificado para pequeños contribuyentes ley 24977 art 59 inciso a,regimen simplificado para pequeños contribuyentes ley 24977 art 59 inciso a,17.0922,18.0,True
2009,chaco,coparticipacion federal de impuestos neta ley 26075,coparticipacion federal de impuestos neta ley 26075,2598.0639,22.0,True
2009,chaco,financiamiento educativo ley 26075,financiamiento educativo ley 26075,249.5538,22.0,True
2009,chaco,transferencia de servicios ley 24049,transferencia de servicios ley 24049,33.6,22.0,True
2009,chaco,impuesto a las ganancias,obras de infraestructura basica social,178.9077,22.0,True
2009,chaco,impuesto a las ganancias,excedente obras de caracter social a buenos aires,305.3247,22.0,True
2009,chaco,impuesto a las ganancias,ley 24699,21.7188,22.0,True
2009,chaco,impuesto sobre los bienes personales,ley 24699,107.1385,22.0,True
2009,chaco,impuesto sobre los bienes personales,ley 23966 art 30,9.639,22.0,True
2009,chaco,impuesto sobre los activos fondo educacion ley 23906,impuesto sobre los activos fondo educacion ley 23906,0.0634,22.0,True
2009,chaco,i.v.a.ley 23966 art 5 punto 2,i.v.a.ley 23966 art 5 punto 2,22.2985,22.0,True
2009,chaco,impuesto a los combustibles liquidos ley 23966 y 24699,obras de infraestructura,15.6469,22.0,True
2009,chaco,impuesto a los combustibles liquidos ley 23966 y 24699,vialidad provincial,18.3165,22.0,True
2009,chaco,impuesto a los combustibles liquidos ley 23966 y 24699,f.e.d.e.i.,4.8587,22.0,True
2009,chaco,impuesto a los combustibles liquidos ley 23966 y 24699,ley 24464 fo.na.vi,70.3922,22.0,True
2009,chaco,regimen de energia electrica ley 24065,fondo para compensaciones de tarifa electrica,13.362,22.0,True
2009,chaco,regimen de energia electrica ley 24065,f.e.d.e.i.,8.3525,22.0,True
2009,chaco,fondo compensador de desequilibrios,fondo compensador de desequilibrios,6.0,22.0,True
2009,chaco,regimen simplificado para pequeños contribuyentes ley 24977 art 59 inciso a,regimen simplificado para pequeños contribuyentes ley 24977 art 59 inciso a,22.9374,22.0,True
2009,chubut,coparticipacion federal de impuestos neta ley 26075,coparticipacion federal de impuestos neta ley 26075,802.6611,26.0,True
2009,chubut,financiamiento educativo ley 26075,financiamiento educativo ley 26075,100.092,26.0,True
2009,chubut,transferencia de servicios ley 24049,transferencia de servicios ley 24049,24.2,26.0,True
2009,chubut,impuesto a las ganancias,obras de infraestructura basica social,34.7862,26.0,True
2009,chubut,impuesto a las ganancias,excedente obras de caracter social a buenos aires,96.7947,26.0,True
2009,chubut,impuesto a las ganancias,ley 24699,6.8856,26.0,True
2009,chubut,impuesto sobre los bienes personales,ley 24699,33.9651,26.0,True
2009,chubut,impuesto sobre los bienes personales,ley 23966 art 30,3.7706,26.0,True
2009,chubut,impuesto sobre los activos fondo educacion ley 23906,impuesto sobre los activos fondo educacion ley 23906,0.0293,26.0,True
2009,chubut,i.v.a.ley 23966 art 5 punto 2,i.v.a.ley 23966 art 5 punto 2,8.7228,26.0,True
2009,chubut,impuesto a los combustibles liquidos ley 23966 y 24699,obras de infraestructura,4.9605,26.0,True
2009,chubut,impuesto a los combustibles liquidos ley 23966 y 24699,vialidad provincial,19.0034,26.0,True
2009,chubut,impuesto a los combustibles liquidos ley 23966 y 24699,f.e.d.e.i.,5.0944,26.0,True
2009,chubut,impuesto a los combustibles liquidos ley 23966 y 24699,ley 24464 fo.na.vi,48.9685,26.0,True
2009,chubut,regimen de energia electrica ley 24065,fondo para compensaciones de tarifa electrica,14.5757,26.0,True
2009,chubut,regimen de energia electrica ley 24065,f.e.d.e.i.,8.7681,26.0,True
2009,chubut,fondo compensador de desequilibrios,fondo compensador de desequilibrios,36.0,26.0,True
2009,chubut,regimen simplificado para pequeños contribuyentes ley 24977 art 59 inciso a,regimen simplificado para pequeños contribuyentes ley 24977 art 59 inciso a,7.2717,26.0,True
2009,entre rios,coparticipacion federal de impuestos neta ley 26075,coparticipacion federal de impuestos neta ley 26075,2559.2348,30.0,True
2009,entre rios,financiamiento educativo ley 26075,financiamiento educativo ley 26075,227.9122,30.0,True
2009,entre rios,transferencia de servicios ley 24049,transferencia de servicios ley 24049,67.5,30.0,True
2009,entre rios,impuesto a las ganancias,obras de infraestructura basica social,112.0838,30.0,True
2009,entre rios,impuesto a las ganancias,excedente obras de caracter social a buenos aires,298.842,30.0,True
2009,entre rios,impuesto a las ganancias,ley 24699,21.258,30.0,True
2009,entre rios,impuesto sobre los bienes personales,ley 24699,104.8634,30.0,True
2009,entre rios,impuesto sobre los bienes personales,ley 23966 art 30,16.6406,30.0,True
2009,entre rios,impuesto sobre los activos fondo educacion ley 23906,impuesto sobre los activos fondo educacion ley 23906,0.0502,30.0,True
2009,entre rios,i.v.a.ley 23966 art 5 punto 2,i.v.a.ley 23966 art 5 punto 2,38.4956,30.0,True
2009,entre rios,impuesto a los combustibles liquidos ley 23966 y 24699,obras de infraestructura,15.3144,30.0,True
2009,entre rios,impuesto a los combustibles liquidos ley 23966 y 24699,vialidad provincial,24.9802,30.0,True
2009,entre rios,impuesto a los combustibles liquidos ley 23966 y 24699,f.e.d.e.i.,4.1814,30.0,True
2009,entre rios,impuesto a los combustibles liquidos ley 23966 y 24699,ley 24464 fo.na.vi,59.6804,30.0,True
2009,entre rios,regimen de energia electrica ley 24065,fondo para compensaciones de tarifa electrica,13.3747,30.0,True
2009,entre rios,regimen de energia electrica ley 24065,f.e.d.e.i.,7.1968,30.0,True
2009,entre rios,fondo compensador de desequilibrios,fondo compensador de desequilibrios,21.6,30.0,True
2009,entre rios,regimen simplificado para pequeños contribuyentes ley 24977 art 59 inciso a,regimen simplificado para pequeños contribuyentes ley 24977 art 59 inciso a,22.45,30.0,True
2009,formosa,coparticipacion federal de impuestos neta ley 26075,coparticipacion federal de impuestos neta ley 26075,1927.177,34.0,True
2009,formosa,financiamiento educativo ley 26075,financiamiento educativo ley 26075,150.8143,34.0,True
2009,formosa,transferencia de servicios ley 24049,transferencia de servicios ley 24049,20.7,34.0,True
2009,formosa,impuesto a las ganancias,obras de infraestructura basica social,90.1095,34.0,True
2009,formosa,impuesto a las ganancias,excedente obras de caracter social a buenos aires,222.8074,34.0,True
2009,formosa,impuesto a las ganancias,ley 24699,15.8495,34.0,True
2009,formosa,impuesto sobre los bienes personales,ley 24699,78.1822,34.0,True
2009,formosa,impuesto sobre los bienes personales,ley 23966 art 30,4.49,34.0,True
2009,formosa,impuesto sobre los activos fondo educacion ley 23906,impuesto sobre los activos fondo educacion ley 23906,0.0342,34.0,True
2009,formosa,i.v.a.ley 23966 art 5 punto 2,i.v.a.ley 23966 art 5 punto 2,10.3871,34.0,True
2009,formosa,impuesto a los combustibles liquidos ley 23966 y 24699,obras de infraestructura,11.4181,34.0,True
2009,formosa,impuesto a los combustibles liquidos ley 23966 y 24699,vialidad provincial,15.0981,34.0,True
2009,formosa,impuesto a los combustibles liquidos ley 23966 y 24699,f.e.d.e.i.,5.6145,34.0,True
2009,formosa,impuesto a los combustibles liquidos ley 23966 y 24699,ley 24464 fo.na.vi,61.2106,34.0,True
2009,formosa,regimen de energia electrica ley 24065,fondo para compensaciones de tarifa electrica,13.7759,34.0,True
2009,formosa,regimen de energia electrica ley 24065,f.e.d.e.i.,9.6633,34.0,True
2009,formosa,fondo compensador de desequilibrios,fondo compensador de desequilibrios,26.4,34.0,True
2009,formosa,regimen simplificado para pequeños contribuyentes ley 24977 art 59 inciso a,regimen simplificado para pequeños contribuyentes ley 24977 art 59 inciso a,16.7381,34.0,True
2009,jujuy,coparticipacion federal de impuestos neta ley 26075,coparticipacion federal de impuestos neta ley 26075,1467.517,38.0,True
2009,jujuy,financiamiento educativo ley 26075,financiamiento educativo ley 26075,154.1958,38.0,True
2009,jujuy,transferencia de servicios ley 24049,transferencia de servicios ley 24049,33.3,38.0,True
2009,jujuy,impuesto a las ganancias,obras de infraestructura basica social,96.9244,38.0,True
2009,jujuy,impuesto a las ganancias,excedente obras de caracter social a buenos aires,173.8847,38.0,True
2009,jujuy,impuesto a las ganancias,ley 24699,12.3695,38.0,True
2009,jujuy,impuesto sobre los bienes personales,ley 24699,61.0152,38.0,True
2009,jujuy,impuesto sobre los activos fondo educacion ley 23906,impuesto sobre los activos fondo educacion ley 23906,0.0311,38.0,True
2009,jujuy,impuesto a los combustibles liquidos ley 23966 y 24699,obras de infraestructura,8.9107,38.0,True
2009,jujuy,impuesto a los combustibles liquidos ley 23966 y 24699,vialidad provincial,13.8826,38.0,True
2009,jujuy,impuesto a los combustibles liquidos ley 23966 y 24699,f.e.d.e.i.,4.5307,38.0,True
2009,jujuy,impuesto a los combustibles liquidos ley 23966 y 24699,ley 24464 fo.na.vi,45.908,38.0,True
2009,jujuy,regimen de energia electrica ley 24065,fondo para compensaciones de tarifa electrica,16.2142,38.0,True
2009,jujuy,regimen de energia electrica ley 24065,f.e.d.e.i.,7.7979,38.0,True
2009,jujuy,fondo compensador de desequilibrios,fondo compensador de desequilibrios,26.4,38.0,True
2009,jujuy,regimen simplificado para pequeños contribuyentes ley 24977 art 59 inciso a,regimen simplificado para pequeños contribuyentes ley 24977 art 59 inciso a,13.0625,38.0,True
2009,la pampa,coparticipacion federal de impuestos neta ley 26075,coparticipacion federal de impuestos neta ley 26075,996.2343,42.0,True
2009,la pampa,financiamiento educativo ley 26075,financiamiento educativo ley 26075,75.7453,42.0,True
2009,la pampa,transferencia de servicios ley 24049,transferencia de servicios ley 24049,19.2,42.0,True
2009,la pampa,impuesto a las ganancias,obras de infraestructura basica social,16.9235,42.0,True
2009,la pampa,impuesto a las ganancias,excedente obras de caracter social a buenos aires,114.9404,42.0,True
2009,la pampa,impuesto a las ganancias,ley 24699,8.1756,42.0,True
2009,la pampa,impuesto sobre los bienes personales,ley 24699,40.3321,42.0,True
2009,la pampa,impuesto sobre los bienes personales,ley 23966 art 30,3.2482,42.0,True
2009,la pampa,impuesto sobre los activos fondo educacion ley 23906,impuesto sobre los activos fondo educacion ley 23906,0.0258,42.0,True
2009,la pampa,i.v.a.ley 23966 art 5 punto 2,i.v.a.ley 23966 art 5 punto 2,7.5142,42.0,True
2009,la pampa,impuesto a los combustibles liquidos ley 23966 y 24699,obras de infraestructura,5.8902,42.0,True
2009,la pampa,impuesto a los combustibles liquidos ley 23966 y 24699,vialidad provincial,16.7021,42.0,True
2009,la pampa,impuesto a los combustibles liquidos ley 23966 y 24699,f.e.d.e.i.,4.0217,42.0,True
2009,la pampa,impuesto a los combustibles liquidos ley 23966 y 24699,ley 24464 fo.na.vi,30.6053,42.0,True
2009,la pampa,regimen de energia electrica ley 24065,fondo para compensaciones de tarifa electrica,12.4912,42.0,True
2009,la pampa,regimen de energia electrica ley 24065,f.e.d.e.i.,6.922,42.0,True
2009,la pampa,fondo compensador de desequilibrios,fondo compensador de desequilibrios,30.0,42.0,True
2009,la pampa,regimen simplificado para pequeños contribuyentes ley 24977 art 59 inciso a,regimen simplificado para pequeños contribuyentes ley 24977 art 59 inciso a,8.6346,42.0,True
2009,la rioja,coparticipacion federal de impuestos neta ley 26075,coparticipacion federal de impuestos neta ley 26075,1085.892,46.0,True
2009,la rioja,financiamiento educativo ley 26075,financiamiento educativo ley 26075,96.0342,46.0,True
2009,la rioja,transferencia de servicios ley 24049,transferencia de servicios ley 24049,20.3,46.0,True
2009,la rioja,impuesto a las ganancias,obras de infraestructura basica social,32.5714,46.0,True
2009,la rioja,impuesto a las ganancias,excedente obras de caracter social a buenos aires,126.7292,46.0,True
2009,la rioja,impuesto a las ganancias,ley 24699,9.0144,46.0,True
2009,la rioja,impuesto sobre los bienes personales,ley 24699,44.4687,46.0,True
2009,la rioja,impuesto sobre los activos fondo educacion ley 23906,impuesto sobre los activos fondo educacion ley 23906,0.0251,46.0,True
2009,la rioja,impuesto a los combustibles liquidos ley 23966 y 24699,obras de infraestructura,6.4944,46.0,True
2009,la rioja,impuesto a los combustibles liquidos ley 23966 y 24699,vialidad provincial,13.8302,46.0,True
2009,la rioja,impuesto a los combustibles liquidos ley 23966 y 24699,f.e.d.e.i.,5.299,46.0,True
2009,la rioja,impuesto a los combustibles liquidos ley 23966 y 24699,ley 24464 fo.na.vi,30.6053,46.0,True
2009,la rioja,regimen de energia electrica ley 24065,fondo para compensaciones de tarifa electrica,12.7099,46.0,True
2009,la rioja,regimen de energia electrica ley 24065,f.e.d.e.i.,9.1203,46.0,True
2009,la rioja,fondo compensador de desequilibrios,fondo compensador de desequilibrios,26.4,46.0,True
2009,la rioja,regimen simplificado para pequeños contribuyentes ley 24977 art 59 inciso a,regimen simplificado para pequeños contribuyentes ley 24977 art 59 inciso a,9.5203,46.0,True
2009,mendoza,coparticipacion federal de impuestos neta ley 26075,coparticipacion federal de impuestos neta ley 26075,2084.1262,50.0,True
2009,mendoza,financiamiento educativo ley 26075,financiamiento educativo ley 26075,296.2183,50.0,True
2009,mendoza,transferencia de servicios ley 24049,transferencia de servicios ley 24049,61.7,50.0,True
2009,mendoza,impuesto a las ganancias,obras de infraestructura basica social,133.3716,50.0,True
2009,mendoza,impuesto a las ganancias,excedente obras de caracter social a buenos aires,255.2256,50.0,True
2009,mendoza,impuesto a las ganancias,ley 24699,18.1548,50.0,True
2009,mendoza,impuesto sobre los bienes personales,ley 24699,89.5579,50.0,True
2009,mendoza,impuesto sobre los activos fondo educacion ley 23906,impuesto sobre los activos fondo educacion ley 23906,0.0533,50.0,True
2009,mendoza,impuesto a los combustibles liquidos ley 23966 y 24699,obras de infraestructura,13.0794,50.0,True
2009,mendoza,impuesto a los combustibles liquidos ley 23966 y 24699,vialidad provincial,28.0453,50.0,True
2009,mendoza,impuesto a los combustibles liquidos ley 23966 y 24699,f.e.d.e.i.,4.1131,50.0,True
2009,mendoza,impuesto a los combustibles liquidos ley 23966 y 24699,ley 24464 fo.na.vi,61.2106,50.0,True
2009,mendoza,regimen de energia electrica ley 24065,fondo para compensaciones de tarifa electrica,9.8402,50.0,True
2009,mendoza,regimen de energia electrica ley 24065,f.e.d.e.i.,7.0792,50.0,True
2009,mendoza,fondo compensador de desequilibrios,fondo compensador de desequilibrios,26.4,50.0,True
2009,mendoza,regimen simplificado para pequeños contribuyentes ley 24977 art 59 inciso a,regimen simplificado para pequeños contribuyentes ley 24977 art 59 inciso a,19.1735,50.0,True
2009,misiones,coparticipacion federal de impuestos neta ley 26075,coparticipacion federal de impuestos neta ley 26075,1612.3605,54.0,True
2009,misiones,financiamiento educativo ley 26075,financiamiento educativo ley 26075,273.2242,54.0,True
2009,misiones,transferencia de servicios ley 24049,transferencia de servicios ley 24049,34.1,54.0,True
2009,misiones,impuesto a las ganancias,obras de infraestructura basica social,144.0048,54.0,True
2009,misiones,impuesto a las ganancias,excedente obras de caracter social a buenos aires,202.1732,54.0,True
2009,misiones,impuesto a las ganancias,ley 24699,14.382,54.0,True
2009,misiones,impuesto sobre los bienes personales,ley 24699,70.9431,54.0,True
2009,misiones,impuesto sobre los bienes personales,ley 23966 art 30,5.2641,54.0,True
2009,misiones,impuesto sobre los activos fondo educacion ley 23906,impuesto sobre los activos fondo educacion ley 23906,0.0397,54.0,True
2009,misiones,i.v.a.ley 23966 art 5 punto 2,i.v.a.ley 23966 art 5 punto 2,12.1777,54.0,True
2009,misiones,impuesto a los combustibles liquidos ley 23966 y 24699,obras de infraestructura,10.3606,54.0,True
2009,misiones,impuesto a los combustibles liquidos ley 23966 y 24699,vialidad provincial,26.2294,54.0,True
2009,misiones,impuesto a los combustibles liquidos ley 23966 y 24699,f.e.d.e.i.,5.9781,54.0,True
2009,misiones,impuesto a los combustibles liquidos ley 23966 y 24699,ley 24464 fo.na.vi,71.9225,54.0,True
2009,misiones,regimen de energia electrica ley 24065,fondo para compensaciones de tarifa electrica,15.8922,54.0,True
2009,misiones,regimen de energia electrica ley 24065,f.e.d.e.i.,12.2471,54.0,True
2009,misiones,fondo compensador de desequilibrios,fondo compensador de desequilibrios,26.4,54.0,True
2009,misiones,regimen simplificado para pequeños contribuyentes ley 24977 art 59 inciso a,regimen simplificado para pequeños contribuyentes ley 24977 art 59 inciso a,15.188,54.0,True
2009,neuquen,coparticipacion federal de impuestos neta ley 26075,coparticipacion federal de impuestos neta ley 26075,877.0925,58.0,True
2009,neuquen,financiamiento educativo ley 26075,financiamiento educativo ley 26075,113.618,58.0,True
2009,neuquen,transferencia de servicios ley 24049,transferencia de servicios ley 24049,17.4,58.0,True
2009,neuquen,impuesto a las ganancias,obras de infraestructura basica social,44.0123,58.0,True
2009,neuquen,impuesto a las ganancias,excedente obras de caracter social a buenos aires,106.2258,58.0,True
2009,neuquen,impuesto a las ganancias,ley 24699,7.5564,58.0,True
2009,neuquen,impuesto sobre los bienes personales,ley 24699,37.2744,58.0,True
2009,neuquen,impuesto sobre los bienes personales,ley 23966 art 30,2.3674,58.0,True
2009,neuquen,impuesto sobre los activos fondo educacion ley 23906,impuesto sobre los activos fondo educacion ley 23906,0.0352,58.0,True
2009,neuquen,i.v.a.ley 23966 art 5 punto 2,i.v.a.ley 23966 art 5 punto 2,5.4767,58.0,True
2009,neuquen,impuesto a los combustibles liquidos ley 23966 y 24699,obras de infraestructura,5.4436,58.0,True
2009,neuquen,impuesto a los combustibles liquidos ley 23966 y 24699,vialidad provincial,17.3813,58.0,True
2009,neuquen,impuesto a los combustibles liquidos ley 23966 y 24699,f.e.d.e.i.,4.7246,58.0,True
2009,neuquen,impuesto a los combustibles liquidos ley 23966 y 24699,ley 24464 fo.na.vi,65.8014,58.0,True
2009,neuquen,regimen de energia electrica ley 24065,fondo para compensaciones de tarifa electrica,11.1073,58.0,True
2009,neuquen,regimen de energia electrica ley 24065,f.e.d.e.i.,8.1316,58.0,True
2009,neuquen,fondo compensador de desequilibrios,fondo compensador de desequilibrios,30.0,58.0,True
2009,neuquen,regimen simplificado para pequeños contribuyentes ley 24977 art 59 inciso a,regimen simplificado para pequeños contribuyentes ley 24977 art 59 inciso a,7.9799,58.0,True
2009,rio negro,coparticipacion federal de impuestos neta ley 26075,coparticipacion federal de impuestos neta ley 26075,1311.8043,62.0,True
2009,rio negro,financiamiento educativo ley 26075,financiamiento educativo ley 26075,128.4965,62.0,True
2009,rio negro,transferencia de servicios ley 24049,transferencia de servicios ley 24049,14.6,62.0,True
2009,rio negro,impuesto a las ganancias,obras de infraestructura basica social,53.9377,62.0,True
2009,rio negro,impuesto a las ganancias,excedente obras de caracter social a buenos aires,154.4319,62.0,True
2009,rio negro,impuesto a las ganancias,ley 24699,10.9848,62.0,True
2009,rio negro,impuesto sobre los bienes personales,ley 24699,54.1897,62.0,True
2009,rio negro,impuesto sobre los activos fondo educacion ley 23906,impuesto sobre los activos fondo educacion ley 23906,0.0408,62.0,True
2009,rio negro,impuesto a los combustibles liquidos ley 23966 y 24699,obras de infraestructura,7.9141,62.0,True
2009,rio negro,impuesto a los combustibles liquidos ley 23966 y 24699,vialidad provincial,16.3143,62.0,True
2009,rio negro,impuesto a los combustibles liquidos ley 23966 y 24699,f.e.d.e.i.,4.3898,62.0,True
2009,rio negro,impuesto a los combustibles liquidos ley 23966 y 24699,ley 24464 fo.na.vi,68.8619,62.0,True
2009,rio negro,regimen de energia electrica ley 24065,fondo para compensaciones de tarifa electrica,10.5083,62.0,True
2009,rio negro,regimen de energia electrica ley 24065,f.e.d.e.i.,6.7872,62.0,True
2009,rio negro,fondo compensador de desequilibrios,fondo compensador de desequilibrios,30.0,62.0,True
2009,rio negro,regimen simplificado para pequeños contribuyentes ley 24977 art 59 inciso a,regimen simplificado para pequeños contribuyentes ley 24977 art 59 inciso a,11.6016,62.0,True
2009,salta,coparticipacion federal de impuestos neta ley 26075,coparticipacion federal de impuestos neta ley 26075,1924.1819,66.0,True
2009,salta,financiamiento educativo ley 26075,financiamiento educativo ley 26075,263.756,66.0,True
2009,salta,transferencia de servicios ley 24049,transferencia de servicios ley 24049,39.8,66.0,True
2009,salta,impuesto a las ganancias,obras de infraestructura basica social,187.279,66.0,True
2009,salta,impuesto a las ganancias,excedente obras de caracter social a buenos aires,234.5963,66.0,True
2009,salta,impuesto a las ganancias,ley 24699,16.6872,66.0,True
2009,salta,impuesto sobre los bienes personales,ley 24699,82.3188,66.0,True
2009,salta,impuesto sobre los activos fondo educacion ley 23906,impuesto sobre los activos fondo educacion ley 23906,0.0541,66.0,True
2009,salta,impuesto a los combustibles liquidos ley 23966 y 24699,obras de infraestructura,12.0222,66.0,True
2009,salta,impuesto a los combustibles liquidos ley 23966 y 24699,vialidad provincial,22.4398,66.0,True
2009,salta,impuesto a los combustibles liquidos ley 23966 y 24699,f.e.d.e.i.,4.4911,66.0,True
2009,salta,impuesto a los combustibles liquidos ley 23966 y 24699,ley 24464 fo.na.vi,61.2106,66.0,True
2009,salta,regimen de energia electrica ley 24065,fondo para compensaciones de tarifa electrica,12.3145,66.0,True
2009,salta,regimen de energia electrica ley 24065,f.e.d.e.i.,7.7297,66.0,True
2009,salta,fondo compensador de desequilibrios,fondo compensador de desequilibrios,30.0,66.0,True
2009,salta,regimen simplificado para pequeños contribuyentes ley 24977 art 59 inciso a,regimen simplificado para pequeños contribuyentes ley 24977 art 59 inciso a,17.6238,66.0,True
2009,san juan,coparticipacion federal de impuestos neta ley 26075,coparticipacion federal de impuestos neta ley 26075,1787.5409,70.0,True
2009,san juan,financiamiento educativo ley 26075,financiamiento educativo ley 26075,142.0225,70.0,True
2009,san juan,transferencia de servicios ley 24049,transferencia de servicios ley 24049,30.1,70.0,True
2009,san juan,impuesto a las ganancias,obras de infraestructura basica social,59.4076,70.0,True
2009,san juan,impuesto a las ganancias,excedente obras de caracter social a buenos aires,206.8888,70.0,True
2009,san juan,impuesto a las ganancias,ley 24699,14.7168,70.0,True
2009,san juan,impuesto sobre los bienes personales,ley 24699,72.5977,70.0,True
2009,san juan,impuesto sobre los activos fondo educacion ley 23906,impuesto sobre los activos fondo educacion ley 23906,0.0306,70.0,True
2009,san juan,impuesto a los combustibles liquidos ley 23966 y 24699,obras de infraestructura,10.6025,70.0,True
2009,san juan,impuesto a los combustibles liquidos ley 23966 y 24699,vialidad provincial,16.228,70.0,True
2009,san juan,impuesto a los combustibles liquidos ley 23966 y 24699,f.e.d.e.i.,4.1606,70.0,True
2009,san juan,impuesto a los combustibles liquidos ley 23966 y 24699,ley 24464 fo.na.vi,55.8547,70.0,True
2009,san juan,regimen de energia electrica ley 24065,fondo para compensaciones de tarifa electrica,13.7102,70.0,True
2009,san juan,regimen de energia electrica ley 24065,f.e.d.e.i.,7.161,70.0,True
2009,san juan,fondo compensador de desequilibrios,fondo compensador de desequilibrios,26.4,70.0,True
2009,san juan,regimen simplificado para pequeños contribuyentes ley 24977 art 59 inciso a,regimen simplificado para pequeños contribuyentes ley 24977 art 59 inciso a,15.5425,70.0,True
2009,san luis,coparticipacion federal de impuestos neta ley 26075,coparticipacion federal de impuestos neta ley 26075,1214.2726,74.0,True
2009,san luis,financiamiento educativo ley 26075,financiamiento educativo ley 26075,88.595,74.0,True
2009,san luis,transferencia de servicios ley 24049,transferencia de servicios ley 24049,18.9,74.0,True
2009,san luis,impuesto a las ganancias,obras de infraestructura basica social,31.5773,74.0,True
2009,san luis,impuesto a las ganancias,excedente obras de caracter social a buenos aires,139.6946,74.0,True
2009,san luis,impuesto a las ganancias,ley 24699,9.9372,74.0,True
2009,san luis,impuesto sobre los bienes personales,ley 24699,49.019,74.0,True
2009,san luis,impuesto sobre los activos fondo educacion ley 23906,impuesto sobre los activos fondo educacion ley 23906,0.0253,74.0,True
2009,san luis,impuesto a los combustibles liquidos ley 23966 y 24699,obras de infraestructura,7.1588,74.0,True
2009,san luis,impuesto a los combustibles liquidos ley 23966 y 24699,vialidad provincial,17.4042,74.0,True
2009,san luis,impuesto a los combustibles liquidos ley 23966 y 24699,f.e.d.e.i.,4.0755,74.0,True
2009,san luis,impuesto a los combustibles liquidos ley 23966 y 24699,ley 24464 fo.na.vi,55.8547,74.0,True
2009,san luis,regimen de energia electrica ley 24065,fondo para compensaciones de tarifa electrica,11.5863,74.0,True
2009,san luis,regimen de energia electrica ley 24065,f.e.d.e.i.,7.0146,74.0,True
2009,san luis,fondo compensador de desequilibrios,fondo compensador de desequilibrios,26.4,74.0,True
2009,san luis,regimen simplificado para pequeños contribuyentes ley 24977 art 59 inciso a,regimen simplificado para pequeños contribuyentes ley 24977 art 59 inciso a,10.4943,74.0,True
2009,santa cruz,coparticipacion federal de impuestos neta ley 26075,coparticipacion federal de impuestos neta ley 26075,858.7938,78.0,True
2009,santa cruz,financiamiento educativo ley 26075,financiamiento educativo ley 26075,43.9593,78.0,True
2009,santa cruz,transferencia de servicios ley 24049,transferencia de servicios ley 24049,8.5,78.0,True
2009,santa cruz,impuesto a las ganancias,obras de infraestructura basica social,11.0575,78.0,True
2009,santa cruz,impuesto a las ganancias,excedente obras de caracter social a buenos aires,96.7947,78.0,True
2009,santa cruz,impuesto a las ganancias,ley 24699,6.8856,78.0,True
2009,santa cruz,impuesto sobre los bienes personales,ley 24699,33.9651,78.0,True
2009,santa cruz,impuesto sobre los bienes personales,ley 23966 art 30,3.0696,78.0,True
2009,santa cruz,impuesto sobre los activos fondo educacion ley 23906,impuesto sobre los activos fondo educacion ley 23906,0.0253,78.0,True
2009,santa cruz,i.v.a.ley 23966 art 5 punto 2,i.v.a.ley 23966 art 5 punto 2,7.1011,78.0,True
2009,santa cruz,impuesto a los combustibles liquidos ley 23966 y 24699,obras de infraestructura,4.9605,78.0,True
2009,santa cruz,impuesto a los combustibles liquidos ley 23966 y 24699,vialidad provincial,21.7252,78.0,True
2009,santa cruz,impuesto a los combustibles liquidos ley 23966 y 24699,f.e.d.e.i.,5.735,78.0,True
2009,santa cruz,impuesto a los combustibles liquidos ley 23966 y 24699,ley 24464 fo.na.vi,48.9685,78.0,True
2009,santa cruz,regimen de energia electrica ley 24065,fondo para compensaciones de tarifa electrica,11.4982,78.0,True
2009,santa cruz,regimen de energia electrica ley 24065,transferencia a empresas de energia electrica,35.0,78.0,True
2009,santa cruz,regimen de energia electrica ley 24065,f.e.d.e.i.,9.8667,78.0,True
2009,santa cruz,fondo compensador de desequilibrios,fondo compensador de desequilibrios,36.0,78.0,True
2009,santa cruz,regimen simplificado para pequeños contribuyentes ley 24977 art 59 inciso a,regimen simplificado para pequeños contribuyentes ley 24977 art 59 inciso a,7.2717,78.0,True
2009,santa fe,coparticipacion federal de impuestos neta ley 26075,coparticipacion federal de impuestos neta ley 26075,4622.705,82.0,True
2009,santa fe,financiamiento educativo ley 26075,financiamiento educativo ley 26075,478.8186,82.0,True
2009,santa fe,transferencia de servicios ley 24049,transferencia de servicios ley 24049,135.489,82.0,True
2009,santa fe,impuesto a las ganancias,obras de infraestructura basica social,243.638,82.0,True
2009,santa fe,impuesto a las ganancias,excedente obras de caracter social a buenos aires,546.9894,82.0,True
2009,santa fe,impuesto a las ganancias,ley 24699,38.91,82.0,True
2009,santa fe,impuesto sobre los bienes personales,ley 24699,191.9393,82.0,True
2009,santa fe,impuesto sobre los bienes personales,ley 23966 art 30,41.3992,82.0,True
2009,santa fe,impuesto sobre los activos fondo educacion ley 23906,impuesto sobre los activos fondo educacion ley 23906,0.1026,82.0,True
2009,santa fe,i.v.a.ley 23966 art 5 punto 2,i.v.a.ley 23966 art 5 punto 2,95.7713,82.0,True
2009,santa fe,impuesto a los combustibles liquidos ley 23966 y 24699,obras de infraestructura,58.0315,82.0,True
2009,santa fe,impuesto a los combustibles liquidos ley 23966 y 24699,vialidad provincial,56.6739,82.0,True
2009,santa fe,impuesto a los combustibles liquidos ley 23966 y 24699,f.e.d.e.i.,3.6132,82.0,True
2009,santa fe,impuesto a los combustibles liquidos ley 23966 y 24699,ley 24464 fo.na.vi,86.46,82.0,True
2009,santa fe,regimen de energia electrica ley 24065,fondo para compensaciones de tarifa electrica,8.6378,82.0,True
2009,santa fe,regimen de energia electrica ley 24065,f.e.d.e.i.,6.219,82.0,True
2009,santa fe,fondo compensador de desequilibrios,fondo compensador de desequilibrios,6.0,82.0,True
2009,santa fe,regimen simplificado para pequeños contribuyentes ley 24977 art 59 inciso a,regimen simplificado para pequeños contribuyentes ley 24977 art 59 inciso a,41.0923,82.0,True
2009,sgo. del estero,coparticipacion federal de impuestos neta ley 26075,coparticipacion federal de impuestos neta ley 26075,2131.1193,86.0,True
2009,sgo. del estero,financiamiento educativo ley 26075,financiamiento educativo ley 26075,227.2359,86.0,True
2009,sgo. del estero,transferencia de servicios ley 24049,transferencia de servicios ley 24049,31.6,86.0,True
2009,sgo. del estero,impuesto a las ganancias,obras de infraestructura basica social,138.7352,86.0,True
2009,sgo. del estero,impuesto a las ganancias,excedente obras de caracter social a buenos aires,252.8678,86.0,True
2009,sgo. del estero,impuesto a las ganancias,ley 24699,17.9879,86.0,True
2009,sgo. del estero,impuesto sobre los bienes personales,ley 24699,88.7305,86.0,True
2009,sgo. del estero,impuesto sobre los activos fondo educacion ley 23906,impuesto sobre los activos fondo educacion ley 23906,0.0509,86.0,True
2009,sgo. del estero,impuesto a los combustibles liquidos ley 23966 y 24699,obras de infraestructura,12.9586,86.0,True
2009,sgo. del estero,impuesto a los combustibles liquidos ley 23966 y 24699,vialidad provincial,28.3485,86.0,True
2009,sgo. del estero,impuesto a los combustibles liquidos ley 23966 y 24699,f.e.d.e.i.,4.8176,86.0,True
2009,sgo. del estero,impuesto a los combustibles liquidos ley 23966 y 24699,ley 24464 fo.na.vi,65.8014,86.0,True
2009,sgo. del estero,regimen de energia electrica ley 24065,fondo para compensaciones de tarifa electrica,12.3203,86.0,True
2009,sgo. del estero,regimen de energia electrica ley 24065,f.e.d.e.i.,8.2918,86.0,True
2009,sgo. del estero,fondo compensador de desequilibrios,fondo compensador de desequilibrios,26.4,86.0,True
2009,sgo. del estero,regimen simplificado para pequeños contribuyentes ley 24977 art 59 inciso a,regimen simplificado para pequeños contribuyentes ley 24977 art 59 inciso a,18.9965,86.0,True
2009,tucuman,coparticipacion federal de impuestos neta ley 26075,coparticipacion federal de impuestos neta ley 26075,2423.5212,90.0,True
2009,tucuman,financiamiento educativo ley 26075,financiamiento educativo ley 26075,292.1605,90.0,True
2009,tucuman,transferencia de servicios ley 24049,transferencia de servicios ley 24049,55.8,90.0,True
2009,tucuman,impuesto a las ganancias,obras de infraestructura basica social,176.0611,90.0,True
2009,tucuman,impuesto a las ganancias,excedente obras de caracter social a buenos aires,291.178,90.0,True
2009,tucuman,impuesto a las ganancias,ley 24699,20.7132,90.0,True
2009,tucuman,impuesto sobre los bienes personales,ley 24699,102.1746,90.0,True
2009,tucuman,impuesto sobre los activos fondo educacion ley 23906,impuesto sobre los activos fondo educacion ley 23906,0.0462,90.0,True
2009,tucuman,impuesto a los combustibles liquidos ley 23966 y 24699,obras de infraestructura,14.922,90.0,True
2009,tucuman,impuesto a los combustibles liquidos ley 23966 y 24699,vialidad provincial,20.4137,90.0,True
2009,tucuman,impuesto a los combustibles liquidos ley 23966 y 24699,f.e.d.e.i.,3.7665,90.0,True
2009,tucuman,impuesto a los combustibles liquidos ley 23966 y 24699,ley 24464 fo.na.vi,64.2712,90.0,True
2009,tucuman,regimen de energia electrica ley 24065,fondo para compensaciones de tarifa electrica,12.4387,90.0,True
2009,tucuman,regimen de energia electrica ley 24065,f.e.d.e.i.,6.3865,90.0,True
2009,tucuman,fondo compensador de desequilibrios,fondo compensador de desequilibrios,26.4,90.0,True
2009,tucuman,regimen simplificado para pequeños contribuyentes ley 24977 art 59 inciso a,regimen simplificado para pequeños contribuyentes ley 24977 art 59 inciso a,21.8747,90.0,True
2009,tierra del fuego,coparticipacion federal de impuestos neta ley 26075,coparticipacion federal de impuestos neta ley 26075,680.0014,94.0,True
2009,tierra del fuego,financiamiento educativo ley 26075,financiamiento educativo ley 26075,27.7282,94.0,True
2009,tierra del fuego,transferencia de servicios ley 24049,transferencia de servicios ley 24049,12.0,94.0,True
2009,tierra del fuego,impuesto a las ganancias,obras de infraestructura basica social,7.7642,94.0,True
2009,tierra del fuego,impuesto a las ganancias,excedente obras de caracter social a buenos aires,75.4876,94.0,True
2009,tierra del fuego,impuesto a las ganancias,ley 24699,5.37,94.0,True
2009,tierra del fuego,impuesto sobre los bienes personales,ley 24699,26.4877,94.0,True
2009,tierra del fuego,impuesto sobre los bienes personales,ley 23966 art 30,0.2723,94.0,True
2009,tierra del fuego,impuesto sobre los activos fondo educacion ley 23906,impuesto sobre los activos fondo educacion ley 23906,0.0121,94.0,True
2009,tierra del fuego,i.v.a.ley 23966 art 5 punto 2,i.v.a.ley 23966 art 5 punto 2,0.6299,94.0,True
2009,tierra del fuego,impuesto a los combustibles liquidos ley 23966 y 24699,obras de infraestructura,3.8685,94.0,True
2009,tierra del fuego,impuesto a los combustibles liquidos ley 23966 y 24699,vialidad provincial,10.2442,94.0,True
2009,tierra del fuego,impuesto a los combustibles liquidos ley 23966 y 24699,f.e.d.e.i.,4.1615,94.0,True
2009,tierra del fuego,impuesto a los combustibles liquidos ley 23966 y 24699,ley 24464 fo.na.vi,40.552,94.0,True
2009,tierra del fuego,regimen de energia electrica ley 24065,fondo para compensaciones de tarifa electrica,7.9394,94.0,True
2009,tierra del fuego,regimen de energia electrica ley 24065,f.e.d.e.i.,7.2587,94.0,True
2009,tierra del fuego,fondo compensador de desequilibrios,fondo compensador de desequilibrios,36.0,94.0,True
2009,tierra del fuego,regimen simplificado para pequeños contribuyentes ley 24977 art 59 inciso a,regimen simplificado para pequeños contribuyentes ley 24977 art 59 inciso a,5.6709,94.0,True
2009,c.a.b.a,coparticipacion federal de impuestos neta ley 26075,coparticipacion federal de impuestos neta ley 26075,1078.3163,2.0,True
2009,c.a.b.a,financiamiento educativo ley 26075,financiamiento educativo ley 26075,361.1428,2.0,True
2009,c.a.b.a,impuesto sobre los activos fondo educacion ley 23906,impuesto sobre los activos fondo educacion ley 23906,0.044,2.0,True
2009,c.a.b.a,impuesto a los combustibles liquidos ley 23966 y 24699,ley 24464 fo.na.vi,19.8935,2.0,True
2009,tesoro nacional,coparticipacion federal de impuestos neta ley 26075,coparticipacion federal de impuestos neta ley 26075,41374.1683,,False
2009,tesoro nacional,impuesto sobre los bienes personales,ley 24699,1575.6398,,False
2009,tesoro nacional,impuesto sobre los activos fondo educacion ley 23906,impuesto sobre los activos fondo educacion ley 23906,0.6653,,False
2009,tesoro nacional,impuesto a los combustibles liquidos ley 23966 y 24699,vialidad provincial,1056.6119,,False
2009,seguridad social,coparticipacion federal de impuestos neta ley 26075,coparticipacion federal de impuestos neta ley 26075,18241.4311,,False
2009,seguridad social,impuesto a las ganancias,obras de infraestructura basica social,10982.8569,,False
2009,seguridad social,impuesto a las ganancias,ley 24699,120.0,,False
2009,seguridad social,i.v.a.ley 23966 art 5 punto 2,i.v.a.ley 23966 art 5 punto 2,8753.662,,False
2009,seguridad social,regimen simplificado para pequeños contribuyentes ley 24977 art 59 inciso a,regimen simplificado para pequeños contribuyentes ley 24977 art 59 inciso a,1084.2472,,False
2009,fondo a.t.n.,coparticipacion federal de impuestos neta ley 26075,coparticipacion federal de impuestos neta ley 26075,1028.1851,,False
2009,fondo a.t.n.,impuesto a las ganancias,obras de infraestructura basica social,1098.2857,,False
2009,fondo a.t.n.,impuesto a las ganancias,ley 24699,20.0,,False
2009,fondo a.t.n.,impuesto sobre los bienes personales,ley 24699,37.8396,,False
2010,buenos aires,coparticipacion federal de impuestos neta ley 26075,coparticipacion federal de impuestos neta ley 26075,13594.2681,6.0,True
2010,buenos aires,financiamiento educativo ley 26075,financiamiento educativo ley 26075,3361.8938,6.0,True
2010,buenos aires,transferencia de servicios ley 24049,transferencia de servicios ley 24049,420.1,6.0,True
2010,buenos aires,impuesto a las ganancias,obras de infraestructura basica social,650.0,6.0,True
2010,buenos aires,impuesto a las ganancias,ley 24699,95.6087,6.0,True
2010,buenos aires,impuesto sobre los bienes personales,ley 24699,600.4792,6.0,True
2010,buenos aires,impuesto sobre los bienes personales,ley 23966 art 30,142.9565,6.0,True
2010,buenos aires,impuesto sobre los activos fondo educacion ley 23906,impuesto sobre los activos fondo educacion ley 23906,0.2311,6.0,True
2010,buenos aires,i.v.a.ley 23966 art 5 punto 2,i.v.a.ley 23966 art 5 punto 2,346.6359,6.0,True
2010,buenos aires,impuesto a los combustibles liquidos ley 23966 y 24699,obras de infraestructura,64.9868,6.0,True
2010,buenos aires,impuesto a los combustibles liquidos ley 23966 y 24699,vialidad provincial,201.5735,6.0,True
2010,buenos aires,impuesto a los combustibles liquidos ley 23966 y 24699,f.e.d.e.i.,5.6096,6.0,True
2010,buenos aires,impuesto a los combustibles liquidos ley 23966 y 24699,ley 24464 fo.na.vi,306.0002,6.0,True
2010,buenos aires,regimen de energia electrica ley 24065,fondo para compensaciones de tarifa electrica,13.4999,6.0,True
2010,buenos aires,regimen de energia electrica ley 24065,f.e.d.e.i.,6.8563,6.0,True
2010,buenos aires,regimen simplificado para pequeños contribuyentes ley 24977 art 59 inciso a,regimen simplificado para pequeños contribuyentes ley 24977 art 59 inciso a,136.2445,6.0,True
2010,catamarca,coparticipacion federal de impuestos neta ley 26075,coparticipacion federal de impuestos neta ley 26075,1944.3135,10.0,True
2010,catamarca,financiamiento educativo ley 26075,financiamiento educativo ley 26075,182.4119,10.0,True
2010,catamarca,transferencia de servicios ley 24049,transferencia de servicios ley 24049,21.4,10.0,True
2010,catamarca,impuesto a las ganancias,obras de infraestructura basica social,54.49,10.0,True
2010,catamarca,impuesto a las ganancias,excedente obras de caracter social a buenos aires,242.0556,10.0,True
2010,catamarca,impuesto a las ganancias,ley 24699,11.9916,10.0,True
2010,catamarca,impuesto sobre los bienes personales,ley 24699,75.3151,10.0,True
2010,catamarca,impuesto sobre los activos fondo educacion ley 23906,impuesto sobre los activos fondo educacion ley 23906,0.0173,10.0,True
2010,catamarca,impuesto a los combustibles liquidos ley 23966 y 24699,obras de infraestructura,11.9139,10.0,True
2010,catamarca,impuesto a los combustibles liquidos ley 23966 y 24699,vialidad provincial,19.9554,10.0,True
2010,catamarca,impuesto a los combustibles liquidos ley 23966 y 24699,f.e.d.e.i.,7.2534,10.0,True
2010,catamarca,impuesto a los combustibles liquidos ley 23966 y 24699,ley 24464 fo.na.vi,44.3173,10.0,True
2010,catamarca,regimen de energia electrica ley 24065,fondo para compensaciones de tarifa electrica,13.2437,10.0,True
2010,catamarca,regimen de energia electrica ley 24065,f.e.d.e.i.,8.8511,10.0,True
2010,catamarca,fondo compensador de desequilibrios,fondo compensador de desequilibrios,26.4,10.0,True
2010,catamarca,regimen simplificado para pequeños contribuyentes ley 24977 art 59 inciso a,regimen simplificado para pequeños contribuyentes ley 24977 art 59 inciso a,17.0887,10.0,True
2010,cordoba,coparticipacion federal de impuestos neta ley 26075,coparticipacion federal de impuestos neta ley 26075,6061.7466,14.0,True
2010,cordoba,financiamiento educativo ley 26075,financiamiento educativo ley 26075,794.3402,14.0,True
2010,cordoba,transferencia de servicios ley 24049,transferencia de servicios ley 24049,125.3,14.0,True
2010,cordoba,impuesto a las ganancias,obras de infraestructura basica social,301.541,14.0,True
2010,cordoba,impuesto a las ganancias,excedente obras de caracter social a buenos aires,780.3201,14.0,True
2010,cordoba,impuesto a las ganancias,ley 24699,38.658,14.0,True
2010,cordoba,impuesto sobre los bienes personales,ley 24699,242.7989,14.0,True
2010,cordoba,impuesto sobre los bienes personales,ley 23966 art 30,48.8203,14.0,True
2010,cordoba,impuesto sobre los activos fondo educacion ley 23906,impuesto sobre los activos fondo educacion ley 23906,0.064,14.0,True
2010,cordoba,i.v.a.ley 23966 art 5 punto 2,i.v.a.ley 23966 art 5 punto 2,118.3776,14.0,True
2010,cordoba,impuesto a los combustibles liquidos ley 23966 y 24699,obras de infraestructura,38.4074,14.0,True
2010,cordoba,impuesto a los combustibles liquidos ley 23966 y 24699,vialidad provincial,70.8039,14.0,True
2010,cordoba,impuesto a los combustibles liquidos ley 23966 y 24699,f.e.d.e.i.,4.8106,14.0,True
2010,cordoba,impuesto a los combustibles liquidos ley 23966 y 24699,ley 24464 fo.na.vi,119.2346,14.0,True
2010,cordoba,regimen de energia electrica ley 24065,fondo para compensaciones de tarifa electrica,8.5936,14.0,True
2010,cordoba,regimen de energia electrica ley 24065,f.e.d.e.i.,5.8812,14.0,True
2010,cordoba,fondo compensador de desequilibrios,fondo compensador de desequilibrios,6.0,14.0,True
2010,cordoba,regimen simplificado para pequeños contribuyentes ley 24977 art 59 inciso a,regimen simplificado para pequeños contribuyentes ley 24977 art 59 inciso a,55.0897,14.0,True
2010,corrientes,coparticipacion federal de impuestos neta ley 26075,coparticipacion federal de impuestos neta ley 26075,2511.8751,18.0,True
2010,corrientes,financiamiento educativo ley 26075,financiamiento educativo ley 26075,358.4606,18.0,True
2010,corrientes,transferencia de servicios ley 24049,transferencia de servicios ley 24049,38.6,18.0,True
2010,corrientes,impuesto a las ganancias,obras de infraestructura basica social,202.4097,18.0,True
2010,corrientes,impuesto a las ganancias,excedente obras de caracter social a buenos aires,326.6917,18.0,True
2010,corrientes,impuesto a las ganancias,ley 24699,16.1844,18.0,True
2010,corrientes,impuesto sobre los bienes personales,ley 24699,101.649,18.0,True
2010,corrientes,impuesto sobre los bienes personales,ley 23966 art 30,15.6105,18.0,True
2010,corrientes,impuesto sobre los activos fondo educacion ley 23906,impuesto sobre los activos fondo educacion ley 23906,0.0287,18.0,True
2010,corrientes,i.v.a.ley 23966 art 5 punto 2,i.v.a.ley 23966 art 5 punto 2,37.8517,18.0,True
2010,corrientes,impuesto a los combustibles liquidos ley 23966 y 24699,obras de infraestructura,16.0794,18.0,True
2010,corrientes,impuesto a los combustibles liquidos ley 23966 y 24699,vialidad provincial,25.6483,18.0,True
2010,corrientes,impuesto a los combustibles liquidos ley 23966 y 24699,f.e.d.e.i.,6.0906,18.0,True
2010,corrientes,impuesto a los combustibles liquidos ley 23966 y 24699,ley 24464 fo.na.vi,104.4621,18.0,True
2010,corrientes,regimen de energia electrica ley 24065,fondo para compensaciones de tarifa electrica,11.3206,18.0,True
2010,corrientes,regimen de energia electrica ley 24065,f.e.d.e.i.,7.4411,18.0,True
2010,corrientes,fondo compensador de desequilibrios,fondo compensador de desequilibrios,18.0,18.0,True
2010,corrientes,regimen simplificado para pequeños contribuyentes ley 24977 art 59 inciso a,regimen simplificado para pequeños contribuyentes ley 24977 art 59 inciso a,23.0636,18.0,True
2010,chaco,coparticipacion federal de impuestos neta ley 26075,coparticipacion federal de impuestos neta ley 26075,3453.1404,22.0,True
2010,chaco,financiamiento educativo ley 26075,financiamiento educativo ley 26075,398.7609,22.0,True
2010,chaco,transferencia de servicios ley 24049,transferencia de servicios ley 24049,33.6,22.0,True
2010,chaco,impuesto a las ganancias,obras de infraestructura basica social,247.6567,22.0,True
2010,chaco,impuesto a las ganancias,excedente obras de caracter social a buenos aires,438.4043,22.0,True
2010,chaco,impuesto a las ganancias,ley 24699,21.7188,22.0,True
2010,chaco,impuesto sobre los bienes personales,ley 24699,136.4098,22.0,True
2010,chaco,impuesto sobre los bienes personales,ley 23966 art 30,12.2725,22.0,True
2010,chaco,impuesto sobre los activos fondo educacion ley 23906,impuesto sobre los activos fondo educacion ley 23906,0.0375,22.0,True
2010,chaco,i.v.a.ley 23966 art 5 punto 2,i.v.a.ley 23966 art 5 punto 2,29.7579,22.0,True
2010,chaco,impuesto a los combustibles liquidos ley 23966 y 24699,obras de infraestructura,21.5783,22.0,True
2010,chaco,impuesto a los combustibles liquidos ley 23966 y 24699,vialidad provincial,26.0952,22.0,True
2010,chaco,impuesto a los combustibles liquidos ley 23966 y 24699,f.e.d.e.i.,6.4687,22.0,True
2010,chaco,impuesto a los combustibles liquidos ley 23966 y 24699,ley 24464 fo.na.vi,97.0759,22.0,True
2010,chaco,regimen de energia electrica ley 24065,fondo para compensaciones de tarifa electrica,11.9073,22.0,True
2010,chaco,regimen de energia electrica ley 24065,f.e.d.e.i.,7.9087,22.0,True
2010,chaco,fondo compensador de desequilibrios,fondo compensador de desequilibrios,6.0,22.0,True
2010,chaco,regimen simplificado para pequeños contribuyentes ley 24977 art 59 inciso a,regimen simplificado para pequeños contribuyentes ley 24977 art 59 inciso a,30.9508,22.0,True
2010,chubut,coparticipacion federal de impuestos neta ley 26075,coparticipacion federal de impuestos neta ley 26075,1066.2936,26.0,True
2010,chubut,financiamiento educativo ley 26075,financiamiento educativo ley 26075,154.838,26.0,True
2010,chubut,transferencia de servicios ley 24049,transferencia de servicios ley 24049,24.2,26.0,True
2010,chubut,impuesto a las ganancias,obras de infraestructura basica social,48.1536,26.0,True
2010,chubut,impuesto a las ganancias,excedente obras de caracter social a buenos aires,138.9839,26.0,True
2010,chubut,impuesto a las ganancias,ley 24699,6.8856,26.0,True
2010,chubut,impuesto sobre los bienes personales,ley 24699,43.2447,26.0,True
2010,chubut,impuesto sobre los bienes personales,ley 23966 art 30,4.8008,26.0,True
2010,chubut,impuesto sobre los activos fondo educacion ley 23906,impuesto sobre los activos fondo educacion ley 23906,0.0173,26.0,True
2010,chubut,i.v.a.ley 23966 art 5 punto 2,i.v.a.ley 23966 art 5 punto 2,11.6407,26.0,True
2010,chubut,impuesto a los combustibles liquidos ley 23966 y 24699,obras de infraestructura,6.8409,26.0,True
2010,chubut,impuesto a los combustibles liquidos ley 23966 y 24699,vialidad provincial,27.437,26.0,True
2010,chubut,impuesto a los combustibles liquidos ley 23966 y 24699,f.e.d.e.i.,6.7825,26.0,True
2010,chubut,impuesto a los combustibles liquidos ley 23966 y 24699,ley 24464 fo.na.vi,67.5311,26.0,True
2010,chubut,regimen de energia electrica ley 24065,fondo para compensaciones de tarifa electrica,16.3486,26.0,True
2010,chubut,regimen de energia electrica ley 24065,f.e.d.e.i.,8.2923,26.0,True
2010,chubut,fondo compensador de desequilibrios,fondo compensador de desequilibrios,36.0,26.0,True
2010,chubut,regimen simplificado para pequeños contribuyentes ley 24977 art 59 inciso a,regimen simplificado para pequeños contribuyentes ley 24977 art 59 inciso a,9.8122,26.0,True
2010,entre rios,coparticipacion federal de impuestos neta ley 26075,coparticipacion federal de impuestos neta ley 26075,3413.7646,30.0,True
2010,entre rios,financiamiento educativo ley 26075,financiamiento educativo ley 26075,356.3395,30.0,True
2010,entre rios,transferencia de servicios ley 24049,transferencia de servicios ley 24049,67.5,30.0,True
2010,entre rios,impuesto a las ganancias,obras de infraestructura basica social,155.1544,30.0,True
2010,entre rios,impuesto a las ganancias,excedente obras de caracter social a buenos aires,429.0961,30.0,True
2010,entre rios,impuesto a las ganancias,ley 24699,21.258,30.0,True
2010,entre rios,impuesto sobre los bienes personales,ley 24699,133.5131,30.0,True
2010,entre rios,impuesto sobre los bienes personales,ley 23966 art 30,21.1869,30.0,True
2010,entre rios,impuesto sobre los activos fondo educacion ley 23906,impuesto sobre los activos fondo educacion ley 23906,0.0297,30.0,True
2010,entre rios,i.v.a.ley 23966 art 5 punto 2,i.v.a.ley 23966 art 5 punto 2,51.3733,30.0,True
2010,entre rios,impuesto a los combustibles liquidos ley 23966 y 24699,obras de infraestructura,21.1197,30.0,True
2010,entre rios,impuesto a los combustibles liquidos ley 23966 y 24699,vialidad provincial,36.3883,30.0,True
2010,entre rios,impuesto a los combustibles liquidos ley 23966 y 24699,f.e.d.e.i.,5.567,30.0,True
2010,entre rios,impuesto a los combustibles liquidos ley 23966 y 24699,ley 24464 fo.na.vi,82.3035,30.0,True
2010,entre rios,regimen de energia electrica ley 24065,fondo para compensaciones de tarifa electrica,11.6464,30.0,True
2010,entre rios,regimen de energia electrica ley 24065,f.e.d.e.i.,6.7976,30.0,True
2010,entre rios,fondo compensador de desequilibrios,fondo compensador de desequilibrios,21.6,30.0,True
2010,entre rios,regimen simplificado para pequeños contribuyentes ley 24977 art 59 inciso a,regimen simplificado para pequeños contribuyentes ley 24977 art 59 inciso a,30.2931,30.0,True
2010,formosa,coparticipacion federal de impuestos neta ley 26075,coparticipacion federal de impuestos neta ley 26075,2580.7109,34.0,True
2010,formosa,financiamiento educativo ley 26075,financiamiento educativo ley 26075,230.1359,34.0,True
2010,formosa,transferencia de servicios ley 24049,transferencia de servicios ley 24049,20.7,34.0,True
2010,formosa,impuesto a las ganancias,obras de infraestructura basica social,124.736,34.0,True
2010,formosa,impuesto a las ganancias,excedente obras de caracter social a buenos aires,319.9208,34.0,True
2010,formosa,impuesto a las ganancias,ley 24699,15.8495,34.0,True
2010,formosa,impuesto sobre los bienes personales,ley 24699,99.5423,34.0,True
2010,formosa,impuesto sobre los bienes personales,ley 23966 art 30,5.7168,34.0,True
2010,formosa,impuesto sobre los activos fondo educacion ley 23906,impuesto sobre los activos fondo educacion ley 23906,0.0202,34.0,True
2010,formosa,i.v.a.ley 23966 art 5 punto 2,i.v.a.ley 23966 art 5 punto 2,13.8618,34.0,True
2010,formosa,impuesto a los combustibles liquidos ley 23966 y 24699,obras de infraestructura,15.7463,34.0,True
2010,formosa,impuesto a los combustibles liquidos ley 23966 y 24699,vialidad provincial,20.5301,34.0,True
2010,formosa,impuesto a los combustibles liquidos ley 23966 y 24699,f.e.d.e.i.,7.475,34.0,True
2010,formosa,impuesto a los combustibles liquidos ley 23966 y 24699,ley 24464 fo.na.vi,84.4139,34.0,True
2010,formosa,regimen de energia electrica ley 24065,fondo para compensaciones de tarifa electrica,12.2401,34.0,True
2010,formosa,regimen de energia electrica ley 24065,f.e.d.e.i.,9.139,34.0,True
2010,formosa,fondo compensador de desequilibrios,fondo compensador de desequilibrios,26.4,34.0,True
2010,formosa,regimen simplificado para pequeños contribuyentes ley 24977 art 59 inciso a,regimen simplificado para pequeños contribuyentes ley 24977 art 59 inciso a,22.5858,34.0,True
2010,jujuy,coparticipacion federal de impuestos neta ley 26075,coparticipacion federal de impuestos neta ley 26075,1955.0301,38.0,True
2010,jujuy,financiamiento educativo ley 26075,financiamiento educativo ley 26075,238.6202,38.0,True
2010,jujuy,transferencia de servicios ley 24049,transferencia de servicios ley 24049,33.3,38.0,True
2010,jujuy,impuesto a las ganancias,obras de infraestructura basica social,134.1696,38.0,True
2010,jujuy,impuesto a las ganancias,excedente obras de caracter social a buenos aires,249.6746,38.0,True
2010,jujuy,impuesto a las ganancias,ley 24699,12.3695,38.0,True
2010,jujuy,impuesto sobre los bienes personales,ley 24699,77.6851,38.0,True
2010,jujuy,impuesto sobre los activos fondo educacion ley 23906,impuesto sobre los activos fondo educacion ley 23906,0.0184,38.0,True
2010,jujuy,impuesto a los combustibles liquidos ley 23966 y 24699,obras de infraestructura,12.2885,38.0,True
2010,jujuy,impuesto a los combustibles liquidos ley 23966 y 24699,vialidad provincial,18.7197,38.0,True
2010,jujuy,impuesto a los combustibles liquidos ley 23966 y 24699,f.e.d.e.i.,6.032,38.0,True
2010,jujuy,impuesto a los combustibles liquidos ley 23966 y 24699,ley 24464 fo.na.vi,63.3104,38.0,True
2010,jujuy,regimen de energia electrica ley 24065,fondo para compensaciones de tarifa electrica,17.1761,38.0,True
2010,jujuy,regimen de energia electrica ley 24065,f.e.d.e.i.,7.3632,38.0,True
2010,jujuy,fondo compensador de desequilibrios,fondo compensador de desequilibrios,26.4,38.0,True
2010,jujuy,regimen simplificado para pequeños contribuyentes ley 24977 art 59 inciso a,regimen simplificado para pequeños contribuyentes ley 24977 art 59 inciso a,17.6261,38.0,True
2010,la pampa,coparticipacion federal de impuestos neta ley 26075,coparticipacion federal de impuestos neta ley 26075,1331.2602,42.0,True
2010,la pampa,financiamiento educativo ley 26075,financiamiento educativo ley 26075,118.7798,42.0,True
2010,la pampa,transferencia de servicios ley 24049,transferencia de servicios ley 24049,19.2,42.0,True
2010,la pampa,impuesto a las ganancias,obras de infraestructura basica social,23.4267,42.0,True
2010,la pampa,impuesto a las ganancias,excedente obras de caracter social a buenos aires,165.0386,42.0,True
2010,la pampa,impuesto a las ganancias,ley 24699,8.1756,42.0,True
2010,la pampa,impuesto sobre los bienes personales,ley 24699,51.3512,42.0,True
2010,la pampa,impuesto sobre los bienes personales,ley 23966 art 30,4.1356,42.0,True
2010,la pampa,impuesto sobre los activos fondo educacion ley 23906,impuesto sobre los activos fondo educacion ley 23906,0.0153,42.0,True
2010,la pampa,i.v.a.ley 23966 art 5 punto 2,i.v.a.ley 23966 art 5 punto 2,10.0279,42.0,True
2010,la pampa,impuesto a los combustibles liquidos ley 23966 y 24699,obras de infraestructura,8.123,42.0,True
2010,la pampa,impuesto a los combustibles liquidos ley 23966 y 24699,vialidad provincial,20.384,42.0,True
2010,la pampa,impuesto a los combustibles liquidos ley 23966 y 24699,f.e.d.e.i.,5.3544,42.0,True
2010,la pampa,impuesto a los combustibles liquidos ley 23966 y 24699,ley 24464 fo.na.vi,42.2069,42.0,True
2010,la pampa,regimen de energia electrica ley 24065,fondo para compensaciones de tarifa electrica,19.1573,42.0,True
2010,la pampa,regimen de energia electrica ley 24065,f.e.d.e.i.,6.5472,42.0,True
2010,la pampa,fondo compensador de desequilibrios,fondo compensador de desequilibrios,30.0,42.0,True
2010,la pampa,regimen simplificado para pequeños contribuyentes ley 24977 art 59 inciso a,regimen simplificado para pequeños contribuyentes ley 24977 art 59 inciso a,11.6512,42.0,True
2010,la rioja,coparticipacion federal de impuestos neta ley 26075,coparticipacion federal de impuestos neta ley 26075,1447.1057,46.0,True
2010,la rioja,financiamiento educativo ley 26075,financiamiento educativo ley 26075,151.6564,46.0,True
2010,la rioja,transferencia de servicios ley 24049,transferencia de servicios ley 24049,20.3,46.0,True
2010,la rioja,impuesto a las ganancias,obras de infraestructura basica social,45.0877,46.0,True
2010,la rioja,impuesto a las ganancias,excedente obras de caracter social a buenos aires,181.9658,46.0,True
2010,la rioja,impuesto a las ganancias,ley 24699,9.0144,46.0,True
2010,la rioja,impuesto sobre los bienes personales,ley 24699,56.618,46.0,True
2010,la rioja,impuesto sobre los activos fondo educacion ley 23906,impuesto sobre los activos fondo educacion ley 23906,0.0148,46.0,True
2010,la rioja,impuesto a los combustibles liquidos ley 23966 y 24699,obras de infraestructura,8.9562,46.0,True
2010,la rioja,impuesto a los combustibles liquidos ley 23966 y 24699,vialidad provincial,19.4014,46.0,True
2010,la rioja,impuesto a los combustibles liquidos ley 23966 y 24699,f.e.d.e.i.,7.0549,46.0,True
2010,la rioja,impuesto a los combustibles liquidos ley 23966 y 24699,ley 24464 fo.na.vi,42.2069,46.0,True
2010,la rioja,regimen de energia electrica ley 24065,fondo para compensaciones de tarifa electrica,12.3077,46.0,True
2010,la rioja,regimen de energia electrica ley 24065,f.e.d.e.i.,8.6244,46.0,True
2010,la rioja,fondo compensador de desequilibrios,fondo compensador de desequilibrios,26.4,46.0,True
2010,la rioja,regimen simplificado para pequeños contribuyentes ley 24977 art 59 inciso a,regimen simplificado para pequeños contribuyentes ley 24977 art 59 inciso a,12.8463,46.0,True
2010,mendoza,coparticipacion federal de impuestos neta ley 26075,coparticipacion federal de impuestos neta ley 26075,2759.5606,50.0,True
2010,mendoza,financiamiento educativo ley 26075,financiamiento educativo ley 26075,460.2719,50.0,True
2010,mendoza,transferencia de servicios ley 24049,transferencia de servicios ley 24049,61.7,50.0,True
2010,mendoza,impuesto a las ganancias,obras de infraestructura basica social,184.6225,50.0,True
2010,mendoza,impuesto a las ganancias,excedente obras de caracter social a buenos aires,366.4689,50.0,True
2010,mendoza,impuesto a las ganancias,ley 24699,18.1548,50.0,True
2010,mendoza,impuesto sobre los bienes personales,ley 24699,114.0259,50.0,True
2010,mendoza,impuesto sobre los activos fondo educacion ley 23906,impuesto sobre los activos fondo educacion ley 23906,0.0315,50.0,True
2010,mendoza,impuesto a los combustibles liquidos ley 23966 y 24699,obras de infraestructura,18.0374,50.0,True
2010,mendoza,impuesto a los combustibles liquidos ley 23966 y 24699,vialidad provincial,39.0675,50.0,True
2010,mendoza,impuesto a los combustibles liquidos ley 23966 y 24699,f.e.d.e.i.,5.476,50.0,True
2010,mendoza,impuesto a los combustibles liquidos ley 23966 y 24699,ley 24464 fo.na.vi,84.4139,50.0,True
2010,mendoza,regimen de energia electrica ley 24065,fondo para compensaciones de tarifa electrica,9.1706,50.0,True
2010,mendoza,regimen de energia electrica ley 24065,f.e.d.e.i.,6.6948,50.0,True
2010,mendoza,fondo compensador de desequilibrios,fondo compensador de desequilibrios,26.4,50.0,True
2010,mendoza,regimen simplificado para pequeños contribuyentes ley 24977 art 59 inciso a,regimen simplificado para pequeños contribuyentes ley 24977 art 59 inciso a,25.872,50.0,True
2010,misiones,coparticipacion federal de impuestos neta ley 26075,coparticipacion federal de impuestos neta ley 26075,2118.9458,54.0,True
2010,misiones,financiamiento educativo ley 26075,financiamiento educativo ley 26075,431.6375,54.0,True
2010,misiones,transferencia de servicios ley 24049,transferencia de servicios ley 24049,34.1,54.0,True
2010,misiones,impuesto a las ganancias,obras de infraestructura basica social,199.3417,54.0,True
2010,misiones,impuesto a las ganancias,excedente obras de caracter social a buenos aires,290.293,54.0,True
2010,misiones,impuesto a las ganancias,ley 24699,14.382,54.0,True
2010,misiones,impuesto sobre los bienes personales,ley 24699,90.3254,54.0,True
2010,misiones,impuesto sobre los bienes personales,ley 23966 art 30,6.7023,54.0,True
2010,misiones,impuesto sobre los activos fondo educacion ley 23906,impuesto sobre los activos fondo educacion ley 23906,0.0235,54.0,True
2010,misiones,i.v.a.ley 23966 art 5 punto 2,i.v.a.ley 23966 art 5 punto 2,16.2514,54.0,True
2010,misiones,impuesto a los combustibles liquidos ley 23966 y 24699,obras de infraestructura,14.288,54.0,True
2010,misiones,impuesto a los combustibles liquidos ley 23966 y 24699,vialidad provincial,36.0391,54.0,True
2010,misiones,impuesto a los combustibles liquidos ley 23966 y 24699,f.e.d.e.i.,7.2694,54.0,True
2010,misiones,impuesto a los combustibles liquidos ley 23966 y 24699,ley 24464 fo.na.vi,99.1863,54.0,True
2010,misiones,regimen de energia electrica ley 24065,fondo para compensaciones de tarifa electrica,15.096,54.0,True
2010,misiones,regimen de energia electrica ley 24065,f.e.d.e.i.,10.9306,54.0,True
2010,misiones,fondo compensador de desequilibrios,fondo compensador de desequilibrios,26.4,54.0,True
2010,misiones,regimen simplificado para pequeños contribuyentes ley 24977 art 59 inciso a,regimen simplificado para pequeños contribuyentes ley 24977 art 59 inciso a,20.4941,54.0,True
2010,neuquen,coparticipacion federal de impuestos neta ley 26075,coparticipacion federal de impuestos neta ley 26075,1165.1211,58.0,True
2010,neuquen,financiamiento educativo ley 26075,financiamiento educativo ley 26075,174.9882,58.0,True
2010,neuquen,transferencia de servicios ley 24049,transferencia de servicios ley 24049,17.4,58.0,True
2010,neuquen,impuesto a las ganancias,obras de infraestructura basica social,60.9249,58.0,True
2010,neuquen,impuesto a las ganancias,excedente obras de caracter social a buenos aires,152.5256,58.0,True
2010,neuquen,impuesto a las ganancias,ley 24699,7.5564,58.0,True
2010,neuquen,impuesto sobre los bienes personales,ley 24699,47.4581,58.0,True
2010,neuquen,impuesto sobre los bienes personales,ley 23966 art 30,3.0142,58.0,True
2010,neuquen,impuesto sobre los activos fondo educacion ley 23906,impuesto sobre los activos fondo educacion ley 23906,0.0208,58.0,True
2010,neuquen,i.v.a.ley 23966 art 5 punto 2,i.v.a.ley 23966 art 5 punto 2,7.3087,58.0,True
2010,neuquen,impuesto a los combustibles liquidos ley 23966 y 24699,obras de infraestructura,7.5071,58.0,True
2010,neuquen,impuesto a los combustibles liquidos ley 23966 y 24699,vialidad provincial,24.2062,58.0,True
2010,neuquen,impuesto a los combustibles liquidos ley 23966 y 24699,f.e.d.e.i.,6.2901,58.0,True
2010,neuquen,impuesto a los combustibles liquidos ley 23966 y 24699,ley 24464 fo.na.vi,90.7449,58.0,True
2010,neuquen,regimen de energia electrica ley 24065,fondo para compensaciones de tarifa electrica,11.1293,58.0,True
2010,neuquen,regimen de energia electrica ley 24065,f.e.d.e.i.,7.6913,58.0,True
2010,neuquen,fondo compensador de desequilibrios,fondo compensador de desequilibrios,30.0,58.0,True
2010,neuquen,regimen simplificado para pequeños contribuyentes ley 24977 art 59 inciso a,regimen simplificado para pequeños contribuyentes ley 24977 art 59 inciso a,10.7678,58.0,True
2010,rio negro,coparticipacion federal de impuestos neta ley 26075,coparticipacion federal de impuestos neta ley 26075,1748.8785,62.0,True
2010,rio negro,financiamiento educativo ley 26075,financiamiento educativo ley 26075,199.3804,62.0,True
2010,rio negro,transferencia de servicios ley 24049,transferencia de servicios ley 24049,14.6,62.0,True
2010,rio negro,impuesto a las ganancias,obras de infraestructura basica social,74.6644,62.0,True
2010,rio negro,impuesto a las ganancias,excedente obras de caracter social a buenos aires,221.743,62.0,True
2010,rio negro,impuesto a las ganancias,ley 24699,10.9848,62.0,True
2010,rio negro,impuesto sobre los bienes personales,ley 24699,68.9949,62.0,True
2010,rio negro,impuesto sobre los activos fondo educacion ley 23906,impuesto sobre los activos fondo educacion ley 23906,0.0241,62.0,True
2010,rio negro,impuesto a los combustibles liquidos ley 23966 y 24699,obras de infraestructura,10.9142,62.0,True
2010,rio negro,impuesto a los combustibles liquidos ley 23966 y 24699,vialidad provincial,22.8263,62.0,True
2010,rio negro,impuesto a los combustibles liquidos ley 23966 y 24699,f.e.d.e.i.,5.8445,62.0,True
2010,rio negro,impuesto a los combustibles liquidos ley 23966 y 24699,ley 24464 fo.na.vi,94.9656,62.0,True
2010,rio negro,regimen de energia electrica ley 24065,fondo para compensaciones de tarifa electrica,9.7803,62.0,True
2010,rio negro,regimen de energia electrica ley 24065,f.e.d.e.i.,7.1454,62.0,True
2010,rio negro,fondo compensador de desequilibrios,fondo compensador de desequilibrios,30.0,62.0,True
2010,rio negro,regimen simplificado para pequeños contribuyentes ley 24977 art 59 inciso a,regimen simplificado para pequeños contribuyentes ley 24977 art 59 inciso a,15.6547,62.0,True
2010,salta,coparticipacion federal de impuestos neta ley 26075,coparticipacion federal de impuestos neta ley 26075,2545.9605,66.0,True
2010,salta,financiamiento educativo ley 26075,financiamiento educativo ley 26075,413.6084,66.0,True
2010,salta,transferencia de servicios ley 24049,transferencia de servicios ley 24049,39.8,66.0,True
2010,salta,impuesto a las ganancias,obras de infraestructura basica social,259.245,66.0,True
2010,salta,impuesto a las ganancias,excedente obras de caracter social a buenos aires,336.848,66.0,True
2010,salta,impuesto a las ganancias,ley 24699,16.6872,66.0,True
2010,salta,impuesto sobre los bienes personales,ley 24699,104.8091,66.0,True
2010,salta,impuesto sobre los activos fondo educacion ley 23906,impuesto sobre los activos fondo educacion ley 23906,0.032,66.0,True
2010,salta,impuesto a los combustibles liquidos ley 23966 y 24699,obras de infraestructura,16.5795,66.0,True
2010,salta,impuesto a los combustibles liquidos ley 23966 y 24699,vialidad provincial,34.4217,66.0,True
2010,salta,impuesto a los combustibles liquidos ley 23966 y 24699,f.e.d.e.i.,5.9793,66.0,True
2010,salta,impuesto a los combustibles liquidos ley 23966 y 24699,ley 24464 fo.na.vi,84.4139,66.0,True
2010,salta,regimen de energia electrica ley 24065,fondo para compensaciones de tarifa electrica,12.1478,66.0,True
2010,salta,regimen de energia electrica ley 24065,f.e.d.e.i.,7.3101,66.0,True
2010,salta,fondo compensador de desequilibrios,fondo compensador de desequilibrios,30.0,66.0,True
2010,salta,regimen simplificado para pequeños contribuyentes ley 24977 art 59 inciso a,regimen simplificado para pequeños contribuyentes ley 24977 art 59 inciso a,23.7809,66.0,True
2010,san juan,coparticipacion federal de impuestos neta ley 26075,coparticipacion federal de impuestos neta ley 26075,2386.2993,70.0,True
2010,san juan,financiamiento educativo ley 26075,financiamiento educativo ley 26075,223.7727,70.0,True
2010,san juan,transferencia de servicios ley 24049,transferencia de servicios ley 24049,30.1,70.0,True
2010,san juan,impuesto a las ganancias,obras de infraestructura basica social,82.2362,70.0,True
2010,san juan,impuesto a las ganancias,excedente obras de caracter social a buenos aires,297.0638,70.0,True
2010,san juan,impuesto a las ganancias,ley 24699,14.7168,70.0,True
2010,san juan,impuesto sobre los bienes personales,ley 24699,92.4321,70.0,True
2010,san juan,impuesto sobre los activos fondo educacion ley 23906,impuesto sobre los activos fondo educacion ley 23906,0.0181,70.0,True
2010,san juan,impuesto a los combustibles liquidos ley 23966 y 24699,obras de infraestructura,14.6216,70.0,True
2010,san juan,impuesto a los combustibles liquidos ley 23966 y 24699,vialidad provincial,23.0613,70.0,True
2010,san juan,impuesto a los combustibles liquidos ley 23966 y 24699,f.e.d.e.i.,5.5393,70.0,True
2010,san juan,impuesto a los combustibles liquidos ley 23966 y 24699,ley 24464 fo.na.vi,77.0276,70.0,True
2010,san juan,regimen de energia electrica ley 24065,fondo para compensaciones de tarifa electrica,14.4714,70.0,True
2010,san juan,regimen de energia electrica ley 24065,f.e.d.e.i.,6.7711,70.0,True
2010,san juan,fondo compensador de desequilibrios,fondo compensador de desequilibrios,26.4,70.0,True
2010,san juan,regimen simplificado para pequeños contribuyentes ley 24977 art 59 inciso a,regimen simplificado para pequeños contribuyentes ley 24977 art 59 inciso a,20.9725,70.0,True
2010,san luis,coparticipacion federal de impuestos neta ley 26075,coparticipacion federal de impuestos neta ley 26075,1620.2448,74.0,True
2010,san luis,financiamiento educativo ley 26075,financiamiento educativo ley 26075,142.1116,74.0,True
2010,san luis,transferencia de servicios ley 24049,transferencia de servicios ley 24049,18.9,74.0,True
2010,san luis,impuesto a las ganancias,obras de infraestructura basica social,43.7115,74.0,True
2010,san luis,impuesto a las ganancias,excedente obras de caracter social a buenos aires,200.5822,74.0,True
2010,san luis,impuesto a las ganancias,ley 24699,9.9372,74.0,True
2010,san luis,impuesto sobre los bienes personales,ley 24699,62.4114,74.0,True
2010,san luis,impuesto sobre los activos fondo educacion ley 23906,impuesto sobre los activos fondo educacion ley 23906,0.015,74.0,True
2010,san luis,impuesto a los combustibles liquidos ley 23966 y 24699,obras de infraestructura,9.8724,74.0,True
2010,san luis,impuesto a los combustibles liquidos ley 23966 y 24699,vialidad provincial,25.6201,74.0,True
2010,san luis,impuesto a los combustibles liquidos ley 23966 y 24699,f.e.d.e.i.,5.4261,74.0,True
2010,san luis,impuesto a los combustibles liquidos ley 23966 y 24699,ley 24464 fo.na.vi,77.0276,74.0,True
2010,san luis,regimen de energia electrica ley 24065,fondo para compensaciones de tarifa electrica,11.1524,74.0,True
2010,san luis,regimen de energia electrica ley 24065,f.e.d.e.i.,6.6338,74.0,True
2010,san luis,fondo compensador de desequilibrios,fondo compensador de desequilibrios,26.4,74.0,True
2010,san luis,regimen simplificado para pequeños contribuyentes ley 24977 art 59 inciso a,regimen simplificado para pequeños contribuyentes ley 24977 art 59 inciso a,14.1606,74.0,True
2010,santa cruz,coparticipacion federal de impuestos neta ley 26075,coparticipacion federal de impuestos neta ley 26075,1151.1363,78.0,True
2010,santa cruz,financiamiento educativo ley 26075,financiamiento educativo ley 26075,69.9953,78.0,True
2010,santa cruz,transferencia de servicios ley 24049,transferencia de servicios ley 24049,8.5,78.0,True
2010,santa cruz,impuesto a las ganancias,obras de infraestructura basica social,15.3066,78.0,True
2010,santa cruz,impuesto a las ganancias,excedente obras de caracter social a buenos aires,138.9839,78.0,True
2010,santa cruz,impuesto a las ganancias,ley 24699,6.8856,78.0,True
2010,santa cruz,impuesto sobre los bienes personales,ley 24699,43.2447,78.0,True
2010,santa cruz,impuesto sobre los bienes personales,ley 23966 art 30,3.9082,78.0,True
2010,santa cruz,impuesto sobre los activos fondo educacion ley 23906,impuesto sobre los activos fondo educacion ley 23906,0.015,78.0,True
2010,santa cruz,i.v.a.ley 23966 art 5 punto 2,i.v.a.ley 23966 art 5 punto 2,9.4766,78.0,True
2010,santa cruz,impuesto a los combustibles liquidos ley 23966 y 24699,obras de infraestructura,6.8409,78.0,True
2010,santa cruz,impuesto a los combustibles liquidos ley 23966 y 24699,vialidad provincial,23.9761,78.0,True
2010,santa cruz,impuesto a los combustibles liquidos ley 23966 y 24699,f.e.d.e.i.,7.6354,78.0,True
2010,santa cruz,impuesto a los combustibles liquidos ley 23966 y 24699,ley 24464 fo.na.vi,67.5311,78.0,True
2010,santa cruz,regimen de energia electrica ley 24065,fondo para compensaciones de tarifa electrica,10.235,78.0,True
2010,santa cruz,regimen de energia electrica ley 24065,transferencia a empresas de energia electrica,35.0,78.0,True
2010,santa cruz,regimen de energia electrica ley 24065,f.e.d.e.i.,9.3352,78.0,True
2010,santa cruz,fondo compensador de desequilibrios,fondo compensador de desequilibrios,36.0,78.0,True
2010,santa cruz,regimen simplificado para pequeños contribuyentes ley 24977 art 59 inciso a,regimen simplificado para pequeños contribuyentes ley 24977 art 59 inciso a,9.8122,78.0,True
2010,santa fe,coparticipacion federal de impuestos neta ley 26075,coparticipacion federal de impuestos neta ley 26075,6166.8137,82.0,True
2010,santa fe,financiamiento educativo ley 26075,financiamiento educativo ley 26075,733.8897,82.0,True
2010,santa fe,transferencia de servicios ley 24049,transferencia de servicios ley 24049,135.489,82.0,True
2010,santa fe,impuesto a las ganancias,obras de infraestructura basica social,337.2611,82.0,True
2010,santa fe,impuesto a las ganancias,excedente obras de caracter social a buenos aires,785.4017,82.0,True
2010,santa fe,impuesto a las ganancias,ley 24699,38.91,82.0,True
2010,santa fe,impuesto sobre los bienes personales,ley 24699,244.3789,82.0,True
2010,santa fe,impuesto sobre los bienes personales,ley 23966 art 30,52.7099,82.0,True
2010,santa fe,impuesto sobre los activos fondo educacion ley 23906,impuesto sobre los activos fondo educacion ley 23906,0.0607,82.0,True
2010,santa fe,i.v.a.ley 23966 art 5 punto 2,i.v.a.ley 23966 art 5 punto 2,127.809,82.0,True
2010,santa fe,impuesto a los combustibles liquidos ley 23966 y 24699,obras de infraestructura,68.6574,82.0,True
2010,santa fe,impuesto a los combustibles liquidos ley 23966 y 24699,vialidad provincial,77.5404,82.0,True
2010,santa fe,impuesto a los combustibles liquidos ley 23966 y 24699,f.e.d.e.i.,4.8106,82.0,True
2010,santa fe,impuesto a los combustibles liquidos ley 23966 y 24699,ley 24464 fo.na.vi,119.2346,82.0,True
2010,santa fe,regimen de energia electrica ley 24065,fondo para compensaciones de tarifa electrica,7.6571,82.0,True
2010,santa fe,regimen de energia electrica ley 24065,f.e.d.e.i.,5.8782,82.0,True
2010,santa fe,fondo compensador de desequilibrios,fondo compensador de desequilibrios,6.0,82.0,True
2010,santa fe,regimen simplificado para pequeños contribuyentes ley 24977 art 59 inciso a,regimen simplificado para pequeños contribuyentes ley 24977 art 59 inciso a,55.4484,82.0,True
2010,sgo. del estero,coparticipacion federal de impuestos neta ley 26075,coparticipacion federal de impuestos neta ley 26075,2834.8091,86.0,True
2010,sgo. del estero,financiamiento educativo ley 26075,financiamiento educativo ley 26075,355.279,86.0,True
2010,sgo. del estero,transferencia de servicios ley 24049,transferencia de servicios ley 24049,31.6,86.0,True
2010,sgo. del estero,impuesto a las ganancias,obras de infraestructura basica social,192.0472,86.0,True
2010,sgo. del estero,impuesto a las ganancias,excedente obras de caracter social a buenos aires,363.0834,86.0,True
2010,sgo. del estero,impuesto a las ganancias,ley 24699,17.9879,86.0,True
2010,sgo. del estero,impuesto sobre los bienes personales,ley 24699,112.9726,86.0,True
2010,sgo. del estero,impuesto sobre los activos fondo educacion ley 23906,impuesto sobre los activos fondo educacion ley 23906,0.0301,86.0,True
2010,sgo. del estero,impuesto a los combustibles liquidos ley 23966 y 24699,obras de infraestructura,17.8708,86.0,True
2010,sgo. del estero,impuesto a los combustibles liquidos ley 23966 y 24699,vialidad provincial,37.4103,86.0,True
2010,sgo. del estero,impuesto a los combustibles liquidos ley 23966 y 24699,f.e.d.e.i.,6.4141,86.0,True
2010,sgo. del estero,impuesto a los combustibles liquidos ley 23966 y 24699,ley 24464 fo.na.vi,90.7449,86.0,True
2010,sgo. del estero,regimen de energia electrica ley 24065,fondo para compensaciones de tarifa electrica,13.0071,86.0,True
2010,sgo. del estero,regimen de energia electrica ley 24065,f.e.d.e.i.,7.8358,86.0,True
2010,sgo. del estero,fondo compensador de desequilibrios,fondo compensador de desequilibrios,26.4,86.0,True
2010,sgo. del estero,regimen simplificado para pequeños contribuyentes ley 24977 art 59 inciso a,regimen simplificado para pequeños contribuyentes ley 24977 art 59 inciso a,25.6331,86.0,True
2010,tucuman,coparticipacion federal de impuestos neta ley 26075,coparticipacion federal de impuestos neta ley 26075,3223.7682,90.0,True
2010,tucuman,financiamiento educativo ley 26075,financiamiento educativo ley 26075,449.6665,90.0,True
2010,tucuman,transferencia de servicios ley 24049,transferencia de servicios ley 24049,55.8,90.0,True
2010,tucuman,impuesto a las ganancias,obras de infraestructura basica social,243.7164,90.0,True
2010,tucuman,impuesto a las ganancias,excedente obras de caracter social a buenos aires,418.0917,90.0,True
2010,tucuman,impuesto a las ganancias,ley 24699,20.7132,90.0,True
2010,tucuman,impuesto sobre los bienes personales,ley 24699,130.0896,90.0,True
2010,tucuman,impuesto sobre los activos fondo educacion ley 23906,impuesto sobre los activos fondo educacion ley 23906,0.0274,90.0,True
2010,tucuman,impuesto a los combustibles liquidos ley 23966 y 24699,obras de infraestructura,20.5785,90.0,True
2010,tucuman,impuesto a los combustibles liquidos ley 23966 y 24699,vialidad provincial,29.383,90.0,True
2010,tucuman,impuesto a los combustibles liquidos ley 23966 y 24699,f.e.d.e.i.,4.9402,90.0,True
2010,tucuman,impuesto a los combustibles liquidos ley 23966 y 24699,ley 24464 fo.na.vi,88.6345,90.0,True
2010,tucuman,regimen de energia electrica ley 24065,fondo para compensaciones de tarifa electrica,11.826,90.0,True
2010,tucuman,regimen de energia electrica ley 24065,f.e.d.e.i.,6.0334,90.0,True
2010,tucuman,fondo compensador de desequilibrios,fondo compensador de desequilibrios,26.4,90.0,True
2010,tucuman,regimen simplificado para pequeños contribuyentes ley 24977 art 59 inciso a,regimen simplificado para pequeños contribuyentes ley 24977 art 59 inciso a,29.5168,90.0,True
2010,tierra del fuego,coparticipacion federal de impuestos neta ley 26075,coparticipacion federal de impuestos neta ley 26075,911.4747,94.0,True
2010,tierra del fuego,financiamiento educativo ley 26075,financiamiento educativo ley 26075,44.5424,94.0,True
2010,tierra del fuego,transferencia de servicios ley 24049,transferencia de servicios ley 24049,12.0,94.0,True
2010,tierra del fuego,impuesto a las ganancias,obras de infraestructura basica social,10.7478,94.0,True
2010,tierra del fuego,impuesto a las ganancias,excedente obras de caracter social a buenos aires,108.3898,94.0,True
2010,tierra del fuego,impuesto a las ganancias,ley 24699,5.37,94.0,True
2010,tierra del fuego,impuesto sobre los bienes personales,ley 24699,33.7244,94.0,True
2010,tierra del fuego,impuesto sobre los bienes personales,ley 23966 art 30,0.3467,94.0,True
2010,tierra del fuego,impuesto sobre los activos fondo educacion ley 23906,impuesto sobre los activos fondo educacion ley 23906,0.0071,94.0,True
2010,tierra del fuego,i.v.a.ley 23966 art 5 punto 2,i.v.a.ley 23966 art 5 punto 2,0.8406,94.0,True
2010,tierra del fuego,impuesto a los combustibles liquidos ley 23966 y 24699,obras de infraestructura,5.3349,94.0,True
2010,tierra del fuego,impuesto a los combustibles liquidos ley 23966 y 24699,vialidad provincial,13.7975,94.0,True
2010,tierra del fuego,impuesto a los combustibles liquidos ley 23966 y 24699,f.e.d.e.i.,5.6149,94.0,True
2010,tierra del fuego,impuesto a los combustibles liquidos ley 23966 y 24699,ley 24464 fo.na.vi,55.9242,94.0,True
2010,tierra del fuego,regimen de energia electrica ley 24065,fondo para compensaciones de tarifa electrica,7.5338,94.0,True
2010,tierra del fuego,regimen de energia electrica ley 24065,f.e.d.e.i.,6.8636,94.0,True
2010,tierra del fuego,fondo compensador de desequilibrios,fondo compensador de desequilibrios,36.0,94.0,True
2010,tierra del fuego,regimen simplificado para pequeños contribuyentes ley 24977 art 59 inciso a,regimen simplificado para pequeños contribuyentes ley 24977 art 59 inciso a,7.6521,94.0,True
2010,c.a.b.a,coparticipacion federal de impuestos neta ley 26075,coparticipacion federal de impuestos neta ley 26075,1376.0722,2.0,True
2010,c.a.b.a,financiamiento educativo ley 26075,financiamiento educativo ley 26075,559.9621,2.0,True
2010,c.a.b.a,impuesto sobre los activos fondo educacion ley 23906,impuesto sobre los activos fondo educacion ley 23906,0.026,2.0,True
2010,c.a.b.a,impuesto a los combustibles liquidos ley 23966 y 24699,ley 24464 fo.na.vi,27.4345,2.0,True
2010,tesoro nacional,coparticipacion federal de impuestos neta ley 26075,coparticipacion federal de impuestos neta ley 26075,55647.1576,,False
2010,tesoro nacional,impuesto sobre los bienes personales,ley 24699,2006.1198,,False
2010,tesoro nacional,impuesto sobre los activos fondo educacion ley 23906,impuesto sobre los activos fondo educacion ley 23906,0.3935,,False
2010,tesoro nacional,impuesto a los combustibles liquidos ley 23966 y 24699,vialidad provincial,1457.1439,,False
2010,seguridad social,coparticipacion federal de impuestos neta ley 26075,coparticipacion federal de impuestos neta ley 26075,24500.7821,,False
2010,seguridad social,impuesto a las ganancias,obras de infraestructura basica social,15203.2527,,False
2010,seguridad social,impuesto a las ganancias,ley 24699,120.0,,False
2010,seguridad social,i.v.a.ley 23966 art 5 punto 2,i.v.a.ley 23966 art 5 punto 2,11681.9584,,False
2010,seguridad social,regimen simplificado para pequeños contribuyentes ley 24977 art 59 inciso a,regimen simplificado para pequeños contribuyentes ley 24977 art 59 inciso a,1463.0399,,False
2010,fondo a.t.n.,coparticipacion federal de impuestos neta ley 26075,coparticipacion federal de impuestos neta ley 26075,1382.8817,,False
2010,fondo a.t.n.,impuesto a las ganancias,obras de infraestructura basica social,1520.3253,,False
2010,fondo a.t.n.,impuesto a las ganancias,ley 24699,20.0,,False
2010,fondo a.t.n.,impuesto sobre los bienes personales,ley 24699,48.1777,,False
2011,buenos aires,coparticipacion federal de impuestos ley 23548,coparticipacion federal de impuestos ley 23548,22560.748,6.0,True
2011,buenos aires,transferencia de servicios ley 24049,transferencia de servicios ley 24049,420.1,6.0,True
2011,buenos aires,impuesto a las ganancias,obras de infraestructura basica social,688.6755,6.0,True
2011,buenos aires,impuesto a las ganancias,ley 24699,95.6087,6.0,True
2011,buenos aires,impuesto sobre los bienes personales,ley 24699,687.2776,6.0,True
2011,buenos aires,impuesto sobre los bienes personales,ley 23966 art 30,163.6207,6.0,True
2011,buenos aires,impuesto sobre los activos fondo educacion ley 23906,impuesto sobre los activos fondo educacion ley 23906,0.2429,6.0,True
2011,buenos aires,i.v.a.ley 23966 art 5 punto 2,i.v.a.ley 23966 art 5 punto 2,451.8955,6.0,True
2011,buenos aires,impuesto a los combustibles liquidos ley 23966 y 24699,obras de infraestructura,90.3915,6.0,True
2011,buenos aires,impuesto a los combustibles liquidos ley 23966 y 24699,vialidad provincial,253.1862,6.0,True
2011,buenos aires,impuesto a los combustibles liquidos ley 23966 y 24699,f.e.d.e.i.,5.3315,6.0,True
2011,buenos aires,impuesto a los combustibles liquidos ley 23966 y 24699,ley 24464 fo.na.vi,387.8414,6.0,True
2011,buenos aires,regimen de energia electrica ley 24065,fondo para compensaciones de tarifa electrica,10.1668,6.0,True
2011,buenos aires,regimen de energia electrica ley 24065,f.e.d.e.i.,6.9502,6.0,True
2011,buenos aires,regimen simplificado para pequeños contribuyentes ley 24977 art 59 inciso a,regimen simplificado para pequeños contribuyentes ley 24977 art 59 inciso a,194.217,6.0,True
2011,catamarca,coparticipacion federal de impuestos ley 23548,coparticipacion federal de impuestos ley 23548,2829.6802,10.0,True
2011,catamarca,transferencia de servicios ley 24049,transferencia de servicios ley 24049,21.4,10.0,True
2011,catamarca,impuesto a las ganancias,obras de infraestructura basica social,76.8511,10.0,True
2011,catamarca,impuesto a las ganancias,excedente obras de caracter social a buenos aires,350.6765,10.0,True
2011,catamarca,impuesto a las ganancias,ley 24699,11.9916,10.0,True
2011,catamarca,impuesto sobre los bienes personales,ley 24699,86.2017,10.0,True
2011,catamarca,impuesto sobre los activos fondo educacion ley 23906,impuesto sobre los activos fondo educacion ley 23906,0.0182,10.0,True
2011,catamarca,impuesto a los combustibles liquidos ley 23966 y 24699,obras de infraestructura,15.1003,10.0,True
2011,catamarca,impuesto a los combustibles liquidos ley 23966 y 24699,vialidad provincial,24.7589,10.0,True
2011,catamarca,impuesto a los combustibles liquidos ley 23966 y 24699,f.e.d.e.i.,7.7078,10.0,True
2011,catamarca,impuesto a los combustibles liquidos ley 23966 y 24699,ley 24464 fo.na.vi,56.1701,10.0,True
2011,catamarca,regimen de energia electrica ley 24065,fondo para compensaciones de tarifa electrica,12.592,10.0,True
2011,catamarca,regimen de energia electrica ley 24065,f.e.d.e.i.,9.8811,10.0,True
2011,catamarca,fondo compensador de desequilibrios,fondo compensador de desequilibrios,26.4,10.0,True
2011,catamarca,regimen simplificado para pequeños contribuyentes ley 24977 art 59 inciso a,regimen simplificado para pequeños contribuyentes ley 24977 art 59 inciso a,24.36,10.0,True
2011,cordoba,coparticipacion federal de impuestos ley 23548,coparticipacion federal de impuestos ley 23548,9122.2558,14.0,True
2011,cordoba,transferencia de servicios ley 24049,transferencia de servicios ley 24049,125.3,14.0,True
2011,cordoba,impuesto a las ganancias,obras de infraestructura basica social,425.285,14.0,True
2011,cordoba,impuesto a las ganancias,excedente obras de caracter social a buenos aires,1130.4834,14.0,True
2011,cordoba,impuesto a las ganancias,ley 24699,38.658,14.0,True
2011,cordoba,impuesto sobre los bienes personales,ley 24699,277.8951,14.0,True
2011,cordoba,impuesto sobre los bienes personales,ley 23966 art 30,55.8772,14.0,True
2011,cordoba,impuesto sobre los activos fondo educacion ley 23906,impuesto sobre los activos fondo educacion ley 23906,0.0672,14.0,True
2011,cordoba,i.v.a.ley 23966 art 5 punto 2,i.v.a.ley 23966 art 5 punto 2,154.3243,14.0,True
2011,cordoba,impuesto a los combustibles liquidos ley 23966 y 24699,obras de infraestructura,48.6796,14.0,True
2011,cordoba,impuesto a los combustibles liquidos ley 23966 y 24699,vialidad provincial,91.1049,14.0,True
2011,cordoba,impuesto a los combustibles liquidos ley 23966 y 24699,f.e.d.e.i.,5.1136,14.0,True
2011,cordoba,impuesto a los combustibles liquidos ley 23966 y 24699,ley 24464 fo.na.vi,151.1244,14.0,True
2011,cordoba,regimen de energia electrica ley 24065,fondo para compensaciones de tarifa electrica,8.1867,14.0,True
2011,cordoba,regimen de energia electrica ley 24065,f.e.d.e.i.,6.5551,14.0,True
2011,cordoba,fondo compensador de desequilibrios,fondo compensador de desequilibrios,6.0,14.0,True
2011,cordoba,regimen simplificado para pequeños contribuyentes ley 24977 art 59 inciso a,regimen simplificado para pequeños contribuyentes ley 24977 art 59 inciso a,78.5306,14.0,True
2011,corrientes,coparticipacion federal de impuestos ley 23548,coparticipacion federal de impuestos ley 23548,3819.0789,18.0,True
2011,corrientes,transferencia de servicios ley 24049,transferencia de servicios ley 24049,38.6,18.0,True
2011,corrientes,impuesto a las ganancias,obras de infraestructura basica social,285.473,18.0,True
2011,corrientes,impuesto a las ganancias,excedente obras de caracter social a buenos aires,473.2924,18.0,True
2011,corrientes,impuesto a las ganancias,ley 24699,16.1844,18.0,True
2011,corrientes,impuesto sobre los bienes personales,ley 24699,116.3422,18.0,True
2011,corrientes,impuesto sobre los bienes personales,ley 23966 art 30,17.8669,18.0,True
2011,corrientes,impuesto sobre los activos fondo educacion ley 23906,impuesto sobre los activos fondo educacion ley 23906,0.0302,18.0,True
2011,corrientes,i.v.a.ley 23966 art 5 punto 2,i.v.a.ley 23966 art 5 punto 2,49.3457,18.0,True
2011,corrientes,impuesto a los combustibles liquidos ley 23966 y 24699,obras de infraestructura,20.38,18.0,True
2011,corrientes,impuesto a los combustibles liquidos ley 23966 y 24699,vialidad provincial,32.0858,18.0,True
2011,corrientes,impuesto a los combustibles liquidos ley 23966 y 24699,f.e.d.e.i.,6.4739,18.0,True
2011,corrientes,impuesto a los combustibles liquidos ley 23966 y 24699,ley 24464 fo.na.vi,132.401,18.0,True
2011,corrientes,regimen de energia electrica ley 24065,fondo para compensaciones de tarifa electrica,10.8969,18.0,True
2011,corrientes,regimen de energia electrica ley 24065,f.e.d.e.i.,8.2989,18.0,True
2011,corrientes,fondo compensador de desequilibrios,fondo compensador de desequilibrios,18.0,18.0,True
2011,corrientes,regimen simplificado para pequeños contribuyentes ley 24977 art 59 inciso a,regimen simplificado para pequeños contribuyentes ley 24977 art 59 inciso a,32.8772,18.0,True
2011,chaco,coparticipacion federal de impuestos ley 23548,coparticipacion federal de impuestos ley 23548,5125.0852,22.0,True
2011,chaco,transferencia de servicios ley 24049,transferencia de servicios ley 24049,33.6,22.0,True
2011,chaco,impuesto a las ganancias,obras de infraestructura basica social,349.2881,22.0,True
2011,chaco,impuesto a las ganancias,excedente obras de caracter social a buenos aires,635.1353,22.0,True
2011,chaco,impuesto a las ganancias,ley 24699,21.7188,22.0,True
2011,chaco,impuesto sobre los bienes personales,ley 24699,156.1276,22.0,True
2011,chaco,impuesto sobre los bienes personales,ley 23966 art 30,14.0464,22.0,True
2011,chaco,impuesto sobre los activos fondo educacion ley 23906,impuesto sobre los activos fondo educacion ley 23906,0.0394,22.0,True
2011,chaco,i.v.a.ley 23966 art 5 punto 2,i.v.a.ley 23966 art 5 punto 2,38.7941,22.0,True
2011,chaco,impuesto a los combustibles liquidos ley 23966 y 24699,obras de infraestructura,27.3495,22.0,True
2011,chaco,impuesto a los combustibles liquidos ley 23966 y 24699,vialidad provincial,33.6095,22.0,True
2011,chaco,impuesto a los combustibles liquidos ley 23966 y 24699,f.e.d.e.i.,6.8758,22.0,True
2011,chaco,impuesto a los combustibles liquidos ley 23966 y 24699,ley 24464 fo.na.vi,123.0393,22.0,True
2011,chaco,regimen de energia electrica ley 24065,fondo para compensaciones de tarifa electrica,11.6301,22.0,True
2011,chaco,regimen de energia electrica ley 24065,f.e.d.e.i.,8.8142,22.0,True
2011,chaco,fondo compensador de desequilibrios,fondo compensador de desequilibrios,6.0,22.0,True
2011,chaco,regimen simplificado para pequeños contribuyentes ley 24977 art 59 inciso a,regimen simplificado para pequeños contribuyentes ley 24977 art 59 inciso a,44.1205,22.0,True
2011,chubut,coparticipacion federal de impuestos ley 23548,coparticipacion federal de impuestos ley 23548,1624.757,26.0,True
2011,chubut,transferencia de servicios ley 24049,transferencia de servicios ley 24049,24.2,26.0,True
2011,chubut,impuesto a las ganancias,obras de infraestructura basica social,67.9144,26.0,True
2011,chubut,impuesto a las ganancias,excedente obras de caracter social a buenos aires,201.3519,26.0,True
2011,chubut,impuesto a las ganancias,ley 24699,6.8856,26.0,True
2011,chubut,impuesto sobre los bienes personales,ley 24699,49.4957,26.0,True
2011,chubut,impuesto sobre los bienes personales,ley 23966 art 30,5.4947,26.0,True
2011,chubut,impuesto sobre los activos fondo educacion ley 23906,impuesto sobre los activos fondo educacion ley 23906,0.0182,26.0,True
2011,chubut,i.v.a.ley 23966 art 5 punto 2,i.v.a.ley 23966 art 5 punto 2,15.1755,26.0,True
2011,chubut,impuesto a los combustibles liquidos ley 23966 y 24699,obras de infraestructura,8.6705,26.0,True
2011,chubut,impuesto a los combustibles liquidos ley 23966 y 24699,vialidad provincial,36.7975,26.0,True
2011,chubut,impuesto a los combustibles liquidos ley 23966 y 24699,f.e.d.e.i.,7.2092,26.0,True
2011,chubut,impuesto a los combustibles liquidos ley 23966 y 24699,ley 24464 fo.na.vi,85.5926,26.0,True
2011,chubut,regimen de energia electrica ley 24065,fondo para compensaciones de tarifa electrica,17.6166,26.0,True
2011,chubut,regimen de energia electrica ley 24065,f.e.d.e.i.,9.2416,26.0,True
2011,chubut,fondo compensador de desequilibrios,fondo compensador de desequilibrios,36.0,26.0,True
2011,chubut,regimen simplificado para pequeños contribuyentes ley 24977 art 59 inciso a,regimen simplificado para pequeños contribuyentes ley 24977 art 59 inciso a,13.9873,26.0,True
2011,entre rios,coparticipacion federal de impuestos ley 23548,coparticipacion federal de impuestos ley 23548,5016.2513,30.0,True
2011,entre rios,transferencia de servicios ley 24049,transferencia de servicios ley 24049,67.5,30.0,True
2011,entre rios,impuesto a las ganancias,obras de infraestructura basica social,218.8254,30.0,True
2011,entre rios,impuesto a las ganancias,excedente obras de caracter social a buenos aires,621.6501,30.0,True
2011,entre rios,impuesto a las ganancias,ley 24699,21.258,30.0,True
2011,entre rios,impuesto sobre los bienes personales,ley 24699,152.8122,30.0,True
2011,entre rios,impuesto sobre los bienes personales,ley 23966 art 30,24.2495,30.0,True
2011,entre rios,impuesto sobre los activos fondo educacion ley 23906,impuesto sobre los activos fondo educacion ley 23906,0.0312,30.0,True
2011,entre rios,i.v.a.ley 23966 art 5 punto 2,i.v.a.ley 23966 art 5 punto 2,66.9733,30.0,True
2011,entre rios,impuesto a los combustibles liquidos ley 23966 y 24699,obras de infraestructura,26.7683,30.0,True
2011,entre rios,impuesto a los combustibles liquidos ley 23966 y 24699,vialidad provincial,47.1636,30.0,True
2011,entre rios,impuesto a los combustibles liquidos ley 23966 y 24699,f.e.d.e.i.,5.9173,30.0,True
2011,entre rios,impuesto a los combustibles liquidos ley 23966 y 24699,ley 24464 fo.na.vi,104.316,30.0,True
2011,entre rios,regimen de energia electrica ley 24065,fondo para compensaciones de tarifa electrica,11.0706,30.0,True
2011,entre rios,regimen de energia electrica ley 24065,f.e.d.e.i.,7.5855,30.0,True
2011,entre rios,fondo compensador de desequilibrios,fondo compensador de desequilibrios,21.6,30.0,True
2011,entre rios,regimen simplificado para pequeños contribuyentes ley 24977 art 59 inciso a,regimen simplificado para pequeños contribuyentes ley 24977 art 59 inciso a,43.1829,30.0,True
2011,formosa,coparticipacion federal de impuestos ley 23548,coparticipacion federal de impuestos ley 23548,3739.927,34.0,True
2011,formosa,transferencia de servicios ley 24049,transferencia de servicios ley 24049,20.7,34.0,True
2011,formosa,impuesto a las ganancias,obras de infraestructura basica social,175.9242,34.0,True
2011,formosa,impuesto a las ganancias,excedente obras de caracter social a buenos aires,463.4831,34.0,True
2011,formosa,impuesto a las ganancias,ley 24699,15.8495,34.0,True
2011,formosa,impuesto sobre los bienes personales,ley 24699,113.931,34.0,True
2011,formosa,impuesto sobre los bienes personales,ley 23966 art 30,6.5431,34.0,True
2011,formosa,impuesto sobre los activos fondo educacion ley 23906,impuesto sobre los activos fondo educacion ley 23906,0.0212,34.0,True
2011,formosa,i.v.a.ley 23966 art 5 punto 2,i.v.a.ley 23966 art 5 punto 2,18.0711,34.0,True
2011,formosa,impuesto a los combustibles liquidos ley 23966 y 24699,obras de infraestructura,19.9578,34.0,True
2011,formosa,impuesto a los combustibles liquidos ley 23966 y 24699,vialidad provincial,25.5417,34.0,True
2011,formosa,impuesto a los combustibles liquidos ley 23966 y 24699,f.e.d.e.i.,7.9454,34.0,True
2011,formosa,impuesto a los combustibles liquidos ley 23966 y 24699,ley 24464 fo.na.vi,106.9907,34.0,True
2011,formosa,regimen de energia electrica ley 24065,fondo para compensaciones de tarifa electrica,11.8454,34.0,True
2011,formosa,regimen de energia electrica ley 24065,f.e.d.e.i.,10.1853,34.0,True
2011,formosa,fondo compensador de desequilibrios,fondo compensador de desequilibrios,26.4,34.0,True
2011,formosa,regimen simplificado para pequeños contribuyentes ley 24977 art 59 inciso a,regimen simplificado para pequeños contribuyentes ley 24977 art 59 inciso a,32.1961,34.0,True
2011,jujuy,coparticipacion federal de impuestos ley 23548,coparticipacion federal de impuestos ley 23548,2918.7261,38.0,True
2011,jujuy,transferencia de servicios ley 24049,transferencia de servicios ley 24049,33.3,38.0,True
2011,jujuy,impuesto a las ganancias,obras de infraestructura basica social,189.2291,38.0,True
2011,jujuy,impuesto a las ganancias,excedente obras de caracter social a buenos aires,361.7144,38.0,True
2011,jujuy,impuesto a las ganancias,ley 24699,12.3695,38.0,True
2011,jujuy,impuesto sobre los bienes personales,ley 24699,88.9144,38.0,True
2011,jujuy,impuesto sobre los activos fondo educacion ley 23906,impuesto sobre los activos fondo educacion ley 23906,0.0193,38.0,True
2011,jujuy,impuesto a los combustibles liquidos ley 23966 y 24699,obras de infraestructura,15.5752,38.0,True
2011,jujuy,impuesto a los combustibles liquidos ley 23966 y 24699,vialidad provincial,24.0232,38.0,True
2011,jujuy,impuesto a los combustibles liquidos ley 23966 y 24699,f.e.d.e.i.,6.4116,38.0,True
2011,jujuy,impuesto a los combustibles liquidos ley 23966 y 24699,ley 24464 fo.na.vi,80.243,38.0,True
2011,jujuy,regimen de energia electrica ley 24065,fondo para compensaciones de tarifa electrica,17.0955,38.0,True
2011,jujuy,regimen de energia electrica ley 24065,f.e.d.e.i.,8.2191,38.0,True
2011,jujuy,fondo compensador de desequilibrios,fondo compensador de desequilibrios,26.4,38.0,True
2011,jujuy,regimen simplificado para pequeños contribuyentes ley 24977 art 59 inciso a,regimen simplificado para pequeños contribuyentes ley 24977 art 59 inciso a,25.126,38.0,True
2011,la pampa,coparticipacion federal de impuestos ley 23548,coparticipacion federal de impuestos ley 23548,1929.3274,42.0,True
2011,la pampa,transferencia de servicios ley 24049,transferencia de servicios ley 24049,19.2,42.0,True
2011,la pampa,impuesto a las ganancias,obras de infraestructura basica social,33.0404,42.0,True
2011,la pampa,impuesto a las ganancias,excedente obras de caracter social a buenos aires,239.0985,42.0,True
2011,la pampa,impuesto a las ganancias,ley 24699,8.1756,42.0,True
2011,la pampa,impuesto sobre los bienes personales,ley 24699,58.7739,42.0,True
2011,la pampa,impuesto sobre los bienes personales,ley 23966 art 30,4.7334,42.0,True
2011,la pampa,impuesto sobre los activos fondo educacion ley 23906,impuesto sobre los activos fondo educacion ley 23906,0.016,42.0,True
2011,la pampa,i.v.a.ley 23966 art 5 punto 2,i.v.a.ley 23966 art 5 punto 2,13.0729,42.0,True
2011,la pampa,impuesto a los combustibles liquidos ley 23966 y 24699,obras de infraestructura,10.2955,42.0,True
2011,la pampa,impuesto a los combustibles liquidos ley 23966 y 24699,vialidad provincial,27.8733,42.0,True
2011,la pampa,impuesto a los combustibles liquidos ley 23966 y 24699,f.e.d.e.i.,5.6917,42.0,True
2011,la pampa,impuesto a los combustibles liquidos ley 23966 y 24699,ley 24464 fo.na.vi,53.4954,42.0,True
2011,la pampa,regimen de energia electrica ley 24065,fondo para compensaciones de tarifa electrica,15.524,42.0,True
2011,la pampa,regimen de energia electrica ley 24065,f.e.d.e.i.,7.2961,42.0,True
2011,la pampa,fondo compensador de desequilibrios,fondo compensador de desequilibrios,30.0,42.0,True
2011,la pampa,regimen simplificado para pequeños contribuyentes ley 24977 art 59 inciso a,regimen simplificado para pequeños contribuyentes ley 24977 art 59 inciso a,16.6089,42.0,True
2011,la rioja,coparticipacion federal de impuestos ley 23548,coparticipacion federal de impuestos ley 23548,2127.2072,46.0,True
2011,la rioja,transferencia de servicios ley 24049,transferencia de servicios ley 24049,20.3,46.0,True
2011,la rioja,impuesto a las ganancias,obras de infraestructura basica social,63.5904,46.0,True
2011,la rioja,impuesto a las ganancias,excedente obras de caracter social a buenos aires,263.6217,46.0,True
2011,la rioja,impuesto a las ganancias,ley 24699,9.0144,46.0,True
2011,la rioja,impuesto sobre los bienes personales,ley 24699,64.802,46.0,True
2011,la rioja,impuesto sobre los activos fondo educacion ley 23906,impuesto sobre los activos fondo educacion ley 23906,0.0156,46.0,True
2011,la rioja,impuesto a los combustibles liquidos ley 23966 y 24699,obras de infraestructura,11.3516,46.0,True
2011,la rioja,impuesto a los combustibles liquidos ley 23966 y 24699,vialidad provincial,25.1811,46.0,True
2011,la rioja,impuesto a los combustibles liquidos ley 23966 y 24699,f.e.d.e.i.,7.499,46.0,True
2011,la rioja,impuesto a los combustibles liquidos ley 23966 y 24699,ley 24464 fo.na.vi,53.4954,46.0,True
2011,la rioja,regimen de energia electrica ley 24065,fondo para compensaciones de tarifa electrica,11.5163,46.0,True
2011,la rioja,regimen de energia electrica ley 24065,f.e.d.e.i.,9.613,46.0,True
2011,la rioja,fondo compensador de desequilibrios,fondo compensador de desequilibrios,26.4,46.0,True
2011,la rioja,regimen simplificado para pequeños contribuyentes ley 24977 art 59 inciso a,regimen simplificado para pequeños contribuyentes ley 24977 art 59 inciso a,18.3125,46.0,True
2011,mendoza,coparticipacion federal de impuestos ley 23548,coparticipacion federal de impuestos ley 23548,4284.0963,50.0,True
2011,mendoza,transferencia de servicios ley 24049,transferencia de servicios ley 24049,61.7,50.0,True
2011,mendoza,impuesto a las ganancias,obras de infraestructura basica social,260.3865,50.0,True
2011,mendoza,impuesto a las ganancias,excedente obras de caracter social a buenos aires,530.9193,50.0,True
2011,mendoza,impuesto a las ganancias,ley 24699,18.1548,50.0,True
2011,mendoza,impuesto sobre los bienes personales,ley 24699,130.5082,50.0,True
2011,mendoza,impuesto sobre los activos fondo educacion ley 23906,impuesto sobre los activos fondo educacion ley 23906,0.0331,50.0,True
2011,mendoza,impuesto a los combustibles liquidos ley 23966 y 24699,obras de infraestructura,22.8616,50.0,True
2011,mendoza,impuesto a los combustibles liquidos ley 23966 y 24699,vialidad provincial,52.2154,50.0,True
2011,mendoza,impuesto a los combustibles liquidos ley 23966 y 24699,f.e.d.e.i.,3.3426,50.0,True
2011,mendoza,impuesto a los combustibles liquidos ley 23966 y 24699,ley 24464 fo.na.vi,106.9907,50.0,True
2011,mendoza,regimen de energia electrica ley 24065,fondo para compensaciones de tarifa electrica,8.7569,50.0,True
2011,mendoza,regimen de energia electrica ley 24065,f.e.d.e.i.,4.8279,50.0,True
2011,mendoza,fondo compensador de desequilibrios,fondo compensador de desequilibrios,26.4,50.0,True
2011,mendoza,regimen simplificado para pequeños contribuyentes ley 24977 art 59 inciso a,regimen simplificado para pequeños contribuyentes ley 24977 art 59 inciso a,36.8806,50.0,True
2011,misiones,coparticipacion federal de impuestos ley 23548,coparticipacion federal de impuestos ley 23548,3393.6375,54.0,True
2011,misiones,transferencia de servicios ley 24049,transferencia de servicios ley 24049,34.1,54.0,True
2011,misiones,impuesto a las ganancias,obras de infraestructura basica social,281.146,54.0,True
2011,misiones,impuesto a las ganancias,excedente obras de caracter social a buenos aires,420.56,54.0,True
2011,misiones,impuesto a las ganancias,ley 24699,14.382,54.0,True
2011,misiones,impuesto sobre los bienes personales,ley 24699,103.3818,54.0,True
2011,misiones,impuesto sobre los bienes personales,ley 23966 art 30,7.6711,54.0,True
2011,misiones,impuesto sobre los activos fondo educacion ley 23906,impuesto sobre los activos fondo educacion ley 23906,0.0247,54.0,True
2011,misiones,i.v.a.ley 23966 art 5 punto 2,i.v.a.ley 23966 art 5 punto 2,21.1864,54.0,True
2011,misiones,impuesto a los combustibles liquidos ley 23966 y 24699,obras de infraestructura,18.1094,54.0,True
2011,misiones,impuesto a los combustibles liquidos ley 23966 y 24699,vialidad provincial,44.4839,54.0,True
2011,misiones,impuesto a los combustibles liquidos ley 23966 y 24699,f.e.d.e.i.,9.0725,54.0,True
2011,misiones,impuesto a los combustibles liquidos ley 23966 y 24699,ley 24464 fo.na.vi,125.7141,54.0,True
2011,misiones,regimen de energia electrica ley 24065,fondo para compensaciones de tarifa electrica,14.1855,54.0,True
2011,misiones,regimen de energia electrica ley 24065,f.e.d.e.i.,12.8079,54.0,True
2011,misiones,fondo compensador de desequilibrios,fondo compensador de desequilibrios,26.4,54.0,True
2011,misiones,regimen simplificado para pequeños contribuyentes ley 24977 art 59 inciso a,regimen simplificado para pequeños contribuyentes ley 24977 art 59 inciso a,29.2143,54.0,True
2011,neuquen,coparticipacion federal de impuestos ley 23548,coparticipacion federal de impuestos ley 23548,1783.0608,58.0,True
2011,neuquen,transferencia de servicios ley 24049,transferencia de servicios ley 24049,17.4,58.0,True
2011,neuquen,impuesto a las ganancias,obras de infraestructura basica social,85.9268,58.0,True
2011,neuquen,impuesto a las ganancias,excedente obras de caracter social a buenos aires,220.9705,58.0,True
2011,neuquen,impuesto a las ganancias,ley 24699,7.5564,58.0,True
2011,neuquen,impuesto sobre los bienes personales,ley 24699,54.3181,58.0,True
2011,neuquen,impuesto sobre los bienes personales,ley 23966 art 30,3.4499,58.0,True
2011,neuquen,impuesto sobre los activos fondo educacion ley 23906,impuesto sobre los activos fondo educacion ley 23906,0.0219,58.0,True
2011,neuquen,i.v.a.ley 23966 art 5 punto 2,i.v.a.ley 23966 art 5 punto 2,9.5281,58.0,True
2011,neuquen,impuesto a los combustibles liquidos ley 23966 y 24699,obras de infraestructura,9.5149,58.0,True
2011,neuquen,impuesto a los combustibles liquidos ley 23966 y 24699,vialidad provincial,35.4911,58.0,True
2011,neuquen,impuesto a los combustibles liquidos ley 23966 y 24699,f.e.d.e.i.,6.6859,58.0,True
2011,neuquen,impuesto a los combustibles liquidos ley 23966 y 24699,ley 24464 fo.na.vi,115.015,58.0,True
2011,neuquen,regimen de energia electrica ley 24065,fondo para compensaciones de tarifa electrica,11.8902,58.0,True
2011,neuquen,regimen de energia electrica ley 24065,f.e.d.e.i.,8.5667,58.0,True
2011,neuquen,fondo compensador de desequilibrios,fondo compensador de desequilibrios,30.0,58.0,True
2011,neuquen,regimen simplificado para pequeños contribuyentes ley 24977 art 59 inciso a,regimen simplificado para pequeños contribuyentes ley 24977 art 59 inciso a,15.3495,58.0,True
2011,rio negro,coparticipacion federal de impuestos ley 23548,coparticipacion federal de impuestos ley 23548,2592.2245,62.0,True
2011,rio negro,transferencia de servicios ley 24049,transferencia de servicios ley 24049,14.6,62.0,True
2011,rio negro,impuesto a las ganancias,obras de infraestructura basica social,105.3046,62.0,True
2011,rio negro,impuesto a las ganancias,excedente obras de caracter social a buenos aires,321.2486,62.0,True
2011,rio negro,impuesto a las ganancias,ley 24699,10.9848,62.0,True
2011,rio negro,impuesto sobre los bienes personales,ley 24699,78.968,62.0,True
2011,rio negro,impuesto sobre los activos fondo educacion ley 23906,impuesto sobre los activos fondo educacion ley 23906,0.0253,62.0,True
2011,rio negro,impuesto a los combustibles liquidos ley 23966 y 24699,obras de infraestructura,13.8332,62.0,True
2011,rio negro,impuesto a los combustibles liquidos ley 23966 y 24699,vialidad provincial,28.8638,62.0,True
2011,rio negro,impuesto a los combustibles liquidos ley 23966 y 24699,f.e.d.e.i.,6.2124,62.0,True
2011,rio negro,impuesto a los combustibles liquidos ley 23966 y 24699,ley 24464 fo.na.vi,120.3646,62.0,True
2011,rio negro,regimen de energia electrica ley 24065,fondo para compensaciones de tarifa electrica,9.0699,62.0,True
2011,rio negro,regimen de energia electrica ley 24065,f.e.d.e.i.,7.9637,62.0,True
2011,rio negro,fondo compensador de desequilibrios,fondo compensador de desequilibrios,30.0,62.0,True
2011,rio negro,regimen simplificado para pequeños contribuyentes ley 24977 art 59 inciso a,regimen simplificado para pequeños contribuyentes ley 24977 art 59 inciso a,22.3159,62.0,True
2011,salta,coparticipacion federal de impuestos ley 23548,coparticipacion federal de impuestos ley 23548,3937.8067,66.0,True
2011,salta,transferencia de servicios ley 24049,transferencia de servicios ley 24049,39.8,66.0,True
2011,salta,impuesto a las ganancias,obras de infraestructura basica social,365.6318,66.0,True
2011,salta,impuesto a las ganancias,excedente obras de caracter social a buenos aires,488.0063,66.0,True
2011,salta,impuesto a las ganancias,ley 24699,16.6872,66.0,True
2011,salta,impuesto sobre los bienes personales,ley 24699,119.9591,66.0,True
2011,salta,impuesto sobre los activos fondo educacion ley 23906,impuesto sobre los activos fondo educacion ley 23906,0.0336,66.0,True
2011,salta,impuesto a los combustibles liquidos ley 23966 y 24699,obras de infraestructura,21.0138,66.0,True
2011,salta,impuesto a los combustibles liquidos ley 23966 y 24699,vialidad provincial,37.6713,66.0,True
2011,salta,impuesto a los combustibles liquidos ley 23966 y 24699,f.e.d.e.i.,6.3555,66.0,True
2011,salta,impuesto a los combustibles liquidos ley 23966 y 24699,ley 24464 fo.na.vi,106.9907,66.0,True
2011,salta,regimen de energia electrica ley 24065,fondo para compensaciones de tarifa electrica,11.9468,66.0,True
2011,salta,regimen de energia electrica ley 24065,f.e.d.e.i.,8.1472,66.0,True
2011,salta,fondo compensador de desequilibrios,fondo compensador de desequilibrios,30.0,66.0,True
2011,salta,regimen simplificado para pequeños contribuyentes ley 24977 art 59 inciso a,regimen simplificado para pequeños contribuyentes ley 24977 art 59 inciso a,33.8997,66.0,True
2011,san juan,coparticipacion federal de impuestos ley 23548,coparticipacion federal de impuestos ley 23548,3472.7894,70.0,True
2011,san juan,transferencia de servicios ley 24049,transferencia de servicios ley 24049,30.1,70.0,True
2011,san juan,impuesto a las ganancias,obras de infraestructura basica social,115.9837,70.0,True
2011,san juan,impuesto a las ganancias,excedente obras de caracter social a buenos aires,430.3692,70.0,True
2011,san juan,impuesto a las ganancias,ley 24699,14.7168,70.0,True
2011,san juan,impuesto sobre los bienes personales,ley 24699,105.7931,70.0,True
2011,san juan,impuesto sobre los activos fondo educacion ley 23906,impuesto sobre los activos fondo educacion ley 23906,0.019,70.0,True
2011,san juan,impuesto a los combustibles liquidos ley 23966 y 24699,obras de infraestructura,18.5322,70.0,True
2011,san juan,impuesto a los combustibles liquidos ley 23966 y 24699,vialidad provincial,32.1708,70.0,True
2011,san juan,impuesto a los combustibles liquidos ley 23966 y 24699,f.e.d.e.i.,5.8879,70.0,True
2011,san juan,impuesto a los combustibles liquidos ley 23966 y 24699,ley 24464 fo.na.vi,97.629,70.0,True
2011,san juan,regimen de energia electrica ley 24065,fondo para compensaciones de tarifa electrica,15.286,70.0,True
2011,san juan,regimen de energia electrica ley 24065,f.e.d.e.i.,7.5478,70.0,True
2011,san juan,fondo compensador de desequilibrios,fondo compensador de desequilibrios,26.4,70.0,True
2011,san juan,regimen simplificado para pequeños contribuyentes ley 24977 art 59 inciso a,regimen simplificado para pequeños contribuyentes ley 24977 art 59 inciso a,29.8963,70.0,True
2011,san luis,coparticipacion federal de impuestos ley 23548,coparticipacion federal de impuestos ley 23548,2344.8749,74.0,True
2011,san luis,transferencia de servicios ley 24049,transferencia de servicios ley 24049,18.9,74.0,True
2011,san luis,impuesto a las ganancias,obras de infraestructura basica social,61.6495,74.0,True
2011,san luis,impuesto a las ganancias,excedente obras de caracter social a buenos aires,290.5921,74.0,True
2011,san luis,impuesto a las ganancias,ley 24699,9.9372,74.0,True
2011,san luis,impuesto sobre los bienes personales,ley 24699,71.4329,74.0,True
2011,san luis,impuesto sobre los activos fondo educacion ley 23906,impuesto sobre los activos fondo educacion ley 23906,0.0157,74.0,True
2011,san luis,impuesto a los combustibles liquidos ley 23966 y 24699,obras de infraestructura,12.5129,74.0,True
2011,san luis,impuesto a los combustibles liquidos ley 23966 y 24699,vialidad provincial,35.316,74.0,True
2011,san luis,impuesto a los combustibles liquidos ley 23966 y 24699,f.e.d.e.i.,5.7679,74.0,True
2011,san luis,impuesto a los combustibles liquidos ley 23966 y 24699,ley 24464 fo.na.vi,97.629,74.0,True
2011,san luis,regimen de energia electrica ley 24065,fondo para compensaciones de tarifa electrica,10.8309,74.0,True
2011,san luis,regimen de energia electrica ley 24065,f.e.d.e.i.,7.3938,74.0,True
2011,san luis,fondo compensador de desequilibrios,fondo compensador de desequilibrios,26.4,74.0,True
2011,san luis,regimen simplificado para pequeños contribuyentes ley 24977 art 59 inciso a,regimen simplificado para pequeños contribuyentes ley 24977 art 59 inciso a,20.1859,74.0,True
2011,santa cruz,coparticipacion federal de impuestos ley 23548,coparticipacion federal de impuestos ley 23548,1624.757,78.0,True
2011,santa cruz,transferencia de servicios ley 24049,transferencia de servicios ley 24049,8.5,78.0,True
2011,santa cruz,impuesto a las ganancias,obras de infraestructura basica social,21.5881,78.0,True
2011,santa cruz,impuesto a las ganancias,excedente obras de caracter social a buenos aires,201.3519,78.0,True
2011,santa cruz,impuesto a las ganancias,ley 24699,6.8856,78.0,True
2011,santa cruz,impuesto sobre los bienes personales,ley 24699,49.4957,78.0,True
2011,santa cruz,impuesto sobre los bienes personales,ley 23966 art 30,4.4732,78.0,True
2011,santa cruz,impuesto sobre los activos fondo educacion ley 23906,impuesto sobre los activos fondo educacion ley 23906,0.0157,78.0,True
2011,santa cruz,i.v.a.ley 23966 art 5 punto 2,i.v.a.ley 23966 art 5 punto 2,12.3542,78.0,True
2011,santa cruz,impuesto a los combustibles liquidos ley 23966 y 24699,obras de infraestructura,8.6705,78.0,True
2011,santa cruz,impuesto a los combustibles liquidos ley 23966 y 24699,vialidad provincial,34.5137,78.0,True
2011,santa cruz,impuesto a los combustibles liquidos ley 23966 y 24699,f.e.d.e.i.,8.1158,78.0,True
2011,santa cruz,impuesto a los combustibles liquidos ley 23966 y 24699,ley 24464 fo.na.vi,85.5926,78.0,True
2011,santa cruz,regimen de energia electrica ley 24065,fondo para compensaciones de tarifa electrica,9.7176,78.0,True
2011,santa cruz,regimen de energia electrica ley 24065,transferencia a empresas de energia electrica,30.0,78.0,True
2011,santa cruz,regimen de energia electrica ley 24065,f.e.d.e.i.,10.4038,78.0,True
2011,santa cruz,fondo compensador de desequilibrios,fondo compensador de desequilibrios,36.0,78.0,True
2011,santa cruz,regimen simplificado para pequeños contribuyentes ley 24977 art 59 inciso a,regimen simplificado para pequeños contribuyentes ley 24977 art 59 inciso a,13.9873,78.0,True
2011,santa fe,coparticipacion federal de impuestos ley 23548,coparticipacion federal de impuestos ley 23548,9181.6197,82.0,True
2011,santa fe,transferencia de servicios ley 24049,transferencia de servicios ley 24049,135.489,82.0,True
2011,santa fe,impuesto a las ganancias,obras de infraestructura basica social,475.6636,82.0,True
2011,santa fe,impuesto a las ganancias,excedente obras de caracter social a buenos aires,1137.8454,82.0,True
2011,santa fe,impuesto a las ganancias,ley 24699,38.91,82.0,True
2011,santa fe,impuesto sobre los bienes personales,ley 24699,279.7036,82.0,True
2011,santa fe,impuesto sobre los bienes personales,ley 23966 art 30,60.329,82.0,True
2011,santa fe,impuesto sobre los activos fondo educacion ley 23906,impuesto sobre los activos fondo educacion ley 23906,0.0638,82.0,True
2011,santa fe,i.v.a.ley 23966 art 5 punto 2,i.v.a.ley 23966 art 5 punto 2,166.6195,82.0,True
2011,santa fe,impuesto a los combustibles liquidos ley 23966 y 24699,obras de infraestructura,78.9966,82.0,True
2011,santa fe,impuesto a los combustibles liquidos ley 23966 y 24699,vialidad provincial,94.7825,82.0,True
2011,santa fe,impuesto a los combustibles liquidos ley 23966 y 24699,f.e.d.e.i.,5.1136,82.0,True
2011,santa fe,impuesto a los combustibles liquidos ley 23966 y 24699,ley 24464 fo.na.vi,151.1244,82.0,True
2011,santa fe,regimen de energia electrica ley 24065,fondo para compensaciones de tarifa electrica,7.2873,82.0,True
2011,santa fe,regimen de energia electrica ley 24065,f.e.d.e.i.,6.5551,82.0,True
2011,santa fe,fondo compensador de desequilibrios,fondo compensador de desequilibrios,6.0,82.0,True
2011,santa fe,regimen simplificado para pequeños contribuyentes ley 24977 art 59 inciso a,regimen simplificado para pequeños contribuyentes ley 24977 art 59 inciso a,79.0418,82.0,True
2011,sgo. del estero,coparticipacion federal de impuestos ley 23548,coparticipacion federal de impuestos ley 23548,4244.5203,86.0,True
2011,sgo. del estero,transferencia de servicios ley 24049,transferencia de servicios ley 24049,31.6,86.0,True
2011,sgo. del estero,impuesto a las ganancias,obras de infraestructura basica social,270.858,86.0,True
2011,sgo. del estero,impuesto a las ganancias,excedente obras de caracter social a buenos aires,526.0147,86.0,True
2011,sgo. del estero,impuesto a las ganancias,ley 24699,17.9879,86.0,True
2011,sgo. del estero,impuesto sobre los bienes personales,ley 24699,129.3026,86.0,True
2011,sgo. del estero,impuesto sobre los activos fondo educacion ley 23906,impuesto sobre los activos fondo educacion ley 23906,0.0317,86.0,True
2011,sgo. del estero,impuesto a los combustibles liquidos ley 23966 y 24699,obras de infraestructura,22.6505,86.0,True
2011,sgo. del estero,impuesto a los combustibles liquidos ley 23966 y 24699,vialidad provincial,39.4475,86.0,True
2011,sgo. del estero,impuesto a los combustibles liquidos ley 23966 y 24699,f.e.d.e.i.,6.818,86.0,True
2011,sgo. del estero,impuesto a los combustibles liquidos ley 23966 y 24699,ley 24464 fo.na.vi,115.015,86.0,True
2011,sgo. del estero,regimen de energia electrica ley 24065,fondo para compensaciones de tarifa electrica,12.3445,86.0,True
2011,sgo. del estero,regimen de energia electrica ley 24065,f.e.d.e.i.,8.0101,86.0,True
2011,sgo. del estero,fondo compensador de desequilibrios,fondo compensador de desequilibrios,26.4,86.0,True
2011,sgo. del estero,regimen simplificado para pequeños contribuyentes ley 24977 art 59 inciso a,regimen simplificado para pequeños contribuyentes ley 24977 art 59 inciso a,36.54,86.0,True
2011,tucuman,coparticipacion federal de impuestos ley 23548,coparticipacion federal de impuestos ley 23548,4887.6295,90.0,True
2011,tucuman,transferencia de servicios ley 24049,transferencia de servicios ley 24049,55.8,90.0,True
2011,tucuman,impuesto a las ganancias,obras de infraestructura basica social,343.7307,90.0,True
2011,tucuman,impuesto a las ganancias,excedente obras de caracter social a buenos aires,605.7075,90.0,True
2011,tucuman,impuesto a las ganancias,ley 24699,20.7132,90.0,True
2011,tucuman,impuesto sobre los bienes personales,ley 24699,148.8939,90.0,True
2011,tucuman,impuesto sobre los activos fondo educacion ley 23906,impuesto sobre los activos fondo educacion ley 23906,0.0287,90.0,True
2011,tucuman,impuesto a los combustibles liquidos ley 23966 y 24699,obras de infraestructura,26.0823,90.0,True
2011,tucuman,impuesto a los combustibles liquidos ley 23966 y 24699,vialidad provincial,34.3257,90.0,True
2011,tucuman,impuesto a los combustibles liquidos ley 23966 y 24699,f.e.d.e.i.,5.2514,90.0,True
2011,tucuman,impuesto a los combustibles liquidos ley 23966 y 24699,ley 24464 fo.na.vi,112.3403,90.0,True
2011,tucuman,regimen de energia electrica ley 24065,fondo para compensaciones de tarifa electrica,9.6975,90.0,True
2011,tucuman,regimen de energia electrica ley 24065,f.e.d.e.i.,6.7245,90.0,True
2011,tucuman,fondo compensador de desequilibrios,fondo compensador de desequilibrios,26.4,90.0,True
2011,tucuman,regimen simplificado para pequeños contribuyentes ley 24977 art 59 inciso a,regimen simplificado para pequeños contribuyentes ley 24977 art 59 inciso a,42.0763,90.0,True
2011,tierra del fuego,coparticipacion federal de impuestos ley 23548,coparticipacion federal de impuestos ley 23548,1270.7846,94.0,True
2011,tierra del fuego,transferencia de servicios ley 24049,transferencia de servicios ley 24049,12.0,94.0,True
2011,tierra del fuego,impuesto a las ganancias,obras de infraestructura basica social,15.1584,94.0,True
2011,tierra del fuego,impuesto a las ganancias,excedente obras de caracter social a buenos aires,157.0289,94.0,True
2011,tierra del fuego,impuesto a las ganancias,ley 24699,5.37,94.0,True
2011,tierra del fuego,impuesto sobre los bienes personales,ley 24699,38.5992,94.0,True
2011,tierra del fuego,impuesto sobre los bienes personales,ley 23966 art 30,0.3968,94.0,True
2011,tierra del fuego,impuesto sobre los activos fondo educacion ley 23906,impuesto sobre los activos fondo educacion ley 23906,0.0075,94.0,True
2011,tierra del fuego,i.v.a.ley 23966 art 5 punto 2,i.v.a.ley 23966 art 5 punto 2,1.0958,94.0,True
2011,tierra del fuego,impuesto a los combustibles liquidos ley 23966 y 24699,obras de infraestructura,6.7617,94.0,True
2011,tierra del fuego,impuesto a los combustibles liquidos ley 23966 y 24699,vialidad provincial,17.5108,94.0,True
2011,tierra del fuego,impuesto a los combustibles liquidos ley 23966 y 24699,f.e.d.e.i.,5.9683,94.0,True
2011,tierra del fuego,impuesto a los combustibles liquidos ley 23966 y 24699,ley 24464 fo.na.vi,70.8814,94.0,True
2011,tierra del fuego,regimen de energia electrica ley 24065,fondo para compensaciones de tarifa electrica,7.1307,94.0,True
2011,tierra del fuego,regimen de energia electrica ley 24065,f.e.d.e.i.,7.6508,94.0,True
2011,tierra del fuego,fondo compensador de desequilibrios,fondo compensador de desequilibrios,36.0,94.0,True
2011,tierra del fuego,regimen simplificado para pequeños contribuyentes ley 24977 art 59 inciso a,regimen simplificado para pequeños contribuyentes ley 24977 art 59 inciso a,10.9081,94.0,True
2011,c.a.b.a,coparticipacion federal de impuestos ley 23548,coparticipacion federal de impuestos ley 23548,2565.5692,2.0,True
2011,c.a.b.a,impuesto sobre los activos fondo educacion ley 23906,impuesto sobre los activos fondo educacion ley 23906,0.0273,2.0,True
2011,c.a.b.a,impuesto a los combustibles liquidos ley 23966 y 24699,ley 24464 fo.na.vi,34.772,2.0,True
2011,tesoro nacional,coparticipacion federal de impuestos ley 23548,coparticipacion federal de impuestos ley 23548,73741.7882,,False
2011,tesoro nacional,impuesto sobre los bienes personales,ley 24699,2296.1017,,False
2011,tesoro nacional,impuesto sobre los activos fondo educacion ley 23906,impuesto sobre los activos fondo educacion ley 23906,0.4135,,False
2011,tesoro nacional,impuesto a los combustibles liquidos ley 23966 y 24699,vialidad provincial,1846.8638,,False
2011,seguridad social,coparticipacion federal de impuestos ley 23548,coparticipacion federal de impuestos ley 23548,32436.0955,,False
2011,seguridad social,impuesto a las ganancias,obras de infraestructura basica social,21442.2432,,False
2011,seguridad social,impuesto a las ganancias,ley 24699,120.0,,False
2011,seguridad social,i.v.a.ley 23966 art 5 punto 2,i.v.a.ley 23966 art 5 punto 2,15229.3067,,False
2011,seguridad social,regimen simplificado para pequeños contribuyentes ley 24977 art 59 inciso a,regimen simplificado para pequeños contribuyentes ley 24977 art 59 inciso a,2085.5681,,False
2011,fondo a.t.n.,coparticipacion federal de impuestos ley 23548,coparticipacion federal de impuestos ley 23548,1832.5494,,False
2011,fondo a.t.n.,impuesto a las ganancias,obras de infraestructura basica social,2144.2243,,False
2011,fondo a.t.n.,impuesto a las ganancias,ley 24699,20.0,,False
2011,fondo a.t.n.,impuesto sobre los bienes personales,ley 24699,55.1417,,False
2012,buenos aires,coparticipacion federal de impuestos neta ley 26075,coparticipacion federal de impuestos neta ley 26075,22948.8338,6.0,True
2012,buenos aires,financiamiento educativo ley 26075,financiamiento educativo ley 26075,5689.7526,6.0,True
2012,buenos aires,transferencia de servicios ley 24049,transferencia de servicios ley 24049,420.1,6.0,True
2012,buenos aires,impuesto a las ganancias,obras de infraestructura basica social,650.0,6.0,True
2012,buenos aires,impuesto a las ganancias,ley 24699,95.6087,6.0,True
2012,buenos aires,impuesto sobre los bienes personales,ley 24699,847.5804,6.0,True
2012,buenos aires,impuesto sobre los bienes personales,ley 23966 art 30,201.7841,6.0,True
2012,buenos aires,impuesto sobre los activos fondo educacion ley 23906,impuesto sobre los activos fondo educacion ley 23906,0.2924,6.0,True
2012,buenos aires,i.v.a.ley 23966 art 5 punto 2,i.v.a.ley 23966 art 5 punto 2,573.0935,6.0,True
2012,buenos aires,impuesto a los combustibles liquidos ley 23966 y 24699,obras de infraestructura,139.3016,6.0,True
2012,buenos aires,impuesto a los combustibles liquidos ley 23966 y 24699,vialidad provincial,363.5733,6.0,True
2012,buenos aires,impuesto a los combustibles liquidos ley 23966 y 24699,f.e.d.e.i.,8.6632,6.0,True
2012,buenos aires,impuesto a los combustibles liquidos ley 23966 y 24699,ley 24464 fo.na.vi,545.4054,6.0,True
2012,buenos aires,regimen de energia electrica ley 24065,fondo para compensaciones de tarifa electrica,10.2308,6.0,True
2012,buenos aires,regimen de energia electrica ley 24065,f.e.d.e.i.,6.761,6.0,True
2012,buenos aires,regimen simplificado para pequeños contribuyentes ley 24977 art 59 inciso a,regimen simplificado para pequeños contribuyentes ley 24977 art 59 inciso a,248.8994,6.0,True
2012,catamarca,coparticipacion federal de impuestos neta ley 26075,coparticipacion federal de impuestos neta ley 26075,3284.3429,10.0,True
2012,catamarca,financiamiento educativo ley 26075,financiamiento educativo ley 26075,307.6498,10.0,True
2012,catamarca,transferencia de servicios ley 24049,transferencia de servicios ley 24049,21.4,10.0,True
2012,catamarca,impuesto a las ganancias,obras de infraestructura basica social,98.4708,10.0,True
2012,catamarca,impuesto a las ganancias,excedente obras de caracter social a buenos aires,455.6951,10.0,True
2012,catamarca,impuesto a las ganancias,ley 24699,11.9916,10.0,True
2012,catamarca,impuesto sobre los bienes personales,ley 24699,106.3077,10.0,True
2012,catamarca,impuesto sobre los activos fondo educacion ley 23906,impuesto sobre los activos fondo educacion ley 23906,0.0219,10.0,True
2012,catamarca,impuesto a los combustibles liquidos ley 23966 y 24699,obras de infraestructura,21.235,10.0,True
2012,catamarca,impuesto a los combustibles liquidos ley 23966 y 24699,vialidad provincial,36.023,10.0,True
2012,catamarca,impuesto a los combustibles liquidos ley 23966 y 24699,f.e.d.e.i.,13.0567,10.0,True
2012,catamarca,impuesto a los combustibles liquidos ley 23966 y 24699,ley 24464 fo.na.vi,78.9897,10.0,True
2012,catamarca,regimen de energia electrica ley 24065,fondo para compensaciones de tarifa electrica,14.3245,10.0,True
2012,catamarca,regimen de energia electrica ley 24065,f.e.d.e.i.,10.1798,10.0,True
2012,catamarca,fondo compensador de desequilibrios,fondo compensador de desequilibrios,26.4,10.0,True
2012,catamarca,regimen simplificado para pequeños contribuyentes ley 24977 art 59 inciso a,regimen simplificado para pequeños contribuyentes ley 24977 art 59 inciso a,31.2187,10.0,True
2012,cordoba,coparticipacion federal de impuestos neta ley 26075,coparticipacion federal de impuestos neta ley 26075,10262.5445,14.0,True
2012,cordoba,financiamiento educativo ley 26075,financiamiento educativo ley 26075,1317.2361,14.0,True
2012,cordoba,transferencia de servicios ley 24049,transferencia de servicios ley 24049,125.3,14.0,True
2012,cordoba,impuesto a las ganancias,obras de infraestructura basica social,544.9253,14.0,True
2012,cordoba,impuesto a las ganancias,excedente obras de caracter social a buenos aires,1469.0343,14.0,True
2012,cordoba,impuesto a las ganancias,ley 24699,38.658,14.0,True
2012,cordoba,impuesto sobre los bienes personales,ley 24699,342.7123,14.0,True
2012,cordoba,impuesto sobre los bienes personales,ley 23966 art 30,68.9101,14.0,True
2012,cordoba,impuesto sobre los activos fondo educacion ley 23906,impuesto sobre los activos fondo educacion ley 23906,0.0809,14.0,True
2012,cordoba,i.v.a.ley 23966 art 5 punto 2,i.v.a.ley 23966 art 5 punto 2,195.7139,14.0,True
2012,cordoba,impuesto a los combustibles liquidos ley 23966 y 24699,obras de infraestructura,68.4562,14.0,True
2012,cordoba,impuesto a los combustibles liquidos ley 23966 y 24699,vialidad provincial,125.0954,14.0,True
2012,cordoba,impuesto a los combustibles liquidos ley 23966 y 24699,f.e.d.e.i.,8.6632,14.0,True
2012,cordoba,impuesto a los combustibles liquidos ley 23966 y 24699,ley 24464 fo.na.vi,212.52,14.0,True
2012,cordoba,regimen de energia electrica ley 24065,fondo para compensaciones de tarifa electrica,9.0142,14.0,True
2012,cordoba,regimen de energia electrica ley 24065,f.e.d.e.i.,6.741,14.0,True
2012,cordoba,fondo compensador de desequilibrios,fondo compensador de desequilibrios,6.0,14.0,True
2012,cordoba,regimen simplificado para pequeños contribuyentes ley 24977 art 59 inciso a,regimen simplificado para pequeños contribuyentes ley 24977 art 59 inciso a,100.6411,14.0,True
2012,corrientes,coparticipacion federal de impuestos neta ley 26075,coparticipacion federal de impuestos neta ley 26075,4253.8519,18.0,True
2012,corrientes,financiamiento educativo ley 26075,financiamiento educativo ley 26075,594.0823,18.0,True
2012,corrientes,transferencia de servicios ley 24049,transferencia de servicios ley 24049,38.6,18.0,True
2012,corrientes,impuesto a las ganancias,obras de infraestructura basica social,365.7817,18.0,True
2012,corrientes,impuesto a las ganancias,excedente obras de caracter social a buenos aires,615.0314,18.0,True
2012,corrientes,impuesto a las ganancias,ley 24699,16.1844,18.0,True
2012,corrientes,impuesto sobre los bienes personales,ley 24699,143.4782,18.0,True
2012,corrientes,impuesto sobre los bienes personales,ley 23966 art 30,22.0343,18.0,True
2012,corrientes,impuesto sobre los activos fondo educacion ley 23906,impuesto sobre los activos fondo educacion ley 23906,0.0363,18.0,True
2012,corrientes,i.v.a.ley 23966 art 5 punto 2,i.v.a.ley 23966 art 5 punto 2,62.5802,18.0,True
2012,corrientes,impuesto a los combustibles liquidos ley 23966 y 24699,obras de infraestructura,28.6595,18.0,True
2012,corrientes,impuesto a los combustibles liquidos ley 23966 y 24699,vialidad provincial,44.0082,18.0,True
2012,corrientes,impuesto a los combustibles liquidos ley 23966 y 24699,f.e.d.e.i.,10.9676,18.0,True
2012,corrientes,impuesto a los combustibles liquidos ley 23966 y 24699,ley 24464 fo.na.vi,186.1901,18.0,True
2012,corrientes,regimen de energia electrica ley 24065,fondo para compensaciones de tarifa electrica,11.9838,18.0,True
2012,corrientes,regimen de energia electrica ley 24065,f.e.d.e.i.,8.5594,18.0,True
2012,corrientes,fondo compensador de desequilibrios,fondo compensador de desequilibrios,18.0,18.0,True
2012,corrientes,regimen simplificado para pequeños contribuyentes ley 24977 art 59 inciso a,regimen simplificado para pequeños contribuyentes ley 24977 art 59 inciso a,42.1339,18.0,True
2012,chaco,coparticipacion federal de impuestos neta ley 26075,coparticipacion federal de impuestos neta ley 26075,5844.5068,22.0,True
2012,chaco,financiamiento educativo ley 26075,financiamiento educativo ley 26075,661.2702,22.0,True
2012,chaco,transferencia de servicios ley 24049,transferencia de servicios ley 24049,33.6,22.0,True
2012,chaco,impuesto a las ganancias,obras de infraestructura basica social,447.5492,22.0,True
2012,chaco,impuesto a las ganancias,excedente obras de caracter social a buenos aires,825.3421,22.0,True
2012,chaco,impuesto a las ganancias,ley 24699,21.7188,22.0,True
2012,chaco,impuesto sobre los bienes personales,ley 24699,192.5433,22.0,True
2012,chaco,impuesto sobre los bienes personales,ley 23966 art 30,17.3227,22.0,True
2012,chaco,impuesto sobre los activos fondo educacion ley 23906,impuesto sobre los activos fondo educacion ley 23906,0.0474,22.0,True
2012,chaco,i.v.a.ley 23966 art 5 punto 2,i.v.a.ley 23966 art 5 punto 2,49.1987,22.0,True
2012,chaco,impuesto a los combustibles liquidos ley 23966 y 24699,obras de infraestructura,38.4604,22.0,True
2012,chaco,impuesto a los combustibles liquidos ley 23966 y 24699,vialidad provincial,50.0989,22.0,True
2012,chaco,impuesto a los combustibles liquidos ley 23966 y 24699,f.e.d.e.i.,11.6485,22.0,True
2012,chaco,impuesto a los combustibles liquidos ley 23966 y 24699,ley 24464 fo.na.vi,173.0252,22.0,True
2012,chaco,regimen de energia electrica ley 24065,fondo para compensaciones de tarifa electrica,13.3001,22.0,True
2012,chaco,regimen de energia electrica ley 24065,f.e.d.e.i.,9.0808,22.0,True
2012,chaco,fondo compensador de desequilibrios,fondo compensador de desequilibrios,6.0,22.0,True
2012,chaco,regimen simplificado para pequeños contribuyentes ley 24977 art 59 inciso a,regimen simplificado para pequeños contribuyentes ley 24977 art 59 inciso a,56.5427,22.0,True
2012,chubut,coparticipacion federal de impuestos neta ley 26075,coparticipacion federal de impuestos neta ley 26075,1795.4811,26.0,True
2012,chubut,financiamiento educativo ley 26075,financiamiento educativo ley 26075,266.9834,26.0,True
2012,chubut,transferencia de servicios ley 24049,transferencia de servicios ley 24049,24.2,26.0,True
2012,chubut,impuesto a las ganancias,obras de infraestructura basica social,87.02,26.0,True
2012,chubut,impuesto a las ganancias,excedente obras de caracter social a buenos aires,261.6517,26.0,True
2012,chubut,impuesto a las ganancias,ley 24699,6.8856,26.0,True
2012,chubut,impuesto sobre los bienes personales,ley 24699,61.0402,26.0,True
2012,chubut,impuesto sobre los bienes personales,ley 23966 art 30,6.7763,26.0,True
2012,chubut,impuesto sobre los activos fondo educacion ley 23906,impuesto sobre los activos fondo educacion ley 23906,0.0219,26.0,True
2012,chubut,i.v.a.ley 23966 art 5 punto 2,i.v.a.ley 23966 art 5 punto 2,19.2456,26.0,True
2012,chubut,impuesto a los combustibles liquidos ley 23966 y 24699,obras de infraestructura,12.1929,26.0,True
2012,chubut,impuesto a los combustibles liquidos ley 23966 y 24699,vialidad provincial,55.2301,26.0,True
2012,chubut,impuesto a los combustibles liquidos ley 23966 y 24699,f.e.d.e.i.,12.2133,26.0,True
2012,chubut,impuesto a los combustibles liquidos ley 23966 y 24699,ley 24464 fo.na.vi,120.3653,26.0,True
2012,chubut,regimen de energia electrica ley 24065,fondo para compensaciones de tarifa electrica,17.9731,26.0,True
2012,chubut,regimen de energia electrica ley 24065,f.e.d.e.i.,9.5315,26.0,True
2012,chubut,fondo compensador de desequilibrios,fondo compensador de desequilibrios,36.0,26.0,True
2012,chubut,regimen simplificado para pequeños contribuyentes ley 24977 art 59 inciso a,regimen simplificado para pequeños contribuyentes ley 24977 art 59 inciso a,17.9255,26.0,True
2012,entre rios,coparticipacion federal de impuestos neta ley 26075,coparticipacion federal de impuestos neta ley 26075,5782.3816,30.0,True
2012,entre rios,financiamiento educativo ley 26075,financiamiento educativo ley 26075,585.2418,30.0,True
2012,entre rios,transferencia de servicios ley 24049,transferencia de servicios ley 24049,67.5,30.0,True
2012,entre rios,impuesto a las ganancias,obras de infraestructura basica social,280.3849,30.0,True
2012,entre rios,impuesto a las ganancias,excedente obras de caracter social a buenos aires,807.8184,30.0,True
2012,entre rios,impuesto a las ganancias,ley 24699,21.258,30.0,True
2012,entre rios,impuesto sobre los bienes personales,ley 24699,188.4546,30.0,True
2012,entre rios,impuesto sobre los bienes personales,ley 23966 art 30,29.9055,30.0,True
2012,entre rios,impuesto sobre los activos fondo educacion ley 23906,impuesto sobre los activos fondo educacion ley 23906,0.0376,30.0,True
2012,entre rios,i.v.a.ley 23966 art 5 punto 2,i.v.a.ley 23966 art 5 punto 2,84.9355,30.0,True
2012,entre rios,impuesto a los combustibles liquidos ley 23966 y 24699,obras de infraestructura,37.6431,30.0,True
2012,entre rios,impuesto a los combustibles liquidos ley 23966 y 24699,vialidad provincial,61.8734,30.0,True
2012,entre rios,impuesto a los combustibles liquidos ley 23966 y 24699,f.e.d.e.i.,10.0247,30.0,True
2012,entre rios,impuesto a los combustibles liquidos ley 23966 y 24699,ley 24464 fo.na.vi,146.6952,30.0,True
2012,entre rios,regimen de energia electrica ley 24065,fondo para compensaciones de tarifa electrica,13.442,30.0,True
2012,entre rios,regimen de energia electrica ley 24065,f.e.d.e.i.,7.8235,30.0,True
2012,entre rios,fondo compensador de desequilibrios,fondo compensador de desequilibrios,21.6,30.0,True
2012,entre rios,regimen simplificado para pequeños contribuyentes ley 24977 art 59 inciso a,regimen simplificado para pequeños contribuyentes ley 24977 art 59 inciso a,55.3411,30.0,True
2012,formosa,coparticipacion federal de impuestos neta ley 26075,coparticipacion federal de impuestos neta ley 26075,4346.0997,34.0,True
2012,formosa,financiamiento educativo ley 26075,financiamiento educativo ley 26075,401.3592,34.0,True
2012,formosa,transferencia de servicios ley 24049,transferencia de servicios ley 24049,20.7,34.0,True
2012,formosa,impuesto a las ganancias,obras de infraestructura basica social,225.4148,34.0,True
2012,formosa,impuesto a las ganancias,excedente obras de caracter social a buenos aires,602.2845,34.0,True
2012,formosa,impuesto a las ganancias,ley 24699,15.8495,34.0,True
2012,formosa,impuesto sobre los bienes personales,ley 24699,140.5046,34.0,True
2012,formosa,impuesto sobre los bienes personales,ley 23966 art 30,8.0692,34.0,True
2012,formosa,impuesto sobre los activos fondo educacion ley 23906,impuesto sobre los activos fondo educacion ley 23906,0.0256,34.0,True
2012,formosa,i.v.a.ley 23966 art 5 punto 2,i.v.a.ley 23966 art 5 punto 2,22.9177,34.0,True
2012,formosa,impuesto a los combustibles liquidos ley 23966 y 24699,obras de infraestructura,28.0658,34.0,True
2012,formosa,impuesto a los combustibles liquidos ley 23966 y 24699,vialidad provincial,34.762,34.0,True
2012,formosa,impuesto a los combustibles liquidos ley 23966 y 24699,f.e.d.e.i.,13.4605,34.0,True
2012,formosa,impuesto a los combustibles liquidos ley 23966 y 24699,ley 24464 fo.na.vi,150.4567,34.0,True
2012,formosa,regimen de energia electrica ley 24065,fondo para compensaciones de tarifa electrica,13.4054,34.0,True
2012,formosa,regimen de energia electrica ley 24065,f.e.d.e.i.,10.5049,34.0,True
2012,formosa,fondo compensador de desequilibrios,fondo compensador de desequilibrios,26.4,34.0,True
2012,formosa,regimen simplificado para pequeños contribuyentes ley 24977 art 59 inciso a,regimen simplificado para pequeños contribuyentes ley 24977 art 59 inciso a,41.261,34.0,True
2012,jujuy,coparticipacion federal de impuestos neta ley 26075,coparticipacion federal de impuestos neta ley 26075,3323.1174,38.0,True
2012,jujuy,financiamiento educativo ley 26075,financiamiento educativo ley 26075,381.9101,38.0,True
2012,jujuy,transferencia de servicios ley 24049,transferencia de servicios ley 24049,33.3,38.0,True
2012,jujuy,impuesto a las ganancias,obras de infraestructura basica social,242.4626,38.0,True
2012,jujuy,impuesto a las ganancias,excedente obras de caracter social a buenos aires,470.0386,38.0,True
2012,jujuy,impuesto a las ganancias,ley 24699,12.3695,38.0,True
2012,jujuy,impuesto sobre los bienes personales,ley 24699,109.6531,38.0,True
2012,jujuy,impuesto sobre los activos fondo educacion ley 23906,impuesto sobre los activos fondo educacion ley 23906,0.0233,38.0,True
2012,jujuy,impuesto a los combustibles liquidos ley 23966 y 24699,obras de infraestructura,21.9027,38.0,True
2012,jujuy,impuesto a los combustibles liquidos ley 23966 y 24699,vialidad provincial,34.643,38.0,True
2012,jujuy,impuesto a los combustibles liquidos ley 23966 y 24699,f.e.d.e.i.,10.8621,38.0,True
2012,jujuy,impuesto a los combustibles liquidos ley 23966 y 24699,ley 24464 fo.na.vi,112.8425,38.0,True
2012,jujuy,regimen de energia electrica ley 24065,fondo para compensaciones de tarifa electrica,19.6011,38.0,True
2012,jujuy,regimen de energia electrica ley 24065,f.e.d.e.i.,8.4771,38.0,True
2012,jujuy,fondo compensador de desequilibrios,fondo compensador de desequilibrios,26.4,38.0,True
2012,jujuy,regimen simplificado para pequeños contribuyentes ley 24977 art 59 inciso a,regimen simplificado para pequeños contribuyentes ley 24977 art 59 inciso a,32.2003,38.0,True
2012,la pampa,coparticipacion federal de impuestos neta ley 26075,coparticipacion federal de impuestos neta ley 26075,2249.2904,42.0,True
2012,la pampa,financiamiento educativo ley 26075,financiamiento educativo ley 26075,199.7955,42.0,True
2012,la pampa,transferencia de servicios ley 24049,transferencia de servicios ley 24049,19.2,42.0,True
2012,la pampa,impuesto a las ganancias,obras de infraestructura basica social,42.3352,42.0,True
2012,la pampa,impuesto a las ganancias,excedente obras de caracter social a buenos aires,310.7024,42.0,True
2012,la pampa,impuesto a las ganancias,ley 24699,8.1756,42.0,True
2012,la pampa,impuesto sobre los bienes personales,ley 24699,72.4825,42.0,True
2012,la pampa,impuesto sobre los bienes personales,ley 23966 art 30,5.8374,42.0,True
2012,la pampa,impuesto sobre los activos fondo educacion ley 23906,impuesto sobre los activos fondo educacion ley 23906,0.0193,42.0,True
2012,la pampa,i.v.a.ley 23966 art 5 punto 2,i.v.a.ley 23966 art 5 punto 2,16.5791,42.0,True
2012,la pampa,impuesto a los combustibles liquidos ley 23966 y 24699,obras de infraestructura,14.4782,42.0,True
2012,la pampa,impuesto a los combustibles liquidos ley 23966 y 24699,vialidad provincial,39.7815,42.0,True
2012,la pampa,impuesto a los combustibles liquidos ley 23966 y 24699,f.e.d.e.i.,9.6425,42.0,True
2012,la pampa,impuesto a los combustibles liquidos ley 23966 y 24699,ley 24464 fo.na.vi,75.2283,42.0,True
2012,la pampa,regimen de energia electrica ley 24065,fondo para compensaciones de tarifa electrica,17.0038,42.0,True
2012,la pampa,regimen de energia electrica ley 24065,f.e.d.e.i.,7.5253,42.0,True
2012,la pampa,fondo compensador de desequilibrios,fondo compensador de desequilibrios,30.0,42.0,True
2012,la pampa,regimen simplificado para pequeños contribuyentes ley 24977 art 59 inciso a,regimen simplificado para pequeños contribuyentes ley 24977 art 59 inciso a,21.2851,42.0,True
2012,la rioja,coparticipacion federal de impuestos neta ley 26075,coparticipacion federal de impuestos neta ley 26075,2454.508,46.0,True
2012,la rioja,financiamiento educativo ley 26075,financiamiento educativo ley 26075,245.7662,46.0,True
2012,la rioja,transferencia de servicios ley 24049,transferencia de servicios ley 24049,20.3,46.0,True
2012,la rioja,impuesto a las ganancias,obras de infraestructura basica social,81.4795,46.0,True
2012,la rioja,impuesto a las ganancias,excedente obras de caracter social a buenos aires,342.5696,46.0,True
2012,la rioja,impuesto a las ganancias,ley 24699,9.0144,46.0,True
2012,la rioja,impuesto sobre los bienes personales,ley 24699,79.9166,46.0,True
2012,la rioja,impuesto sobre los activos fondo educacion ley 23906,impuesto sobre los activos fondo educacion ley 23906,0.0188,46.0,True
2012,la rioja,impuesto a los combustibles liquidos ley 23966 y 24699,obras de infraestructura,15.9632,46.0,True
2012,la rioja,impuesto a los combustibles liquidos ley 23966 y 24699,vialidad provincial,34.7501,46.0,True
2012,la rioja,impuesto a los combustibles liquidos ley 23966 y 24699,f.e.d.e.i.,12.7043,46.0,True
2012,la rioja,impuesto a los combustibles liquidos ley 23966 y 24699,ley 24464 fo.na.vi,75.2283,46.0,True
2012,la rioja,regimen de energia electrica ley 24065,fondo para compensaciones de tarifa electrica,13.1264,46.0,True
2012,la rioja,regimen de energia electrica ley 24065,f.e.d.e.i.,9.9147,46.0,True
2012,la rioja,fondo compensador de desequilibrios,fondo compensador de desequilibrios,26.4,46.0,True
2012,la rioja,regimen simplificado para pequeños contribuyentes ley 24977 art 59 inciso a,regimen simplificado para pequeños contribuyentes ley 24977 art 59 inciso a,23.4684,46.0,True
2012,mendoza,coparticipacion federal de impuestos neta ley 26075,coparticipacion federal de impuestos neta ley 26075,4653.1893,50.0,True
2012,mendoza,financiamiento educativo ley 26075,financiamiento educativo ley 26075,785.0373,50.0,True
2012,mendoza,transferencia de servicios ley 24049,transferencia de servicios ley 24049,61.7,50.0,True
2012,mendoza,impuesto a las ganancias,obras de infraestructura basica social,333.6378,50.0,True
2012,mendoza,impuesto a las ganancias,excedente obras de caracter social a buenos aires,689.9161,50.0,True
2012,mendoza,impuesto a las ganancias,ley 24699,18.1548,50.0,True
2012,mendoza,impuesto sobre los bienes personales,ley 24699,160.9484,50.0,True
2012,mendoza,impuesto sobre los activos fondo educacion ley 23906,impuesto sobre los activos fondo educacion ley 23906,0.0399,50.0,True
2012,mendoza,impuesto a los combustibles liquidos ley 23966 y 24699,obras de infraestructura,32.1493,50.0,True
2012,mendoza,impuesto a los combustibles liquidos ley 23966 y 24699,vialidad provincial,68.3416,50.0,True
2012,mendoza,impuesto a los combustibles liquidos ley 23966 y 24699,f.e.d.e.i.,12.3391,50.0,True
2012,mendoza,impuesto a los combustibles liquidos ley 23966 y 24699,ley 24464 fo.na.vi,150.4567,50.0,True
2012,mendoza,regimen de energia electrica ley 24065,fondo para compensaciones de tarifa electrica,9.7224,50.0,True
2012,mendoza,regimen de energia electrica ley 24065,f.e.d.e.i.,10.3294,50.0,True
2012,mendoza,fondo compensador de desequilibrios,fondo compensador de desequilibrios,26.4,50.0,True
2012,mendoza,regimen simplificado para pequeños contribuyentes ley 24977 art 59 inciso a,regimen simplificado para pequeños contribuyentes ley 24977 art 59 inciso a,47.2644,50.0,True
2012,misiones,coparticipacion federal de impuestos neta ley 26075,coparticipacion federal de impuestos neta ley 26075,3637.7686,54.0,True
2012,misiones,financiamiento educativo ley 26075,financiamiento educativo ley 26075,670.1107,54.0,True
2012,misiones,transferencia de servicios ley 24049,transferencia de servicios ley 24049,34.1,54.0,True
2012,misiones,impuesto a las ganancias,obras de infraestructura basica social,360.2374,54.0,True
2012,misiones,impuesto a las ganancias,excedente obras de caracter social a buenos aires,546.507,54.0,True
2012,misiones,impuesto a las ganancias,ley 24699,14.382,54.0,True
2012,misiones,impuesto sobre los bienes personales,ley 24699,127.4949,54.0,True
2012,misiones,impuesto sobre los bienes personales,ley 23966 art 30,9.4603,54.0,True
2012,misiones,impuesto sobre los activos fondo educacion ley 23906,impuesto sobre los activos fondo educacion ley 23906,0.0297,54.0,True
2012,misiones,i.v.a.ley 23966 art 5 punto 2,i.v.a.ley 23966 art 5 punto 2,26.8685,54.0,True
2012,misiones,impuesto a los combustibles liquidos ley 23966 y 24699,obras de infraestructura,25.4665,54.0,True
2012,misiones,impuesto a los combustibles liquidos ley 23966 y 24699,vialidad provincial,64.0788,54.0,True
2012,misiones,impuesto a los combustibles liquidos ley 23966 y 24699,f.e.d.e.i.,14.6137,54.0,True
2012,misiones,impuesto a los combustibles liquidos ley 23966 y 24699,ley 24464 fo.na.vi,176.7866,54.0,True
2012,misiones,regimen de energia electrica ley 24065,fondo para compensaciones de tarifa electrica,15.6708,54.0,True
2012,misiones,regimen de energia electrica ley 24065,f.e.d.e.i.,12.81,54.0,True
2012,misiones,fondo compensador de desequilibrios,fondo compensador de desequilibrios,26.4,54.0,True
2012,misiones,regimen simplificado para pequeños contribuyentes ley 24977 art 59 inciso a,regimen simplificado para pequeños contribuyentes ley 24977 art 59 inciso a,37.4397,54.0,True
2012,neuquen,coparticipacion federal de impuestos neta ley 26075,coparticipacion federal de impuestos neta ley 26075,1975.2146,58.0,True
2012,neuquen,financiamiento educativo ley 26075,financiamiento educativo ley 26075,288.2006,58.0,True
2012,neuquen,transferencia de servicios ley 24049,transferencia de servicios ley 24049,17.4,58.0,True
2012,neuquen,impuesto a las ganancias,obras de infraestructura basica social,110.0995,58.0,True
2012,neuquen,impuesto a las ganancias,excedente obras de caracter social a buenos aires,287.1455,58.0,True
2012,neuquen,impuesto a las ganancias,ley 24699,7.5564,58.0,True
2012,neuquen,impuesto sobre los bienes personales,ley 24699,66.9875,58.0,True
2012,neuquen,impuesto sobre los bienes personales,ley 23966 art 30,4.2546,58.0,True
2012,neuquen,impuesto sobre los activos fondo educacion ley 23906,impuesto sobre los activos fondo educacion ley 23906,0.0263,58.0,True
2012,neuquen,i.v.a.ley 23966 art 5 punto 2,i.v.a.ley 23966 art 5 punto 2,12.0835,58.0,True
2012,neuquen,impuesto a los combustibles liquidos ley 23966 y 24699,obras de infraestructura,13.3804,58.0,True
2012,neuquen,impuesto a los combustibles liquidos ley 23966 y 24699,vialidad provincial,47.6276,58.0,True
2012,neuquen,impuesto a los combustibles liquidos ley 23966 y 24699,f.e.d.e.i.,11.3267,58.0,True
2012,neuquen,impuesto a los combustibles liquidos ley 23966 y 24699,ley 24464 fo.na.vi,161.7409,58.0,True
2012,neuquen,regimen de energia electrica ley 24065,fondo para compensaciones de tarifa electrica,14.3805,58.0,True
2012,neuquen,regimen de energia electrica ley 24065,f.e.d.e.i.,8.8316,58.0,True
2012,neuquen,fondo compensador de desequilibrios,fondo compensador de desequilibrios,30.0,58.0,True
2012,neuquen,regimen simplificado para pequeños contribuyentes ley 24977 art 59 inciso a,regimen simplificado para pequeños contribuyentes ley 24977 art 59 inciso a,19.6712,58.0,True
2012,rio negro,coparticipacion federal de impuestos neta ley 26075,coparticipacion federal de impuestos neta ley 26075,2972.3083,62.0,True
2012,rio negro,financiamiento educativo ley 26075,financiamiento educativo ley 26075,318.2584,62.0,True
2012,rio negro,transferencia de servicios ley 24049,transferencia de servicios ley 24049,14.6,62.0,True
2012,rio negro,impuesto a las ganancias,obras de infraestructura basica social,134.9286,62.0,True
2012,rio negro,impuesto a las ganancias,excedente obras de caracter social a buenos aires,417.4544,62.0,True
2012,rio negro,impuesto a las ganancias,ley 24699,10.9848,62.0,True
2012,rio negro,impuesto sobre los bienes personales,ley 24699,97.3868,62.0,True
2012,rio negro,impuesto sobre los activos fondo educacion ley 23906,impuesto sobre los activos fondo educacion ley 23906,0.0305,62.0,True
2012,rio negro,impuesto a los combustibles liquidos ley 23966 y 24699,obras de infraestructura,19.4531,62.0,True
2012,rio negro,impuesto a los combustibles liquidos ley 23966 y 24699,vialidad provincial,40.1322,62.0,True
2012,rio negro,impuesto a los combustibles liquidos ley 23966 y 24699,f.e.d.e.i.,10.5246,62.0,True
2012,rio negro,impuesto a los combustibles liquidos ley 23966 y 24699,ley 24464 fo.na.vi,169.2637,62.0,True
2012,rio negro,regimen de energia electrica ley 24065,fondo para compensaciones de tarifa electrica,9.8101,62.0,True
2012,rio negro,regimen de energia electrica ley 24065,f.e.d.e.i.,8.151,62.0,True
2012,rio negro,fondo compensador de desequilibrios,fondo compensador de desequilibrios,30.0,62.0,True
2012,rio negro,regimen simplificado para pequeños contribuyentes ley 24977 art 59 inciso a,regimen simplificado para pequeños contribuyentes ley 24977 art 59 inciso a,28.599,62.0,True
2012,salta,coparticipacion federal de impuestos neta ley 26075,coparticipacion federal de impuestos neta ley 26075,4323.2321,66.0,True
2012,salta,financiamiento educativo ley 26075,financiamiento educativo ley 26075,675.415,66.0,True
2012,salta,transferencia de servicios ley 24049,transferencia de servicios ley 24049,39.8,66.0,True
2012,salta,impuesto a las ganancias,obras de infraestructura basica social,468.4907,66.0,True
2012,salta,impuesto a las ganancias,excedente obras de caracter social a buenos aires,634.1517,66.0,True
2012,salta,impuesto a las ganancias,ley 24699,16.6872,66.0,True
2012,salta,impuesto sobre los bienes personales,ley 24699,147.9387,66.0,True
2012,salta,impuesto sobre los activos fondo educacion ley 23906,impuesto sobre los activos fondo educacion ley 23906,0.0405,66.0,True
2012,salta,impuesto a los combustibles liquidos ley 23966 y 24699,obras de infraestructura,29.5508,66.0,True
2012,salta,impuesto a los combustibles liquidos ley 23966 y 24699,vialidad provincial,54.4143,66.0,True
2012,salta,impuesto a los combustibles liquidos ley 23966 y 24699,f.e.d.e.i.,10.7671,66.0,True
2012,salta,impuesto a los combustibles liquidos ley 23966 y 24699,ley 24464 fo.na.vi,150.4567,66.0,True
2012,salta,regimen de energia electrica ley 24065,fondo para compensaciones de tarifa electrica,13.441,66.0,True
2012,salta,regimen de energia electrica ley 24065,f.e.d.e.i.,8.4029,66.0,True
2012,salta,fondo compensador de desequilibrios,fondo compensador de desequilibrios,30.0,66.0,True
2012,salta,regimen simplificado para pequeños contribuyentes ley 24977 art 59 inciso a,regimen simplificado para pequeños contribuyentes ley 24977 art 59 inciso a,43.4443,66.0,True
2012,san juan,coparticipacion federal de impuestos neta ley 26075,coparticipacion federal de impuestos neta ley 26075,4042.3575,70.0,True
2012,san juan,financiamiento educativo ley 26075,financiamiento educativo ley 26075,365.9971,70.0,True
2012,san juan,transferencia de servicios ley 24049,transferencia de servicios ley 24049,30.1,70.0,True
2012,san juan,impuesto a las ganancias,obras de infraestructura basica social,148.612,70.0,True
2012,san juan,impuesto a las ganancias,excedente obras de caracter social a buenos aires,559.2539,70.0,True
2012,san juan,impuesto a las ganancias,ley 24699,14.7168,70.0,True
2012,san juan,impuesto sobre los bienes personales,ley 24699,130.4686,70.0,True
2012,san juan,impuesto sobre los activos fondo educacion ley 23906,impuesto sobre los activos fondo educacion ley 23906,0.0229,70.0,True
2012,san juan,impuesto a los combustibles liquidos ley 23966 y 24699,obras de infraestructura,26.061,70.0,True
2012,san juan,impuesto a los combustibles liquidos ley 23966 y 24699,vialidad provincial,43.7093,70.0,True
2012,san juan,impuesto a los combustibles liquidos ley 23966 y 24699,f.e.d.e.i.,9.9749,70.0,True
2012,san juan,impuesto a los combustibles liquidos ley 23966 y 24699,ley 24464 fo.na.vi,137.2917,70.0,True
2012,san juan,regimen de energia electrica ley 24065,fondo para compensaciones de tarifa electrica,14.3554,70.0,True
2012,san juan,regimen de energia electrica ley 24065,f.e.d.e.i.,7.7846,70.0,True
2012,san juan,fondo compensador de desequilibrios,fondo compensador de desequilibrios,26.4,70.0,True
2012,san juan,regimen simplificado para pequeños contribuyentes ley 24977 art 59 inciso a,regimen simplificado para pequeños contribuyentes ley 24977 art 59 inciso a,38.3137,70.0,True
2012,san luis,coparticipacion federal de impuestos neta ley 26075,coparticipacion federal de impuestos neta ley 26075,2743.1919,74.0,True
2012,san luis,financiamiento educativo ley 26075,financiamiento educativo ley 26075,233.3895,74.0,True
2012,san luis,transferencia de servicios ley 24049,transferencia de servicios ley 24049,18.9,74.0,True
2012,san luis,impuesto a las ganancias,obras de infraestructura basica social,78.9925,74.0,True
2012,san luis,impuesto a las ganancias,excedente obras de caracter social a buenos aires,377.6171,74.0,True
2012,san luis,impuesto a las ganancias,ley 24699,9.9372,74.0,True
2012,san luis,impuesto sobre los bienes personales,ley 24699,88.0942,74.0,True
2012,san luis,impuesto sobre los activos fondo educacion ley 23906,impuesto sobre los activos fondo educacion ley 23906,0.0189,74.0,True
2012,san luis,impuesto a los combustibles liquidos ley 23966 y 24699,obras de infraestructura,17.5963,74.0,True
2012,san luis,impuesto a los combustibles liquidos ley 23966 y 24699,vialidad provincial,72.7853,74.0,True
2012,san luis,impuesto a los combustibles liquidos ley 23966 y 24699,f.e.d.e.i.,9.7716,74.0,True
2012,san luis,impuesto a los combustibles liquidos ley 23966 y 24699,ley 24464 fo.na.vi,137.2917,74.0,True
2012,san luis,regimen de energia electrica ley 24065,fondo para compensaciones de tarifa electrica,11.0833,74.0,True
2012,san luis,regimen de energia electrica ley 24065,f.e.d.e.i.,7.626,74.0,True
2012,san luis,fondo compensador de desequilibrios,fondo compensador de desequilibrios,26.4,74.0,True
2012,san luis,regimen simplificado para pequeños contribuyentes ley 24977 art 59 inciso a,regimen simplificado para pequeños contribuyentes ley 24977 art 59 inciso a,25.8693,74.0,True
2012,santa cruz,coparticipacion federal de impuestos neta ley 26075,coparticipacion federal de impuestos neta ley 26075,1931.625,78.0,True
2012,santa cruz,financiamiento educativo ley 26075,financiamiento educativo ley 26075,130.8396,78.0,True
2012,santa cruz,transferencia de servicios ley 24049,transferencia de servicios ley 24049,8.5,78.0,True
2012,santa cruz,impuesto a las ganancias,obras de infraestructura basica social,27.6612,78.0,True
2012,santa cruz,impuesto a las ganancias,excedente obras de caracter social a buenos aires,261.6517,78.0,True
2012,santa cruz,impuesto a las ganancias,ley 24699,6.8856,78.0,True
2012,santa cruz,impuesto sobre los bienes personales,ley 24699,61.0402,78.0,True
2012,santa cruz,impuesto sobre los bienes personales,ley 23966 art 30,5.5165,78.0,True
2012,santa cruz,impuesto sobre los activos fondo educacion ley 23906,impuesto sobre los activos fondo educacion ley 23906,0.0189,78.0,True
2012,santa cruz,i.v.a.ley 23966 art 5 punto 2,i.v.a.ley 23966 art 5 punto 2,15.6676,78.0,True
2012,santa cruz,impuesto a los combustibles liquidos ley 23966 y 24699,obras de infraestructura,12.1929,78.0,True
2012,santa cruz,impuesto a los combustibles liquidos ley 23966 y 24699,vialidad provincial,40.9774,78.0,True
2012,santa cruz,impuesto a los combustibles liquidos ley 23966 y 24699,f.e.d.e.i.,13.7492,78.0,True
2012,santa cruz,impuesto a los combustibles liquidos ley 23966 y 24699,ley 24464 fo.na.vi,120.3653,78.0,True
2012,santa cruz,regimen de energia electrica ley 24065,fondo para compensaciones de tarifa electrica,10.774,78.0,True
2012,santa cruz,regimen de energia electrica ley 24065,transferencia a empresas de energia electrica,36.25,78.0,True
2012,santa cruz,regimen de energia electrica ley 24065,f.e.d.e.i.,10.7202,78.0,True
2012,santa cruz,fondo compensador de desequilibrios,fondo compensador de desequilibrios,36.0,78.0,True
2012,santa cruz,regimen simplificado para pequeños contribuyentes ley 24977 art 59 inciso a,regimen simplificado para pequeños contribuyentes ley 24977 art 59 inciso a,17.9255,78.0,True
2012,santa fe,coparticipacion federal de impuestos neta ley 26075,coparticipacion federal de impuestos neta ley 26075,10472.2768,82.0,True
2012,santa fe,financiamiento educativo ley 26075,financiamiento educativo ley 26075,1182.8603,82.0,True
2012,santa fe,transferencia de servicios ley 24049,transferencia de servicios ley 24049,135.489,82.0,True
2012,santa fe,impuesto a las ganancias,obras de infraestructura basica social,609.4763,82.0,True
2012,santa fe,impuesto a las ganancias,excedente obras de caracter social a buenos aires,1478.6011,82.0,True
2012,santa fe,impuesto a las ganancias,ley 24699,38.91,82.0,True
2012,santa fe,impuesto sobre los bienes personales,ley 24699,344.9425,82.0,True
2012,santa fe,impuesto sobre los bienes personales,ley 23966 art 30,74.4003,82.0,True
2012,santa fe,impuesto sobre los activos fondo educacion ley 23906,impuesto sobre los activos fondo educacion ley 23906,0.0768,82.0,True
2012,santa fe,i.v.a.ley 23966 art 5 punto 2,i.v.a.ley 23966 art 5 punto 2,211.3067,82.0,True
2012,santa fe,impuesto a los combustibles liquidos ley 23966 y 24699,obras de infraestructura,98.9018,82.0,True
2012,santa fe,impuesto a los combustibles liquidos ley 23966 y 24699,vialidad provincial,109.6613,82.0,True
2012,santa fe,impuesto a los combustibles liquidos ley 23966 y 24699,f.e.d.e.i.,8.6632,82.0,True
2012,santa fe,impuesto a los combustibles liquidos ley 23966 y 24699,ley 24464 fo.na.vi,212.52,82.0,True
2012,santa fe,regimen de energia electrica ley 24065,fondo para compensaciones de tarifa electrica,8.02,82.0,True
2012,santa fe,regimen de energia electrica ley 24065,f.e.d.e.i.,6.751,82.0,True
2012,santa fe,fondo compensador de desequilibrios,fondo compensador de desequilibrios,6.0,82.0,True
2012,santa fe,regimen simplificado para pequeños contribuyentes ley 24977 art 59 inciso a,regimen simplificado para pequeños contribuyentes ley 24977 art 59 inciso a,101.2963,82.0,True
2012,sgo. del estero,coparticipacion federal de impuestos neta ley 26075,coparticipacion federal de impuestos neta ley 26075,4783.2981,86.0,True
2012,sgo. del estero,financiamiento educativo ley 26075,financiamiento educativo ley 26075,604.6909,86.0,True
2012,sgo. del estero,transferencia de servicios ley 24049,transferencia de servicios ley 24049,31.6,86.0,True
2012,sgo. del estero,impuesto a las ganancias,obras de infraestructura basica social,347.0552,86.0,True
2012,sgo. del estero,impuesto a las ganancias,excedente obras de caracter social a buenos aires,683.5427,86.0,True
2012,sgo. del estero,impuesto a las ganancias,ley 24699,17.9879,86.0,True
2012,sgo. del estero,impuesto sobre los bienes personales,ley 24699,159.4616,86.0,True
2012,sgo. del estero,impuesto sobre los activos fondo educacion ley 23906,impuesto sobre los activos fondo educacion ley 23906,0.0381,86.0,True
2012,sgo. del estero,impuesto a los combustibles liquidos ley 23966 y 24699,obras de infraestructura,31.8525,86.0,True
2012,sgo. del estero,impuesto a los combustibles liquidos ley 23966 y 24699,vialidad provincial,59.0661,86.0,True
2012,sgo. del estero,impuesto a los combustibles liquidos ley 23966 y 24699,f.e.d.e.i.,11.5508,86.0,True
2012,sgo. del estero,impuesto a los combustibles liquidos ley 23966 y 24699,ley 24464 fo.na.vi,161.7409,86.0,True
2012,sgo. del estero,regimen de energia electrica ley 24065,fondo para compensaciones de tarifa electrica,13.8966,86.0,True
2012,sgo. del estero,regimen de energia electrica ley 24065,f.e.d.e.i.,8.7804,86.0,True
2012,sgo. del estero,fondo compensador de desequilibrios,fondo compensador de desequilibrios,26.4,86.0,True
2012,sgo. del estero,regimen simplificado para pequeños contribuyentes ley 24977 art 59 inciso a,regimen simplificado para pequeños contribuyentes ley 24977 art 59 inciso a,46.828,86.0,True
2012,tucuman,coparticipacion federal de impuestos neta ley 26075,coparticipacion federal de impuestos neta ley 26075,5451.1395,90.0,True
2012,tucuman,financiamiento educativo ley 26075,financiamiento educativo ley 26075,753.2115,90.0,True
2012,tucuman,transferencia de servicios ley 24049,transferencia de servicios ley 24049,55.8,90.0,True
2012,tucuman,impuesto a las ganancias,obras de infraestructura basica social,440.4284,90.0,True
2012,tucuman,impuesto a las ganancias,excedente obras de caracter social a buenos aires,787.1014,90.0,True
2012,tucuman,impuesto a las ganancias,ley 24699,20.7132,90.0,True
2012,tucuman,impuesto sobre los bienes personales,ley 24699,183.6224,90.0,True
2012,tucuman,impuesto sobre los activos fondo educacion ley 23906,impuesto sobre los activos fondo educacion ley 23906,0.0346,90.0,True
2012,tucuman,impuesto a los combustibles liquidos ley 23966 y 24699,obras de infraestructura,36.6785,90.0,True
2012,tucuman,impuesto a los combustibles liquidos ley 23966 y 24699,vialidad provincial,52.5294,90.0,True
2012,tucuman,impuesto a los combustibles liquidos ley 23966 y 24699,f.e.d.e.i.,8.8966,90.0,True
2012,tucuman,impuesto a los combustibles liquidos ley 23966 y 24699,ley 24464 fo.na.vi,157.9795,90.0,True
2012,tucuman,regimen de energia electrica ley 24065,fondo para compensaciones de tarifa electrica,13.6728,90.0,True
2012,tucuman,regimen de energia electrica ley 24065,f.e.d.e.i.,6.9431,90.0,True
2012,tucuman,fondo compensador de desequilibrios,fondo compensador de desequilibrios,26.4,90.0,True
2012,tucuman,regimen simplificado para pequeños contribuyentes ley 24977 art 59 inciso a,regimen simplificado para pequeños contribuyentes ley 24977 art 59 inciso a,53.923,90.0,True
2012,tierra del fuego,coparticipacion federal de impuestos neta ley 26075,coparticipacion federal de impuestos neta ley 26075,1537.8708,94.0,True
2012,tierra del fuego,financiamiento educativo ley 26075,financiamiento educativo ley 26075,74.2603,94.0,True
2012,tierra del fuego,transferencia de servicios ley 24049,transferencia de servicios ley 24049,12.0,94.0,True
2012,tierra del fuego,impuesto a las ganancias,obras de infraestructura basica social,19.4227,94.0,True
2012,tierra del fuego,impuesto a las ganancias,excedente obras de caracter social a buenos aires,204.0551,94.0,True
2012,tierra del fuego,impuesto a las ganancias,ley 24699,5.37,94.0,True
2012,tierra del fuego,impuesto sobre los bienes personales,ley 24699,47.6022,94.0,True
2012,tierra del fuego,impuesto sobre los bienes personales,ley 23966 art 30,0.4893,94.0,True
2012,tierra del fuego,impuesto sobre los activos fondo educacion ley 23906,impuesto sobre los activos fondo educacion ley 23906,0.009,94.0,True
2012,tierra del fuego,i.v.a.ley 23966 art 5 punto 2,i.v.a.ley 23966 art 5 punto 2,1.3898,94.0,True
2012,tierra del fuego,impuesto a los combustibles liquidos ley 23966 y 24699,obras de infraestructura,9.5088,94.0,True
2012,tierra del fuego,impuesto a los combustibles liquidos ley 23966 y 24699,vialidad provincial,25.1389,94.0,True
2012,tierra del fuego,impuesto a los combustibles liquidos ley 23966 y 24699,f.e.d.e.i.,10.1111,94.0,True
2012,tierra del fuego,impuesto a los combustibles liquidos ley 23966 y 24699,ley 24464 fo.na.vi,99.6775,94.0,True
2012,tierra del fuego,regimen de energia electrica ley 24065,fondo para compensaciones de tarifa electrica,7.9277,94.0,True
2012,tierra del fuego,regimen de energia electrica ley 24065,f.e.d.e.i.,7.8859,94.0,True
2012,tierra del fuego,fondo compensador de desequilibrios,fondo compensador de desequilibrios,36.0,94.0,True
2012,tierra del fuego,regimen simplificado para pequeños contribuyentes ley 24977 art 59 inciso a,regimen simplificado para pequeños contribuyentes ley 24977 art 59 inciso a,13.9793,94.0,True
2012,c.a.b.a,coparticipacion federal de impuestos neta ley 26075,coparticipacion federal de impuestos neta ley 26075,2300.5594,2.0,True
2012,c.a.b.a,financiamiento educativo ley 26075,financiamiento educativo ley 26075,947.7027,2.0,True
2012,c.a.b.a,impuesto sobre los activos fondo educacion ley 23906,impuesto sobre los activos fondo educacion ley 23906,0.0329,2.0,True
2012,c.a.b.a,impuesto a los combustibles liquidos ley 23966 y 24699,ley 24464 fo.na.vi,48.8984,2.0,True
2012,tesoro nacional,coparticipacion federal de impuestos neta ley 26075,coparticipacion federal de impuestos neta ley 26075,93364.3329,,False
2012,tesoro nacional,impuesto sobre los bienes personales,ley 24699,2831.6517,,False
2012,tesoro nacional,impuesto sobre los activos fondo educacion ley 23906,impuesto sobre los activos fondo educacion ley 23906,0.4979,,False
2012,tesoro nacional,impuesto a los combustibles liquidos ley 23966 y 24699,vialidad provincial,2597.1686,,False
2012,seguridad social,coparticipacion federal de impuestos neta ley 26075,coparticipacion federal de impuestos neta ley 26075,41041.4682,,False
2012,seguridad social,impuesto a las ganancias,obras de infraestructura basica social,27474.3314,,False
2012,seguridad social,impuesto a las ganancias,ley 24699,120.0,,False
2012,seguridad social,i.v.a.ley 23966 art 5 punto 2,i.v.a.ley 23966 art 5 punto 2,19313.7932,,False
2012,seguridad social,regimen simplificado para pequeños contribuyentes ley 24977 art 59 inciso a,regimen simplificado para pequeños contribuyentes ley 24977 art 59 inciso a,2672.7652,,False
2012,fondo a.t.n.,coparticipacion federal de impuestos neta ley 26075,coparticipacion federal de impuestos neta ley 26075,2320.1872,,False
2012,fondo a.t.n.,impuesto a las ganancias,obras de infraestructura basica social,2747.4331,,False
2012,fondo a.t.n.,impuesto a las ganancias,ley 24699,20.0,,False
2012,fondo a.t.n.,impuesto sobre los bienes personales,ley 24699,68.0032,,False
2013,buenos aires,coparticipacion federal de impuestos neta ley 26075,coparticipacion federal de impuestos neta ley 26075,30301.6645,6.0,True
2013,buenos aires,financiamiento educativo ley 26075,financiamiento educativo ley 26075,6986.2136,6.0,True
2013,buenos aires,transferencia de servicios ley 24049,transferencia de servicios ley 24049,420.1,6.0,True
2013,buenos aires,impuesto a las ganancias,obras de infraestructura basica social,650.0,6.0,True
2013,buenos aires,impuesto a las ganancias,ley 24699,95.6087,6.0,True
2013,buenos aires,impuesto sobre los bienes personales,ley 24699,1201.6498,6.0,True
2013,buenos aires,impuesto sobre los bienes personales,ley 23966 art 30,286.0777,6.0,True
2013,buenos aires,impuesto sobre los activos fondo educacion ley 23906,impuesto sobre los activos fondo educacion ley 23906,0.1769,6.0,True
2013,buenos aires,i.v.a.ley 23966 art 5 punto 2,i.v.a.ley 23966 art 5 punto 2,739.0548,6.0,True
2013,buenos aires,impuesto a los combustibles liquidos ley 23966 y 24699,obras de infraestructura,193.0062,6.0,True
2013,buenos aires,impuesto a los combustibles liquidos ley 23966 y 24699,vialidad provincial,439.828,6.0,True
2013,buenos aires,impuesto a los combustibles liquidos ley 23966 y 24699,f.e.d.e.i.,10.874,6.0,True
2013,buenos aires,impuesto a los combustibles liquidos ley 23966 y 24699,ley 24464 fo.na.vi,718.4148,6.0,True
2013,buenos aires,regimen de energia electrica ley 24065,fondo para compensaciones de tarifa electrica,11.1643,6.0,True
2013,buenos aires,regimen de energia electrica ley 24065,f.e.d.e.i.,5.9691,6.0,True
2013,buenos aires,regimen simplificado para pequeños contribuyentes ley 24977 art 59 inciso a,regimen simplificado para pequeños contribuyentes ley 24977 art 59 inciso a,288.5948,6.0,True
2013,catamarca,coparticipacion federal de impuestos neta ley 26075,coparticipacion federal de impuestos neta ley 26075,4334.8773,10.0,True
2013,catamarca,financiamiento educativo ley 26075,financiamiento educativo ley 26075,341.9522,10.0,True
2013,catamarca,transferencia de servicios ley 24049,transferencia de servicios ley 24049,21.4,10.0,True
2013,catamarca,impuesto a las ganancias,obras de infraestructura basica social,130.6632,10.0,True
2013,catamarca,impuesto a las ganancias,excedente obras de caracter social a buenos aires,612.0722,10.0,True
2013,catamarca,impuesto a las ganancias,ley 24699,11.9916,10.0,True
2013,catamarca,impuesto sobre los bienes personales,ley 24699,150.7168,10.0,True
2013,catamarca,impuesto sobre los activos fondo educacion ley 23906,impuesto sobre los activos fondo educacion ley 23906,0.0132,10.0,True
2013,catamarca,impuesto a los combustibles liquidos ley 23966 y 24699,obras de infraestructura,27.971,10.0,True
2013,catamarca,impuesto a los combustibles liquidos ley 23966 y 24699,vialidad provincial,49.9858,10.0,True
2013,catamarca,impuesto a los combustibles liquidos ley 23966 y 24699,f.e.d.e.i.,16.3887,10.0,True
2013,catamarca,impuesto a los combustibles liquidos ley 23966 y 24699,ley 24464 fo.na.vi,104.0463,10.0,True
2013,catamarca,regimen de energia electrica ley 24065,fondo para compensaciones de tarifa electrica,13.2255,10.0,True
2013,catamarca,regimen de energia electrica ley 24065,f.e.d.e.i.,8.9963,10.0,True
2013,catamarca,fondo compensador de desequilibrios,fondo compensador de desequilibrios,26.4,10.0,True
2013,catamarca,regimen simplificado para pequeños contribuyentes ley 24977 art 59 inciso a,regimen simplificado para pequeños contribuyentes ley 24977 art 59 inciso a,36.1975,10.0,True
2013,cordoba,coparticipacion federal de impuestos neta ley 26075,coparticipacion federal de impuestos neta ley 26075,13466.8463,14.0,True
2013,cordoba,financiamiento educativo ley 26075,financiamiento educativo ley 26075,1610.2054,14.0,True
2013,cordoba,transferencia de servicios ley 24049,transferencia de servicios ley 24049,125.3,14.0,True
2013,cordoba,impuesto a las ganancias,obras de infraestructura basica social,723.0747,14.0,True
2013,cordoba,impuesto a las ganancias,excedente obras de caracter social a buenos aires,1973.1506,14.0,True
2013,cordoba,impuesto a las ganancias,ley 24699,38.658,14.0,True
2013,cordoba,impuesto sobre los bienes personales,ley 24699,485.8774,14.0,True
2013,cordoba,impuesto sobre los bienes personales,ley 23966 art 30,97.6968,14.0,True
2013,cordoba,impuesto sobre los activos fondo educacion ley 23906,impuesto sobre los activos fondo educacion ley 23906,0.049,14.0,True
2013,cordoba,i.v.a.ley 23966 art 5 punto 2,i.v.a.ley 23966 art 5 punto 2,252.3904,14.0,True
2013,cordoba,impuesto a los combustibles liquidos ley 23966 y 24699,obras de infraestructura,90.1713,14.0,True
2013,cordoba,impuesto a los combustibles liquidos ley 23966 y 24699,vialidad provincial,158.0295,14.0,True
2013,cordoba,impuesto a los combustibles liquidos ley 23966 y 24699,f.e.d.e.i.,10.874,14.0,True
2013,cordoba,impuesto a los combustibles liquidos ley 23966 y 24699,ley 24464 fo.na.vi,279.934,14.0,True
2013,cordoba,regimen de energia electrica ley 24065,fondo para compensaciones de tarifa electrica,8.2074,14.0,True
2013,cordoba,regimen de energia electrica ley 24065,f.e.d.e.i.,5.9691,14.0,True
2013,cordoba,fondo compensador de desequilibrios,fondo compensador de desequilibrios,6.0,14.0,True
2013,cordoba,regimen simplificado para pequeños contribuyentes ley 24977 art 59 inciso a,regimen simplificado para pequeños contribuyentes ley 24977 art 59 inciso a,116.6917,14.0,True
2013,corrientes,coparticipacion federal de impuestos neta ley 26075,coparticipacion federal de impuestos neta ley 26075,5593.552,18.0,True
2013,corrientes,financiamiento educativo ley 26075,financiamiento educativo ley 26075,718.5325,18.0,True
2013,corrientes,transferencia de servicios ley 24049,transferencia de servicios ley 24049,38.6,18.0,True
2013,corrientes,impuesto a las ganancias,obras de infraestructura basica social,485.3646,18.0,True
2013,corrientes,impuesto a las ganancias,excedente obras de caracter social a buenos aires,826.0865,18.0,True
2013,corrientes,impuesto a las ganancias,ley 24699,16.1844,18.0,True
2013,corrientes,impuesto sobre los bienes personales,ley 24699,203.415,18.0,True
2013,corrientes,impuesto sobre los bienes personales,ley 23966 art 30,31.2389,18.0,True
2013,corrientes,impuesto sobre los activos fondo educacion ley 23906,impuesto sobre los activos fondo educacion ley 23906,0.022,18.0,True
2013,corrientes,i.v.a.ley 23966 art 5 punto 2,i.v.a.ley 23966 art 5 punto 2,80.7028,18.0,True
2013,corrientes,impuesto a los combustibles liquidos ley 23966 y 24699,obras de infraestructura,37.7506,18.0,True
2013,corrientes,impuesto a los combustibles liquidos ley 23966 y 24699,vialidad provincial,60.4347,18.0,True
2013,corrientes,impuesto a los combustibles liquidos ley 23966 y 24699,f.e.d.e.i.,13.7664,18.0,True
2013,corrientes,impuesto a los combustibles liquidos ley 23966 y 24699,ley 24464 fo.na.vi,245.252,18.0,True
2013,corrientes,regimen de energia electrica ley 24065,fondo para compensaciones de tarifa electrica,10.489,18.0,True
2013,corrientes,regimen de energia electrica ley 24065,f.e.d.e.i.,7.5568,18.0,True
2013,corrientes,fondo compensador de desequilibrios,fondo compensador de desequilibrios,18.0,18.0,True
2013,corrientes,regimen simplificado para pequeños contribuyentes ley 24977 art 59 inciso a,regimen simplificado para pequeños contribuyentes ley 24977 art 59 inciso a,48.8535,18.0,True
2013,chaco,coparticipacion federal de impuestos neta ley 26075,coparticipacion federal de impuestos neta ley 26075,7678.5041,22.0,True
2013,chaco,financiamiento educativo ley 26075,financiamiento educativo ley 26075,792.1172,22.0,True
2013,chaco,transferencia de servicios ley 24049,transferencia de servicios ley 24049,33.6,22.0,True
2013,chaco,impuesto a las ganancias,obras de infraestructura basica social,593.8639,22.0,True
2013,chaco,impuesto a las ganancias,excedente obras de caracter social a buenos aires,1108.5679,22.0,True
2013,chaco,impuesto a las ganancias,ley 24699,21.7188,22.0,True
2013,chaco,impuesto sobre los bienes personales,ley 24699,272.9767,22.0,True
2013,chaco,impuesto sobre los bienes personales,ley 23966 art 30,24.5591,22.0,True
2013,chaco,impuesto sobre los activos fondo educacion ley 23906,impuesto sobre los activos fondo educacion ley 23906,0.0287,22.0,True
2013,chaco,i.v.a.ley 23966 art 5 punto 2,i.v.a.ley 23966 art 5 punto 2,63.4461,22.0,True
2013,chaco,impuesto a los combustibles liquidos ley 23966 y 24699,obras de infraestructura,50.6606,22.0,True
2013,chaco,impuesto a los combustibles liquidos ley 23966 y 24699,vialidad provincial,70.7217,22.0,True
2013,chaco,impuesto a los combustibles liquidos ley 23966 y 24699,f.e.d.e.i.,14.6211,22.0,True
2013,chaco,impuesto a los combustibles liquidos ley 23966 y 24699,ley 24464 fo.na.vi,227.9109,22.0,True
2013,chaco,regimen de energia electrica ley 24065,fondo para compensaciones de tarifa electrica,11.4974,22.0,True
2013,chaco,regimen de energia electrica ley 24065,f.e.d.e.i.,8.026,22.0,True
2013,chaco,fondo compensador de desequilibrios,fondo compensador de desequilibrios,6.0,22.0,True
2013,chaco,regimen simplificado para pequeños contribuyentes ley 24977 art 59 inciso a,regimen simplificado para pequeños contribuyentes ley 24977 art 59 inciso a,65.5604,22.0,True
2013,chubut,coparticipacion federal de impuestos neta ley 26075,coparticipacion federal de impuestos neta ley 26075,2354.2295,26.0,True
2013,chubut,financiamiento educativo ley 26075,financiamiento educativo ley 26075,331.1309,26.0,True
2013,chubut,transferencia de servicios ley 24049,transferencia de servicios ley 24049,24.2,26.0,True
2013,chubut,impuesto a las ganancias,obras de infraestructura basica social,115.469,26.0,True
2013,chubut,impuesto a las ganancias,excedente obras de caracter social a buenos aires,351.4405,26.0,True
2013,chubut,impuesto a las ganancias,ley 24699,6.8856,26.0,True
2013,chubut,impuesto sobre los bienes personales,ley 24699,86.5392,26.0,True
2013,chubut,impuesto sobre los bienes personales,ley 23966 art 30,9.6071,26.0,True
2013,chubut,impuesto sobre los activos fondo educacion ley 23906,impuesto sobre los activos fondo educacion ley 23906,0.0132,26.0,True
2013,chubut,i.v.a.ley 23966 art 5 punto 2,i.v.a.ley 23966 art 5 punto 2,24.8189,26.0,True
2013,chubut,impuesto a los combustibles liquidos ley 23966 y 24699,obras de infraestructura,16.0607,26.0,True
2013,chubut,impuesto a los combustibles liquidos ley 23966 y 24699,vialidad provincial,75.0037,26.0,True
2013,chubut,impuesto a los combustibles liquidos ley 23966 y 24699,f.e.d.e.i.,15.33,26.0,True
2013,chubut,impuesto a los combustibles liquidos ley 23966 y 24699,ley 24464 fo.na.vi,158.5467,26.0,True
2013,chubut,regimen de energia electrica ley 24065,fondo para compensaciones de tarifa electrica,14.5112,26.0,True
2013,chubut,regimen de energia electrica ley 24065,f.e.d.e.i.,8.4151,26.0,True
2013,chubut,fondo compensador de desequilibrios,fondo compensador de desequilibrios,36.0,26.0,True
2013,chubut,regimen simplificado para pequeños contribuyentes ley 24977 art 59 inciso a,regimen simplificado para pequeños contribuyentes ley 24977 art 59 inciso a,20.7843,26.0,True
2013,entre rios,coparticipacion federal de impuestos neta ley 26075,coparticipacion federal de impuestos neta ley 26075,7580.8677,30.0,True
2013,entre rios,financiamiento educativo ley 26075,financiamiento educativo ley 26075,709.8755,30.0,True
2013,entre rios,transferencia de servicios ley 24049,transferencia de servicios ley 24049,67.5,30.0,True
2013,entre rios,impuesto a las ganancias,obras de infraestructura basica social,372.0495,30.0,True
2013,entre rios,impuesto a las ganancias,excedente obras de caracter social a buenos aires,1085.0307,30.0,True
2013,entre rios,impuesto a las ganancias,ley 24699,21.258,30.0,True
2013,entre rios,impuesto sobre los bienes personales,ley 24699,267.1799,30.0,True
2013,entre rios,impuesto sobre los bienes personales,ley 23966 art 30,42.3982,30.0,True
2013,entre rios,impuesto sobre los activos fondo educacion ley 23906,impuesto sobre los activos fondo educacion ley 23906,0.0227,30.0,True
2013,entre rios,i.v.a.ley 23966 art 5 punto 2,i.v.a.ley 23966 art 5 punto 2,109.5319,30.0,True
2013,entre rios,impuesto a los combustibles liquidos ley 23966 y 24699,obras de infraestructura,49.584,30.0,True
2013,entre rios,impuesto a los combustibles liquidos ley 23966 y 24699,vialidad provincial,113.6419,30.0,True
2013,entre rios,impuesto a los combustibles liquidos ley 23966 y 24699,f.e.d.e.i.,12.5829,30.0,True
2013,entre rios,impuesto a los combustibles liquidos ley 23966 y 24699,ley 24464 fo.na.vi,193.2288,30.0,True
2013,entre rios,regimen de energia electrica ley 24065,fondo para compensaciones de tarifa electrica,11.9728,30.0,True
2013,entre rios,regimen de energia electrica ley 24065,f.e.d.e.i.,6.9072,30.0,True
2013,entre rios,fondo compensador de desequilibrios,fondo compensador de desequilibrios,21.6,30.0,True
2013,entre rios,regimen simplificado para pequeños contribuyentes ley 24977 art 59 inciso a,regimen simplificado para pequeños contribuyentes ley 24977 art 59 inciso a,64.1672,30.0,True
2013,formosa,coparticipacion federal de impuestos neta ley 26075,coparticipacion federal de impuestos neta ley 26075,5696.4711,34.0,True
2013,formosa,financiamiento educativo ley 26075,financiamiento educativo ley 26075,484.793,34.0,True
2013,formosa,transferencia de servicios ley 24049,transferencia de servicios ley 24049,20.7,34.0,True
2013,formosa,impuesto a las ganancias,obras de infraestructura basica social,299.1084,34.0,True
2013,formosa,impuesto a las ganancias,excedente obras de caracter social a buenos aires,808.9654,34.0,True
2013,formosa,impuesto a las ganancias,ley 24699,15.8495,34.0,True
2013,formosa,impuesto sobre los bienes personales,ley 24699,199.1992,34.0,True
2013,formosa,impuesto sobre los bienes personales,ley 23966 art 30,11.4401,34.0,True
2013,formosa,impuesto sobre los activos fondo educacion ley 23906,impuesto sobre los activos fondo educacion ley 23906,0.0155,34.0,True
2013,formosa,i.v.a.ley 23966 art 5 punto 2,i.v.a.ley 23966 art 5 punto 2,29.5544,34.0,True
2013,formosa,impuesto a los combustibles liquidos ley 23966 y 24699,obras de infraestructura,36.9686,34.0,True
2013,formosa,impuesto a los combustibles liquidos ley 23966 y 24699,vialidad provincial,55.0612,34.0,True
2013,formosa,impuesto a los combustibles liquidos ley 23966 y 24699,f.e.d.e.i.,16.8955,34.0,True
2013,formosa,impuesto a los combustibles liquidos ley 23966 y 24699,ley 24464 fo.na.vi,198.1834,34.0,True
2013,formosa,regimen de energia electrica ley 24065,fondo para compensaciones de tarifa electrica,12.257,34.0,True
2013,formosa,regimen de energia electrica ley 24065,f.e.d.e.i.,9.2745,34.0,True
2013,formosa,fondo compensador de desequilibrios,fondo compensador de desequilibrios,26.4,34.0,True
2013,formosa,regimen simplificado para pequeños contribuyentes ley 24977 art 59 inciso a,regimen simplificado para pequeños contribuyentes ley 24977 art 59 inciso a,47.8415,34.0,True
2013,jujuy,coparticipacion federal de impuestos neta ley 26075,coparticipacion federal de impuestos neta ley 26075,4354.3592,38.0,True
2013,jujuy,financiamiento educativo ley 26075,financiamiento educativo ley 26075,469.6432,38.0,True
2013,jujuy,transferencia de servicios ley 24049,transferencia de servicios ley 24049,33.3,38.0,True
2013,jujuy,impuesto a las ganancias,obras de infraestructura basica social,321.7295,38.0,True
2013,jujuy,impuesto a las ganancias,excedente obras de caracter social a buenos aires,631.3379,38.0,True
2013,jujuy,impuesto a las ganancias,ley 24699,12.3695,38.0,True
2013,jujuy,impuesto sobre los bienes personales,ley 24699,155.4597,38.0,True
2013,jujuy,impuesto sobre los activos fondo educacion ley 23906,impuesto sobre los activos fondo educacion ley 23906,0.0141,38.0,True
2013,jujuy,impuesto a los combustibles liquidos ley 23966 y 24699,obras de infraestructura,28.8505,38.0,True
2013,jujuy,impuesto a los combustibles liquidos ley 23966 y 24699,vialidad provincial,46.1033,38.0,True
2013,jujuy,impuesto a los combustibles liquidos ley 23966 y 24699,f.e.d.e.i.,13.634,38.0,True
2013,jujuy,impuesto a los combustibles liquidos ley 23966 y 24699,ley 24464 fo.na.vi,148.6375,38.0,True
2013,jujuy,regimen de energia electrica ley 24065,fondo para compensaciones de tarifa electrica,12.61,38.0,True
2013,jujuy,regimen de energia electrica ley 24065,f.e.d.e.i.,7.4842,38.0,True
2013,jujuy,fondo compensador de desequilibrios,fondo compensador de desequilibrios,26.4,38.0,True
2013,jujuy,regimen simplificado para pequeños contribuyentes ley 24977 art 59 inciso a,regimen simplificado para pequeños contribuyentes ley 24977 art 59 inciso a,37.3358,38.0,True
2013,la pampa,coparticipacion federal de impuestos neta ley 26075,coparticipacion federal de impuestos neta ley 26075,2942.0224,42.0,True
2013,la pampa,financiamiento educativo ley 26075,financiamiento educativo ley 26075,246.725,42.0,True
2013,la pampa,transferencia de servicios ley 24049,transferencia de servicios ley 24049,19.2,42.0,True
2013,la pampa,impuesto a las ganancias,obras de infraestructura basica social,56.1756,42.0,True
2013,la pampa,impuesto a las ganancias,excedente obras de caracter social a buenos aires,417.3236,42.0,True
2013,la pampa,impuesto a las ganancias,ley 24699,8.1756,42.0,True
2013,la pampa,impuesto sobre los bienes personales,ley 24699,102.7615,42.0,True
2013,la pampa,impuesto sobre los bienes personales,ley 23966 art 30,8.276,42.0,True
2013,la pampa,impuesto sobre los activos fondo educacion ley 23906,impuesto sobre los activos fondo educacion ley 23906,0.0117,42.0,True
2013,la pampa,i.v.a.ley 23966 art 5 punto 2,i.v.a.ley 23966 art 5 punto 2,21.3802,42.0,True
2013,la pampa,impuesto a los combustibles liquidos ley 23966 y 24699,obras de infraestructura,19.0708,42.0,True
2013,la pampa,impuesto a los combustibles liquidos ley 23966 y 24699,vialidad provincial,48.8188,42.0,True
2013,la pampa,impuesto a los combustibles liquidos ley 23966 y 24699,f.e.d.e.i.,12.1032,42.0,True
2013,la pampa,impuesto a los combustibles liquidos ley 23966 y 24699,ley 24464 fo.na.vi,99.0917,42.0,True
2013,la pampa,regimen de energia electrica ley 24065,fondo para compensaciones de tarifa electrica,14.816,42.0,True
2013,la pampa,regimen de energia electrica ley 24065,f.e.d.e.i.,6.6439,42.0,True
2013,la pampa,fondo compensador de desequilibrios,fondo compensador de desequilibrios,30.0,42.0,True
2013,la pampa,regimen simplificado para pequeños contribuyentes ley 24977 art 59 inciso a,regimen simplificado para pequeños contribuyentes ley 24977 art 59 inciso a,24.6798,42.0,True
2013,la rioja,coparticipacion federal de impuestos neta ley 26075,coparticipacion federal de impuestos neta ley 26075,3210.6385,46.0,True
2013,la rioja,financiamiento educativo ley 26075,financiamiento educativo ley 26075,305.1599,46.0,True
2013,la rioja,transferencia de servicios ley 24049,transferencia de servicios ley 24049,20.3,46.0,True
2013,la rioja,impuesto a las ganancias,obras de infraestructura basica social,108.1172,46.0,True
2013,la rioja,impuesto a las ganancias,excedente obras de caracter social a buenos aires,460.1264,46.0,True
2013,la rioja,impuesto a las ganancias,ley 24699,9.0144,46.0,True
2013,la rioja,impuesto sobre los bienes personales,ley 24699,113.3011,46.0,True
2013,la rioja,impuesto sobre los activos fondo educacion ley 23906,impuesto sobre los activos fondo educacion ley 23906,0.0114,46.0,True
2013,la rioja,impuesto a los combustibles liquidos ley 23966 y 24699,obras de infraestructura,21.027,46.0,True
2013,la rioja,impuesto a los combustibles liquidos ley 23966 y 24699,vialidad provincial,49.7213,46.0,True
2013,la rioja,impuesto a los combustibles liquidos ley 23966 y 24699,f.e.d.e.i.,15.9463,46.0,True
2013,la rioja,impuesto a los combustibles liquidos ley 23966 y 24699,ley 24464 fo.na.vi,99.0917,46.0,True
2013,la rioja,regimen de energia electrica ley 24065,fondo para compensaciones de tarifa electrica,12.2171,46.0,True
2013,la rioja,regimen de energia electrica ley 24065,f.e.d.e.i.,8.7534,46.0,True
2013,la rioja,fondo compensador de desequilibrios,fondo compensador de desequilibrios,26.4,46.0,True
2013,la rioja,regimen simplificado para pequeños contribuyentes ley 24977 art 59 inciso a,regimen simplificado para pequeños contribuyentes ley 24977 art 59 inciso a,27.2112,46.0,True
2013,mendoza,coparticipacion federal de impuestos neta ley 26075,coparticipacion federal de impuestos neta ley 26075,6117.5612,50.0,True
2013,mendoza,financiamiento educativo ley 26075,financiamiento educativo ley 26075,963.0933,50.0,True
2013,mendoza,transferencia de servicios ley 24049,transferencia de servicios ley 24049,61.7,50.0,True
2013,mendoza,impuesto a las ganancias,obras de infraestructura basica social,442.7122,50.0,True
2013,mendoza,impuesto a las ganancias,excedente obras de caracter social a buenos aires,926.6689,50.0,True
2013,mendoza,impuesto a las ganancias,ley 24699,18.1548,50.0,True
2013,mendoza,impuesto sobre los bienes personales,ley 24699,228.1832,50.0,True
2013,mendoza,impuesto sobre los activos fondo educacion ley 23906,impuesto sobre los activos fondo educacion ley 23906,0.0241,50.0,True
2013,mendoza,impuesto a los combustibles liquidos ley 23966 y 24699,obras de infraestructura,42.3475,50.0,True
2013,mendoza,impuesto a los combustibles liquidos ley 23966 y 24699,vialidad provincial,92.0865,50.0,True
2013,mendoza,impuesto a los combustibles liquidos ley 23966 y 24699,f.e.d.e.i.,12.3774,50.0,True
2013,mendoza,impuesto a los combustibles liquidos ley 23966 y 24699,ley 24464 fo.na.vi,198.1834,50.0,True
2013,mendoza,regimen de energia electrica ley 24065,fondo para compensaciones de tarifa electrica,8.565,50.0,True
2013,mendoza,regimen de energia electrica ley 24065,f.e.d.e.i.,6.7944,50.0,True
2013,mendoza,fondo compensador de desequilibrios,fondo compensador de desequilibrios,26.4,50.0,True
2013,mendoza,regimen simplificado para pequeños contribuyentes ley 24977 art 59 inciso a,regimen simplificado para pequeños contribuyentes ley 24977 art 59 inciso a,54.8023,50.0,True
2013,misiones,coparticipacion federal de impuestos neta ley 26075,coparticipacion federal de impuestos neta ley 26075,4788.6724,54.0,True
2013,misiones,financiamiento educativo ley 26075,financiamiento educativo ley 26075,820.2525,54.0,True
2013,misiones,transferencia de servicios ley 24049,transferencia de servicios ley 24049,34.1,54.0,True
2013,misiones,impuesto a las ganancias,obras de infraestructura basica social,478.0078,54.0,True
2013,misiones,impuesto a las ganancias,excedente obras de caracter social a buenos aires,734.0472,54.0,True
2013,misiones,impuesto a las ganancias,ley 24699,14.382,54.0,True
2013,misiones,impuesto sobre los bienes personales,ley 24699,180.7548,54.0,True
2013,misiones,impuesto sobre los bienes personales,ley 23966 art 30,13.4123,54.0,True
2013,misiones,impuesto sobre los activos fondo educacion ley 23906,impuesto sobre los activos fondo educacion ley 23906,0.018,54.0,True
2013,misiones,i.v.a.ley 23966 art 5 punto 2,i.v.a.ley 23966 art 5 punto 2,34.6493,54.0,True
2013,misiones,impuesto a los combustibles liquidos ley 23966 y 24699,obras de infraestructura,33.5448,54.0,True
2013,misiones,impuesto a los combustibles liquidos ley 23966 y 24699,vialidad provincial,80.4993,54.0,True
2013,misiones,impuesto a los combustibles liquidos ley 23966 y 24699,f.e.d.e.i.,20.6059,54.0,True
2013,misiones,impuesto a los combustibles liquidos ley 23966 y 24699,ley 24464 fo.na.vi,232.8655,54.0,True
2013,misiones,regimen de energia electrica ley 24065,fondo para compensaciones de tarifa electrica,17.2989,54.0,True
2013,misiones,regimen de energia electrica ley 24065,f.e.d.e.i.,13.0151,54.0,True
2013,misiones,fondo compensador de desequilibrios,fondo compensador de desequilibrios,26.4,54.0,True
2013,misiones,regimen simplificado para pequeños contribuyentes ley 24977 art 59 inciso a,regimen simplificado para pequeños contribuyentes ley 24977 art 59 inciso a,43.4108,54.0,True
2013,neuquen,coparticipacion federal de impuestos neta ley 26075,coparticipacion federal de impuestos neta ley 26075,2589.8993,58.0,True
2013,neuquen,financiamiento educativo ley 26075,financiamiento educativo ley 26075,357.102,58.0,True
2013,neuquen,transferencia de servicios ley 24049,transferencia de servicios ley 24049,17.4,58.0,True
2013,neuquen,impuesto a las ganancias,obras de infraestructura basica social,146.0938,58.0,True
2013,neuquen,impuesto a las ganancias,excedente obras de caracter social a buenos aires,385.6828,58.0,True
2013,neuquen,impuesto a las ganancias,ley 24699,7.5564,58.0,True
2013,neuquen,impuesto sobre los bienes personales,ley 24699,94.9709,58.0,True
2013,neuquen,impuesto sobre los bienes personales,ley 23966 art 30,6.0319,58.0,True
2013,neuquen,impuesto sobre los activos fondo educacion ley 23906,impuesto sobre los activos fondo educacion ley 23906,0.0159,58.0,True
2013,neuquen,i.v.a.ley 23966 art 5 punto 2,i.v.a.ley 23966 art 5 punto 2,15.5828,58.0,True
2013,neuquen,impuesto a los combustibles liquidos ley 23966 y 24699,obras de infraestructura,17.6248,58.0,True
2013,neuquen,impuesto a los combustibles liquidos ley 23966 y 24699,vialidad provincial,63.7808,58.0,True
2013,neuquen,impuesto a los combustibles liquidos ley 23966 y 24699,f.e.d.e.i.,14.2172,58.0,True
2013,neuquen,impuesto a los combustibles liquidos ley 23966 y 24699,ley 24464 fo.na.vi,213.0472,58.0,True
2013,neuquen,regimen de energia electrica ley 24065,fondo para compensaciones de tarifa electrica,15.7412,58.0,True
2013,neuquen,regimen de energia electrica ley 24065,f.e.d.e.i.,7.8043,58.0,True
2013,neuquen,fondo compensador de desequilibrios,fondo compensador de desequilibrios,30.0,58.0,True
2013,neuquen,regimen simplificado para pequeños contribuyentes ley 24977 art 59 inciso a,regimen simplificado para pequeños contribuyentes ley 24977 art 59 inciso a,22.8084,58.0,True
2013,rio negro,coparticipacion federal de impuestos neta ley 26075,coparticipacion federal de impuestos neta ley 26075,3896.9667,62.0,True
2013,rio negro,financiamiento educativo ley 26075,financiamiento educativo ley 26075,387.4016,62.0,True
2013,rio negro,transferencia de servicios ley 24049,transferencia de servicios ley 24049,14.6,62.0,True
2013,rio negro,impuesto a las ganancias,obras de infraestructura basica social,179.0401,62.0,True
2013,rio negro,impuesto a las ganancias,excedente obras de caracter social a buenos aires,560.7088,62.0,True
2013,rio negro,impuesto a las ganancias,ley 24699,10.9848,62.0,True
2013,rio negro,impuesto sobre los bienes personales,ley 24699,138.0693,62.0,True
2013,rio negro,impuesto sobre los activos fondo educacion ley 23906,impuesto sobre los activos fondo educacion ley 23906,0.0184,62.0,True
2013,rio negro,impuesto a los combustibles liquidos ley 23966 y 24699,obras de infraestructura,25.6238,62.0,True
2013,rio negro,impuesto a los combustibles liquidos ley 23966 y 24699,vialidad provincial,53.1735,62.0,True
2013,rio negro,impuesto a los combustibles liquidos ley 23966 y 24699,f.e.d.e.i.,13.2103,62.0,True
2013,rio negro,impuesto a los combustibles liquidos ley 23966 y 24699,ley 24464 fo.na.vi,222.9563,62.0,True
2013,rio negro,regimen de energia electrica ley 24065,fondo para compensaciones de tarifa electrica,8.6447,62.0,True
2013,rio negro,regimen de energia electrica ley 24065,f.e.d.e.i.,7.2516,62.0,True
2013,rio negro,fondo compensador de desequilibrios,fondo compensador de desequilibrios,30.0,62.0,True
2013,rio negro,regimen simplificado para pequeños contribuyentes ley 24977 art 59 inciso a,regimen simplificado para pequeños contribuyentes ley 24977 art 59 inciso a,33.16,62.0,True
2013,salta,coparticipacion federal de impuestos neta ley 26075,coparticipacion federal de impuestos neta ley 26075,5681.5699,66.0,True
2013,salta,financiamiento educativo ley 26075,financiamiento educativo ley 26075,826.7452,66.0,True
2013,salta,transferencia de servicios ley 24049,transferencia de servicios ley 24049,39.8,66.0,True
2013,salta,impuesto a las ganancias,obras de infraestructura basica social,621.6516,66.0,True
2013,salta,impuesto a las ganancias,excedente obras de caracter social a buenos aires,851.7683,66.0,True
2013,salta,impuesto a las ganancias,ley 24699,16.6872,66.0,True
2013,salta,impuesto sobre los bienes personales,ley 24699,209.7388,66.0,True
2013,salta,impuesto sobre los activos fondo educacion ley 23906,impuesto sobre los activos fondo educacion ley 23906,0.0245,66.0,True
2013,salta,impuesto a los combustibles liquidos ley 23966 y 24699,obras de infraestructura,38.9247,66.0,True
2013,salta,impuesto a los combustibles liquidos ley 23966 y 24699,vialidad provincial,76.4378,66.0,True
2013,salta,impuesto a los combustibles liquidos ley 23966 y 24699,f.e.d.e.i.,13.5147,66.0,True
2013,salta,impuesto a los combustibles liquidos ley 23966 y 24699,ley 24464 fo.na.vi,198.1834,66.0,True
2013,salta,regimen de energia electrica ley 24065,fondo para compensaciones de tarifa electrica,11.883,66.0,True
2013,salta,regimen de energia electrica ley 24065,f.e.d.e.i.,7.4187,66.0,True
2013,salta,fondo compensador de desequilibrios,fondo compensador de desequilibrios,30.0,66.0,True
2013,salta,regimen simplificado para pequeños contribuyentes ley 24977 art 59 inciso a,regimen simplificado para pequeños contribuyentes ley 24977 art 59 inciso a,50.3729,66.0,True
2013,san juan,coparticipacion federal de impuestos neta ley 26075,coparticipacion federal de impuestos neta ley 26075,5278.7591,70.0,True
2013,san juan,financiamiento educativo ley 26075,financiamiento educativo ley 26075,460.9862,70.0,True
2013,san juan,transferencia de servicios ley 24049,transferencia de servicios ley 24049,30.1,70.0,True
2013,san juan,impuesto a las ganancias,obras de infraestructura basica social,197.1968,70.0,True
2013,san juan,impuesto a las ganancias,excedente obras de caracter social a buenos aires,751.1683,70.0,True
2013,san juan,impuesto a las ganancias,ley 24699,14.7168,70.0,True
2013,san juan,impuesto sobre los bienes personales,ley 24699,184.9707,70.0,True
2013,san juan,impuesto sobre los activos fondo educacion ley 23906,impuesto sobre los activos fondo educacion ley 23906,0.0138,70.0,True
2013,san juan,impuesto a los combustibles liquidos ley 23966 y 24699,obras de infraestructura,34.3279,70.0,True
2013,san juan,impuesto a los combustibles liquidos ley 23966 y 24699,vialidad provincial,63.6651,70.0,True
2013,san juan,impuesto a los combustibles liquidos ley 23966 y 24699,f.e.d.e.i.,12.5204,70.0,True
2013,san juan,impuesto a los combustibles liquidos ley 23966 y 24699,ley 24464 fo.na.vi,180.8423,70.0,True
2013,san juan,regimen de energia electrica ley 24065,fondo para compensaciones de tarifa electrica,8.8053,70.0,True
2013,san juan,regimen de energia electrica ley 24065,f.e.d.e.i.,6.8728,70.0,True
2013,san juan,fondo compensador de desequilibrios,fondo compensador de desequilibrios,26.4,70.0,True
2013,san juan,regimen simplificado para pequeños contribuyentes ley 24977 art 59 inciso a,regimen simplificado para pequeños contribuyentes ley 24977 art 59 inciso a,44.4241,70.0,True
2013,san luis,coparticipacion federal de impuestos neta ley 26075,coparticipacion federal de impuestos neta ley 26075,3583.3801,74.0,True
2013,san luis,financiamiento educativo ley 26075,financiamiento educativo ley 26075,292.1744,74.0,True
2013,san luis,transferencia de servicios ley 24049,transferencia de servicios ley 24049,18.9,74.0,True
2013,san luis,impuesto a las ganancias,obras de infraestructura basica social,104.8171,74.0,True
2013,san luis,impuesto a las ganancias,excedente obras de caracter social a buenos aires,507.2008,74.0,True
2013,san luis,impuesto a las ganancias,ley 24699,9.9372,74.0,True
2013,san luis,impuesto sobre los bienes personales,ley 24699,124.8947,74.0,True
2013,san luis,impuesto sobre los activos fondo educacion ley 23906,impuesto sobre los activos fondo educacion ley 23906,0.0114,74.0,True
2013,san luis,impuesto a los combustibles liquidos ley 23966 y 24699,obras de infraestructura,23.1781,74.0,True
2013,san luis,impuesto a los combustibles liquidos ley 23966 y 24699,vialidad provincial,73.7488,74.0,True
2013,san luis,impuesto a los combustibles liquidos ley 23966 y 24699,f.e.d.e.i.,12.2652,74.0,True
2013,san luis,impuesto a los combustibles liquidos ley 23966 y 24699,ley 24464 fo.na.vi,180.8423,74.0,True
2013,san luis,regimen de energia electrica ley 24065,fondo para compensaciones de tarifa electrica,10.2674,74.0,True
2013,san luis,regimen de energia electrica ley 24065,f.e.d.e.i.,6.7328,74.0,True
2013,san luis,fondo compensador de desequilibrios,fondo compensador de desequilibrios,26.4,74.0,True
2013,san luis,regimen simplificado para pequeños contribuyentes ley 24977 art 59 inciso a,regimen simplificado para pequeños contribuyentes ley 24977 art 59 inciso a,29.9951,74.0,True
2013,santa cruz,coparticipacion federal de impuestos neta ley 26075,coparticipacion federal de impuestos neta ley 26075,2518.7129,78.0,True
2013,santa cruz,financiamiento educativo ley 26075,financiamiento educativo ley 26075,166.6476,78.0,True
2013,santa cruz,transferencia de servicios ley 24049,transferencia de servicios ley 24049,8.5,78.0,True
2013,santa cruz,impuesto a las ganancias,obras de infraestructura basica social,36.7043,78.0,True
2013,santa cruz,impuesto a las ganancias,excedente obras de caracter social a buenos aires,351.4405,78.0,True
2013,santa cruz,impuesto a las ganancias,ley 24699,6.8856,78.0,True
2013,santa cruz,impuesto sobre los bienes personales,ley 24699,86.5392,78.0,True
2013,santa cruz,impuesto sobre los bienes personales,ley 23966 art 30,7.821,78.0,True
2013,santa cruz,impuesto sobre los activos fondo educacion ley 23906,impuesto sobre los activos fondo educacion ley 23906,0.0115,78.0,True
2013,santa cruz,i.v.a.ley 23966 art 5 punto 2,i.v.a.ley 23966 art 5 punto 2,20.2048,78.0,True
2013,santa cruz,impuesto a los combustibles liquidos ley 23966 y 24699,obras de infraestructura,16.0607,78.0,True
2013,santa cruz,impuesto a los combustibles liquidos ley 23966 y 24699,vialidad provincial,53.0278,78.0,True
2013,santa cruz,impuesto a los combustibles liquidos ley 23966 y 24699,f.e.d.e.i.,17.2579,78.0,True
2013,santa cruz,impuesto a los combustibles liquidos ley 23966 y 24699,ley 24464 fo.na.vi,158.5467,78.0,True
2013,santa cruz,regimen de energia electrica ley 24065,fondo para compensaciones de tarifa electrica,10.7331,78.0,True
2013,santa cruz,regimen de energia electrica ley 24065,transferencia a empresas de energia electrica,38.75,78.0,True
2013,santa cruz,regimen de energia electrica ley 24065,f.e.d.e.i.,9.4734,78.0,True
2013,santa cruz,fondo compensador de desequilibrios,fondo compensador de desequilibrios,36.0,78.0,True
2013,santa cruz,regimen simplificado para pequeños contribuyentes ley 24977 art 59 inciso a,regimen simplificado para pequeños contribuyentes ley 24977 art 59 inciso a,20.7843,78.0,True
2013,santa fe,coparticipacion federal de impuestos neta ley 26075,coparticipacion federal de impuestos neta ley 26075,13720.7879,82.0,True
2013,santa fe,financiamiento educativo ley 26075,financiamiento educativo ley 26075,1454.379,82.0,True
2013,santa fe,transferencia de servicios ley 24049,transferencia de servicios ley 24049,135.489,82.0,True
2013,santa fe,impuesto a las ganancias,obras de infraestructura basica social,808.7289,82.0,True
2013,santa fe,impuesto a las ganancias,excedente obras de caracter social a buenos aires,1986.0003,82.0,True
2013,santa fe,impuesto a las ganancias,ley 24699,38.91,82.0,True
2013,santa fe,impuesto sobre los bienes personales,ley 24699,489.0393,82.0,True
2013,santa fe,impuesto sobre los bienes personales,ley 23966 art 30,105.4804,82.0,True
2013,santa fe,impuesto sobre los activos fondo educacion ley 23906,impuesto sobre los activos fondo educacion ley 23906,0.0464,82.0,True
2013,santa fe,i.v.a.ley 23966 art 5 punto 2,i.v.a.ley 23966 art 5 punto 2,272.4988,82.0,True
2013,santa fe,impuesto a los combustibles liquidos ley 23966 y 24699,obras de infraestructura,120.7584,82.0,True
2013,santa fe,impuesto a los combustibles liquidos ley 23966 y 24699,vialidad provincial,150.477,82.0,True
2013,santa fe,impuesto a los combustibles liquidos ley 23966 y 24699,f.e.d.e.i.,10.874,82.0,True
2013,santa fe,impuesto a los combustibles liquidos ley 23966 y 24699,ley 24464 fo.na.vi,279.934,82.0,True
2013,santa fe,regimen de energia electrica ley 24065,fondo para compensaciones de tarifa electrica,7.677,82.0,True
2013,santa fe,regimen de energia electrica ley 24065,f.e.d.e.i.,5.9691,82.0,True
2013,santa fe,fondo compensador de desequilibrios,fondo compensador de desequilibrios,6.0,82.0,True
2013,santa fe,regimen simplificado para pequeños contribuyentes ley 24977 art 59 inciso a,regimen simplificado para pequeños contribuyentes ley 24977 art 59 inciso a,117.4514,82.0,True
2013,sgo. del estero,coparticipacion federal de impuestos neta ley 26075,coparticipacion federal de impuestos neta ley 26075,6270.7407,86.0,True
2013,sgo. del estero,financiamiento educativo ley 26075,financiamiento educativo ley 26075,744.5036,86.0,True
2013,sgo. del estero,transferencia de servicios ley 24049,transferencia de servicios ley 24049,31.6,86.0,True
2013,sgo. del estero,impuesto a las ganancias,obras de infraestructura basica social,460.516,86.0,True
2013,sgo. del estero,impuesto a las ganancias,excedente obras de caracter social a buenos aires,918.1083,86.0,True
2013,sgo. del estero,impuesto a las ganancias,ley 24699,17.9879,86.0,True
2013,sgo. del estero,impuesto sobre los bienes personales,ley 24699,226.0753,86.0,True
2013,sgo. del estero,impuesto sobre los activos fondo educacion ley 23906,impuesto sobre los activos fondo educacion ley 23906,0.0231,86.0,True
2013,sgo. del estero,impuesto a los combustibles liquidos ley 23966 y 24699,obras de infraestructura,41.9565,86.0,True
2013,sgo. del estero,impuesto a los combustibles liquidos ley 23966 y 24699,vialidad provincial,75.0762,86.0,True
2013,sgo. del estero,impuesto a los combustibles liquidos ley 23966 y 24699,f.e.d.e.i.,14.4985,86.0,True
2013,sgo. del estero,impuesto a los combustibles liquidos ley 23966 y 24699,ley 24464 fo.na.vi,213.0472,86.0,True
2013,sgo. del estero,regimen de energia electrica ley 24065,fondo para compensaciones de tarifa electrica,11.6307,86.0,True
2013,sgo. del estero,regimen de energia electrica ley 24065,f.e.d.e.i.,7.9587,86.0,True
2013,sgo. del estero,fondo compensador de desequilibrios,fondo compensador de desequilibrios,26.4,86.0,True
2013,sgo. del estero,regimen simplificado para pequeños contribuyentes ley 24977 art 59 inciso a,regimen simplificado para pequeños contribuyentes ley 24977 art 59 inciso a,54.2963,86.0,True
2013,tucuman,coparticipacion federal de impuestos neta ley 26075,coparticipacion federal de impuestos neta ley 26075,7171.3374,90.0,True
2013,tucuman,financiamiento educativo ley 26075,financiamiento educativo ley 26075,906.8226,90.0,True
2013,tucuman,transferencia de servicios ley 24049,transferencia de servicios ley 24049,55.8,90.0,True
2013,tucuman,impuesto a las ganancias,obras de infraestructura basica social,584.4151,90.0,True
2013,tucuman,impuesto a las ganancias,excedente obras de caracter social a buenos aires,1057.2044,90.0,True
2013,tucuman,impuesto a las ganancias,ley 24699,20.7132,90.0,True
2013,tucuman,impuesto sobre los bienes personales,ley 24699,260.3291,90.0,True
2013,tucuman,impuesto sobre los activos fondo educacion ley 23906,impuesto sobre los activos fondo educacion ley 23906,0.0209,90.0,True
2013,tucuman,impuesto a los combustibles liquidos ley 23966 y 24699,obras de infraestructura,48.3134,90.0,True
2013,tucuman,impuesto a los combustibles liquidos ley 23966 y 24699,vialidad provincial,70.5594,90.0,True
2013,tucuman,impuesto a los combustibles liquidos ley 23966 y 24699,f.e.d.e.i.,11.167,90.0,True
2013,tucuman,impuesto a los combustibles liquidos ley 23966 y 24699,ley 24464 fo.na.vi,208.0926,90.0,True
2013,tucuman,regimen de energia electrica ley 24065,fondo para compensaciones de tarifa electrica,13.3496,90.0,True
2013,tucuman,regimen de energia electrica ley 24065,f.e.d.e.i.,6.1299,90.0,True
2013,tucuman,fondo compensador de desequilibrios,fondo compensador de desequilibrios,26.4,90.0,True
2013,tucuman,regimen simplificado para pequeños contribuyentes ley 24977 art 59 inciso a,regimen simplificado para pequeños contribuyentes ley 24977 art 59 inciso a,62.5229,90.0,True
2013,tierra del fuego,coparticipacion federal de impuestos neta ley 26075,coparticipacion federal de impuestos neta ley 26075,2004.8337,94.0,True
2013,tierra del fuego,financiamiento educativo ley 26075,financiamiento educativo ley 26075,93.0629,94.0,True
2013,tierra del fuego,transferencia de servicios ley 24049,transferencia de servicios ley 24049,12.0,94.0,True
2013,tierra del fuego,impuesto a las ganancias,obras de infraestructura basica social,25.7725,94.0,True
2013,tierra del fuego,impuesto a las ganancias,excedente obras de caracter social a buenos aires,274.079,94.0,True
2013,tierra del fuego,impuesto a las ganancias,ley 24699,5.37,94.0,True
2013,tierra del fuego,impuesto sobre los bienes personales,ley 24699,67.4876,94.0,True
2013,tierra del fuego,impuesto sobre los bienes personales,ley 23966 art 30,0.6937,94.0,True
2013,tierra del fuego,impuesto sobre los activos fondo educacion ley 23906,impuesto sobre los activos fondo educacion ley 23906,0.0055,94.0,True
2013,tierra del fuego,i.v.a.ley 23966 art 5 punto 2,i.v.a.ley 23966 art 5 punto 2,1.7922,94.0,True
2013,tierra del fuego,impuesto a los combustibles liquidos ley 23966 y 24699,obras de infraestructura,12.525,94.0,True
2013,tierra del fuego,impuesto a los combustibles liquidos ley 23966 y 24699,vialidad provincial,32.7317,94.0,True
2013,tierra del fuego,impuesto a los combustibles liquidos ley 23966 y 24699,f.e.d.e.i.,12.6913,94.0,True
2013,tierra del fuego,impuesto a los combustibles liquidos ley 23966 y 24699,ley 24464 fo.na.vi,131.2965,94.0,True
2013,tierra del fuego,regimen de energia electrica ley 24065,fondo para compensaciones de tarifa electrica,6.9556,94.0,True
2013,tierra del fuego,regimen de energia electrica ley 24065,f.e.d.e.i.,6.9667,94.0,True
2013,tierra del fuego,fondo compensador de desequilibrios,fondo compensador de desequilibrios,36.0,94.0,True
2013,tierra del fuego,regimen simplificado para pequeños contribuyentes ley 24977 art 59 inciso a,regimen simplificado para pequeños contribuyentes ley 24977 art 59 inciso a,16.2088,94.0,True
2013,c.a.b.a,coparticipacion federal de impuestos neta ley 26075,coparticipacion federal de impuestos neta ley 26075,3046.7674,2.0,True
2013,c.a.b.a,financiamiento educativo ley 26075,financiamiento educativo ley 26075,1173.026,2.0,True
2013,c.a.b.a,impuesto sobre los activos fondo educacion ley 23906,impuesto sobre los activos fondo educacion ley 23906,0.0199,2.0,True
2013,c.a.b.a,impuesto a los combustibles liquidos ley 23966 y 24699,ley 24464 fo.na.vi,64.4096,2.0,True
2013,tesoro nacional,coparticipacion federal de impuestos neta ley 26075,coparticipacion federal de impuestos neta ley 26075,121288.9176,,False
2013,tesoro nacional,impuesto sobre los bienes personales,ley 24699,4014.5498,,False
2013,tesoro nacional,impuesto sobre los activos fondo educacion ley 23906,impuesto sobre los activos fondo educacion ley 23906,0.3012,,False
2013,tesoro nacional,impuesto a los combustibles liquidos ley 23966 y 24699,vialidad provincial,3424.3478,,False
2013,seguridad social,coparticipacion federal de impuestos neta ley 26075,coparticipacion federal de impuestos neta ley 26075,53287.6608,,False
2013,seguridad social,impuesto a las ganancias,obras de infraestructura basica social,36456.3584,,False
2013,seguridad social,impuesto a las ganancias,ley 24699,120.0,,False
2013,seguridad social,i.v.a.ley 23966 art 5 punto 2,i.v.a.ley 23966 art 5 punto 2,24906.8479,,False
2013,seguridad social,regimen simplificado para pequeños contribuyentes ley 24977 art 59 inciso a,regimen simplificado para pequeños contribuyentes ley 24977 art 59 inciso a,3099.0287,,False
2013,fondo a.t.n.,coparticipacion federal de impuestos neta ley 26075,coparticipacion federal de impuestos neta ley 26075,3014.1381,,False
2013,fondo a.t.n.,impuesto a las ganancias,obras de infraestructura basica social,3645.6358,,False
2013,fondo a.t.n.,impuesto a las ganancias,ley 24699,20.0,,False
2013,fondo a.t.n.,impuesto sobre los bienes personales,ley 24699,96.4109,,False
2014,buenos aires,coparticipacion federal de impuestos neta ley 26075,coparticipacion federal de impuestos neta ley 26075,42020.29788,6.0,True
2014,buenos aires,financiamiento educativo ley 26075,financiamiento educativo ley 26075,8961.30376,6.0,True
2014,buenos aires,transferencia de servicios ley 24049,transferencia de servicios ley 24049,420.1,6.0,True
2014,buenos aires,impuesto a las ganancias,obras de infraestructura basica social,650.0,6.0,True
2014,buenos aires,impuesto a las ganancias,ley 24699,95.6087,6.0,True
2014,buenos aires,impuesto sobre los bienes personales,ley 24699,1672.9896,6.0,True
2014,buenos aires,impuesto sobre los bienes personales,ley 23966 art 30,398.28993,6.0,True
2014,buenos aires,impuesto sobre los activos fondo educacion ley 23906,impuesto sobre los activos fondo educacion ley 23906,0.33008,6.0,True
2014,buenos aires,i.v.a.ley 23966 art 5 punto 2,i.v.a.ley 23966 art 5 punto 2,970.9394,6.0,True
2014,buenos aires,impuesto a los combustibles liquidos ley 23966 y 24699,obras de infraestructura,277.90032,6.0,True
2014,buenos aires,impuesto a los combustibles liquidos ley 23966 y 24699,vialidad provincial,601.22763,6.0,True
2014,buenos aires,impuesto a los combustibles liquidos ley 23966 y 24699,f.e.d.e.i.,14.26573,6.0,True
2014,buenos aires,impuesto a los combustibles liquidos ley 23966 y 24699,ley 24464 fo.na.vi,991.90126,6.0,True
2014,buenos aires,regimen de energia electrica ley 24065,fondo para compensaciones de tarifa electrica,9.28222,6.0,True
2014,buenos aires,regimen de energia electrica ley 24065,f.e.d.e.i.,6.67134,6.0,True
2014,buenos aires,regimen simplificado para pequeños contribuyentes ley 24977 art 59 inciso a,regimen simplificado para pequeños contribuyentes ley 24977 art 59 inciso a,273.86115,6.0,True
2014,catamarca,coparticipacion federal de impuestos neta ley 26075,coparticipacion federal de impuestos neta ley 26075,5970.77852,10.0,True
2014,catamarca,financiamiento educativo ley 26075,financiamiento educativo ley 26075,423.58526,10.0,True
2014,catamarca,transferencia de servicios ley 24049,transferencia de servicios ley 24049,21.4,10.0,True
2014,catamarca,impuesto a las ganancias,obras de infraestructura basica social,190.2813,10.0,True
2014,catamarca,impuesto a las ganancias,excedente obras de caracter social a buenos aires,903.13826,10.0,True
2014,catamarca,impuesto a las ganancias,ley 24699,11.9916,10.0,True
2014,catamarca,impuesto sobre los bienes personales,ley 24699,209.8346,10.0,True
2014,catamarca,impuesto sobre los activos fondo educacion ley 23906,impuesto sobre los activos fondo educacion ley 23906,0.0247,10.0,True
2014,catamarca,impuesto a los combustibles liquidos ley 23966 y 24699,obras de infraestructura,38.61897,10.0,True
2014,catamarca,impuesto a los combustibles liquidos ley 23966 y 24699,vialidad provincial,70.91048,10.0,True
2014,catamarca,impuesto a los combustibles liquidos ley 23966 y 24699,f.e.d.e.i.,21.50053,10.0,True
2014,catamarca,impuesto a los combustibles liquidos ley 23966 y 24699,ley 24464 fo.na.vi,143.65467,10.0,True
2014,catamarca,regimen de energia electrica ley 24065,fondo para compensaciones de tarifa electrica,13.65367,10.0,True
2014,catamarca,regimen de energia electrica ley 24065,f.e.d.e.i.,10.05468,10.0,True
2014,catamarca,fondo compensador de desequilibrios,fondo compensador de desequilibrios,26.4,10.0,True
2014,catamarca,regimen simplificado para pequeños contribuyentes ley 24977 art 59 inciso a,regimen simplificado para pequeños contribuyentes ley 24977 art 59 inciso a,34.34954,10.0,True
2014,cordoba,coparticipacion federal de impuestos neta ley 26075,coparticipacion federal de impuestos neta ley 26075,18559.33436,14.0,True
2014,cordoba,financiamiento educativo ley 26075,financiamiento educativo ley 26075,2054.66357,14.0,True
2014,cordoba,transferencia de servicios ley 24049,transferencia de servicios ley 24049,125.3,14.0,True
2014,cordoba,impuesto a las ganancias,obras de infraestructura basica social,1051.29773,14.0,True
2014,cordoba,impuesto a las ganancias,excedente obras de caracter social a buenos aires,2911.46668,14.0,True
2014,cordoba,impuesto a las ganancias,ley 24699,38.658,14.0,True
2014,cordoba,impuesto sobre los bienes personales,ley 24699,676.4598,14.0,True
2014,cordoba,impuesto sobre los bienes personales,ley 23966 art 30,136.01772,14.0,True
2014,cordoba,impuesto sobre los activos fondo educacion ley 23906,impuesto sobre los activos fondo educacion ley 23906,0.09137,14.0,True
2014,cordoba,i.v.a.ley 23966 art 5 punto 2,i.v.a.ley 23966 art 5 punto 2,331.57997,14.0,True
2014,cordoba,impuesto a los combustibles liquidos ley 23966 y 24699,obras de infraestructura,124.49778,14.0,True
2014,cordoba,impuesto a los combustibles liquidos ley 23966 y 24699,vialidad provincial,214.57928,14.0,True
2014,cordoba,impuesto a los combustibles liquidos ley 23966 y 24699,f.e.d.e.i.,14.26573,14.0,True
2014,cordoba,impuesto a los combustibles liquidos ley 23966 y 24699,ley 24464 fo.na.vi,386.49946,14.0,True
2014,cordoba,regimen de energia electrica ley 24065,fondo para compensaciones de tarifa electrica,8.70212,14.0,True
2014,cordoba,regimen de energia electrica ley 24065,f.e.d.e.i.,6.67134,14.0,True
2014,cordoba,fondo compensador de desequilibrios,fondo compensador de desequilibrios,6.0,14.0,True
2014,cordoba,regimen simplificado para pequeños contribuyentes ley 24977 art 59 inciso a,regimen simplificado para pequeños contribuyentes ley 24977 art 59 inciso a,110.73423,14.0,True
2014,corrientes,coparticipacion federal de impuestos neta ley 26075,coparticipacion federal de impuestos neta ley 26075,7730.72427,18.0,True
2014,corrientes,financiamiento educativo ley 26075,financiamiento educativo ley 26075,899.43104,18.0,True
2014,corrientes,transferencia de servicios ley 24049,transferencia de servicios ley 24049,38.6,18.0,True
2014,corrientes,impuesto a las ganancias,obras de infraestructura basica social,706.43275,18.0,True
2014,corrientes,impuesto a las ganancias,excedente obras de caracter social a buenos aires,1218.9254,18.0,True
2014,corrientes,impuesto a las ganancias,ley 24699,16.1844,18.0,True
2014,corrientes,impuesto sobre los bienes personales,ley 24699,283.20334,18.0,True
2014,corrientes,impuesto sobre los bienes personales,ley 23966 art 30,43.49216,18.0,True
2014,corrientes,impuesto sobre los activos fondo educacion ley 23906,impuesto sobre los activos fondo educacion ley 23906,0.04098,18.0,True
2014,corrientes,i.v.a.ley 23966 art 5 punto 2,i.v.a.ley 23966 art 5 punto 2,106.02391,18.0,True
2014,corrientes,impuesto a los combustibles liquidos ley 23966 y 24699,obras de infraestructura,52.12158,18.0,True
2014,corrientes,impuesto a los combustibles liquidos ley 23966 y 24699,vialidad provincial,88.39515,18.0,True
2014,corrientes,impuesto a los combustibles liquidos ley 23966 y 24699,f.e.d.e.i.,18.06034,18.0,True
2014,corrientes,impuesto a los combustibles liquidos ley 23966 y 24699,ley 24464 fo.na.vi,338.61457,18.0,True
2014,corrientes,regimen de energia electrica ley 24065,fondo para compensaciones de tarifa electrica,11.79777,18.0,True
2014,corrientes,regimen de energia electrica ley 24065,f.e.d.e.i.,8.44588,18.0,True
2014,corrientes,fondo compensador de desequilibrios,fondo compensador de desequilibrios,18.0,18.0,True
2014,corrientes,regimen simplificado para pequeños contribuyentes ley 24977 art 59 inciso a,regimen simplificado para pequeños contribuyentes ley 24977 art 59 inciso a,46.3594,18.0,True
2014,chaco,coparticipacion federal de impuestos neta ley 26075,coparticipacion federal de impuestos neta ley 26075,10577.44806,22.0,True
2014,chaco,financiamiento educativo ley 26075,financiamiento educativo ley 26075,1003.95208,22.0,True
2014,chaco,transferencia de servicios ley 24049,transferencia de servicios ley 24049,33.6,22.0,True
2014,chaco,impuesto a las ganancias,obras de infraestructura basica social,865.35731,22.0,True
2014,chaco,impuesto a las ganancias,excedente obras de caracter social a buenos aires,1635.73849,22.0,True
2014,chaco,impuesto a las ganancias,ley 24699,21.7188,22.0,True
2014,chaco,impuesto sobre los bienes personales,ley 24699,380.05008,22.0,True
2014,chaco,impuesto sobre los bienes personales,ley 23966 art 30,34.19223,22.0,True
2014,chaco,impuesto sobre los activos fondo educacion ley 23906,impuesto sobre los activos fondo educacion ley 23906,0.05354,22.0,True
2014,chaco,i.v.a.ley 23966 art 5 punto 2,i.v.a.ley 23966 art 5 punto 2,83.3528,22.0,True
2014,chaco,impuesto a los combustibles liquidos ley 23966 y 24699,obras de infraestructura,69.94604,22.0,True
2014,chaco,impuesto a los combustibles liquidos ley 23966 y 24699,vialidad provincial,98.34497,22.0,True
2014,chaco,impuesto a los combustibles liquidos ley 23966 y 24699,f.e.d.e.i.,19.18164,22.0,True
2014,chaco,impuesto a los combustibles liquidos ley 23966 y 24699,ley 24464 fo.na.vi,314.67212,22.0,True
2014,chaco,regimen de energia electrica ley 24065,fondo para compensaciones de tarifa electrica,12.56431,22.0,True
2014,chaco,regimen de energia electrica ley 24065,f.e.d.e.i.,8.97025,22.0,True
2014,chaco,fondo compensador de desequilibrios,fondo compensador de desequilibrios,6.0,22.0,True
2014,chaco,regimen simplificado para pequeños contribuyentes ley 24977 art 59 inciso a,regimen simplificado para pequeños contribuyentes ley 24977 art 59 inciso a,62.21333,22.0,True
2014,chubut,coparticipacion federal de impuestos neta ley 26075,coparticipacion federal de impuestos neta ley 26075,3247.95584,26.0,True
2014,chubut,financiamiento educativo ley 26075,financiamiento educativo ley 26075,423.58526,26.0,True
2014,chubut,transferencia de servicios ley 24049,transferencia de servicios ley 24049,24.2,26.0,True
2014,chubut,impuesto a las ganancias,obras de infraestructura basica social,169.65406,26.0,True
2014,chubut,impuesto a las ganancias,excedente obras de caracter social a buenos aires,518.56529,26.0,True
2014,chubut,impuesto a las ganancias,ley 24699,6.8856,26.0,True
2014,chubut,impuesto sobre los bienes personales,ley 24699,120.48366,26.0,True
2014,chubut,impuesto sobre los bienes personales,ley 23966 art 30,13.37536,26.0,True
2014,chubut,impuesto sobre los activos fondo educacion ley 23906,impuesto sobre los activos fondo educacion ley 23906,0.02472,26.0,True
2014,chubut,i.v.a.ley 23966 art 5 punto 2,i.v.a.ley 23966 art 5 punto 2,32.60605,26.0,True
2014,chubut,impuesto a los combustibles liquidos ley 23966 y 24699,obras de infraestructura,22.17466,26.0,True
2014,chubut,impuesto a los combustibles liquidos ley 23966 y 24699,vialidad provincial,99.90157,26.0,True
2014,chubut,impuesto a los combustibles liquidos ley 23966 y 24699,f.e.d.e.i.,20.11162,26.0,True
2014,chubut,impuesto a los combustibles liquidos ley 23966 y 24699,ley 24464 fo.na.vi,218.90235,26.0,True
2014,chubut,regimen de energia electrica ley 24065,fondo para compensaciones de tarifa electrica,17.01237,26.0,True
2014,chubut,regimen de energia electrica ley 24065,f.e.d.e.i.,9.40516,26.0,True
2014,chubut,fondo compensador de desequilibrios,fondo compensador de desequilibrios,36.0,26.0,True
2014,chubut,regimen simplificado para pequeños contribuyentes ley 24977 art 59 inciso a,regimen simplificado para pequeños contribuyentes ley 24977 art 59 inciso a,19.7232,26.0,True
2014,entre rios,coparticipacion federal de impuestos neta ley 26075,coparticipacion federal de impuestos neta ley 26075,10438.78258,30.0,True
2014,entre rios,financiamiento educativo ley 26075,financiamiento educativo ley 26075,896.68049,30.0,True
2014,entre rios,transferencia de servicios ley 24049,transferencia de servicios ley 24049,67.5,30.0,True
2014,entre rios,impuesto a las ganancias,obras de infraestructura basica social,539.81301,30.0,True
2014,entre rios,impuesto a las ganancias,excedente obras de caracter social a buenos aires,1601.00839,30.0,True
2014,entre rios,impuesto a las ganancias,ley 24699,21.258,30.0,True
2014,entre rios,impuesto sobre los bienes personales,ley 24699,371.97952,30.0,True
2014,entre rios,impuesto sobre los bienes personales,ley 23966 art 30,59.0287,30.0,True
2014,entre rios,impuesto sobre los activos fondo educacion ley 23906,impuesto sobre los activos fondo educacion ley 23906,0.04241,30.0,True
2014,entre rios,i.v.a.ley 23966 art 5 punto 2,i.v.a.ley 23966 art 5 punto 2,143.89841,30.0,True
2014,entre rios,impuesto a los combustibles liquidos ley 23966 y 24699,obras de infraestructura,68.45961,30.0,True
2014,entre rios,impuesto a los combustibles liquidos ley 23966 y 24699,vialidad provincial,161.77711,30.0,True
2014,entre rios,impuesto a los combustibles liquidos ley 23966 y 24699,f.e.d.e.i.,16.50768,30.0,True
2014,entre rios,impuesto a los combustibles liquidos ley 23966 y 24699,ley 24464 fo.na.vi,266.78724,30.0,True
2014,entre rios,regimen de energia electrica ley 24065,fondo para compensaciones de tarifa electrica,12.60262,30.0,True
2014,entre rios,regimen de energia electrica ley 24065,f.e.d.e.i.,7.71978,30.0,True
2014,entre rios,fondo compensador de desequilibrios,fondo compensador de desequilibrios,21.60004,30.0,True
2014,entre rios,regimen simplificado para pequeños contribuyentes ley 24977 art 59 inciso a,regimen simplificado para pequeños contribuyentes ley 24977 art 59 inciso a,60.89122,30.0,True
2014,formosa,coparticipacion federal de impuestos neta ley 26075,coparticipacion federal de impuestos neta ley 26075,7843.41964,34.0,True
2014,formosa,financiamiento educativo ley 26075,financiamiento educativo ley 26075,607.87235,34.0,True
2014,formosa,transferencia de servicios ley 24049,transferencia de servicios ley 24049,20.7,34.0,True
2014,formosa,impuesto a las ganancias,obras de infraestructura basica social,438.29725,34.0,True
2014,formosa,impuesto a las ganancias,excedente obras de caracter social a buenos aires,1193.66243,34.0,True
2014,formosa,impuesto a las ganancias,ley 24699,15.8495,34.0,True
2014,formosa,impuesto sobre los bienes personales,ley 24699,277.33384,34.0,True
2014,formosa,impuesto sobre los bienes personales,ley 23966 art 30,15.92741,34.0,True
2014,formosa,impuesto sobre los activos fondo educacion ley 23906,impuesto sobre los activos fondo educacion ley 23906,0.02886,34.0,True
2014,formosa,i.v.a.ley 23966 art 5 punto 2,i.v.a.ley 23966 art 5 punto 2,38.82736,34.0,True
2014,formosa,impuesto a los combustibles liquidos ley 23966 y 24699,obras de infraestructura,51.04182,34.0,True
2014,formosa,impuesto a los combustibles liquidos ley 23966 y 24699,vialidad provincial,70.2804,34.0,True
2014,formosa,impuesto a los combustibles liquidos ley 23966 y 24699,f.e.d.e.i.,22.16538,34.0,True
2014,formosa,impuesto a los combustibles liquidos ley 23966 y 24699,ley 24464 fo.na.vi,273.62793,34.0,True
2014,formosa,regimen de energia electrica ley 24065,fondo para compensaciones de tarifa electrica,13.34807,34.0,True
2014,formosa,regimen de energia electrica ley 24065,f.e.d.e.i.,10.36559,34.0,True
2014,formosa,fondo compensador de desequilibrios,fondo compensador de desequilibrios,26.4,34.0,True
2014,formosa,regimen simplificado para pequeños contribuyentes ley 24977 art 59 inciso a,regimen simplificado para pequeños contribuyentes ley 24977 art 59 inciso a,45.39902,34.0,True
2014,jujuy,coparticipacion federal de impuestos neta ley 26075,coparticipacion federal de impuestos neta ley 26075,6006.96654,38.0,True
2014,jujuy,financiamiento educativo ley 26075,financiamiento educativo ley 26075,588.61848,38.0,True
2014,jujuy,transferencia de servicios ley 24049,transferencia de servicios ley 24049,33.3,38.0,True
2014,jujuy,impuesto a las ganancias,obras de infraestructura basica social,466.48071,38.0,True
2014,jujuy,impuesto a las ganancias,excedente obras de caracter social a buenos aires,931.56559,38.0,True
2014,jujuy,impuesto a las ganancias,ley 24699,12.3695,38.0,True
2014,jujuy,impuesto sobre los bienes personales,ley 24699,216.43779,38.0,True
2014,jujuy,impuesto sobre los activos fondo educacion ley 23906,impuesto sobre los activos fondo educacion ley 23906,0.02629,38.0,True
2014,jujuy,impuesto a los combustibles liquidos ley 23966 y 24699,obras de infraestructura,39.83334,38.0,True
2014,jujuy,impuesto a los combustibles liquidos ley 23966 y 24699,vialidad provincial,62.30928,38.0,True
2014,jujuy,impuesto a los combustibles liquidos ley 23966 y 24699,f.e.d.e.i.,17.88667,38.0,True
2014,jujuy,impuesto a los combustibles liquidos ley 23966 y 24699,ley 24464 fo.na.vi,205.22095,38.0,True
2014,jujuy,regimen de energia electrica ley 24065,fondo para compensaciones de tarifa electrica,13.80037,38.0,True
2014,jujuy,regimen de energia electrica ley 24065,f.e.d.e.i.,8.36466,38.0,True
2014,jujuy,fondo compensador de desequilibrios,fondo compensador de desequilibrios,26.4,38.0,True
2014,jujuy,regimen simplificado para pequeños contribuyentes ley 24977 art 59 inciso a,regimen simplificado para pequeños contribuyentes ley 24977 art 59 inciso a,35.42966,38.0,True
2014,la pampa,coparticipacion federal de impuestos neta ley 26075,coparticipacion federal de impuestos neta ley 26075,4046.23037,42.0,True
2014,la pampa,financiamiento educativo ley 26075,financiamiento educativo ley 26075,313.56312,42.0,True
2014,la pampa,transferencia de servicios ley 24049,transferencia de servicios ley 24049,19.2,42.0,True
2014,la pampa,impuesto a las ganancias,obras de infraestructura basica social,80.75887,42.0,True
2014,la pampa,impuesto a las ganancias,excedente obras de caracter social a buenos aires,615.77844,42.0,True
2014,la pampa,impuesto a las ganancias,ley 24699,8.1756,42.0,True
2014,la pampa,impuesto sobre los bienes personales,ley 24699,143.06905,42.0,True
2014,la pampa,impuesto sobre los bienes personales,ley 23966 art 30,11.52217,42.0,True
2014,la pampa,impuesto sobre los activos fondo educacion ley 23906,impuesto sobre los activos fondo educacion ley 23906,0.0218,42.0,True
2014,la pampa,i.v.a.ley 23966 art 5 punto 2,i.v.a.ley 23966 art 5 punto 2,28.08841,42.0,True
2014,la pampa,impuesto a los combustibles liquidos ley 23966 y 24699,obras de infraestructura,26.33073,42.0,True
2014,la pampa,impuesto a los combustibles liquidos ley 23966 y 24699,vialidad provincial,71.5612,42.0,True
2014,la pampa,impuesto a los combustibles liquidos ley 23966 y 24699,f.e.d.e.i.,15.87838,42.0,True
2014,la pampa,impuesto a los combustibles liquidos ley 23966 y 24699,ley 24464 fo.na.vi,136.81397,42.0,True
2014,la pampa,regimen de energia electrica ley 24065,fondo para compensaciones de tarifa electrica,16.73808,42.0,True
2014,la pampa,regimen de energia electrica ley 24065,f.e.d.e.i.,7.42549,42.0,True
2014,la pampa,fondo compensador de desequilibrios,fondo compensador de desequilibrios,30.0,42.0,True
2014,la pampa,regimen simplificado para pequeños contribuyentes ley 24977 art 59 inciso a,regimen simplificado para pequeños contribuyentes ley 24977 art 59 inciso a,23.4198,42.0,True
2014,la rioja,coparticipacion federal de impuestos neta ley 26075,coparticipacion federal de impuestos neta ley 26075,4421.87428,46.0,True
2014,la rioja,financiamiento educativo ley 26075,financiamiento educativo ley 26075,385.07751,46.0,True
2014,la rioja,transferencia de servicios ley 24049,transferencia de servicios ley 24049,20.3,46.0,True
2014,la rioja,impuesto a las ganancias,obras de infraestructura basica social,159.15947,46.0,True
2014,la rioja,impuesto a las ganancias,excedente obras de caracter social a buenos aires,678.93587,46.0,True
2014,la rioja,impuesto a las ganancias,ley 24699,9.0144,46.0,True
2014,la rioja,impuesto sobre los bienes personales,ley 24699,157.7428,46.0,True
2014,la rioja,impuesto sobre los activos fondo educacion ley 23906,impuesto sobre los activos fondo educacion ley 23906,0.02121,46.0,True
2014,la rioja,impuesto a los combustibles liquidos ley 23966 y 24699,obras de infraestructura,29.03153,46.0,True
2014,la rioja,impuesto a los combustibles liquidos ley 23966 y 24699,vialidad provincial,67.15517,46.0,True
2014,la rioja,impuesto a los combustibles liquidos ley 23966 y 24699,f.e.d.e.i.,20.92011,46.0,True
2014,la rioja,impuesto a los combustibles liquidos ley 23966 y 24699,ley 24464 fo.na.vi,136.81397,46.0,True
2014,la rioja,regimen de energia electrica ley 24065,fondo para compensaciones de tarifa electrica,12.96875,46.0,True
2014,la rioja,regimen de energia electrica ley 24065,f.e.d.e.i.,9.78324,46.0,True
2014,la rioja,fondo compensador de desequilibrios,fondo compensador de desequilibrios,26.4,46.0,True
2014,la rioja,regimen simplificado para pequeños contribuyentes ley 24977 art 59 inciso a,regimen simplificado para pequeños contribuyentes ley 24977 art 59 inciso a,25.82202,46.0,True
2014,mendoza,coparticipacion federal de impuestos neta ley 26075,coparticipacion federal de impuestos neta ley 26075,8445.97875,50.0,True
2014,mendoza,financiamiento educativo ley 26075,financiamiento educativo ley 26075,1234.99858,50.0,True
2014,mendoza,transferencia de servicios ley 24049,transferencia de servicios ley 24049,61.7,50.0,True
2014,mendoza,impuesto a las ganancias,obras de infraestructura basica social,644.33681,50.0,True
2014,mendoza,impuesto a las ganancias,excedente obras de caracter social a buenos aires,1367.33888,50.0,True
2014,mendoza,impuesto a las ganancias,ley 24699,18.1548,50.0,True
2014,mendoza,impuesto sobre los bienes personales,ley 24699,317.68665,50.0,True
2014,mendoza,impuesto sobre los activos fondo educacion ley 23906,impuesto sobre los activos fondo educacion ley 23906,0.04504,50.0,True
2014,mendoza,impuesto a los combustibles liquidos ley 23966 y 24699,obras de infraestructura,58.46833,50.0,True
2014,mendoza,impuesto a los combustibles liquidos ley 23966 y 24699,vialidad provincial,137.20114,50.0,True
2014,mendoza,impuesto a los combustibles liquidos ley 23966 y 24699,f.e.d.e.i.,16.23806,50.0,True
2014,mendoza,impuesto a los combustibles liquidos ley 23966 y 24699,ley 24464 fo.na.vi,273.62793,50.0,True
2014,mendoza,regimen de energia electrica ley 24065,fondo para compensaciones de tarifa electrica,9.62629,50.0,True
2014,mendoza,regimen de energia electrica ley 24065,f.e.d.e.i.,7.59369,50.0,True
2014,mendoza,fondo compensador de desequilibrios,fondo compensador de desequilibrios,26.4,50.0,True
2014,mendoza,regimen simplificado para pequeños contribuyentes ley 24977 art 59 inciso a,regimen simplificado para pequeños contribuyentes ley 24977 art 59 inciso a,52.0045,50.0,True
2014,misiones,coparticipacion federal de impuestos neta ley 26075,coparticipacion federal de impuestos neta ley 26075,6634.55679,54.0,True
2014,misiones,financiamiento educativo ley 26075,financiamiento educativo ley 26075,1034.20817,54.0,True
2014,misiones,transferencia de servicios ley 24049,transferencia de servicios ley 24049,34.1,54.0,True
2014,misiones,impuesto a las ganancias,obras de infraestructura basica social,699.62112,54.0,True
2014,misiones,impuesto a las ganancias,excedente obras de caracter social a buenos aires,1083.11748,54.0,True
2014,misiones,impuesto a las ganancias,ley 24699,14.382,54.0,True
2014,misiones,impuesto sobre los bienes personales,ley 24699,251.65478,54.0,True
2014,misiones,impuesto sobre los bienes personales,ley 23966 art 30,18.67315,54.0,True
2014,misiones,impuesto sobre los activos fondo educacion ley 23906,impuesto sobre los activos fondo educacion ley 23906,0.03356,54.0,True
2014,misiones,i.v.a.ley 23966 art 5 punto 2,i.v.a.ley 23966 art 5 punto 2,45.52086,54.0,True
2014,misiones,impuesto a los combustibles liquidos ley 23966 y 24699,obras de infraestructura,46.3147,54.0,True
2014,misiones,impuesto a los combustibles liquidos ley 23966 y 24699,vialidad provincial,109.2117,54.0,True
2014,misiones,impuesto a los combustibles liquidos ley 23966 y 24699,f.e.d.e.i.,28.14897,54.0,True
2014,misiones,impuesto a los combustibles liquidos ley 23966 y 24699,ley 24464 fo.na.vi,321.51282,54.0,True
2014,misiones,regimen de energia electrica ley 24065,fondo para compensaciones de tarifa electrica,19.2813,54.0,True
2014,misiones,regimen de energia electrica ley 24065,f.e.d.e.i.,14.73967,54.0,True
2014,misiones,fondo compensador de desequilibrios,fondo compensador de desequilibrios,26.4,54.0,True
2014,misiones,regimen simplificado para pequeños contribuyentes ley 24977 art 59 inciso a,regimen simplificado para pequeños contribuyentes ley 24977 art 59 inciso a,41.19449,54.0,True
2014,neuquen,coparticipacion federal de impuestos neta ley 26075,coparticipacion federal de impuestos neta ley 26075,3580.9275,58.0,True
2014,neuquen,financiamiento educativo ley 26075,financiamiento educativo ley 26075,448.34024,58.0,True
2014,neuquen,transferencia de servicios ley 24049,transferencia de servicios ley 24049,17.4,58.0,True
2014,neuquen,impuesto a las ganancias,obras de infraestructura basica social,214.60135,58.0,True
2014,neuquen,impuesto a las ganancias,excedente obras de caracter social a buenos aires,569.09123,58.0,True
2014,neuquen,impuesto a las ganancias,ley 24699,7.5564,58.0,True
2014,neuquen,impuesto sobre los bienes personales,ley 24699,132.22266,58.0,True
2014,neuquen,impuesto sobre los bienes personales,ley 23966 art 30,8.39784,58.0,True
2014,neuquen,impuesto sobre los activos fondo educacion ley 23906,impuesto sobre los activos fondo educacion ley 23906,0.02971,58.0,True
2014,neuquen,i.v.a.ley 23966 art 5 punto 2,i.v.a.ley 23966 art 5 punto 2,20.47201,58.0,True
2014,neuquen,impuesto a los combustibles liquidos ley 23966 y 24699,obras de infraestructura,24.33417,58.0,True
2014,neuquen,impuesto a los combustibles liquidos ley 23966 y 24699,vialidad provincial,86.43122,58.0,True
2014,neuquen,impuesto a los combustibles liquidos ley 23966 y 24699,f.e.d.e.i.,18.65175,58.0,True
2014,neuquen,impuesto a los combustibles liquidos ley 23966 y 24699,ley 24464 fo.na.vi,294.15003,58.0,True
2014,neuquen,regimen de energia electrica ley 24065,fondo para compensaciones de tarifa electrica,19.63284,58.0,True
2014,neuquen,regimen de energia electrica ley 24065,f.e.d.e.i.,8.72245,58.0,True
2014,neuquen,fondo compensador de desequilibrios,fondo compensador de desequilibrios,30.0,58.0,True
2014,neuquen,regimen simplificado para pequeños contribuyentes ley 24977 art 59 inciso a,regimen simplificado para pequeños contribuyentes ley 24977 art 59 inciso a,21.64397,58.0,True
2014,rio negro,coparticipacion federal de impuestos neta ley 26075,coparticipacion federal de impuestos neta ley 26075,5365.42471,62.0,True
2014,rio negro,financiamiento educativo ley 26075,financiamiento educativo ley 26075,492.3491,62.0,True
2014,rio negro,transferencia de servicios ley 24049,transferencia de servicios ley 24049,14.6,62.0,True
2014,rio negro,impuesto a las ganancias,obras de infraestructura basica social,260.93374,62.0,True
2014,rio negro,impuesto a las ganancias,excedente obras de caracter social a buenos aires,827.34935,62.0,True
2014,rio negro,impuesto a las ganancias,ley 24699,10.9848,62.0,True
2014,rio negro,impuesto sobre los bienes personales,ley 24699,192.2261,62.0,True
2014,rio negro,impuesto sobre los activos fondo educacion ley 23906,impuesto sobre los activos fondo educacion ley 23906,0.03442,62.0,True
2014,rio negro,impuesto a los combustibles liquidos ley 23966 y 24699,obras de infraestructura,35.37828,62.0,True
2014,rio negro,impuesto a los combustibles liquidos ley 23966 y 24699,vialidad provincial,72.86002,62.0,True
2014,rio negro,impuesto a los combustibles liquidos ley 23966 y 24699,f.e.d.e.i.,17.33081,62.0,True
2014,rio negro,impuesto a los combustibles liquidos ley 23966 y 24699,ley 24464 fo.na.vi,307.83143,62.0,True
2014,rio negro,regimen de energia electrica ley 24065,fondo para compensaciones de tarifa electrica,10.27466,62.0,True
2014,rio negro,regimen de energia electrica ley 24065,f.e.d.e.i.,8.10472,62.0,True
2014,rio negro,fondo compensador de desequilibrios,fondo compensador de desequilibrios,30.0,62.0,True
2014,rio negro,regimen simplificado para pequeños contribuyentes ley 24977 art 59 inciso a,regimen simplificado para pequeños contribuyentes ley 24977 art 59 inciso a,31.46712,62.0,True
2014,salta,coparticipacion federal de impuestos neta ley 26075,coparticipacion federal de impuestos neta ley 26075,7844.98825,66.0,True
2014,salta,financiamiento educativo ley 26075,financiamiento educativo ley 26075,1053.46204,66.0,True
2014,salta,transferencia de servicios ley 24049,transferencia de servicios ley 24049,39.8,66.0,True
2014,salta,impuesto a las ganancias,obras de infraestructura basica social,912.81734,66.0,True
2014,salta,impuesto a las ganancias,excedente obras de caracter social a buenos aires,1256.81986,66.0,True
2014,salta,impuesto a las ganancias,ley 24699,16.6872,66.0,True
2014,salta,impuesto sobre los bienes personales,ley 24699,292.00759,66.0,True
2014,salta,impuesto sobre los activos fondo educacion ley 23906,impuesto sobre los activos fondo educacion ley 23906,0.04567,66.0,True
2014,salta,impuesto a los combustibles liquidos ley 23966 y 24699,obras de infraestructura,53.74263,66.0,True
2014,salta,impuesto a los combustibles liquidos ley 23966 y 24699,vialidad provincial,108.16369,66.0,True
2014,salta,impuesto a los combustibles liquidos ley 23966 y 24699,f.e.d.e.i.,12.69767,66.0,True
2014,salta,impuesto a los combustibles liquidos ley 23966 y 24699,ley 24464 fo.na.vi,273.62793,66.0,True
2014,salta,regimen de energia electrica ley 24065,fondo para compensaciones de tarifa electrica,12.79105,66.0,True
2014,salta,regimen de energia electrica ley 24065,f.e.d.e.i.,5.04916,66.0,True
2014,salta,fondo compensador de desequilibrios,fondo compensador de desequilibrios,30.0,66.0,True
2014,salta,regimen simplificado para pequeños contribuyentes ley 24977 art 59 inciso a,regimen simplificado para pequeños contribuyentes ley 24977 art 59 inciso a,47.80124,66.0,True
2014,san juan,coparticipacion federal de impuestos neta ley 26075,coparticipacion federal de impuestos neta ley 26075,7261.76035,70.0,True
2014,san juan,financiamiento educativo ley 26075,financiamiento educativo ley 26075,585.86793,70.0,True
2014,san juan,transferencia de servicios ley 24049,transferencia de servicios ley 24049,30.1,70.0,True
2014,san juan,impuesto a las ganancias,obras de infraestructura basica social,290.48754,70.0,True
2014,san juan,impuesto a las ganancias,excedente obras de caracter social a buenos aires,1108.38045,70.0,True
2014,san juan,impuesto a las ganancias,ley 24699,14.7168,70.0,True
2014,san juan,impuesto sobre los bienes personales,ley 24699,257.52428,70.0,True
2014,san juan,impuesto sobre los activos fondo educacion ley 23906,impuesto sobre los activos fondo educacion ley 23906,0.02581,70.0,True
2014,san juan,impuesto a los combustibles liquidos ley 23966 y 24699,obras de infraestructura,47.39588,70.0,True
2014,san juan,impuesto a los combustibles liquidos ley 23966 y 24699,vialidad provincial,95.72746,70.0,True
2014,san juan,impuesto a los combustibles liquidos ley 23966 y 24699,f.e.d.e.i.,16.42564,70.0,True
2014,san juan,impuesto a los combustibles liquidos ley 23966 y 24699,ley 24464 fo.na.vi,249.68549,70.0,True
2014,san juan,regimen de energia electrica ley 24065,fondo para compensaciones de tarifa electrica,9.79921,70.0,True
2014,san juan,regimen de energia electrica ley 24065,f.e.d.e.i.,7.68141,70.0,True
2014,san juan,fondo compensador de desequilibrios,fondo compensador de desequilibrios,26.4,70.0,True
2014,san juan,regimen simplificado para pequeños contribuyentes ley 24977 art 59 inciso a,regimen simplificado para pequeños contribuyentes ley 24977 art 59 inciso a,42.15614,70.0,True
2014,san luis,coparticipacion federal de impuestos neta ley 26075,coparticipacion federal de impuestos neta ley 26075,4927.50119,74.0,True
2014,san luis,financiamiento educativo ley 26075,financiamiento educativo ley 26075,371.32474,74.0,True
2014,san luis,transferencia de servicios ley 24049,transferencia de servicios ley 24049,18.9,74.0,True
2014,san luis,impuesto a las ganancias,obras de infraestructura basica social,153.4616,74.0,True
2014,san luis,impuesto a las ganancias,excedente obras de caracter social a buenos aires,748.39608,74.0,True
2014,san luis,impuesto a las ganancias,ley 24699,9.9372,74.0,True
2014,san luis,impuesto sobre los bienes personales,ley 24699,173.88392,74.0,True
2014,san luis,impuesto sobre los activos fondo educacion ley 23906,impuesto sobre los activos fondo educacion ley 23906,0.02135,74.0,True
2014,san luis,impuesto a los combustibles liquidos ley 23966 y 24699,obras de infraestructura,32.00157,74.0,True
2014,san luis,impuesto a los combustibles liquidos ley 23966 y 24699,vialidad provincial,79.80138,74.0,True
2014,san luis,impuesto a los combustibles liquidos ley 23966 y 24699,f.e.d.e.i.,16.09093,74.0,True
2014,san luis,impuesto a los combustibles liquidos ley 23966 y 24699,ley 24464 fo.na.vi,249.68549,74.0,True
2014,san luis,regimen de energia electrica ley 24065,fondo para compensaciones de tarifa electrica,10.86521,74.0,True
2014,san luis,regimen de energia electrica ley 24065,f.e.d.e.i.,7.52489,74.0,True
2014,san luis,fondo compensador de desequilibrios,fondo compensador de desequilibrios,26.4,74.0,True
2014,san luis,regimen simplificado para pequeños contribuyentes ley 24977 art 59 inciso a,regimen simplificado para pequeños contribuyentes ley 24977 art 59 inciso a,28.46371,74.0,True
2014,santa cruz,coparticipacion federal de impuestos neta ley 26075,coparticipacion federal de impuestos neta ley 26075,3456.99792,78.0,True
2014,santa cruz,financiamiento educativo ley 26075,financiamiento educativo ley 26075,214.54318,78.0,True
2014,santa cruz,transferencia de servicios ley 24049,transferencia de servicios ley 24049,8.5,78.0,True
2014,santa cruz,impuesto a las ganancias,obras de infraestructura basica social,55.90012,78.0,True
2014,santa cruz,impuesto a las ganancias,excedente obras de caracter social a buenos aires,518.56529,78.0,True
2014,santa cruz,impuesto a las ganancias,ley 24699,6.8856,78.0,True
2014,santa cruz,impuesto sobre los bienes personales,ley 24699,120.48366,78.0,True
2014,santa cruz,impuesto sobre los bienes personales,ley 23966 art 30,10.88874,78.0,True
2014,santa cruz,impuesto sobre los activos fondo educacion ley 23906,impuesto sobre los activos fondo educacion ley 23906,0.02138,78.0,True
2014,santa cruz,i.v.a.ley 23966 art 5 punto 2,i.v.a.ley 23966 art 5 punto 2,26.54425,78.0,True
2014,santa cruz,impuesto a los combustibles liquidos ley 23966 y 24699,obras de infraestructura,22.17466,78.0,True
2014,santa cruz,impuesto a los combustibles liquidos ley 23966 y 24699,vialidad provincial,79.4514,78.0,True
2014,santa cruz,impuesto a los combustibles liquidos ley 23966 y 24699,f.e.d.e.i.,22.64084,78.0,True
2014,santa cruz,impuesto a los combustibles liquidos ley 23966 y 24699,ley 24464 fo.na.vi,218.90235,78.0,True
2014,santa cruz,regimen de energia electrica ley 24065,fondo para compensaciones de tarifa electrica,17.07073,78.0,True
2014,santa cruz,regimen de energia electrica ley 24065,transferencia a empresas de energia electrica,30.0,78.0,True
2014,santa cruz,regimen de energia electrica ley 24065,f.e.d.e.i.,10.58794,78.0,True
2014,santa cruz,fondo compensador de desequilibrios,fondo compensador de desequilibrios,36.0,78.0,True
2014,santa cruz,regimen simplificado para pequeños contribuyentes ley 24977 art 59 inciso a,regimen simplificado para pequeños contribuyentes ley 24977 art 59 inciso a,19.7232,78.0,True
2014,santa fe,coparticipacion federal de impuestos neta ley 26075,coparticipacion federal de impuestos neta ley 26075,18927.27891,82.0,True
2014,santa fe,financiamiento educativo ley 26075,financiamiento educativo ley 26075,1820.86651,82.0,True
2014,santa fe,transferencia de servicios ley 24049,transferencia de servicios ley 24049,135.489,82.0,True
2014,santa fe,impuesto a las ganancias,obras de infraestructura basica social,1171.66412,82.0,True
2014,santa fe,impuesto a las ganancias,excedente obras de caracter social a buenos aires,2930.42687,82.0,True
2014,santa fe,impuesto a las ganancias,ley 24699,38.91,82.0,True
2014,santa fe,impuesto sobre los bienes personales,ley 24699,680.86193,82.0,True
2014,santa fe,impuesto sobre los bienes personales,ley 23966 art 30,146.85449,82.0,True
2014,santa fe,impuesto sobre los activos fondo educacion ley 23906,impuesto sobre los activos fondo educacion ley 23906,0.08665,82.0,True
2014,santa fe,i.v.a.ley 23966 art 5 punto 2,i.v.a.ley 23966 art 5 punto 2,357.99753,82.0,True
2014,santa fe,impuesto a los combustibles liquidos ley 23966 y 24699,obras de infraestructura,155.3083,82.0,True
2014,santa fe,impuesto a los combustibles liquidos ley 23966 y 24699,vialidad provincial,198.69928,82.0,True
2014,santa fe,impuesto a los combustibles liquidos ley 23966 y 24699,f.e.d.e.i.,14.26573,82.0,True
2014,santa fe,impuesto a los combustibles liquidos ley 23966 y 24699,ley 24464 fo.na.vi,386.49946,82.0,True
2014,santa fe,regimen de energia electrica ley 24065,fondo para compensaciones de tarifa electrica,7.86363,82.0,True
2014,santa fe,regimen de energia electrica ley 24065,f.e.d.e.i.,6.67134,82.0,True
2014,santa fe,fondo compensador de desequilibrios,fondo compensador de desequilibrios,6.0,82.0,True
2014,santa fe,regimen simplificado para pequeños contribuyentes ley 24977 art 59 inciso a,regimen simplificado para pequeños contribuyentes ley 24977 art 59 inciso a,111.45515,82.0,True
2014,sgo. del estero,coparticipacion federal de impuestos neta ley 26075,coparticipacion federal de impuestos neta ley 26075,8631.60245,86.0,True
2014,sgo. del estero,financiamiento educativo ley 26075,financiamiento educativo ley 26075,959.94322,86.0,True
2014,sgo. del estero,transferencia de servicios ley 24049,transferencia de servicios ley 24049,31.6,86.0,True
2014,sgo. del estero,impuesto a las ganancias,obras de infraestructura basica social,673.11332,86.0,True
2014,sgo. del estero,impuesto a las ganancias,excedente obras de caracter social a buenos aires,1354.70739,86.0,True
2014,sgo. del estero,impuesto a las ganancias,ley 24699,17.9879,86.0,True
2014,sgo. del estero,impuesto sobre los bienes personales,ley 24699,314.7519,86.0,True
2014,sgo. del estero,impuesto sobre los activos fondo educacion ley 23906,impuesto sobre los activos fondo educacion ley 23906,0.04304,86.0,True
2014,sgo. del estero,impuesto a los combustibles liquidos ley 23966 y 24699,obras de infraestructura,57.92845,86.0,True
2014,sgo. del estero,impuesto a los combustibles liquidos ley 23966 y 24699,vialidad provincial,116.81913,86.0,True
2014,sgo. del estero,impuesto a los combustibles liquidos ley 23966 y 24699,f.e.d.e.i.,19.02073,86.0,True
2014,sgo. del estero,impuesto a los combustibles liquidos ley 23966 y 24699,ley 24464 fo.na.vi,294.15003,86.0,True
2014,sgo. del estero,regimen de energia electrica ley 24065,fondo para compensaciones de tarifa electrica,13.1089,86.0,True
2014,sgo. del estero,regimen de energia electrica ley 24065,f.e.d.e.i.,8.895,86.0,True
2014,sgo. del estero,fondo compensador de desequilibrios,fondo compensador de desequilibrios,26.4,86.0,True
2014,sgo. del estero,regimen simplificado para pequeños contribuyentes ley 24977 art 59 inciso a,regimen simplificado para pequeños contribuyentes ley 24977 art 59 inciso a,51.52431,86.0,True
2014,tucuman,coparticipacion federal de impuestos neta ley 26075,coparticipacion federal de impuestos neta ley 26075,9900.57985,90.0,True
2014,tucuman,financiamiento educativo ley 26075,financiamiento educativo ley 26075,1144.23032,90.0,True
2014,tucuman,transferencia de servicios ley 24049,transferencia de servicios ley 24049,55.8,90.0,True
2014,tucuman,impuesto a las ganancias,obras de infraestructura basica social,851.23813,90.0,True
2014,tucuman,impuesto a las ganancias,excedente obras de caracter social a buenos aires,1559.94958,90.0,True
2014,tucuman,impuesto a las ganancias,ley 24699,20.7132,90.0,True
2014,tucuman,impuesto sobre los bienes personales,ley 24699,362.44159,90.0,True
2014,tucuman,impuesto sobre los activos fondo educacion ley 23906,impuesto sobre los activos fondo educacion ley 23906,0.03906,90.0,True
2014,tucuman,impuesto a los combustibles liquidos ley 23966 y 24699,obras de infraestructura,66.70536,90.0,True
2014,tucuman,impuesto a los combustibles liquidos ley 23966 y 24699,vialidad provincial,96.90087,90.0,True
2014,tucuman,impuesto a los combustibles liquidos ley 23966 y 24699,f.e.d.e.i.,14.6501,90.0,True
2014,tucuman,impuesto a los combustibles liquidos ley 23966 y 24699,ley 24464 fo.na.vi,287.30933,90.0,True
2014,tucuman,regimen de energia electrica ley 24065,fondo para compensaciones de tarifa electrica,13.77027,90.0,True
2014,tucuman,regimen de energia electrica ley 24065,f.e.d.e.i.,6.85109,90.0,True
2014,tucuman,fondo compensador de desequilibrios,fondo compensador de desequilibrios,26.4,90.0,True
2014,tucuman,regimen simplificado para pequeños contribuyentes ley 24977 art 59 inciso a,regimen simplificado para pequeños contribuyentes ley 24977 art 59 inciso a,59.33091,90.0,True
2014,tierra del fuego,coparticipacion federal de impuestos neta ley 26075,coparticipacion federal de impuestos neta ley 26075,2745.94573,94.0,True
2014,tierra del fuego,financiamiento educativo ley 26075,financiamiento educativo ley 26075,121.02436,94.0,True
2014,tierra del fuego,transferencia de servicios ley 24049,transferencia de servicios ley 24049,12.0,94.0,True
2014,tierra del fuego,impuesto a las ganancias,obras de infraestructura basica social,39.22927,94.0,True
2014,tierra del fuego,impuesto a las ganancias,excedente obras de caracter social a buenos aires,404.41504,94.0,True
2014,tierra del fuego,impuesto a las ganancias,ley 24699,5.37,94.0,True
2014,tierra del fuego,impuesto sobre los bienes personales,ley 24699,93.95924,94.0,True
2014,tierra del fuego,impuesto sobre los bienes personales,ley 23966 art 30,0.96585,94.0,True
2014,tierra del fuego,impuesto sobre los activos fondo educacion ley 23906,impuesto sobre los activos fondo educacion ley 23906,0.0102,94.0,True
2014,tierra del fuego,i.v.a.ley 23966 art 5 punto 2,i.v.a.ley 23966 art 5 punto 2,2.35453,94.0,True
2014,tierra del fuego,impuesto a los combustibles liquidos ley 23966 y 24699,obras de infraestructura,17.29309,94.0,True
2014,tierra del fuego,impuesto a los combustibles liquidos ley 23966 y 24699,vialidad provincial,46.29407,94.0,True
2014,tierra del fuego,impuesto a los combustibles liquidos ley 23966 y 24699,f.e.d.e.i.,16.64991,94.0,True
2014,tierra del fuego,impuesto a los combustibles liquidos ley 23966 y 24699,ley 24464 fo.na.vi,181.27851,94.0,True
2014,tierra del fuego,regimen de energia electrica ley 24065,fondo para compensaciones de tarifa electrica,7.78454,94.0,True
2014,tierra del fuego,regimen de energia electrica ley 24065,f.e.d.e.i.,7.7863,94.0,True
2014,tierra del fuego,fondo compensador de desequilibrios,fondo compensador de desequilibrios,36.0,94.0,True
2014,tierra del fuego,regimen simplificado para pequeños contribuyentes ley 24977 art 59 inciso a,regimen simplificado para pequeños contribuyentes ley 24977 art 59 inciso a,15.38129,94.0,True
2014,c.a.b.a,coparticipacion federal de impuestos neta ley 26075,coparticipacion federal de impuestos neta ley 26075,4291.89509,2.0,True
2014,c.a.b.a,financiamiento educativo ley 26075,financiamiento educativo ley 26075,1466.04509,2.0,True
2014,c.a.b.a,impuesto sobre los activos fondo educacion ley 23906,impuesto sobre los activos fondo educacion ley 23906,0.03717,2.0,True
2014,c.a.b.a,impuesto a los combustibles liquidos ley 23966 y 24699,ley 24464 fo.na.vi,88.92908,2.0,True
2014,tesoro nacional,coparticipacion federal de impuestos neta ley 26075,coparticipacion federal de impuestos neta ley 26075,165499.6522,,False
2014,tesoro nacional,impuesto sobre los bienes personales,ley 24699,5589.23237,,False
2014,tesoro nacional,impuesto sobre los activos fondo educacion ley 23906,impuesto sobre los activos fondo educacion ley 23906,0.56198,,False
2014,tesoro nacional,impuesto a los combustibles liquidos ley 23966 y 24699,vialidad provincial,4723.33938,,False
2014,seguridad social,coparticipacion federal de impuestos neta ley 26075,coparticipacion federal de impuestos neta ley 26075,72676.06621,,False
2014,seguridad social,impuesto a las ganancias,obras de infraestructura basica social,53174.68466,,False
2014,seguridad social,impuesto a las ganancias,ley 24699,120.0,,False
2014,seguridad social,i.v.a.ley 23966 art 5 punto 2,i.v.a.ley 23966 art 5 punto 2,32721.57872,,False
2014,seguridad social,regimen simplificado para pequeños contribuyentes ley 24977 art 59 inciso a,regimen simplificado para pequeños contribuyentes ley 24977 art 59 inciso a,2940.8134,,False
2014,fondo a.t.n.,coparticipacion federal de impuestos neta ley 26075,coparticipacion federal de impuestos neta ley 26075,4112.81442,,False
2014,fondo a.t.n.,impuesto a las ganancias,obras de infraestructura basica social,5317.46847,,False
2014,fondo a.t.n.,impuesto a las ganancias,ley 24699,20.0,,False
2014,fondo a.t.n.,impuesto sobre los bienes personales,ley 24699,134.22748,,False
2015,buenos aires,coparticipacion federal de impuestos neta ley 26075,coparticipacion federal de impuestos neta ley 26075,48131.9741,6.0,True
2015,buenos aires,financiamiento educativo ley 26075,financiamiento educativo ley 26075,21610.4789,6.0,True
2015,buenos aires,transferencia de servicios ley 24049,transferencia de servicios ley 24049,420.1008,6.0,True
2015,buenos aires,impuesto a las ganancias,obras de infraestructura basica social,650.0,6.0,True
2015,buenos aires,impuesto a las ganancias,ley 24699,95.6088,6.0,True
2015,buenos aires,impuesto sobre los bienes personales,ley 24699,2130.2081,6.0,True
2015,buenos aires,impuesto sobre los bienes personales,ley 23966 art 30,507.1403,6.0,True
2015,buenos aires,impuesto sobre los activos fondo educacion ley 23906,impuesto sobre los activos fondo educacion ley 23906,0.2167,6.0,True
2015,buenos aires,i.v.a.ley 23966 art 5 punto 2,i.v.a.ley 23966 art 5 punto 2,1284.0112,6.0,True
2015,buenos aires,impuesto a los combustibles liquidos ley 23966 y 24699,obras de infraestructura,349.5641,6.0,True
2015,buenos aires,impuesto a los combustibles liquidos ley 23966 y 24699,vialidad provincial,763.713,6.0,True
2015,buenos aires,impuesto a los combustibles liquidos ley 23966 y 24699,f.e.d.e.i.,19.13407764,6.0,True
2015,buenos aires,impuesto a los combustibles liquidos ley 23966 y 24699,ley 24464 fo.na.vi,1222.7666,6.0,True
2015,buenos aires,regimen de energia electrica ley 24065,fondo para compensaciones de tarifa electrica,8.1298,6.0,True
2015,buenos aires,regimen de energia electrica ley 24065,f.e.d.e.i.,6.38093543,6.0,True
2015,buenos aires,regimen simplificado para pequeños contribuyentes ley 24977 art 59 inciso a,regimen simplificado para pequeños contribuyentes ley 24977 art 59 inciso a,369.6377,6.0,True
2015,catamarca,coparticipacion federal de impuestos neta ley 26075,coparticipacion federal de impuestos neta ley 26075,7611.7963,10.0,True
2015,catamarca,financiamiento educativo ley 26075,financiamiento educativo ley 26075,1135.6457,10.0,True
2015,catamarca,transferencia de servicios ley 24049,transferencia de servicios ley 24049,21.3996,10.0,True
2015,catamarca,impuesto a las ganancias,obras de infraestructura basica social,264.4712,10.0,True
2015,catamarca,impuesto a las ganancias,excedente obras de caracter social a buenos aires,1293.7655,10.0,True
2015,catamarca,impuesto a las ganancias,ley 24699,11.9916,10.0,True
2015,catamarca,impuesto sobre los bienes personales,ley 24699,267.1813,10.0,True
2015,catamarca,impuesto sobre los activos fondo educacion ley 23906,impuesto sobre los activos fondo educacion ley 23906,0.0162,10.0,True
2015,catamarca,impuesto a los combustibles liquidos ley 23966 y 24699,obras de infraestructura,47.6076,10.0,True
2015,catamarca,impuesto a los combustibles liquidos ley 23966 y 24699,vialidad provincial,84.9016,10.0,True
2015,catamarca,impuesto a los combustibles liquidos ley 23966 y 24699,f.e.d.e.i.,28.83783675,10.0,True
2015,catamarca,impuesto a los combustibles liquidos ley 23966 y 24699,ley 24464 fo.na.vi,177.0902,10.0,True
2015,catamarca,regimen de energia electrica ley 24065,fondo para compensaciones de tarifa electrica,12.2348,10.0,True
2015,catamarca,regimen de energia electrica ley 24065,f.e.d.e.i.,9.57178369,10.0,True
2015,catamarca,fondo compensador de desequilibrios,fondo compensador de desequilibrios,26.4,10.0,True
2015,catamarca,regimen simplificado para pequeños contribuyentes ley 24977 art 59 inciso a,regimen simplificado para pequeños contribuyentes ley 24977 art 59 inciso a,46.3625,10.0,True
2015,cordoba,coparticipacion federal de impuestos neta ley 26075,coparticipacion federal de impuestos neta ley 26075,23673.0396,14.0,True
2015,cordoba,financiamiento educativo ley 26075,financiamiento educativo ley 26075,4914.4914,14.0,True
2015,cordoba,transferencia de servicios ley 24049,transferencia de servicios ley 24049,125.3004,14.0,True
2015,cordoba,impuesto a las ganancias,obras de infraestructura basica social,1425.564,14.0,True
2015,cordoba,impuesto a las ganancias,excedente obras de caracter social a buenos aires,4170.7403,14.0,True
2015,cordoba,impuesto a las ganancias,ley 24699,38.658,14.0,True
2015,cordoba,impuesto sobre los bienes personales,ley 24699,861.3324,14.0,True
2015,cordoba,impuesto sobre los bienes personales,ley 23966 art 30,173.1905,14.0,True
2015,cordoba,impuesto sobre los activos fondo educacion ley 23906,impuesto sobre los activos fondo educacion ley 23906,0.0599,14.0,True
2015,cordoba,i.v.a.ley 23966 art 5 punto 2,i.v.a.ley 23966 art 5 punto 2,438.4953,14.0,True
2015,cordoba,impuesto a los combustibles liquidos ley 23966 y 24699,obras de infraestructura,153.4747,14.0,True
2015,cordoba,impuesto a los combustibles liquidos ley 23966 y 24699,vialidad provincial,268.9736,14.0,True
2015,cordoba,impuesto a los combustibles liquidos ley 23966 y 24699,f.e.d.e.i.,19.13407764,14.0,True
2015,cordoba,impuesto a los combustibles liquidos ley 23966 y 24699,ley 24464 fo.na.vi,476.4574,14.0,True
2015,cordoba,regimen de energia electrica ley 24065,fondo para compensaciones de tarifa electrica,7.6742,14.0,True
2015,cordoba,regimen de energia electrica ley 24065,f.e.d.e.i.,6.35093543,14.0,True
2015,cordoba,fondo compensador de desequilibrios,fondo compensador de desequilibrios,6.0,14.0,True
2015,cordoba,regimen simplificado para pequeños contribuyentes ley 24977 art 59 inciso a,regimen simplificado para pequeños contribuyentes ley 24977 art 59 inciso a,149.4607,14.0,True
2015,corrientes,coparticipacion federal de impuestos neta ley 26075,coparticipacion federal de impuestos neta ley 26075,9627.6735,18.0,True
2015,corrientes,financiamiento educativo ley 26075,financiamiento educativo ley 26075,2178.3151,18.0,True
2015,corrientes,transferencia de servicios ley 24049,transferencia de servicios ley 24049,38.6004,18.0,True
2015,corrientes,impuesto a las ganancias,obras de infraestructura basica social,973.6646,18.0,True
2015,corrientes,impuesto a las ganancias,excedente obras de caracter social a buenos aires,1746.1375,18.0,True
2015,corrientes,impuesto a las ganancias,ley 24699,16.1844,18.0,True
2015,corrientes,impuesto sobre los bienes personales,ley 24699,360.6012,18.0,True
2015,corrientes,impuesto sobre los bienes personales,ley 23966 art 30,55.3782,18.0,True
2015,corrientes,impuesto sobre los activos fondo educacion ley 23906,impuesto sobre los activos fondo educacion ley 23906,0.0269,18.0,True
2015,corrientes,i.v.a.ley 23966 art 5 punto 2,i.v.a.ley 23966 art 5 punto 2,140.2108,18.0,True
2015,corrientes,impuesto a los combustibles liquidos ley 23966 y 24699,obras de infraestructura,64.253,18.0,True
2015,corrientes,impuesto a los combustibles liquidos ley 23966 y 24699,vialidad provincial,109.7174,18.0,True
2015,corrientes,impuesto a los combustibles liquidos ley 23966 y 24699,f.e.d.e.i.,24.10792068,18.0,True
2015,corrientes,impuesto a los combustibles liquidos ley 23966 y 24699,ley 24464 fo.na.vi,417.4271,18.0,True
2015,corrientes,regimen de energia electrica ley 24065,fondo para compensaciones de tarifa electrica,10.5505,18.0,True
2015,corrientes,regimen de energia electrica ley 24065,f.e.d.e.i.,8.04025081,18.0,True
2015,corrientes,fondo compensador de desequilibrios,fondo compensador de desequilibrios,18.0,18.0,True
2015,corrientes,regimen simplificado para pequeños contribuyentes ley 24977 art 59 inciso a,regimen simplificado para pequeños contribuyentes ley 24977 art 59 inciso a,62.5724,18.0,True
2015,chaco,coparticipacion federal de impuestos neta ley 26075,coparticipacion federal de impuestos neta ley 26075,13412.5887,22.0,True
2015,chaco,financiamiento educativo ley 26075,financiamiento educativo ley 26075,2430.6804,22.0,True
2015,chaco,transferencia de servicios ley 24049,transferencia de servicios ley 24049,33.6,22.0,True
2015,chaco,impuesto a las ganancias,obras de infraestructura basica social,1213.8812,22.0,True
2015,chaco,impuesto a las ganancias,excedente obras de caracter social a buenos aires,2343.2317,22.0,True
2015,chaco,impuesto a las ganancias,ley 24699,21.7188,22.0,True
2015,chaco,impuesto sobre los bienes personales,ley 24699,483.9157,22.0,True
2015,chaco,impuesto sobre los bienes personales,ley 23966 art 30,43.5367,22.0,True
2015,chaco,impuesto sobre los activos fondo educacion ley 23906,impuesto sobre los activos fondo educacion ley 23906,0.0351,22.0,True
2015,chaco,i.v.a.ley 23966 art 5 punto 2,i.v.a.ley 23966 art 5 punto 2,110.2293,22.0,True
2015,chaco,impuesto a los combustibles liquidos ley 23966 y 24699,obras de infraestructura,86.226,22.0,True
2015,chaco,impuesto a los combustibles liquidos ley 23966 y 24699,vialidad provincial,132.5569,22.0,True
2015,chaco,impuesto a los combustibles liquidos ley 23966 y 24699,f.e.d.e.i.,25.72760141,22.0,True
2015,chaco,impuesto a los combustibles liquidos ley 23966 y 24699,ley 24464 fo.na.vi,387.9122,22.0,True
2015,chaco,regimen de energia electrica ley 24065,fondo para compensaciones de tarifa electrica,11.0874,22.0,True
2015,chaco,regimen de energia electrica ley 24065,f.e.d.e.i.,8.53944158,22.0,True
2015,chaco,fondo compensador de desequilibrios,fondo compensador de desequilibrios,6.0,22.0,True
2015,chaco,regimen simplificado para pequeños contribuyentes ley 24977 art 59 inciso a,regimen simplificado para pequeños contribuyentes ley 24977 art 59 inciso a,83.9709,22.0,True
2015,chubut,coparticipacion federal de impuestos neta ley 26075,coparticipacion federal de impuestos neta ley 26075,4026.4604,26.0,True
2015,chubut,financiamiento educativo ley 26075,financiamiento educativo ley 26075,996.1808,26.0,True
2015,chubut,transferencia de servicios ley 24049,transferencia de servicios ley 24049,24.2004,26.0,True
2015,chubut,impuesto a las ganancias,obras de infraestructura basica social,267.3061,26.0,True
2015,chubut,impuesto a las ganancias,excedente obras de caracter social a buenos aires,742.8563,26.0,True
2015,chubut,impuesto a las ganancias,ley 24699,6.8856,26.0,True
2015,chubut,impuesto sobre los bienes personales,ley 24699,153.4113,26.0,True
2015,chubut,impuesto sobre los bienes personales,ley 23966 art 30,17.0308,26.0,True
2015,chubut,impuesto sobre los activos fondo educacion ley 23906,impuesto sobre los activos fondo educacion ley 23906,0.0162,26.0,True
2015,chubut,i.v.a.ley 23966 art 5 punto 2,i.v.a.ley 23966 art 5 punto 2,43.1195,26.0,True
2015,chubut,impuesto a los combustibles liquidos ley 23966 y 24699,obras de infraestructura,27.3359,26.0,True
2015,chubut,impuesto a los combustibles liquidos ley 23966 y 24699,vialidad provincial,119.2181,26.0,True
2015,chubut,impuesto a los combustibles liquidos ley 23966 y 24699,f.e.d.e.i.,26.8574749,26.0,True
2015,chubut,impuesto a los combustibles liquidos ley 23966 y 24699,ley 24464 fo.na.vi,269.8517,26.0,True
2015,chubut,regimen de energia electrica ley 24065,fondo para compensaciones de tarifa electrica,17.2984,26.0,True
2015,chubut,regimen de energia electrica ley 24065,f.e.d.e.i.,8.95345918,26.0,True
2015,chubut,fondo compensador de desequilibrios,fondo compensador de desequilibrios,36.0,26.0,True
2015,chubut,regimen simplificado para pequeños contribuyentes ley 24977 art 59 inciso a,regimen simplificado para pequeños contribuyentes ley 24977 art 59 inciso a,26.6209,26.0,True
2015,entre rios,coparticipacion federal de impuestos neta ley 26075,coparticipacion federal de impuestos neta ley 26075,13341.7967,30.0,True
2015,entre rios,financiamiento educativo ley 26075,financiamiento educativo ley 26075,2165.0328,30.0,True
2015,entre rios,transferencia de servicios ley 24049,transferencia de servicios ley 24049,67.4988,30.0,True
2015,entre rios,impuesto a las ganancias,obras de infraestructura basica social,708.4276,30.0,True
2015,entre rios,impuesto a las ganancias,excedente obras de caracter social a buenos aires,2293.4801,30.0,True
2015,entre rios,impuesto a las ganancias,ley 24699,21.258,30.0,True
2015,entre rios,impuesto sobre los bienes personales,ley 24699,473.6395,30.0,True
2015,entre rios,impuesto sobre los bienes personales,ley 23966 art 30,75.161,30.0,True
2015,entre rios,impuesto sobre los activos fondo educacion ley 23906,impuesto sobre los activos fondo educacion ley 23906,0.0278,30.0,True
2015,entre rios,i.v.a.ley 23966 art 5 punto 2,i.v.a.ley 23966 art 5 punto 2,190.2971,30.0,True
2015,entre rios,impuesto a los combustibles liquidos ley 23966 y 24699,obras de infraestructura,84.3936,30.0,True
2015,entre rios,impuesto a los combustibles liquidos ley 23966 y 24699,vialidad provincial,207.6881,30.0,True
2015,entre rios,impuesto a los combustibles liquidos ley 23966 y 24699,f.e.d.e.i.,22.02539734,30.0,True
2015,entre rios,impuesto a los combustibles liquidos ley 23966 y 24699,ley 24464 fo.na.vi,328.882,30.0,True
2015,entre rios,regimen de energia electrica ley 24065,fondo para compensaciones de tarifa electrica,11.0988,30.0,True
2015,entre rios,regimen de energia electrica ley 24065,f.e.d.e.i.,7.34902511,30.0,True
2015,entre rios,fondo compensador de desequilibrios,fondo compensador de desequilibrios,21.6,30.0,True
2015,entre rios,regimen simplificado para pequeños contribuyentes ley 24977 art 59 inciso a,regimen simplificado para pequeños contribuyentes ley 24977 art 59 inciso a,82.1865,30.0,True
2015,formosa,coparticipacion federal de impuestos neta ley 26075,coparticipacion federal de impuestos neta ley 26075,10100.2397,34.0,True
2015,formosa,financiamiento educativo ley 26075,financiamiento educativo ley 26075,1461.0652,34.0,True
2015,formosa,transferencia de servicios ley 24049,transferencia de servicios ley 24049,20.7012,34.0,True
2015,formosa,impuesto a las ganancias,obras de infraestructura basica social,666.1962,34.0,True
2015,formosa,impuesto a las ganancias,excedente obras de caracter social a buenos aires,1709.9477,34.0,True
2015,formosa,impuesto a las ganancias,ley 24699,15.8496,34.0,True
2015,formosa,impuesto sobre los bienes personales,ley 24699,353.1276,34.0,True
2015,formosa,impuesto sobre los bienes personales,ley 23966 art 30,20.2803,34.0,True
2015,formosa,impuesto sobre los activos fondo educacion ley 23906,impuesto sobre los activos fondo educacion ley 23906,0.0189,34.0,True
2015,formosa,i.v.a.ley 23966 art 5 punto 2,i.v.a.ley 23966 art 5 punto 2,51.3468,34.0,True
2015,formosa,impuesto a los combustibles liquidos ley 23966 y 24699,obras de infraestructura,62.922,34.0,True
2015,formosa,impuesto a los combustibles liquidos ley 23966 y 24699,vialidad provincial,87.3505,34.0,True
2015,formosa,impuesto a los combustibles liquidos ley 23966 y 24699,f.e.d.e.i.,29.7295746,34.0,True
2015,formosa,impuesto a los combustibles liquidos ley 23966 y 24699,ley 24464 fo.na.vi,337.315,34.0,True
2015,formosa,regimen de energia electrica ley 24065,fondo para compensaciones de tarifa electrica,11.7798,34.0,True
2015,formosa,regimen de energia electrica ley 24065,f.e.d.e.i.,9.86776666,34.0,True
2015,formosa,fondo compensador de desequilibrios,fondo compensador de desequilibrios,26.4,34.0,True
2015,formosa,regimen simplificado para pequeños contribuyentes ley 24977 art 59 inciso a,regimen simplificado para pequeños contribuyentes ley 24977 art 59 inciso a,61.2763,34.0,True
2015,jujuy,coparticipacion federal de impuestos neta ley 26075,coparticipacion federal de impuestos neta ley 26075,7608.1348,38.0,True
2015,jujuy,financiamiento educativo ley 26075,financiamiento educativo ley 26075,1414.5766,38.0,True
2015,jujuy,transferencia de servicios ley 24049,transferencia de servicios ley 24049,33.3,38.0,True
2015,jujuy,impuesto a las ganancias,obras de infraestructura basica social,605.3967,38.0,True
2015,jujuy,impuesto a las ganancias,excedente obras de caracter social a buenos aires,1334.4884,38.0,True
2015,jujuy,impuesto a las ganancias,ley 24699,12.3696,38.0,True
2015,jujuy,impuesto sobre los bienes personales,ley 24699,275.5889,38.0,True
2015,jujuy,impuesto sobre los activos fondo educacion ley 23906,impuesto sobre los activos fondo educacion ley 23906,0.0172,38.0,True
2015,jujuy,impuesto a los combustibles liquidos ley 23966 y 24699,obras de infraestructura,49.1045,38.0,True
2015,jujuy,impuesto a los combustibles liquidos ley 23966 y 24699,vialidad provincial,81.3955,38.0,True
2015,jujuy,impuesto a los combustibles liquidos ley 23966 y 24699,f.e.d.e.i.,23.69000516,38.0,True
2015,jujuy,impuesto a los combustibles liquidos ley 23966 y 24699,ley 24464 fo.na.vi,252.9862,38.0,True
2015,jujuy,regimen de energia electrica ley 24065,fondo para compensaciones de tarifa electrica,13.0215,38.0,True
2015,jujuy,regimen de energia electrica ley 24065,f.e.d.e.i.,7.96293521,38.0,True
2015,jujuy,fondo compensador de desequilibrios,fondo compensador de desequilibrios,26.4,38.0,True
2015,jujuy,regimen simplificado para pequeños contribuyentes ley 24977 art 59 inciso a,regimen simplificado para pequeños contribuyentes ley 24977 art 59 inciso a,47.8202,38.0,True
2015,la pampa,coparticipacion federal de impuestos neta ley 26075,coparticipacion federal de impuestos neta ley 26075,5220.3501,42.0,True
2015,la pampa,financiamiento educativo ley 26075,financiamiento educativo ley 26075,743.815,42.0,True
2015,la pampa,transferencia de servicios ley 24049,transferencia de servicios ley 24049,19.2,42.0,True
2015,la pampa,impuesto a las ganancias,obras de infraestructura basica social,90.2292,42.0,True
2015,la pampa,impuesto a las ganancias,excedente obras de caracter social a buenos aires,882.1163,42.0,True
2015,la pampa,impuesto a las ganancias,ley 24699,8.1756,42.0,True
2015,la pampa,impuesto sobre los bienes personales,ley 24699,182.169,42.0,True
2015,la pampa,impuesto sobre los bienes personales,ley 23966 art 30,14.6713,42.0,True
2015,la pampa,impuesto sobre los activos fondo educacion ley 23906,impuesto sobre los activos fondo educacion ley 23906,0.0142,42.0,True
2015,la pampa,i.v.a.ley 23966 art 5 punto 2,i.v.a.ley 23966 art 5 punto 2,37.1454,42.0,True
2015,la pampa,impuesto a los combustibles liquidos ley 23966 y 24699,obras de infraestructura,32.4591,42.0,True
2015,la pampa,impuesto a los combustibles liquidos ley 23966 y 24699,vialidad provincial,94.6535,42.0,True
2015,la pampa,impuesto a los combustibles liquidos ley 23966 y 24699,f.e.d.e.i.,21.29706022,42.0,True
2015,la pampa,impuesto a los combustibles liquidos ley 23966 y 24699,ley 24464 fo.na.vi,168.6574,42.0,True
2015,la pampa,regimen de energia electrica ley 24065,fondo para compensaciones de tarifa electrica,14.8422,42.0,True
2015,la pampa,regimen de energia electrica ley 24065,f.e.d.e.i.,7.068867,42.0,True
2015,la pampa,fondo compensador de desequilibrios,fondo compensador de desequilibrios,30.0,42.0,True
2015,la pampa,regimen simplificado para pequeños contribuyentes ley 24977 art 59 inciso a,regimen simplificado para pequeños contribuyentes ley 24977 art 59 inciso a,31.6102,42.0,True
2015,la rioja,coparticipacion federal de impuestos neta ley 26075,coparticipacion federal de impuestos neta ley 26075,5679.3118,46.0,True
2015,la rioja,financiamiento educativo ley 26075,financiamiento educativo ley 26075,896.5626,46.0,True
2015,la rioja,transferencia de servicios ley 24049,transferencia de servicios ley 24049,20.2992,46.0,True
2015,la rioja,impuesto a las ganancias,obras de infraestructura basica social,257.1653,46.0,True
2015,la rioja,impuesto a las ganancias,excedente obras de caracter social a buenos aires,972.5906,46.0,True
2015,la rioja,impuesto a las ganancias,ley 24699,9.0144,46.0,True
2015,la rioja,impuesto sobre los bienes personales,ley 24699,200.8529,46.0,True
2015,la rioja,impuesto sobre los activos fondo educacion ley 23906,impuesto sobre los activos fondo educacion ley 23906,0.014,46.0,True
2015,la rioja,impuesto a los combustibles liquidos ley 23966 y 24699,obras de infraestructura,35.7886,46.0,True
2015,la rioja,impuesto a los combustibles liquidos ley 23966 y 24699,vialidad provincial,83.1025,46.0,True
2015,la rioja,impuesto a los combustibles liquidos ley 23966 y 24699,f.e.d.e.i.,28.05933996,46.0,True
2015,la rioja,impuesto a los combustibles liquidos ley 23966 y 24699,ley 24464 fo.na.vi,168.6574,46.0,True
2015,la rioja,regimen de energia electrica ley 24065,fondo para compensaciones de tarifa electrica,12.0913,46.0,True
2015,la rioja,regimen de energia electrica ley 24065,f.e.d.e.i.,9.31338668,46.0,True
2015,la rioja,fondo compensador de desequilibrios,fondo compensador de desequilibrios,26.4,46.0,True
2015,la rioja,regimen simplificado para pequeños contribuyentes ley 24977 art 59 inciso a,regimen simplificado para pequeños contribuyentes ley 24977 art 59 inciso a,34.8527,46.0,True
2015,mendoza,coparticipacion federal de impuestos neta ley 26075,coparticipacion federal de impuestos neta ley 26075,10268.2456,50.0,True
2015,mendoza,financiamiento educativo ley 26075,financiamiento educativo ley 26075,2975.2593,50.0,True
2015,mendoza,transferencia de servicios ley 24049,transferencia de servicios ley 24049,61.6992,50.0,True
2015,mendoza,impuesto a las ganancias,obras de infraestructura basica social,887.7295,50.0,True
2015,mendoza,impuesto a las ganancias,excedente obras de caracter social a buenos aires,1958.7433,50.0,True
2015,mendoza,impuesto a las ganancias,ley 24699,18.1548,50.0,True
2015,mendoza,impuesto sobre los bienes personales,ley 24699,404.5086,50.0,True
2015,mendoza,impuesto sobre los activos fondo educacion ley 23906,impuesto sobre los activos fondo educacion ley 23906,0.0296,50.0,True
2015,mendoza,impuesto a los combustibles liquidos ley 23966 y 24699,obras de infraestructura,72.0769,50.0,True
2015,mendoza,impuesto a los combustibles liquidos ley 23966 y 24699,vialidad provincial,164.7074,50.0,True
2015,mendoza,impuesto a los combustibles liquidos ley 23966 y 24699,f.e.d.e.i.,21.77948891,50.0,True
2015,mendoza,impuesto a los combustibles liquidos ley 23966 y 24699,ley 24464 fo.na.vi,337.315,50.0,True
2015,mendoza,regimen de energia electrica ley 24065,fondo para compensaciones de tarifa electrica,8.5042,50.0,True
2015,mendoza,regimen de energia electrica ley 24065,f.e.d.e.i.,7.22899358,50.0,True
2015,mendoza,fondo compensador de desequilibrios,fondo compensador de desequilibrios,26.4,50.0,True
2015,mendoza,regimen simplificado para pequeños contribuyentes ley 24977 art 59 inciso a,regimen simplificado para pequeños contribuyentes ley 24977 art 59 inciso a,70.192,50.0,True
2015,misiones,coparticipacion federal de impuestos neta ley 26075,coparticipacion federal de impuestos neta ley 26075,7953.8736,54.0,True
2015,misiones,financiamiento educativo ley 26075,financiamiento educativo ley 26075,2536.94,54.0,True
2015,misiones,transferencia de servicios ley 24049,transferencia de servicios ley 24049,34.1004,54.0,True
2015,misiones,impuesto a las ganancias,obras de infraestructura basica social,1046.164,54.0,True
2015,misiones,impuesto a las ganancias,excedente obras de caracter social a buenos aires,1551.5898,54.0,True
2015,misiones,impuesto a las ganancias,ley 24699,14.382,54.0,True
2015,misiones,impuesto sobre los bienes personales,ley 24699,320.4306,54.0,True
2015,misiones,impuesto sobre los bienes personales,ley 23966 art 30,23.7765,54.0,True
2015,misiones,impuesto sobre los activos fondo educacion ley 23906,impuesto sobre los activos fondo educacion ley 23906,0.0222,54.0,True
2015,misiones,i.v.a.ley 23966 art 5 punto 2,i.v.a.ley 23966 art 5 punto 2,60.1987,54.0,True
2015,misiones,impuesto a los combustibles liquidos ley 23966 y 24699,obras de infraestructura,57.0944,54.0,True
2015,misiones,impuesto a los combustibles liquidos ley 23966 y 24699,vialidad provincial,143.101,54.0,True
2015,misiones,impuesto a los combustibles liquidos ley 23966 y 24699,f.e.d.e.i.,37.43714191,54.0,True
2015,misiones,impuesto a los combustibles liquidos ley 23966 y 24699,ley 24464 fo.na.vi,396.345,54.0,True
2015,misiones,regimen de energia electrica ley 24065,fondo para compensaciones de tarifa electrica,15.5954,54.0,True
2015,misiones,regimen de energia electrica ley 24065,f.e.d.e.i.,13.10670862,54.0,True
2015,misiones,fondo compensador de desequilibrios,fondo compensador de desequilibrios,26.4,54.0,True
2015,misiones,regimen simplificado para pequeños contribuyentes ley 24977 art 59 inciso a,regimen simplificado para pequeños contribuyentes ley 24977 art 59 inciso a,55.6014,54.0,True
2015,neuquen,coparticipacion federal de impuestos neta ley 26075,coparticipacion federal de impuestos neta ley 26075,4462.6982,58.0,True
2015,neuquen,financiamiento educativo ley 26075,financiamiento educativo ley 26075,1049.3101,58.0,True
2015,neuquen,transferencia de servicios ley 24049,transferencia de servicios ley 24049,17.3988,58.0,True
2015,neuquen,impuesto a las ganancias,obras de infraestructura basica social,337.1143,58.0,True
2015,neuquen,impuesto a las ganancias,excedente obras de caracter social a buenos aires,815.2358,58.0,True
2015,neuquen,impuesto a las ganancias,ley 24699,7.5564,58.0,True
2015,neuquen,impuesto sobre los bienes personales,ley 24699,168.3583,58.0,True
2015,neuquen,impuesto sobre los bienes personales,ley 23966 art 30,10.6931,58.0,True
2015,neuquen,impuesto sobre los activos fondo educacion ley 23906,impuesto sobre los activos fondo educacion ley 23906,0.0195,58.0,True
2015,neuquen,i.v.a.ley 23966 art 5 punto 2,i.v.a.ley 23966 art 5 punto 2,27.0729,58.0,True
2015,neuquen,impuesto a los combustibles liquidos ley 23966 y 24699,obras de infraestructura,29.998,58.0,True
2015,neuquen,impuesto a los combustibles liquidos ley 23966 y 24699,vialidad provincial,111.1934,58.0,True
2015,neuquen,impuesto a los combustibles liquidos ley 23966 y 24699,f.e.d.e.i.,24.69967769,58.0,True
2015,neuquen,impuesto a los combustibles liquidos ley 23966 y 24699,ley 24464 fo.na.vi,362.6135,58.0,True
2015,neuquen,regimen de energia electrica ley 24065,fondo para compensaciones de tarifa electrica,14.6457,58.0,True
2015,neuquen,regimen de energia electrica ley 24065,f.e.d.e.i.,8.30353833,58.0,True
2015,neuquen,fondo compensador de desequilibrios,fondo compensador de desequilibrios,30.0,58.0,True
2015,neuquen,regimen simplificado para pequeños contribuyentes ley 24977 art 59 inciso a,regimen simplificado para pequeños contribuyentes ley 24977 art 59 inciso a,29.2134,58.0,True
2015,rio negro,coparticipacion federal de impuestos neta ley 26075,coparticipacion federal de impuestos neta ley 26075,6811.3333,62.0,True
2015,rio negro,financiamiento educativo ley 26075,financiamiento educativo ley 26075,1202.058,62.0,True
2015,rio negro,transferencia de servicios ley 24049,transferencia de servicios ley 24049,14.6004,62.0,True
2015,rio negro,impuesto a las ganancias,obras de infraestructura basica social,366.9253,62.0,True
2015,rio negro,impuesto a las ganancias,excedente obras de caracter social a buenos aires,1185.1963,62.0,True
2015,rio negro,impuesto a las ganancias,ley 24699,10.9848,62.0,True
2015,rio negro,impuesto sobre los bienes personales,ley 24699,244.7605,62.0,True
2015,rio negro,impuesto sobre los activos fondo educacion ley 23906,impuesto sobre los activos fondo educacion ley 23906,0.0226,62.0,True
2015,rio negro,impuesto a los combustibles liquidos ley 23966 y 24699,obras de infraestructura,43.6125,62.0,True
2015,rio negro,impuesto a los combustibles liquidos ley 23966 y 24699,vialidad provincial,86.5872,62.0,True
2015,rio negro,impuesto a los combustibles liquidos ley 23966 y 24699,f.e.d.e.i.,23.24515196,62.0,True
2015,rio negro,impuesto a los combustibles liquidos ley 23966 y 24699,ley 24464 fo.na.vi,379.4793,62.0,True
2015,rio negro,regimen de energia electrica ley 24065,fondo para compensaciones de tarifa electrica,8.958,62.0,True
2015,rio negro,regimen de energia electrica ley 24065,f.e.d.e.i.,7.71547356,62.0,True
2015,rio negro,fondo compensador de desequilibrios,fondo compensador de desequilibrios,30.0,62.0,True
2015,rio negro,regimen simplificado para pequeños contribuyentes ley 24977 art 59 inciso a,regimen simplificado para pequeños contribuyentes ley 24977 art 59 inciso a,42.472,62.0,True
2015,salta,coparticipacion federal de impuestos neta ley 26075,coparticipacion federal de impuestos neta ley 26075,9675.9211,66.0,True
2015,salta,financiamiento educativo ley 26075,financiamiento educativo ley 26075,2497.0928,66.0,True
2015,salta,transferencia de servicios ley 24049,transferencia de servicios ley 24049,39.8004,66.0,True
2015,salta,impuesto a las ganancias,obras de infraestructura basica social,1426.7523,66.0,True
2015,salta,impuesto a las ganancias,excedente obras de caracter social a buenos aires,1800.4222,66.0,True
2015,salta,impuesto a las ganancias,ley 24699,16.6872,66.0,True
2015,salta,impuesto sobre los bienes personales,ley 24699,371.8115,66.0,True
2015,salta,impuesto sobre los activos fondo educacion ley 23906,impuesto sobre los activos fondo educacion ley 23906,0.03,66.0,True
2015,salta,impuesto a los combustibles liquidos ley 23966 y 24699,obras de infraestructura,66.2512,66.0,True
2015,salta,impuesto a los combustibles liquidos ley 23966 y 24699,vialidad provincial,129.0518,66.0,True
2015,salta,impuesto a los combustibles liquidos ley 23966 y 24699,f.e.d.e.i.,23.78077871,66.0,True
2015,salta,impuesto a los combustibles liquidos ley 23966 y 24699,ley 24464 fo.na.vi,337.315,66.0,True
2015,salta,regimen de energia electrica ley 24065,fondo para compensaciones de tarifa electrica,11.9982,66.0,True
2015,salta,regimen de energia electrica ley 24065,f.e.d.e.i.,7.89325675,66.0,True
2015,salta,fondo compensador de desequilibrios,fondo compensador de desequilibrios,30.0,66.0,True
2015,salta,regimen simplificado para pequeños contribuyentes ley 24977 art 59 inciso a,regimen simplificado para pequeños contribuyentes ley 24977 art 59 inciso a,64.5185,66.0,True
2015,san juan,coparticipacion federal de impuestos neta ley 26075,coparticipacion federal de impuestos neta ley 26075,9168.1732,70.0,True
2015,san juan,financiamiento educativo ley 26075,financiamiento educativo ley 26075,1567.3242,70.0,True
2015,san juan,transferencia de servicios ley 24049,transferencia de servicios ley 24049,30.0996,70.0,True
2015,san juan,impuesto a las ganancias,obras de infraestructura basica social,473.3874,70.0,True
2015,san juan,impuesto a las ganancias,excedente obras de caracter social a buenos aires,1587.7795,70.0,True
2015,san juan,impuesto a las ganancias,ley 24699,14.7168,70.0,True
2015,san juan,impuesto sobre los bienes personales,ley 24699,327.9041,70.0,True
2015,san juan,impuesto sobre los activos fondo educacion ley 23906,impuesto sobre los activos fondo educacion ley 23906,0.017,70.0,True
2015,san juan,impuesto a los combustibles liquidos ley 23966 y 24699,obras de infraestructura,58.4273,70.0,True
2015,san juan,impuesto a los combustibles liquidos ley 23966 y 24699,vialidad provincial,89.6358,70.0,True
2015,san juan,impuesto a los combustibles liquidos ley 23966 y 24699,f.e.d.e.i.,21.84568796,70.0,True
2015,san juan,impuesto a los combustibles liquidos ley 23966 y 24699,ley 24464 fo.na.vi,307.7998,70.0,True
2015,san juan,regimen de energia electrica ley 24065,fondo para compensaciones de tarifa electrica,8.6154,70.0,True
2015,san juan,regimen de energia electrica ley 24065,f.e.d.e.i.,7.31250103,70.0,True
2015,san juan,fondo compensador de desequilibrios,fondo compensador de desequilibrios,26.4,70.0,True
2015,san juan,regimen simplificado para pequeños contribuyentes ley 24977 art 59 inciso a,regimen simplificado para pequeños contribuyentes ley 24977 art 59 inciso a,56.8991,70.0,True
2015,san luis,coparticipacion federal de impuestos neta ley 26075,coparticipacion federal de impuestos neta ley 26075,6448.2953,74.0,True
2015,san luis,financiamiento educativo ley 26075,financiamiento educativo ley 26075,949.6921,74.0,True
2015,san luis,transferencia de servicios ley 24049,transferencia de servicios ley 24049,18.9012,74.0,True
2015,san luis,impuesto a las ganancias,obras de infraestructura basica social,230.5055,74.0,True
2015,san luis,impuesto a las ganancias,excedente obras de caracter social a buenos aires,1072.0939,74.0,True
2015,san luis,impuesto a las ganancias,ley 24699,9.9372,74.0,True
2015,san luis,impuesto sobre los bienes personales,ley 24699,221.4053,74.0,True
2015,san luis,impuesto sobre los activos fondo educacion ley 23906,impuesto sobre los activos fondo educacion ley 23906,0.014,74.0,True
2015,san luis,impuesto a los combustibles liquidos ley 23966 y 24699,obras de infraestructura,39.4498,74.0,True
2015,san luis,impuesto a los combustibles liquidos ley 23966 y 24699,vialidad provincial,78.5869,74.0,True
2015,san luis,impuesto a los combustibles liquidos ley 23966 y 24699,f.e.d.e.i.,21.35815111,74.0,True
2015,san luis,impuesto a los combustibles liquidos ley 23966 y 24699,ley 24464 fo.na.vi,307.7998,74.0,True
2015,san luis,regimen de energia electrica ley 24065,fondo para compensaciones de tarifa electrica,9.5482,74.0,True
2015,san luis,regimen de energia electrica ley 24065,f.e.d.e.i.,7.16349303,74.0,True
2015,san luis,fondo compensador de desequilibrios,fondo compensador de desequilibrios,26.4,74.0,True
2015,san luis,regimen simplificado para pequeños contribuyentes ley 24977 art 59 inciso a,regimen simplificado para pequeños contribuyentes ley 24977 art 59 inciso a,38.4183,74.0,True
2015,santa cruz,coparticipacion federal de impuestos neta ley 26075,coparticipacion federal de impuestos neta ley 26075,4531.192,78.0,True
2015,santa cruz,financiamiento educativo ley 26075,financiamiento educativo ley 26075,491.4493,78.0,True
2015,santa cruz,transferencia de servicios ley 24049,transferencia de servicios ley 24049,8.4996,78.0,True
2015,santa cruz,impuesto a las ganancias,obras de infraestructura basica social,129.1336,78.0,True
2015,santa cruz,impuesto a las ganancias,excedente obras de caracter social a buenos aires,742.8563,78.0,True
2015,santa cruz,impuesto a las ganancias,ley 24699,6.8856,78.0,True
2015,santa cruz,impuesto sobre los bienes personales,ley 24699,153.4113,78.0,True
2015,santa cruz,impuesto sobre los bienes personales,ley 23966 art 30,13.8645,78.0,True
2015,santa cruz,impuesto sobre los activos fondo educacion ley 23906,impuesto sobre los activos fondo educacion ley 23906,0.014,78.0,True
2015,santa cruz,i.v.a.ley 23966 art 5 punto 2,i.v.a.ley 23966 art 5 punto 2,35.1031,78.0,True
2015,santa cruz,impuesto a los combustibles liquidos ley 23966 y 24699,obras de infraestructura,27.3359,78.0,True
2015,santa cruz,impuesto a los combustibles liquidos ley 23966 y 24699,vialidad provincial,102.4549,78.0,True
2015,santa cruz,impuesto a los combustibles liquidos ley 23966 y 24699,f.e.d.e.i.,30.3672946,78.0,True
2015,santa cruz,impuesto a los combustibles liquidos ley 23966 y 24699,ley 24464 fo.na.vi,269.8517,78.0,True
2015,santa cruz,regimen de energia electrica ley 24065,fondo para compensaciones de tarifa electrica,20.8778,78.0,True
2015,santa cruz,regimen de energia electrica ley 24065,transferencia a empresas de energia electrica,32.0,78.0,True
2015,santa cruz,regimen de energia electrica ley 24065,f.e.d.e.i.,10.07943694,78.0,True
2015,santa cruz,fondo compensador de desequilibrios,fondo compensador de desequilibrios,36.0,78.0,True
2015,santa cruz,regimen simplificado para pequeños contribuyentes ley 24977 art 59 inciso a,regimen simplificado para pequeños contribuyentes ley 24977 art 59 inciso a,26.6209,78.0,True
2015,santa fe,coparticipacion federal de impuestos neta ley 26075,coparticipacion federal de impuestos neta ley 26075,24611.0173,82.0,True
2015,santa fe,financiamiento educativo ley 26075,financiamiento educativo ley 26075,4356.6301,82.0,True
2015,santa fe,transferencia de servicios ley 24049,transferencia de servicios ley 24049,135.4896,82.0,True
2015,santa fe,impuesto a las ganancias,obras de infraestructura basica social,1501.0739,82.0,True
2015,santa fe,impuesto a las ganancias,excedente obras de caracter social a buenos aires,4197.9014,82.0,True
2015,santa fe,impuesto a las ganancias,ley 24699,38.91,82.0,True
2015,santa fe,impuesto sobre los bienes personales,ley 24699,866.9376,82.0,True
2015,santa fe,impuesto sobre los bienes personales,ley 23966 art 30,186.9888,82.0,True
2015,santa fe,impuesto sobre los activos fondo educacion ley 23906,impuesto sobre los activos fondo educacion ley 23906,0.0569,82.0,True
2015,santa fe,i.v.a.ley 23966 art 5 punto 2,i.v.a.ley 23966 art 5 punto 2,473.4309,82.0,True
2015,santa fe,impuesto a los combustibles liquidos ley 23966 y 24699,obras de infraestructura,184.474,82.0,True
2015,santa fe,impuesto a los combustibles liquidos ley 23966 y 24699,vialidad provincial,239.8924,82.0,True
2015,santa fe,impuesto a los combustibles liquidos ley 23966 y 24699,f.e.d.e.i.,19.13407764,82.0,True
2015,santa fe,impuesto a los combustibles liquidos ley 23966 y 24699,ley 24464 fo.na.vi,476.4574,82.0,True
2015,santa fe,regimen de energia electrica ley 24065,fondo para compensaciones de tarifa electrica,6.9861,82.0,True
2015,santa fe,regimen de energia electrica ley 24065,f.e.d.e.i.,6.35093543,82.0,True
2015,santa fe,fondo compensador de desequilibrios,fondo compensador de desequilibrios,6.0,82.0,True
2015,santa fe,regimen simplificado para pequeños contribuyentes ley 24977 art 59 inciso a,regimen simplificado para pequeños contribuyentes ley 24977 art 59 inciso a,150.4342,82.0,True
2015,sgo. del estero,coparticipacion federal de impuestos neta ley 26075,coparticipacion federal de impuestos neta ley 26075,10829.948,86.0,True
2015,sgo. del estero,financiamiento educativo ley 26075,financiamiento educativo ley 26075,2291.2156,86.0,True
2015,sgo. del estero,transferencia de servicios ley 24049,transferencia de servicios ley 24049,31.5996,86.0,True
2015,sgo. del estero,impuesto a las ganancias,obras de infraestructura basica social,987.5788,86.0,True
2015,sgo. del estero,impuesto a las ganancias,excedente obras de caracter social a buenos aires,1940.6483,86.0,True
2015,sgo. del estero,impuesto a las ganancias,ley 24699,17.988,86.0,True
2015,sgo. del estero,impuesto sobre los bienes personales,ley 24699,400.7718,86.0,True
2015,sgo. del estero,impuesto sobre los activos fondo educacion ley 23906,impuesto sobre los activos fondo educacion ley 23906,0.0283,86.0,True
2015,sgo. del estero,impuesto a los combustibles liquidos ley 23966 y 24699,obras de infraestructura,71.4112,86.0,True
2015,sgo. del estero,impuesto a los combustibles liquidos ley 23966 y 24699,vialidad provincial,148.1941,86.0,True
2015,sgo. del estero,impuesto a los combustibles liquidos ley 23966 y 24699,f.e.d.e.i.,25.51177232,86.0,True
2015,sgo. del estero,impuesto a los combustibles liquidos ley 23966 y 24699,ley 24464 fo.na.vi,362.6135,86.0,True
2015,sgo. del estero,regimen de energia electrica ley 24065,fondo para compensaciones de tarifa electrica,9.9571,86.0,True
2015,sgo. del estero,regimen de energia electrica ley 24065,f.e.d.e.i.,8.46780452,86.0,True
2015,sgo. del estero,fondo compensador de desequilibrios,fondo compensador de desequilibrios,26.4,86.0,True
2015,sgo. del estero,regimen simplificado para pequeños contribuyentes ley 24977 art 59 inciso a,regimen simplificado para pequeños contribuyentes ley 24977 art 59 inciso a,69.5438,86.0,True
2015,tucuman,coparticipacion federal de impuestos neta ley 26075,coparticipacion federal de impuestos neta ley 26075,12366.401,90.0,True
2015,tucuman,financiamiento educativo ley 26075,financiamiento educativo ley 26075,2742.8174,90.0,True
2015,tucuman,transferencia de servicios ley 24049,transferencia de servicios ley 24049,55.8,90.0,True
2015,tucuman,impuesto a las ganancias,obras de infraestructura basica social,1186.7111,90.0,True
2015,tucuman,impuesto a las ganancias,excedente obras de caracter social a buenos aires,2234.6625,90.0,True
2015,tucuman,impuesto a las ganancias,ley 24699,20.7132,90.0,True
2015,tucuman,impuesto sobre los bienes personales,ley 24699,461.4949,90.0,True
2015,tucuman,impuesto sobre los activos fondo educacion ley 23906,impuesto sobre los activos fondo educacion ley 23906,0.0256,90.0,True
2015,tucuman,impuesto a los combustibles liquidos ley 23966 y 24699,obras de infraestructura,82.2312,90.0,True
2015,tucuman,impuesto a los combustibles liquidos ley 23966 y 24699,vialidad provincial,110.7531,90.0,True
2015,tucuman,impuesto a los combustibles liquidos ley 23966 y 24699,f.e.d.e.i.,19.64961491,90.0,True
2015,tucuman,impuesto a los combustibles liquidos ley 23966 y 24699,ley 24464 fo.na.vi,354.1806,90.0,True
2015,tucuman,regimen de energia electrica ley 24065,fondo para compensaciones de tarifa electrica,8.181,90.0,True
2015,tucuman,regimen de energia electrica ley 24065,f.e.d.e.i.,6.52205074,90.0,True
2015,tucuman,fondo compensador de desequilibrios,fondo compensador de desequilibrios,26.4,90.0,True
2015,tucuman,regimen simplificado para pequeños contribuyentes ley 24977 art 59 inciso a,regimen simplificado para pequeños contribuyentes ley 24977 art 59 inciso a,80.0806,90.0,True
2015,tierra del fuego,coparticipacion federal de impuestos neta ley 26075,coparticipacion federal de impuestos neta ley 26075,3688.1838,94.0,True
2015,tierra del fuego,financiamiento educativo ley 26075,financiamiento educativo ley 26075,232.4422,94.0,True
2015,tierra del fuego,transferencia de servicios ley 24049,transferencia de servicios ley 24049,12.0,94.0,True
2015,tierra del fuego,impuesto a las ganancias,obras de infraestructura basica social,90.1838,94.0,True
2015,tierra del fuego,impuesto a las ganancias,excedente obras de caracter social a buenos aires,579.3337,94.0,True
2015,tierra del fuego,impuesto a las ganancias,ley 24699,5.37,94.0,True
2015,tierra del fuego,impuesto sobre los bienes personales,ley 24699,119.6377,94.0,True
2015,tierra del fuego,impuesto sobre los bienes personales,ley 23966 art 30,1.2298,94.0,True
2015,tierra del fuego,impuesto sobre los activos fondo educacion ley 23906,impuesto sobre los activos fondo educacion ley 23906,0.0067,94.0,True
2015,tierra del fuego,i.v.a.ley 23966 art 5 punto 2,i.v.a.ley 23966 art 5 punto 2,3.1138,94.0,True
2015,tierra del fuego,impuesto a los combustibles liquidos ley 23966 y 24699,obras de infraestructura,21.3178,94.0,True
2015,tierra del fuego,impuesto a los combustibles liquidos ley 23966 y 24699,vialidad provincial,56.1888,94.0,True
2015,tierra del fuego,impuesto a los combustibles liquidos ley 23966 y 24699,f.e.d.e.i.,22.33189172,94.0,True
2015,tierra del fuego,impuesto a los combustibles liquidos ley 23966 y 24699,ley 24464 fo.na.vi,223.471,94.0,True
2015,tierra del fuego,regimen de energia electrica ley 24065,fondo para compensaciones de tarifa electrica,6.9055,94.0,True
2015,tierra del fuego,regimen de energia electrica ley 24065,f.e.d.e.i.,7.41234665,94.0,True
2015,tierra del fuego,fondo compensador de desequilibrios,fondo compensador de desequilibrios,36.0,94.0,True
2015,tierra del fuego,regimen simplificado para pequeños contribuyentes ley 24977 art 59 inciso a,regimen simplificado para pequeños contribuyentes ley 24977 art 59 inciso a,20.7604,94.0,True
2015,c.a.b.a,coparticipacion federal de impuestos neta ley 26075,coparticipacion federal de impuestos neta ley 26075,4292.2839,2.0,True
2015,c.a.b.a,financiamiento educativo ley 26075,financiamiento educativo ley 26075,3572.9678,2.0,True
2015,c.a.b.a,impuesto sobre los activos fondo educacion ley 23906,impuesto sobre los activos fondo educacion ley 23906,0.0243,2.0,True
2015,c.a.b.a,impuesto a los combustibles liquidos ley 23966 y 24699,ley 24464 fo.na.vi,109.6274,2.0,True
2015,tesoro nacional,coparticipacion federal de impuestos neta ley 26075,coparticipacion federal de impuestos neta ley 26075,226069.8128,,False
2015,tesoro nacional,impuesto sobre los bienes personales,ley 24699,7116.7382,,False
2015,tesoro nacional,impuesto sobre los activos fondo educacion ley 23906,impuesto sobre los activos fondo educacion ley 23906,0.369,,False
2015,tesoro nacional,impuesto a los combustibles liquidos ley 23966 y 24699,vialidad provincial,5822.695833,,False
2015,seguridad social,coparticipacion federal de impuestos neta ley 26075,coparticipacion federal de impuestos neta ley 26075,95600.3162,,False
2015,seguridad social,impuesto a las ganancias,obras de infraestructura basica social,75677.8094,,False
2015,seguridad social,impuesto a las ganancias,ley 24699,120.0,,False
2015,seguridad social,i.v.a.ley 23966 art 5 punto 2,i.v.a.ley 23966 art 5 punto 2,43272.3927,,False
2015,seguridad social,regimen simplificado para pequeños contribuyentes ley 24977 art 59 inciso a,regimen simplificado para pequeños contribuyentes ley 24977 art 59 inciso a,3969.2947,,False
2015,fondo a.t.n.,coparticipacion federal de impuestos neta ley 26075,coparticipacion federal de impuestos neta ley 26075,5618.0373,,False
2015,fondo a.t.n.,impuesto a las ganancias,obras de infraestructura basica social,7567.7811,,False
2015,fondo a.t.n.,impuesto a las ganancias,ley 24699,20.0,,False
2015,fondo a.t.n.,impuesto sobre los bienes personales,ley 24699,170.9109,,False
2016,buenos aires,coparticipacion federal de impuestos neta ley 26075,coparticipacion federal de impuestos neta ley 26075,63573.1919,6.0,True
2016,buenos aires,financiamiento educativo ley 26075,financiamiento educativo ley 26075,28356.8015,6.0,True
2016,buenos aires,transferencia de servicios ley 24049,transferencia de servicios ley 24049,420.1008,6.0,True
2016,buenos aires,impuesto a las ganancias,obras de infraestructura basica social,650.0,6.0,True
2016,buenos aires,impuesto a las ganancias,ley 24699,95.6088,6.0,True
2016,buenos aires,impuesto sobre los bienes personales,ley 24699,2282.2279,6.0,True
2016,buenos aires,impuesto sobre los bienes personales,ley 23966 art 30,543.3317,6.0,True
2016,buenos aires,impuesto sobre los activos fondo educacion ley 23906,impuesto sobre los activos fondo educacion ley 23906,0.3014,6.0,True
2016,buenos aires,i.v.a.ley 23966 art 5 punto 2,i.v.a.ley 23966 art 5 punto 2,1728.7202,6.0,True
2016,buenos aires,impuesto a los combustibles liquidos ley 23966 y 24699,obras de infraestructura,449.8761,6.0,True
2016,buenos aires,impuesto a los combustibles liquidos ley 23966 y 24699,vialidad provincial,1040.1972,6.0,True
2016,buenos aires,impuesto a los combustibles liquidos ley 23966 y 24699,f.e.d.e.i.,20.587515,6.0,True
2016,buenos aires,impuesto a los combustibles liquidos ley 23966 y 24699,ley 24464 fo.na.vi,1545.9212,6.0,True
2016,buenos aires,regimen de energia electrica ley 24065,fondo para compensaciones de tarifa electrica,8.2457,6.0,True
2016,buenos aires,regimen de energia electrica ley 24065,f.e.d.e.i.,5.44319679,6.0,True
2016,buenos aires,regimen simplificado para pequeños contribuyentes ley 24977 art 59 inciso a,regimen simplificado para pequeños contribuyentes ley 24977 art 59 inciso a,447.9366,6.0,True
2016,catamarca,coparticipacion federal de impuestos neta ley 26075,coparticipacion federal de impuestos neta ley 26075,10048.8574,10.0,True
2016,catamarca,financiamiento educativo ley 26075,financiamiento educativo ley 26075,1481.4552,10.0,True
2016,catamarca,transferencia de servicios ley 24049,transferencia de servicios ley 24049,21.3996,10.0,True
2016,catamarca,impuesto a las ganancias,obras de infraestructura basica social,301.8231,10.0,True
2016,catamarca,impuesto a las ganancias,excedente obras de caracter social a buenos aires,1482.1501,10.0,True
2016,catamarca,impuesto a las ganancias,ley 24699,11.9916,10.0,True
2016,catamarca,impuesto sobre los bienes personales,ley 24699,286.2481,10.0,True
2016,catamarca,impuesto sobre los activos fondo educacion ley 23906,impuesto sobre los activos fondo educacion ley 23906,0.0226,10.0,True
2016,catamarca,impuesto a los combustibles liquidos ley 23966 y 24699,obras de infraestructura,60.1893,10.0,True
2016,catamarca,impuesto a los combustibles liquidos ley 23966 y 24699,vialidad provincial,96.2832,10.0,True
2016,catamarca,impuesto a los combustibles liquidos ley 23966 y 24699,f.e.d.e.i.,37.68814262,10.0,True
2016,catamarca,impuesto a los combustibles liquidos ley 23966 y 24699,ley 24464 fo.na.vi,223.8921,10.0,True
2016,catamarca,regimen de energia electrica ley 24065,fondo para compensaciones de tarifa electrica,12.8958,10.0,True
2016,catamarca,regimen de energia electrica ley 24065,f.e.d.e.i.,10.16144204,10.0,True
2016,catamarca,fondo compensador de desequilibrios,fondo compensador de desequilibrios,26.4,10.0,True
2016,catamarca,regimen simplificado para pequeños contribuyentes ley 24977 art 59 inciso a,regimen simplificado para pequeños contribuyentes ley 24977 art 59 inciso a,56.1835,10.0,True
2016,cordoba,coparticipacion federal de impuestos neta ley 26075,coparticipacion federal de impuestos neta ley 26075,35701.3796,14.0,True
2016,cordoba,financiamiento educativo ley 26075,financiamiento educativo ley 26075,6483.5467,14.0,True
2016,cordoba,transferencia de servicios ley 24049,transferencia de servicios ley 24049,125.3004,14.0,True
2016,cordoba,impuesto a las ganancias,obras de infraestructura basica social,1626.8994,14.0,True
2016,cordoba,impuesto a las ganancias,excedente obras de caracter social a buenos aires,4778.0399,14.0,True
2016,cordoba,impuesto a las ganancias,ley 24699,38.658,14.0,True
2016,cordoba,impuesto sobre los bienes personales,ley 24699,922.8004,14.0,True
2016,cordoba,impuesto sobre los bienes personales,ley 23966 art 30,185.5502,14.0,True
2016,cordoba,impuesto sobre los activos fondo educacion ley 23906,impuesto sobre los activos fondo educacion ley 23906,0.0834,14.0,True
2016,cordoba,i.v.a.ley 23966 art 5 punto 2,i.v.a.ley 23966 art 5 punto 2,590.3654,14.0,True
2016,cordoba,impuesto a los combustibles liquidos ley 23966 y 24699,obras de infraestructura,194.0351,14.0,True
2016,cordoba,impuesto a los combustibles liquidos ley 23966 y 24699,vialidad provincial,350.2216,14.0,True
2016,cordoba,impuesto a los combustibles liquidos ley 23966 y 24699,f.e.d.e.i.,25.00630798,14.0,True
2016,cordoba,impuesto a los combustibles liquidos ley 23966 y 24699,ley 24464 fo.na.vi,602.3763,14.0,True
2016,cordoba,regimen de energia electrica ley 24065,fondo para compensaciones de tarifa electrica,8.7876,14.0,True
2016,cordoba,regimen de energia electrica ley 24065,f.e.d.e.i.,6.74217753,14.0,True
2016,cordoba,fondo compensador de desequilibrios,fondo compensador de desequilibrios,6.0,14.0,True
2016,cordoba,regimen simplificado para pequeños contribuyentes ley 24977 art 59 inciso a,regimen simplificado para pequeños contribuyentes ley 24977 art 59 inciso a,181.1207,14.0,True
2016,corrientes,coparticipacion federal de impuestos neta ley 26075,coparticipacion federal de impuestos neta ley 26075,12755.8399,18.0,True
2016,corrientes,financiamiento educativo ley 26075,financiamiento educativo ley 26075,2806.0511,18.0,True
2016,corrientes,transferencia de servicios ley 24049,transferencia de servicios ley 24049,38.6004,18.0,True
2016,corrientes,impuesto a las ganancias,obras de infraestructura basica social,1111.1772,18.0,True
2016,corrientes,impuesto a las ganancias,excedente obras de caracter social a buenos aires,2000.392,18.0,True
2016,corrientes,impuesto a las ganancias,ley 24699,16.1844,18.0,True
2016,corrientes,impuesto sobre los bienes personales,ley 24699,386.335,18.0,True
2016,corrientes,impuesto sobre los bienes personales,ley 23966 art 30,59.3303,18.0,True
2016,corrientes,impuesto sobre los activos fondo educacion ley 23906,impuesto sobre los activos fondo educacion ley 23906,0.0374,18.0,True
2016,corrientes,i.v.a.ley 23966 art 5 punto 2,i.v.a.ley 23966 art 5 punto 2,188.7714,18.0,True
2016,corrientes,impuesto a los combustibles liquidos ley 23966 y 24699,obras de infraestructura,81.2337,18.0,True
2016,corrientes,impuesto a los combustibles liquidos ley 23966 y 24699,vialidad provincial,124.2311,18.0,True
2016,corrientes,impuesto a los combustibles liquidos ley 23966 y 24699,f.e.d.e.i.,31.65714192,18.0,True
2016,corrientes,impuesto a los combustibles liquidos ley 23966 y 24699,ley 24464 fo.na.vi,527.7453,18.0,True
2016,corrientes,regimen de energia electrica ley 24065,fondo para compensaciones de tarifa electrica,12.2169,18.0,True
2016,corrientes,regimen de energia electrica ley 24065,f.e.d.e.i.,8.53556038,18.0,True
2016,corrientes,fondo compensador de desequilibrios,fondo compensador de desequilibrios,18.0,18.0,True
2016,corrientes,regimen simplificado para pequeños contribuyentes ley 24977 art 59 inciso a,regimen simplificado para pequeños contribuyentes ley 24977 art 59 inciso a,75.827,18.0,True
2016,chaco,coparticipacion federal de impuestos neta ley 26075,coparticipacion federal de impuestos neta ley 26075,17702.8017,22.0,True
2016,chaco,financiamiento educativo ley 26075,financiamiento educativo ley 26075,3180.7724,22.0,True
2016,chaco,transferencia de servicios ley 24049,transferencia de servicios ley 24049,33.6,22.0,True
2016,chaco,impuesto a las ganancias,obras de infraestructura basica social,1385.32,22.0,True
2016,chaco,impuesto a las ganancias,excedente obras de caracter social a buenos aires,2684.4284,22.0,True
2016,chaco,impuesto a las ganancias,ley 24699,21.7188,22.0,True
2016,chaco,impuesto sobre los bienes personales,ley 24699,518.4495,22.0,True
2016,chaco,impuesto sobre los bienes personales,ley 23966 art 30,46.6437,22.0,True
2016,chaco,impuesto sobre los activos fondo educacion ley 23906,impuesto sobre los activos fondo educacion ley 23906,0.0488,22.0,True
2016,chaco,i.v.a.ley 23966 art 5 punto 2,i.v.a.ley 23966 art 5 punto 2,148.4063,22.0,True
2016,chaco,impuesto a los combustibles liquidos ley 23966 y 24699,obras de infraestructura,109.0141,22.0,True
2016,chaco,impuesto a los combustibles liquidos ley 23966 y 24699,vialidad provincial,167.9647,22.0,True
2016,chaco,impuesto a los combustibles liquidos ley 23966 y 24699,f.e.d.e.i.,33.623378,22.0,True
2016,chaco,impuesto a los combustibles liquidos ley 23966 y 24699,ley 24464 fo.na.vi,490.4302,22.0,True
2016,chaco,regimen de energia electrica ley 24065,fondo para compensaciones de tarifa electrica,12.6705,22.0,True
2016,chaco,regimen de energia electrica ley 24065,f.e.d.e.i.,9.06550343,22.0,True
2016,chaco,fondo compensador de desequilibrios,fondo compensador de desequilibrios,6.0,22.0,True
2016,chaco,regimen simplificado para pequeños contribuyentes ley 24977 art 59 inciso a,regimen simplificado para pequeños contribuyentes ley 24977 art 59 inciso a,101.7585,22.0,True
2016,chubut,coparticipacion federal de impuestos neta ley 26075,coparticipacion federal de impuestos neta ley 26075,5313.354,26.0,True
2016,chubut,financiamiento educativo ley 26075,financiamiento educativo ley 26075,1307.1667,26.0,True
2016,chubut,transferencia de servicios ley 24049,transferencia de servicios ley 24049,24.2004,26.0,True
2016,chubut,impuesto a las ganancias,obras de infraestructura basica social,305.0584,26.0,True
2016,chubut,impuesto a las ganancias,excedente obras de caracter social a buenos aires,851.0234,26.0,True
2016,chubut,impuesto a las ganancias,ley 24699,6.8856,26.0,True
2016,chubut,impuesto sobre los bienes personales,ley 24699,164.3591,26.0,True
2016,chubut,impuesto sobre los bienes personales,ley 23966 art 30,18.2461,26.0,True
2016,chubut,impuesto sobre los activos fondo educacion ley 23906,impuesto sobre los activos fondo educacion ley 23906,0.0226,26.0,True
2016,chubut,i.v.a.ley 23966 art 5 punto 2,i.v.a.ley 23966 art 5 punto 2,58.0538,26.0,True
2016,chubut,impuesto a los combustibles liquidos ley 23966 y 24699,obras de infraestructura,34.5602,26.0,True
2016,chubut,impuesto a los combustibles liquidos ley 23966 y 24699,vialidad provincial,148.7736,26.0,True
2016,chubut,impuesto a los combustibles liquidos ley 23966 y 24699,f.e.d.e.i.,35.25281736,26.0,True
2016,chubut,impuesto a los combustibles liquidos ley 23966 y 24699,ley 24464 fo.na.vi,341.1688,26.0,True
2016,chubut,regimen de energia electrica ley 24065,fondo para compensaciones de tarifa electrica,20.9325,26.0,True
2016,chubut,regimen de energia electrica ley 24065,f.e.d.e.i.,9.50502647,26.0,True
2016,chubut,fondo compensador de desequilibrios,fondo compensador de desequilibrios,36.0,26.0,True
2016,chubut,regimen simplificado para pequeños contribuyentes ley 24977 art 59 inciso a,regimen simplificado para pequeños contribuyentes ley 24977 art 59 inciso a,32.2599,26.0,True
2016,entre rios,coparticipacion federal de impuestos neta ley 26075,coparticipacion federal de impuestos neta ley 26075,17599.1915,30.0,True
2016,entre rios,financiamiento educativo ley 26075,financiamiento educativo ley 26075,2840.9089,30.0,True
2016,entre rios,transferencia de servicios ley 24049,transferencia de servicios ley 24049,67.4988,30.0,True
2016,entre rios,impuesto a las ganancias,obras de infraestructura basica social,808.48,30.0,True
2016,entre rios,impuesto a las ganancias,excedente obras de caracter social a buenos aires,2627.4326,30.0,True
2016,entre rios,impuesto a las ganancias,ley 24699,21.258,30.0,True
2016,entre rios,impuesto sobre los bienes personales,ley 24699,507.4402,30.0,True
2016,entre rios,impuesto sobre los bienes personales,ley 23966 art 30,80.5247,30.0,True
2016,entre rios,impuesto sobre los activos fondo educacion ley 23906,impuesto sobre los activos fondo educacion ley 23906,0.0387,30.0,True
2016,entre rios,i.v.a.ley 23966 art 5 punto 2,i.v.a.ley 23966 art 5 punto 2,256.2055,30.0,True
2016,entre rios,impuesto a los combustibles liquidos ley 23966 y 24699,obras de infraestructura,106.6972,30.0,True
2016,entre rios,impuesto a los combustibles liquidos ley 23966 y 24699,vialidad provincial,242.7363,30.0,True
2016,entre rios,impuesto a los combustibles liquidos ley 23966 y 24699,f.e.d.e.i.,28.93549464,30.0,True
2016,entre rios,impuesto a los combustibles liquidos ley 23966 y 24699,ley 24464 fo.na.vi,415.7995,30.0,True
2016,entre rios,regimen de energia electrica ley 24065,fondo para compensaciones de tarifa electrica,12.6336,30.0,True
2016,entre rios,regimen de energia electrica ley 24065,f.e.d.e.i.,7.80175197,30.0,True
2016,entre rios,fondo compensador de desequilibrios,fondo compensador de desequilibrios,21.6,30.0,True
2016,entre rios,regimen simplificado para pequeños contribuyentes ley 24977 art 59 inciso a,regimen simplificado para pequeños contribuyentes ley 24977 art 59 inciso a,99.596,30.0,True
2016,formosa,coparticipacion federal de impuestos neta ley 26075,coparticipacion federal de impuestos neta ley 26075,13330.9015,34.0,True
2016,formosa,financiamiento educativo ley 26075,financiamiento educativo ley 26075,1908.463,34.0,True
2016,formosa,transferencia de servicios ley 24049,transferencia de servicios ley 24049,20.7012,34.0,True
2016,formosa,impuesto a las ganancias,obras de infraestructura basica social,760.2844,34.0,True
2016,formosa,impuesto a las ganancias,excedente obras de caracter social a buenos aires,1958.9326,34.0,True
2016,formosa,impuesto a las ganancias,ley 24699,15.8496,34.0,True
2016,formosa,impuesto sobre los bienes personales,ley 24699,378.3282,34.0,True
2016,formosa,impuesto sobre los bienes personales,ley 23966 art 30,21.7277,34.0,True
2016,formosa,impuesto sobre los activos fondo educacion ley 23906,impuesto sobre los activos fondo educacion ley 23906,0.0263,34.0,True
2016,formosa,i.v.a.ley 23966 art 5 punto 2,i.v.a.ley 23966 art 5 punto 2,69.1305,34.0,True
2016,formosa,impuesto a los combustibles liquidos ley 23966 y 24699,obras de infraestructura,79.5509,34.0,True
2016,formosa,impuesto a los combustibles liquidos ley 23966 y 24699,vialidad provincial,99.1627,34.0,True
2016,formosa,impuesto a los combustibles liquidos ley 23966 y 24699,f.e.d.e.i.,38.85355314,34.0,True
2016,formosa,impuesto a los combustibles liquidos ley 23966 y 24699,ley 24464 fo.na.vi,426.461,34.0,True
2016,formosa,regimen de energia electrica ley 24065,fondo para compensaciones de tarifa electrica,13.3424,34.0,True
2016,formosa,regimen de energia electrica ley 24065,f.e.d.e.i.,10.4756587,34.0,True
2016,formosa,fondo compensador de desequilibrios,fondo compensador de desequilibrios,26.4,34.0,True
2016,formosa,regimen simplificado para pequeños contribuyentes ley 24977 art 59 inciso a,regimen simplificado para pequeños contribuyentes ley 24977 art 59 inciso a,74.256,34.0,True
2016,jujuy,coparticipacion federal de impuestos neta ley 26075,coparticipacion federal de impuestos neta ley 26075,10036.9783,38.0,True
2016,jujuy,financiamiento educativo ley 26075,financiamiento educativo ley 26075,1856.1765,38.0,True
2016,jujuy,transferencia de servicios ley 24049,transferencia de servicios ley 24049,33.3,38.0,True
2016,jujuy,impuesto a las ganancias,obras de infraestructura basica social,690.8982,38.0,True
2016,jujuy,impuesto a las ganancias,excedente obras de caracter social a buenos aires,1528.8025,38.0,True
2016,jujuy,impuesto a las ganancias,ley 24699,12.3696,38.0,True
2016,jujuy,impuesto sobre los bienes personales,ley 24699,295.256,38.0,True
2016,jujuy,impuesto sobre los activos fondo educacion ley 23906,impuesto sobre los activos fondo educacion ley 23906,0.0241,38.0,True
2016,jujuy,impuesto a los combustibles liquidos ley 23966 y 24699,obras de infraestructura,62.0821,38.0,True
2016,jujuy,impuesto a los combustibles liquidos ley 23966 y 24699,vialidad provincial,101.4564,38.0,True
2016,jujuy,impuesto a los combustibles liquidos ley 23966 y 24699,f.e.d.e.i.,31.35163557,38.0,True
2016,jujuy,impuesto a los combustibles liquidos ley 23966 y 24699,ley 24464 fo.na.vi,319.8457,38.0,True
2016,jujuy,regimen de energia electrica ley 24065,fondo para compensaciones de tarifa electrica,14.8067,38.0,True
2016,jujuy,regimen de energia electrica ley 24065,f.e.d.e.i.,8.4534816,38.0,True
2016,jujuy,fondo compensador de desequilibrios,fondo compensador de desequilibrios,26.4,38.0,True
2016,jujuy,regimen simplificado para pequeños contribuyentes ley 24977 art 59 inciso a,regimen simplificado para pequeños contribuyentes ley 24977 art 59 inciso a,57.9499,38.0,True
2016,la pampa,coparticipacion federal de impuestos neta ley 26075,coparticipacion federal de impuestos neta ley 26075,6868.1301,42.0,True
2016,la pampa,financiamiento educativo ley 26075,financiamiento educativo ley 26075,993.4467,42.0,True
2016,la pampa,transferencia de servicios ley 24049,transferencia de servicios ley 24049,19.2,42.0,True
2016,la pampa,impuesto a las ganancias,obras de infraestructura basica social,102.9722,42.0,True
2016,la pampa,impuesto a las ganancias,excedente obras de caracter social a buenos aires,1010.5608,42.0,True
2016,la pampa,impuesto a las ganancias,ley 24699,8.1756,42.0,True
2016,la pampa,impuesto sobre los bienes personales,ley 24699,195.1693,42.0,True
2016,la pampa,impuesto sobre los bienes personales,ley 23966 art 30,15.7183,42.0,True
2016,la pampa,impuesto sobre los activos fondo educacion ley 23906,impuesto sobre los activos fondo educacion ley 23906,0.0199,42.0,True
2016,la pampa,i.v.a.ley 23966 art 5 punto 2,i.v.a.ley 23966 art 5 punto 2,50.0104,42.0,True
2016,la pampa,impuesto a los combustibles liquidos ley 23966 y 24699,obras de infraestructura,41.0376,42.0,True
2016,la pampa,impuesto a los combustibles liquidos ley 23966 y 24699,vialidad provincial,121.7054,42.0,True
2016,la pampa,impuesto a los combustibles liquidos ley 23966 y 24699,f.e.d.e.i.,27.83310449,42.0,True
2016,la pampa,impuesto a los combustibles liquidos ley 23966 y 24699,ley 24464 fo.na.vi,213.2305,42.0,True
2016,la pampa,regimen de energia electrica ley 24065,fondo para compensaciones de tarifa electrica,17.0383,42.0,True
2016,la pampa,regimen de energia electrica ley 24065,f.e.d.e.i.,7.50433685,42.0,True
2016,la pampa,fondo compensador de desequilibrios,fondo compensador de desequilibrios,30.0,42.0,True
2016,la pampa,regimen simplificado para pequeños contribuyentes ley 24977 art 59 inciso a,regimen simplificado para pequeños contribuyentes ley 24977 art 59 inciso a,38.3061,42.0,True
2016,la rioja,coparticipacion federal de impuestos neta ley 26075,coparticipacion federal de impuestos neta ley 26075,7517.586,46.0,True
2016,la rioja,financiamiento educativo ley 26075,financiamiento educativo ley 26075,1150.3067,46.0,True
2016,la rioja,transferencia de servicios ley 24049,transferencia de servicios ley 24049,20.2992,46.0,True
2016,la rioja,impuesto a las ganancias,obras de infraestructura basica social,293.4852,46.0,True
2016,la rioja,impuesto a las ganancias,excedente obras de caracter social a buenos aires,1114.2093,46.0,True
2016,la rioja,impuesto a las ganancias,ley 24699,9.0144,46.0,True
2016,la rioja,impuesto sobre los bienes personales,ley 24699,215.1866,46.0,True
2016,la rioja,impuesto sobre los activos fondo educacion ley 23906,impuesto sobre los activos fondo educacion ley 23906,0.0194,46.0,True
2016,la rioja,impuesto a los combustibles liquidos ley 23966 y 24699,obras de infraestructura,45.2469,46.0,True
2016,la rioja,impuesto a los combustibles liquidos ley 23966 y 24699,vialidad provincial,105.3581,46.0,True
2016,la rioja,impuesto a los combustibles liquidos ley 23966 y 24699,f.e.d.e.i.,36.67072492,46.0,True
2016,la rioja,impuesto a los combustibles liquidos ley 23966 y 24699,ley 24464 fo.na.vi,213.2305,46.0,True
2016,la rioja,regimen de energia electrica ley 24065,fondo para compensaciones de tarifa electrica,13.5803,46.0,True
2016,la rioja,regimen de energia electrica ley 24065,f.e.d.e.i.,9.88712664,46.0,True
2016,la rioja,fondo compensador de desequilibrios,fondo compensador de desequilibrios,26.4,46.0,True
2016,la rioja,regimen simplificado para pequeños contribuyentes ley 24977 art 59 inciso a,regimen simplificado para pequeños contribuyentes ley 24977 art 59 inciso a,42.2352,46.0,True
2016,mendoza,coparticipacion federal de impuestos neta ley 26075,coparticipacion federal de impuestos neta ley 26075,13552.6616,50.0,True
2016,mendoza,financiamiento educativo ley 26075,financiamiento educativo ley 26075,3904.0711,50.0,True
2016,mendoza,transferencia de servicios ley 24049,transferencia de servicios ley 24049,61.6992,50.0,True
2016,mendoza,impuesto a las ganancias,obras de infraestructura basica social,1013.1053,50.0,True
2016,mendoza,impuesto a las ganancias,excedente obras de caracter social a buenos aires,2243.9549,50.0,True
2016,mendoza,impuesto a las ganancias,ley 24699,18.1548,50.0,True
2016,mendoza,impuesto sobre los bienes personales,ley 24699,433.3758,50.0,True
2016,mendoza,impuesto sobre los activos fondo educacion ley 23906,impuesto sobre los activos fondo educacion ley 23906,0.0411,50.0,True
2016,mendoza,impuesto a los combustibles liquidos ley 23966 y 24699,obras de infraestructura,91.1254,50.0,True
2016,mendoza,impuesto a los combustibles liquidos ley 23966 y 24699,vialidad provincial,195.1767,50.0,True
2016,mendoza,impuesto a los combustibles liquidos ley 23966 y 24699,f.e.d.e.i.,28.46359337,50.0,True
2016,mendoza,impuesto a los combustibles liquidos ley 23966 y 24699,ley 24464 fo.na.vi,426.461,50.0,True
2016,mendoza,regimen de energia electrica ley 24065,fondo para compensaciones de tarifa electrica,9.7769,50.0,True
2016,mendoza,regimen de energia electrica ley 24065,f.e.d.e.i.,7.6743272,50.0,True
2016,mendoza,fondo compensador de desequilibrios,fondo compensador de desequilibrios,26.4,50.0,True
2016,mendoza,regimen simplificado para pequeños contribuyentes ley 24977 art 59 inciso a,regimen simplificado para pequeños contribuyentes ley 24977 art 59 inciso a,85.0602,50.0,True
2016,misiones,coparticipacion federal de impuestos neta ley 26075,coparticipacion federal de impuestos neta ley 26075,10525.538,54.0,True
2016,misiones,financiamiento educativo ley 26075,financiamiento educativo ley 26075,3302.7743,54.0,True
2016,misiones,transferencia de servicios ley 24049,transferencia de servicios ley 24049,34.1004,54.0,True
2016,misiones,impuesto a las ganancias,obras de infraestructura basica social,1193.9159,54.0,True
2016,misiones,impuesto a las ganancias,excedente obras de caracter social a buenos aires,1777.516,54.0,True
2016,misiones,impuesto a las ganancias,ley 24699,14.382,54.0,True
2016,misiones,impuesto sobre los bienes personales,ley 24699,343.2979,54.0,True
2016,misiones,impuesto sobre los bienes personales,ley 23966 art 30,25.4733,54.0,True
2016,misiones,impuesto sobre los activos fondo educacion ley 23906,impuesto sobre los activos fondo educacion ley 23906,0.0306,54.0,True
2016,misiones,i.v.a.ley 23966 art 5 punto 2,i.v.a.ley 23966 art 5 punto 2,81.0483,54.0,True
2016,misiones,impuesto a los combustibles liquidos ley 23966 y 24699,obras de infraestructura,72.1832,54.0,True
2016,misiones,impuesto a los combustibles liquidos ley 23966 y 24699,vialidad provincial,188.7731,54.0,True
2016,misiones,impuesto a los combustibles liquidos ley 23966 y 24699,f.e.d.e.i.,45.55425866,54.0,True
2016,misiones,impuesto a los combustibles liquidos ley 23966 y 24699,ley 24464 fo.na.vi,501.0917,54.0,True
2016,misiones,regimen de energia electrica ley 24065,fondo para compensaciones de tarifa electrica,16.6071,54.0,True
2016,misiones,regimen de energia electrica ley 24065,f.e.d.e.i.,13.11503855,54.0,True
2016,misiones,fondo compensador de desequilibrios,fondo compensador de desequilibrios,26.4,54.0,True
2016,misiones,regimen simplificado para pequeños contribuyentes ley 24977 art 59 inciso a,regimen simplificado para pequeños contribuyentes ley 24977 art 59 inciso a,67.3791,54.0,True
2016,neuquen,coparticipacion federal de impuestos neta ley 26075,coparticipacion federal de impuestos neta ley 26075,5879.9766,58.0,True
2016,neuquen,financiamiento educativo ley 26075,financiamiento educativo ley 26075,1385.5965,58.0,True
2016,neuquen,transferencia de servicios ley 24049,transferencia de servicios ley 24049,17.3988,58.0,True
2016,neuquen,impuesto a las ganancias,obras de infraestructura basica social,384.7258,58.0,True
2016,neuquen,impuesto a las ganancias,excedente obras de caracter social a buenos aires,933.9419,58.0,True
2016,neuquen,impuesto a las ganancias,ley 24699,7.5564,58.0,True
2016,neuquen,impuesto sobre los bienes personales,ley 24699,180.373,58.0,True
2016,neuquen,impuesto sobre los bienes personales,ley 23966 art 30,11.4563,58.0,True
2016,neuquen,impuesto sobre los activos fondo educacion ley 23906,impuesto sobre los activos fondo educacion ley 23906,0.0271,58.0,True
2016,neuquen,i.v.a.ley 23966 art 5 punto 2,i.v.a.ley 23966 art 5 punto 2,36.4497,58.0,True
2016,neuquen,impuesto a los combustibles liquidos ley 23966 y 24699,obras de infraestructura,37.926,58.0,True
2016,neuquen,impuesto a los combustibles liquidos ley 23966 y 24699,vialidad provincial,144.0093,58.0,True
2016,neuquen,impuesto a los combustibles liquidos ley 23966 y 24699,f.e.d.e.i.,32.69257797,58.0,True
2016,neuquen,impuesto a los combustibles liquidos ley 23966 y 24699,ley 24464 fo.na.vi,458.4455,58.0,True
2016,neuquen,regimen de energia electrica ley 24065,fondo para compensaciones de tarifa electrica,16.4914,58.0,True
2016,neuquen,regimen de energia electrica ley 24065,f.e.d.e.i.,8.8150669,58.0,True
2016,neuquen,fondo compensador de desequilibrios,fondo compensador de desequilibrios,30.0,58.0,True
2016,neuquen,regimen simplificado para pequeños contribuyentes ley 24977 art 59 inciso a,regimen simplificado para pequeños contribuyentes ley 24977 art 59 inciso a,35.4016,58.0,True
2016,rio negro,coparticipacion federal de impuestos neta ley 26075,coparticipacion federal de impuestos neta ley 26075,8985.4198,62.0,True
2016,rio negro,financiamiento educativo ley 26075,financiamiento educativo ley 26075,1577.3145,62.0,True
2016,rio negro,transferencia de servicios ley 24049,transferencia de servicios ley 24049,14.6004,62.0,True
2016,rio negro,impuesto a las ganancias,obras de infraestructura basica social,418.7471,62.0,True
2016,rio negro,impuesto a las ganancias,excedente obras de caracter social a buenos aires,1357.7723,62.0,True
2016,rio negro,impuesto a las ganancias,ley 24699,10.9848,62.0,True
2016,rio negro,impuesto sobre los bienes personales,ley 24699,262.2276,62.0,True
2016,rio negro,impuesto sobre los activos fondo educacion ley 23906,impuesto sobre los activos fondo educacion ley 23906,0.0314,62.0,True
2016,rio negro,impuesto a los combustibles liquidos ley 23966 y 24699,obras de infraestructura,55.1387,62.0,True
2016,rio negro,impuesto a los combustibles liquidos ley 23966 y 24699,vialidad provincial,110.2955,62.0,True
2016,rio negro,impuesto a los combustibles liquidos ley 23966 y 24699,f.e.d.e.i.,30.37906645,62.0,True
2016,rio negro,impuesto a los combustibles liquidos ley 23966 y 24699,ley 24464 fo.na.vi,479.7687,62.0,True
2016,rio negro,regimen de energia electrica ley 24065,fondo para compensaciones de tarifa electrica,10.2506,62.0,True
2016,rio negro,regimen de energia electrica ley 24065,f.e.d.e.i.,8.19077562,62.0,True
2016,rio negro,fondo compensador de desequilibrios,fondo compensador de desequilibrios,30.0,62.0,True
2016,rio negro,regimen simplificado para pequeños contribuyentes ley 24977 art 59 inciso a,regimen simplificado para pequeños contribuyentes ley 24977 art 59 inciso a,51.4685,62.0,True
2016,salta,coparticipacion federal de impuestos neta ley 26075,coparticipacion federal de impuestos neta ley 26075,12716.7624,66.0,True
2016,salta,financiamiento educativo ley 26075,financiamiento educativo ley 26075,3328.9178,66.0,True
2016,salta,transferencia de servicios ley 24049,transferencia de servicios ley 24049,39.8004,66.0,True
2016,salta,impuesto a las ganancias,obras de infraestructura basica social,1628.2553,66.0,True
2016,salta,impuesto a las ganancias,excedente obras de caracter social a buenos aires,2062.5809,66.0,True
2016,salta,impuesto a las ganancias,ley 24699,16.6872,66.0,True
2016,salta,impuesto sobre los bienes personales,ley 24699,398.3455,66.0,True
2016,salta,impuesto sobre los activos fondo educacion ley 23906,impuesto sobre los activos fondo educacion ley 23906,0.0417,66.0,True
2016,salta,impuesto a los combustibles liquidos ley 23966 y 24699,obras de infraestructura,83.7603,66.0,True
2016,salta,impuesto a los combustibles liquidos ley 23966 y 24699,vialidad provincial,161.8604,66.0,True
2016,salta,impuesto a los combustibles liquidos ley 23966 y 24699,f.e.d.e.i.,31.07907769,66.0,True
2016,salta,impuesto a los combustibles liquidos ley 23966 y 24699,ley 24464 fo.na.vi,426.461,66.0,True
2016,salta,regimen de energia electrica ley 24065,fondo para compensaciones de tarifa electrica,15.7691,66.0,True
2016,salta,regimen de energia electrica ley 24065,f.e.d.e.i.,8.33950476,66.0,True
2016,salta,fondo compensador de desequilibrios,fondo compensador de desequilibrios,30.0,66.0,True
2016,salta,regimen simplificado para pequeños contribuyentes ley 24977 art 59 inciso a,regimen simplificado para pequeños contribuyentes ley 24977 art 59 inciso a,78.1854,66.0,True
2016,san juan,coparticipacion federal de impuestos neta ley 26075,coparticipacion federal de impuestos neta ley 26075,12076.801,70.0,True
2016,san juan,financiamiento educativo ley 26075,financiamiento educativo ley 26075,2074.0379,70.0,True
2016,san juan,transferencia de servicios ley 24049,transferencia de servicios ley 24049,30.0996,70.0,True
2016,san juan,impuesto a las ganancias,obras de infraestructura basica social,540.2447,70.0,True
2016,san juan,impuesto a las ganancias,excedente obras de caracter social a buenos aires,1818.9752,70.0,True
2016,san juan,impuesto a las ganancias,ley 24699,14.7168,70.0,True
2016,san juan,impuesto sobre los bienes personales,ley 24699,351.3046,70.0,True
2016,san juan,impuesto sobre los activos fondo educacion ley 23906,impuesto sobre los activos fondo educacion ley 23906,0.0236,70.0,True
2016,san juan,impuesto a los combustibles liquidos ley 23966 y 24699,obras de infraestructura,73.8685,70.0,True
2016,san juan,impuesto a los combustibles liquidos ley 23966 y 24699,vialidad provincial,115.0074,70.0,True
2016,san juan,impuesto a los combustibles liquidos ley 23966 y 24699,f.e.d.e.i.,28.79125638,70.0,True
2016,san juan,impuesto a los combustibles liquidos ley 23966 y 24699,ley 24464 fo.na.vi,389.1455,70.0,True
2016,san juan,regimen de energia electrica ley 24065,fondo para compensaciones de tarifa electrica,9.8332,70.0,True
2016,san juan,regimen de energia electrica ley 24065,f.e.d.e.i.,7.76297813,70.0,True
2016,san juan,fondo compensador de desequilibrios,fondo compensador de desequilibrios,26.4,70.0,True
2016,san juan,regimen simplificado para pequeños contribuyentes ley 24977 art 59 inciso a,regimen simplificado para pequeños contribuyentes ley 24977 art 59 inciso a,68.952,70.0,True
2016,san luis,coparticipacion federal de impuestos neta ley 26075,coparticipacion federal de impuestos neta ley 26075,9964.2838,74.0,True
2016,san luis,financiamiento educativo ley 26075,financiamiento educativo ley 26075,1281.023,74.0,True
2016,san luis,transferencia de servicios ley 24049,transferencia de servicios ley 24049,18.9012,74.0,True
2016,san luis,impuesto a las ganancias,obras de infraestructura basica social,263.0601,74.0,True
2016,san luis,impuesto a las ganancias,excedente obras de caracter social a buenos aires,1228.2012,74.0,True
2016,san luis,impuesto a las ganancias,ley 24699,9.9372,74.0,True
2016,san luis,impuesto sobre los bienes personales,ley 24699,237.2058,74.0,True
2016,san luis,impuesto sobre los activos fondo educacion ley 23906,impuesto sobre los activos fondo educacion ley 23906,0.0195,74.0,True
2016,san luis,impuesto a los combustibles liquidos ley 23966 y 24699,obras de infraestructura,49.8759,74.0,True
2016,san luis,impuesto a los combustibles liquidos ley 23966 y 24699,vialidad provincial,88.6938,74.0,True
2016,san luis,impuesto a los combustibles liquidos ley 23966 y 24699,f.e.d.e.i.,28.20431094,74.0,True
2016,san luis,impuesto a los combustibles liquidos ley 23966 y 24699,ley 24464 fo.na.vi,389.1455,74.0,True
2016,san luis,regimen de energia electrica ley 24065,fondo para compensaciones de tarifa electrica,10.9822,74.0,True
2016,san luis,regimen de energia electrica ley 24065,f.e.d.e.i.,7.60479074,74.0,True
2016,san luis,fondo compensador de desequilibrios,fondo compensador de desequilibrios,26.4,74.0,True
2016,san luis,regimen simplificado para pequeños contribuyentes ley 24977 art 59 inciso a,regimen simplificado para pequeños contribuyentes ley 24977 art 59 inciso a,46.5563,74.0,True
2016,santa cruz,coparticipacion federal de impuestos neta ley 26075,coparticipacion federal de impuestos neta ley 26075,5958.223,78.0,True
2016,santa cruz,financiamiento educativo ley 26075,financiamiento educativo ley 26075,662.2979,78.0,True
2016,santa cruz,transferencia de servicios ley 24049,transferencia de servicios ley 24049,8.4996,78.0,True
2016,santa cruz,impuesto a las ganancias,obras de infraestructura basica social,147.3712,78.0,True
2016,santa cruz,impuesto a las ganancias,excedente obras de caracter social a buenos aires,851.0234,78.0,True
2016,santa cruz,impuesto a las ganancias,ley 24699,6.8856,78.0,True
2016,santa cruz,impuesto sobre los bienes personales,ley 24699,164.3591,78.0,True
2016,santa cruz,impuesto sobre los bienes personales,ley 23966 art 30,14.854,78.0,True
2016,santa cruz,impuesto sobre los activos fondo educacion ley 23906,impuesto sobre los activos fondo educacion ley 23906,0.0195,78.0,True
2016,santa cruz,i.v.a.ley 23966 art 5 punto 2,i.v.a.ley 23966 art 5 punto 2,47.2611,78.0,True
2016,santa cruz,impuesto a los combustibles liquidos ley 23966 y 24699,obras de infraestructura,34.5602,78.0,True
2016,santa cruz,impuesto a los combustibles liquidos ley 23966 y 24699,vialidad provincial,112.0436,78.0,True
2016,santa cruz,impuesto a los combustibles liquidos ley 23966 y 24699,f.e.d.e.i.,39.6869883,78.0,True
2016,santa cruz,impuesto a los combustibles liquidos ley 23966 y 24699,ley 24464 fo.na.vi,341.1688,78.0,True
2016,santa cruz,regimen de energia electrica ley 24065,fondo para compensaciones de tarifa electrica,25.0819,78.0,True
2016,santa cruz,regimen de energia electrica ley 24065,transferencia a empresas de energia electrica,43.0,78.0,True
2016,santa cruz,regimen de energia electrica ley 24065,f.e.d.e.i.,10.70036893,78.0,True
2016,santa cruz,fondo compensador de desequilibrios,fondo compensador de desequilibrios,36.0,78.0,True
2016,santa cruz,regimen simplificado para pequeños contribuyentes ley 24977 art 59 inciso a,regimen simplificado para pequeños contribuyentes ley 24977 art 59 inciso a,32.2599,78.0,True
2016,santa fe,coparticipacion federal de impuestos neta ley 26075,coparticipacion federal de impuestos neta ley 26075,38350.4399,82.0,True
2016,santa fe,financiamiento educativo ley 26075,financiamiento educativo ley 26075,5681.8178,82.0,True
2016,santa fe,transferencia de servicios ley 24049,transferencia de servicios ley 24049,135.4896,82.0,True
2016,santa fe,impuesto a las ganancias,obras de infraestructura basica social,1713.0738,82.0,True
2016,santa fe,impuesto a las ganancias,excedente obras de caracter social a buenos aires,4809.1558,82.0,True
2016,santa fe,impuesto a las ganancias,ley 24699,38.91,82.0,True
2016,santa fe,impuesto sobre los bienes personales,ley 24699,928.8056,82.0,True
2016,santa fe,impuesto sobre los bienes personales,ley 23966 art 30,200.3335,82.0,True
2016,santa fe,impuesto sobre los activos fondo educacion ley 23906,impuesto sobre los activos fondo educacion ley 23906,0.0791,82.0,True
2016,santa fe,i.v.a.ley 23966 art 5 punto 2,i.v.a.ley 23966 art 5 punto 2,637.4008,82.0,True
2016,santa fe,impuesto a los combustibles liquidos ley 23966 y 24699,obras de infraestructura,225.2984,82.0,True
2016,santa fe,impuesto a los combustibles liquidos ley 23966 y 24699,vialidad provincial,313.2655,82.0,True
2016,santa fe,impuesto a los combustibles liquidos ley 23966 y 24699,f.e.d.e.i.,25.00630798,82.0,True
2016,santa fe,impuesto a los combustibles liquidos ley 23966 y 24699,ley 24464 fo.na.vi,602.3763,82.0,True
2016,santa fe,regimen de energia electrica ley 24065,fondo para compensaciones de tarifa electrica,8.0123,82.0,True
2016,santa fe,regimen de energia electrica ley 24065,f.e.d.e.i.,6.74217753,82.0,True
2016,santa fe,fondo compensador de desequilibrios,fondo compensador de desequilibrios,6.0,82.0,True
2016,santa fe,regimen simplificado para pequeños contribuyentes ley 24977 art 59 inciso a,regimen simplificado para pequeños contribuyentes ley 24977 art 59 inciso a,182.2998,82.0,True
2016,sgo. del estero,coparticipacion federal de impuestos neta ley 26075,coparticipacion federal de impuestos neta ley 26075,14280.2716,86.0,True
2016,sgo. del estero,financiamiento educativo ley 26075,financiamiento educativo ley 26075,3015.1978,86.0,True
2016,sgo. del estero,transferencia de servicios ley 24049,transferencia de servicios ley 24049,31.5996,86.0,True
2016,sgo. del estero,impuesto a las ganancias,obras de infraestructura basica social,1127.0564,86.0,True
2016,sgo. del estero,impuesto a las ganancias,excedente obras de caracter social a buenos aires,2223.2253,86.0,True
2016,sgo. del estero,impuesto a las ganancias,ley 24699,17.988,86.0,True
2016,sgo. del estero,impuesto sobre los bienes personales,ley 24699,429.3727,86.0,True
2016,sgo. del estero,impuesto sobre los activos fondo educacion ley 23906,impuesto sobre los activos fondo educacion ley 23906,0.0393,86.0,True
2016,sgo. del estero,impuesto a los combustibles liquidos ley 23966 y 24699,obras de infraestructura,90.284,86.0,True
2016,sgo. del estero,impuesto a los combustibles liquidos ley 23966 y 24699,vialidad provincial,180.6405,86.0,True
2016,sgo. del estero,impuesto a los combustibles liquidos ley 23966 y 24699,f.e.d.e.i.,33.34131134,86.0,True
2016,sgo. del estero,impuesto a los combustibles liquidos ley 23966 y 24699,ley 24464 fo.na.vi,458.4455,86.0,True
2016,sgo. del estero,regimen de energia electrica ley 24065,fondo para compensaciones de tarifa electrica,10.5954,86.0,True
2016,sgo. del estero,regimen de energia electrica ley 24065,f.e.d.e.i.,8.98945293,86.0,True
2016,sgo. del estero,fondo compensador de desequilibrios,fondo compensador de desequilibrios,26.4,86.0,True
2016,sgo. del estero,regimen simplificado para pequeños contribuyentes ley 24977 art 59 inciso a,regimen simplificado para pequeños contribuyentes ley 24977 art 59 inciso a,84.2749,86.0,True
2016,tucuman,coparticipacion federal de impuestos neta ley 26075,coparticipacion federal de impuestos neta ley 26075,16273.3574,90.0,True
2016,tucuman,financiamiento educativo ley 26075,financiamiento educativo ley 26075,3642.6378,90.0,True
2016,tucuman,transferencia de servicios ley 24049,transferencia de servicios ley 24049,55.8,90.0,True
2016,tucuman,impuesto a las ganancias,obras de infraestructura basica social,1354.3131,90.0,True
2016,tucuman,impuesto a las ganancias,excedente obras de caracter social a buenos aires,2560.0502,90.0,True
2016,tucuman,impuesto a las ganancias,ley 24699,20.7132,90.0,True
2016,tucuman,impuesto sobre los bienes personales,ley 24699,494.4288,90.0,True
2016,tucuman,impuesto sobre los activos fondo educacion ley 23906,impuesto sobre los activos fondo educacion ley 23906,0.0357,90.0,True
2016,tucuman,impuesto a los combustibles liquidos ley 23966 y 24699,obras de infraestructura,103.9634,90.0,True
2016,tucuman,impuesto a los combustibles liquidos ley 23966 y 24699,vialidad provincial,137.3395,90.0,True
2016,tucuman,impuesto a los combustibles liquidos ley 23966 y 24699,f.e.d.e.i.,25.68006599,90.0,True
2016,tucuman,impuesto a los combustibles liquidos ley 23966 y 24699,ley 24464 fo.na.vi,447.7839,90.0,True
2016,tucuman,regimen de energia electrica ley 24065,fondo para compensaciones de tarifa electrica,7.3876,90.0,True
2016,tucuman,regimen de energia electrica ley 24065,f.e.d.e.i.,6.92383337,90.0,True
2016,tucuman,fondo compensador de desequilibrios,fondo compensador de desequilibrios,26.4,90.0,True
2016,tucuman,regimen simplificado para pequeños contribuyentes ley 24977 art 59 inciso a,regimen simplificado para pequeños contribuyentes ley 24977 art 59 inciso a,97.0435,90.0,True
2016,tierra del fuego,coparticipacion federal de impuestos neta ley 26075,coparticipacion federal de impuestos neta ley 26075,4853.0132,94.0,True
2016,tierra del fuego,financiamiento educativo ley 26075,financiamiento educativo ley 26075,313.72,94.0,True
2016,tierra del fuego,transferencia de servicios ley 24049,transferencia de servicios ley 24049,12.0,94.0,True
2016,tierra del fuego,impuesto a las ganancias,obras de infraestructura basica social,102.9204,94.0,True
2016,tierra del fuego,impuesto a las ganancias,excedente obras de caracter social a buenos aires,663.6899,94.0,True
2016,tierra del fuego,impuesto a las ganancias,ley 24699,5.37,94.0,True
2016,tierra del fuego,impuesto sobre los bienes personales,ley 24699,128.1757,94.0,True
2016,tierra del fuego,impuesto sobre los bienes personales,ley 23966 art 30,1.3175,94.0,True
2016,tierra del fuego,impuesto sobre los activos fondo educacion ley 23906,impuesto sobre los activos fondo educacion ley 23906,0.0093,94.0,True
2016,tierra del fuego,i.v.a.ley 23966 art 5 punto 2,i.v.a.ley 23966 art 5 punto 2,4.1921,94.0,True
2016,tierra del fuego,impuesto a los combustibles liquidos ley 23966 y 24699,obras de infraestructura,26.9522,94.0,True
2016,tierra del fuego,impuesto a los combustibles liquidos ley 23966 y 24699,vialidad provincial,71.7219,94.0,True
2016,tierra del fuego,impuesto a los combustibles liquidos ley 23966 y 24699,f.e.d.e.i.,29.18552879,94.0,True
2016,tierra del fuego,impuesto a los combustibles liquidos ley 23966 y 24699,ley 24464 fo.na.vi,282.5303,94.0,True
2016,tierra del fuego,regimen de energia electrica ley 24065,fondo para compensaciones de tarifa electrica,7.9185,94.0,True
2016,tierra del fuego,regimen de energia electrica ley 24065,f.e.d.e.i.,7.86897448,94.0,True
2016,tierra del fuego,fondo compensador de desequilibrios,fondo compensador de desequilibrios,36.0,94.0,True
2016,tierra del fuego,regimen simplificado para pequeños contribuyentes ley 24977 art 59 inciso a,regimen simplificado para pequeños contribuyentes ley 24977 art 59 inciso a,25.1581,94.0,True
2016,c.a.b.a,coparticipacion federal de impuestos neta ley 26075,coparticipacion federal de impuestos neta ley 26075,23133.2724,2.0,True
2016,c.a.b.a,financiamiento educativo ley 26075,financiamiento educativo ley 26075,4609.9409,2.0,True
2016,c.a.b.a,impuesto sobre los activos fondo educacion ley 23906,impuesto sobre los activos fondo educacion ley 23906,0.0339,2.0,True
2016,c.a.b.a,impuesto a los combustibles liquidos ley 23966 y 24699,ley 24464 fo.na.vi,138.5997,2.0,True
2016,tesoro nacional,coparticipacion federal de impuestos neta ley 26075,coparticipacion federal de impuestos neta ley 26075,275002.0609,,False
2016,tesoro nacional,impuesto sobre los bienes personales,ley 24699,7624.6153,,False
2016,tesoro nacional,impuesto sobre los activos fondo educacion ley 23906,impuesto sobre los activos fondo educacion ley 23906,0.5132,,False
2016,tesoro nacional,impuesto a los combustibles liquidos ley 23966 y 24699,vialidad provincial,7361.529167,,False
2016,seguridad social,coparticipacion federal de impuestos neta ley 26075,coparticipacion federal de impuestos neta ley 26075,101970.1123,,False
2016,seguridad social,impuesto a las ganancias,obras de infraestructura basica social,86365.9406,,False
2016,seguridad social,impuesto a las ganancias,ley 24699,120.0,,False
2016,seguridad social,i.v.a.ley 23966 art 5 punto 2,i.v.a.ley 23966 art 5 punto 2,58259.5107,,False
2016,seguridad social,regimen simplificado para pequeños contribuyentes ley 24977 art 59 inciso a,regimen simplificado para pequeños contribuyentes ley 24977 art 59 inciso a,4810.0941,,False
2016,fondo a.t.n.,coparticipacion federal de impuestos neta ley 26075,coparticipacion federal de impuestos neta ley 26075,7257.9062,,False
2016,fondo a.t.n.,impuesto a las ganancias,obras de infraestructura basica social,8636.5938,,False
2016,fondo a.t.n.,impuesto a las ganancias,ley 24699,20.0,,False
2016,fondo a.t.n.,impuesto sobre los bienes personales,ley 24699,183.1081,,False
2017,buenos aires,coparticipacion federal de impuestos neta ley 26075,coparticipacion federal de impuestos neta ley 26075,91194.2099,6.0,True
2017,buenos aires,financiamiento educativo ley 26075,financiamiento educativo ley 26075,34325.9266,6.0,True
2017,buenos aires,transferencia de servicios ley 24049,transferencia de servicios ley 24049,420.1008,6.0,True
2017,buenos aires,impuesto a las ganancias,obras de infraestructura basica social,650.0,6.0,True
2017,buenos aires,impuesto a las ganancias,ley 24699,95.6088,6.0,True
2017,buenos aires,impuesto sobre los bienes personales,ley 24699,2549.4807,6.0,True
2017,buenos aires,impuesto sobre los bienes personales,ley 23966 art 30,606.957,6.0,True
2017,buenos aires,impuesto sobre los activos fondo educacion ley 23906,impuesto sobre los activos fondo educacion ley 23906,0.1325,6.0,True
2017,buenos aires,i.v.a.ley 23966 art 5 punto 2,i.v.a.ley 23966 art 5 punto 2,2217.3715,6.0,True
2017,buenos aires,impuesto a los combustibles liquidos ley 23966 y 24699,obras de infraestructura,656.933,6.0,True
2017,buenos aires,impuesto a los combustibles liquidos ley 23966 y 24699,vialidad provincial,1622.5439,6.0,True
2017,buenos aires,impuesto a los combustibles liquidos ley 23966 y 24699,f.e.d.e.i.,28.11536243,6.0,True
2017,buenos aires,impuesto a los combustibles liquidos ley 23966 y 24699,ley 24464 fo.na.vi,2212.9553,6.0,True
2017,buenos aires,regimen de energia electrica ley 24065,fondo para compensaciones de tarifa electrica,15.3737,6.0,True
2017,buenos aires,regimen de energia electrica ley 24065,f.e.d.e.i.,13.3381343,6.0,True
2017,buenos aires,regimen simplificado para pequeños contribuyentes ley 24977 art 59 inciso a,regimen simplificado para pequeños contribuyentes ley 24977 art 59 inciso a,678.1283,6.0,True
2017,catamarca,coparticipacion federal de impuestos neta ley 26075,coparticipacion federal de impuestos neta ley 26075,13920.5511,10.0,True
2017,catamarca,financiamiento educativo ley 26075,financiamiento educativo ley 26075,1822.8033,10.0,True
2017,catamarca,transferencia de servicios ley 24049,transferencia de servicios ley 24049,21.3996,10.0,True
2017,catamarca,impuesto a las ganancias,obras de infraestructura basica social,381.3619,10.0,True
2017,catamarca,impuesto a las ganancias,excedente obras de caracter social a buenos aires,1877.2478,10.0,True
2017,catamarca,impuesto a las ganancias,ley 24699,11.9916,10.0,True
2017,catamarca,impuesto sobre los bienes personales,ley 24699,319.7685,10.0,True
2017,catamarca,impuesto sobre los activos fondo educacion ley 23906,impuesto sobre los activos fondo educacion ley 23906,0.01,10.0,True
2017,catamarca,impuesto a los combustibles liquidos ley 23966 y 24699,obras de infraestructura,86.1599,10.0,True
2017,catamarca,impuesto a los combustibles liquidos ley 23966 y 24699,vialidad provincial,135.9518,10.0,True
2017,catamarca,impuesto a los combustibles liquidos ley 23966 y 24699,f.e.d.e.i.,35.71417725,10.0,True
2017,catamarca,impuesto a los combustibles liquidos ley 23966 y 24699,ley 24464 fo.na.vi,320.4971,10.0,True
2017,catamarca,regimen de energia electrica ley 24065,fondo para compensaciones de tarifa electrica,18.0499,10.0,True
2017,catamarca,regimen de energia electrica ley 24065,f.e.d.e.i.,18.18996959,10.0,True
2017,catamarca,fondo compensador de desequilibrios,fondo compensador de desequilibrios,26.4,10.0,True
2017,catamarca,regimen simplificado para pequeños contribuyentes ley 24977 art 59 inciso a,regimen simplificado para pequeños contribuyentes ley 24977 art 59 inciso a,85.0555,10.0,True
2017,cordoba,coparticipacion federal de impuestos neta ley 26075,coparticipacion federal de impuestos neta ley 26075,47944.2215,14.0,True
2017,cordoba,financiamiento educativo ley 26075,financiamiento educativo ley 26075,7842.2925,14.0,True
2017,cordoba,transferencia de servicios ley 24049,transferencia de servicios ley 24049,125.3004,14.0,True
2017,cordoba,impuesto a las ganancias,obras de infraestructura basica social,2055.634,14.0,True
2017,cordoba,impuesto a las ganancias,excedente obras de caracter social a buenos aires,6051.725,14.0,True
2017,cordoba,impuesto a las ganancias,ley 24699,38.658,14.0,True
2017,cordoba,impuesto sobre los bienes personales,ley 24699,1030.8619,14.0,True
2017,cordoba,impuesto sobre los bienes personales,ley 23966 art 30,207.2783,14.0,True
2017,cordoba,impuesto sobre los activos fondo educacion ley 23906,impuesto sobre los activos fondo educacion ley 23906,0.0366,14.0,True
2017,cordoba,i.v.a.ley 23966 art 5 punto 2,i.v.a.ley 23966 art 5 punto 2,757.2422,14.0,True
2017,cordoba,impuesto a los combustibles liquidos ley 23966 y 24699,obras de infraestructura,277.7575,14.0,True
2017,cordoba,impuesto a los combustibles liquidos ley 23966 y 24699,vialidad provincial,476.7482,14.0,True
2017,cordoba,impuesto a los combustibles liquidos ley 23966 y 24699,f.e.d.e.i.,23.69656945,14.0,True
2017,cordoba,impuesto a los combustibles liquidos ley 23966 y 24699,ley 24464 fo.na.vi,862.2897,14.0,True
2017,cordoba,regimen de energia electrica ley 24065,fondo para compensaciones de tarifa electrica,13.1082,14.0,True
2017,cordoba,regimen de energia electrica ley 24065,f.e.d.e.i.,12.06915356,14.0,True
2017,cordoba,fondo compensador de desequilibrios,fondo compensador de desequilibrios,6.0,14.0,True
2017,cordoba,regimen simplificado para pequeños contribuyentes ley 24977 art 59 inciso a,regimen simplificado para pequeños contribuyentes ley 24977 art 59 inciso a,274.1975,14.0,True
2017,corrientes,coparticipacion federal de impuestos neta ley 26075,coparticipacion federal de impuestos neta ley 26075,17824.9688,18.0,True
2017,corrientes,financiamiento educativo ley 26075,financiamiento educativo ley 26075,3423.0546,18.0,True
2017,corrientes,transferencia de servicios ley 24049,transferencia de servicios ley 24049,38.6004,18.0,True
2017,corrientes,impuesto a las ganancias,obras de infraestructura basica social,1404.0041,18.0,True
2017,corrientes,impuesto a las ganancias,excedente obras de caracter social a buenos aires,2533.6375,18.0,True
2017,corrientes,impuesto a las ganancias,ley 24699,16.1844,18.0,True
2017,corrientes,impuesto sobre los bienes personales,ley 24699,431.5755,18.0,True
2017,corrientes,impuesto sobre los bienes personales,ley 23966 art 30,66.278,18.0,True
2017,corrientes,impuesto sobre los activos fondo educacion ley 23906,impuesto sobre los activos fondo educacion ley 23906,0.0165,18.0,True
2017,corrientes,i.v.a.ley 23966 art 5 punto 2,i.v.a.ley 23966 art 5 punto 2,242.1309,18.0,True
2017,corrientes,impuesto a los combustibles liquidos ley 23966 y 24699,obras de infraestructura,116.2844,18.0,True
2017,corrientes,impuesto a los combustibles liquidos ley 23966 y 24699,vialidad provincial,187.8885,18.0,True
2017,corrientes,impuesto a los combustibles liquidos ley 23966 y 24699,f.e.d.e.i.,29.99973132,18.0,True
2017,corrientes,impuesto a los combustibles liquidos ley 23966 y 24699,ley 24464 fo.na.vi,755.4574,18.0,True
2017,corrientes,regimen de energia electrica ley 24065,fondo para compensaciones de tarifa electrica,18.3701,18.0,True
2017,corrientes,regimen de energia electrica ley 24065,f.e.d.e.i.,15.27948399,18.0,True
2017,corrientes,fondo compensador de desequilibrios,fondo compensador de desequilibrios,18.0,18.0,True
2017,corrientes,regimen simplificado para pequeños contribuyentes ley 24977 art 59 inciso a,regimen simplificado para pequeños contribuyentes ley 24977 art 59 inciso a,114.794,18.0,True
2017,chaco,coparticipacion federal de impuestos neta ley 26075,coparticipacion federal de impuestos neta ley 26075,24603.6384,22.0,True
2017,chaco,financiamiento educativo ley 26075,financiamiento educativo ley 26075,3910.5487,22.0,True
2017,chaco,transferencia de servicios ley 24049,transferencia de servicios ley 24049,33.6,22.0,True
2017,chaco,impuesto a las ganancias,obras de infraestructura basica social,1750.3916,22.0,True
2017,chaco,impuesto a las ganancias,excedente obras de caracter social a buenos aires,3400.018,22.0,True
2017,chaco,impuesto a las ganancias,ley 24699,21.7188,22.0,True
2017,chaco,impuesto sobre los bienes personales,ley 24699,579.161,22.0,True
2017,chaco,impuesto sobre los bienes personales,ley 23966 art 30,52.1057,22.0,True
2017,chaco,impuesto sobre los activos fondo educacion ley 23906,impuesto sobre los activos fondo educacion ley 23906,0.0214,22.0,True
2017,chaco,i.v.a.ley 23966 art 5 punto 2,i.v.a.ley 23966 art 5 punto 2,190.356,22.0,True
2017,chaco,impuesto a los combustibles liquidos ley 23966 y 24699,obras de infraestructura,156.0513,22.0,True
2017,chaco,impuesto a los combustibles liquidos ley 23966 y 24699,vialidad provincial,247.3517,22.0,True
2017,chaco,impuesto a los combustibles liquidos ley 23966 y 24699,f.e.d.e.i.,31.8623095,22.0,True
2017,chaco,impuesto a los combustibles liquidos ley 23966 y 24699,ley 24464 fo.na.vi,702.0411,22.0,True
2017,chaco,regimen de energia electrica ley 24065,fondo para compensaciones de tarifa electrica,18.7585,22.0,True
2017,chaco,regimen de energia electrica ley 24065,f.e.d.e.i.,16.22813366,22.0,True
2017,chaco,fondo compensador de desequilibrios,fondo compensador de desequilibrios,6.0,22.0,True
2017,chaco,regimen simplificado para pequeños contribuyentes ley 24977 art 59 inciso a,regimen simplificado para pequeños contribuyentes ley 24977 art 59 inciso a,154.0512,22.0,True
2017,chubut,coparticipacion federal de impuestos neta ley 26075,coparticipacion federal de impuestos neta ley 26075,7421.4839,26.0,True
2017,chubut,financiamiento educativo ley 26075,financiamiento educativo ley 26075,1600.2516,26.0,True
2017,chubut,transferencia de servicios ley 24049,transferencia de servicios ley 24049,24.2004,26.0,True
2017,chubut,impuesto a las ganancias,obras de infraestructura basica social,385.4499,26.0,True
2017,chubut,impuesto a las ganancias,excedente obras de caracter social a buenos aires,1077.8812,26.0,True
2017,chubut,impuesto a las ganancias,ley 24699,6.8856,26.0,True
2017,chubut,impuesto sobre los bienes personales,ley 24699,183.606,26.0,True
2017,chubut,impuesto sobre los bienes personales,ley 23966 art 30,20.3826,26.0,True
2017,chubut,impuesto sobre los activos fondo educacion ley 23906,impuesto sobre los activos fondo educacion ley 23906,0.01,26.0,True
2017,chubut,i.v.a.ley 23966 art 5 punto 2,i.v.a.ley 23966 art 5 punto 2,74.4637,26.0,True
2017,chubut,impuesto a los combustibles liquidos ley 23966 y 24699,obras de infraestructura,49.4721,26.0,True
2017,chubut,impuesto a los combustibles liquidos ley 23966 y 24699,vialidad provincial,206.8695,26.0,True
2017,chubut,impuesto a los combustibles liquidos ley 23966 y 24699,f.e.d.e.i.,33.40708851,26.0,True
2017,chubut,impuesto a los combustibles liquidos ley 23966 y 24699,ley 24464 fo.na.vi,488.3763,26.0,True
2017,chubut,regimen de energia electrica ley 24065,fondo para compensaciones de tarifa electrica,28.3007,26.0,True
2017,chubut,regimen de energia electrica ley 24065,f.e.d.e.i.,17.01492152,26.0,True
2017,chubut,fondo compensador de desequilibrios,fondo compensador de desequilibrios,36.0,26.0,True
2017,chubut,regimen simplificado para pequeños contribuyentes ley 24977 art 59 inciso a,regimen simplificado para pequeños contribuyentes ley 24977 art 59 inciso a,48.8381,26.0,True
2017,entre rios,coparticipacion federal de impuestos neta ley 26075,coparticipacion federal de impuestos neta ley 26075,24432.6302,30.0,True
2017,entre rios,financiamiento educativo ley 26075,financiamiento educativo ley 26075,3476.0435,30.0,True
2017,entre rios,transferencia de servicios ley 24049,transferencia de servicios ley 24049,67.4988,30.0,True
2017,entre rios,impuesto a las ganancias,obras de infraestructura basica social,1021.5379,30.0,True
2017,entre rios,impuesto a las ganancias,excedente obras de caracter social a buenos aires,3327.8288,30.0,True
2017,entre rios,impuesto a las ganancias,ley 24699,21.258,30.0,True
2017,entre rios,impuesto sobre los bienes personales,ley 24699,566.8622,30.0,True
2017,entre rios,impuesto sobre los bienes personales,ley 23966 art 30,89.9541,30.0,True
2017,entre rios,impuesto sobre los activos fondo educacion ley 23906,impuesto sobre los activos fondo educacion ley 23906,0.0171,30.0,True
2017,entre rios,i.v.a.ley 23966 art 5 punto 2,i.v.a.ley 23966 art 5 punto 2,328.6264,30.0,True
2017,entre rios,impuesto a los combustibles liquidos ley 23966 y 24699,obras de infraestructura,152.7351,30.0,True
2017,entre rios,impuesto a los combustibles liquidos ley 23966 y 24699,vialidad provincial,238.3376,30.0,True
2017,entre rios,impuesto a los combustibles liquidos ley 23966 y 24699,f.e.d.e.i.,27.38424955,30.0,True
2017,entre rios,impuesto a los combustibles liquidos ley 23966 y 24699,ley 24464 fo.na.vi,595.2086,30.0,True
2017,entre rios,regimen de energia electrica ley 24065,fondo para compensaciones de tarifa electrica,18.8064,30.0,True
2017,entre rios,regimen de energia electrica ley 24065,f.e.d.e.i.,13.96589624,30.0,True
2017,entre rios,fondo compensador de desequilibrios,fondo compensador de desequilibrios,21.6,30.0,True
2017,entre rios,regimen simplificado para pequeños contribuyentes ley 24977 art 59 inciso a,regimen simplificado para pequeños contribuyentes ley 24977 art 59 inciso a,150.7774,30.0,True
2017,formosa,coparticipacion federal de impuestos neta ley 26075,coparticipacion federal de impuestos neta ley 26075,18497.353,34.0,True
2017,formosa,financiamiento educativo ley 26075,financiamiento educativo ley 26075,2310.2971,34.0,True
2017,formosa,transferencia de servicios ley 24049,transferencia de servicios ley 24049,20.7012,34.0,True
2017,formosa,impuesto a las ganancias,obras de infraestructura basica social,960.6412,34.0,True
2017,formosa,impuesto a las ganancias,excedente obras de caracter social a buenos aires,2481.1263,34.0,True
2017,formosa,impuesto a las ganancias,ley 24699,15.8496,34.0,True
2017,formosa,impuesto sobre los bienes personales,ley 24699,422.631,34.0,True
2017,formosa,impuesto sobre los bienes personales,ley 23966 art 30,24.2718,34.0,True
2017,formosa,impuesto sobre los activos fondo educacion ley 23906,impuesto sobre los activos fondo educacion ley 23906,0.0116,34.0,True
2017,formosa,i.v.a.ley 23966 art 5 punto 2,i.v.a.ley 23966 art 5 punto 2,88.6715,34.0,True
2017,formosa,impuesto a los combustibles liquidos ley 23966 y 24699,obras de infraestructura,113.8756,34.0,True
2017,formosa,impuesto a los combustibles liquidos ley 23966 y 24699,vialidad provincial,157.6447,34.0,True
2017,formosa,impuesto a los combustibles liquidos ley 23966 y 24699,f.e.d.e.i.,36.81854779,34.0,True
2017,formosa,impuesto a los combustibles liquidos ley 23966 y 24699,ley 24464 fo.na.vi,610.4705,34.0,True
2017,formosa,regimen de energia electrica ley 24065,fondo para compensaciones de tarifa electrica,19.8701,34.0,True
2017,formosa,regimen de energia electrica ley 24065,f.e.d.e.i.,18.75244884,34.0,True
2017,formosa,fondo compensador de desequilibrios,fondo compensador de desequilibrios,26.4,34.0,True
2017,formosa,regimen simplificado para pequeños contribuyentes ley 24977 art 59 inciso a,regimen simplificado para pequeños contribuyentes ley 24977 art 59 inciso a,112.4158,34.0,True
2017,jujuy,coparticipacion federal de impuestos neta ley 26075,coparticipacion federal de impuestos neta ley 26075,14023.8566,38.0,True
2017,jujuy,financiamiento educativo ley 26075,financiamiento educativo ley 26075,2214.918,38.0,True
2017,jujuy,transferencia de servicios ley 24049,transferencia de servicios ley 24049,33.3,38.0,True
2017,jujuy,impuesto a las ganancias,obras de infraestructura basica social,872.9697,38.0,True
2017,jujuy,impuesto a las ganancias,excedente obras de caracter social a buenos aires,1936.3362,38.0,True
2017,jujuy,impuesto a las ganancias,ley 24699,12.3696,38.0,True
2017,jujuy,impuesto sobre los bienes personales,ley 24699,329.8312,38.0,True
2017,jujuy,impuesto sobre los activos fondo educacion ley 23906,impuesto sobre los activos fondo educacion ley 23906,0.0106,38.0,True
2017,jujuy,impuesto a los combustibles liquidos ley 23966 y 24699,obras de infraestructura,88.8693,38.0,True
2017,jujuy,impuesto a los combustibles liquidos ley 23966 y 24699,vialidad provincial,147.9557,38.0,True
2017,jujuy,impuesto a los combustibles liquidos ley 23966 y 24699,f.e.d.e.i.,29.27912366,38.0,True
2017,jujuy,impuesto a los combustibles liquidos ley 23966 y 24699,ley 24464 fo.na.vi,457.8529,38.0,True
2017,jujuy,regimen de energia electrica ley 24065,fondo para compensaciones de tarifa electrica,19.7694,38.0,True
2017,jujuy,regimen de energia electrica ley 24065,f.e.d.e.i.,15.13255535,38.0,True
2017,jujuy,fondo compensador de desequilibrios,fondo compensador de desequilibrios,26.4,38.0,True
2017,jujuy,regimen simplificado para pequeños contribuyentes ley 24977 art 59 inciso a,regimen simplificado para pequeños contribuyentes ley 24977 art 59 inciso a,87.73,38.0,True
2017,la pampa,coparticipacion federal de impuestos neta ley 26075,coparticipacion federal de impuestos neta ley 26075,9412.6602,42.0,True
2017,la pampa,financiamiento educativo ley 26075,financiamiento educativo ley 26075,1208.1371,42.0,True
2017,la pampa,transferencia de servicios ley 24049,transferencia de servicios ley 24049,19.2,42.0,True
2017,la pampa,impuesto a las ganancias,obras de infraestructura basica social,131.9776,42.0,True
2017,la pampa,impuesto a las ganancias,excedente obras de caracter social a buenos aires,1298.5593,42.0,True
2017,la pampa,impuesto a las ganancias,ley 24699,8.1756,42.0,True
2017,la pampa,impuesto sobre los bienes personales,ley 24699,221.5828,42.0,True
2017,la pampa,impuesto sobre los bienes personales,ley 23966 art 30,17.8455,42.0,True
2017,la pampa,impuesto sobre los activos fondo educacion ley 23906,impuesto sobre los activos fondo educacion ley 23906,0.0089,42.0,True
2017,la pampa,i.v.a.ley 23966 art 5 punto 2,i.v.a.ley 23966 art 5 punto 2,65.0466,42.0,True
2017,la pampa,impuesto a los combustibles liquidos ley 23966 y 24699,obras de infraestructura,59.5236,42.0,True
2017,la pampa,impuesto a los combustibles liquidos ley 23966 y 24699,vialidad provincial,152.0016,42.0,True
2017,la pampa,impuesto a los combustibles liquidos ley 23966 y 24699,f.e.d.e.i.,26.37531244,42.0,True
2017,la pampa,impuesto a los combustibles liquidos ley 23966 y 24699,ley 24464 fo.na.vi,309.2834,42.0,True
2017,la pampa,regimen de energia electrica ley 24065,fondo para compensaciones de tarifa electrica,25.4886,42.0,True
2017,la pampa,regimen de energia electrica ley 24065,f.e.d.e.i.,13.43349276,42.0,True
2017,la pampa,fondo compensador de desequilibrios,fondo compensador de desequilibrios,30.0,42.0,True
2017,la pampa,regimen simplificado para pequeños contribuyentes ley 24977 art 59 inciso a,regimen simplificado para pequeños contribuyentes ley 24977 art 59 inciso a,58.7883,42.0,True
2017,la rioja,coparticipacion federal de impuestos neta ley 26075,coparticipacion federal de impuestos neta ley 26075,10436.1435,46.0,True
2017,la rioja,financiamiento educativo ley 26075,financiamiento educativo ley 26075,1398.8953,46.0,True
2017,la rioja,transferencia de servicios ley 24049,transferencia de servicios ley 24049,20.2992,46.0,True
2017,la rioja,impuesto a las ganancias,obras de infraestructura basica social,370.8271,46.0,True
2017,la rioja,impuesto a las ganancias,excedente obras de caracter social a buenos aires,1411.2245,46.0,True
2017,la rioja,impuesto a las ganancias,ley 24699,9.0144,46.0,True
2017,la rioja,impuesto sobre los bienes personales,ley 24699,240.3855,46.0,True
2017,la rioja,impuesto sobre los activos fondo educacion ley 23906,impuesto sobre los activos fondo educacion ley 23906,0.0085,46.0,True
2017,la rioja,impuesto a los combustibles liquidos ley 23966 y 24699,obras de infraestructura,64.7699,46.0,True
2017,la rioja,impuesto a los combustibles liquidos ley 23966 y 24699,vialidad provincial,142.3543,46.0,True
2017,la rioja,impuesto a los combustibles liquidos ley 23966 y 24699,f.e.d.e.i.,34.75004823,46.0,True
2017,la rioja,impuesto a los combustibles liquidos ley 23966 y 24699,ley 24464 fo.na.vi,305.2352,46.0,True
2017,la rioja,regimen de energia electrica ley 24065,fondo para compensaciones de tarifa electrica,21.2492,46.0,True
2017,la rioja,regimen de energia electrica ley 24065,f.e.d.e.i.,17.69891845,46.0,True
2017,la rioja,fondo compensador de desequilibrios,fondo compensador de desequilibrios,26.4,46.0,True
2017,la rioja,regimen simplificado para pequeños contribuyentes ley 24977 art 59 inciso a,regimen simplificado para pequeños contribuyentes ley 24977 art 59 inciso a,63.9399,46.0,True
2017,mendoza,coparticipacion federal de impuestos neta ley 26075,coparticipacion federal de impuestos neta ley 26075,19076.854,50.0,True
2017,mendoza,financiamiento educativo ley 26075,financiamiento educativo ley 26075,4758.3643,50.0,True
2017,mendoza,transferencia de servicios ley 24049,transferencia de servicios ley 24049,61.6992,50.0,True
2017,mendoza,impuesto a las ganancias,obras de infraestructura basica social,1280.0876,50.0,True
2017,mendoza,impuesto a las ganancias,excedente obras de caracter social a buenos aires,2842.1272,50.0,True
2017,mendoza,impuesto a las ganancias,ley 24699,18.1548,50.0,True
2017,mendoza,impuesto sobre los bienes personales,ley 24699,484.125,50.0,True
2017,mendoza,impuesto sobre los activos fondo educacion ley 23906,impuesto sobre los activos fondo educacion ley 23906,0.018,50.0,True
2017,mendoza,impuesto a los combustibles liquidos ley 23966 y 24699,obras de infraestructura,130.4444,50.0,True
2017,mendoza,impuesto a los combustibles liquidos ley 23966 y 24699,vialidad provincial,282.7892,50.0,True
2017,mendoza,impuesto a los combustibles liquidos ley 23966 y 24699,f.e.d.e.i.,26.97277586,50.0,True
2017,mendoza,impuesto a los combustibles liquidos ley 23966 y 24699,ley 24464 fo.na.vi,610.4705,50.0,True
2017,mendoza,regimen de energia electrica ley 24065,fondo para compensaciones de tarifa electrica,14.6774,50.0,True
2017,mendoza,regimen de energia electrica ley 24065,f.e.d.e.i.,13.73779305,50.0,True
2017,mendoza,fondo compensador de desequilibrios,fondo compensador de desequilibrios,26.4,50.0,True
2017,mendoza,regimen simplificado para pequeños contribuyentes ley 24977 art 59 inciso a,regimen simplificado para pequeños contribuyentes ley 24977 art 59 inciso a,128.7723,50.0,True
2017,misiones,coparticipacion federal de impuestos neta ley 26075,coparticipacion federal de impuestos neta ley 26075,14822.0995,54.0,True
2017,misiones,financiamiento educativo ley 26075,financiamiento educativo ley 26075,4058.9162,54.0,True
2017,misiones,transferencia de servicios ley 24049,transferencia de servicios ley 24049,34.1004,54.0,True
2017,misiones,impuesto a las ganancias,obras de infraestructura basica social,1508.5468,54.0,True
2017,misiones,impuesto a las ganancias,excedente obras de caracter social a buenos aires,2251.3496,54.0,True
2017,misiones,impuesto a las ganancias,ley 24699,14.382,54.0,True
2017,misiones,impuesto sobre los bienes personales,ley 24699,383.4985,54.0,True
2017,misiones,impuesto sobre los bienes personales,ley 23966 art 30,28.4563,54.0,True
2017,misiones,impuesto sobre los activos fondo educacion ley 23906,impuesto sobre los activos fondo educacion ley 23906,0.0135,54.0,True
2017,misiones,i.v.a.ley 23966 art 5 punto 2,i.v.a.ley 23966 art 5 punto 2,103.9577,54.0,True
2017,misiones,impuesto a los combustibles liquidos ley 23966 y 24699,obras de infraestructura,103.3293,54.0,True
2017,misiones,impuesto a los combustibles liquidos ley 23966 y 24699,vialidad provincial,267.2851,54.0,True
2017,misiones,impuesto a los combustibles liquidos ley 23966 y 24699,f.e.d.e.i.,46.9222143,54.0,True
2017,misiones,impuesto a los combustibles liquidos ley 23966 y 24699,ley 24464 fo.na.vi,717.3027,54.0,True
2017,misiones,regimen de energia electrica ley 24065,fondo para compensaciones de tarifa electrica,28.9379,54.0,True
2017,misiones,regimen de energia electrica ley 24065,f.e.d.e.i.,26.37901853,54.0,True
2017,misiones,fondo compensador de desequilibrios,fondo compensador de desequilibrios,26.4,54.0,True
2017,misiones,regimen simplificado para pequeños contribuyentes ley 24977 art 59 inciso a,regimen simplificado para pequeños contribuyentes ley 24977 art 59 inciso a,102.0049,54.0,True
2017,neuquen,coparticipacion federal de impuestos neta ley 26075,coparticipacion federal de impuestos neta ley 26075,8214.1001,58.0,True
2017,neuquen,financiamiento educativo ley 26075,financiamiento educativo ley 26075,1706.2289,58.0,True
2017,neuquen,transferencia de servicios ley 24049,transferencia de servicios ley 24049,17.3988,58.0,True
2017,neuquen,impuesto a las ganancias,obras de infraestructura basica social,486.112,58.0,True
2017,neuquen,impuesto a las ganancias,excedente obras de caracter social a buenos aires,1182.9032,58.0,True
2017,neuquen,impuesto a las ganancias,ley 24699,7.5564,58.0,True
2017,neuquen,impuesto sobre los bienes personales,ley 24699,201.4952,58.0,True
2017,neuquen,impuesto sobre los bienes personales,ley 23966 art 30,12.7976,58.0,True
2017,neuquen,impuesto sobre los activos fondo educacion ley 23906,impuesto sobre los activos fondo educacion ley 23906,0.012,58.0,True
2017,neuquen,i.v.a.ley 23966 art 5 punto 2,i.v.a.ley 23966 art 5 punto 2,46.7526,58.0,True
2017,neuquen,impuesto a los combustibles liquidos ley 23966 y 24699,obras de infraestructura,54.2901,58.0,True
2017,neuquen,impuesto a los combustibles liquidos ley 23966 y 24699,vialidad provincial,202.8182,58.0,True
2017,neuquen,impuesto a los combustibles liquidos ley 23966 y 24699,f.e.d.e.i.,30.9821075,58.0,True
2017,neuquen,impuesto a los combustibles liquidos ley 23966 y 24699,ley 24464 fo.na.vi,656.2556,58.0,True
2017,neuquen,regimen de energia electrica ley 24065,fondo para compensaciones de tarifa electrica,23.0269,58.0,True
2017,neuquen,regimen de energia electrica ley 24065,f.e.d.e.i.,15.77982908,58.0,True
2017,neuquen,fondo compensador de desequilibrios,fondo compensador de desequilibrios,30.0,58.0,True
2017,neuquen,regimen simplificado para pequeños contribuyentes ley 24977 art 59 inciso a,regimen simplificado para pequeños contribuyentes ley 24977 art 59 inciso a,53.5942,58.0,True
2017,rio negro,coparticipacion federal de impuestos neta ley 26075,coparticipacion federal de impuestos neta ley 26075,12504.0511,62.0,True
2017,rio negro,financiamiento educativo ley 26075,financiamiento educativo ley 26075,1918.1821,62.0,True
2017,rio negro,transferencia de servicios ley 24049,transferencia de servicios ley 24049,14.6004,62.0,True
2017,rio negro,impuesto a las ganancias,obras de infraestructura basica social,529.0986,62.0,True
2017,rio negro,impuesto a las ganancias,excedente obras de caracter social a buenos aires,1719.7141,62.0,True
2017,rio negro,impuesto a las ganancias,ley 24699,10.9848,62.0,True
2017,rio negro,impuesto sobre los bienes personales,ley 24699,292.9345,62.0,True
2017,rio negro,impuesto sobre los activos fondo educacion ley 23906,impuesto sobre los activos fondo educacion ley 23906,0.0139,62.0,True
2017,rio negro,impuesto a los combustibles liquidos ley 23966 y 24699,obras de infraestructura,78.9299,62.0,True
2017,rio negro,impuesto a los combustibles liquidos ley 23966 y 24699,vialidad provincial,165.0744,62.0,True
2017,rio negro,impuesto a los combustibles liquidos ley 23966 y 24699,f.e.d.e.i.,28.78792334,62.0,True
2017,rio negro,impuesto a los combustibles liquidos ley 23966 y 24699,ley 24464 fo.na.vi,686.7793,62.0,True
2017,rio negro,regimen de energia electrica ley 24065,fondo para compensaciones de tarifa electrica,14.5229,62.0,True
2017,rio negro,regimen de energia electrica ley 24065,f.e.d.e.i.,14.66228506,62.0,True
2017,rio negro,fondo compensador de desequilibrios,fondo compensador de desequilibrios,30.0,62.0,True
2017,rio negro,regimen simplificado para pequeños contribuyentes ley 24977 art 59 inciso a,regimen simplificado para pequeños contribuyentes ley 24977 art 59 inciso a,77.9183,62.0,True
2017,salta,coparticipacion federal de impuestos neta ley 26075,coparticipacion federal de impuestos neta ley 26075,17870.8629,66.0,True
2017,salta,financiamiento educativo ley 26075,financiamiento educativo ley 26075,4037.7212,66.0,True
2017,salta,transferencia de servicios ley 24049,transferencia de servicios ley 24049,39.8004,66.0,True
2017,salta,impuesto a las ganancias,obras de infraestructura basica social,2057.3473,66.0,True
2017,salta,impuesto a las ganancias,excedente obras de caracter social a buenos aires,2612.4043,66.0,True
2017,salta,impuesto a las ganancias,ley 24699,16.6872,66.0,True
2017,salta,impuesto sobre los bienes personales,ley 24699,444.9926,66.0,True
2017,salta,impuesto sobre los activos fondo educacion ley 23906,impuesto sobre los activos fondo educacion ley 23906,0.0184,66.0,True
2017,salta,impuesto a los combustibles liquidos ley 23966 y 24699,obras de infraestructura,119.9009,66.0,True
2017,salta,impuesto a los combustibles liquidos ley 23966 y 24699,vialidad provincial,213.6406,66.0,True
2017,salta,impuesto a los combustibles liquidos ley 23966 y 24699,f.e.d.e.i.,29.45127059,66.0,True
2017,salta,impuesto a los combustibles liquidos ley 23966 y 24699,ley 24464 fo.na.vi,610.4705,66.0,True
2017,salta,regimen de energia electrica ley 24065,fondo para compensaciones de tarifa electrica,18.8514,66.0,True
2017,salta,regimen de energia electrica ley 24065,f.e.d.e.i.,15.04014917,66.0,True
2017,salta,fondo compensador de desequilibrios,fondo compensador de desequilibrios,30.0,66.0,True
2017,salta,regimen simplificado para pequeños contribuyentes ley 24977 art 59 inciso a,regimen simplificado para pequeños contribuyentes ley 24977 art 59 inciso a,118.3644,66.0,True
2017,san juan,coparticipacion federal de impuestos neta ley 26075,coparticipacion federal de impuestos neta ley 26075,16777.943,70.0,True
2017,san juan,financiamiento educativo ley 26075,financiamiento educativo ley 26075,2543.4463,70.0,True
2017,san juan,transferencia de servicios ley 24049,transferencia de servicios ley 24049,30.0996,70.0,True
2017,san juan,impuesto a las ganancias,obras de infraestructura basica social,682.6148,70.0,True
2017,san juan,impuesto a las ganancias,excedente obras de caracter social a buenos aires,2303.8605,70.0,True
2017,san juan,impuesto a las ganancias,ley 24699,14.7168,70.0,True
2017,san juan,impuesto sobre los bienes personales,ley 24699,392.4432,70.0,True
2017,san juan,impuesto sobre los activos fondo educacion ley 23906,impuesto sobre los activos fondo educacion ley 23906,0.0101,70.0,True
2017,san juan,impuesto a los combustibles liquidos ley 23966 y 24699,obras de infraestructura,105.7413,70.0,True
2017,san juan,impuesto a los combustibles liquidos ley 23966 y 24699,vialidad provincial,169.5821,70.0,True
2017,san juan,impuesto a los combustibles liquidos ley 23966 y 24699,f.e.d.e.i.,27.2843557,70.0,True
2017,san juan,impuesto a los combustibles liquidos ley 23966 y 24699,ley 24464 fo.na.vi,557.0544,70.0,True
2017,san juan,regimen de energia electrica ley 24065,fondo para compensaciones de tarifa electrica,14.7163,70.0,True
2017,san juan,regimen de energia electrica ley 24065,f.e.d.e.i.,13.89648746,70.0,True
2017,san juan,fondo compensador de desequilibrios,fondo compensador de desequilibrios,26.4,70.0,True
2017,san juan,regimen simplificado para pequeños contribuyentes ley 24977 art 59 inciso a,regimen simplificado para pequeños contribuyentes ley 24977 art 59 inciso a,104.3859,70.0,True
2017,san luis,coparticipacion federal de impuestos neta ley 26075,coparticipacion federal de impuestos neta ley 26075,12926.62,74.0,True
2017,san luis,financiamiento educativo ley 26075,financiamiento educativo ley 26075,1557.8606,74.0,True
2017,san luis,transferencia de servicios ley 24049,transferencia de servicios ley 24049,18.9012,74.0,True
2017,san luis,impuesto a las ganancias,obras de infraestructura basica social,332.3844,74.0,True
2017,san luis,impuesto a las ganancias,excedente obras de caracter social a buenos aires,1555.6034,74.0,True
2017,san luis,impuesto a las ganancias,ley 24699,9.9372,74.0,True
2017,san luis,impuesto sobre los bienes personales,ley 24699,264.983,74.0,True
2017,san luis,impuesto sobre los activos fondo educacion ley 23906,impuesto sobre los activos fondo educacion ley 23906,0.0085,74.0,True
2017,san luis,impuesto a los combustibles liquidos ley 23966 y 24699,obras de infraestructura,71.3964,74.0,True
2017,san luis,impuesto a los combustibles liquidos ley 23966 y 24699,vialidad provincial,144.1907,74.0,True
2017,san luis,impuesto a los combustibles liquidos ley 23966 y 24699,f.e.d.e.i.,26.72837722,74.0,True
2017,san luis,impuesto a los combustibles liquidos ley 23966 y 24699,ley 24464 fo.na.vi,557.0544,74.0,True
2017,san luis,regimen de energia electrica ley 24065,fondo para compensaciones de tarifa electrica,16.2874,74.0,True
2017,san luis,regimen de energia electrica ley 24065,f.e.d.e.i.,13.61331631,74.0,True
2017,san luis,fondo compensador de desequilibrios,fondo compensador de desequilibrios,26.4,74.0,True
2017,san luis,regimen simplificado para pequeños contribuyentes ley 24977 art 59 inciso a,regimen simplificado para pequeños contribuyentes ley 24977 art 59 inciso a,70.4811,74.0,True
2017,santa cruz,coparticipacion federal de impuestos neta ley 26075,coparticipacion federal de impuestos neta ley 26075,8234.1566,78.0,True
2017,santa cruz,financiamiento educativo ley 26075,financiamiento educativo ley 26075,805.4247,78.0,True
2017,santa cruz,transferencia de servicios ley 24049,transferencia de servicios ley 24049,8.4996,78.0,True
2017,santa cruz,impuesto a las ganancias,obras de infraestructura basica social,186.2082,78.0,True
2017,santa cruz,impuesto a las ganancias,excedente obras de caracter social a buenos aires,1077.8812,78.0,True
2017,santa cruz,impuesto a las ganancias,ley 24699,6.8856,78.0,True
2017,santa cruz,impuesto sobre los bienes personales,ley 24699,183.606,78.0,True
2017,santa cruz,impuesto sobre los bienes personales,ley 23966 art 30,16.5935,78.0,True
2017,santa cruz,impuesto sobre los activos fondo educacion ley 23906,impuesto sobre los activos fondo educacion ley 23906,0.0086,78.0,True
2017,santa cruz,i.v.a.ley 23966 art 5 punto 2,i.v.a.ley 23966 art 5 punto 2,60.6202,78.0,True
2017,santa cruz,impuesto a los combustibles liquidos ley 23966 y 24699,obras de infraestructura,49.4721,78.0,True
2017,santa cruz,impuesto a los combustibles liquidos ley 23966 y 24699,vialidad provincial,161.0264,78.0,True
2017,santa cruz,impuesto a los combustibles liquidos ley 23966 y 24699,f.e.d.e.i.,37.60833081,78.0,True
2017,santa cruz,impuesto a los combustibles liquidos ley 23966 y 24699,ley 24464 fo.na.vi,488.3763,78.0,True
2017,santa cruz,regimen de energia electrica ley 24065,fondo para compensaciones de tarifa electrica,51.8948,78.0,True
2017,santa cruz,regimen de energia electrica ley 24065,f.e.d.e.i.,19.15470157,78.0,True
2017,santa cruz,fondo compensador de desequilibrios,fondo compensador de desequilibrios,36.0,78.0,True
2017,santa cruz,regimen simplificado para pequeños contribuyentes ley 24977 art 59 inciso a,regimen simplificado para pequeños contribuyentes ley 24977 art 59 inciso a,48.8381,78.0,True
2017,santa fe,coparticipacion federal de impuestos neta ley 26075,coparticipacion federal de impuestos neta ley 26075,50540.5046,82.0,True
2017,santa fe,financiamiento educativo ley 26075,financiamiento educativo ley 26075,6973.2817,82.0,True
2017,santa fe,transferencia de servicios ley 24049,transferencia de servicios ley 24049,135.4896,82.0,True
2017,santa fe,impuesto a las ganancias,obras de infraestructura basica social,2195.6144,82.0,True
2017,santa fe,impuesto a las ganancias,excedente obras de caracter social a buenos aires,6179.7103,82.0,True
2017,santa fe,impuesto a las ganancias,ley 24699,38.91,82.0,True
2017,santa fe,impuesto sobre los bienes personales,ley 24699,1054.5068,82.0,True
2017,santa fe,impuesto sobre los bienes personales,ley 23966 art 30,227.4457,82.0,True
2017,santa fe,impuesto sobre los activos fondo educacion ley 23906,impuesto sobre los activos fondo educacion ley 23906,0.0349,82.0,True
2017,santa fe,i.v.a.ley 23966 art 5 punto 2,i.v.a.ley 23966 art 5 punto 2,829.0465,82.0,True
2017,santa fe,impuesto a los combustibles liquidos ley 23966 y 24699,obras de infraestructura,313.2736,82.0,True
2017,santa fe,impuesto a los combustibles liquidos ley 23966 y 24699,vialidad provincial,441.4295,82.0,True
2017,santa fe,impuesto a los combustibles liquidos ley 23966 y 24699,f.e.d.e.i.,23.69656945,82.0,True
2017,santa fe,impuesto a los combustibles liquidos ley 23966 y 24699,ley 24464 fo.na.vi,873.7259,82.0,True
2017,santa fe,regimen de energia electrica ley 24065,fondo para compensaciones de tarifa electrica,11.9649,82.0,True
2017,santa fe,regimen de energia electrica ley 24065,f.e.d.e.i.,12.06915356,82.0,True
2017,santa fe,fondo compensador de desequilibrios,fondo compensador de desequilibrios,6.0,82.0,True
2017,santa fe,regimen simplificado para pequeños contribuyentes ley 24977 art 59 inciso a,regimen simplificado para pequeños contribuyentes ley 24977 art 59 inciso a,279.7748,82.0,True
2017,sgo. del estero,coparticipacion federal de impuestos neta ley 26075,coparticipacion federal de impuestos neta ley 26075,19927.0342,86.0,True
2017,sgo. del estero,financiamiento educativo ley 26075,financiamiento educativo ley 26075,3687.997,86.0,True
2017,sgo. del estero,transferencia de servicios ley 24049,transferencia de servicios ley 24049,31.5996,86.0,True
2017,sgo. del estero,impuesto a las ganancias,obras de infraestructura basica social,1424.0684,86.0,True
2017,sgo. del estero,impuesto a las ganancias,excedente obras de caracter social a buenos aires,2815.8719,86.0,True
2017,sgo. del estero,impuesto a las ganancias,ley 24699,17.988,86.0,True
2017,sgo. del estero,impuesto sobre los bienes personales,ley 24699,479.6528,86.0,True
2017,sgo. del estero,impuesto sobre los activos fondo educacion ley 23906,impuesto sobre los activos fondo educacion ley 23906,0.0172,86.0,True
2017,sgo. del estero,impuesto a los combustibles liquidos ley 23966 y 24699,obras de infraestructura,129.2398,86.0,True
2017,sgo. del estero,impuesto a los combustibles liquidos ley 23966 y 24699,vialidad provincial,256.5011,86.0,True
2017,sgo. del estero,impuesto a los combustibles liquidos ley 23966 y 24699,f.e.d.e.i.,31.59501635,86.0,True
2017,sgo. del estero,impuesto a los combustibles liquidos ley 23966 y 24699,ley 24464 fo.na.vi,656.2556,86.0,True
2017,sgo. del estero,regimen de energia electrica ley 24065,fondo para compensaciones de tarifa electrica,14.9993,86.0,True
2017,sgo. del estero,regimen de energia electrica ley 24065,f.e.d.e.i.,16.09199637,86.0,True
2017,sgo. del estero,fondo compensador de desequilibrios,fondo compensador de desequilibrios,26.4,86.0,True
2017,sgo. del estero,regimen simplificado para pequeños contribuyentes ley 24977 art 59 inciso a,regimen simplificado para pequeños contribuyentes ley 24977 art 59 inciso a,127.5832,86.0,True
2017,tucuman,coparticipacion federal de impuestos neta ley 26075,coparticipacion federal de impuestos neta ley 26075,22773.8285,90.0,True
2017,tucuman,financiamiento educativo ley 26075,financiamiento educativo ley 26075,4419.2378,90.0,True
2017,tucuman,transferencia de servicios ley 24049,transferencia de servicios ley 24049,55.8,90.0,True
2017,tucuman,impuesto a las ganancias,obras de infraestructura basica social,1711.2131,90.0,True
2017,tucuman,impuesto a las ganancias,excedente obras de caracter social a buenos aires,3242.4846,90.0,True
2017,tucuman,impuesto a las ganancias,ley 24699,20.7132,90.0,True
2017,tucuman,impuesto sobre los bienes personales,ley 24699,552.3273,90.0,True
2017,tucuman,impuesto sobre los activos fondo educacion ley 23906,impuesto sobre los activos fondo educacion ley 23906,0.0157,90.0,True
2017,tucuman,impuesto a los combustibles liquidos ley 23966 y 24699,obras de infraestructura,148.8212,90.0,True
2017,tucuman,impuesto a los combustibles liquidos ley 23966 y 24699,vialidad provincial,207.2193,90.0,True
2017,tucuman,impuesto a los combustibles liquidos ley 23966 y 24699,f.e.d.e.i.,24.0337493,90.0,True
2017,tucuman,impuesto a los combustibles liquidos ley 23966 y 24699,ley 24464 fo.na.vi,640.9939,90.0,True
2017,tucuman,regimen de energia electrica ley 24065,fondo para compensaciones de tarifa electrica,10.0273,90.0,True
2017,tucuman,regimen de energia electrica ley 24065,f.e.d.e.i.,12.39433784,90.0,True
2017,tucuman,fondo compensador de desequilibrios,fondo compensador de desequilibrios,26.4,90.0,True
2017,tucuman,regimen simplificado para pequeños contribuyentes ley 24977 art 59 inciso a,regimen simplificado para pequeños contribuyentes ley 24977 art 59 inciso a,146.9137,90.0,True
2017,tierra del fuego,coparticipacion federal de impuestos neta ley 26075,coparticipacion federal de impuestos neta ley 26075,6682.3195,94.0,True
2017,tierra del fuego,financiamiento educativo ley 26075,financiamiento educativo ley 26075,370.9192,94.0,True
2017,tierra del fuego,transferencia de servicios ley 24049,transferencia de servicios ley 24049,12.0,94.0,True
2017,tierra del fuego,impuesto a las ganancias,obras de infraestructura basica social,130.043,94.0,True
2017,tierra del fuego,impuesto a las ganancias,excedente obras de caracter social a buenos aires,840.6101,94.0,True
2017,tierra del fuego,impuesto a las ganancias,ley 24699,5.37,94.0,True
2017,tierra del fuego,impuesto sobre los bienes personales,ley 24699,143.185,94.0,True
2017,tierra del fuego,impuesto sobre los bienes personales,ley 23966 art 30,1.4718,94.0,True
2017,tierra del fuego,impuesto sobre los activos fondo educacion ley 23906,impuesto sobre los activos fondo educacion ley 23906,0.0039,94.0,True
2017,tierra del fuego,i.v.a.ley 23966 art 5 punto 2,i.v.a.ley 23966 art 5 punto 2,5.3768,94.0,True
2017,tierra del fuego,impuesto a los combustibles liquidos ley 23966 y 24699,obras de infraestructura,38.5813,94.0,True
2017,tierra del fuego,impuesto a los combustibles liquidos ley 23966 y 24699,vialidad provincial,103.294,94.0,True
2017,tierra del fuego,impuesto a los combustibles liquidos ley 23966 y 24699,f.e.d.e.i.,27.6568994,94.0,True
2017,tierra del fuego,impuesto a los combustibles liquidos ley 23966 y 24699,ley 24464 fo.na.vi,404.4369,94.0,True
2017,tierra del fuego,regimen de energia electrica ley 24065,fondo para compensaciones de tarifa electrica,11.8162,94.0,True
2017,tierra del fuego,regimen de energia electrica ley 24065,f.e.d.e.i.,14.08623109,94.0,True
2017,tierra del fuego,fondo compensador de desequilibrios,fondo compensador de desequilibrios,36.0,94.0,True
2017,tierra del fuego,regimen simplificado para pequeños contribuyentes ley 24977 art 59 inciso a,regimen simplificado para pequeños contribuyentes ley 24977 art 59 inciso a,38.0869,94.0,True
2017,c.a.b.a,coparticipacion federal de impuestos neta ley 26075,coparticipacion federal de impuestos neta ley 26075,32243.3138,2.0,True
2017,c.a.b.a,financiamiento educativo ley 26075,financiamiento educativo ley 26075,5606.1796,2.0,True
2017,c.a.b.a,impuesto sobre los activos fondo educacion ley 23906,impuesto sobre los activos fondo educacion ley 23906,0.0151,2.0,True
2017,c.a.b.a,impuesto a los combustibles liquidos ley 23966 y 24699,ley 24464 fo.na.vi,198.403,2.0,True
2017,tesoro nacional,coparticipacion federal de impuestos neta ley 26075,coparticipacion federal de impuestos neta ley 26075,382431.2792,,False
2017,tesoro nacional,impuesto sobre los bienes personales,ley 24699,8517.4707,,False
2017,tesoro nacional,impuesto sobre los activos fondo educacion ley 23906,impuesto sobre los activos fondo educacion ley 23906,0.2257,,False
2017,tesoro nacional,impuesto a los combustibles liquidos ley 23966 y 24699,vialidad provincial,10532.66339,,False
2017,seguridad social,coparticipacion federal de impuestos neta ley 26075,coparticipacion federal de impuestos neta ley 26075,88483.6623,,False
2017,seguridad social,impuesto a las ganancias,obras de infraestructura basica social,109125.8344,,False
2017,seguridad social,impuesto a las ganancias,ley 24699,120.0,,False
2017,seguridad social,i.v.a.ley 23966 art 5 punto 2,i.v.a.ley 23966 art 5 punto 2,74727.5331,,False
2017,seguridad social,regimen simplificado para pequeños contribuyentes ley 24977 art 59 inciso a,regimen simplificado para pequeños contribuyentes ley 24977 art 59 inciso a,7281.9712,,False
2017,fondo a.t.n.,coparticipacion federal de impuestos neta ley 26075,coparticipacion federal de impuestos neta ley 26075,10093.198,,False
2017,fondo a.t.n.,impuesto a las ganancias,obras de infraestructura basica social,11036.5769,,False
2017,fondo a.t.n.,impuesto a las ganancias,ley 24699,20.0,,False
2017,fondo a.t.n.,impuesto sobre los bienes personales,ley 24699,204.55,,False
2018,buenos aires,coparticipacion federal de impuestos neta ley 26075,coparticipacion federal de impuestos neta ley 26075,159762.1114,6.0,True
2018,buenos aires,financiamiento educativo ley 26075,financiamiento educativo ley 26075,43768.618,6.0,True
2018,buenos aires,transferencia de servicios ley 24049,transferencia de servicios ley 24049,420.1008,6.0,True
2018,buenos aires,impuesto sobre los bienes personales,ley 24699,1664.411,6.0,True
2018,buenos aires,impuesto sobre los bienes personales,ley 23966 art 30,396.2477,6.0,True
2018,buenos aires,impuesto sobre los activos fondo educacion ley 23906,impuesto sobre los activos fondo educacion ley 23906,0.0891,6.0,True
2018,buenos aires,i.v.a.ley 23966 art 5 punto 2,i.v.a.ley 23966 art 5 punto 2,3178.4093,6.0,True
2018,buenos aires,impuesto a los combustibles liquidos ley 23966 y 24699,obras de infraestructura,709.5456,6.0,True
2018,buenos aires,impuesto a los combustibles liquidos ley 23966 y 24699,vialidad provincial,1658.1753,6.0,True
2018,buenos aires,impuesto a los combustibles liquidos ley 23966 y 24699,f.e.d.e.i.,34.27411103,6.0,True
2018,buenos aires,impuesto a los combustibles liquidos ley 23966 y 24699,ley 24464 fo.na.vi,2383.5214,6.0,True
2018,buenos aires,regimen de energia electrica ley 24065,fondo para compensaciones de tarifa electrica,37.0712,6.0,True
2018,buenos aires,regimen de energia electrica ley 24065,f.e.d.e.i.,19.13535271,6.0,True
2018,buenos aires,regimen simplificado para pequeños contribuyentes ley 24977 art 59 inciso a,regimen simplificado para pequeños contribuyentes ley 24977 art 59 inciso a,1025.9401,6.0,True
2018,catamarca,coparticipacion federal de impuestos neta ley 26075,coparticipacion federal de impuestos neta ley 26075,23287.8397,10.0,True
2018,catamarca,financiamiento educativo ley 26075,financiamiento educativo ley 26075,2230.7616,10.0,True
2018,catamarca,transferencia de servicios ley 24049,transferencia de servicios ley 24049,21.3996,10.0,True
2018,catamarca,impuesto sobre los bienes personales,ley 24699,208.7588,10.0,True
2018,catamarca,impuesto sobre los activos fondo educacion ley 23906,impuesto sobre los activos fondo educacion ley 23906,0.0067,10.0,True
2018,catamarca,impuesto a los combustibles liquidos ley 23966 y 24699,obras de infraestructura,92.7589,10.0,True
2018,catamarca,impuesto a los combustibles liquidos ley 23966 y 24699,vialidad provincial,140.8661,10.0,True
2018,catamarca,impuesto a los combustibles liquidos ley 23966 y 24699,f.e.d.e.i.,51.65607031,10.0,True
2018,catamarca,impuesto a los combustibles liquidos ley 23966 y 24699,ley 24464 fo.na.vi,345.1997,10.0,True
2018,catamarca,regimen de energia electrica ley 24065,fondo para compensaciones de tarifa electrica,36.1111,10.0,True
2018,catamarca,regimen de energia electrica ley 24065,f.e.d.e.i.,28.83975964,10.0,True
2018,catamarca,fondo compensador de desequilibrios,fondo compensador de desequilibrios,26.4,10.0,True
2018,catamarca,regimen simplificado para pequeños contribuyentes ley 24977 art 59 inciso a,regimen simplificado para pequeños contribuyentes ley 24977 art 59 inciso a,128.6804,10.0,True
2018,catamarca,consenso fiscal ley 27429 compensacion,consenso fiscal ley 27429 compensacion,194.6079488,10.0,True
2018,cordoba,coparticipacion federal de impuestos neta ley 26075,coparticipacion federal de impuestos neta ley 26075,77651.2938,14.0,True
2018,cordoba,financiamiento educativo ley 26075,financiamiento educativo ley 26075,9877.1673,14.0,True
2018,cordoba,transferencia de servicios ley 24049,transferencia de servicios ley 24049,125.3004,14.0,True
2018,cordoba,impuesto sobre los bienes personales,ley 24699,672.9911,14.0,True
2018,cordoba,impuesto sobre los bienes personales,ley 23966 art 30,135.3203,14.0,True
2018,cordoba,impuesto sobre los activos fondo educacion ley 23906,impuesto sobre los activos fondo educacion ley 23906,0.0247,14.0,True
2018,cordoba,i.v.a.ley 23966 art 5 punto 2,i.v.a.ley 23966 art 5 punto 2,1085.4405,14.0,True
2018,cordoba,impuesto a los combustibles liquidos ley 23966 y 24699,obras de infraestructura,299.0313,14.0,True
2018,cordoba,impuesto a los combustibles liquidos ley 23966 y 24699,vialidad provincial,611.0822,14.0,True
2018,cordoba,impuesto a los combustibles liquidos ley 23966 y 24699,f.e.d.e.i.,34.27411103,14.0,True
2018,cordoba,impuesto a los combustibles liquidos ley 23966 y 24699,ley 24464 fo.na.vi,928.7515,14.0,True
2018,cordoba,regimen de energia electrica ley 24065,fondo para compensaciones de tarifa electrica,25.1103,14.0,True
2018,cordoba,regimen de energia electrica ley 24065,f.e.d.e.i.,19.13535271,14.0,True
2018,cordoba,fondo compensador de desequilibrios,fondo compensador de desequilibrios,6.0,14.0,True
2018,cordoba,regimen simplificado para pequeños contribuyentes ley 24977 art 59 inciso a,regimen simplificado para pequeños contribuyentes ley 24977 art 59 inciso a,414.8332,14.0,True
2018,cordoba,consenso fiscal ley 27429 compensacion,consenso fiscal ley 27429 compensacion,1133.084209,14.0,True
2018,corrientes,coparticipacion federal de impuestos neta ley 26075,coparticipacion federal de impuestos neta ley 26075,30079.3108,18.0,True
2018,corrientes,financiamiento educativo ley 26075,financiamiento educativo ley 26075,4354.0165,18.0,True
2018,corrientes,transferencia de servicios ley 24049,transferencia de servicios ley 24049,38.6004,18.0,True
2018,corrientes,impuesto sobre los bienes personales,ley 24699,281.7511,18.0,True
2018,corrientes,impuesto sobre los bienes personales,ley 23966 art 30,43.269,18.0,True
2018,corrientes,impuesto sobre los activos fondo educacion ley 23906,impuesto sobre los activos fondo educacion ley 23906,0.0111,18.0,True
2018,corrientes,i.v.a.ley 23966 art 5 punto 2,i.v.a.ley 23966 art 5 punto 2,347.0736,18.0,True
2018,corrientes,impuesto a los combustibles liquidos ley 23966 y 24699,obras de infraestructura,125.1908,18.0,True
2018,corrientes,impuesto a los combustibles liquidos ley 23966 y 24699,vialidad provincial,196.1365,18.0,True
2018,corrientes,impuesto a los combustibles liquidos ley 23966 y 24699,f.e.d.e.i.,43.39084188,18.0,True
2018,corrientes,impuesto a los combustibles liquidos ley 23966 y 24699,ley 24464 fo.na.vi,813.6848,18.0,True
2018,corrientes,regimen de energia electrica ley 24065,fondo para compensaciones de tarifa electrica,34.9667,18.0,True
2018,corrientes,regimen de energia electrica ley 24065,f.e.d.e.i.,24.22525474,18.0,True
2018,corrientes,fondo compensador de desequilibrios,fondo compensador de desequilibrios,18.0,18.0,True
2018,corrientes,regimen simplificado para pequeños contribuyentes ley 24977 art 59 inciso a,regimen simplificado para pequeños contribuyentes ley 24977 art 59 inciso a,173.6717,18.0,True
2018,corrientes,consenso fiscal ley 27429 compensacion,consenso fiscal ley 27429 compensacion,1418.212612,18.0,True
2018,chaco,coparticipacion federal de impuestos neta ley 26075,coparticipacion federal de impuestos neta ley 26075,41239.6344,22.0,True
2018,chaco,financiamiento educativo ley 26075,financiamiento educativo ley 26075,4972.1794,22.0,True
2018,chaco,transferencia de servicios ley 24049,transferencia de servicios ley 24049,33.6,22.0,True
2018,chaco,impuesto sobre los bienes personales,ley 24699,378.1013,22.0,True
2018,chaco,impuesto sobre los bienes personales,ley 23966 art 30,34.017,22.0,True
2018,chaco,impuesto sobre los activos fondo educacion ley 23906,impuesto sobre los activos fondo educacion ley 23906,0.0144,22.0,True
2018,chaco,i.v.a.ley 23966 art 5 punto 2,i.v.a.ley 23966 art 5 punto 2,272.8587,22.0,True
2018,chaco,impuesto a los combustibles liquidos ley 23966 y 24699,obras de infraestructura,168.0033,22.0,True
2018,chaco,impuesto a los combustibles liquidos ley 23966 y 24699,vialidad provincial,245.0079,22.0,True
2018,chaco,impuesto a los combustibles liquidos ley 23966 y 24699,f.e.d.e.i.,42.09796343,22.0,True
2018,chaco,impuesto a los combustibles liquidos ley 23966 y 24699,ley 24464 fo.na.vi,756.1517,22.0,True
2018,chaco,regimen de energia electrica ley 24065,fondo para compensaciones de tarifa electrica,35.7857,22.0,True
2018,chaco,regimen de energia electrica ley 24065,f.e.d.e.i.,25.72931685,22.0,True
2018,chaco,fondo compensador de desequilibrios,fondo compensador de desequilibrios,6.0,22.0,True
2018,chaco,regimen simplificado para pequeños contribuyentes ley 24977 art 59 inciso a,regimen simplificado para pequeños contribuyentes ley 24977 art 59 inciso a,233.064,22.0,True
2018,chaco,consenso fiscal ley 27429 compensacion,consenso fiscal ley 27429 compensacion,1729.359997,22.0,True
2018,chubut,coparticipacion federal de impuestos neta ley 26075,coparticipacion federal de impuestos neta ley 26075,12619.406,26.0,True
2018,chubut,financiamiento educativo ley 26075,financiamiento educativo ley 26075,2029.1868,26.0,True
2018,chubut,transferencia de servicios ley 24049,transferencia de servicios ley 24049,24.2004,26.0,True
2018,chubut,impuesto sobre los bienes personales,ley 24699,119.8661,26.0,True
2018,chubut,impuesto sobre los bienes personales,ley 23966 art 30,13.3068,26.0,True
2018,chubut,impuesto sobre los activos fondo educacion ley 23906,impuesto sobre los activos fondo educacion ley 23906,0.0067,26.0,True
2018,chubut,i.v.a.ley 23966 art 5 punto 2,i.v.a.ley 23966 art 5 punto 2,106.7372,26.0,True
2018,chubut,impuesto a los combustibles liquidos ley 23966 y 24699,obras de infraestructura,53.2614,26.0,True
2018,chubut,impuesto a los combustibles liquidos ley 23966 y 24699,vialidad provincial,200.7312,26.0,True
2018,chubut,impuesto a los combustibles liquidos ley 23966 y 24699,f.e.d.e.i.,47.11088123,26.0,True
2018,chubut,impuesto a los combustibles liquidos ley 23966 y 24699,ley 24464 fo.na.vi,526.0184,26.0,True
2018,chubut,regimen de energia electrica ley 24065,fondo para compensaciones de tarifa electrica,53.4047,26.0,True
2018,chubut,regimen de energia electrica ley 24065,f.e.d.e.i.,26.97675021,26.0,True
2018,chubut,fondo compensador de desequilibrios,fondo compensador de desequilibrios,36.0,26.0,True
2018,chubut,regimen simplificado para pequeños contribuyentes ley 24977 art 59 inciso a,regimen simplificado para pequeños contribuyentes ley 24977 art 59 inciso a,73.8872,26.0,True
2018,chubut,consenso fiscal ley 27429 compensacion,consenso fiscal ley 27429 compensacion,328.0550521,26.0,True
2018,entre rios,coparticipacion federal de impuestos neta ley 26075,coparticipacion federal de impuestos neta ley 26075,40852.5822,30.0,True
2018,entre rios,financiamiento educativo ley 26075,financiamiento educativo ley 26075,4380.8934,30.0,True
2018,entre rios,transferencia de servicios ley 24049,transferencia de servicios ley 24049,67.4988,30.0,True
2018,entre rios,impuesto sobre los bienes personales,ley 24699,370.072,30.0,True
2018,entre rios,impuesto sobre los bienes personales,ley 23966 art 30,58.726,30.0,True
2018,entre rios,impuesto sobre los activos fondo educacion ley 23906,impuesto sobre los activos fondo educacion ley 23906,0.0115,30.0,True
2018,entre rios,i.v.a.ley 23966 art 5 punto 2,i.v.a.ley 23966 art 5 punto 2,471.0571,30.0,True
2018,entre rios,impuesto a los combustibles liquidos ley 23966 y 24699,obras de infraestructura,164.4331,30.0,True
2018,entre rios,impuesto a los combustibles liquidos ley 23966 y 24699,vialidad provincial,318.1967,30.0,True
2018,entre rios,impuesto a los combustibles liquidos ley 23966 y 24699,f.e.d.e.i.,39.66050126,30.0,True
2018,entre rios,impuesto a los combustibles liquidos ley 23966 y 24699,ley 24464 fo.na.vi,641.0851,30.0,True
2018,entre rios,regimen de energia electrica ley 24065,fondo para compensaciones de tarifa electrica,35.969,30.0,True
2018,entre rios,regimen de energia electrica ley 24065,f.e.d.e.i.,22.14259293,30.0,True
2018,entre rios,fondo compensador de desequilibrios,fondo compensador de desequilibrios,21.6,30.0,True
2018,entre rios,regimen simplificado para pequeños contribuyentes ley 24977 art 59 inciso a,regimen simplificado para pequeños contribuyentes ley 24977 art 59 inciso a,228.1111,30.0,True
2018,entre rios,consenso fiscal ley 27429 compensacion,consenso fiscal ley 27429 compensacion,793.8843562,30.0,True
2018,formosa,coparticipacion federal de impuestos neta ley 26075,coparticipacion federal de impuestos neta ley 26075,30759.7296,34.0,True
2018,formosa,financiamiento educativo ley 26075,financiamiento educativo ley 26075,2902.6782,34.0,True
2018,formosa,transferencia de servicios ley 24049,transferencia de servicios ley 24049,20.7012,34.0,True
2018,formosa,impuesto sobre los bienes personales,ley 24699,275.9118,34.0,True
2018,formosa,impuesto sobre los bienes personales,ley 23966 art 30,15.8457,34.0,True
2018,formosa,impuesto sobre los activos fondo educacion ley 23906,impuesto sobre los activos fondo educacion ley 23906,0.0077,34.0,True
2018,formosa,i.v.a.ley 23966 art 5 punto 2,i.v.a.ley 23966 art 5 punto 2,127.1031,34.0,True
2018,formosa,impuesto a los combustibles liquidos ley 23966 y 24699,obras de infraestructura,122.5973,34.0,True
2018,formosa,impuesto a los combustibles liquidos ley 23966 y 24699,vialidad provincial,148.2766,34.0,True
2018,formosa,impuesto a los combustibles liquidos ley 23966 y 24699,f.e.d.e.i.,53.2534033,34.0,True
2018,formosa,impuesto a los combustibles liquidos ley 23966 y 24699,ley 24464 fo.na.vi,657.5231,34.0,True
2018,formosa,regimen de energia electrica ley 24065,fondo para compensaciones de tarifa electrica,37.5379,34.0,True
2018,formosa,regimen de energia electrica ley 24065,f.e.d.e.i.,29.73155624,34.0,True
2018,formosa,fondo compensador de desequilibrios,fondo compensador de desequilibrios,26.4,34.0,True
2018,formosa,regimen simplificado para pequeños contribuyentes ley 24977 art 59 inciso a,regimen simplificado para pequeños contribuyentes ley 24977 art 59 inciso a,170.074,34.0,True
2018,formosa,consenso fiscal ley 27429 compensacion,consenso fiscal ley 27429 compensacion,850.527469,34.0,True
2018,jujuy,coparticipacion federal de impuestos neta ley 26075,coparticipacion federal de impuestos neta ley 26075,23536.7732,38.0,True
2018,jujuy,financiamiento educativo ley 26075,financiamiento educativo ley 26075,2781.7329,38.0,True
2018,jujuy,transferencia de servicios ley 24049,transferencia de servicios ley 24049,33.3,38.0,True
2018,jujuy,impuesto sobre los bienes personales,ley 24699,215.328,38.0,True
2018,jujuy,impuesto sobre los activos fondo educacion ley 23906,impuesto sobre los activos fondo educacion ley 23906,0.0072,38.0,True
2018,jujuy,impuesto a los combustibles liquidos ley 23966 y 24699,obras de infraestructura,95.6757,38.0,True
2018,jujuy,impuesto a los combustibles liquidos ley 23966 y 24699,vialidad provincial,168.7313,38.0,True
2018,jujuy,impuesto a los combustibles liquidos ley 23966 y 24699,f.e.d.e.i.,42.97359197,38.0,True
2018,jujuy,impuesto a los combustibles liquidos ley 23966 y 24699,ley 24464 fo.na.vi,493.1423,38.0,True
2018,jujuy,regimen de energia electrica ley 24065,fondo para compensaciones de tarifa electrica,36.8606,38.0,True
2018,jujuy,regimen de energia electrica ley 24065,f.e.d.e.i.,23.992303,38.0,True
2018,jujuy,fondo compensador de desequilibrios,fondo compensador de desequilibrios,26.4,38.0,True
2018,jujuy,regimen simplificado para pequeños contribuyentes ley 24977 art 59 inciso a,regimen simplificado para pequeños contribuyentes ley 24977 art 59 inciso a,132.7268,38.0,True
2018,jujuy,consenso fiscal ley 27429 compensacion,consenso fiscal ley 27429 compensacion,823.9481542,38.0,True
2018,la pampa,coparticipacion federal de impuestos neta ley 26075,coparticipacion federal de impuestos neta ley 26075,15754.7476,42.0,True
2018,la pampa,financiamiento educativo ley 26075,financiamiento educativo ley 26075,1531.9686,42.0,True
2018,la pampa,transferencia de servicios ley 24049,transferencia de servicios ley 24049,19.2,42.0,True
2018,la pampa,impuesto sobre los bienes personales,ley 24699,145.1108,42.0,True
2018,la pampa,impuesto sobre los bienes personales,ley 23966 art 30,11.6866,42.0,True
2018,la pampa,impuesto sobre los activos fondo educacion ley 23906,impuesto sobre los activos fondo educacion ley 23906,0.0061,42.0,True
2018,la pampa,i.v.a.ley 23966 art 5 punto 2,i.v.a.ley 23966 art 5 punto 2,93.8014,42.0,True
2018,la pampa,impuesto a los combustibles liquidos ley 23966 y 24699,obras de infraestructura,64.4697,42.0,True
2018,la pampa,impuesto a los combustibles liquidos ley 23966 y 24699,vialidad provincial,184.6068,42.0,True
2018,la pampa,impuesto a los combustibles liquidos ley 23966 y 24699,f.e.d.e.i.,38.14857534,42.0,True
2018,la pampa,impuesto a los combustibles liquidos ley 23966 y 24699,ley 24464 fo.na.vi,335.1339,42.0,True
2018,la pampa,regimen de energia electrica ley 24065,fondo para compensaciones de tarifa electrica,48.9402,42.0,True
2018,la pampa,regimen de energia electrica ley 24065,f.e.d.e.i.,21.29848017,42.0,True
2018,la pampa,fondo compensador de desequilibrios,fondo compensador de desequilibrios,30.0,42.0,True
2018,la pampa,regimen simplificado para pequeños contribuyentes ley 24977 art 59 inciso a,regimen simplificado para pequeños contribuyentes ley 24977 art 59 inciso a,89.4366,42.0,True
2018,la rioja,coparticipacion federal de impuestos neta ley 26075,coparticipacion federal de impuestos neta ley 26075,17408.6978,46.0,True
2018,la rioja,financiamiento educativo ley 26075,financiamiento educativo ley 26075,1773.8586,46.0,True
2018,la rioja,transferencia de servicios ley 24049,transferencia de servicios ley 24049,20.2992,46.0,True
2018,la rioja,impuesto sobre los bienes personales,ley 24699,156.9339,46.0,True
2018,la rioja,impuesto sobre los activos fondo educacion ley 23906,impuesto sobre los activos fondo educacion ley 23906,0.0058,46.0,True
2018,la rioja,impuesto a los combustibles liquidos ley 23966 y 24699,obras de infraestructura,69.7309,46.0,True
2018,la rioja,impuesto a los combustibles liquidos ley 23966 y 24699,vialidad provincial,143.9842,46.0,True
2018,la rioja,impuesto a los combustibles liquidos ley 23966 y 24699,f.e.d.e.i.,50.2615786,46.0,True
2018,la rioja,impuesto a los combustibles liquidos ley 23966 y 24699,ley 24464 fo.na.vi,328.7615,46.0,True
2018,la rioja,regimen de energia electrica ley 24065,fondo para compensaciones de tarifa electrica,33.799,46.0,True
2018,la rioja,regimen de energia electrica ley 24065,f.e.d.e.i.,28.06121055,46.0,True
2018,la rioja,fondo compensador de desequilibrios,fondo compensador de desequilibrios,26.4,46.0,True
2018,la rioja,regimen simplificado para pequeños contribuyentes ley 24977 art 59 inciso a,regimen simplificado para pequeños contribuyentes ley 24977 art 59 inciso a,96.7347,46.0,True
2018,la rioja,consenso fiscal ley 27429 compensacion,consenso fiscal ley 27429 compensacion,255.6340078,46.0,True
2018,mendoza,coparticipacion federal de impuestos neta ley 26075,coparticipacion federal de impuestos neta ley 26075,32542.6371,50.0,True
2018,mendoza,financiamiento educativo ley 26075,financiamiento educativo ley 26075,6087.5604,50.0,True
2018,mendoza,transferencia de servicios ley 24049,transferencia de servicios ley 24049,61.6992,50.0,True
2018,mendoza,impuesto sobre los bienes personales,ley 24699,316.0576,50.0,True
2018,mendoza,impuesto sobre los activos fondo educacion ley 23906,impuesto sobre los activos fondo educacion ley 23906,0.0122,50.0,True
2018,mendoza,impuesto a los combustibles liquidos ley 23966 y 24699,obras de infraestructura,140.4352,50.0,True
2018,mendoza,impuesto a los combustibles liquidos ley 23966 y 24699,vialidad provincial,282.1044,50.0,True
2018,mendoza,impuesto a los combustibles liquidos ley 23966 y 24699,f.e.d.e.i.,39.01273109,50.0,True
2018,mendoza,impuesto a los combustibles liquidos ley 23966 y 24699,ley 24464 fo.na.vi,657.5231,50.0,True
2018,mendoza,regimen de energia electrica ley 24065,fondo para compensaciones de tarifa electrica,28.0473,50.0,True
2018,mendoza,regimen de energia electrica ley 24065,f.e.d.e.i.,21.78094044,50.0,True
2018,mendoza,fondo compensador de desequilibrios,fondo compensador de desequilibrios,26.4,50.0,True
2018,mendoza,regimen simplificado para pequeños contribuyentes ley 24977 art 59 inciso a,regimen simplificado para pequeños contribuyentes ley 24977 art 59 inciso a,194.8195,50.0,True
2018,mendoza,consenso fiscal ley 27429 compensacion,consenso fiscal ley 27429 compensacion,1207.730462,50.0,True
2018,misiones,coparticipacion federal de impuestos neta ley 26075,coparticipacion federal de impuestos neta ley 26075,25449.2435,54.0,True
2018,misiones,financiamiento educativo ley 26075,financiamiento educativo ley 26075,5146.8777,54.0,True
2018,misiones,transferencia de servicios ley 24049,transferencia de servicios ley 24049,34.1004,54.0,True
2018,misiones,impuesto sobre los bienes personales,ley 24699,250.3643,54.0,True
2018,misiones,impuesto sobre los bienes personales,ley 23966 art 30,18.5775,54.0,True
2018,misiones,impuesto sobre los activos fondo educacion ley 23906,impuesto sobre los activos fondo educacion ley 23906,0.0089,54.0,True
2018,misiones,i.v.a.ley 23966 art 5 punto 2,i.v.a.ley 23966 art 5 punto 2,149.0143,54.0,True
2018,misiones,impuesto a los combustibles liquidos ley 23966 y 24699,obras de infraestructura,111.2433,54.0,True
2018,misiones,impuesto a los combustibles liquidos ley 23966 y 24699,vialidad provincial,218.39,54.0,True
2018,misiones,impuesto a los combustibles liquidos ley 23966 y 24699,f.e.d.e.i.,68.15047518,54.0,True
2018,misiones,impuesto a los combustibles liquidos ley 23966 y 24699,ley 24464 fo.na.vi,772.5897,54.0,True
2018,misiones,regimen de energia electrica ley 24065,fondo para compensaciones de tarifa electrica,53.1091,54.0,True
2018,misiones,regimen de energia electrica ley 24065,f.e.d.e.i.,41.01637289,54.0,True
2018,misiones,fondo compensador de desequilibrios,fondo compensador de desequilibrios,26.4,54.0,True
2018,misiones,regimen simplificado para pequeños contribuyentes ley 24977 art 59 inciso a,regimen simplificado para pequeños contribuyentes ley 24977 art 59 inciso a,154.3231,54.0,True
2018,misiones,consenso fiscal ley 27429 compensacion,consenso fiscal ley 27429 compensacion,1599.241739,54.0,True
2018,neuquen,coparticipacion federal de impuestos neta ley 26075,coparticipacion federal de impuestos neta ley 26075,13898.2089,58.0,True
2018,neuquen,financiamiento educativo ley 26075,financiamiento educativo ley 26075,2177.0082,58.0,True
2018,neuquen,transferencia de servicios ley 24049,transferencia de servicios ley 24049,17.3988,58.0,True
2018,neuquen,impuesto sobre los bienes personales,ley 24699,131.5448,58.0,True
2018,neuquen,impuesto sobre los bienes personales,ley 23966 art 30,8.3548,58.0,True
2018,neuquen,impuesto sobre los activos fondo educacion ley 23906,impuesto sobre los activos fondo educacion ley 23906,0.0081,58.0,True
2018,neuquen,i.v.a.ley 23966 art 5 punto 2,i.v.a.ley 23966 art 5 punto 2,67.0157,58.0,True
2018,neuquen,impuesto a los combustibles liquidos ley 23966 y 24699,obras de infraestructura,58.4484,58.0,True
2018,neuquen,impuesto a los combustibles liquidos ley 23966 y 24699,vialidad provincial,200.233,58.0,True
2018,neuquen,impuesto a los combustibles liquidos ley 23966 y 24699,f.e.d.e.i.,44.81172637,58.0,True
2018,neuquen,impuesto a los combustibles liquidos ley 23966 y 24699,ley 24464 fo.na.vi,706.8374,58.0,True
2018,neuquen,regimen de energia electrica ley 24065,fondo para compensaciones de tarifa electrica,45.2996,58.0,True
2018,neuquen,regimen de energia electrica ley 24065,f.e.d.e.i.,25.01853947,58.0,True
2018,neuquen,fondo compensador de desequilibrios,fondo compensador de desequilibrios,30.0,58.0,True
2018,neuquen,regimen simplificado para pequeños contribuyentes ley 24977 art 59 inciso a,regimen simplificado para pequeños contribuyentes ley 24977 art 59 inciso a,81.0828,58.0,True
2018,neuquen,consenso fiscal ley 27429 compensacion,consenso fiscal ley 27429 compensacion,442.0211251,58.0,True
2018,rio negro,coparticipacion federal de impuestos neta ley 26075,coparticipacion federal de impuestos neta ley 26075,20914.6198,62.0,True
2018,rio negro,financiamiento educativo ley 26075,financiamiento educativo ley 26075,2459.2128,62.0,True
2018,rio negro,transferencia de servicios ley 24049,transferencia de servicios ley 24049,14.6004,62.0,True
2018,rio negro,impuesto sobre los bienes personales,ley 24699,191.2405,62.0,True
2018,rio negro,impuesto sobre los activos fondo educacion ley 23906,impuesto sobre los activos fondo educacion ley 23906,0.0093,62.0,True
2018,rio negro,impuesto a los combustibles liquidos ley 23966 y 24699,obras de infraestructura,84.9751,62.0,True
2018,rio negro,impuesto a los combustibles liquidos ley 23966 y 24699,vialidad provincial,184.5219,62.0,True
2018,rio negro,impuesto a los combustibles liquidos ley 23966 y 24699,f.e.d.e.i.,41.63811452,62.0,True
2018,rio negro,impuesto a los combustibles liquidos ley 23966 y 24699,ley 24464 fo.na.vi,739.7135,62.0,True
2018,rio negro,regimen de energia electrica ley 24065,fondo para compensaciones de tarifa electrica,28.0173,62.0,True
2018,rio negro,regimen de energia electrica ley 24065,f.e.d.e.i.,23.24670113,62.0,True
2018,rio negro,fondo compensador de desequilibrios,fondo compensador de desequilibrios,30.0,62.0,True
2018,rio negro,regimen simplificado para pequeños contribuyentes ley 24977 art 59 inciso a,regimen simplificado para pequeños contribuyentes ley 24977 art 59 inciso a,117.8822,62.0,True
2018,rio negro,consenso fiscal ley 27429 compensacion,consenso fiscal ley 27429 compensacion,411.8253419,62.0,True
2018,salta,coparticipacion federal de impuestos neta ley 26075,coparticipacion federal de impuestos neta ley 26075,30423.6242,66.0,True
2018,salta,financiamiento educativo ley 26075,financiamiento educativo ley 26075,5079.6861,66.0,True
2018,salta,transferencia de servicios ley 24049,transferencia de servicios ley 24049,39.8004,66.0,True
2018,salta,impuesto sobre los bienes personales,ley 24699,290.5104,66.0,True
2018,salta,impuesto sobre los activos fondo educacion ley 23906,impuesto sobre los activos fondo educacion ley 23906,0.0124,66.0,True
2018,salta,impuesto a los combustibles liquidos ley 23966 y 24699,obras de infraestructura,129.0843,66.0,True
2018,salta,impuesto a los combustibles liquidos ley 23966 y 24699,vialidad provincial,242.0795,66.0,True
2018,salta,impuesto a los combustibles liquidos ley 23966 y 24699,f.e.d.e.i.,40.32232984,66.0,True
2018,salta,impuesto a los combustibles liquidos ley 23966 y 24699,ley 24464 fo.na.vi,657.5231,66.0,True
2018,salta,regimen de energia electrica ley 24065,fondo para compensaciones de tarifa electrica,40.8869,66.0,True
2018,salta,regimen de energia electrica ley 24065,f.e.d.e.i.,23.78236381,66.0,True
2018,salta,fondo compensador de desequilibrios,fondo compensador de desequilibrios,30.0,66.0,True
2018,salta,regimen simplificado para pequeños contribuyentes ley 24977 art 59 inciso a,regimen simplificado para pequeños contribuyentes ley 24977 art 59 inciso a,179.0734,66.0,True
2018,salta,consenso fiscal ley 27429 compensacion,consenso fiscal ley 27429 compensacion,2254.535797,66.0,True
2018,san juan,coparticipacion federal de impuestos neta ley 26075,coparticipacion federal de impuestos neta ley 26075,28091.0843,70.0,True
2018,san juan,financiamiento educativo ley 26075,financiamiento educativo ley 26075,3225.1975,70.0,True
2018,san juan,transferencia de servicios ley 24049,transferencia de servicios ley 24049,30.0996,70.0,True
2018,san juan,impuesto sobre los bienes personales,ley 24699,256.2038,70.0,True
2018,san juan,impuesto sobre los activos fondo educacion ley 23906,impuesto sobre los activos fondo educacion ley 23906,0.0069,70.0,True
2018,san juan,impuesto a los combustibles liquidos ley 23966 y 24699,obras de infraestructura,113.8403,70.0,True
2018,san juan,impuesto a los combustibles liquidos ley 23966 y 24699,vialidad provincial,195.3337,70.0,True
2018,san juan,impuesto a los combustibles liquidos ley 23966 y 24699,f.e.d.e.i.,39.46339287,70.0,True
2018,san juan,impuesto a los combustibles liquidos ley 23966 y 24699,ley 24464 fo.na.vi,599.9898,70.0,True
2018,san juan,regimen de energia electrica ley 24065,fondo para compensaciones de tarifa electrica,28.1232,70.0,True
2018,san juan,regimen de energia electrica ley 24065,f.e.d.e.i.,22.03254673,70.0,True
2018,san juan,fondo compensador de desequilibrios,fondo compensador de desequilibrios,26.4,70.0,True
2018,san juan,regimen simplificado para pequeños contribuyentes ley 24977 art 59 inciso a,regimen simplificado para pequeños contribuyentes ley 24977 art 59 inciso a,157.9255,70.0,True
2018,san juan,consenso fiscal ley 27429 compensacion,consenso fiscal ley 27429 compensacion,517.615107,70.0,True
2018,san luis,coparticipacion federal de impuestos neta ley 26075,coparticipacion federal de impuestos neta ley 26075,20493.2894,74.0,True
2018,san luis,financiamiento educativo ley 26075,financiamiento educativo ley 26075,1961.9952,74.0,True
2018,san luis,transferencia de servicios ley 24049,transferencia de servicios ley 24049,18.9012,74.0,True
2018,san luis,impuesto sobre los bienes personales,ley 24699,172.9922,74.0,True
2018,san luis,impuesto sobre los activos fondo educacion ley 23906,impuesto sobre los activos fondo educacion ley 23906,0.0058,74.0,True
2018,san luis,impuesto a los combustibles liquidos ley 23966 y 24699,obras de infraestructura,76.8646,74.0,True
2018,san luis,impuesto a los combustibles liquidos ley 23966 y 24699,vialidad provincial,134.4928,74.0,True
2018,san luis,impuesto a los combustibles liquidos ley 23966 y 24699,f.e.d.e.i.,38.65923987,74.0,True
2018,san luis,impuesto a los combustibles liquidos ley 23966 y 24699,ley 24464 fo.na.vi,599.9898,74.0,True
2018,san luis,regimen de energia electrica ley 24065,fondo para compensaciones de tarifa electrica,31.0381,74.0,True
2018,san luis,regimen de energia electrica ley 24065,f.e.d.e.i.,21.58358495,74.0,True
2018,san luis,fondo compensador de desequilibrios,fondo compensador de desequilibrios,26.4,74.0,True
2018,san luis,regimen simplificado para pequeños contribuyentes ley 24977 art 59 inciso a,regimen simplificado para pequeños contribuyentes ley 24977 art 59 inciso a,106.631,74.0,True
2018,santa cruz,coparticipacion federal de impuestos neta ley 26075,coparticipacion federal de impuestos neta ley 26075,13601.7379,78.0,True
2018,santa cruz,financiamiento educativo ley 26075,financiamiento educativo ley 26075,1048.1892,78.0,True
2018,santa cruz,transferencia de servicios ley 24049,transferencia de servicios ley 24049,8.4996,78.0,True
2018,santa cruz,impuesto sobre los bienes personales,ley 24699,119.8661,78.0,True
2018,santa cruz,impuesto sobre los bienes personales,ley 23966 art 30,10.8328,78.0,True
2018,santa cruz,impuesto sobre los activos fondo educacion ley 23906,impuesto sobre los activos fondo educacion ley 23906,0.0058,78.0,True
2018,santa cruz,i.v.a.ley 23966 art 5 punto 2,i.v.a.ley 23966 art 5 punto 2,86.8936,78.0,True
2018,santa cruz,impuesto a los combustibles liquidos ley 23966 y 24699,obras de infraestructura,53.2614,78.0,True
2018,santa cruz,impuesto a los combustibles liquidos ley 23966 y 24699,vialidad provincial,152.268,78.0,True
2018,santa cruz,impuesto a los combustibles liquidos ley 23966 y 24699,f.e.d.e.i.,54.39572535,78.0,True
2018,santa cruz,impuesto a los combustibles liquidos ley 23966 y 24699,ley 24464 fo.na.vi,526.0184,78.0,True
2018,santa cruz,regimen de energia electrica ley 24065,fondo para compensaciones de tarifa electrica,77.2568,78.0,True
2018,santa cruz,regimen de energia electrica ley 24065,f.e.d.e.i.,30.36931897,78.0,True
2018,santa cruz,fondo compensador de desequilibrios,fondo compensador de desequilibrios,36.0,78.0,True
2018,santa cruz,regimen simplificado para pequeños contribuyentes ley 24977 art 59 inciso a,regimen simplificado para pequeños contribuyentes ley 24977 art 59 inciso a,73.8872,78.0,True
2018,santa cruz,consenso fiscal ley 27429 compensacion,consenso fiscal ley 27429 compensacion,69.16169159,78.0,True
2018,santa fe,coparticipacion federal de impuestos neta ley 26075,coparticipacion federal de impuestos neta ley 26075,80834.6611,82.0,True
2018,santa fe,financiamiento educativo ley 26075,financiamiento educativo ley 26075,8842.4166,82.0,True
2018,santa fe,transferencia de servicios ley 24049,transferencia de servicios ley 24049,135.4896,82.0,True
2018,santa fe,impuesto sobre los bienes personales,ley 24699,690.5786,82.0,True
2018,santa fe,impuesto sobre los bienes personales,ley 23966 art 30,148.9503,82.0,True
2018,santa fe,impuesto sobre los activos fondo educacion ley 23906,impuesto sobre los activos fondo educacion ley 23906,0.0238,82.0,True
2018,santa fe,i.v.a.ley 23966 art 5 punto 2,i.v.a.ley 23966 art 5 punto 2,1195.5354,82.0,True
2018,santa fe,impuesto a los combustibles liquidos ley 23966 y 24699,obras de infraestructura,336.8119,82.0,True
2018,santa fe,impuesto a los combustibles liquidos ley 23966 y 24699,vialidad provincial,622.1531,82.0,True
2018,santa fe,impuesto a los combustibles liquidos ley 23966 y 24699,f.e.d.e.i.,33.39647973,82.0,True
2018,santa fe,impuesto a los combustibles liquidos ley 23966 y 24699,ley 24464 fo.na.vi,946.7534,82.0,True
2018,santa fe,regimen de energia electrica ley 24065,fondo para compensaciones de tarifa electrica,22.8115,82.0,True
2018,santa fe,regimen de energia electrica ley 24065,f.e.d.e.i.,19.13535271,82.0,True
2018,santa fe,fondo compensador de desequilibrios,fondo compensador de desequilibrios,6.0,82.0,True
2018,santa fe,regimen simplificado para pequeños contribuyentes ley 24977 art 59 inciso a,regimen simplificado para pequeños contribuyentes ley 24977 art 59 inciso a,425.6299,82.0,True
2018,santa fe,consenso fiscal ley 27429 compensacion,consenso fiscal ley 27429 compensacion,1290.30114,82.0,True
2018,sgo. del estero,coparticipacion federal de impuestos neta ley 26075,coparticipacion federal de impuestos neta ley 26075,33568.9989,86.0,True
2018,sgo. del estero,financiamiento educativo ley 26075,financiamiento educativo ley 26075,4703.4129,86.0,True
2018,sgo. del estero,transferencia de servicios ley 24049,transferencia de servicios ley 24049,31.5996,86.0,True
2018,sgo. del estero,impuesto sobre los bienes personales,ley 24699,313.138,86.0,True
2018,sgo. del estero,impuesto sobre los activos fondo educacion ley 23906,impuesto sobre los activos fondo educacion ley 23906,0.0115,86.0,True
2018,sgo. del estero,impuesto a los combustibles liquidos ley 23966 y 24699,obras de infraestructura,139.1385,86.0,True
2018,sgo. del estero,impuesto a los combustibles liquidos ley 23966 y 24699,vialidad provincial,243.4862,86.0,True
2018,sgo. del estero,impuesto a los combustibles liquidos ley 23966 y 24699,f.e.d.e.i.,45.69822141,86.0,True
2018,sgo. del estero,impuesto a los combustibles liquidos ley 23966 y 24699,ley 24464 fo.na.vi,706.8374,86.0,True
2018,sgo. del estero,regimen de energia electrica ley 24065,fondo para compensaciones de tarifa electrica,30.101,86.0,True
2018,sgo. del estero,regimen de energia electrica ley 24065,f.e.d.e.i.,25.51347319,86.0,True
2018,sgo. del estero,fondo compensador de desequilibrios,fondo compensador de desequilibrios,26.4,86.0,True
2018,sgo. del estero,regimen simplificado para pequeños contribuyentes ley 24977 art 59 inciso a,regimen simplificado para pequeños contribuyentes ley 24977 art 59 inciso a,193.0207,86.0,True
2018,sgo. del estero,consenso fiscal ley 27429 compensacion,consenso fiscal ley 27429 compensacion,1399.026936,86.0,True
2018,tucuman,coparticipacion federal de impuestos neta ley 26075,coparticipacion federal de impuestos neta ley 26075,38495.1583,90.0,True
2018,tucuman,financiamiento educativo ley 26075,financiamiento educativo ley 26075,5576.904,90.0,True
2018,tucuman,transferencia de servicios ley 24049,transferencia de servicios ley 24049,55.8,90.0,True
2018,tucuman,impuesto sobre los bienes personales,ley 24699,360.583,90.0,True
2018,tucuman,impuesto sobre los activos fondo educacion ley 23906,impuesto sobre los activos fondo educacion ley 23906,0.0104,90.0,True
2018,tucuman,impuesto a los combustibles liquidos ley 23966 y 24699,obras de infraestructura,160.2195,90.0,True
2018,tucuman,impuesto a los combustibles liquidos ley 23966 y 24699,vialidad provincial,220.2477,90.0,True
2018,tucuman,impuesto a los combustibles liquidos ley 23966 y 24699,f.e.d.e.i.,34.50243156,90.0,True
2018,tucuman,impuesto a los combustibles liquidos ley 23966 y 24699,ley 24464 fo.na.vi,690.3993,90.0,True
2018,tucuman,regimen de energia electrica ley 24065,fondo para compensaciones de tarifa electrica,24.0825,90.0,True
2018,tucuman,regimen de energia electrica ley 24065,f.e.d.e.i.,19.65092751,90.0,True
2018,tucuman,fondo compensador de desequilibrios,fondo compensador de desequilibrios,26.4,90.0,True
2018,tucuman,regimen simplificado para pequeños contribuyentes ley 24977 art 59 inciso a,regimen simplificado para pequeños contribuyentes ley 24977 art 59 inciso a,222.2659,90.0,True
2018,tucuman,consenso fiscal ley 27429 compensacion,consenso fiscal ley 27429 compensacion,1703.702664,90.0,True
2018,tierra del fuego,coparticipacion federal de impuestos neta ley 26075,coparticipacion federal de impuestos neta ley 26075,10958.4765,94.0,True
2018,tierra del fuego,financiamiento educativo ley 26075,financiamiento educativo ley 26075,470.3411,94.0,True
2018,tierra del fuego,transferencia de servicios ley 24049,transferencia de servicios ley 24049,12.0,94.0,True
2018,tierra del fuego,impuesto sobre los bienes personales,ley 24699,93.4775,94.0,True
2018,tierra del fuego,impuesto sobre los bienes personales,ley 23966 art 30,0.9608,94.0,True
2018,tierra del fuego,impuesto sobre los activos fondo educacion ley 23906,impuesto sobre los activos fondo educacion ley 23906,0.0027,94.0,True
2018,tierra del fuego,i.v.a.ley 23966 art 5 punto 2,i.v.a.ley 23966 art 5 punto 2,7.7076,94.0,True
2018,tierra del fuego,impuesto a los combustibles liquidos ley 23966 y 24699,obras de infraestructura,41.5361,94.0,True
2018,tierra del fuego,impuesto a los combustibles liquidos ley 23966 y 24699,vialidad provincial,111.2276,94.0,True
2018,tierra del fuego,impuesto a los combustibles liquidos ley 23966 y 24699,f.e.d.e.i.,40.00223008,94.0,True
2018,tierra del fuego,impuesto a los combustibles liquidos ley 23966 y 24699,ley 24464 fo.na.vi,435.6091,94.0,True
2018,tierra del fuego,regimen de energia electrica ley 24065,fondo para compensaciones de tarifa electrica,22.5893,94.0,True
2018,tierra del fuego,regimen de energia electrica ley 24065,f.e.d.e.i.,22.33338141,94.0,True
2018,tierra del fuego,fondo compensador de desequilibrios,fondo compensador de desequilibrios,36.0,94.0,True
2018,tierra del fuego,regimen simplificado para pequeños contribuyentes ley 24977 art 59 inciso a,regimen simplificado para pequeños contribuyentes ley 24977 art 59 inciso a,57.6214,94.0,True
2018,tierra del fuego,consenso fiscal ley 27429 compensacion,consenso fiscal ley 27429 compensacion,34.25416862,94.0,True
2018,c.a.b.a,coparticipacion federal de impuestos neta ley 26075,coparticipacion federal de impuestos neta ley 26075,50254.9521,2.0,True
2018,c.a.b.a,financiamiento educativo ley 26075,financiamiento educativo ley 26075,7001.3661,2.0,True
2018,c.a.b.a,impuesto sobre los activos fondo educacion ley 23906,impuesto sobre los activos fondo educacion ley 23906,0.0101,2.0,True
2018,c.a.b.a,impuesto a los combustibles liquidos ley 23966 y 24699,ley 24464 fo.na.vi,213.6952,2.0,True
2018,tesoro nacional,coparticipacion federal de impuestos neta ley 26075,coparticipacion federal de impuestos neta ley 26075,622246.6056,,False
2018,tesoro nacional,impuesto sobre los bienes personales,ley 24699,5560.5726,,False
2018,tesoro nacional,impuesto sobre los activos fondo educacion ley 23906,impuesto sobre los activos fondo educacion ley 23906,0.1518,,False
2018,tesoro nacional,impuesto a los combustibles liquidos ley 23966 y 24699,vialidad provincial,11344.9878,,False
2018,tesoro nacional,consenso fiscal ley 27429 compensacion,consenso fiscal ley 27429 compensacion,-18456.72998,,False
2018,seguridad social,coparticipacion federal de impuestos neta ley 26075,coparticipacion federal de impuestos neta ley 26075,92288.6457,,False
2018,seguridad social,i.v.a.ley 23966 art 5 punto 2,i.v.a.ley 23966 art 5 punto 2,107115.4044,,False
2018,seguridad social,regimen simplificado para pequeños contribuyentes ley 24977 art 59 inciso a,regimen simplificado para pequeños contribuyentes ley 24977 art 59 inciso a,11016.8905,,False
2018,fondo a.t.n.,coparticipacion federal de impuestos neta ley 26075,coparticipacion federal de impuestos neta ley 26075,16314.8037,,False
2018,fondo a.t.n.,impuesto sobre los bienes personales,ley 24699,133.5392,,False
2019,buenos aires,coparticipacion federal de impuestos neta ley 26075,coparticipacion federal de impuestos neta ley 26075,234598.6884,6.0,True
2019,buenos aires,financiamiento educativo ley 26075,financiamiento educativo ley 26075,65213.652,6.0,True
2019,buenos aires,transferencia de servicios ley 24049,transferencia de servicios ley 24049,420.1008,6.0,True
2019,buenos aires,impuesto sobre los bienes personales,ley 24699,3568.7898,6.0,True
2019,buenos aires,impuesto sobre los bienes personales,ley 23966 art 30,849.6247,6.0,True
2019,buenos aires,impuesto sobre los activos fondo educacion ley 23906,impuesto sobre los activos fondo educacion ley 23906,0.0613,6.0,True
2019,buenos aires,i.v.a.ley 23966 art 5 punto 2,i.v.a.ley 23966 art 5 punto 2,4485.1228,6.0,True
2019,buenos aires,impuesto a los combustibles liquidos ley 23966 y 24699,obras de infraestructura,955.335,6.0,True
2019,buenos aires,impuesto a los combustibles liquidos ley 23966 y 24699,vialidad provincial,2255.6199,6.0,True
2019,buenos aires,impuesto a los combustibles liquidos ley 23966 y 24699,f.e.d.e.i.,58.68957102,6.0,True
2019,buenos aires,impuesto a los combustibles liquidos ley 23966 y 24699,ley 24464 fo.na.vi,3175.9292,6.0,True
2019,buenos aires,regimen de energia electrica ley 24065,fondo para compensaciones de tarifa electrica,147.3792,6.0,True
2019,buenos aires,regimen de energia electrica ley 24065,f.e.d.e.i.,58.51581277,6.0,True
2019,buenos aires,regimen simplificado para pequeños contribuyentes ley 24977 art 59 inciso a,regimen simplificado para pequeños contribuyentes ley 24977 art 59 inciso a,1319.1437,6.0,True
2019,buenos aires,consenso fiscal ley 27429 compensacion,consenso fiscal ley 27429 compensacion,44000.0,6.0,True
2019,buenos aires,compensacion  medida cautelar/decreto,compensacion  medida cautelar/decreto,886.666014,6.0,True
2019,catamarca,coparticipacion federal de impuestos neta ley 26075,coparticipacion federal de impuestos neta ley 26075,34281.208,10.0,True
2019,catamarca,financiamiento educativo ley 26075,financiamiento educativo ley 26075,3322.7336,10.0,True
2019,catamarca,transferencia de servicios ley 24049,transferencia de servicios ley 24049,21.3996,10.0,True
2019,catamarca,impuesto sobre los bienes personales,ley 24699,447.6152,10.0,True
2019,catamarca,impuesto sobre los activos fondo educacion ley 23906,impuesto sobre los activos fondo educacion ley 23906,0.0046,10.0,True
2019,catamarca,impuesto a los combustibles liquidos ley 23966 y 24699,obras de infraestructura,123.5874,10.0,True
2019,catamarca,impuesto a los combustibles liquidos ley 23966 y 24699,vialidad provincial,170.9563,10.0,True
2019,catamarca,impuesto a los combustibles liquidos ley 23966 y 24699,f.e.d.e.i.,88.45371933,10.0,True
2019,catamarca,impuesto a los combustibles liquidos ley 23966 y 24699,ley 24464 fo.na.vi,459.9623,10.0,True
2019,catamarca,regimen de energia electrica ley 24065,fondo para compensaciones de tarifa electrica,117.344,10.0,True
2019,catamarca,regimen de energia electrica ley 24065,f.e.d.e.i.,88.19183945,10.0,True
2019,catamarca,fondo compensador de desequilibrios,fondo compensador de desequilibrios,26.4,10.0,True
2019,catamarca,regimen simplificado para pequeños contribuyentes ley 24977 art 59 inciso a,regimen simplificado para pequeños contribuyentes ley 24977 art 59 inciso a,165.4561,10.0,True
2019,catamarca,consenso fiscal ley 27429 compensacion,consenso fiscal ley 27429 compensacion,301.0763899,10.0,True
2019,catamarca,compensacion  medida cautelar/decreto,compensacion  medida cautelar/decreto,108.135395,10.0,True
2019,cordoba,coparticipacion federal de impuestos neta ley 26075,coparticipacion federal de impuestos neta ley 26075,110308.2573,14.0,True
2019,cordoba,financiamiento educativo ley 26075,financiamiento educativo ley 26075,14672.071,14.0,True
2019,cordoba,transferencia de servicios ley 24049,transferencia de servicios ley 24049,125.3004,14.0,True
2019,cordoba,impuesto sobre los bienes personales,ley 24699,1443.0113,14.0,True
2019,cordoba,impuesto sobre los bienes personales,ley 23966 art 30,290.1505,14.0,True
2019,cordoba,impuesto sobre los activos fondo educacion ley 23906,impuesto sobre los activos fondo educacion ley 23906,0.017,14.0,True
2019,cordoba,i.v.a.ley 23966 art 5 punto 2,i.v.a.ley 23966 art 5 punto 2,1531.6887,14.0,True
2019,cordoba,impuesto a los combustibles liquidos ley 23966 y 24699,obras de infraestructura,398.4148,14.0,True
2019,cordoba,impuesto a los combustibles liquidos ley 23966 y 24699,vialidad provincial,979.2113,14.0,True
2019,cordoba,impuesto a los combustibles liquidos ley 23966 y 24699,f.e.d.e.i.,58.68957102,14.0,True
2019,cordoba,impuesto a los combustibles liquidos ley 23966 y 24699,ley 24464 fo.na.vi,1237.5174,14.0,True
2019,cordoba,regimen de energia electrica ley 24065,fondo para compensaciones de tarifa electrica,83.4974,14.0,True
2019,cordoba,regimen de energia electrica ley 24065,f.e.d.e.i.,58.51581277,14.0,True
2019,cordoba,fondo compensador de desequilibrios,fondo compensador de desequilibrios,6.0,14.0,True
2019,cordoba,regimen simplificado para pequeños contribuyentes ley 24977 art 59 inciso a,regimen simplificado para pequeños contribuyentes ley 24977 art 59 inciso a,533.3884,14.0,True
2019,cordoba,consenso fiscal ley 27429 compensacion,consenso fiscal ley 27429 compensacion,1753.637157,14.0,True
2019,cordoba,compensacion  medida cautelar/decreto,compensacion  medida cautelar/decreto,367.757412,14.0,True
2019,corrientes,coparticipacion federal de impuestos neta ley 26075,coparticipacion federal de impuestos neta ley 26075,44266.8373,18.0,True
2019,corrientes,financiamiento educativo ley 26075,financiamiento educativo ley 26075,6485.3356,18.0,True
2019,corrientes,transferencia de servicios ley 24049,transferencia de servicios ley 24049,38.6004,18.0,True
2019,corrientes,impuesto sobre los bienes personales,ley 24699,604.1241,18.0,True
2019,corrientes,impuesto sobre los bienes personales,ley 23966 art 30,92.7767,18.0,True
2019,corrientes,impuesto sobre los activos fondo educacion ley 23906,impuesto sobre los activos fondo educacion ley 23906,0.0077,18.0,True
2019,corrientes,i.v.a.ley 23966 art 5 punto 2,i.v.a.ley 23966 art 5 punto 2,489.7633,18.0,True
2019,corrientes,impuesto a los combustibles liquidos ley 23966 y 24699,obras de infraestructura,166.7981,18.0,True
2019,corrientes,impuesto a los combustibles liquidos ley 23966 y 24699,vialidad provincial,273.9946,18.0,True
2019,corrientes,impuesto a los combustibles liquidos ley 23966 y 24699,f.e.d.e.i.,74.3006836,18.0,True
2019,corrientes,impuesto a los combustibles liquidos ley 23966 y 24699,ley 24464 fo.na.vi,1084.1963,18.0,True
2019,corrientes,regimen de energia electrica ley 24065,fondo para compensaciones de tarifa electrica,116.1967,18.0,True
2019,corrientes,regimen de energia electrica ley 24065,f.e.d.e.i.,74.08070686,18.0,True
2019,corrientes,fondo compensador de desequilibrios,fondo compensador de desequilibrios,18.0,18.0,True
2019,corrientes,regimen simplificado para pequeños contribuyentes ley 24977 art 59 inciso a,regimen simplificado para pequeños contribuyentes ley 24977 art 59 inciso a,223.3054,18.0,True
2019,corrientes,consenso fiscal ley 27429 compensacion,consenso fiscal ley 27429 compensacion,2196.022163,18.0,True
2019,corrientes,compensacion  medida cautelar/decreto,compensacion  medida cautelar/decreto,148.6218,18.0,True
2019,chaco,coparticipacion federal de impuestos neta ley 26075,coparticipacion federal de impuestos neta ley 26075,60641.6957,22.0,True
2019,chaco,financiamiento educativo ley 26075,financiamiento educativo ley 26075,7466.1425,22.0,True
2019,chaco,transferencia de servicios ley 24049,transferencia de servicios ley 24049,33.6,22.0,True
2019,chaco,impuesto sobre los bienes personales,ley 24699,810.7156,22.0,True
2019,chaco,impuesto sobre los bienes personales,ley 23966 art 30,72.9383,22.0,True
2019,chaco,impuesto sobre los activos fondo educacion ley 23906,impuesto sobre los activos fondo educacion ley 23906,0.01,22.0,True
2019,chaco,i.v.a.ley 23966 art 5 punto 2,i.v.a.ley 23966 art 5 punto 2,385.0369,22.0,True
2019,chaco,impuesto a los combustibles liquidos ley 23966 y 24699,obras de infraestructura,223.8395,22.0,True
2019,chaco,impuesto a los combustibles liquidos ley 23966 y 24699,vialidad provincial,323.231,22.0,True
2019,chaco,impuesto a los combustibles liquidos ley 23966 y 24699,f.e.d.e.i.,78.91375434,22.0,True
2019,chaco,impuesto a los combustibles liquidos ley 23966 y 24699,ley 24464 fo.na.vi,1007.5362,22.0,True
2019,chaco,regimen de energia electrica ley 24065,fondo para compensaciones de tarifa electrica,121.9968,22.0,True
2019,chaco,regimen de energia electrica ley 24065,f.e.d.e.i.,78.6801194,22.0,True
2019,chaco,fondo compensador de desequilibrios,fondo compensador de desequilibrios,6.0,22.0,True
2019,chaco,regimen simplificado para pequeños contribuyentes ley 24977 art 59 inciso a,regimen simplificado para pequeños contribuyentes ley 24977 art 59 inciso a,299.6713,22.0,True
2019,chaco,consenso fiscal ley 27429 compensacion,consenso fiscal ley 27429 compensacion,2677.762948,22.0,True
2019,chaco,compensacion  medida cautelar/decreto,compensacion  medida cautelar/decreto,197.958064,22.0,True
2019,chubut,coparticipacion federal de impuestos neta ley 26075,coparticipacion federal de impuestos neta ley 26075,18448.9944,26.0,True
2019,chubut,financiamiento educativo ley 26075,financiamiento educativo ley 26075,3142.5855,26.0,True
2019,chubut,transferencia de servicios ley 24049,transferencia de servicios ley 24049,24.2004,26.0,True
2019,chubut,impuesto sobre los bienes personales,ley 24699,257.0134,26.0,True
2019,chubut,impuesto sobre los bienes personales,ley 23966 art 30,28.5321,26.0,True
2019,chubut,impuesto sobre los activos fondo educacion ley 23906,impuesto sobre los activos fondo educacion ley 23906,0.0046,26.0,True
2019,chubut,i.v.a.ley 23966 art 5 punto 2,i.v.a.ley 23966 art 5 punto 2,150.6192,26.0,True
2019,chubut,impuesto a los combustibles liquidos ley 23966 y 24699,obras de infraestructura,70.9627,26.0,True
2019,chubut,impuesto a los combustibles liquidos ley 23966 y 24699,vialidad provincial,248.8823,26.0,True
2019,chubut,impuesto a los combustibles liquidos ley 23966 y 24699,f.e.d.e.i.,82.73972706,26.0,True
2019,chubut,impuesto a los combustibles liquidos ley 23966 y 24699,ley 24464 fo.na.vi,700.8947,26.0,True
2019,chubut,regimen de energia electrica ley 24065,fondo para compensaciones de tarifa electrica,154.2554,26.0,True
2019,chubut,regimen de energia electrica ley 24065,f.e.d.e.i.,82.49476448,26.0,True
2019,chubut,fondo compensador de desequilibrios,fondo compensador de desequilibrios,36.0,26.0,True
2019,chubut,regimen simplificado para pequeños contribuyentes ley 24977 art 59 inciso a,regimen simplificado para pequeños contribuyentes ley 24977 art 59 inciso a,95.0034,26.0,True
2019,chubut,consenso fiscal ley 27429 compensacion,consenso fiscal ley 27429 compensacion,507.8901393,26.0,True
2019,chubut,compensacion  medida cautelar/decreto,compensacion  medida cautelar/decreto,62.912819,26.0,True
2019,entre rios,coparticipacion federal de impuestos neta ley 26075,coparticipacion federal de impuestos neta ley 26075,60156.1808,30.0,True
2019,entre rios,financiamiento educativo ley 26075,financiamiento educativo ley 26075,6505.3519,30.0,True
2019,entre rios,transferencia de servicios ley 24049,transferencia de servicios ley 24049,67.4988,30.0,True
2019,entre rios,impuesto sobre los bienes personales,ley 24699,793.4998,30.0,True
2019,entre rios,impuesto sobre los bienes personales,ley 23966 art 30,125.9189,30.0,True
2019,entre rios,impuesto sobre los activos fondo educacion ley 23906,impuesto sobre los activos fondo educacion ley 23906,0.0079,30.0,True
2019,entre rios,i.v.a.ley 23966 art 5 punto 2,i.v.a.ley 23966 art 5 punto 2,664.7191,30.0,True
2019,entre rios,impuesto a los combustibles liquidos ley 23966 y 24699,obras de infraestructura,219.0826,30.0,True
2019,entre rios,impuesto a los combustibles liquidos ley 23966 y 24699,vialidad provincial,394.1289,30.0,True
2019,entre rios,impuesto a los combustibles liquidos ley 23966 y 24699,f.e.d.e.i.,67.91300352,30.0,True
2019,entre rios,impuesto a los combustibles liquidos ley 23966 y 24699,ley 24464 fo.na.vi,854.2154,30.0,True
2019,entre rios,regimen de energia electrica ley 24065,fondo para compensaciones de tarifa electrica,116.7055,30.0,True
2019,entre rios,regimen de energia electrica ley 24065,f.e.d.e.i.,67.71193823,30.0,True
2019,entre rios,fondo compensador de desequilibrios,fondo compensador de desequilibrios,21.6,30.0,True
2019,entre rios,regimen simplificado para pequeños contribuyentes ley 24977 art 59 inciso a,regimen simplificado para pequeños contribuyentes ley 24977 art 59 inciso a,293.3028,30.0,True
2019,entre rios,consenso fiscal ley 27429 compensacion,consenso fiscal ley 27429 compensacion,1228.956749,30.0,True
2019,entre rios,compensacion  medida cautelar/decreto,compensacion  medida cautelar/decreto,195.327635,30.0,True
2019,formosa,coparticipacion federal de impuestos neta ley 26075,coparticipacion federal de impuestos neta ley 26075,45498.0023,34.0,True
2019,formosa,financiamiento educativo ley 26075,financiamiento educativo ley 26075,4263.5077,34.0,True
2019,formosa,transferencia de servicios ley 24049,transferencia de servicios ley 24049,20.7012,34.0,True
2019,formosa,impuesto sobre los bienes personales,ley 24699,591.6033,34.0,True
2019,formosa,impuesto sobre los bienes personales,ley 23966 art 30,33.9761,34.0,True
2019,formosa,impuesto sobre los activos fondo educacion ley 23906,impuesto sobre los activos fondo educacion ley 23906,0.0056,34.0,True
2019,formosa,i.v.a.ley 23966 art 5 punto 2,i.v.a.ley 23966 art 5 punto 2,179.3578,34.0,True
2019,formosa,impuesto a los combustibles liquidos ley 23966 y 24699,obras de infraestructura,163.3428,34.0,True
2019,formosa,impuesto a los combustibles liquidos ley 23966 y 24699,vialidad provincial,177.687,34.0,True
2019,formosa,impuesto a los combustibles liquidos ley 23966 y 24699,f.e.d.e.i.,82.91841691,34.0,True
2019,formosa,impuesto a los combustibles liquidos ley 23966 y 24699,ley 24464 fo.na.vi,876.1185,34.0,True
2019,formosa,regimen de energia electrica ley 24065,fondo para compensaciones de tarifa electrica,99.0469,34.0,True
2019,formosa,regimen de energia electrica ley 24065,f.e.d.e.i.,81.36067932,34.0,True
2019,formosa,fondo compensador de desequilibrios,fondo compensador de desequilibrios,26.4,34.0,True
2019,formosa,regimen simplificado para pequeños contribuyentes ley 24977 art 59 inciso a,regimen simplificado para pequeños contribuyentes ley 24977 art 59 inciso a,218.6795,34.0,True
2019,formosa,consenso fiscal ley 27429 compensacion,consenso fiscal ley 27429 compensacion,1316.828498,34.0,True
2019,formosa,compensacion  medida cautelar/decreto,compensacion  medida cautelar/decreto,143.9005,34.0,True
2019,jujuy,coparticipacion federal de impuestos neta ley 26075,coparticipacion federal de impuestos neta ley 26075,34643.8738,38.0,True
2019,jujuy,financiamiento educativo ley 26075,financiamiento educativo ley 26075,4143.409,38.0,True
2019,jujuy,transferencia de servicios ley 24049,transferencia de servicios ley 24049,33.3,38.0,True
2019,jujuy,impuesto sobre los bienes personales,ley 24699,461.7009,38.0,True
2019,jujuy,impuesto sobre los activos fondo educacion ley 23906,impuesto sobre los activos fondo educacion ley 23906,0.0048,38.0,True
2019,jujuy,impuesto a los combustibles liquidos ley 23966 y 24699,obras de infraestructura,127.4739,38.0,True
2019,jujuy,impuesto a los combustibles liquidos ley 23966 y 24699,vialidad provincial,197.5863,38.0,True
2019,jujuy,impuesto a los combustibles liquidos ley 23966 y 24699,f.e.d.e.i.,66.19915232,38.0,True
2019,jujuy,impuesto a los combustibles liquidos ley 23966 y 24699,ley 24464 fo.na.vi,657.0887,38.0,True
2019,jujuy,regimen de energia electrica ley 24065,fondo para compensaciones de tarifa electrica,125.0277,38.0,True
2019,jujuy,regimen de energia electrica ley 24065,f.e.d.e.i.,73.36834066,38.0,True
2019,jujuy,fondo compensador de desequilibrios,fondo compensador de desequilibrios,26.4,38.0,True
2019,jujuy,regimen simplificado para pequeños contribuyentes ley 24977 art 59 inciso a,regimen simplificado para pequeños contribuyentes ley 24977 art 59 inciso a,170.6588,38.0,True
2019,jujuy,consenso fiscal ley 27429 compensacion,consenso fiscal ley 27429 compensacion,1275.757354,38.0,True
2019,jujuy,compensacion  medida cautelar/decreto,compensacion  medida cautelar/decreto,111.538267,38.0,True
2019,la pampa,coparticipacion federal de impuestos neta ley 26075,coparticipacion federal de impuestos neta ley 26075,23879.411,42.0,True
2019,la pampa,financiamiento educativo ley 26075,financiamiento educativo ley 26075,2261.8608,42.0,True
2019,la pampa,transferencia de servicios ley 24049,transferencia de servicios ley 24049,19.2,42.0,True
2019,la pampa,impuesto sobre los bienes personales,ley 24699,311.1052,42.0,True
2019,la pampa,impuesto sobre los bienes personales,ley 23966 art 30,25.0552,42.0,True
2019,la pampa,impuesto sobre los activos fondo educacion ley 23906,impuesto sobre los activos fondo educacion ley 23906,0.0042,42.0,True
2019,la pampa,i.v.a.ley 23966 art 5 punto 2,i.v.a.ley 23966 art 5 punto 2,132.312,42.0,True
2019,la pampa,impuesto a los combustibles liquidos ley 23966 y 24699,obras de infraestructura,85.8949,42.0,True
2019,la pampa,impuesto a los combustibles liquidos ley 23966 y 24699,vialidad provincial,258.0175,42.0,True
2019,la pampa,impuesto a los combustibles liquidos ley 23966 y 24699,f.e.d.e.i.,65.32404453,42.0,True
2019,la pampa,impuesto a los combustibles liquidos ley 23966 y 24699,ley 24464 fo.na.vi,446.5434,42.0,True
2019,la pampa,regimen de energia electrica ley 24065,fondo para compensaciones de tarifa electrica,161.0599,42.0,True
2019,la pampa,regimen de energia electrica ley 24065,f.e.d.e.i.,65.13064332,42.0,True
2019,la pampa,fondo compensador de desequilibrios,fondo compensador de desequilibrios,30.0,42.0,True
2019,la pampa,regimen simplificado para pequeños contribuyentes ley 24977 art 59 inciso a,regimen simplificado para pequeños contribuyentes ley 24977 art 59 inciso a,115.002,42.0,True
2019,la pampa,compensacion  medida cautelar/decreto,compensacion  medida cautelar/decreto,75.879539,42.0,True
2019,la rioja,coparticipacion federal de impuestos neta ley 26075,coparticipacion federal de impuestos neta ley 26075,25666.5568,46.0,True
2019,la rioja,financiamiento educativo ley 26075,financiamiento educativo ley 26075,2602.141,46.0,True
2019,la rioja,transferencia de servicios ley 24049,transferencia de servicios ley 24049,20.2992,46.0,True
2019,la rioja,impuesto sobre los bienes personales,ley 24699,336.4939,46.0,True
2019,la rioja,impuesto sobre los activos fondo educacion ley 23906,impuesto sobre los activos fondo educacion ley 23906,0.0037,46.0,True
2019,la rioja,impuesto a los combustibles liquidos ley 23966 y 24699,obras de infraestructura,92.9059,46.0,True
2019,la rioja,impuesto a los combustibles liquidos ley 23966 y 24699,vialidad provincial,184.6142,46.0,True
2019,la rioja,impuesto a los combustibles liquidos ley 23966 y 24699,f.e.d.e.i.,86.06585044,46.0,True
2019,la rioja,impuesto a los combustibles liquidos ley 23966 y 24699,ley 24464 fo.na.vi,438.0594,46.0,True
2019,la rioja,regimen de energia electrica ley 24065,fondo para compensaciones de tarifa electrica,20.4059,46.0,True
2019,la rioja,regimen de energia electrica ley 24065,f.e.d.e.i.,85.81104057,46.0,True
2019,la rioja,fondo compensador de desequilibrios,fondo compensador de desequilibrios,26.4,46.0,True
2019,la rioja,regimen simplificado para pequeños contribuyentes ley 24977 art 59 inciso a,regimen simplificado para pequeños contribuyentes ley 24977 art 59 inciso a,124.3803,46.0,True
2019,la rioja,consenso fiscal ley 27429 compensacion,consenso fiscal ley 27429 compensacion,395.6707059,46.0,True
2019,la rioja,compensacion  medida cautelar/decreto,compensacion  medida cautelar/decreto,81.290607,46.0,True
2019,mendoza,coparticipacion federal de impuestos neta ley 26075,coparticipacion federal de impuestos neta ley 26075,47784.3159,50.0,True
2019,mendoza,financiamiento educativo ley 26075,financiamiento educativo ley 26075,9147.5257,50.0,True
2019,mendoza,transferencia de servicios ley 24049,transferencia de servicios ley 24049,61.6992,50.0,True
2019,mendoza,impuesto sobre los bienes personales,ley 24699,677.6832,50.0,True
2019,mendoza,impuesto sobre los activos fondo educacion ley 23906,impuesto sobre los activos fondo educacion ley 23906,0.0082,50.0,True
2019,mendoza,impuesto a los combustibles liquidos ley 23966 y 24699,obras de infraestructura,187.1089,50.0,True
2019,mendoza,impuesto a los combustibles liquidos ley 23966 y 24699,vialidad provincial,379.0383,50.0,True
2019,mendoza,impuesto a los combustibles liquidos ley 23966 y 24699,f.e.d.e.i.,66.80378889,50.0,True
2019,mendoza,impuesto a los combustibles liquidos ley 23966 y 24699,ley 24464 fo.na.vi,876.1185,50.0,True
2019,mendoza,regimen de energia electrica ley 24065,fondo para compensaciones de tarifa electrica,92.5556,50.0,True
2019,mendoza,regimen de energia electrica ley 24065,f.e.d.e.i.,66.60600692,50.0,True
2019,mendoza,fondo compensador de desequilibrios,fondo compensador de desequilibrios,26.4,50.0,True
2019,mendoza,regimen simplificado para pequeños contribuyentes ley 24977 art 59 inciso a,regimen simplificado para pequeños contribuyentes ley 24977 art 59 inciso a,250.497,50.0,True
2019,mendoza,consenso fiscal ley 27429 compensacion,consenso fiscal ley 27429 compensacion,1869.984756,50.0,True
2019,mendoza,compensacion  medida cautelar/decreto,compensacion  medida cautelar/decreto,163.715469,50.0,True
2019,misiones,coparticipacion federal de impuestos neta ley 26075,coparticipacion federal de impuestos neta ley 26075,37432.1263,54.0,True
2019,misiones,financiamiento educativo ley 26075,financiamiento educativo ley 26075,7666.3074,54.0,True
2019,misiones,transferencia de servicios ley 24049,transferencia de servicios ley 24049,34.1004,54.0,True
2019,misiones,impuesto sobre los bienes personales,ley 24699,536.8253,54.0,True
2019,misiones,impuesto sobre los bienes personales,ley 23966 art 30,39.8334,54.0,True
2019,misiones,impuesto sobre los activos fondo educacion ley 23906,impuesto sobre los activos fondo educacion ley 23906,0.0061,54.0,True
2019,misiones,i.v.a.ley 23966 art 5 punto 2,i.v.a.ley 23966 art 5 punto 2,210.2774,54.0,True
2019,misiones,impuesto a los combustibles liquidos ley 23966 y 24699,obras de infraestructura,148.2151,54.0,True
2019,misiones,impuesto a los combustibles liquidos ley 23966 y 24699,vialidad provincial,282.1728,54.0,True
2019,misiones,impuesto a los combustibles liquidos ley 23966 y 24699,f.e.d.e.i.,113.9844481,54.0,True
2019,misiones,impuesto a los combustibles liquidos ley 23966 y 24699,ley 24464 fo.na.vi,1029.4391,54.0,True
2019,misiones,regimen de energia electrica ley 24065,fondo para compensaciones de tarifa electrica,165.3816,54.0,True
2019,misiones,regimen de energia electrica ley 24065,f.e.d.e.i.,122.2911812,54.0,True
2019,misiones,fondo compensador de desequilibrios,fondo compensador de desequilibrios,26.4,54.0,True
2019,misiones,regimen simplificado para pequeños contribuyentes ley 24977 art 59 inciso a,regimen simplificado para pequeños contribuyentes ley 24977 art 59 inciso a,198.4271,54.0,True
2019,misiones,consenso fiscal ley 27429 compensacion,consenso fiscal ley 27429 compensacion,2476.439715,54.0,True
2019,misiones,compensacion  medida cautelar/decreto,compensacion  medida cautelar/decreto,130.836127,54.0,True
2019,neuquen,coparticipacion federal de impuestos neta ley 26075,coparticipacion federal de impuestos neta ley 26075,20412.5963,58.0,True
2019,neuquen,financiamiento educativo ley 26075,financiamiento educativo ley 26075,3282.7006,58.0,True
2019,neuquen,transferencia de servicios ley 24049,transferencia de servicios ley 24049,17.3988,58.0,True
2019,neuquen,impuesto sobre los bienes personales,ley 24699,282.0549,58.0,True
2019,neuquen,impuesto sobre los bienes personales,ley 23966 art 30,17.9144,58.0,True
2019,neuquen,impuesto sobre los activos fondo educacion ley 23906,impuesto sobre los activos fondo educacion ley 23906,0.0057,58.0,True
2019,neuquen,i.v.a.ley 23966 art 5 punto 2,i.v.a.ley 23966 art 5 punto 2,94.5676,58.0,True
2019,neuquen,impuesto a los combustibles liquidos ley 23966 y 24699,obras de infraestructura,77.8737,58.0,True
2019,neuquen,impuesto a los combustibles liquidos ley 23966 y 24699,vialidad provincial,258.2156,58.0,True
2019,neuquen,impuesto a los combustibles liquidos ley 23966 y 24699,f.e.d.e.i.,76.73374701,58.0,True
2019,neuquen,impuesto a los combustibles liquidos ley 23966 y 24699,ley 24464 fo.na.vi,941.8273,58.0,True
2019,neuquen,regimen de energia electrica ley 24065,fondo para compensaciones de tarifa electrica,130.7994,58.0,True
2019,neuquen,regimen de energia electrica ley 24065,f.e.d.e.i.,76.50656668,58.0,True
2019,neuquen,fondo compensador de desequilibrios,fondo compensador de desequilibrios,30.0,58.0,True
2019,neuquen,regimen simplificado para pequeños contribuyentes ley 24977 art 59 inciso a,regimen simplificado para pequeños contribuyentes ley 24977 art 59 inciso a,104.2554,58.0,True
2019,neuquen,consenso fiscal ley 27429 compensacion,consenso fiscal ley 27429 compensacion,684.3771138,58.0,True
2019,neuquen,compensacion  medida cautelar/decreto,compensacion  medida cautelar/decreto,68.656013,58.0,True
2019,rio negro,coparticipacion federal de impuestos neta ley 26075,coparticipacion federal de impuestos neta ley 26075,30785.3525,62.0,True
2019,rio negro,financiamiento educativo ley 26075,financiamiento educativo ley 26075,3663.0138,62.0,True
2019,rio negro,transferencia de servicios ley 24049,transferencia de servicios ley 24049,14.6004,62.0,True
2019,rio negro,impuesto sobre los bienes personales,ley 24699,410.0531,62.0,True
2019,rio negro,impuesto sobre los activos fondo educacion ley 23906,impuesto sobre los activos fondo educacion ley 23906,0.0064,62.0,True
2019,rio negro,impuesto a los combustibles liquidos ley 23966 y 24699,obras de infraestructura,113.2166,62.0,True
2019,rio negro,impuesto a los combustibles liquidos ley 23966 y 24699,vialidad provincial,226.6091,62.0,True
2019,rio negro,impuesto a los combustibles liquidos ley 23966 y 24699,f.e.d.e.i.,71.29938679,62.0,True
2019,rio negro,impuesto a los combustibles liquidos ley 23966 y 24699,ley 24464 fo.na.vi,985.6331,62.0,True
2019,rio negro,regimen de energia electrica ley 24065,fondo para compensaciones de tarifa electrica,97.2429,62.0,True
2019,rio negro,regimen de energia electrica ley 24065,f.e.d.e.i.,71.08829323,62.0,True
2019,rio negro,fondo compensador de desequilibrios,fondo compensador de desequilibrios,30.0,62.0,True
2019,rio negro,regimen simplificado para pequeños contribuyentes ley 24977 art 59 inciso a,regimen simplificado para pequeños contribuyentes ley 24977 art 59 inciso a,151.572,62.0,True
2019,rio negro,consenso fiscal ley 27429 compensacion,consenso fiscal ley 27429 compensacion,637.5191056,62.0,True
2019,rio negro,compensacion  medida cautelar/decreto,compensacion  medida cautelar/decreto,99.061106,62.0,True
2019,salta,coparticipacion federal de impuestos neta ley 26075,coparticipacion federal de impuestos neta ley 26075,44783.7525,66.0,True
2019,salta,financiamiento educativo ley 26075,financiamiento educativo ley 26075,7546.2084,66.0,True
2019,salta,transferencia de servicios ley 24049,transferencia de servicios ley 24049,39.8004,66.0,True
2019,salta,impuesto sobre los bienes personales,ley 24699,622.905,66.0,True
2019,salta,impuesto sobre los activos fondo educacion ley 23906,impuesto sobre los activos fondo educacion ley 23906,0.0083,66.0,True
2019,salta,impuesto a los combustibles liquidos ley 23966 y 24699,obras de infraestructura,171.9857,66.0,True
2019,salta,impuesto a los combustibles liquidos ley 23966 y 24699,vialidad provincial,290.0754,66.0,True
2019,salta,impuesto a los combustibles liquidos ley 23966 y 24699,f.e.d.e.i.,72.94230516,66.0,True
2019,salta,impuesto a los combustibles liquidos ley 23966 y 24699,ley 24464 fo.na.vi,876.1185,66.0,True
2019,salta,regimen de energia electrica ley 24065,fondo para compensaciones de tarifa electrica,118.3061,66.0,True
2019,salta,regimen de energia electrica ley 24065,f.e.d.e.i.,72.72634997,66.0,True
2019,salta,fondo compensador de desequilibrios,fondo compensador de desequilibrios,30.0,66.0,True
2019,salta,regimen simplificado para pequeños contribuyentes ley 24977 art 59 inciso a,regimen simplificado para pequeños contribuyentes ley 24977 art 59 inciso a,230.2506,66.0,True
2019,salta,consenso fiscal ley 27429 compensacion,consenso fiscal ley 27429 compensacion,3491.264822,66.0,True
2019,salta,compensacion  medida cautelar/decreto,compensacion  medida cautelar/decreto,150.482124,66.0,True
2019,san juan,coparticipacion federal de impuestos neta ley 26075,coparticipacion federal de impuestos neta ley 26075,41306.3069,70.0,True
2019,san juan,financiamiento educativo ley 26075,financiamiento educativo ley 26075,4843.9848,70.0,True
2019,san juan,transferencia de servicios ley 24049,transferencia de servicios ley 24049,30.0996,70.0,True
2019,san juan,impuesto sobre los bienes personales,ley 24699,549.3458,70.0,True
2019,san juan,impuesto sobre los activos fondo educacion ley 23906,impuesto sobre los activos fondo educacion ley 23906,0.0048,70.0,True
2019,san juan,impuesto a los combustibles liquidos ley 23966 y 24699,obras de infraestructura,151.675,70.0,True
2019,san juan,impuesto a los combustibles liquidos ley 23966 y 24699,vialidad provincial,265.3731,70.0,True
2019,san juan,impuesto a los combustibles liquidos ley 23966 y 24699,f.e.d.e.i.,67.57548315,70.0,True
2019,san juan,impuesto a los combustibles liquidos ley 23966 y 24699,ley 24464 fo.na.vi,799.4581,70.0,True
2019,san juan,regimen de energia electrica ley 24065,fondo para compensaciones de tarifa electrica,92.5858,70.0,True
2019,san juan,regimen de energia electrica ley 24065,f.e.d.e.i.,67.37541648,70.0,True
2019,san juan,fondo compensador de desequilibrios,fondo compensador de desequilibrios,26.4,70.0,True
2019,san juan,regimen simplificado para pequeños contribuyentes ley 24977 art 59 inciso a,regimen simplificado para pequeños contribuyentes ley 24977 art 59 inciso a,203.0591,70.0,True
2019,san juan,consenso fiscal ley 27429 compensacion,consenso fiscal ley 27429 compensacion,801.2606425,70.0,True
2019,san juan,compensacion  medida cautelar/decreto,compensacion  medida cautelar/decreto,132.711623,70.0,True
2019,san luis,coparticipacion federal de impuestos neta ley 26075,coparticipacion federal de impuestos neta ley 26075,29203.7756,74.0,True
2019,san luis,financiamiento educativo ley 26075,financiamiento educativo ley 26075,2922.4042,74.0,True
2019,san luis,transferencia de servicios ley 24049,transferencia de servicios ley 24049,18.9012,74.0,True
2019,san luis,impuesto sobre los bienes personales,ley 24699,370.9259,74.0,True
2019,san luis,impuesto sobre los activos fondo educacion ley 23906,impuesto sobre los activos fondo educacion ley 23906,0.0037,74.0,True
2019,san luis,impuesto a los combustibles liquidos ley 23966 y 24699,obras de infraestructura,102.4105,74.0,True
2019,san luis,impuesto a los combustibles liquidos ley 23966 y 24699,vialidad provincial,172.9445,74.0,True
2019,san luis,impuesto a los combustibles liquidos ley 23966 y 24699,f.e.d.e.i.,66.19848527,74.0,True
2019,san luis,impuesto a los combustibles liquidos ley 23966 y 24699,ley 24464 fo.na.vi,799.4581,74.0,True
2019,san luis,regimen de energia electrica ley 24065,fondo para compensaciones de tarifa electrica,103.7642,74.0,True
2019,san luis,regimen de energia electrica ley 24065,f.e.d.e.i.,66.00249509,74.0,True
2019,san luis,fondo compensador de desequilibrios,fondo compensador de desequilibrios,26.4,74.0,True
2019,san luis,regimen simplificado para pequeños contribuyentes ley 24977 art 59 inciso a,regimen simplificado para pequeños contribuyentes ley 24977 art 59 inciso a,137.1051,74.0,True
2019,san luis,compensacion  medida cautelar/decreto,compensacion  medida cautelar/decreto,92.380109,74.0,True
2019,santa cruz,coparticipacion federal de impuestos neta ley 26075,coparticipacion federal de impuestos neta ley 26075,20050.312,78.0,True
2019,santa cruz,financiamiento educativo ley 26075,financiamiento educativo ley 26075,1541.2681,78.0,True
2019,santa cruz,transferencia de servicios ley 24049,transferencia de servicios ley 24049,8.4996,78.0,True
2019,santa cruz,impuesto sobre los bienes personales,ley 24699,257.0134,78.0,True
2019,santa cruz,impuesto sobre los bienes personales,ley 23966 art 30,23.2277,78.0,True
2019,santa cruz,impuesto sobre los activos fondo educacion ley 23906,impuesto sobre los activos fondo educacion ley 23906,0.0037,78.0,True
2019,santa cruz,i.v.a.ley 23966 art 5 punto 2,i.v.a.ley 23966 art 5 punto 2,122.6176,78.0,True
2019,santa cruz,impuesto a los combustibles liquidos ley 23966 y 24699,obras de infraestructura,70.9627,78.0,True
2019,santa cruz,impuesto a los combustibles liquidos ley 23966 y 24699,vialidad provincial,195.2944,78.0,True
2019,santa cruz,impuesto a los combustibles liquidos ley 23966 y 24699,f.e.d.e.i.,93.14499175,78.0,True
2019,santa cruz,impuesto a los combustibles liquidos ley 23966 y 24699,ley 24464 fo.na.vi,700.8947,78.0,True
2019,santa cruz,regimen de energia electrica ley 24065,fondo para compensaciones de tarifa electrica,257.2733,78.0,True
2019,santa cruz,regimen de energia electrica ley 24065,f.e.d.e.i.,92.86922351,78.0,True
2019,santa cruz,fondo compensador de desequilibrios,fondo compensador de desequilibrios,36.0,78.0,True
2019,santa cruz,regimen simplificado para pequeños contribuyentes ley 24977 art 59 inciso a,regimen simplificado para pequeños contribuyentes ley 24977 art 59 inciso a,95.0034,78.0,True
2019,santa cruz,consenso fiscal ley 27429 compensacion,consenso fiscal ley 27429 compensacion,106.9288429,78.0,True
2019,santa cruz,compensacion  medida cautelar/decreto,compensacion  medida cautelar/decreto,62.759776,78.0,True
2019,santa fe,coparticipacion federal de impuestos neta ley 26075,coparticipacion federal de impuestos neta ley 26075,115066.7714,82.0,True
2019,santa fe,financiamiento educativo ley 26075,financiamiento educativo ley 26075,13190.8524,82.0,True
2019,santa fe,transferencia de servicios ley 24049,transferencia de servicios ley 24049,135.4896,82.0,True
2019,santa fe,impuesto sobre los bienes personales,ley 24699,1480.5418,82.0,True
2019,santa fe,impuesto sobre los bienes personales,ley 23966 art 30,319.3366,82.0,True
2019,santa fe,impuesto sobre los activos fondo educacion ley 23906,impuesto sobre los activos fondo educacion ley 23906,0.0162,82.0,True
2019,santa fe,i.v.a.ley 23966 art 5 punto 2,i.v.a.ley 23966 art 5 punto 2,1686.3673,82.0,True
2019,santa fe,impuesto a los combustibles liquidos ley 23966 y 24699,obras de infraestructura,438.7753,82.0,True
2019,santa fe,impuesto a los combustibles liquidos ley 23966 y 24699,vialidad provincial,809.8415,82.0,True
2019,santa fe,impuesto a los combustibles liquidos ley 23966 y 24699,f.e.d.e.i.,58.68957102,82.0,True
2019,santa fe,impuesto a los combustibles liquidos ley 23966 y 24699,ley 24464 fo.na.vi,1261.4854,82.0,True
2019,santa fe,regimen de energia electrica ley 24065,fondo para compensaciones de tarifa electrica,75.6482,82.0,True
2019,santa fe,regimen de energia electrica ley 24065,f.e.d.e.i.,58.51581277,82.0,True
2019,santa fe,fondo compensador de desequilibrios,fondo compensador de desequilibrios,6.0,82.0,True
2019,santa fe,regimen simplificado para pequeños contribuyentes ley 24977 art 59 inciso a,regimen simplificado para pequeños contribuyentes ley 24977 art 59 inciso a,547.2967,82.0,True
2019,santa fe,consenso fiscal ley 27429 compensacion,consenso fiscal ley 27429 compensacion,1997.060869,82.0,True
2019,santa fe,compensacion  medida cautelar/decreto,compensacion  medida cautelar/decreto,377.944068,82.0,True
2019,sgo. del estero,coparticipacion federal de impuestos neta ley 26075,coparticipacion federal de impuestos neta ley 26075,49480.2146,86.0,True
2019,sgo. del estero,financiamiento educativo ley 26075,financiamiento educativo ley 26075,6925.698,86.0,True
2019,sgo. del estero,transferencia de servicios ley 24049,transferencia de servicios ley 24049,31.5996,86.0,True
2019,sgo. del estero,impuesto sobre los bienes personales,ley 24699,671.4229,86.0,True
2019,sgo. del estero,impuesto sobre los activos fondo educacion ley 23906,impuesto sobre los activos fondo educacion ley 23906,0.0081,86.0,True
2019,sgo. del estero,impuesto a los combustibles liquidos ley 23966 y 24699,obras de infraestructura,185.3813,86.0,True
2019,sgo. del estero,impuesto a los combustibles liquidos ley 23966 y 24699,vialidad provincial,307.8716,86.0,True
2019,sgo. del estero,impuesto a los combustibles liquidos ley 23966 y 24699,f.e.d.e.i.,78.25174568,86.0,True
2019,sgo. del estero,impuesto a los combustibles liquidos ley 23966 y 24699,ley 24464 fo.na.vi,941.8273,86.0,True
2019,sgo. del estero,regimen de energia electrica ley 24065,fondo para compensaciones de tarifa electrica,98.0739,86.0,True
2019,sgo. del estero,regimen de energia electrica ley 24065,f.e.d.e.i.,78.02007119,86.0,True
2019,sgo. del estero,fondo compensador de desequilibrios,fondo compensador de desequilibrios,26.4,86.0,True
2019,sgo. del estero,regimen simplificado para pequeños contribuyentes ley 24977 art 59 inciso a,regimen simplificado para pequeños contribuyentes ley 24977 art 59 inciso a,248.1839,86.0,True
2019,sgo. del estero,consenso fiscal ley 27429 compensacion,consenso fiscal ley 27429 compensacion,2166.259727,86.0,True
2019,sgo. del estero,compensacion  medida cautelar/decreto,compensacion  medida cautelar/decreto,162.203104,86.0,True
2019,tucuman,coparticipacion federal de impuestos neta ley 26075,coparticipacion federal de impuestos neta ley 26075,56705.478,90.0,True
2019,tucuman,financiamiento educativo ley 26075,financiamiento educativo ley 26075,8246.7846,90.0,True
2019,tucuman,transferencia de servicios ley 24049,transferencia de servicios ley 24049,55.8,90.0,True
2019,tucuman,impuesto sobre los bienes personales,ley 24699,773.1535,90.0,True
2019,tucuman,impuesto sobre los activos fondo educacion ley 23906,impuesto sobre los activos fondo educacion ley 23906,0.0072,90.0,True
2019,tucuman,impuesto a los combustibles liquidos ley 23966 y 24699,obras de infraestructura,213.4689,90.0,True
2019,tucuman,impuesto a los combustibles liquidos ley 23966 y 24699,vialidad provincial,290.5109,90.0,True
2019,tucuman,impuesto a los combustibles liquidos ley 23966 y 24699,f.e.d.e.i.,60.27087853,90.0,True
2019,tucuman,impuesto a los combustibles liquidos ley 23966 y 24699,ley 24464 fo.na.vi,919.9242,90.0,True
2019,tucuman,regimen de energia electrica ley 24065,fondo para compensaciones de tarifa electrica,76.5656,90.0,True
2019,tucuman,regimen de energia electrica ley 24065,f.e.d.e.i.,60.09243381,90.0,True
2019,tucuman,fondo compensador de desequilibrios,fondo compensador de desequilibrios,26.4,90.0,True
2019,tucuman,regimen simplificado para pequeños contribuyentes ley 24977 art 59 inciso a,regimen simplificado para pequeños contribuyentes ley 24977 art 59 inciso a,285.7871,90.0,True
2019,tucuman,consenso fiscal ley 27429 compensacion,consenso fiscal ley 27429 compensacion,2638.053102,90.0,True
2019,tucuman,compensacion  medida cautelar/decreto,compensacion  medida cautelar/decreto,186.779327,90.0,True
2019,tierra del fuego,coparticipacion federal de impuestos neta ley 26075,coparticipacion federal de impuestos neta ley 26075,16121.3276,94.0,True
2019,tierra del fuego,financiamiento educativo ley 26075,financiamiento educativo ley 26075,720.5928,94.0,True
2019,tierra del fuego,transferencia de servicios ley 24049,transferencia de servicios ley 24049,12.0,94.0,True
2019,tierra del fuego,impuesto sobre los bienes personales,ley 24699,200.4322,94.0,True
2019,tierra del fuego,impuesto sobre los bienes personales,ley 23966 art 30,2.0604,94.0,True
2019,tierra del fuego,impuesto sobre los activos fondo educacion ley 23906,impuesto sobre los activos fondo educacion ley 23906,0.002,94.0,True
2019,tierra del fuego,i.v.a.ley 23966 art 5 punto 2,i.v.a.ley 23966 art 5 punto 2,10.8763,94.0,True
2019,tierra del fuego,impuesto a los combustibles liquidos ley 23966 y 24699,obras de infraestructura,55.3409,94.0,True
2019,tierra del fuego,impuesto a los combustibles liquidos ley 23966 y 24699,vialidad provincial,147.7208,94.0,True
2019,tierra del fuego,impuesto a los combustibles liquidos ley 23966 y 24699,f.e.d.e.i.,68.49816431,94.0,True
2019,tierra del fuego,impuesto a los combustibles liquidos ley 23966 y 24699,ley 24464 fo.na.vi,580.4286,94.0,True
2019,tierra del fuego,regimen de energia electrica ley 24065,fondo para compensaciones de tarifa electrica,75.0645,94.0,True
2019,tierra del fuego,regimen de energia electrica ley 24065,f.e.d.e.i.,68.29536678,94.0,True
2019,tierra del fuego,fondo compensador de desequilibrios,fondo compensador de desequilibrios,36.0,94.0,True
2019,tierra del fuego,regimen simplificado para pequeños contribuyentes ley 24977 art 59 inciso a,regimen simplificado para pequeños contribuyentes ley 24977 art 59 inciso a,74.0891,94.0,True
2019,tierra del fuego,consenso fiscal ley 27429 compensacion,consenso fiscal ley 27429 compensacion,52.90670293,94.0,True
2019,tierra del fuego,compensacion  medida cautelar/decreto,compensacion  medida cautelar/decreto,48.480045,94.0,True
2019,c.a.b.a,coparticipacion federal de impuestos neta ley 26075,coparticipacion federal de impuestos neta ley 26075,73881.0554,2.0,True
2019,c.a.b.a,financiamiento educativo ley 26075,financiamiento educativo ley 26075,10388.5468,2.0,True
2019,c.a.b.a,impuesto sobre los activos fondo educacion ley 23906,impuesto sobre los activos fondo educacion ley 23906,0.007,2.0,True
2019,c.a.b.a,impuesto a los combustibles liquidos ley 23966 y 24699,ley 24464 fo.na.vi,284.7385,2.0,True
2019,c.a.b.a,compensacion  medida cautelar/decreto,compensacion  medida cautelar/decreto,242.10306,2.0,True
2019,tesoro nacional,coparticipacion federal de impuestos neta ley 26075,coparticipacion federal de impuestos neta ley 26075,918297.8934,,False
2019,tesoro nacional,impuesto sobre los bienes personales,ley 24699,11922.8452,,False
2019,tesoro nacional,impuesto sobre los activos fondo educacion ley 23906,impuesto sobre los activos fondo educacion ley 23906,0.1046,,False
2019,tesoro nacional,impuesto a los combustibles liquidos ley 23966 y 24699,vialidad provincial,15115.5133,,False
2019,tesoro nacional,consenso fiscal ley 27429 compensacion,consenso fiscal ley 27429 compensacion,-72575.6575,,False
2019,tesoro nacional,compensacion  medida cautelar/decreto,compensacion  medida cautelar/decreto,-4298.100003,,False
2019,seguridad social,coparticipacion federal de impuestos neta ley 26075,coparticipacion federal de impuestos neta ley 26075,65985.4671,,False
2019,seguridad social,i.v.a.ley 23966 art 5 punto 2,i.v.a.ley 23966 art 5 punto 2,151152.8934,,False
2019,seguridad social,regimen simplificado para pequeños contribuyentes ley 24977 art 59 inciso a,regimen simplificado para pequeños contribuyentes ley 24977 art 59 inciso a,14165.41,,False
2019,fondo a.t.n.,coparticipacion federal de impuestos neta ley 26075,coparticipacion federal de impuestos neta ley 26075,24077.0292,,False
2019,fondo a.t.n.,impuesto sobre los bienes personales,ley 24699,286.3315,,False
2020,buenos aires,coparticipacion federal de impuestos neta ley 26075,coparticipacion federal de impuestos neta ley 26075,324405.7075,6.0,True
2020,buenos aires,financiamiento educativo ley 26075,financiamiento educativo ley 26075,78556.1686,6.0,True
2020,buenos aires,transferencia de servicios ley 24049,transferencia de servicios ley 24049,420.1008,6.0,True
2020,buenos aires,impuesto sobre los bienes personales,ley 24699,23733.4485,6.0,True
2020,buenos aires,impuesto sobre los bienes personales,ley 23966 art 30,5650.2403,6.0,True
2020,buenos aires,impuesto sobre los activos fondo educacion ley 23906,impuesto sobre los activos fondo educacion ley 23906,0.0638,6.0,True
2020,buenos aires,i.v.a.ley 23966 art 5 punto 2,i.v.a.ley 23966 art 5 punto 2,5603.4767,6.0,True
2020,buenos aires,impuesto a los combustibles liquidos ley 23966 y 24699,obras de infraestructura,1185.388,6.0,True
2020,buenos aires,impuesto a los combustibles liquidos ley 23966 y 24699,vialidad provincial,2886.2928,6.0,True
2020,buenos aires,impuesto a los combustibles liquidos ley 23966 y 24699,f.e.d.e.i.,69.95270083,6.0,True
2020,buenos aires,impuesto a los combustibles liquidos ley 23966 y 24699,ley 24464 fo.na.vi,3917.4355,6.0,True
2020,buenos aires,regimen de energia electrica ley 24065,fondo para compensaciones de tarifa electrica,79.6448,6.0,True
2020,buenos aires,regimen de energia electrica ley 24065,f.e.d.e.i.,57.68943062,6.0,True
2020,buenos aires,regimen simplificado para pequeños contribuyentes ley 24977 art 59 inciso a,regimen simplificado para pequeños contribuyentes ley 24977 art 59 inciso a,1865.0123,6.0,True
2020,buenos aires,consenso fiscal ley 27429 compensacion,consenso fiscal ley 27429 compensacion,52829.98116,6.0,True
2020,buenos aires,compensacion  medida cautelar/decreto,compensacion  medida cautelar/decreto,273.445656,6.0,True
2020,catamarca,coparticipacion federal de impuestos neta ley 26075,coparticipacion federal de impuestos neta ley 26075,46620.8722,10.0,True
2020,catamarca,financiamiento educativo ley 26075,financiamiento educativo ley 26075,3920.5926,10.0,True
2020,catamarca,transferencia de servicios ley 24049,transferencia de servicios ley 24049,21.3996,10.0,True
2020,catamarca,impuesto sobre los bienes personales,ley 24699,2976.7661,10.0,True
2020,catamarca,impuesto sobre los activos fondo educacion ley 23906,impuesto sobre los activos fondo educacion ley 23906,0.0048,10.0,True
2020,catamarca,impuesto a los combustibles liquidos ley 23966 y 24699,obras de infraestructura,152.4423,10.0,True
2020,catamarca,impuesto a los combustibles liquidos ley 23966 y 24699,vialidad provincial,224.4578,10.0,True
2020,catamarca,impuesto a los combustibles liquidos ley 23966 y 24699,f.e.d.e.i.,105.4288931,10.0,True
2020,catamarca,impuesto a los combustibles liquidos ley 23966 y 24699,ley 24464 fo.na.vi,567.3528,10.0,True
2020,catamarca,regimen de energia electrica ley 24065,fondo para compensaciones de tarifa electrica,102.341,10.0,True
2020,catamarca,regimen de energia electrica ley 24065,f.e.d.e.i.,86.94636228,10.0,True
2020,catamarca,fondo compensador de desequilibrios,fondo compensador de desequilibrios,26.4,10.0,True
2020,catamarca,regimen simplificado para pequeños contribuyentes ley 24977 art 59 inciso a,regimen simplificado para pequeños contribuyentes ley 24977 art 59 inciso a,233.9228,10.0,True
2020,catamarca,consenso fiscal ley 27429 compensacion,consenso fiscal ley 27429 compensacion,369.485739,10.0,True
2020,catamarca,compensacion  medida cautelar/decreto,compensacion  medida cautelar/decreto,33.376376,10.0,True
2020,cordoba,coparticipacion federal de impuestos neta ley 26075,coparticipacion federal de impuestos neta ley 26075,145303.7324,14.0,True
2020,cordoba,financiamiento educativo ley 26075,financiamiento educativo ley 26075,17630.6403,14.0,True
2020,cordoba,transferencia de servicios ley 24049,transferencia de servicios ley 24049,125.3004,14.0,True
2020,cordoba,impuesto sobre los bienes personales,ley 24699,9596.4278,14.0,True
2020,cordoba,impuesto sobre los bienes personales,ley 23966 art 30,1929.5814,14.0,True
2020,cordoba,impuesto sobre los activos fondo educacion ley 23906,impuesto sobre los activos fondo educacion ley 23906,0.0176,14.0,True
2020,cordoba,i.v.a.ley 23966 art 5 punto 2,i.v.a.ley 23966 art 5 punto 2,1913.6113,14.0,True
2020,cordoba,impuesto a los combustibles liquidos ley 23966 y 24699,obras de infraestructura,491.4355,14.0,True
2020,cordoba,impuesto a los combustibles liquidos ley 23966 y 24699,vialidad provincial,1080.6627,14.0,True
2020,cordoba,impuesto a los combustibles liquidos ley 23966 y 24699,f.e.d.e.i.,69.95270083,14.0,True
2020,cordoba,impuesto a los combustibles liquidos ley 23966 y 24699,ley 24464 fo.na.vi,1526.4491,14.0,True
2020,cordoba,regimen de energia electrica ley 24065,fondo para compensaciones de tarifa electrica,74.7645,14.0,True
2020,cordoba,regimen de energia electrica ley 24065,f.e.d.e.i.,57.68943062,14.0,True
2020,cordoba,fondo compensador de desequilibrios,fondo compensador de desequilibrios,6.0,14.0,True
2020,cordoba,regimen simplificado para pequeños contribuyentes ley 24977 art 59 inciso a,regimen simplificado para pequeños contribuyentes ley 24977 art 59 inciso a,754.1075,14.0,True
2020,cordoba,consenso fiscal ley 27429 compensacion,consenso fiscal ley 27429 compensacion,2146.776303,14.0,True
2020,cordoba,compensacion  medida cautelar/decreto,compensacion  medida cautelar/decreto,110.104368,14.0,True
2020,corrientes,coparticipacion federal de impuestos neta ley 26075,coparticipacion federal de impuestos neta ley 26075,60516.4366,18.0,True
2020,corrientes,financiamiento educativo ley 26075,financiamiento educativo ley 26075,7696.869,18.0,True
2020,corrientes,transferencia de servicios ley 24049,transferencia de servicios ley 24049,38.6004,18.0,True
2020,corrientes,impuesto sobre los bienes personales,ley 24699,4017.5934,18.0,True
2020,corrientes,impuesto sobre los bienes personales,ley 23966 art 30,616.9909,18.0,True
2020,corrientes,impuesto sobre los activos fondo educacion ley 23906,impuesto sobre los activos fondo educacion ley 23906,0.0079,18.0,True
2020,corrientes,i.v.a.ley 23966 art 5 punto 2,i.v.a.ley 23966 art 5 punto 2,611.8843,18.0,True
2020,corrientes,impuesto a los combustibles liquidos ley 23966 y 24699,obras de infraestructura,205.7419,18.0,True
2020,corrientes,impuesto a los combustibles liquidos ley 23966 y 24699,vialidad provincial,326.3579,18.0,True
2020,corrientes,impuesto a los combustibles liquidos ley 23966 y 24699,f.e.d.e.i.,88.55974623,18.0,True
2020,corrientes,impuesto a los combustibles liquidos ley 23966 y 24699,ley 24464 fo.na.vi,1337.3316,18.0,True
2020,corrientes,regimen de energia electrica ley 24065,fondo para compensaciones de tarifa electrica,103.9594,18.0,True
2020,corrientes,regimen de energia electrica ley 24065,f.e.d.e.i.,73.03451186,18.0,True
2020,corrientes,fondo compensador de desequilibrios,fondo compensador de desequilibrios,18.0,18.0,True
2020,corrientes,regimen simplificado para pequeños contribuyentes ley 24977 art 59 inciso a,regimen simplificado para pequeños contribuyentes ley 24977 art 59 inciso a,315.7107,18.0,True
2020,corrientes,consenso fiscal ley 27429 compensacion,consenso fiscal ley 27429 compensacion,2682.277795,18.0,True
2020,corrientes,compensacion  medida cautelar/decreto,compensacion  medida cautelar/decreto,45.847868,18.0,True
2020,chaco,coparticipacion federal de impuestos neta ley 26075,coparticipacion federal de impuestos neta ley 26075,82568.4728,22.0,True
2020,chaco,financiamiento educativo ley 26075,financiamiento educativo ley 26075,8971.6628,22.0,True
2020,chaco,transferencia de servicios ley 24049,transferencia de servicios ley 24049,33.6,22.0,True
2020,chaco,impuesto sobre los bienes personales,ley 24699,5391.4853,22.0,True
2020,chaco,impuesto sobre los bienes personales,ley 23966 art 30,485.0596,22.0,True
2020,chaco,impuesto sobre los activos fondo educacion ley 23906,impuesto sobre los activos fondo educacion ley 23906,0.0104,22.0,True
2020,chaco,i.v.a.ley 23966 art 5 punto 2,i.v.a.ley 23966 art 5 punto 2,481.045,22.0,True
2020,chaco,impuesto a los combustibles liquidos ley 23966 y 24699,obras de infraestructura,276.1009,22.0,True
2020,chaco,impuesto a los combustibles liquidos ley 23966 y 24699,vialidad provincial,374.1534,22.0,True
2020,chaco,impuesto a los combustibles liquidos ley 23966 y 24699,f.e.d.e.i.,94.05811204,22.0,True
2020,chaco,impuesto a los combustibles liquidos ley 23966 y 24699,ley 24464 fo.na.vi,1242.7727,22.0,True
2020,chaco,regimen de energia electrica ley 24065,fondo para compensaciones de tarifa electrica,108.0585,22.0,True
2020,chaco,regimen de energia electrica ley 24065,f.e.d.e.i.,77.56896953,22.0,True
2020,chaco,fondo compensador de desequilibrios,fondo compensador de desequilibrios,6.0,22.0,True
2020,chaco,regimen simplificado para pequeños contribuyentes ley 24977 art 59 inciso a,regimen simplificado para pequeños contribuyentes ley 24977 art 59 inciso a,423.6768,22.0,True
2020,chaco,consenso fiscal ley 27429 compensacion,consenso fiscal ley 27429 compensacion,3271.042137,22.0,True
2020,chaco,compensacion  medida cautelar/decreto,compensacion  medida cautelar/decreto,61.080976,22.0,True
2020,chubut,coparticipacion federal de impuestos neta ley 26075,coparticipacion federal de impuestos neta ley 26075,25243.8218,26.0,True
2020,chubut,financiamiento educativo ley 26075,financiamiento educativo ley 26075,3776.2763,26.0,True
2020,chubut,transferencia de servicios ley 24049,transferencia de servicios ley 24049,24.2004,26.0,True
2020,chubut,impuesto sobre los bienes personales,ley 24699,1709.2114,26.0,True
2020,chubut,impuesto sobre los bienes personales,ley 23966 art 30,189.7462,26.0,True
2020,chubut,impuesto sobre los activos fondo educacion ley 23906,impuesto sobre los activos fondo educacion ley 23906,0.0048,26.0,True
2020,chubut,i.v.a.ley 23966 art 5 punto 2,i.v.a.ley 23966 art 5 punto 2,188.1759,26.0,True
2020,chubut,impuesto a los combustibles liquidos ley 23966 y 24699,obras de infraestructura,87.5309,26.0,True
2020,chubut,impuesto a los combustibles liquidos ley 23966 y 24699,vialidad provincial,316.6103,26.0,True
2020,chubut,impuesto a los combustibles liquidos ley 23966 y 24699,f.e.d.e.i.,98.61832836,26.0,True
2020,chubut,impuesto a los combustibles liquidos ley 23966 y 24699,ley 24464 fo.na.vi,864.5375,26.0,True
2020,chubut,regimen de energia electrica ley 24065,fondo para compensaciones de tarifa electrica,171.0998,26.0,True
2020,chubut,regimen de energia electrica ley 24065,f.e.d.e.i.,81.32974378,26.0,True
2020,chubut,fondo compensador de desequilibrios,fondo compensador de desequilibrios,36.0,26.0,True
2020,chubut,regimen simplificado para pequeños contribuyentes ley 24977 art 59 inciso a,regimen simplificado para pequeños contribuyentes ley 24977 art 59 inciso a,134.3163,26.0,True
2020,chubut,consenso fiscal ley 27429 compensacion,consenso fiscal ley 27429 compensacion,620.910565,26.0,True
2020,chubut,compensacion  medida cautelar/decreto,compensacion  medida cautelar/decreto,19.410644,26.0,True
2020,entre rios,coparticipacion federal de impuestos neta ley 26075,coparticipacion federal de impuestos neta ley 26075,81803.1533,30.0,True
2020,entre rios,financiamiento educativo ley 26075,financiamiento educativo ley 26075,7793.0799,30.0,True
2020,entre rios,transferencia de servicios ley 24049,transferencia de servicios ley 24049,67.4988,30.0,True
2020,entre rios,impuesto sobre los bienes personales,ley 24699,5276.9946,30.0,True
2020,entre rios,impuesto sobre los bienes personales,ley 23966 art 30,837.3958,30.0,True
2020,entre rios,impuesto sobre los activos fondo educacion ley 23906,impuesto sobre los activos fondo educacion ley 23906,0.0082,30.0,True
2020,entre rios,i.v.a.ley 23966 art 5 punto 2,i.v.a.ley 23966 art 5 punto 2,830.4649,30.0,True
2020,entre rios,impuesto a los combustibles liquidos ley 23966 y 24699,obras de infraestructura,270.2335,30.0,True
2020,entre rios,impuesto a los combustibles liquidos ley 23966 y 24699,vialidad provincial,493.9601,30.0,True
2020,entre rios,impuesto a los combustibles liquidos ley 23966 y 24699,f.e.d.e.i.,80.94620474,30.0,True
2020,entre rios,impuesto a los combustibles liquidos ley 23966 y 24699,ley 24464 fo.na.vi,1053.655,30.0,True
2020,entre rios,regimen de energia electrica ley 24065,fondo para compensaciones de tarifa electrica,105.2465,30.0,True
2020,entre rios,regimen de energia electrica ley 24065,f.e.d.e.i.,66.75568504,30.0,True
2020,entre rios,fondo compensador de desequilibrios,fondo compensador de desequilibrios,21.6,30.0,True
2020,entre rios,regimen simplificado para pequeños contribuyentes ley 24977 art 59 inciso a,regimen simplificado para pequeños contribuyentes ley 24977 art 59 inciso a,414.6731,30.0,True
2020,entre rios,consenso fiscal ley 27429 compensacion,consenso fiscal ley 27429 compensacion,1503.255676,30.0,True
2020,entre rios,compensacion  medida cautelar/decreto,compensacion  medida cautelar/decreto,60.254942,30.0,True
2020,formosa,coparticipacion federal de impuestos neta ley 26075,coparticipacion federal de impuestos neta ley 26075,61700.3828,34.0,True
2020,formosa,financiamiento educativo ley 26075,financiamiento educativo ley 26075,5099.1758,34.0,True
2020,formosa,transferencia de servicios ley 24049,transferencia de servicios ley 24049,20.7012,34.0,True
2020,formosa,impuesto sobre los bienes personales,ley 24699,3934.3273,34.0,True
2020,formosa,impuesto sobre los bienes personales,ley 23966 art 30,225.9503,34.0,True
2020,formosa,impuesto sobre los activos fondo educacion ley 23906,impuesto sobre los activos fondo educacion ley 23906,0.0056,34.0,True
2020,formosa,i.v.a.ley 23966 art 5 punto 2,i.v.a.ley 23966 art 5 punto 2,224.08,34.0,True
2020,formosa,impuesto a los combustibles liquidos ley 23966 y 24699,obras de infraestructura,201.4793,34.0,True
2020,formosa,impuesto a los combustibles liquidos ley 23966 y 24699,vialidad provincial,221.4898,34.0,True
2020,formosa,impuesto a los combustibles liquidos ley 23966 y 24699,f.e.d.e.i.,116.9595241,34.0,True
2020,formosa,impuesto a los combustibles liquidos ley 23966 y 24699,ley 24464 fo.na.vi,1080.6721,34.0,True
2020,formosa,regimen de energia electrica ley 24065,fondo para compensaciones de tarifa electrica,140.3579,34.0,True
2020,formosa,regimen de energia electrica ley 24065,f.e.d.e.i.,99.19322753,34.0,True
2020,formosa,fondo compensador de desequilibrios,fondo compensador de desequilibrios,26.4,34.0,True
2020,formosa,regimen simplificado para pequeños contribuyentes ley 24977 art 59 inciso a,regimen simplificado para pequeños contribuyentes ley 24977 art 59 inciso a,309.1704,34.0,True
2020,formosa,consenso fiscal ley 27429 compensacion,consenso fiscal ley 27429 compensacion,1609.504113,34.0,True
2020,formosa,compensacion  medida cautelar/decreto,compensacion  medida cautelar/decreto,44.40634,34.0,True
2020,jujuy,coparticipacion federal de impuestos neta ley 26075,coparticipacion federal de impuestos neta ley 26075,47177.0712,38.0,True
2020,jujuy,financiamiento educativo ley 26075,financiamiento educativo ley 26075,4954.8594,38.0,True
2020,jujuy,transferencia de servicios ley 24049,transferencia de servicios ley 24049,33.3,38.0,True
2020,jujuy,impuesto sobre los bienes personales,ley 24699,3070.4405,38.0,True
2020,jujuy,impuesto sobre los activos fondo educacion ley 23906,impuesto sobre los activos fondo educacion ley 23906,0.0051,38.0,True
2020,jujuy,impuesto a los combustibles liquidos ley 23966 y 24699,obras de infraestructura,157.2359,38.0,True
2020,jujuy,impuesto a los combustibles liquidos ley 23966 y 24699,vialidad provincial,245.4079,38.0,True
2020,jujuy,impuesto a los combustibles liquidos ley 23966 y 24699,f.e.d.e.i.,85.65719807,38.0,True
2020,jujuy,impuesto a los combustibles liquidos ley 23966 y 24699,ley 24464 fo.na.vi,810.5039,38.0,True
2020,jujuy,regimen de energia electrica ley 24065,fondo para compensaciones de tarifa electrica,116.2932,38.0,True
2020,jujuy,regimen de energia electrica ley 24065,f.e.d.e.i.,72.3322056,38.0,True
2020,jujuy,fondo compensador de desequilibrios,fondo compensador de desequilibrios,26.4,38.0,True
2020,jujuy,regimen simplificado para pequeños contribuyentes ley 24977 art 59 inciso a,regimen simplificado para pequeños contribuyentes ley 24977 art 59 inciso a,241.2783,38.0,True
2020,jujuy,consenso fiscal ley 27429 compensacion,consenso fiscal ley 27429 compensacion,1558.771983,38.0,True
2020,jujuy,compensacion  medida cautelar/decreto,compensacion  medida cautelar/decreto,34.426678,38.0,True
2020,la pampa,coparticipacion federal de impuestos neta ley 26075,coparticipacion federal de impuestos neta ley 26075,32440.1328,42.0,True
2020,la pampa,financiamiento educativo ley 26075,financiamiento educativo ley 26075,2693.9041,42.0,True
2020,la pampa,transferencia de servicios ley 24049,transferencia de servicios ley 24049,19.2,42.0,True
2020,la pampa,impuesto sobre los bienes personales,ley 24699,2068.9235,42.0,True
2020,la pampa,impuesto sobre los bienes personales,ley 23966 art 30,166.6224,42.0,True
2020,la pampa,impuesto sobre los activos fondo educacion ley 23906,impuesto sobre los activos fondo educacion ley 23906,0.0042,42.0,True
2020,la pampa,i.v.a.ley 23966 art 5 punto 2,i.v.a.ley 23966 art 5 punto 2,165.2987,42.0,True
2020,la pampa,impuesto a los combustibles liquidos ley 23966 y 24699,obras de infraestructura,105.9493,42.0,True
2020,la pampa,impuesto a los combustibles liquidos ley 23966 y 24699,vialidad provincial,300.5648,42.0,True
2020,la pampa,impuesto a los combustibles liquidos ley 23966 y 24699,f.e.d.e.i.,77.86039769,42.0,True
2020,la pampa,impuesto a los combustibles liquidos ley 23966 y 24699,ley 24464 fo.na.vi,550.8013,42.0,True
2020,la pampa,regimen de energia electrica ley 24065,fondo para compensaciones de tarifa electrica,146.0973,42.0,True
2020,la pampa,regimen de energia electrica ley 24065,f.e.d.e.i.,64.21084483,42.0,True
2020,la pampa,fondo compensador de desequilibrios,fondo compensador de desequilibrios,30.0,42.0,True
2020,la pampa,regimen simplificado para pequeños contribuyentes ley 24977 art 59 inciso a,regimen simplificado para pequeños contribuyentes ley 24977 art 59 inciso a,162.5796,42.0,True
2020,la pampa,compensacion  medida cautelar/decreto,compensacion  medida cautelar/decreto,23.400586,42.0,True
2020,la rioja,coparticipacion federal de impuestos neta ley 26075,coparticipacion federal de impuestos neta ley 26075,34867.6048,46.0,True
2020,la rioja,financiamiento educativo ley 26075,financiamiento educativo ley 26075,3126.853,46.0,True
2020,la rioja,transferencia de servicios ley 24049,transferencia de servicios ley 24049,20.2992,46.0,True
2020,la rioja,impuesto sobre los bienes personales,ley 24699,2237.7789,46.0,True
2020,la rioja,impuesto sobre los activos fondo educacion ley 23906,impuesto sobre los activos fondo educacion ley 23906,0.0041,46.0,True
2020,la rioja,impuesto a los combustibles liquidos ley 23966 y 24699,obras de infraestructura,114.5974,46.0,True
2020,la rioja,impuesto a los combustibles liquidos ley 23966 y 24699,vialidad provincial,232.5439,46.0,True
2020,la rioja,impuesto a los combustibles liquidos ley 23966 y 24699,f.e.d.e.i.,102.5827683,46.0,True
2020,la rioja,impuesto a los combustibles liquidos ley 23966 y 24699,ley 24464 fo.na.vi,540.3359,46.0,True
2020,la rioja,regimen de energia electrica ley 24065,fondo para compensaciones de tarifa electrica,122.381,46.0,True
2020,la rioja,regimen de energia electrica ley 24065,f.e.d.e.i.,84.59918548,46.0,True
2020,la rioja,fondo compensador de desequilibrios,fondo compensador de desequilibrios,26.4,46.0,True
2020,la rioja,regimen simplificado para pequeños contribuyentes ley 24977 art 59 inciso a,regimen simplificado para pequeños contribuyentes ley 24977 art 59 inciso a,175.8497,46.0,True
2020,la rioja,consenso fiscal ley 27429 compensacion,consenso fiscal ley 27429 compensacion,484.3703,46.0,True
2020,la rioja,compensacion  medida cautelar/decreto,compensacion  medida cautelar/decreto,25.090626,46.0,True
2020,mendoza,coparticipacion federal de impuestos neta ley 26075,coparticipacion federal de impuestos neta ley 26075,65551.0326,50.0,True
2020,mendoza,financiamiento educativo ley 26075,financiamiento educativo ley 26075,10968.0383,50.0,True
2020,mendoza,transferencia de servicios ley 24049,transferencia de servicios ley 24049,61.6992,50.0,True
2020,mendoza,impuesto sobre los bienes personales,ley 24699,4506.7822,50.0,True
2020,mendoza,impuesto sobre los activos fondo educacion ley 23906,impuesto sobre los activos fondo educacion ley 23906,0.0087,50.0,True
2020,mendoza,impuesto a los combustibles liquidos ley 23966 y 24699,obras de infraestructura,230.7944,50.0,True
2020,mendoza,impuesto a los combustibles liquidos ley 23966 y 24699,vialidad provincial,504.5481,50.0,True
2020,mendoza,impuesto a los combustibles liquidos ley 23966 y 24699,f.e.d.e.i.,79.62411986,50.0,True
2020,mendoza,impuesto a los combustibles liquidos ley 23966 y 24699,ley 24464 fo.na.vi,1080.6721,50.0,True
2020,mendoza,regimen de energia electrica ley 24065,fondo para compensaciones de tarifa electrica,83.3407,50.0,True
2020,mendoza,regimen de energia electrica ley 24065,f.e.d.e.i.,65.6653724,50.0,True
2020,mendoza,fondo compensador de desequilibrios,fondo compensador de desequilibrios,26.4,50.0,True
2020,mendoza,regimen simplificado para pequeños contribuyentes ley 24977 art 59 inciso a,regimen simplificado para pequeños contribuyentes ley 24977 art 59 inciso a,354.1541,50.0,True
2020,mendoza,consenso fiscal ley 27429 compensacion,consenso fiscal ley 27429 compensacion,2284.827499,50.0,True
2020,mendoza,compensacion  medida cautelar/decreto,compensacion  medida cautelar/decreto,50.531382,50.0,True
2020,misiones,coparticipacion federal de impuestos neta ley 26075,coparticipacion federal de impuestos neta ley 26075,51378.1714,54.0,True
2020,misiones,financiamiento educativo ley 26075,financiamiento educativo ley 26075,9236.2425,54.0,True
2020,misiones,transferencia de servicios ley 24049,transferencia de servicios ley 24049,34.1004,54.0,True
2020,misiones,impuesto sobre los bienes personales,ley 24699,3570.0377,54.0,True
2020,misiones,impuesto sobre los bienes personales,ley 23966 art 30,264.902,54.0,True
2020,misiones,impuesto sobre los activos fondo educacion ley 23906,impuesto sobre los activos fondo educacion ley 23906,0.0065,54.0,True
2020,misiones,i.v.a.ley 23966 art 5 punto 2,i.v.a.ley 23966 art 5 punto 2,262.7095,54.0,True
2020,misiones,impuesto a los combustibles liquidos ley 23966 y 24699,obras de infraestructura,182.8201,54.0,True
2020,misiones,impuesto a los combustibles liquidos ley 23966 y 24699,vialidad provincial,358.404,54.0,True
2020,misiones,impuesto a los combustibles liquidos ley 23966 y 24699,f.e.d.e.i.,125.3321241,54.0,True
2020,misiones,impuesto a los combustibles liquidos ley 23966 y 24699,ley 24464 fo.na.vi,1269.7893,54.0,True
2020,misiones,regimen de energia electrica ley 24065,fondo para compensaciones de tarifa electrica,148.6779,54.0,True
2020,misiones,regimen de energia electrica ley 24065,f.e.d.e.i.,113.0544353,54.0,True
2020,misiones,fondo compensador de desequilibrios,fondo compensador de desequilibrios,26.4,54.0,True
2020,misiones,regimen simplificado para pequeños contribuyentes ley 24977 art 59 inciso a,regimen simplificado para pequeños contribuyentes ley 24977 art 59 inciso a,280.5372,54.0,True
2020,misiones,consenso fiscal ley 27429 compensacion,consenso fiscal ley 27429 compensacion,3024.096589,54.0,True
2020,misiones,compensacion  medida cautelar/decreto,compensacion  medida cautelar/decreto,40.372398,54.0,True
2020,neuquen,coparticipacion federal de impuestos neta ley 26075,coparticipacion federal de impuestos neta ley 26075,27878.8949,58.0,True
2020,neuquen,financiamiento educativo ley 26075,financiamiento educativo ley 26075,3968.6983,58.0,True
2020,neuquen,transferencia de servicios ley 24049,transferencia de servicios ley 24049,17.3988,58.0,True
2020,neuquen,impuesto sobre los bienes personales,ley 24699,1875.7437,58.0,True
2020,neuquen,impuesto sobre los bienes personales,ley 23966 art 30,119.1337,58.0,True
2020,neuquen,impuesto sobre los activos fondo educacion ley 23906,impuesto sobre los activos fondo educacion ley 23906,0.0058,58.0,True
2020,neuquen,i.v.a.ley 23966 art 5 punto 2,i.v.a.ley 23966 art 5 punto 2,118.1477,58.0,True
2020,neuquen,impuesto a los combustibles liquidos ley 23966 y 24699,obras de infraestructura,96.0554,58.0,True
2020,neuquen,impuesto a los combustibles liquidos ley 23966 y 24699,vialidad provincial,318.6069,58.0,True
2020,neuquen,impuesto a los combustibles liquidos ley 23966 y 24699,f.e.d.e.i.,91.45973864,58.0,True
2020,neuquen,impuesto a los combustibles liquidos ley 23966 y 24699,ley 24464 fo.na.vi,1161.7223,58.0,True
2020,neuquen,regimen de energia electrica ley 24065,fondo para compensaciones de tarifa electrica,115.2253,58.0,True
2020,neuquen,regimen de energia electrica ley 24065,f.e.d.e.i.,75.4261128,58.0,True
2020,neuquen,fondo compensador de desequilibrios,fondo compensador de desequilibrios,30.0,58.0,True
2020,neuquen,regimen simplificado para pequeños contribuyentes ley 24977 art 59 inciso a,regimen simplificado para pequeños contribuyentes ley 24977 art 59 inciso a,147.3968,58.0,True
2020,neuquen,consenso fiscal ley 27429 compensacion,consenso fiscal ley 27429 compensacion,836.363945,58.0,True
2020,neuquen,compensacion  medida cautelar/decreto,compensacion  medida cautelar/decreto,21.186132,58.0,True
2020,rio negro,coparticipacion federal de impuestos neta ley 26075,coparticipacion federal de impuestos neta ley 26075,41874.5233,62.0,True
2020,rio negro,financiamiento educativo ley 26075,financiamiento educativo ley 26075,4425.6996,62.0,True
2020,rio negro,transferencia de servicios ley 24049,transferencia de servicios ley 24049,14.6004,62.0,True
2020,rio negro,impuesto sobre los bienes personales,ley 24699,2726.9674,62.0,True
2020,rio negro,impuesto sobre los activos fondo educacion ley 23906,impuesto sobre los activos fondo educacion ley 23906,0.0066,62.0,True
2020,rio negro,impuesto a los combustibles liquidos ley 23966 y 24699,obras de infraestructura,139.6503,62.0,True
2020,rio negro,impuesto a los combustibles liquidos ley 23966 y 24699,vialidad provincial,280.126,62.0,True
2020,rio negro,impuesto a los combustibles liquidos ley 23966 y 24699,f.e.d.e.i.,84.98246945,62.0,True
2020,rio negro,impuesto a los combustibles liquidos ley 23966 y 24699,ley 24464 fo.na.vi,1215.7558,62.0,True
2020,rio negro,regimen de energia electrica ley 24065,fondo para compensaciones de tarifa electrica,102.5909,62.0,True
2020,rio negro,regimen de energia electrica ley 24065,f.e.d.e.i.,70.0843603,62.0,True
2020,rio negro,fondo compensador de desequilibrios,fondo compensador de desequilibrios,30.0,62.0,True
2020,rio negro,regimen simplificado para pequeños contribuyentes ley 24977 art 59 inciso a,regimen simplificado para pequeños contribuyentes ley 24977 art 59 inciso a,214.2931,62.0,True
2020,rio negro,consenso fiscal ley 27429 compensacion,consenso fiscal ley 27429 compensacion,779.803657,62.0,True
2020,rio negro,compensacion  medida cautelar/decreto,compensacion  medida cautelar/decreto,30.575556,62.0,True
2020,salta,coparticipacion federal de impuestos neta ley 26075,coparticipacion federal de impuestos neta ley 26075,61314.1583,66.0,True
2020,salta,financiamiento educativo ley 26075,financiamiento educativo ley 26075,9019.7684,66.0,True
2020,salta,transferencia de servicios ley 24049,transferencia de servicios ley 24049,39.8004,66.0,True
2020,salta,impuesto sobre los bienes personales,ley 24699,4142.4926,66.0,True
2020,salta,impuesto sobre los activos fondo educacion ley 23906,impuesto sobre los activos fondo educacion ley 23906,0.0089,66.0,True
2020,salta,impuesto a los combustibles liquidos ley 23966 y 24699,obras de infraestructura,212.1407,66.0,True
2020,salta,impuesto a los combustibles liquidos ley 23966 y 24699,vialidad provincial,336.2131,66.0,True
2020,salta,impuesto a los combustibles liquidos ley 23966 y 24699,f.e.d.e.i.,86.94068101,66.0,True
2020,salta,impuesto a los combustibles liquidos ley 23966 y 24699,ley 24464 fo.na.vi,1080.6721,66.0,True
2020,salta,regimen de energia electrica ley 24065,fondo para compensaciones de tarifa electrica,113.746,66.0,True
2020,salta,regimen de energia electrica ley 24065,f.e.d.e.i.,71.69928157,66.0,True
2020,salta,fondo compensador de desequilibrios,fondo compensador de desequilibrios,30.0,66.0,True
2020,salta,regimen simplificado para pequeños contribuyentes ley 24977 art 59 inciso a,regimen simplificado para pequeños contribuyentes ley 24977 art 59 inciso a,325.5296,66.0,True
2020,salta,consenso fiscal ley 27429 compensacion,consenso fiscal ley 27429 compensacion,4262.707089,66.0,True
2020,salta,compensacion  medida cautelar/decreto,compensacion  medida cautelar/decreto,46.44684,66.0,True
2020,san juan,coparticipacion federal de impuestos neta ley 26075,coparticipacion federal de impuestos neta ley 26075,56159.2987,70.0,True
2020,san juan,financiamiento educativo ley 26075,financiamiento educativo ley 26075,5868.8627,70.0,True
2020,san juan,transferencia de servicios ley 24049,transferencia de servicios ley 24049,30.0996,70.0,True
2020,san juan,impuesto sobre los bienes personales,ley 24699,3653.304,70.0,True
2020,san juan,impuesto sobre los activos fondo educacion ley 23906,impuesto sobre los activos fondo educacion ley 23906,0.005,70.0,True
2020,san juan,impuesto a los combustibles liquidos ley 23966 y 24699,obras de infraestructura,187.0876,70.0,True
2020,san juan,impuesto a los combustibles liquidos ley 23966 y 24699,vialidad provincial,339.8784,70.0,True
2020,san juan,impuesto a los combustibles liquidos ley 23966 y 24699,f.e.d.e.i.,80.54390941,70.0,True
2020,san juan,impuesto a los combustibles liquidos ley 23966 y 24699,ley 24464 fo.na.vi,986.113,70.0,True
2020,san juan,regimen de energia electrica ley 24065,fondo para compensaciones de tarifa electrica,83.4347,70.0,True
2020,san juan,regimen de energia electrica ley 24065,f.e.d.e.i.,66.42391589,70.0,True
2020,san juan,fondo compensador de desequilibrios,fondo compensador de desequilibrios,26.4,70.0,True
2020,san juan,regimen simplificado para pequeños contribuyentes ley 24977 art 59 inciso a,regimen simplificado para pequeños contribuyentes ley 24977 art 59 inciso a,287.0861,70.0,True
2020,san juan,consenso fiscal ley 27429 compensacion,consenso fiscal ley 27429 compensacion,980.252201,70.0,True
2020,san juan,compensacion  medida cautelar/decreto,compensacion  medida cautelar/decreto,40.96191,70.0,True
2020,san luis,coparticipacion federal de impuestos neta ley 26075,coparticipacion federal de impuestos neta ley 26075,38346.5136,74.0,True
2020,san luis,financiamiento educativo ley 26075,financiamiento educativo ley 26075,3535.749,74.0,True
2020,san luis,transferencia de servicios ley 24049,transferencia de servicios ley 24049,18.9012,74.0,True
2020,san luis,impuesto sobre los bienes personales,ley 24699,2466.7604,74.0,True
2020,san luis,impuesto sobre los activos fondo educacion ley 23906,impuesto sobre los activos fondo educacion ley 23906,0.0041,74.0,True
2020,san luis,impuesto a los combustibles liquidos ley 23966 y 24699,obras de infraestructura,126.3212,74.0,True
2020,san luis,impuesto a los combustibles liquidos ley 23966 y 24699,vialidad provincial,230.975,74.0,True
2020,san luis,impuesto a los combustibles liquidos ley 23966 y 24699,f.e.d.e.i.,78.90265199,74.0,True
2020,san luis,impuesto a los combustibles liquidos ley 23966 y 24699,ley 24464 fo.na.vi,986.113,74.0,True
2020,san luis,regimen de energia electrica ley 24065,fondo para compensaciones de tarifa electrica,93.5283,74.0,True
2020,san luis,regimen de energia electrica ley 24065,f.e.d.e.i.,65.07038316,74.0,True
2020,san luis,fondo compensador de desequilibrios,fondo compensador de desequilibrios,26.4,74.0,True
2020,san luis,regimen simplificado para pequeños contribuyentes ley 24977 art 59 inciso a,regimen simplificado para pequeños contribuyentes ley 24977 art 59 inciso a,193.8399,74.0,True
2020,san luis,compensacion  medida cautelar/decreto,compensacion  medida cautelar/decreto,27.658048,74.0,True
2020,santa cruz,coparticipacion federal de impuestos neta ley 26075,coparticipacion federal de impuestos neta ley 26075,27192.092,78.0,True
2020,santa cruz,financiamiento educativo ley 26075,financiamiento educativo ley 26075,1828.0065,78.0,True
2020,santa cruz,transferencia de servicios ley 24049,transferencia de servicios ley 24049,8.4996,78.0,True
2020,santa cruz,impuesto sobre los bienes personales,ley 24699,1709.2114,78.0,True
2020,santa cruz,impuesto sobre los bienes personales,ley 23966 art 30,154.4703,78.0,True
2020,santa cruz,impuesto sobre los activos fondo educacion ley 23906,impuesto sobre los activos fondo educacion ley 23906,0.0041,78.0,True
2020,santa cruz,i.v.a.ley 23966 art 5 punto 2,i.v.a.ley 23966 art 5 punto 2,153.192,78.0,True
2020,santa cruz,impuesto a los combustibles liquidos ley 23966 y 24699,obras de infraestructura,87.5309,78.0,True
2020,santa cruz,impuesto a los combustibles liquidos ley 23966 y 24699,vialidad provincial,243.5592,78.0,True
2020,santa cruz,impuesto a los combustibles liquidos ley 23966 y 24699,f.e.d.e.i.,111.0204694,78.0,True
2020,santa cruz,impuesto a los combustibles liquidos ley 23966 y 24699,ley 24464 fo.na.vi,864.5375,78.0,True
2020,santa cruz,regimen de energia electrica ley 24065,fondo para compensaciones de tarifa electrica,279.3149,78.0,True
2020,santa cruz,regimen de energia electrica ley 24065,f.e.d.e.i.,91.55768991,78.0,True
2020,santa cruz,fondo compensador de desequilibrios,fondo compensador de desequilibrios,36.0,78.0,True
2020,santa cruz,regimen simplificado para pequeños contribuyentes ley 24977 art 59 inciso a,regimen simplificado para pequeños contribuyentes ley 24977 art 59 inciso a,134.3163,78.0,True
2020,santa cruz,consenso fiscal ley 27429 compensacion,consenso fiscal ley 27429 compensacion,131.693341,78.0,True
2020,santa cruz,compensacion  medida cautelar/decreto,compensacion  medida cautelar/decreto,19.364818,78.0,True
2020,santa fe,coparticipacion federal de impuestos neta ley 26075,coparticipacion federal de impuestos neta ley 26075,151351.2414,82.0,True
2020,santa fe,financiamiento educativo ley 26075,financiamiento educativo ley 26075,15850.7395,82.0,True
2020,santa fe,transferencia de servicios ley 24049,transferencia de servicios ley 24049,135.4896,82.0,True
2020,santa fe,impuesto sobre los bienes personales,ley 24699,9845.9535,82.0,True
2020,santa fe,impuesto sobre los bienes personales,ley 23966 art 30,2123.6641,82.0,True
2020,santa fe,impuesto sobre los activos fondo educacion ley 23906,impuesto sobre los activos fondo educacion ley 23906,0.0169,82.0,True
2020,santa fe,i.v.a.ley 23966 art 5 punto 2,i.v.a.ley 23966 art 5 punto 2,2106.7925,82.0,True
2020,santa fe,impuesto a los combustibles liquidos ley 23966 y 24699,obras de infraestructura,534.2149,82.0,True
2020,santa fe,impuesto a los combustibles liquidos ley 23966 y 24699,vialidad provincial,970.8493,82.0,True
2020,santa fe,impuesto a los combustibles liquidos ley 23966 y 24699,f.e.d.e.i.,69.95270083,82.0,True
2020,santa fe,impuesto a los combustibles liquidos ley 23966 y 24699,ley 24464 fo.na.vi,1556.0132,82.0,True
2020,santa fe,regimen de energia electrica ley 24065,fondo para compensaciones de tarifa electrica,67.0822,82.0,True
2020,santa fe,regimen de energia electrica ley 24065,f.e.d.e.i.,57.68943062,82.0,True
2020,santa fe,fondo compensador de desequilibrios,fondo compensador de desequilibrios,6.0,82.0,True
2020,santa fe,regimen simplificado para pequeños contribuyentes ley 24977 art 59 inciso a,regimen simplificado para pequeños contribuyentes ley 24977 art 59 inciso a,773.7188,82.0,True
2020,santa fe,consenso fiscal ley 27429 compensacion,consenso fiscal ley 27429 compensacion,2443.909083,82.0,True
2020,santa fe,compensacion  medida cautelar/decreto,compensacion  medida cautelar/decreto,113.154184,82.0,True
2020,sgo. del estero,coparticipacion federal de impuestos neta ley 26075,coparticipacion federal de impuestos neta ley 26075,67562.1158,86.0,True
2020,sgo. del estero,financiamiento educativo ley 26075,financiamiento educativo ley 26075,8250.0815,86.0,True
2020,sgo. del estero,transferencia de servicios ley 24049,transferencia de servicios ley 24049,31.5996,86.0,True
2020,sgo. del estero,impuesto sobre los bienes personales,ley 24699,4465.1491,86.0,True
2020,sgo. del estero,impuesto sobre los activos fondo educacion ley 23906,impuesto sobre los activos fondo educacion ley 23906,0.0083,86.0,True
2020,sgo. del estero,impuesto a los combustibles liquidos ley 23966 y 24699,obras de infraestructura,228.6635,86.0,True
2020,sgo. del estero,impuesto a los combustibles liquidos ley 23966 y 24699,vialidad provincial,375.1788,86.0,True
2020,sgo. del estero,impuesto a los combustibles liquidos ley 23966 y 24699,f.e.d.e.i.,93.26905733,86.0,True
2020,sgo. del estero,impuesto a los combustibles liquidos ley 23966 y 24699,ley 24464 fo.na.vi,1161.7223,86.0,True
2020,sgo. del estero,regimen de energia electrica ley 24065,fondo para compensaciones de tarifa electrica,83.3442,86.0,True
2020,sgo. del estero,regimen de energia electrica ley 24065,f.e.d.e.i.,76.91824272,86.0,True
2020,sgo. del estero,fondo compensador de desequilibrios,fondo compensador de desequilibrios,26.4,86.0,True
2020,sgo. del estero,regimen simplificado para pequeños contribuyentes ley 24977 art 59 inciso a,regimen simplificado para pequeños contribuyentes ley 24977 art 59 inciso a,350.8838,86.0,True
2020,sgo. del estero,consenso fiscal ley 27429 compensacion,consenso fiscal ley 27429 compensacion,2646.285911,86.0,True
2020,sgo. del estero,compensacion  medida cautelar/decreto,compensacion  medida cautelar/decreto,50.064564,86.0,True
2020,tucuman,coparticipacion federal de impuestos neta ley 26075,coparticipacion federal de impuestos neta ley 26075,77365.1224,90.0,True
2020,tucuman,financiamiento educativo ley 26075,financiamiento educativo ley 26075,9933.7713,90.0,True
2020,tucuman,transferencia de servicios ley 24049,transferencia de servicios ley 24049,55.8,90.0,True
2020,tucuman,impuesto sobre los bienes personales,ley 24699,5141.687,90.0,True
2020,tucuman,impuesto sobre los activos fondo educacion ley 23906,impuesto sobre los activos fondo educacion ley 23906,0.0075,90.0,True
2020,tucuman,impuesto a los combustibles liquidos ley 23966 y 24699,obras de infraestructura,263.3089,90.0,True
2020,tucuman,impuesto a los combustibles liquidos ley 23966 y 24699,vialidad provincial,366.3088,90.0,True
2020,tucuman,impuesto a los combustibles liquidos ley 23966 y 24699,f.e.d.e.i.,68.26165414,90.0,True
2020,tucuman,impuesto a los combustibles liquidos ley 23966 y 24699,ley 24464 fo.na.vi,1134.7055,90.0,True
2020,tucuman,regimen de energia electrica ley 24065,fondo para compensaciones de tarifa electrica,57.3292,90.0,True
2020,tucuman,regimen de energia electrica ley 24065,f.e.d.e.i.,59.24378958,90.0,True
2020,tucuman,fondo compensador de desequilibrios,fondo compensador de desequilibrios,26.4,90.0,True
2020,tucuman,regimen simplificado para pequeños contribuyentes ley 24977 art 59 inciso a,regimen simplificado para pequeños contribuyentes ley 24977 art 59 inciso a,404.0474,90.0,True
2020,tucuman,consenso fiscal ley 27429 compensacion,consenso fiscal ley 27429 compensacion,3222.412315,90.0,True
2020,tucuman,compensacion  medida cautelar/decreto,compensacion  medida cautelar/decreto,57.65012,90.0,True
2020,tierra del fuego,coparticipacion federal de impuestos neta ley 26075,coparticipacion federal de impuestos neta ley 26075,21769.1559,94.0,True
2020,tierra del fuego,financiamiento educativo ley 26075,financiamiento educativo ley 26075,865.8979,94.0,True
2020,tierra del fuego,transferencia de servicios ley 24049,transferencia de servicios ley 24049,12.0,94.0,True
2020,tierra del fuego,impuesto sobre los bienes personales,ley 24699,1332.9292,94.0,True
2020,tierra del fuego,impuesto sobre los bienes personales,ley 23966 art 30,13.7019,94.0,True
2020,tierra del fuego,impuesto sobre los activos fondo educacion ley 23906,impuesto sobre los activos fondo educacion ley 23906,0.002,94.0,True
2020,tierra del fuego,i.v.a.ley 23966 art 5 punto 2,i.v.a.ley 23966 art 5 punto 2,13.5885,94.0,True
2020,tierra del fuego,impuesto a los combustibles liquidos ley 23966 y 24699,obras de infraestructura,68.2616,94.0,True
2020,tierra del fuego,impuesto a los combustibles liquidos ley 23966 y 24699,vialidad provincial,183.7892,94.0,True
2020,tierra del fuego,impuesto a los combustibles liquidos ley 23966 y 24699,f.e.d.e.i.,81.64366372,94.0,True
2020,tierra del fuego,impuesto a los combustibles liquidos ley 23966 y 24699,ley 24464 fo.na.vi,715.9451,94.0,True
2020,tierra del fuego,regimen de energia electrica ley 24065,fondo para compensaciones de tarifa electrica,66.6245,94.0,True
2020,tierra del fuego,regimen de energia electrica ley 24065,f.e.d.e.i.,67.33087371,94.0,True
2020,tierra del fuego,fondo compensador de desequilibrios,fondo compensador de desequilibrios,36.0,94.0,True
2020,tierra del fuego,regimen simplificado para pequeños contribuyentes ley 24977 art 59 inciso a,regimen simplificado para pequeños contribuyentes ley 24977 art 59 inciso a,104.7477,94.0,True
2020,tierra del fuego,consenso fiscal ley 27429 compensacion,consenso fiscal ley 27429 compensacion,65.5098702,94.0,True
2020,tierra del fuego,compensacion  medida cautelar/decreto,compensacion  medida cautelar/decreto,14.962992,94.0,True
2020,c.a.b.a,coparticipacion federal de impuestos neta ley 26075,coparticipacion federal de impuestos neta ley 26075,85158.9833,2.0,True
2020,c.a.b.a,financiamiento educativo ley 26075,financiamiento educativo ley 26075,12555.5176,2.0,True
2020,c.a.b.a,impuesto sobre los activos fondo educacion ley 23906,impuesto sobre los activos fondo educacion ley 23906,0.0071,2.0,True
2020,c.a.b.a,impuesto a los combustibles liquidos ley 23966 y 24699,ley 24464 fo.na.vi,351.2183,2.0,True
2020,c.a.b.a,compensacion  medida cautelar/decreto,compensacion  medida cautelar/decreto,74.72597,2.0,True
2020,tesoro nacional,coparticipacion federal de impuestos neta ley 26075,coparticipacion federal de impuestos neta ley 26075,1249461.668,,False
2020,tesoro nacional,impuesto sobre los bienes personales,ley 24699,79290.2467,,False
2020,tesoro nacional,impuesto sobre los activos fondo educacion ley 23906,impuesto sobre los activos fondo educacion ley 23906,0.1088,,False
2020,tesoro nacional,impuesto a los combustibles liquidos ley 23966 y 24699,vialidad provincial,18644.6372,,False
2020,tesoro nacional,consenso fiscal ley 27429 compensacion,consenso fiscal ley 27429 compensacion,-87754.23727,,False
2020,tesoro nacional,compensacion  medida cautelar/decreto,compensacion  medida cautelar/decreto,-1318.499974,,False
2020,seguridad social,i.v.a.ley 23966 art 5 punto 2,i.v.a.ley 23966 art 5 punto 2,188842.4786,,False
2020,seguridad social,regimen simplificado para pequeños contribuyentes ley 24977 art 59 inciso a,regimen simplificado para pequeños contribuyentes ley 24977 art 59 inciso a,20027.1337,,False
2020,fondo a.t.n.,coparticipacion federal de impuestos neta ley 26075,coparticipacion federal de impuestos neta ley 26075,32352.934,,False
2020,fondo a.t.n.,impuesto sobre los bienes personales,ley 24699,1904.1844,,False
2021,buenos aires,coparticipacion federal de impuestos neta ley 26075,coparticipacion federal de impuestos neta ley 26075,532440.7538,6.0,True
2021,buenos aires,financiamiento educativo ley 26075,financiamiento educativo ley 26075,132896.7694,6.0,True
2021,buenos aires,transferencia de servicios ley 24049,transferencia de servicios ley 24049,420.1008,6.0,True
2021,buenos aires,impuesto sobre los bienes personales,ley 24699,31958.7212,6.0,True
2021,buenos aires,impuesto sobre los bienes personales,ley 23966 art 30,7608.4374,6.0,True
2021,buenos aires,impuesto sobre los activos fondo educacion ley 23906,impuesto sobre los activos fondo educacion ley 23906,0.0475,6.0,True
2021,buenos aires,i.v.a.ley 23966 art 5 punto 2,i.v.a.ley 23966 art 5 punto 2,9511.1594,6.0,True
2021,buenos aires,impuesto a los combustibles liquidos ley 23966 y 24699,obras de infraestructura,2169.7514,6.0,True
2021,buenos aires,impuesto a los combustibles liquidos ley 23966 y 24699,vialidad provincial,4514.5895,6.0,True
2021,buenos aires,impuesto a los combustibles liquidos ley 23966 y 24699,f.e.d.e.i.,101.4971318,6.0,True
2021,buenos aires,impuesto a los combustibles liquidos ley 23966 y 24699,ley 24464 fo.na.vi,7090.2331,6.0,True
2021,buenos aires,regimen de energia electrica ley 24065,fondo para compensaciones de tarifa electrica,99.094,6.0,True
2021,buenos aires,regimen de energia electrica ley 24065,f.e.d.e.i.,76.32879222,6.0,True
2021,buenos aires,regimen simplificado para pequeños contribuyentes ley 24977 art 59 inciso a,regimen simplificado para pequeños contribuyentes ley 24977 art 59 inciso a,2014.4248,6.0,True
2021,buenos aires,consenso fiscal ley 27429 compensacion,consenso fiscal ley 27429 compensacion,76369.04449,6.0,True
2021,catamarca,coparticipacion federal de impuestos neta ley 26075,coparticipacion federal de impuestos neta ley 26075,76811.1828,10.0,True
2021,catamarca,financiamiento educativo ley 26075,financiamiento educativo ley 26075,6638.7294,10.0,True
2021,catamarca,transferencia de servicios ley 24049,transferencia de servicios ley 24049,21.3996,10.0,True
2021,catamarca,impuesto sobre los bienes personales,ley 24699,4008.4203,10.0,True
2021,catamarca,impuesto sobre los activos fondo educacion ley 23906,impuesto sobre los activos fondo educacion ley 23906,0.0036,10.0,True
2021,catamarca,impuesto a los combustibles liquidos ley 23966 y 24699,obras de infraestructura,275.9081,10.0,True
2021,catamarca,impuesto a los combustibles liquidos ley 23966 y 24699,vialidad provincial,393.5681,10.0,True
2021,catamarca,impuesto a los combustibles liquidos ley 23966 y 24699,f.e.d.e.i.,152.9709386,10.0,True
2021,catamarca,impuesto a los combustibles liquidos ley 23966 y 24699,ley 24464 fo.na.vi,1026.8614,10.0,True
2021,catamarca,regimen de energia electrica ley 24065,fondo para compensaciones de tarifa electrica,131.2085,10.0,True
2021,catamarca,regimen de energia electrica ley 24065,f.e.d.e.i.,115.0385905,10.0,True
2021,catamarca,fondo compensador de desequilibrios,fondo compensador de desequilibrios,26.4,10.0,True
2021,catamarca,regimen simplificado para pequeños contribuyentes ley 24977 art 59 inciso a,regimen simplificado para pequeños contribuyentes ley 24977 art 59 inciso a,252.6628,10.0,True
2021,catamarca,consenso fiscal ley 27429 compensacion,consenso fiscal ley 27429 compensacion,535.78524,10.0,True
2021,cordoba,coparticipacion federal de impuestos neta ley 26075,coparticipacion federal de impuestos neta ley 26075,239251.3812,14.0,True
2021,cordoba,financiamiento educativo ley 26075,financiamiento educativo ley 26075,29772.4605,14.0,True
2021,cordoba,transferencia de servicios ley 24049,transferencia de servicios ley 24049,125.3004,14.0,True
2021,cordoba,impuesto sobre los bienes personales,ley 24699,12922.2502,14.0,True
2021,cordoba,impuesto sobre los bienes personales,ley 23966 art 30,2598.314,14.0,True
2021,cordoba,impuesto sobre los activos fondo educacion ley 23906,impuesto sobre los activos fondo educacion ley 23906,0.0131,14.0,True
2021,cordoba,i.v.a.ley 23966 art 5 punto 2,i.v.a.ley 23966 art 5 punto 2,3248.1017,14.0,True
2021,cordoba,impuesto a los combustibles liquidos ley 23966 y 24699,obras de infraestructura,889.4572,14.0,True
2021,cordoba,impuesto a los combustibles liquidos ley 23966 y 24699,vialidad provincial,2012.5198,14.0,True
2021,cordoba,impuesto a los combustibles liquidos ley 23966 y 24699,f.e.d.e.i.,101.4971318,14.0,True
2021,cordoba,impuesto a los combustibles liquidos ley 23966 y 24699,ley 24464 fo.na.vi,2762.7461,14.0,True
2021,cordoba,regimen de energia electrica ley 24065,fondo para compensaciones de tarifa electrica,96.1789,14.0,True
2021,cordoba,regimen de energia electrica ley 24065,f.e.d.e.i.,76.32879222,14.0,True
2021,cordoba,fondo compensador de desequilibrios,fondo compensador de desequilibrios,6.0,14.0,True
2021,cordoba,regimen simplificado para pequeños contribuyentes ley 24977 art 59 inciso a,regimen simplificado para pequeños contribuyentes ley 24977 art 59 inciso a,814.5215,14.0,True
2021,cordoba,consenso fiscal ley 27429 compensacion,consenso fiscal ley 27429 compensacion,3119.76597,14.0,True
2021,corrientes,coparticipacion federal de impuestos neta ley 26075,coparticipacion federal de impuestos neta ley 26075,99472.9295,18.0,True
2021,corrientes,financiamiento educativo ley 26075,financiamiento educativo ley 26075,13155.273,18.0,True
2021,corrientes,transferencia de servicios ley 24049,transferencia de servicios ley 24049,38.6004,18.0,True
2021,corrientes,impuesto sobre los bienes personales,ley 24699,5409.9659,18.0,True
2021,corrientes,impuesto sobre los bienes personales,ley 23966 art 30,830.8204,18.0,True
2021,corrientes,impuesto sobre los activos fondo educacion ley 23906,impuesto sobre los activos fondo educacion ley 23906,0.0059,18.0,True
2021,corrientes,i.v.a.ley 23966 art 5 punto 2,i.v.a.ley 23966 art 5 punto 2,1038.5925,18.0,True
2021,corrientes,impuesto a los combustibles liquidos ley 23966 y 24699,obras de infraestructura,372.3754,18.0,True
2021,corrientes,impuesto a los combustibles liquidos ley 23966 y 24699,vialidad provincial,685.8195,18.0,True
2021,corrientes,impuesto a los combustibles liquidos ley 23966 y 24699,f.e.d.e.i.,128.4948273,18.0,True
2021,corrientes,impuesto a los combustibles liquidos ley 23966 y 24699,ley 24464 fo.na.vi,2420.4591,18.0,True
2021,corrientes,regimen de energia electrica ley 24065,fondo para compensaciones de tarifa electrica,136.3431,18.0,True
2021,corrientes,regimen de energia electrica ley 24065,f.e.d.e.i.,96.63184368,18.0,True
2021,corrientes,fondo compensador de desequilibrios,fondo compensador de desequilibrios,18.0,18.0,True
2021,corrientes,regimen simplificado para pequeños contribuyentes ley 24977 art 59 inciso a,regimen simplificado para pequeños contribuyentes ley 24977 art 59 inciso a,341.0032,18.0,True
2021,corrientes,consenso fiscal ley 27429 compensacion,consenso fiscal ley 27429 compensacion,3910.126704,18.0,True
2021,chaco,coparticipacion federal de impuestos neta ley 26075,coparticipacion federal de impuestos neta ley 26075,136033.3102,22.0,True
2021,chaco,financiamiento educativo ley 26075,financiamiento educativo ley 26075,15110.2365,22.0,True
2021,chaco,transferencia de servicios ley 24049,transferencia de servicios ley 24049,33.6,22.0,True
2021,chaco,impuesto sobre los bienes personales,ley 24699,7260.0062,22.0,True
2021,chaco,impuesto sobre los bienes personales,ley 23966 art 30,653.1658,22.0,True
2021,chaco,impuesto sobre los activos fondo educacion ley 23906,impuesto sobre los activos fondo educacion ley 23906,0.0077,22.0,True
2021,chaco,i.v.a.ley 23966 art 5 punto 2,i.v.a.ley 23966 art 5 punto 2,816.5102,22.0,True
2021,chaco,impuesto a los combustibles liquidos ley 23966 y 24699,obras de infraestructura,499.7199,22.0,True
2021,chaco,impuesto a los combustibles liquidos ley 23966 y 24699,vialidad provincial,673.556,22.0,True
2021,chaco,impuesto a los combustibles liquidos ley 23966 y 24699,f.e.d.e.i.,136.4726234,22.0,True
2021,chaco,impuesto a los combustibles liquidos ley 23966 y 24699,ley 24464 fo.na.vi,2249.3154,22.0,True
2021,chaco,regimen de energia electrica ley 24065,fondo para compensaciones de tarifa electrica,141.1315,22.0,True
2021,chaco,regimen de energia electrica ley 24065,f.e.d.e.i.,102.6313781,22.0,True
2021,chaco,fondo compensador de desequilibrios,fondo compensador de desequilibrios,6.0,22.0,True
2021,chaco,regimen simplificado para pequeños contribuyentes ley 24977 art 59 inciso a,regimen simplificado para pequeños contribuyentes ley 24977 art 59 inciso a,457.619,22.0,True
2021,chaco,consenso fiscal ley 27429 compensacion,consenso fiscal ley 27429 compensacion,4767.829702,22.0,True
2021,chubut,coparticipacion federal de impuestos neta ley 26075,coparticipacion federal de impuestos neta ley 26075,41521.2419,26.0,True
2021,chubut,financiamiento educativo ley 26075,financiamiento educativo ley 26075,6394.3587,26.0,True
2021,chubut,transferencia de servicios ley 24049,transferencia de servicios ley 24049,24.2004,26.0,True
2021,chubut,impuesto sobre los bienes personales,ley 24699,2301.5707,26.0,True
2021,chubut,impuesto sobre los bienes personales,ley 23966 art 30,255.5062,26.0,True
2021,chubut,impuesto sobre los activos fondo educacion ley 23906,impuesto sobre los activos fondo educacion ley 23906,0.0036,26.0,True
2021,chubut,i.v.a.ley 23966 art 5 punto 2,i.v.a.ley 23966 art 5 punto 2,319.4035,26.0,True
2021,chubut,impuesto a los combustibles liquidos ley 23966 y 24699,obras de infraestructura,158.4239,26.0,True
2021,chubut,impuesto a los combustibles liquidos ley 23966 y 24699,vialidad provincial,586.169,26.0,True
2021,chubut,impuesto a los combustibles liquidos ley 23966 y 24699,f.e.d.e.i.,143.0892206,26.0,True
2021,chubut,impuesto a los combustibles liquidos ley 23966 y 24699,ley 24464 fo.na.vi,1564.7411,26.0,True
2021,chubut,regimen de energia electrica ley 24065,fondo para compensaciones de tarifa electrica,252.2224,26.0,True
2021,chubut,regimen de energia electrica ley 24065,f.e.d.e.i.,107.6072514,26.0,True
2021,chubut,fondo compensador de desequilibrios,fondo compensador de desequilibrios,36.0,26.0,True
2021,chubut,regimen simplificado para pequeños contribuyentes ley 24977 art 59 inciso a,regimen simplificado para pequeños contribuyentes ley 24977 art 59 inciso a,145.0767,26.0,True
2021,chubut,consenso fiscal ley 27429 compensacion,consenso fiscal ley 27429 compensacion,904.228394,26.0,True
2021,entre rios,coparticipacion federal de impuestos neta ley 26075,coparticipacion federal de impuestos neta ley 26075,134778.6613,30.0,True
2021,entre rios,financiamiento educativo ley 26075,financiamiento educativo ley 26075,13155.273,30.0,True
2021,entre rios,transferencia de servicios ley 24049,transferencia de servicios ley 24049,67.4988,30.0,True
2021,entre rios,impuesto sobre los bienes personales,ley 24699,7105.8362,30.0,True
2021,entre rios,impuesto sobre los bienes personales,ley 23966 art 30,1127.6112,30.0,True
2021,entre rios,impuesto sobre los activos fondo educacion ley 23906,impuesto sobre los activos fondo educacion ley 23906,0.0061,30.0,True
2021,entre rios,i.v.a.ley 23966 art 5 punto 2,i.v.a.ley 23966 art 5 punto 2,1409.6051,30.0,True
2021,entre rios,impuesto a los combustibles liquidos ley 23966 y 24699,obras de infraestructura,489.1003,30.0,True
2021,entre rios,impuesto a los combustibles liquidos ley 23966 y 24699,vialidad provincial,1038.3872,30.0,True
2021,entre rios,impuesto a los combustibles liquidos ley 23966 y 24699,f.e.d.e.i.,117.4480402,30.0,True
2021,entre rios,impuesto a los combustibles liquidos ley 23966 y 24699,ley 24464 fo.na.vi,1907.0282,30.0,True
2021,entre rios,regimen de energia electrica ley 24065,fondo para compensaciones de tarifa electrica,136.3746,30.0,True
2021,entre rios,regimen de energia electrica ley 24065,f.e.d.e.i.,88.32433877,30.0,True
2021,entre rios,fondo compensador de desequilibrios,fondo compensador de desequilibrios,21.6,30.0,True
2021,entre rios,regimen simplificado para pequeños contribuyentes ley 24977 art 59 inciso a,regimen simplificado para pequeños contribuyentes ley 24977 art 59 inciso a,447.8941,30.0,True
2021,entre rios,consenso fiscal ley 27429 compensacion,consenso fiscal ley 27429 compensacion,2187.848566,30.0,True
2021,formosa,coparticipacion federal de impuestos neta ley 26075,coparticipacion federal de impuestos neta ley 26075,101740.9753,34.0,True
2021,formosa,financiamiento educativo ley 26075,financiamiento educativo ley 26075,8552.964,34.0,True
2021,formosa,transferencia de servicios ley 24049,transferencia de servicios ley 24049,20.7012,34.0,True
2021,formosa,impuesto sobre los bienes personales,ley 24699,5297.8422,34.0,True
2021,formosa,impuesto sobre los bienes personales,ley 23966 art 30,304.2574,34.0,True
2021,formosa,impuesto sobre los activos fondo educacion ley 23906,impuesto sobre los activos fondo educacion ley 23906,0.0042,34.0,True
2021,formosa,i.v.a.ley 23966 art 5 punto 2,i.v.a.ley 23966 art 5 punto 2,380.3465,34.0,True
2021,formosa,impuesto a los combustibles liquidos ley 23966 y 24699,obras de infraestructura,364.6613,34.0,True
2021,formosa,impuesto a los combustibles liquidos ley 23966 y 24699,vialidad provincial,405.5363,34.0,True
2021,formosa,impuesto a los combustibles liquidos ley 23966 y 24699,f.e.d.e.i.,157.7011777,34.0,True
2021,formosa,impuesto a los combustibles liquidos ley 23966 y 24699,ley 24464 fo.na.vi,1955.9264,34.0,True
2021,formosa,regimen de energia electrica ley 24065,fondo para compensaciones de tarifa electrica,148.1454,34.0,True
2021,formosa,regimen de energia electrica ley 24065,f.e.d.e.i.,118.5958678,34.0,True
2021,formosa,fondo compensador de desequilibrios,fondo compensador de desequilibrios,26.4,34.0,True
2021,formosa,regimen simplificado para pequeños contribuyentes ley 24977 art 59 inciso a,regimen simplificado para pequeños contribuyentes ley 24977 art 59 inciso a,333.939,34.0,True
2021,formosa,consenso fiscal ley 27429 compensacion,consenso fiscal ley 27429 compensacion,2344.49241,34.0,True
2021,jujuy,coparticipacion federal de impuestos neta ley 26075,coparticipacion federal de impuestos neta ley 26075,77767.3643,38.0,True
2021,jujuy,financiamiento educativo ley 26075,financiamiento educativo ley 26075,8308.5937,38.0,True
2021,jujuy,transferencia de servicios ley 24049,transferencia de servicios ley 24049,33.3,38.0,True
2021,jujuy,impuesto sobre los bienes personales,ley 24699,4134.5594,38.0,True
2021,jujuy,impuesto sobre los activos fondo educacion ley 23906,impuesto sobre los activos fondo educacion ley 23906,0.0038,38.0,True
2021,jujuy,impuesto a los combustibles liquidos ley 23966 y 24699,obras de infraestructura,284.5839,38.0,True
2021,jujuy,impuesto a los combustibles liquidos ley 23966 y 24699,vialidad provincial,486.1421,38.0,True
2021,jujuy,impuesto a los combustibles liquidos ley 23966 y 24699,f.e.d.e.i.,127.2592101,38.0,True
2021,jujuy,impuesto a los combustibles liquidos ley 23966 y 24699,ley 24464 fo.na.vi,1466.9448,38.0,True
2021,jujuy,regimen de energia electrica ley 24065,fondo para compensaciones de tarifa electrica,141.5083,38.0,True
2021,jujuy,regimen de energia electrica ley 24065,f.e.d.e.i.,95.7026236,38.0,True
2021,jujuy,fondo compensador de desequilibrios,fondo compensador de desequilibrios,26.4,38.0,True
2021,jujuy,regimen simplificado para pequeños contribuyentes ley 24977 art 59 inciso a,regimen simplificado para pequeños contribuyentes ley 24977 art 59 inciso a,260.6079,38.0,True
2021,jujuy,consenso fiscal ley 27429 compensacion,consenso fiscal ley 27429 compensacion,2271.459484,38.0,True
2021,la pampa,coparticipacion federal de impuestos neta ley 26075,coparticipacion federal de impuestos neta ley 26075,53541.7772,42.0,True
2021,la pampa,financiamiento educativo ley 26075,financiamiento educativo ley 26075,4520.8524,42.0,True
2021,la pampa,transferencia de servicios ley 24049,transferencia de servicios ley 24049,19.2,42.0,True
2021,la pampa,impuesto sobre los bienes personales,ley 24699,2785.9476,42.0,True
2021,la pampa,impuesto sobre los bienes personales,ley 23966 art 30,224.3684,42.0,True
2021,la pampa,impuesto sobre los activos fondo educacion ley 23906,impuesto sobre los activos fondo educacion ley 23906,0.0031,42.0,True
2021,la pampa,i.v.a.ley 23966 art 5 punto 2,i.v.a.ley 23966 art 5 punto 2,280.5916,42.0,True
2021,la pampa,impuesto a los combustibles liquidos ley 23966 y 24699,obras de infraestructura,191.7595,42.0,True
2021,la pampa,impuesto a los combustibles liquidos ley 23966 y 24699,vialidad provincial,546.6008,42.0,True
2021,la pampa,impuesto a los combustibles liquidos ley 23966 y 24699,f.e.d.e.i.,112.9707207,42.0,True
2021,la pampa,impuesto a los combustibles liquidos ley 23966 y 24699,ley 24464 fo.na.vi,996.9045,42.0,True
2021,la pampa,regimen de energia electrica ley 24065,fondo para compensaciones de tarifa electrica,189.8336,42.0,True
2021,la pampa,regimen de energia electrica ley 24065,f.e.d.e.i.,84.95726438,42.0,True
2021,la pampa,fondo compensador de desequilibrios,fondo compensador de desequilibrios,30.0,42.0,True
2021,la pampa,regimen simplificado para pequeños contribuyentes ley 24977 art 59 inciso a,regimen simplificado para pequeños contribuyentes ley 24977 art 59 inciso a,175.6041,42.0,True
2021,la rioja,coparticipacion federal de impuestos neta ley 26075,coparticipacion federal de impuestos neta ley 26075,57479.3615,46.0,True
2021,la rioja,financiamiento educativo ley 26075,financiamiento educativo ley 26075,5253.9637,46.0,True
2021,la rioja,transferencia de servicios ley 24049,transferencia de servicios ley 24049,20.2992,46.0,True
2021,la rioja,impuesto sobre los bienes personales,ley 24699,3013.3229,46.0,True
2021,la rioja,impuesto sobre los activos fondo educacion ley 23906,impuesto sobre los activos fondo educacion ley 23906,0.0031,46.0,True
2021,la rioja,impuesto a los combustibles liquidos ley 23966 y 24699,obras de infraestructura,207.4117,46.0,True
2021,la rioja,impuesto a los combustibles liquidos ley 23966 y 24699,vialidad provincial,445.33,46.0,True
2021,la rioja,impuesto a los combustibles liquidos ley 23966 y 24699,f.e.d.e.i.,148.8413834,46.0,True
2021,la rioja,impuesto a los combustibles liquidos ley 23966 y 24699,ley 24464 fo.na.vi,977.963,46.0,True
2021,la rioja,regimen de energia electrica ley 24065,fondo para compensaciones de tarifa electrica,225.336,46.0,True
2021,la rioja,regimen de energia electrica ley 24065,f.e.d.e.i.,111.933045,46.0,True
2021,la rioja,fondo compensador de desequilibrios,fondo compensador de desequilibrios,26.4,46.0,True
2021,la rioja,regimen simplificado para pequeños contribuyentes ley 24977 art 59 inciso a,regimen simplificado para pequeños contribuyentes ley 24977 art 59 inciso a,189.9375,46.0,True
2021,la rioja,consenso fiscal ley 27429 compensacion,consenso fiscal ley 27429 compensacion,704.326562,46.0,True
2021,mendoza,coparticipacion federal de impuestos neta ley 26075,coparticipacion federal de impuestos neta ley 26075,107525.4786,50.0,True
2021,mendoza,financiamiento educativo ley 26075,financiamiento educativo ley 26075,18816.5209,50.0,True
2021,mendoza,transferencia de servicios ley 24049,transferencia de servicios ley 24049,61.6992,50.0,True
2021,mendoza,impuesto sobre los bienes personales,ley 24699,6068.6923,50.0,True
2021,mendoza,impuesto sobre los activos fondo educacion ley 23906,impuesto sobre los activos fondo educacion ley 23906,0.0065,50.0,True
2021,mendoza,impuesto a los combustibles liquidos ley 23966 y 24699,obras de infraestructura,417.7188,50.0,True
2021,mendoza,impuesto a los combustibles liquidos ley 23966 y 24699,vialidad provincial,920.8525,50.0,True
2021,mendoza,impuesto a los combustibles liquidos ley 23966 y 24699,f.e.d.e.i.,115.5297744,50.0,True
2021,mendoza,impuesto a los combustibles liquidos ley 23966 y 24699,ley 24464 fo.na.vi,1955.9264,50.0,True
2021,mendoza,regimen de energia electrica ley 24065,fondo para compensaciones de tarifa electrica,108.3152,50.0,True
2021,mendoza,regimen de energia electrica ley 24065,f.e.d.e.i.,86.88174717,50.0,True
2021,mendoza,fondo compensador de desequilibrios,fondo compensador de desequilibrios,26.4,50.0,True
2021,mendoza,regimen simplificado para pequeños contribuyentes ley 24977 art 59 inciso a,regimen simplificado para pequeños contribuyentes ley 24977 art 59 inciso a,382.5265,50.0,True
2021,mendoza,consenso fiscal ley 27429 compensacion,consenso fiscal ley 27429 compensacion,3329.468362,50.0,True
2021,misiones,coparticipacion federal de impuestos neta ley 26075,coparticipacion federal de impuestos neta ley 26075,84523.2887,54.0,True
2021,misiones,financiamiento educativo ley 26075,financiamiento educativo ley 26075,15558.2489,54.0,True
2021,misiones,transferencia de servicios ley 24049,transferencia de servicios ley 24049,34.1004,54.0,True
2021,misiones,impuesto sobre los bienes personales,ley 24699,4807.3014,54.0,True
2021,misiones,impuesto sobre los bienes personales,ley 23966 art 30,356.7087,54.0,True
2021,misiones,impuesto sobre los activos fondo educacion ley 23906,impuesto sobre los activos fondo educacion ley 23906,0.0048,54.0,True
2021,misiones,i.v.a.ley 23966 art 5 punto 2,i.v.a.ley 23966 art 5 punto 2,445.9145,54.0,True
2021,misiones,impuesto a los combustibles liquidos ley 23966 y 24699,obras de infraestructura,330.889,54.0,True
2021,misiones,impuesto a los combustibles liquidos ley 23966 y 24699,vialidad provincial,706.4392,54.0,True
2021,misiones,impuesto a los combustibles liquidos ley 23966 y 24699,f.e.d.e.i.,149.4365054,54.0,True
2021,misiones,impuesto a los combustibles liquidos ley 23966 y 24699,ley 24464 fo.na.vi,2298.2134,54.0,True
2021,misiones,regimen de energia electrica ley 24065,fondo para compensaciones de tarifa electrica,126.2526,54.0,True
2021,misiones,regimen de energia electrica ley 24065,f.e.d.e.i.,112.380594,54.0,True
2021,misiones,fondo compensador de desequilibrios,fondo compensador de desequilibrios,26.4,54.0,True
2021,misiones,regimen simplificado para pequeños contribuyentes ley 24977 art 59 inciso a,regimen simplificado para pequeños contribuyentes ley 24977 art 59 inciso a,303.012,54.0,True
2021,misiones,consenso fiscal ley 27429 compensacion,consenso fiscal ley 27429 compensacion,4409.541218,54.0,True
2021,neuquen,coparticipacion federal de impuestos neta ley 26075,coparticipacion federal de impuestos neta ley 26075,45782.4843,58.0,True
2021,neuquen,financiamiento educativo ley 26075,financiamiento educativo ley 26075,6801.6426,58.0,True
2021,neuquen,transferencia de servicios ley 24049,transferencia de servicios ley 24049,17.3988,58.0,True
2021,neuquen,impuesto sobre los bienes personales,ley 24699,2525.8179,58.0,True
2021,neuquen,impuesto sobre los bienes personales,ley 23966 art 30,160.4219,58.0,True
2021,neuquen,impuesto sobre los activos fondo educacion ley 23906,impuesto sobre los activos fondo educacion ley 23906,0.0043,58.0,True
2021,neuquen,i.v.a.ley 23966 art 5 punto 2,i.v.a.ley 23966 art 5 punto 2,200.5402,58.0,True
2021,neuquen,impuesto a los combustibles liquidos ley 23966 y 24699,obras de infraestructura,173.852,58.0,True
2021,neuquen,impuesto a los combustibles liquidos ley 23966 y 24699,vialidad provincial,625.8555,58.0,True
2021,neuquen,impuesto a los combustibles liquidos ley 23966 y 24699,f.e.d.e.i.,132.7025417,58.0,True
2021,neuquen,impuesto a los combustibles liquidos ley 23966 y 24699,ley 24464 fo.na.vi,2102.6209,58.0,True
2021,neuquen,regimen de energia electrica ley 24065,fondo para compensaciones de tarifa electrica,176.0612,58.0,True
2021,neuquen,regimen de energia electrica ley 24065,f.e.d.e.i.,99.79616715,58.0,True
2021,neuquen,fondo compensador de desequilibrios,fondo compensador de desequilibrios,30.0,58.0,True
2021,neuquen,regimen simplificado para pequeños contribuyentes ley 24977 art 59 inciso a,regimen simplificado para pequeños contribuyentes ley 24977 art 59 inciso a,159.2052,58.0,True
2021,neuquen,consenso fiscal ley 27429 compensacion,consenso fiscal ley 27429 compensacion,1218.491288,58.0,True
2021,rio negro,coparticipacion federal de impuestos neta ley 26075,coparticipacion federal de impuestos neta ley 26075,68912.3682,62.0,True
2021,rio negro,financiamiento educativo ley 26075,financiamiento educativo ley 26075,7534.7539,62.0,True
2021,rio negro,transferencia de servicios ley 24049,transferencia de servicios ley 24049,14.6004,62.0,True
2021,rio negro,impuesto sobre los bienes personales,ley 24699,3672.0492,62.0,True
2021,rio negro,impuesto sobre los activos fondo educacion ley 23906,impuesto sobre los activos fondo educacion ley 23906,0.005,62.0,True
2021,rio negro,impuesto a los combustibles liquidos ley 23966 y 24699,obras de infraestructura,252.7552,62.0,True
2021,rio negro,impuesto a los combustibles liquidos ley 23966 y 24699,vialidad provincial,513.4879,62.0,True
2021,rio negro,impuesto a los combustibles liquidos ley 23966 y 24699,f.e.d.e.i.,123.3044152,62.0,True
2021,rio negro,impuesto a los combustibles liquidos ley 23966 y 24699,ley 24464 fo.na.vi,2200.4173,62.0,True
2021,rio negro,regimen de energia electrica ley 24065,fondo para compensaciones de tarifa electrica,132.764,62.0,True
2021,rio negro,regimen de energia electrica ley 24065,f.e.d.e.i.,92.72850294,62.0,True
2021,rio negro,fondo compensador de desequilibrios,fondo compensador de desequilibrios,30.0,62.0,True
2021,rio negro,regimen simplificado para pequeños contribuyentes ley 24977 art 59 inciso a,regimen simplificado para pequeños contribuyentes ley 24977 art 59 inciso a,231.4606,62.0,True
2021,rio negro,consenso fiscal ley 27429 compensacion,consenso fiscal ley 27429 compensacion,1134.943884,62.0,True
2021,salta,coparticipacion federal de impuestos neta ley 26075,coparticipacion federal de impuestos neta ley 26075,100774.9907,66.0,True
2021,salta,financiamiento educativo ley 26075,financiamiento educativo ley 26075,15354.6066,66.0,True
2021,salta,transferencia de servicios ley 24049,transferencia de servicios ley 24049,39.8004,66.0,True
2021,salta,impuesto sobre los bienes personales,ley 24699,5578.1514,66.0,True
2021,salta,impuesto sobre los activos fondo educacion ley 23906,impuesto sobre los activos fondo educacion ley 23906,0.0066,66.0,True
2021,salta,impuesto a los combustibles liquidos ley 23966 y 24699,obras de infraestructura,383.9568,66.0,True
2021,salta,impuesto a los combustibles liquidos ley 23966 y 24699,vialidad provincial,627.5684,66.0,True
2021,salta,impuesto a los combustibles liquidos ley 23966 y 24699,f.e.d.e.i.,126.1456616,66.0,True
2021,salta,impuesto a los combustibles liquidos ley 23966 y 24699,ley 24464 fo.na.vi,1955.9264,66.0,True
2021,salta,regimen de energia electrica ley 24065,fondo para compensaciones de tarifa electrica,127.3672,66.0,True
2021,salta,regimen de energia electrica ley 24065,f.e.d.e.i.,94.86520278,66.0,True
2021,salta,fondo compensador de desequilibrios,fondo compensador de desequilibrios,30.0,66.0,True
2021,salta,regimen simplificado para pequeños contribuyentes ley 24977 art 59 inciso a,regimen simplificado para pequeños contribuyentes ley 24977 art 59 inciso a,351.609,66.0,True
2021,salta,consenso fiscal ley 27429 compensacion,consenso fiscal ley 27429 compensacion,6216.644814,66.0,True
2021,san juan,coparticipacion federal de impuestos neta ley 26075,coparticipacion federal de impuestos neta ley 26075,92396.6145,70.0,True
2021,san juan,financiamiento educativo ley 26075,financiamiento educativo ley 26075,10019.1864,70.0,True
2021,san juan,transferencia de servicios ley 24049,transferencia de servicios ley 24049,30.0996,70.0,True
2021,san juan,impuesto sobre los bienes personales,ley 24699,4919.4251,70.0,True
2021,san juan,impuesto sobre los activos fondo educacion ley 23906,impuesto sobre los activos fondo educacion ley 23906,0.0037,70.0,True
2021,san juan,impuesto a los combustibles liquidos ley 23966 y 24699,obras de infraestructura,338.6132,70.0,True
2021,san juan,impuesto a los combustibles liquidos ley 23966 y 24699,vialidad provincial,587.2786,70.0,True
2021,san juan,impuesto a los combustibles liquidos ley 23966 y 24699,f.e.d.e.i.,116.8643347,70.0,True
2021,san juan,impuesto a los combustibles liquidos ley 23966 y 24699,ley 24464 fo.na.vi,1784.7828,70.0,True
2021,san juan,regimen de energia electrica ley 24065,fondo para compensaciones de tarifa electrica,108.0178,70.0,True
2021,san juan,regimen de energia electrica ley 24065,f.e.d.e.i.,87.8853753,70.0,True
2021,san juan,fondo compensador de desequilibrios,fondo compensador de desequilibrios,26.4,70.0,True
2021,san juan,regimen simplificado para pequeños contribuyentes ley 24977 art 59 inciso a,regimen simplificado para pequeños contribuyentes ley 24977 art 59 inciso a,310.0854,70.0,True
2021,san juan,consenso fiscal ley 27429 compensacion,consenso fiscal ley 27429 compensacion,1426.417154,70.0,True
2021,san luis,coparticipacion federal de impuestos neta ley 26075,coparticipacion federal de impuestos neta ley 26075,63043.2891,74.0,True
2021,san luis,financiamiento educativo ley 26075,financiamiento educativo ley 26075,6109.26,74.0,True
2021,san luis,transferencia de servicios ley 24049,transferencia de servicios ley 24049,18.9012,74.0,True
2021,san luis,impuesto sobre los bienes personales,ley 24699,3321.663,74.0,True
2021,san luis,impuesto sobre los activos fondo educacion ley 23906,impuesto sobre los activos fondo educacion ley 23906,0.0031,74.0,True
2021,san luis,impuesto a los combustibles liquidos ley 23966 y 24699,obras de infraestructura,228.6309,74.0,True
2021,san luis,impuesto a los combustibles liquidos ley 23966 y 24699,vialidad provincial,440.578,74.0,True
2021,san luis,impuesto a los combustibles liquidos ley 23966 y 24699,f.e.d.e.i.,114.4829686,74.0,True
2021,san luis,impuesto a los combustibles liquidos ley 23966 y 24699,ley 24464 fo.na.vi,1784.7828,74.0,True
2021,san luis,regimen de energia electrica ley 24065,fondo para compensaciones de tarifa electrica,122.7873,74.0,True
2021,san luis,regimen de energia electrica ley 24065,f.e.d.e.i.,86.09451879,74.0,True
2021,san luis,fondo compensador de desequilibrios,fondo compensador de desequilibrios,26.4,74.0,True
2021,san luis,regimen simplificado para pequeños contribuyentes ley 24977 art 59 inciso a,regimen simplificado para pequeños contribuyentes ley 24977 art 59 inciso a,209.3691,74.0,True
2021,santa cruz,coparticipacion federal de impuestos neta ley 26075,coparticipacion federal de impuestos neta ley 26075,44779.5137,78.0,True
2021,santa cruz,financiamiento educativo ley 26075,financiamiento educativo ley 26075,3136.0866,78.0,True
2021,santa cruz,transferencia de servicios ley 24049,transferencia de servicios ley 24049,8.4996,78.0,True
2021,santa cruz,impuesto sobre los bienes personales,ley 24699,2301.5707,78.0,True
2021,santa cruz,impuesto sobre los bienes personales,ley 23966 art 30,208.0051,78.0,True
2021,santa cruz,impuesto sobre los activos fondo educacion ley 23906,impuesto sobre los activos fondo educacion ley 23906,0.0031,78.0,True
2021,santa cruz,i.v.a.ley 23966 art 5 punto 2,i.v.a.ley 23966 art 5 punto 2,260.023,78.0,True
2021,santa cruz,impuesto a los combustibles liquidos ley 23966 y 24699,obras de infraestructura,158.4239,78.0,True
2021,santa cruz,impuesto a los combustibles liquidos ley 23966 y 24699,vialidad provincial,471.7667,78.0,True
2021,santa cruz,impuesto a los combustibles liquidos ley 23966 y 24699,f.e.d.e.i.,161.0839763,78.0,True
2021,santa cruz,impuesto a los combustibles liquidos ley 23966 y 24699,ley 24464 fo.na.vi,1564.7411,78.0,True
2021,santa cruz,regimen de energia electrica ley 24065,fondo para compensaciones de tarifa electrica,352.0861,78.0,True
2021,santa cruz,regimen de energia electrica ley 24065,f.e.d.e.i.,121.1398306,78.0,True
2021,santa cruz,fondo compensador de desequilibrios,fondo compensador de desequilibrios,36.0,78.0,True
2021,santa cruz,regimen simplificado para pequeños contribuyentes ley 24977 art 59 inciso a,regimen simplificado para pequeños contribuyentes ley 24977 art 59 inciso a,145.0767,78.0,True
2021,santa cruz,consenso fiscal ley 27429 compensacion,consenso fiscal ley 27429 compensacion,190.207252,78.0,True
2021,santa fe,coparticipacion federal de impuestos neta ley 26075,coparticipacion federal de impuestos neta ley 26075,249315.6367,82.0,True
2021,santa fe,financiamiento educativo ley 26075,financiamiento educativo ley 26075,27002.9292,82.0,True
2021,santa fe,transferencia de servicios ley 24049,transferencia de servicios ley 24049,135.4896,82.0,True
2021,santa fe,impuesto sobre los bienes personales,ley 24699,13258.2527,82.0,True
2021,santa fe,impuesto sobre los bienes personales,ley 23966 art 30,2859.6603,82.0,True
2021,santa fe,impuesto sobre los activos fondo educacion ley 23906,impuesto sobre los activos fondo educacion ley 23906,0.0126,82.0,True
2021,santa fe,i.v.a.ley 23966 art 5 punto 2,i.v.a.ley 23966 art 5 punto 2,3576.2465,82.0,True
2021,santa fe,impuesto a los combustibles liquidos ley 23966 y 24699,obras de infraestructura,942.5871,82.0,True
2021,santa fe,impuesto a los combustibles liquidos ley 23966 y 24699,vialidad provincial,1933.8709,82.0,True
2021,santa fe,impuesto a los combustibles liquidos ley 23966 y 24699,f.e.d.e.i.,101.4971318,82.0,True
2021,santa fe,impuesto a los combustibles liquidos ley 23966 y 24699,ley 24464 fo.na.vi,2816.2549,82.0,True
2021,santa fe,regimen de energia electrica ley 24065,fondo para compensaciones de tarifa electrica,86.4412,82.0,True
2021,santa fe,regimen de energia electrica ley 24065,f.e.d.e.i.,76.32879222,82.0,True
2021,santa fe,fondo compensador de desequilibrios,fondo compensador de desequilibrios,6.0,82.0,True
2021,santa fe,regimen simplificado para pequeños contribuyentes ley 24977 art 59 inciso a,regimen simplificado para pequeños contribuyentes ley 24977 art 59 inciso a,835.7027,82.0,True
2021,santa fe,consenso fiscal ley 27429 compensacion,consenso fiscal ley 27429 compensacion,3552.597384,82.0,True
2021,sgo. del estero,coparticipacion federal de impuestos neta ley 26075,coparticipacion federal de impuestos neta ley 26075,111408.6687,86.0,True
2021,sgo. del estero,financiamiento educativo ley 26075,financiamiento educativo ley 26075,13766.199,86.0,True
2021,sgo. del estero,transferencia de servicios ley 24049,transferencia de servicios ley 24049,31.5996,86.0,True
2021,sgo. del estero,impuesto sobre los bienes personales,ley 24699,6012.6305,86.0,True
2021,sgo. del estero,impuesto sobre los activos fondo educacion ley 23906,impuesto sobre los activos fondo educacion ley 23906,0.0062,86.0,True
2021,sgo. del estero,impuesto a los combustibles liquidos ley 23966 y 24699,obras de infraestructura,413.8618,86.0,True
2021,sgo. del estero,impuesto a los combustibles liquidos ley 23966 y 24699,vialidad provincial,658.4272,86.0,True
2021,sgo. del estero,impuesto a los combustibles liquidos ley 23966 y 24699,f.e.d.e.i.,135.3277527,86.0,True
2021,sgo. del estero,impuesto a los combustibles liquidos ley 23966 y 24699,ley 24464 fo.na.vi,2102.6209,86.0,True
2021,sgo. del estero,regimen de energia electrica ley 24065,fondo para compensaciones de tarifa electrica,108.7449,86.0,True
2021,sgo. del estero,regimen de energia electrica ley 24065,f.e.d.e.i.,101.7704021,86.0,True
2021,sgo. del estero,fondo compensador de desequilibrios,fondo compensador de desequilibrios,26.4,86.0,True
2021,sgo. del estero,regimen simplificado para pequeños contribuyentes ley 24977 art 59 inciso a,regimen simplificado para pequeños contribuyentes ley 24977 art 59 inciso a,378.9944,86.0,True
2021,sgo. del estero,consenso fiscal ley 27429 compensacion,consenso fiscal ley 27429 compensacion,3857.071822,86.0,True
2021,tucuman,coparticipacion federal de impuestos neta ley 26075,coparticipacion federal de impuestos neta ley 26075,127401.3844,90.0,True
2021,tucuman,financiamiento educativo ley 26075,financiamiento educativo ley 26075,16739.3723,90.0,True
2021,tucuman,transferencia de servicios ley 24049,transferencia de servicios ley 24049,55.8,90.0,True
2021,tucuman,impuesto sobre los bienes personales,ley 24699,6923.6352,90.0,True
2021,tucuman,impuesto sobre los activos fondo educacion ley 23906,impuesto sobre los activos fondo educacion ley 23906,0.0056,90.0,True
2021,tucuman,impuesto a los combustibles liquidos ley 23966 y 24699,obras de infraestructura,476.5673,90.0,True
2021,tucuman,impuesto a los combustibles liquidos ley 23966 y 24699,vialidad provincial,686.591,90.0,True
2021,tucuman,impuesto a los combustibles liquidos ley 23966 y 24699,f.e.d.e.i.,104.2318242,90.0,True
2021,tucuman,impuesto a los combustibles liquidos ley 23966 y 24699,ley 24464 fo.na.vi,2053.7227,90.0,True
2021,tucuman,regimen de energia electrica ley 24065,fondo para compensaciones de tarifa electrica,70.4206,90.0,True
2021,tucuman,regimen de energia electrica ley 24065,f.e.d.e.i.,78.38536033,90.0,True
2021,tucuman,fondo compensador de desequilibrios,fondo compensador de desequilibrios,26.4,90.0,True
2021,tucuman,regimen simplificado para pequeños contribuyentes ley 24977 art 59 inciso a,regimen simplificado para pequeños contribuyentes ley 24977 art 59 inciso a,436.417,90.0,True
2021,tucuman,consenso fiscal ley 27429 compensacion,consenso fiscal ley 27429 compensacion,4697.146062,90.0,True
2021,tierra del fuego,coparticipacion federal de impuestos neta ley 26075,coparticipacion federal de impuestos neta ley 26075,35904.4971,94.0,True
2021,tierra del fuego,financiamiento educativo ley 26075,financiamiento educativo ley 26075,1466.2224,94.0,True
2021,tierra del fuego,transferencia de servicios ley 24049,transferencia de servicios ley 24049,12.0,94.0,True
2021,tierra del fuego,impuesto sobre los bienes personales,ley 24699,1794.8809,94.0,True
2021,tierra del fuego,impuesto sobre los bienes personales,ley 23966 art 30,18.4505,94.0,True
2021,tierra del fuego,impuesto sobre los activos fondo educacion ley 23906,impuesto sobre los activos fondo educacion ley 23906,0.0015,94.0,True
2021,tierra del fuego,i.v.a.ley 23966 art 5 punto 2,i.v.a.ley 23966 art 5 punto 2,23.0645,94.0,True
2021,tierra del fuego,impuesto a los combustibles liquidos ley 23966 y 24699,obras de infraestructura,123.5483,94.0,True
2021,tierra del fuego,impuesto a los combustibles liquidos ley 23966 y 24699,vialidad provincial,333.3429,94.0,True
2021,tierra del fuego,impuesto a los combustibles liquidos ley 23966 y 24699,f.e.d.e.i.,118.460011,94.0,True
2021,tierra del fuego,impuesto a los combustibles liquidos ley 23966 y 24699,ley 24464 fo.na.vi,1295.8012,94.0,True
2021,tierra del fuego,regimen de energia electrica ley 24065,fondo para compensaciones de tarifa electrica,85.4979,94.0,True
2021,tierra del fuego,regimen de energia electrica ley 24065,f.e.d.e.i.,89.08537022,94.0,True
2021,tierra del fuego,fondo compensador de desequilibrios,fondo compensador de desequilibrios,36.0,94.0,True
2021,tierra del fuego,regimen simplificado para pequeños contribuyentes ley 24977 art 59 inciso a,regimen simplificado para pequeños contribuyentes ley 24977 art 59 inciso a,113.1394,94.0,True
2021,tierra del fuego,consenso fiscal ley 27429 compensacion,consenso fiscal ley 27429 compensacion,94.052048,94.0,True
2021,c.a.b.a,coparticipacion federal de impuestos neta ley 26075,coparticipacion federal de impuestos neta ley 26075,53545.9429,2.0,True
2021,c.a.b.a,financiamiento educativo ley 26075,financiamiento educativo ley 26075,21219.4962,2.0,True
2021,c.a.b.a,impuesto sobre los activos fondo educacion ley 23906,impuesto sobre los activos fondo educacion ley 23906,0.0053,2.0,True
2021,c.a.b.a,impuesto a los combustibles liquidos ley 23966 y 24699,ley 24464 fo.na.vi,635.6761,2.0,True
2021,tesoro nacional,coparticipacion federal de impuestos neta ley 26075,coparticipacion federal de impuestos neta ley 26075,2148972.342,,False
2021,tesoro nacional,impuesto sobre los bienes personales,ley 24699,106769.7733,,False
2021,tesoro nacional,impuesto sobre los activos fondo educacion ley 23906,impuesto sobre los activos fondo educacion ley 23906,0.0811,,False
2021,tesoro nacional,impuesto a los combustibles liquidos ley 23966 y 24699,vialidad provincial,33745.2467,,False
2021,tesoro nacional,consenso fiscal ley 27429 compensacion,consenso fiscal ley 27429 compensacion,-127241.4888,,False
2021,seguridad social,i.v.a.ley 23966 art 5 punto 2,i.v.a.ley 23966 art 5 punto 2,320535.0899,,False
2021,seguridad social,regimen simplificado para pequeños contribuyentes ley 24977 art 59 inciso a,regimen simplificado para pequeños contribuyentes ley 24977 art 59 inciso a,21631.5722,,False
2021,fondo a.t.n.,coparticipacion federal de impuestos neta ley 26075,coparticipacion federal de impuestos neta ley 26075,53403.8852,,False
2021,fondo a.t.n.,impuesto sobre los bienes personales,ley 24699,2564.1156,,False
2022,buenos aires,coparticipacion federal de impuestos neta ley 26075,coparticipacion federal de impuestos neta ley 26075,1037522.955,6.0,True
2022,buenos aires,financiamiento educativo ley 26075,financiamiento educativo ley 26075,214934.7504,6.0,True
2022,buenos aires,transferencia de servicios ley 24049,transferencia de servicios ley 24049,420.1008,6.0,True
2022,buenos aires,impuesto sobre los bienes personales,ley 24699,48349.4577,6.0,True
2022,buenos aires,impuesto sobre los bienes personales,ley 23966 art 30,11510.5927,6.0,True
2022,buenos aires,impuesto sobre los activos fondo educacion ley 23906,impuesto sobre los activos fondo educacion ley 23906,0.0214,6.0,True
2022,buenos aires,i.v.a.ley 23966 art 5 punto 2,i.v.a.ley 23966 art 5 punto 2,17124.9993,6.0,True
2022,buenos aires,impuesto a los combustibles liquidos ley 23966 y 24699,obras de infraestructura,2511.5461,6.0,True
2022,buenos aires,impuesto a los combustibles liquidos ley 23966 y 24699,vialidad provincial,4970.5384,6.0,True
2022,buenos aires,impuesto a los combustibles liquidos ley 23966 y 24699,f.e.d.e.i.,127.8720132,6.0,True
2022,buenos aires,impuesto a los combustibles liquidos ley 23966 y 24699,ley 24464 fo.na.vi,8191.9052,6.0,True
2022,buenos aires,regimen de energia electrica ley 24065,fondo para compensaciones de tarifa electrica,162.1779,6.0,True
2022,buenos aires,regimen de energia electrica ley 24065,f.e.d.e.i.,122.4150344,6.0,True
2022,buenos aires,regimen simplificado para pequeños contribuyentes ley 24977 art 59 inciso a,regimen simplificado para pequeños contribuyentes ley 24977 art 59 inciso a,2539.0374,6.0,True
2022,buenos aires,consenso fiscal ley 27429 compensacion,consenso fiscal ley 27429 compensacion,123498.6033,6.0,True
2022,catamarca,coparticipacion federal de impuestos neta ley 26075,coparticipacion federal de impuestos neta ley 26075,146754.7597,10.0,True
2022,catamarca,financiamiento educativo ley 26075,financiamiento educativo ley 26075,10334.6593,10.0,True
2022,catamarca,transferencia de servicios ley 24049,transferencia de servicios ley 24049,21.3996,10.0,True
2022,catamarca,impuesto sobre los bienes personales,ley 24699,6064.2273,10.0,True
2022,catamarca,impuesto sobre los activos fondo educacion ley 23906,impuesto sobre los activos fondo educacion ley 23906,0.0016,10.0,True
2022,catamarca,impuesto a los combustibles liquidos ley 23966 y 24699,obras de infraestructura,318.7779,10.0,True
2022,catamarca,impuesto a los combustibles liquidos ley 23966 y 24699,vialidad provincial,469.5654,10.0,True
2022,catamarca,impuesto a los combustibles liquidos ley 23966 y 24699,f.e.d.e.i.,192.7217207,10.0,True
2022,catamarca,impuesto a los combustibles liquidos ley 23966 y 24699,ley 24464 fo.na.vi,1186.414,10.0,True
2022,catamarca,regimen de energia electrica ley 24065,fondo para compensaciones de tarifa electrica,216.2972,10.0,True
2022,catamarca,regimen de energia electrica ley 24065,f.e.d.e.i.,184.4972599,10.0,True
2022,catamarca,fondo compensador de desequilibrios,fondo compensador de desequilibrios,26.4,10.0,True
2022,catamarca,regimen simplificado para pequeños contribuyentes ley 24977 art 59 inciso a,regimen simplificado para pequeños contribuyentes ley 24977 art 59 inciso a,318.4635,10.0,True
2022,catamarca,consenso fiscal ley 27429 compensacion,consenso fiscal ley 27429 compensacion,858.339554,10.0,True
2022,cordoba,coparticipacion federal de impuestos neta ley 26075,coparticipacion federal de impuestos neta ley 26075,458606.9828,14.0,True
2022,cordoba,financiamiento educativo ley 26075,financiamiento educativo ley 26075,47814.152,14.0,True
2022,cordoba,transferencia de servicios ley 24049,transferencia de servicios ley 24049,125.3004,14.0,True
2022,cordoba,impuesto sobre los bienes personales,ley 24699,19549.7118,14.0,True
2022,cordoba,impuesto sobre los bienes personales,ley 23966 art 30,3930.9168,14.0,True
2022,cordoba,impuesto sobre los activos fondo educacion ley 23906,impuesto sobre los activos fondo educacion ley 23906,0.0059,14.0,True
2022,cordoba,i.v.a.ley 23966 art 5 punto 2,i.v.a.ley 23966 art 5 punto 2,5848.2608,14.0,True
2022,cordoba,impuesto a los combustibles liquidos ley 23966 y 24699,obras de infraestructura,1027.66,14.0,True
2022,cordoba,impuesto a los combustibles liquidos ley 23966 y 24699,vialidad provincial,2340.9273,14.0,True
2022,cordoba,impuesto a los combustibles liquidos ley 23966 y 24699,f.e.d.e.i.,105.5851716,14.0,True
2022,cordoba,impuesto a los combustibles liquidos ley 23966 y 24699,ley 24464 fo.na.vi,3192.0183,14.0,True
2022,cordoba,regimen de energia electrica ley 24065,fondo para compensaciones de tarifa electrica,159.1158,14.0,True
2022,cordoba,regimen de energia electrica ley 24065,f.e.d.e.i.,94.66872233,14.0,True
2022,cordoba,fondo compensador de desequilibrios,fondo compensador de desequilibrios,6.0,14.0,True
2022,cordoba,regimen simplificado para pequeños contribuyentes ley 24977 art 59 inciso a,regimen simplificado para pequeños contribuyentes ley 24977 art 59 inciso a,1026.6455,14.0,True
2022,cordoba,consenso fiscal ley 27429 compensacion,consenso fiscal ley 27429 compensacion,5000.297809,14.0,True
2022,corrientes,coparticipacion federal de impuestos neta ley 26075,coparticipacion federal de impuestos neta ley 26075,190823.197,18.0,True
2022,corrientes,financiamiento educativo ley 26075,financiamiento educativo ley 26075,21192.5925,18.0,True
2022,corrientes,transferencia de servicios ley 24049,transferencia de servicios ley 24049,38.6004,18.0,True
2022,corrientes,impuesto sobre los bienes personales,ley 24699,8184.5865,18.0,True
2022,corrientes,impuesto sobre los bienes personales,ley 23966 art 30,1256.9251,18.0,True
2022,corrientes,impuesto sobre los activos fondo educacion ley 23906,impuesto sobre los activos fondo educacion ley 23906,0.0027,18.0,True
2022,corrientes,i.v.a.ley 23966 art 5 punto 2,i.v.a.ley 23966 art 5 punto 2,1870.003,18.0,True
2022,corrientes,impuesto a los combustibles liquidos ley 23966 y 24699,obras de infraestructura,430.2345,18.0,True
2022,corrientes,impuesto a los combustibles liquidos ley 23966 y 24699,vialidad provincial,811.5405,18.0,True
2022,corrientes,impuesto a los combustibles liquidos ley 23966 y 24699,f.e.d.e.i.,161.8852865,18.0,True
2022,corrientes,impuesto a los combustibles liquidos ley 23966 y 24699,ley 24464 fo.na.vi,2796.547,18.0,True
2022,corrientes,regimen de energia electrica ley 24065,fondo para compensaciones de tarifa electrica,223.4591,18.0,True
2022,corrientes,regimen de energia electrica ley 24065,f.e.d.e.i.,154.9767803,18.0,True
2022,corrientes,fondo compensador de desequilibrios,fondo compensador de desequilibrios,18.0,18.0,True
2022,corrientes,regimen simplificado para pequeños contribuyentes ley 24977 art 59 inciso a,regimen simplificado para pequeños contribuyentes ley 24977 art 59 inciso a,429.81,18.0,True
2022,corrientes,consenso fiscal ley 27429 compensacion,consenso fiscal ley 27429 compensacion,6263.706116,18.0,True
2022,chaco,coparticipacion federal de impuestos neta ley 26075,coparticipacion federal de impuestos neta ley 26075,260382.5901,22.0,True
2022,chaco,financiamiento educativo ley 26075,financiamiento educativo ley 26075,24136.0083,22.0,True
2022,chaco,transferencia de servicios ley 24049,transferencia de servicios ley 24049,33.6,22.0,True
2022,chaco,impuesto sobre los bienes personales,ley 24699,10983.4608,22.0,True
2022,chaco,impuesto sobre los bienes personales,ley 23966 art 30,988.1566,22.0,True
2022,chaco,impuesto sobre los activos fondo educacion ley 23906,impuesto sobre los activos fondo educacion ley 23906,0.0035,22.0,True
2022,chaco,i.v.a.ley 23966 art 5 punto 2,i.v.a.ley 23966 art 5 punto 2,1470.1397,22.0,True
2022,chaco,impuesto a los combustibles liquidos ley 23966 y 24699,obras de infraestructura,577.3657,22.0,True
2022,chaco,impuesto a los combustibles liquidos ley 23966 y 24699,vialidad provincial,929.0986,22.0,True
2022,chaco,impuesto a los combustibles liquidos ley 23966 y 24699,f.e.d.e.i.,171.9361798,22.0,True
2022,chaco,impuesto a los combustibles liquidos ley 23966 y 24699,ley 24464 fo.na.vi,2598.811,22.0,True
2022,chaco,regimen de energia electrica ley 24065,fondo para compensaciones de tarifa electrica,232.8513,22.0,True
2022,chaco,regimen de energia electrica ley 24065,f.e.d.e.i.,164.5987486,22.0,True
2022,chaco,fondo compensador de desequilibrios,fondo compensador de desequilibrios,6.0,22.0,True
2022,chaco,regimen simplificado para pequeños contribuyentes ley 24977 art 59 inciso a,regimen simplificado para pequeños contribuyentes ley 24977 art 59 inciso a,576.7959,22.0,True
2022,chaco,consenso fiscal ley 27429 compensacion,consenso fiscal ley 27429 compensacion,7637.688276,22.0,True
2022,chubut,coparticipacion federal de impuestos neta ley 26075,coparticipacion federal de impuestos neta ley 26075,79994.3835,26.0,True
2022,chubut,financiamiento educativo ley 26075,financiamiento educativo ley 26075,10203.8409,26.0,True
2022,chubut,transferencia de servicios ley 24049,transferencia de servicios ley 24049,24.2004,26.0,True
2022,chubut,impuesto sobre los bienes personales,ley 24699,3481.982,26.0,True
2022,chubut,impuesto sobre los bienes personales,ley 23966 art 30,386.5483,26.0,True
2022,chubut,impuesto sobre los activos fondo educacion ley 23906,impuesto sobre los activos fondo educacion ley 23906,0.0016,26.0,True
2022,chubut,i.v.a.ley 23966 art 5 punto 2,i.v.a.ley 23966 art 5 punto 2,575.0911,26.0,True
2022,chubut,impuesto a los combustibles liquidos ley 23966 y 24699,obras de infraestructura,183.0394,26.0,True
2022,chubut,impuesto a los combustibles liquidos ley 23966 y 24699,vialidad provincial,661.9047,26.0,True
2022,chubut,impuesto a los combustibles liquidos ley 23966 y 24699,f.e.d.e.i.,180.2721553,26.0,True
2022,chubut,impuesto a los combustibles liquidos ley 23966 y 24699,ley 24464 fo.na.vi,1807.8688,26.0,True
2022,chubut,regimen de energia electrica ley 24065,fondo para compensaciones de tarifa electrica,395.9906,26.0,True
2022,chubut,regimen de energia electrica ley 24065,f.e.d.e.i.,172.5789837,26.0,True
2022,chubut,fondo compensador de desequilibrios,fondo compensador de desequilibrios,36.0,26.0,True
2022,chubut,regimen simplificado para pequeños contribuyentes ley 24977 art 59 inciso a,regimen simplificado para pequeños contribuyentes ley 24977 art 59 inciso a,182.859,26.0,True
2022,chubut,consenso fiscal ley 27429 compensacion,consenso fiscal ley 27429 compensacion,1448.518354,26.0,True
2022,entre rios,coparticipacion federal de impuestos neta ley 26075,coparticipacion federal de impuestos neta ley 26075,257218.6958,30.0,True
2022,entre rios,financiamiento educativo ley 26075,financiamiento educativo ley 26075,21258.0017,30.0,True
2022,entre rios,transferencia de servicios ley 24049,transferencia de servicios ley 24049,67.4988,30.0,True
2022,entre rios,impuesto sobre los bienes personales,ley 24699,10750.2211,30.0,True
2022,entre rios,impuesto sobre los bienes personales,ley 23966 art 30,1705.9314,30.0,True
2022,entre rios,impuesto sobre los activos fondo educacion ley 23906,impuesto sobre los activos fondo educacion ley 23906,0.0028,30.0,True
2022,entre rios,i.v.a.ley 23966 art 5 punto 2,i.v.a.ley 23966 art 5 punto 2,2538.0166,30.0,True
2022,entre rios,impuesto a los combustibles liquidos ley 23966 y 24699,obras de infraestructura,565.0961,30.0,True
2022,entre rios,impuesto a los combustibles liquidos ley 23966 y 24699,vialidad provincial,1234.4022,30.0,True
2022,entre rios,impuesto a los combustibles liquidos ley 23966 y 24699,f.e.d.e.i.,147.9678991,30.0,True
2022,entre rios,impuesto a los combustibles liquidos ley 23966 y 24699,ley 24464 fo.na.vi,2203.3401,30.0,True
2022,entre rios,regimen de energia electrica ley 24065,fondo para compensaciones de tarifa electrica,223.2969,30.0,True
2022,entre rios,regimen de energia electrica ley 24065,f.e.d.e.i.,141.6533218,30.0,True
2022,entre rios,fondo compensador de desequilibrios,fondo compensador de desequilibrios,21.6,30.0,True
2022,entre rios,regimen simplificado para pequeños contribuyentes ley 24977 art 59 inciso a,regimen simplificado para pequeños contribuyentes ley 24977 art 59 inciso a,564.5383,30.0,True
2022,entre rios,consenso fiscal ley 27429 compensacion,consenso fiscal ley 27429 compensacion,3504.825077,30.0,True
2022,formosa,coparticipacion federal de impuestos neta ley 26075,coparticipacion federal de impuestos neta ley 26075,194016.5588,34.0,True
2022,formosa,financiamiento educativo ley 26075,financiamiento educativo ley 26075,13605.1208,34.0,True
2022,formosa,transferencia de servicios ley 24049,transferencia de servicios ley 24049,20.7012,34.0,True
2022,formosa,impuesto sobre los bienes personales,ley 24699,8014.9578,34.0,True
2022,formosa,impuesto sobre los bienes personales,ley 23966 art 30,460.3025,34.0,True
2022,formosa,impuesto sobre los activos fondo educacion ley 23906,impuesto sobre los activos fondo educacion ley 23906,0.0019,34.0,True
2022,formosa,i.v.a.ley 23966 art 5 punto 2,i.v.a.ley 23966 art 5 punto 2,684.8199,34.0,True
2022,formosa,impuesto a los combustibles liquidos ley 23966 y 24699,obras de infraestructura,421.3218,34.0,True
2022,formosa,impuesto a los combustibles liquidos ley 23966 y 24699,vialidad provincial,511.175,34.0,True
2022,formosa,impuesto a los combustibles liquidos ley 23966 y 24699,f.e.d.e.i.,198.6811521,34.0,True
2022,formosa,impuesto a los combustibles liquidos ley 23966 y 24699,ley 24464 fo.na.vi,2259.836,34.0,True
2022,formosa,regimen de energia electrica ley 24065,fondo para compensaciones de tarifa electrica,242.6142,34.0,True
2022,formosa,regimen de energia electrica ley 24065,f.e.d.e.i.,190.2023707,34.0,True
2022,formosa,fondo compensador de desequilibrios,fondo compensador de desequilibrios,26.4,34.0,True
2022,formosa,regimen simplificado para pequeños contribuyentes ley 24977 art 59 inciso a,regimen simplificado para pequeños contribuyentes ley 24977 art 59 inciso a,420.9059,34.0,True
2022,formosa,consenso fiscal ley 27429 compensacion,consenso fiscal ley 27429 compensacion,3755.721322,34.0,True
2022,jujuy,coparticipacion federal de impuestos neta ley 26075,coparticipacion federal de impuestos neta ley 26075,149016.3544,38.0,True
2022,jujuy,financiamiento educativo ley 26075,financiamiento educativo ley 26075,13016.4381,38.0,True
2022,jujuy,transferencia de servicios ley 24049,transferencia de servicios ley 24049,33.3,38.0,True
2022,jujuy,impuesto sobre los bienes personales,ley 24699,6255.0596,38.0,True
2022,jujuy,impuesto sobre los activos fondo educacion ley 23906,impuesto sobre los activos fondo educacion ley 23906,0.0017,38.0,True
2022,jujuy,impuesto a los combustibles liquidos ley 23966 y 24699,obras de infraestructura,328.802,38.0,True
2022,jujuy,impuesto a los combustibles liquidos ley 23966 y 24699,vialidad provincial,550.0407,38.0,True
2022,jujuy,impuesto a los combustibles liquidos ley 23966 y 24699,f.e.d.e.i.,160.3285837,38.0,True
2022,jujuy,impuesto a los combustibles liquidos ley 23966 y 24699,ley 24464 fo.na.vi,1694.8769,38.0,True
2022,jujuy,regimen de energia electrica ley 24065,fondo para compensaciones de tarifa electrica,238.5691,38.0,True
2022,jujuy,regimen de energia electrica ley 24065,f.e.d.e.i.,153.4865104,38.0,True
2022,jujuy,fondo compensador de desequilibrios,fondo compensador de desequilibrios,26.4,38.0,True
2022,jujuy,regimen simplificado para pequeños contribuyentes ley 24977 art 59 inciso a,regimen simplificado para pequeños contribuyentes ley 24977 art 59 inciso a,328.4774,38.0,True
2022,jujuy,consenso fiscal ley 27429 compensacion,consenso fiscal ley 27429 compensacion,3638.710686,38.0,True
2022,la pampa,coparticipacion federal de impuestos neta ley 26075,coparticipacion federal de impuestos neta ley 26075,101942.3706,42.0,True
2022,la pampa,financiamiento educativo ley 26075,financiamiento educativo ley 26075,7260.4254,42.0,True
2022,la pampa,transferencia de servicios ley 24049,transferencia de servicios ley 24049,19.2,42.0,True
2022,la pampa,impuesto sobre los bienes personales,ley 24699,4214.7814,42.0,True
2022,la pampa,impuesto sobre los bienes personales,ley 23966 art 30,339.4406,42.0,True
2022,la pampa,impuesto sobre los activos fondo educacion ley 23906,impuesto sobre los activos fondo educacion ley 23906,0.0014,42.0,True
2022,la pampa,i.v.a.ley 23966 art 5 punto 2,i.v.a.ley 23966 art 5 punto 2,505.1941,42.0,True
2022,la pampa,impuesto a los combustibles liquidos ley 23966 y 24699,obras de infraestructura,221.5549,42.0,True
2022,la pampa,impuesto a los combustibles liquidos ley 23966 y 24699,vialidad provincial,685.0217,42.0,True
2022,la pampa,impuesto a los combustibles liquidos ley 23966 y 24699,f.e.d.e.i.,142.3271104,42.0,True
2022,la pampa,impuesto a los combustibles liquidos ley 23966 y 24699,ley 24464 fo.na.vi,1151.8019,42.0,True
2022,la pampa,regimen de energia electrica ley 24065,fondo para compensaciones de tarifa electrica,309.5339,42.0,True
2022,la pampa,regimen de energia electrica ley 24065,f.e.d.e.i.,136.2532556,42.0,True
2022,la pampa,fondo compensador de desequilibrios,fondo compensador de desequilibrios,30.0,42.0,True
2022,la pampa,regimen simplificado para pequeños contribuyentes ley 24977 art 59 inciso a,regimen simplificado para pequeños contribuyentes ley 24977 art 59 inciso a,221.3365,42.0,True
2022,la rioja,coparticipacion federal de impuestos neta ley 26075,coparticipacion federal de impuestos neta ley 26075,109719.3141,46.0,True
2022,la rioja,financiamiento educativo ley 26075,financiamiento educativo ley 26075,8372.3825,46.0,True
2022,la rioja,transferencia de servicios ley 24049,transferencia de servicios ley 24049,20.2992,46.0,True
2022,la rioja,impuesto sobre los bienes personales,ley 24699,4558.7722,46.0,True
2022,la rioja,impuesto sobre los activos fondo educacion ley 23906,impuesto sobre los activos fondo educacion ley 23906,0.0014,46.0,True
2022,la rioja,impuesto a los combustibles liquidos ley 23966 y 24699,obras de infraestructura,239.639,46.0,True
2022,la rioja,impuesto a los combustibles liquidos ley 23966 y 24699,vialidad provincial,576.3836,46.0,True
2022,la rioja,impuesto a los combustibles liquidos ley 23966 y 24699,f.e.d.e.i.,187.5190659,46.0,True
2022,la rioja,impuesto a los combustibles liquidos ley 23966 y 24699,ley 24464 fo.na.vi,1129.9179,46.0,True
2022,la rioja,regimen de energia electrica ley 24065,fondo para compensaciones de tarifa electrica,239.0171,46.0,True
2022,la rioja,regimen de energia electrica ley 24065,f.e.d.e.i.,179.51663,46.0,True
2022,la rioja,fondo compensador de desequilibrios,fondo compensador de desequilibrios,26.4,46.0,True
2022,la rioja,regimen simplificado para pequeños contribuyentes ley 24977 art 59 inciso a,regimen simplificado para pequeños contribuyentes ley 24977 art 59 inciso a,239.4026,46.0,True
2022,la rioja,consenso fiscal ley 27429 compensacion,consenso fiscal ley 27429 compensacion,1128.30829,46.0,True
2022,mendoza,coparticipacion federal de impuestos neta ley 26075,coparticipacion federal de impuestos neta ley 26075,207285.0704,50.0,True
2022,mendoza,financiamiento educativo ley 26075,financiamiento educativo ley 26075,30546.1135,50.0,True
2022,mendoza,transferencia de servicios ley 24049,transferencia de servicios ley 24049,61.6992,50.0,True
2022,mendoza,impuesto sobre los bienes personales,ley 24699,9181.1553,50.0,True
2022,mendoza,impuesto sobre los activos fondo educacion ley 23906,impuesto sobre los activos fondo educacion ley 23906,0.0029,50.0,True
2022,mendoza,impuesto a los combustibles liquidos ley 23966 y 24699,obras de infraestructura,482.6236,50.0,True
2022,mendoza,impuesto a los combustibles liquidos ley 23966 y 24699,vialidad provincial,906.766,50.0,True
2022,mendoza,impuesto a los combustibles liquidos ley 23966 y 24699,f.e.d.e.i.,145.5511558,50.0,True
2022,mendoza,impuesto a los combustibles liquidos ley 23966 y 24699,ley 24464 fo.na.vi,2259.836,50.0,True
2022,mendoza,regimen de energia electrica ley 24065,fondo para compensaciones de tarifa electrica,179.6485,50.0,True
2022,mendoza,regimen de energia electrica ley 24065,f.e.d.e.i.,139.3397139,50.0,True
2022,mendoza,fondo compensador de desequilibrios,fondo compensador de desequilibrios,26.4,50.0,True
2022,mendoza,regimen simplificado para pequeños contribuyentes ley 24977 art 59 inciso a,regimen simplificado para pequeños contribuyentes ley 24977 art 59 inciso a,482.1473,50.0,True
2022,mendoza,consenso fiscal ley 27429 compensacion,consenso fiscal ley 27429 compensacion,5333.563035,50.0,True
2022,misiones,coparticipacion federal de impuestos neta ley 26075,coparticipacion federal de impuestos neta ley 26075,163476.5313,54.0,True
2022,misiones,financiamiento educativo ley 26075,financiamiento educativo ley 26075,24920.919,54.0,True
2022,misiones,transferencia de servicios ley 24049,transferencia de servicios ley 24049,34.1004,54.0,True
2022,misiones,impuesto sobre los bienes personales,ley 24699,7272.8322,54.0,True
2022,misiones,impuesto sobre los bienes personales,ley 23966 art 30,539.6546,54.0,True
2022,misiones,impuesto sobre los activos fondo educacion ley 23906,impuesto sobre los activos fondo educacion ley 23906,0.0022,54.0,True
2022,misiones,i.v.a.ley 23966 art 5 punto 2,i.v.a.ley 23966 art 5 punto 2,802.8766,54.0,True
2022,misiones,impuesto a los combustibles liquidos ley 23966 y 24699,obras de infraestructura,382.302,54.0,True
2022,misiones,impuesto a los combustibles liquidos ley 23966 y 24699,vialidad provincial,881.0284,54.0,True
2022,misiones,impuesto a los combustibles liquidos ley 23966 y 24699,f.e.d.e.i.,188.2688355,54.0,True
2022,misiones,impuesto a los combustibles liquidos ley 23966 y 24699,ley 24464 fo.na.vi,2655.3071,54.0,True
2022,misiones,regimen de energia electrica ley 24065,fondo para compensaciones de tarifa electrica,207.2472,54.0,True
2022,misiones,regimen de energia electrica ley 24065,f.e.d.e.i.,180.2344028,54.0,True
2022,misiones,fondo compensador de desequilibrios,fondo compensador de desequilibrios,26.4,54.0,True
2022,misiones,regimen simplificado para pequeños contribuyentes ley 24977 art 59 inciso a,regimen simplificado para pequeños contribuyentes ley 24977 art 59 inciso a,381.9247,54.0,True
2022,misiones,consenso fiscal ley 27429 compensacion,consenso fiscal ley 27429 compensacion,7063.706209,54.0,True
2022,neuquen,coparticipacion federal de impuestos neta ley 26075,coparticipacion federal de impuestos neta ley 26075,87997.6919,58.0,True
2022,neuquen,financiamiento educativo ley 26075,financiamiento educativo ley 26075,10988.7519,58.0,True
2022,neuquen,transferencia de servicios ley 24049,transferencia de servicios ley 24049,17.3988,58.0,True
2022,neuquen,impuesto sobre los bienes personales,ley 24699,3821.2396,58.0,True
2022,neuquen,impuesto sobre los bienes personales,ley 23966 art 30,242.698,58.0,True
2022,neuquen,impuesto sobre los activos fondo educacion ley 23906,impuesto sobre los activos fondo educacion ley 23906,0.0019,58.0,True
2022,neuquen,i.v.a.ley 23966 art 5 punto 2,i.v.a.ley 23966 art 5 punto 2,361.0762,58.0,True
2022,neuquen,impuesto a los combustibles liquidos ley 23966 y 24699,obras de infraestructura,200.8651,58.0,True
2022,neuquen,impuesto a los combustibles liquidos ley 23966 y 24699,vialidad provincial,738.4473,58.0,True
2022,neuquen,impuesto a los combustibles liquidos ley 23966 y 24699,f.e.d.e.i.,167.1864108,58.0,True
2022,neuquen,impuesto a los combustibles liquidos ley 23966 y 24699,ley 24464 fo.na.vi,2429.3235,58.0,True
2022,neuquen,regimen de energia electrica ley 24065,fondo para compensaciones de tarifa electrica,269.5499,58.0,True
2022,neuquen,regimen de energia electrica ley 24065,f.e.d.e.i.,160.0516775,58.0,True
2022,neuquen,fondo compensador de desequilibrios,fondo compensador de desequilibrios,30.0,58.0,True
2022,neuquen,regimen simplificado para pequeños contribuyentes ley 24977 art 59 inciso a,regimen simplificado para pequeños contribuyentes ley 24977 art 59 inciso a,200.6668,58.0,True
2022,neuquen,consenso fiscal ley 27429 compensacion,consenso fiscal ley 27429 compensacion,1951.938449,58.0,True
2022,rio negro,coparticipacion federal de impuestos neta ley 26075,coparticipacion federal de impuestos neta ley 26075,131675.5632,62.0,True
2022,rio negro,financiamiento educativo ley 26075,financiamiento educativo ley 26075,12231.527,62.0,True
2022,rio negro,transferencia de servicios ley 24049,transferencia de servicios ley 24049,14.6004,62.0,True
2022,rio negro,impuesto sobre los bienes personales,ley 24699,5555.3409,62.0,True
2022,rio negro,impuesto sobre los activos fondo educacion ley 23906,impuesto sobre los activos fondo educacion ley 23906,0.0022,62.0,True
2022,rio negro,impuesto a los combustibles liquidos ley 23966 y 24699,obras de infraestructura,292.028,62.0,True
2022,rio negro,impuesto a los combustibles liquidos ley 23966 y 24699,vialidad provincial,594.8617,62.0,True
2022,rio negro,impuesto a los combustibles liquidos ley 23966 y 24699,f.e.d.e.i.,155.3461023,62.0,True
2022,rio negro,impuesto a los combustibles liquidos ley 23966 y 24699,ley 24464 fo.na.vi,2542.3152,62.0,True
2022,rio negro,regimen de energia electrica ley 24065,fondo para compensaciones de tarifa electrica,177.5825,62.0,True
2022,rio negro,regimen de energia electrica ley 24065,f.e.d.e.i.,148.7166579,62.0,True
2022,rio negro,fondo compensador de desequilibrios,fondo compensador de desequilibrios,30.0,62.0,True
2022,rio negro,regimen simplificado para pequeños contribuyentes ley 24977 art 59 inciso a,regimen simplificado para pequeños contribuyentes ley 24977 art 59 inciso a,291.7398,62.0,True
2022,rio negro,consenso fiscal ley 27429 compensacion,consenso fiscal ley 27429 compensacion,1818.123561,62.0,True
2022,salta,coparticipacion federal de impuestos neta ley 26075,coparticipacion federal de impuestos neta ley 26075,193882.2626,66.0,True
2022,salta,financiamiento educativo ley 26075,financiamiento educativo ley 26075,24724.6914,66.0,True
2022,salta,transferencia de servicios ley 24049,transferencia de servicios ley 24049,39.8004,66.0,True
2022,salta,impuesto sobre los bienes personales,ley 24699,8439.0297,66.0,True
2022,salta,impuesto sobre los activos fondo educacion ley 23906,impuesto sobre los activos fondo educacion ley 23906,0.003,66.0,True
2022,salta,impuesto a los combustibles liquidos ley 23966 y 24699,obras de infraestructura,443.6153,66.0,True
2022,salta,impuesto a los combustibles liquidos ley 23966 y 24699,vialidad provincial,730.8689,66.0,True
2022,salta,impuesto a los combustibles liquidos ley 23966 y 24699,f.e.d.e.i.,158.9256704,66.0,True
2022,salta,impuesto a los combustibles liquidos ley 23966 y 24699,ley 24464 fo.na.vi,2259.836,66.0,True
2022,salta,regimen de energia electrica ley 24065,fondo para compensaciones de tarifa electrica,216.3238,66.0,True
2022,salta,regimen de energia electrica ley 24065,f.e.d.e.i.,152.1434668,66.0,True
2022,salta,fondo compensador de desequilibrios,fondo compensador de desequilibrios,30.0,66.0,True
2022,salta,regimen simplificado para pequeños contribuyentes ley 24977 art 59 inciso a,regimen simplificado para pequeños contribuyentes ley 24977 art 59 inciso a,443.1776,66.0,True
2022,salta,consenso fiscal ley 27429 compensacion,consenso fiscal ley 27429 compensacion,9958.510233,66.0,True
2022,san juan,coparticipacion federal de impuestos neta ley 26075,coparticipacion federal de impuestos neta ley 26075,176570.0693,70.0,True
2022,san juan,financiamiento educativo ley 26075,financiamiento educativo ley 26075,16221.4904,70.0,True
2022,san juan,transferencia de servicios ley 24049,transferencia de servicios ley 24049,30.0996,70.0,True
2022,san juan,impuesto sobre los bienes personales,ley 24699,7442.4607,70.0,True
2022,san juan,impuesto sobre los activos fondo educacion ley 23906,impuesto sobre los activos fondo educacion ley 23906,0.0017,70.0,True
2022,san juan,impuesto a los combustibles liquidos ley 23966 y 24699,obras de infraestructura,391.2268,70.0,True
2022,san juan,impuesto a los combustibles liquidos ley 23966 y 24699,vialidad provincial,674.4459,70.0,True
2022,san juan,impuesto a los combustibles liquidos ley 23966 y 24699,f.e.d.e.i.,147.2325128,70.0,True
2022,san juan,impuesto a los combustibles liquidos ley 23966 y 24699,ley 24464 fo.na.vi,2062.1003,70.0,True
2022,san juan,regimen de energia electrica ley 24065,fondo para compensaciones de tarifa electrica,178.1413,70.0,True
2022,san juan,regimen de energia electrica ley 24065,f.e.d.e.i.,140.9493184,70.0,True
2022,san juan,fondo compensador de desequilibrios,fondo compensador de desequilibrios,26.4,70.0,True
2022,san juan,regimen simplificado para pequeños contribuyentes ley 24977 art 59 inciso a,regimen simplificado para pequeños contribuyentes ley 24977 art 59 inciso a,390.8405,70.0,True
2022,san juan,consenso fiscal ley 27429 compensacion,consenso fiscal ley 27429 compensacion,2285.054484,70.0,True
2022,san luis,coparticipacion federal de impuestos neta ley 26075,coparticipacion federal de impuestos neta ley 26075,120691.1583,74.0,True
2022,san luis,financiamiento educativo ley 26075,financiamiento educativo ley 26075,9484.3395,74.0,True
2022,san luis,transferencia de servicios ley 24049,transferencia de servicios ley 24049,18.9012,74.0,True
2022,san luis,impuesto sobre los bienes personales,ley 24699,5025.2514,74.0,True
2022,san luis,impuesto sobre los activos fondo educacion ley 23906,impuesto sobre los activos fondo educacion ley 23906,0.0014,74.0,True
2022,san luis,impuesto a los combustibles liquidos ley 23966 y 24699,obras de infraestructura,264.1551,74.0,True
2022,san luis,impuesto a los combustibles liquidos ley 23966 y 24699,vialidad provincial,459.8679,74.0,True
2022,san luis,impuesto a los combustibles liquidos ley 23966 y 24699,f.e.d.e.i.,144.2323287,74.0,True
2022,san luis,impuesto a los combustibles liquidos ley 23966 y 24699,ley 24464 fo.na.vi,2062.1003,74.0,True
2022,san luis,regimen de energia electrica ley 24065,fondo para compensaciones de tarifa electrica,204.2629,74.0,True
2022,san luis,regimen de energia electrica ley 24065,f.e.d.e.i.,138.0771682,74.0,True
2022,san luis,fondo compensador de desequilibrios,fondo compensador de desequilibrios,26.4,74.0,True
2022,san luis,regimen simplificado para pequeños contribuyentes ley 24977 art 59 inciso a,regimen simplificado para pequeños contribuyentes ley 24977 art 59 inciso a,263.8945,74.0,True
2022,santa cruz,coparticipacion federal de impuestos neta ley 26075,coparticipacion federal de impuestos neta ley 26075,85096.3038,78.0,True
2022,santa cruz,financiamiento educativo ley 26075,financiamiento educativo ley 26075,5101.9204,78.0,True
2022,santa cruz,transferencia de servicios ley 24049,transferencia de servicios ley 24049,8.4996,78.0,True
2022,santa cruz,impuesto sobre los bienes personales,ley 24699,3481.982,78.0,True
2022,santa cruz,impuesto sobre los bienes personales,ley 23966 art 30,314.685,78.0,True
2022,santa cruz,impuesto sobre los activos fondo educacion ley 23906,impuesto sobre los activos fondo educacion ley 23906,0.0014,78.0,True
2022,santa cruz,i.v.a.ley 23966 art 5 punto 2,i.v.a.ley 23966 art 5 punto 2,468.1759,78.0,True
2022,santa cruz,impuesto a los combustibles liquidos ley 23966 y 24699,obras de infraestructura,183.0394,78.0,True
2022,santa cruz,impuesto a los combustibles liquidos ley 23966 y 24699,vialidad provincial,512.2148,78.0,True
2022,santa cruz,impuesto a los combustibles liquidos ley 23966 y 24699,f.e.d.e.i.,202.9429994,78.0,True
2022,santa cruz,impuesto a los combustibles liquidos ley 23966 y 24699,ley 24464 fo.na.vi,1807.8688,78.0,True
2022,santa cruz,regimen de energia electrica ley 24065,fondo para compensaciones de tarifa electrica,633.9105,78.0,True
2022,santa cruz,regimen de energia electrica ley 24065,f.e.d.e.i.,194.2823422,78.0,True
2022,santa cruz,fondo compensador de desequilibrios,fondo compensador de desequilibrios,36.0,78.0,True
2022,santa cruz,regimen simplificado para pequeños contribuyentes ley 24977 art 59 inciso a,regimen simplificado para pequeños contribuyentes ley 24977 art 59 inciso a,182.859,78.0,True
2022,santa cruz,consenso fiscal ley 27429 compensacion,consenso fiscal ley 27429 compensacion,304.731014,78.0,True
2022,santa fe,coparticipacion federal de impuestos neta ley 26075,coparticipacion federal de impuestos neta ley 26075,476588.6192,82.0,True
2022,santa fe,financiamiento educativo ley 26075,financiamiento educativo ley 26075,43104.6865,82.0,True
2022,santa fe,transferencia de servicios ley 24049,transferencia de servicios ley 24049,135.4896,82.0,True
2022,santa fe,impuesto sobre los bienes personales,ley 24699,20058.0361,82.0,True
2022,santa fe,impuesto sobre los bienes personales,ley 23966 art 30,4326.2995,82.0,True
2022,santa fe,impuesto sobre los activos fondo educacion ley 23906,impuesto sobre los activos fondo educacion ley 23906,0.0056,82.0,True
2022,santa fe,i.v.a.ley 23966 art 5 punto 2,i.v.a.ley 23966 art 5 punto 2,6438.8923,82.0,True
2022,santa fe,impuesto a los combustibles liquidos ley 23966 y 24699,obras de infraestructura,1084.3834,82.0,True
2022,santa fe,impuesto a los combustibles liquidos ley 23966 y 24699,vialidad provincial,2116.1179,82.0,True
2022,santa fe,impuesto a los combustibles liquidos ley 23966 y 24699,f.e.d.e.i.,127.8720132,82.0,True
2022,santa fe,impuesto a los combustibles liquidos ley 23966 y 24699,ley 24464 fo.na.vi,3253.8402,82.0,True
2022,santa fe,regimen de energia electrica ley 24065,fondo para compensaciones de tarifa electrica,144.767,82.0,True
2022,santa fe,regimen de energia electrica ley 24065,f.e.d.e.i.,122.4150344,82.0,True
2022,santa fe,fondo compensador de desequilibrios,fondo compensador de desequilibrios,6.0,82.0,True
2022,santa fe,regimen simplificado para pequeños contribuyentes ley 24977 art 59 inciso a,regimen simplificado para pequeños contribuyentes ley 24977 art 59 inciso a,1053.3429,82.0,True
2022,santa fe,consenso fiscal ley 27429 compensacion,consenso fiscal ley 27429 compensacion,5694.522065,82.0,True
2022,sgo. del estero,coparticipacion federal de impuestos neta ley 26075,coparticipacion federal de impuestos neta ley 26075,213722.0347,86.0,True
2022,sgo. del estero,financiamiento educativo ley 26075,financiamiento educativo ley 26075,21912.0942,86.0,True
2022,sgo. del estero,transferencia de servicios ley 24049,transferencia de servicios ley 24049,31.5996,86.0,True
2022,sgo. del estero,impuesto sobre los bienes personales,ley 24699,9096.341,86.0,True
2022,sgo. del estero,impuesto sobre los activos fondo educacion ley 23906,impuesto sobre los activos fondo educacion ley 23906,0.0028,86.0,True
2022,sgo. del estero,impuesto a los combustibles liquidos ley 23966 y 24699,obras de infraestructura,478.1671,86.0,True
2022,sgo. del estero,impuesto a los combustibles liquidos ley 23966 y 24699,vialidad provincial,868.0588,86.0,True
2022,sgo. del estero,impuesto a los combustibles liquidos ley 23966 y 24699,f.e.d.e.i.,186.071838,86.0,True
2022,sgo. del estero,impuesto a los combustibles liquidos ley 23966 y 24699,ley 24464 fo.na.vi,2429.3235,86.0,True
2022,sgo. del estero,regimen de energia electrica ley 24065,fondo para compensaciones de tarifa electrica,180.5526,86.0,True
2022,sgo. del estero,regimen de energia electrica ley 24065,f.e.d.e.i.,163.2179275,86.0,True
2022,sgo. del estero,fondo compensador de desequilibrios,fondo compensador de desequilibrios,26.4,86.0,True
2022,sgo. del estero,regimen simplificado para pequeños contribuyentes ley 24977 art 59 inciso a,regimen simplificado para pequeños contribuyentes ley 24977 art 59 inciso a,477.6951,86.0,True
2022,sgo. del estero,consenso fiscal ley 27429 compensacion,consenso fiscal ley 27429 compensacion,6178.727966,86.0,True
2022,tucuman,coparticipacion federal de impuestos neta ley 26075,coparticipacion federal de impuestos neta ley 26075,245172.5749,90.0,True
2022,tucuman,financiamiento educativo ley 26075,financiamiento educativo ley 26075,26163.6946,90.0,True
2022,tucuman,transferencia de servicios ley 24049,transferencia de servicios ley 24049,55.8,90.0,True
2022,tucuman,impuesto sobre los bienes personales,ley 24699,10474.5746,90.0,True
2022,tucuman,impuesto sobre los activos fondo educacion ley 23906,impuesto sobre los activos fondo educacion ley 23906,0.0025,90.0,True
2022,tucuman,impuesto a los combustibles liquidos ley 23966 y 24699,obras de infraestructura,550.6157,90.0,True
2022,tucuman,impuesto a los combustibles liquidos ley 23966 y 24699,vialidad provincial,843.3117,90.0,True
2022,tucuman,impuesto a los combustibles liquidos ley 23966 y 24699,f.e.d.e.i.,131.3173384,90.0,True
2022,tucuman,impuesto a los combustibles liquidos ley 23966 y 24699,ley 24464 fo.na.vi,2372.8276,90.0,True
2022,tucuman,regimen de energia electrica ley 24065,fondo para compensaciones de tarifa electrica,118.5459,90.0,True
2022,tucuman,regimen de energia electrica ley 24065,f.e.d.e.i.,125.7133293,90.0,True
2022,tucuman,fondo compensador de desequilibrios,fondo compensador de desequilibrios,26.4,90.0,True
2022,tucuman,regimen simplificado para pequeños contribuyentes ley 24977 art 59 inciso a,regimen simplificado para pequeños contribuyentes ley 24977 art 59 inciso a,550.072,90.0,True
2022,tucuman,consenso fiscal ley 27429 compensacion,consenso fiscal ley 27429 compensacion,7524.454836,90.0,True
2022,tierra del fuego,coparticipacion federal de impuestos neta ley 26075,coparticipacion federal de impuestos neta ley 26075,68055.5194,94.0,True
2022,tierra del fuego,financiamiento educativo ley 26075,financiamiento educativo ley 26075,2289.3233,94.0,True
2022,tierra del fuego,transferencia de servicios ley 24049,transferencia de servicios ley 24049,12.0,94.0,True
2022,tierra del fuego,impuesto sobre los bienes personales,ley 24699,2715.4252,94.0,True
2022,tierra del fuego,impuesto sobre los bienes personales,ley 23966 art 30,27.9131,94.0,True
2022,tierra del fuego,impuesto sobre los activos fondo educacion ley 23906,impuesto sobre los activos fondo educacion ley 23906,0.0007,94.0,True
2022,tierra del fuego,i.v.a.ley 23966 art 5 punto 2,i.v.a.ley 23966 art 5 punto 2,41.528,94.0,True
2022,tierra del fuego,impuesto a los combustibles liquidos ley 23966 y 24699,obras de infraestructura,142.7449,94.0,True
2022,tierra del fuego,impuesto a los combustibles liquidos ley 23966 y 24699,vialidad provincial,379.7586,94.0,True
2022,tierra del fuego,impuesto a los combustibles liquidos ley 23966 y 24699,f.e.d.e.i.,149.242839,94.0,True
2022,tierra del fuego,impuesto a los combustibles liquidos ley 23966 y 24699,ley 24464 fo.na.vi,1497.1412,94.0,True
2022,tierra del fuego,regimen de energia electrica ley 24065,fondo para compensaciones de tarifa electrica,142.4585,94.0,True
2022,tierra del fuego,regimen de energia electrica ley 24065,f.e.d.e.i.,142.8738533,94.0,True
2022,tierra del fuego,fondo compensador de desequilibrios,fondo compensador de desequilibrios,36.0,94.0,True
2022,tierra del fuego,regimen simplificado para pequeños contribuyentes ley 24977 art 59 inciso a,regimen simplificado para pequeños contribuyentes ley 24977 art 59 inciso a,142.6038,94.0,True
2022,tierra del fuego,consenso fiscal ley 27429 compensacion,consenso fiscal ley 27429 compensacion,150.691715,94.0,True
2022,c.a.b.a,coparticipacion federal de impuestos neta ley 26075,coparticipacion federal de impuestos neta ley 26075,106439.2455,2.0,True
2022,c.a.b.a,financiamiento educativo ley 26075,financiamiento educativo ley 26075,34274.4399,2.0,True
2022,c.a.b.a,impuesto sobre los activos fondo educacion ley 23906,impuesto sobre los activos fondo educacion ley 23906,0.0024,2.0,True
2022,c.a.b.a,impuesto a los combustibles liquidos ley 23966 y 24699,ley 24464 fo.na.vi,734.4467,2.0,True
2022,tesoro nacional,coparticipacion federal de impuestos neta ley 26075,coparticipacion federal de impuestos neta ley 26075,4044513.357,,False
2022,tesoro nacional,impuesto sobre los bienes personales,ley 24699,161529.0103,,False
2022,tesoro nacional,impuesto sobre los activos fondo educacion ley 23906,impuesto sobre los activos fondo educacion ley 23906,0.0365,,False
2022,tesoro nacional,impuesto a los combustibles liquidos ley 23966 y 24699,vialidad provincial,38988.542,,False
2022,tesoro nacional,consenso fiscal ley 27429 compensacion,consenso fiscal ley 27429 compensacion,-204998.7423,,False
2022,seguridad social,i.v.a.ley 23966 art 5 punto 2,i.v.a.ley 23966 art 5 punto 2,577128.717,,False
2022,seguridad social,regimen simplificado para pequeños contribuyentes ley 24977 art 59 inciso a,regimen simplificado para pequeños contribuyentes ley 24977 art 59 inciso a,27265.0392,,False
2022,fondo a.t.n.,coparticipacion federal de impuestos neta ley 26075,coparticipacion federal de impuestos neta ley 26075,100509.775,,False
2022,fondo a.t.n.,impuesto sobre los bienes personales,ley 24699,3879.1787,,False
2023,buenos aires,coparticipacion federal de impuestos neta ley 26075,coparticipacion federal de impuestos neta ley 26075,2247146.662,6.0,True
2023,buenos aires,financiamiento educativo ley 26075,financiamiento educativo ley 26075,524053.7004,6.0,True
2023,buenos aires,transferencia de servicios ley 24049,transferencia de servicios ley 24049,420.1008,6.0,True
2023,buenos aires,impuesto sobre los bienes personales,ley 24699,113182.8804,6.0,True
2023,buenos aires,impuesto sobre los bienes personales,ley 23966 art 30,26945.5357,6.0,True
2023,buenos aires,impuesto sobre los activos fondo educacion ley 23906,impuesto sobre los activos fondo educacion ley 23906,0.0297,6.0,True
2023,buenos aires,i.v.a.ley 23966 art 5 punto 2,i.v.a.ley 23966 art 5 punto 2,43236.9449,6.0,True
2023,buenos aires,impuesto a los combustibles liquidos ley 23966 y 24699,obras de infraestructura,2791.4416,6.0,True
2023,buenos aires,impuesto a los combustibles liquidos ley 23966 y 24699,vialidad provincial,5944.0662,6.0,True
2023,buenos aires,impuesto a los combustibles liquidos ley 23966 y 24699,f.e.d.e.i.,140.605984,6.0,True
2023,buenos aires,impuesto a los combustibles liquidos ley 23966 y 24699,ley 24464 fo.na.vi,9094.0631,6.0,True
2023,buenos aires,regimen de energia electrica ley 24065,fondo para compensaciones de tarifa electrica,454.8455,6.0,True
2023,buenos aires,regimen de energia electrica ley 24065,f.e.d.e.i.,347.7943097,6.0,True
2023,buenos aires,regimen simplificado para pequeños contribuyentes ley 24977 art 59 inciso a,regimen simplificado para pequeños contribuyentes ley 24977 art 59 inciso a,4396.5301,6.0,True
2023,buenos aires,consenso fiscal ley 27429 compensacion,consenso fiscal ley 27429 compensacion,259034.1498,6.0,True
2023,catamarca,coparticipacion federal de impuestos neta ley 26075,coparticipacion federal de impuestos neta ley 26075,321982.8012,10.0,True
2023,catamarca,financiamiento educativo ley 26075,financiamiento educativo ley 26075,25594.8082,10.0,True
2023,catamarca,transferencia de servicios ley 24049,transferencia de servicios ley 24049,21.3996,10.0,True
2023,catamarca,impuesto sobre los bienes personales,ley 24699,14195.9549,10.0,True
2023,catamarca,impuesto sobre los activos fondo educacion ley 23906,impuesto sobre los activos fondo educacion ley 23906,0.0022,10.0,True
2023,catamarca,impuesto a los combustibles liquidos ley 23966 y 24699,obras de infraestructura,353.8845,10.0,True
2023,catamarca,impuesto a los combustibles liquidos ley 23966 y 24699,vialidad provincial,552.7969,10.0,True
2023,catamarca,impuesto a los combustibles liquidos ley 23966 y 24699,f.e.d.e.i.,211.9136666,10.0,True
2023,catamarca,impuesto a los combustibles liquidos ley 23966 y 24699,ley 24464 fo.na.vi,1317.0711,10.0,True
2023,catamarca,regimen de energia electrica ley 24065,fondo para compensaciones de tarifa electrica,614.2781,10.0,True
2023,catamarca,regimen de energia electrica ley 24065,f.e.d.e.i.,524.1766053,10.0,True
2023,catamarca,fondo compensador de desequilibrios,fondo compensador de desequilibrios,26.4,10.0,True
2023,catamarca,regimen simplificado para pequeños contribuyentes ley 24977 art 59 inciso a,regimen simplificado para pequeños contribuyentes ley 24977 art 59 inciso a,551.4427,10.0,True
2023,catamarca,consenso fiscal ley 27429 compensacion,consenso fiscal ley 27429 compensacion,1835.923114,10.0,True
2023,cordoba,coparticipacion federal de impuestos neta ley 26075,coparticipacion federal de impuestos neta ley 26075,1003576.153,14.0,True
2023,cordoba,financiamiento educativo ley 26075,financiamiento educativo ley 26075,116936.2806,14.0,True
2023,cordoba,transferencia de servicios ley 24049,transferencia de servicios ley 24049,125.3004,14.0,True
2023,cordoba,impuesto sobre los bienes personales,ley 24699,45764.5814,14.0,True
2023,cordoba,impuesto sobre los bienes personales,ley 23966 art 30,9202.016,14.0,True
2023,cordoba,impuesto sobre los activos fondo educacion ley 23906,impuesto sobre los activos fondo educacion ley 23906,0.0082,14.0,True
2023,cordoba,i.v.a.ley 23966 art 5 punto 2,i.v.a.ley 23966 art 5 punto 2,14765.6021,14.0,True
2023,cordoba,impuesto a los combustibles liquidos ley 23966 y 24699,obras de infraestructura,1140.8342,14.0,True
2023,cordoba,impuesto a los combustibles liquidos ley 23966 y 24699,vialidad provincial,2915.6019,14.0,True
2023,cordoba,impuesto a los combustibles liquidos ley 23966 y 24699,f.e.d.e.i.,162.8928257,14.0,True
2023,cordoba,impuesto a los combustibles liquidos ley 23966 y 24699,ley 24464 fo.na.vi,3543.5487,14.0,True
2023,cordoba,regimen de energia electrica ley 24065,fondo para compensaciones de tarifa electrica,451.9358,14.0,True
2023,cordoba,regimen de energia electrica ley 24065,f.e.d.e.i.,375.5406217,14.0,True
2023,cordoba,fondo compensador de desequilibrios,fondo compensador de desequilibrios,6.0,14.0,True
2023,cordoba,regimen simplificado para pequeños contribuyentes ley 24977 art 59 inciso a,regimen simplificado para pequeños contribuyentes ley 24977 art 59 inciso a,1777.7126,14.0,True
2023,cordoba,consenso fiscal ley 27429 compensacion,consenso fiscal ley 27429 compensacion,10634.17057,14.0,True
2023,corrientes,coparticipacion federal de impuestos neta ley 26075,coparticipacion federal de impuestos neta ley 26075,416798.8528,18.0,True
2023,corrientes,financiamiento educativo ley 26075,financiamiento educativo ley 26075,52309.3897,18.0,True
2023,corrientes,transferencia de servicios ley 24049,transferencia de servicios ley 24049,38.6004,18.0,True
2023,corrientes,impuesto sobre los bienes personales,ley 24699,19159.5754,18.0,True
2023,corrientes,impuesto sobre los bienes personales,ley 23966 art 30,2942.3786,18.0,True
2023,corrientes,impuesto sobre los activos fondo educacion ley 23906,impuesto sobre los activos fondo educacion ley 23906,0.0037,18.0,True
2023,corrientes,i.v.a.ley 23966 art 5 punto 2,i.v.a.ley 23966 art 5 punto 2,4721.3554,18.0,True
2023,corrientes,impuesto a los combustibles liquidos ley 23966 y 24699,obras de infraestructura,477.6156,18.0,True
2023,corrientes,impuesto a los combustibles liquidos ley 23966 y 24699,vialidad provincial,846.6511,18.0,True
2023,corrientes,impuesto a los combustibles liquidos ley 23966 y 24699,f.e.d.e.i.,178.0064256,18.0,True
2023,corrientes,impuesto a los combustibles liquidos ley 23966 y 24699,ley 24464 fo.na.vi,3104.5249,18.0,True
2023,corrientes,regimen de energia electrica ley 24065,fondo para compensaciones de tarifa electrica,634.2392,18.0,True
2023,corrientes,regimen de energia electrica ley 24065,f.e.d.e.i.,440.3057404,18.0,True
2023,corrientes,fondo compensador de desequilibrios,fondo compensador de desequilibrios,18.0,18.0,True
2023,corrientes,regimen simplificado para pequeños contribuyentes ley 24977 art 59 inciso a,regimen simplificado para pequeños contribuyentes ley 24977 art 59 inciso a,744.2475,18.0,True
2023,corrientes,consenso fiscal ley 27429 compensacion,consenso fiscal ley 27429 compensacion,13248.22557,18.0,True
2023,chaco,coparticipacion federal de impuestos neta ley 26075,coparticipacion federal de impuestos neta ley 26075,570180.7158,22.0,True
2023,chaco,financiamiento educativo ley 26075,financiamiento educativo ley 26075,59347.9617,22.0,True
2023,chaco,transferencia de servicios ley 24049,transferencia de servicios ley 24049,33.6,22.0,True
2023,chaco,impuesto sobre los bienes personales,ley 24699,25711.5545,22.0,True
2023,chaco,impuesto sobre los bienes personales,ley 23966 art 30,2313.2091,22.0,True
2023,chaco,impuesto sobre los activos fondo educacion ley 23906,impuesto sobre los activos fondo educacion ley 23906,0.0048,22.0,True
2023,chaco,i.v.a.ley 23966 art 5 punto 2,i.v.a.ley 23966 art 5 punto 2,3711.7872,22.0,True
2023,chaco,impuesto a los combustibles liquidos ley 23966 y 24699,obras de infraestructura,640.95,22.0,True
2023,chaco,impuesto a los combustibles liquidos ley 23966 y 24699,vialidad provincial,930.2714,22.0,True
2023,chaco,impuesto a los combustibles liquidos ley 23966 y 24699,f.e.d.e.i.,189.0582242,22.0,True
2023,chaco,impuesto a los combustibles liquidos ley 23966 y 24699,ley 24464 fo.na.vi,2885.0133,22.0,True
2023,chaco,regimen de energia electrica ley 24065,fondo para compensaciones de tarifa electrica,664.4442,22.0,True
2023,chaco,regimen de energia electrica ley 24065,f.e.d.e.i.,467.6427894,22.0,True
2023,chaco,fondo compensador de desequilibrios,fondo compensador de desequilibrios,6.0,22.0,True
2023,chaco,regimen simplificado para pequeños contribuyentes ley 24977 art 59 inciso a,regimen simplificado para pequeños contribuyentes ley 24977 art 59 inciso a,998.7645,22.0,True
2023,chaco,consenso fiscal ley 27429 compensacion,consenso fiscal ley 27429 compensacion,16158.46045,22.0,True
2023,chubut,coparticipacion federal de impuestos neta ley 26075,coparticipacion federal de impuestos neta ley 26075,174618.5493,26.0,True
2023,chubut,financiamiento educativo ley 26075,financiamiento educativo ley 26075,24954.9382,26.0,True
2023,chubut,transferencia de servicios ley 24049,transferencia de servicios ley 24049,24.2004,26.0,True
2023,chubut,impuesto sobre los bienes personales,ley 24699,8151.0896,26.0,True
2023,chubut,impuesto sobre los bienes personales,ley 23966 art 30,904.8839,26.0,True
2023,chubut,impuesto sobre los activos fondo educacion ley 23906,impuesto sobre los activos fondo educacion ley 23906,0.0022,26.0,True
2023,chubut,i.v.a.ley 23966 art 5 punto 2,i.v.a.ley 23966 art 5 punto 2,1451.9816,26.0,True
2023,chubut,impuesto a los combustibles liquidos ley 23966 y 24699,obras de infraestructura,203.1973,26.0,True
2023,chubut,impuesto a los combustibles liquidos ley 23966 y 24699,vialidad provincial,757.6572,26.0,True
2023,chubut,impuesto a los combustibles liquidos ley 23966 y 24699,f.e.d.e.i.,198.2243272,26.0,True
2023,chubut,impuesto a los combustibles liquidos ley 23966 y 24699,ley 24464 fo.na.vi,2006.9657,26.0,True
2023,chubut,regimen de energia electrica ley 24065,fondo para compensaciones de tarifa electrica,1052.5159,26.0,True
2023,chubut,regimen de energia electrica ley 24065,f.e.d.e.i.,490.3154977,26.0,True
2023,chubut,fondo compensador de desequilibrios,fondo compensador de desequilibrios,36.0,26.0,True
2023,chubut,regimen simplificado para pequeños contribuyentes ley 24977 art 59 inciso a,regimen simplificado para pequeños contribuyentes ley 24977 art 59 inciso a,316.6335,26.0,True
2023,chubut,consenso fiscal ley 27429 compensacion,consenso fiscal ley 27429 compensacion,3070.310311,26.0,True
2023,entre rios,coparticipacion federal de impuestos neta ley 26075,coparticipacion federal de impuestos neta ley 26075,564970.6913,30.0,True
2023,entre rios,financiamiento educativo ley 26075,financiamiento educativo ley 26075,51189.6168,30.0,True
2023,entre rios,transferencia de servicios ley 24049,transferencia de servicios ley 24049,67.4988,30.0,True
2023,entre rios,impuesto sobre los bienes personales,ley 24699,25165.5562,30.0,True
2023,entre rios,impuesto sobre los bienes personales,ley 23966 art 30,3993.4723,30.0,True
2023,entre rios,impuesto sobre los activos fondo educacion ley 23906,impuesto sobre los activos fondo educacion ley 23906,0.0038,30.0,True
2023,entre rios,i.v.a.ley 23966 art 5 punto 2,i.v.a.ley 23966 art 5 punto 2,6407.9465,30.0,True
2023,entre rios,impuesto a los combustibles liquidos ley 23966 y 24699,obras de infraestructura,627.3289,30.0,True
2023,entre rios,impuesto a los combustibles liquidos ley 23966 y 24699,vialidad provincial,1264.806,30.0,True
2023,entre rios,impuesto a los combustibles liquidos ley 23966 y 24699,f.e.d.e.i.,162.7030929,30.0,True
2023,entre rios,impuesto a los combustibles liquidos ley 23966 y 24699,ley 24464 fo.na.vi,2445.9894,30.0,True
2023,entre rios,regimen de energia electrica ley 24065,fondo para compensaciones de tarifa electrica,634.2246,30.0,True
2023,entre rios,regimen de energia electrica ley 24065,f.e.d.e.i.,402.4523584,30.0,True
2023,entre rios,fondo compensador de desequilibrios,fondo compensador de desequilibrios,21.6,30.0,True
2023,entre rios,regimen simplificado para pequeños contribuyentes ley 24977 art 59 inciso a,regimen simplificado para pequeños contribuyentes ley 24977 art 59 inciso a,977.5397,30.0,True
2023,entre rios,consenso fiscal ley 27429 compensacion,consenso fiscal ley 27429 compensacion,7438.530648,30.0,True
2023,formosa,coparticipacion federal de impuestos neta ley 26075,coparticipacion federal de impuestos neta ley 26075,426272.5087,34.0,True
2023,formosa,financiamiento educativo ley 26075,financiamiento educativo ley 26075,33113.2833,34.0,True
2023,formosa,transferencia de servicios ley 24049,transferencia de servicios ley 24049,20.7012,34.0,True
2023,formosa,impuesto sobre los bienes personales,ley 24699,18762.4857,34.0,True
2023,formosa,impuesto sobre los bienes personales,ley 23966 art 30,1077.5379,34.0,True
2023,formosa,impuesto sobre los activos fondo educacion ley 23906,impuesto sobre los activos fondo educacion ley 23906,0.0026,34.0,True
2023,formosa,i.v.a.ley 23966 art 5 punto 2,i.v.a.ley 23966 art 5 punto 2,1729.0231,34.0,True
2023,formosa,impuesto a los combustibles liquidos ley 23966 y 24699,obras de infraestructura,467.7212,34.0,True
2023,formosa,impuesto a los combustibles liquidos ley 23966 y 24699,vialidad provincial,521.2423,34.0,True
2023,formosa,impuesto a los combustibles liquidos ley 23966 y 24699,f.e.d.e.i.,218.4665604,34.0,True
2023,formosa,impuesto a los combustibles liquidos ley 23966 y 24699,ley 24464 fo.na.vi,2508.7072,34.0,True
2023,formosa,regimen de energia electrica ley 24065,fondo para compensaciones de tarifa electrica,687.6435,34.0,True
2023,formosa,regimen de energia electrica ley 24065,f.e.d.e.i.,540.3854401,34.0,True
2023,formosa,fondo compensador de desequilibrios,fondo compensador de desequilibrios,26.4,34.0,True
2023,formosa,regimen simplificado para pequeños contribuyentes ley 24977 art 59 inciso a,regimen simplificado para pequeños contribuyentes ley 24977 art 59 inciso a,728.8297,34.0,True
2023,formosa,consenso fiscal ley 27429 compensacion,consenso fiscal ley 27429 compensacion,7956.511053,34.0,True
2023,jujuy,coparticipacion federal de impuestos neta ley 26075,coparticipacion federal de impuestos neta ley 26075,326201.9209,38.0,True
2023,jujuy,financiamiento educativo ley 26075,financiamiento educativo ley 26075,32313.4454,38.0,True
2023,jujuy,transferencia de servicios ley 24049,transferencia de servicios ley 24049,33.3,38.0,True
2023,jujuy,impuesto sobre los bienes personales,ley 24699,14642.6806,38.0,True
2023,jujuy,impuesto sobre los activos fondo educacion ley 23906,impuesto sobre los activos fondo educacion ley 23906,0.0024,38.0,True
2023,jujuy,impuesto a los combustibles liquidos ley 23966 y 24699,obras de infraestructura,365.0126,38.0,True
2023,jujuy,impuesto a los combustibles liquidos ley 23966 y 24699,vialidad provincial,561.0782,38.0,True
2023,jujuy,impuesto a los combustibles liquidos ley 23966 y 24699,f.e.d.e.i.,176.2947006,38.0,True
2023,jujuy,impuesto a los combustibles liquidos ley 23966 y 24699,ley 24464 fo.na.vi,1881.5305,38.0,True
2023,jujuy,regimen de energia electrica ley 24065,fondo para compensaciones de tarifa electrica,655.9596,38.0,True
2023,jujuy,regimen de energia electrica ley 24065,f.e.d.e.i.,436.0717228,38.0,True
2023,jujuy,fondo compensador de desequilibrios,fondo compensador de desequilibrios,26.4,38.0,True
2023,jujuy,regimen simplificado para pequeños contribuyentes ley 24977 art 59 inciso a,regimen simplificado para pequeños contribuyentes ley 24977 art 59 inciso a,568.7831,38.0,True
2023,jujuy,consenso fiscal ley 27429 compensacion,consenso fiscal ley 27429 compensacion,7702.369624,38.0,True
2023,la pampa,coparticipacion federal de impuestos neta ley 26075,coparticipacion federal de impuestos neta ley 26075,223862.4866,42.0,True
2023,la pampa,financiamiento educativo ley 26075,financiamiento educativo ley 26075,17756.3988,42.0,True
2023,la pampa,transferencia de servicios ley 24049,transferencia de servicios ley 24049,19.2,42.0,True
2023,la pampa,impuesto sobre los bienes personales,ley 24699,9866.5251,42.0,True
2023,la pampa,impuesto sobre los bienes personales,ley 23966 art 30,794.6079,42.0,True
2023,la pampa,impuesto sobre los activos fondo educacion ley 23906,impuesto sobre los activos fondo educacion ley 23906,0.002,42.0,True
2023,la pampa,i.v.a.ley 23966 art 5 punto 2,i.v.a.ley 23966 art 5 punto 2,1275.4367,42.0,True
2023,la pampa,impuesto a los combustibles liquidos ley 23966 y 24699,obras de infraestructura,245.9501,42.0,True
2023,la pampa,impuesto a los combustibles liquidos ley 23966 y 24699,vialidad provincial,744.8678,42.0,True
2023,la pampa,impuesto a los combustibles liquidos ley 23966 y 24699,f.e.d.e.i.,156.5005736,42.0,True
2023,la pampa,impuesto a los combustibles liquidos ley 23966 y 24699,ley 24464 fo.na.vi,1278.6256,42.0,True
2023,la pampa,regimen de energia electrica ley 24065,fondo para compensaciones de tarifa electrica,876.6298,42.0,True
2023,la pampa,regimen de energia electrica ley 24065,f.e.d.e.i.,387.1101882,42.0,True
2023,la pampa,fondo compensador de desequilibrios,fondo compensador de desequilibrios,30.0,42.0,True
2023,la pampa,regimen simplificado para pequeños contribuyentes ley 24977 art 59 inciso a,regimen simplificado para pequeños contribuyentes ley 24977 art 59 inciso a,383.2603,42.0,True
2023,la rioja,coparticipacion federal de impuestos neta ley 26075,coparticipacion federal de impuestos neta ley 26075,241134.9487,46.0,True
2023,la rioja,financiamiento educativo ley 26075,financiamiento educativo ley 26075,20155.9116,46.0,True
2023,la rioja,transferencia de servicios ley 24049,transferencia de servicios ley 24049,20.2992,46.0,True
2023,la rioja,impuesto sobre los bienes personales,ley 24699,10671.7842,46.0,True
2023,la rioja,impuesto sobre los activos fondo educacion ley 23906,impuesto sobre los activos fondo educacion ley 23906,0.0019,46.0,True
2023,la rioja,impuesto a los combustibles liquidos ley 23966 y 24699,obras de infraestructura,266.0301,46.0,True
2023,la rioja,impuesto a los combustibles liquidos ley 23966 y 24699,vialidad provincial,604.3877,46.0,True
2023,la rioja,impuesto a los combustibles liquidos ley 23966 y 24699,f.e.d.e.i.,206.1929121,46.0,True
2023,la rioja,impuesto a los combustibles liquidos ley 23966 y 24699,ley 24464 fo.na.vi,1254.3535,46.0,True
2023,la rioja,regimen de energia electrica ley 24065,fondo para compensaciones de tarifa electrica,680.1585,46.0,True
2023,la rioja,regimen de energia electrica ley 24065,f.e.d.e.i.,510.0260989,46.0,True
2023,la rioja,fondo compensador de desequilibrios,fondo compensador de desequilibrios,26.4,46.0,True
2023,la rioja,regimen simplificado para pequeños contribuyentes ley 24977 art 59 inciso a,regimen simplificado para pequeños contribuyentes ley 24977 art 59 inciso a,414.5432,46.0,True
2023,la rioja,consenso fiscal ley 27429 compensacion,consenso fiscal ley 27429 compensacion,2399.233115,46.0,True
2023,mendoza,coparticipacion federal de impuestos neta ley 26075,coparticipacion federal de impuestos neta ley 26075,451362.8253,50.0,True
2023,mendoza,financiamiento educativo ley 26075,financiamiento educativo ley 26075,74864.8143,50.0,True
2023,mendoza,transferencia de servicios ley 24049,transferencia de servicios ley 24049,61.6992,50.0,True
2023,mendoza,impuesto sobre los bienes personales,ley 24699,21492.477,50.0,True
2023,mendoza,impuesto sobre los activos fondo educacion ley 23906,impuesto sobre los activos fondo educacion ley 23906,0.004,50.0,True
2023,mendoza,impuesto a los combustibles liquidos ley 23966 y 24699,obras de infraestructura,535.7739,50.0,True
2023,mendoza,impuesto a los combustibles liquidos ley 23966 y 24699,vialidad provincial,1122.007,50.0,True
2023,mendoza,impuesto a los combustibles liquidos ley 23966 y 24699,f.e.d.e.i.,160.0456814,50.0,True
2023,mendoza,impuesto a los combustibles liquidos ley 23966 y 24699,ley 24464 fo.na.vi,2508.7072,50.0,True
2023,mendoza,regimen de energia electrica ley 24065,fondo para compensaciones de tarifa electrica,510.0067,50.0,True
2023,mendoza,regimen de energia electrica ley 24065,f.e.d.e.i.,395.8791488,50.0,True
2023,mendoza,fondo compensador de desequilibrios,fondo compensador de desequilibrios,26.4,50.0,True
2023,mendoza,regimen simplificado para pequeños contribuyentes ley 24977 art 59 inciso a,regimen simplificado para pequeños contribuyentes ley 24977 art 59 inciso a,834.8735,50.0,True
2023,mendoza,consenso fiscal ley 27429 compensacion,consenso fiscal ley 27429 compensacion,11290.06055,50.0,True
2023,misiones,coparticipacion federal de impuestos neta ley 26075,coparticipacion federal de impuestos neta ley 26075,356542.3031,54.0,True
2023,misiones,financiamiento educativo ley 26075,financiamiento educativo ley 26075,60307.767,54.0,True
2023,misiones,transferencia de servicios ley 24049,transferencia de servicios ley 24049,34.1004,54.0,True
2023,misiones,impuesto sobre los bienes personales,ley 24699,17025.2185,54.0,True
2023,misiones,impuesto sobre los bienes personales,ley 23966 art 30,1263.296,54.0,True
2023,misiones,impuesto sobre los activos fondo educacion ley 23906,impuesto sobre los activos fondo educacion ley 23906,0.003,54.0,True
2023,misiones,i.v.a.ley 23966 art 5 punto 2,i.v.a.ley 23966 art 5 punto 2,2027.0913,54.0,True
2023,misiones,impuesto a los combustibles liquidos ley 23966 y 24699,obras de infraestructura,424.4045,54.0,True
2023,misiones,impuesto a los combustibles liquidos ley 23966 y 24699,vialidad provincial,969.5839,54.0,True
2023,misiones,impuesto a los combustibles liquidos ley 23966 y 24699,f.e.d.e.i.,207.0173463,54.0,True
2023,misiones,impuesto a los combustibles liquidos ley 23966 y 24699,ley 24464 fo.na.vi,2947.7309,54.0,True
2023,misiones,regimen de energia electrica ley 24065,fondo para compensaciones de tarifa electrica,584.2377,54.0,True
2023,misiones,regimen de energia electrica ley 24065,f.e.d.e.i.,512.0653688,54.0,True
2023,misiones,fondo compensador de desequilibrios,fondo compensador de desequilibrios,26.4,54.0,True
2023,misiones,regimen simplificado para pequeños contribuyentes ley 24977 art 59 inciso a,regimen simplificado para pequeños contribuyentes ley 24977 art 59 inciso a,661.3309,54.0,True
2023,misiones,consenso fiscal ley 27429 compensacion,consenso fiscal ley 27429 compensacion,14932.1831,54.0,True
2023,neuquen,coparticipacion federal de impuestos neta ley 26075,coparticipacion federal de impuestos neta ley 26075,191503.9696,58.0,True
2023,neuquen,financiamiento educativo ley 26075,financiamiento educativo ley 26075,27514.419,58.0,True
2023,neuquen,transferencia de servicios ley 24049,transferencia de servicios ley 24049,17.3988,58.0,True
2023,neuquen,impuesto sobre los bienes personales,ley 24699,8945.2689,58.0,True
2023,neuquen,impuesto sobre los bienes personales,ley 23966 art 30,568.1396,58.0,True
2023,neuquen,impuesto sobre los activos fondo educacion ley 23906,impuesto sobre los activos fondo educacion ley 23906,0.0027,58.0,True
2023,neuquen,i.v.a.ley 23966 art 5 punto 2,i.v.a.ley 23966 art 5 punto 2,911.6396,58.0,True
2023,neuquen,impuesto a los combustibles liquidos ley 23966 y 24699,obras de infraestructura,222.986,58.0,True
2023,neuquen,impuesto a los combustibles liquidos ley 23966 y 24699,vialidad provincial,814.6172,58.0,True
2023,neuquen,impuesto a los combustibles liquidos ley 23966 y 24699,f.e.d.e.i.,183.8354556,58.0,True
2023,neuquen,impuesto a los combustibles liquidos ley 23966 y 24699,ley 24464 fo.na.vi,2696.8602,58.0,True
2023,neuquen,regimen de energia electrica ley 24065,fondo para compensaciones de tarifa electrica,782.0256,58.0,True
2023,neuquen,regimen de energia electrica ley 24065,f.e.d.e.i.,454.7240702,58.0,True
2023,neuquen,fondo compensador de desequilibrios,fondo compensador de desequilibrios,30.0,58.0,True
2023,neuquen,regimen simplificado para pequeños contribuyentes ley 24977 art 59 inciso a,regimen simplificado para pequeños contribuyentes ley 24977 art 59 inciso a,347.4692,58.0,True
2023,neuquen,consenso fiscal ley 27429 compensacion,consenso fiscal ley 27429 compensacion,4133.763783,58.0,True
2023,rio negro,coparticipacion federal de impuestos neta ley 26075,coparticipacion federal de impuestos neta ley 26075,288336.3579,62.0,True
2023,rio negro,financiamiento educativo ley 26075,financiamiento educativo ley 26075,30073.8999,62.0,True
2023,rio negro,transferencia de servicios ley 24049,transferencia de servicios ley 24049,14.6004,62.0,True
2023,rio negro,impuesto sobre los bienes personales,ley 24699,13004.6858,62.0,True
2023,rio negro,impuesto sobre los activos fondo educacion ley 23906,impuesto sobre los activos fondo educacion ley 23906,0.0031,62.0,True
2023,rio negro,impuesto a los combustibles liquidos ley 23966 y 24699,obras de infraestructura,324.1886,62.0,True
2023,rio negro,impuesto a los combustibles liquidos ley 23966 y 24699,vialidad provincial,675.9777,62.0,True
2023,rio negro,impuesto a los combustibles liquidos ley 23966 y 24699,f.e.d.e.i.,170.816045,62.0,True
2023,rio negro,impuesto a los combustibles liquidos ley 23966 y 24699,ley 24464 fo.na.vi,2822.2955,62.0,True
2023,rio negro,regimen de energia electrica ley 24065,fondo para compensaciones de tarifa electrica,537.426,62.0,True
2023,rio negro,regimen de energia electrica ley 24065,f.e.d.e.i.,422.5200575,62.0,True
2023,rio negro,fondo compensador de desequilibrios,fondo compensador de desequilibrios,30.0,62.0,True
2023,rio negro,regimen simplificado para pequeños contribuyentes ley 24977 art 59 inciso a,regimen simplificado para pequeños contribuyentes ley 24977 art 59 inciso a,505.169,62.0,True
2023,rio negro,consenso fiscal ley 27429 compensacion,consenso fiscal ley 27429 compensacion,3858.640101,62.0,True
2023,salta,coparticipacion federal de impuestos neta ley 26075,coparticipacion federal de impuestos neta ley 26075,423384.1511,66.0,True
2023,salta,financiamiento educativo ley 26075,financiamiento educativo ley 26075,60307.767,66.0,True
2023,salta,transferencia de servicios ley 24049,transferencia de servicios ley 24049,39.8004,66.0,True
2023,salta,impuesto sobre los bienes personales,ley 24699,19755.2099,66.0,True
2023,salta,impuesto sobre los activos fondo educacion ley 23906,impuesto sobre los activos fondo educacion ley 23906,0.0041,66.0,True
2023,salta,impuesto a los combustibles liquidos ley 23966 y 24699,obras de infraestructura,492.47,66.0,True
2023,salta,impuesto a los combustibles liquidos ley 23966 y 24699,vialidad provincial,797.0722,66.0,True
2023,salta,impuesto a los combustibles liquidos ley 23966 y 24699,f.e.d.e.i.,174.7520798,66.0,True
2023,salta,impuesto a los combustibles liquidos ley 23966 y 24699,ley 24464 fo.na.vi,2508.7072,66.0,True
2023,salta,regimen de energia electrica ley 24065,fondo para compensaciones de tarifa electrica,585.7152,66.0,True
2023,salta,regimen de energia electrica ley 24065,f.e.d.e.i.,432.2559911,66.0,True
2023,salta,fondo compensador de desequilibrios,fondo compensador de desequilibrios,30.0,66.0,True
2023,salta,regimen simplificado para pequeños contribuyentes ley 24977 art 59 inciso a,regimen simplificado para pequeños contribuyentes ley 24977 art 59 inciso a,767.3948,66.0,True
2023,salta,consenso fiscal ley 27429 compensacion,consenso fiscal ley 27429 compensacion,21044.08438,66.0,True
2023,san juan,coparticipacion federal de impuestos neta ley 26075,coparticipacion federal de impuestos neta ley 26075,386580.633,70.0,True
2023,san juan,financiamiento educativo ley 26075,financiamiento educativo ley 26075,39991.8881,70.0,True
2023,san juan,transferencia de servicios ley 24049,transferencia de servicios ley 24049,30.0996,70.0,True
2023,san juan,impuesto sobre los bienes personales,ley 24699,17422.3082,70.0,True
2023,san juan,impuesto sobre los activos fondo educacion ley 23906,impuesto sobre los activos fondo educacion ley 23906,0.0023,70.0,True
2023,san juan,impuesto a los combustibles liquidos ley 23966 y 24699,obras de infraestructura,434.3116,70.0,True
2023,san juan,impuesto a los combustibles liquidos ley 23966 y 24699,vialidad provincial,738.7966,70.0,True
2023,san juan,impuesto a los combustibles liquidos ley 23966 y 24699,f.e.d.e.i.,161.8944741,70.0,True
2023,san juan,impuesto a los combustibles liquidos ley 23966 y 24699,ley 24464 fo.na.vi,2289.1951,70.0,True
2023,san juan,regimen de energia electrica ley 24065,fondo para compensaciones de tarifa electrica,507.2501,70.0,True
2023,san juan,regimen de energia electrica ley 24065,f.e.d.e.i.,400.4522089,70.0,True
2023,san juan,fondo compensador de desequilibrios,fondo compensador de desequilibrios,26.4,70.0,True
2023,san juan,regimen simplificado para pequeños contribuyentes ley 24977 art 59 inciso a,regimen simplificado para pequeños contribuyentes ley 24977 art 59 inciso a,676.7689,70.0,True
2023,san juan,consenso fiscal ley 27429 compensacion,consenso fiscal ley 27429 compensacion,4851.523399,70.0,True
2023,san luis,coparticipacion federal de impuestos neta ley 26075,coparticipacion federal de impuestos neta ley 26075,264832.3046,74.0,True
2023,san luis,financiamiento educativo ley 26075,financiamiento educativo ley 26075,23195.2953,74.0,True
2023,san luis,transferencia de servicios ley 24049,transferencia de servicios ley 24049,18.9012,74.0,True
2023,san luis,impuesto sobre los bienes personales,ley 24699,11763.7805,74.0,True
2023,san luis,impuesto sobre los activos fondo educacion ley 23906,impuesto sobre los activos fondo educacion ley 23906,0.0019,74.0,True
2023,san luis,impuesto a los combustibles liquidos ley 23966 y 24699,obras de infraestructura,293.2461,74.0,True
2023,san luis,impuesto a los combustibles liquidos ley 23966 y 24699,vialidad provincial,515.2648,74.0,True
2023,san luis,impuesto a los combustibles liquidos ley 23966 y 24699,f.e.d.e.i.,158.5955206,74.0,True
2023,san luis,impuesto a los combustibles liquidos ley 23966 y 24699,ley 24464 fo.na.vi,2289.1951,74.0,True
2023,san luis,regimen de energia electrica ley 24065,fondo para compensaciones de tarifa electrica,582.7203,74.0,True
2023,san luis,regimen de energia electrica ley 24065,f.e.d.e.i.,392.2921203,74.0,True
2023,san luis,fondo compensador de desequilibrios,fondo compensador de desequilibrios,26.4,74.0,True
2023,san luis,regimen simplificado para pequeños contribuyentes ley 24977 art 59 inciso a,regimen simplificado para pequeños contribuyentes ley 24977 art 59 inciso a,456.9527,74.0,True
2023,santa cruz,coparticipacion federal de impuestos neta ley 26075,coparticipacion federal de impuestos neta ley 26075,186936.0507,78.0,True
2023,santa cruz,financiamiento educativo ley 26075,financiamiento educativo ley 26075,12637.4366,78.0,True
2023,santa cruz,transferencia de servicios ley 24049,transferencia de servicios ley 24049,8.4996,78.0,True
2023,santa cruz,impuesto sobre los bienes personales,ley 24699,8151.0896,78.0,True
2023,santa cruz,impuesto sobre los bienes personales,ley 23966 art 30,736.6566,78.0,True
2023,santa cruz,impuesto sobre los activos fondo educacion ley 23906,impuesto sobre los activos fondo educacion ley 23906,0.0019,78.0,True
2023,santa cruz,i.v.a.ley 23966 art 5 punto 2,i.v.a.ley 23966 art 5 punto 2,1182.0432,78.0,True
2023,santa cruz,impuesto a los combustibles liquidos ley 23966 y 24699,obras de infraestructura,203.1973,78.0,True
2023,santa cruz,impuesto a los combustibles liquidos ley 23966 y 24699,vialidad provincial,564.4048,78.0,True
2023,santa cruz,impuesto a los combustibles liquidos ley 23966 y 24699,f.e.d.e.i.,223.1528182,78.0,True
2023,santa cruz,impuesto a los combustibles liquidos ley 23966 y 24699,ley 24464 fo.na.vi,2006.9657,78.0,True
2023,santa cruz,regimen de energia electrica ley 24065,fondo para compensaciones de tarifa electrica,1879.329,78.0,True
2023,santa cruz,regimen de energia electrica ley 24065,f.e.d.e.i.,551.9770791,78.0,True
2023,santa cruz,fondo compensador de desequilibrios,fondo compensador de desequilibrios,36.0,78.0,True
2023,santa cruz,regimen simplificado para pequeños contribuyentes ley 24977 art 59 inciso a,regimen simplificado para pequeños contribuyentes ley 24977 art 59 inciso a,316.6335,78.0,True
2023,santa cruz,consenso fiscal ley 27429 compensacion,consenso fiscal ley 27429 compensacion,657.300131,78.0,True
2023,santa fe,coparticipacion federal de impuestos neta ley 26075,coparticipacion federal de impuestos neta ley 26075,1042679.818,82.0,True
2023,santa fe,financiamiento educativo ley 26075,financiamiento educativo ley 26075,107178.2604,82.0,True
2023,santa fe,transferencia de servicios ley 24049,transferencia de servicios ley 24049,135.4896,82.0,True
2023,santa fe,impuesto sobre los bienes personales,ley 24699,46954.54,82.0,True
2023,santa fe,impuesto sobre los bienes personales,ley 23966 art 30,10127.5819,82.0,True
2023,santa fe,impuesto sobre los activos fondo educacion ley 23906,impuesto sobre los activos fondo educacion ley 23906,0.0078,82.0,True
2023,santa fe,i.v.a.ley 23966 art 5 punto 2,i.v.a.ley 23966 art 5 punto 2,16255.9287,82.0,True
2023,santa fe,impuesto a los combustibles liquidos ley 23966 y 24699,obras de infraestructura,1200.4804,82.0,True
2023,santa fe,impuesto a los combustibles liquidos ley 23966 y 24699,vialidad provincial,2307.3127,82.0,True
2023,santa fe,impuesto a los combustibles liquidos ley 23966 y 24699,f.e.d.e.i.,140.605984,82.0,True
2023,santa fe,impuesto a los combustibles liquidos ley 23966 y 24699,ley 24464 fo.na.vi,3612.1174,82.0,True
2023,santa fe,regimen de energia electrica ley 24065,fondo para compensaciones de tarifa electrica,412.3807,82.0,True
2023,santa fe,regimen de energia electrica ley 24065,f.e.d.e.i.,347.7943097,82.0,True
2023,santa fe,fondo compensador de desequilibrios,fondo compensador de desequilibrios,6.0,82.0,True
2023,santa fe,regimen simplificado para pequeños contribuyentes ley 24977 art 59 inciso a,regimen simplificado para pequeños contribuyentes ley 24977 art 59 inciso a,1823.9409,82.0,True
2023,santa fe,consenso fiscal ley 27429 compensacion,consenso fiscal ley 27429 compensacion,12100.70254,82.0,True
2023,sgo. del estero,coparticipacion federal de impuestos neta ley 26075,coparticipacion federal de impuestos neta ley 26075,468577.1223,86.0,True
2023,sgo. del estero,financiamiento educativo ley 26075,financiamiento educativo ley 26075,52789.2921,86.0,True
2023,sgo. del estero,transferencia de servicios ley 24049,transferencia de servicios ley 24049,31.5996,86.0,True
2023,sgo. del estero,impuesto sobre los bienes personales,ley 24699,21293.9323,86.0,True
2023,sgo. del estero,impuesto sobre los activos fondo educacion ley 23906,impuesto sobre los activos fondo educacion ley 23906,0.0039,86.0,True
2023,sgo. del estero,impuesto a los combustibles liquidos ley 23966 y 24699,obras de infraestructura,530.8267,86.0,True
2023,sgo. del estero,impuesto a los combustibles liquidos ley 23966 y 24699,vialidad provincial,595.8915,86.0,True
2023,sgo. del estero,impuesto a los combustibles liquidos ley 23966 y 24699,f.e.d.e.i.,171.8941791,86.0,True
2023,sgo. del estero,impuesto a los combustibles liquidos ley 23966 y 24699,ley 24464 fo.na.vi,2696.8602,86.0,True
2023,sgo. del estero,regimen de energia electrica ley 24065,fondo para compensaciones de tarifa electrica,516.9378,86.0,True
2023,sgo. del estero,regimen de energia electrica ley 24065,f.e.d.e.i.,463.7197278,86.0,True
2023,sgo. del estero,fondo compensador de desequilibrios,fondo compensador de desequilibrios,26.4,86.0,True
2023,sgo. del estero,regimen simplificado para pequeños contribuyentes ley 24977 art 59 inciso a,regimen simplificado para pequeños contribuyentes ley 24977 art 59 inciso a,827.1644,86.0,True
2023,sgo. del estero,consenso fiscal ley 27429 compensacion,consenso fiscal ley 27429 compensacion,13072.72561,86.0,True
2023,tucuman,coparticipacion federal de impuestos neta ley 26075,coparticipacion federal de impuestos neta ley 26075,535414.4996,90.0,True
2023,tucuman,financiamiento educativo ley 26075,financiamiento educativo ley 26075,64946.8263,90.0,True
2023,tucuman,transferencia de servicios ley 24049,transferencia de servicios ley 24049,55.8,90.0,True
2023,tucuman,impuesto sobre los bienes personales,ley 24699,24520.2858,90.0,True
2023,tucuman,impuesto sobre los activos fondo educacion ley 23906,impuesto sobre los activos fondo educacion ley 23906,0.0035,90.0,True
2023,tucuman,impuesto a los combustibles liquidos ley 23966 y 24699,obras de infraestructura,611.2538,90.0,True
2023,tucuman,impuesto a los combustibles liquidos ley 23966 y 24699,vialidad provincial,874.1476,90.0,True
2023,tucuman,impuesto a los combustibles liquidos ley 23966 y 24699,f.e.d.e.i.,144.3944074,90.0,True
2023,tucuman,impuesto a los combustibles liquidos ley 23966 y 24699,ley 24464 fo.na.vi,2634.1423,90.0,True
2023,tucuman,regimen de energia electrica ley 24065,fondo para compensaciones de tarifa electrica,337.3973,90.0,True
2023,tucuman,regimen de energia electrica ley 24065,f.e.d.e.i.,357.1651208,90.0,True
2023,tucuman,fondo compensador de desequilibrios,fondo compensador de desequilibrios,26.4,90.0,True
2023,tucuman,regimen simplificado para pequeños contribuyentes ley 24977 art 59 inciso a,regimen simplificado para pequeños contribuyentes ley 24977 art 59 inciso a,952.4905,90.0,True
2023,tucuman,consenso fiscal ley 27429 compensacion,consenso fiscal ley 27429 compensacion,15917.46814,90.0,True
2023,tierra del fuego,coparticipacion federal de impuestos neta ley 26075,coparticipacion federal de impuestos neta ley 26075,149722.3911,94.0,True
2023,tierra del fuego,financiamiento educativo ley 26075,financiamiento educativo ley 26075,5918.7996,94.0,True
2023,tierra del fuego,transferencia de servicios ley 24049,transferencia de servicios ley 24049,12.0,94.0,True
2023,tierra del fuego,impuesto sobre los bienes personales,ley 24699,6356.6308,94.0,True
2023,tierra del fuego,impuesto sobre los bienes personales,ley 23966 art 30,65.3429,94.0,True
2023,tierra del fuego,impuesto sobre los activos fondo educacion ley 23906,impuesto sobre los activos fondo educacion ley 23906,0.0009,94.0,True
2023,tierra del fuego,i.v.a.ley 23966 art 5 punto 2,i.v.a.ley 23966 art 5 punto 2,104.8496,94.0,True
2023,tierra del fuego,impuesto a los combustibles liquidos ley 23966 y 24699,obras de infraestructura,158.465,94.0,True
2023,tierra del fuego,impuesto a los combustibles liquidos ley 23966 y 24699,vialidad provincial,408.7991,94.0,True
2023,tierra del fuego,impuesto a los combustibles liquidos ley 23966 y 24699,f.e.d.e.i.,164.1049961,94.0,True
2023,tierra del fuego,impuesto a los combustibles liquidos ley 23966 y 24699,ley 24464 fo.na.vi,1662.0186,94.0,True
2023,tierra del fuego,regimen de energia electrica ley 24065,fondo para compensaciones de tarifa electrica,403.9593,94.0,True
2023,tierra del fuego,regimen de energia electrica ley 24065,f.e.d.e.i.,405.9200199,94.0,True
2023,tierra del fuego,fondo compensador de desequilibrios,fondo compensador de desequilibrios,36.0,94.0,True
2023,tierra del fuego,regimen simplificado para pequeños contribuyentes ley 24977 art 59 inciso a,regimen simplificado para pequeños contribuyentes ley 24977 art 59 inciso a,246.9292,94.0,True
2023,tierra del fuego,consenso fiscal ley 27429 compensacion,consenso fiscal ley 27429 compensacion,329.154286,94.0,True
2023,c.a.b.a,coparticipacion federal de impuestos neta ley 26075,coparticipacion federal de impuestos neta ley 26075,229083.059,2.0,True
2023,c.a.b.a,financiamiento educativo ley 26075,financiamiento educativo ley 26075,82223.3217,2.0,True
2023,c.a.b.a,impuesto sobre los activos fondo educacion ley 23906,impuesto sobre los activos fondo educacion ley 23906,0.0033,2.0,True
2023,c.a.b.a,impuesto a los combustibles liquidos ley 23966 y 24699,ley 24464 fo.na.vi,815.3297,2.0,True
2023,tesoro nacional,coparticipacion federal de impuestos neta ley 26075,coparticipacion federal de impuestos neta ley 26075,8947834.833,,False
2023,tesoro nacional,impuesto sobre los bienes personales,ley 24699,378128.7229,,False
2023,tesoro nacional,impuesto sobre los activos fondo educacion ley 23906,impuesto sobre los activos fondo educacion ley 23906,0.0505,,False
2023,tesoro nacional,impuesto a los combustibles liquidos ley 23966 y 24699,vialidad provincial,43282.2717,,False
2023,tesoro nacional,consenso fiscal ley 27429 compensacion,consenso fiscal ley 27429 compensacion,-431665.4903,,False
2023,seguridad social,i.v.a.ley 23966 art 5 punto 2,i.v.a.ley 23966 art 5 punto 2,1457126.045,,False
2023,seguridad social,regimen simplificado para pequeños contribuyentes ley 24977 art 59 inciso a,regimen simplificado para pequeños contribuyentes ley 24977 art 59 inciso a,47211.423,,False
2023,fondo a.t.n.,coparticipacion federal de impuestos neta ley 26075,coparticipacion federal de impuestos neta ley 26075,222361.7006,,False
2023,fondo a.t.n.,impuesto sobre los bienes personales,ley 24699,9080.9012,,False
2024,buenos aires,coparticipacion federal de impuestos neta ley 26075,coparticipacion federal de impuestos neta ley 26075,6946613.942,6.0,True
2024,buenos aires,financiamiento educativo ley 26075,financiamiento educativo ley 26075,1265085.227,6.0,True
2024,buenos aires,transferencia de servicios ley 24049,transferencia de servicios ley 24049,420.1008,6.0,True
2024,buenos aires,impuesto sobre los bienes personales,ley 24699,262155.1771,6.0,True
2024,buenos aires,impuesto sobre los bienes personales,ley 23966 art 30,62411.4856,6.0,True
2024,buenos aires,impuesto sobre los activos fondo educacion ley 23906,impuesto sobre los activos fondo educacion ley 23906,0.0137,6.0,True
2024,buenos aires,i.v.a.ley 23966 art 5 punto 2,i.v.a.ley 23966 art 5 punto 2,127390.29,6.0,True
2024,buenos aires,impuesto a los combustibles liquidos ley 23966 y 24699,obras de infraestructura,14661.935,6.0,True
2024,buenos aires,impuesto a los combustibles liquidos ley 23966 y 24699,vialidad provincial,31511.6103,6.0,True
2024,buenos aires,impuesto a los combustibles liquidos ley 23966 y 24699,f.e.d.e.i.,655.4368564,6.0,True
2024,buenos aires,impuesto a los combustibles liquidos ley 23966 y 24699,ley 24464 fo.na.vi,47355.0087,6.0,True
2024,buenos aires,regimen de energia electrica ley 24065,fondo para compensaciones de tarifa electrica,1604.7394,6.0,True
2024,buenos aires,regimen de energia electrica ley 24065,f.e.d.e.i.,1180.199202,6.0,True
2024,buenos aires,regimen simplificado para pequeños contribuyentes ley 24977 art 59 inciso a,regimen simplificado para pequeños contribuyentes ley 24977 art 59 inciso a,14355.9279,6.0,True
2024,buenos aires,consenso fiscal ley 27429 compensacion,consenso fiscal ley 27429 compensacion,592901.6574,6.0,True
2024,catamarca,coparticipacion federal de impuestos neta ley 26075,coparticipacion federal de impuestos neta ley 26075,969837.2658,10.0,True
2024,catamarca,financiamiento educativo ley 26075,financiamiento educativo ley 26075,60114.5221,10.0,True
2024,catamarca,transferencia de servicios ley 24049,transferencia de servicios ley 24049,21.3996,10.0,True
2024,catamarca,impuesto sobre los bienes personales,ley 24699,32880.7946,10.0,True
2024,catamarca,impuesto sobre los activos fondo educacion ley 23906,impuesto sobre los activos fondo educacion ley 23906,0.001,10.0,True
2024,catamarca,impuesto a los combustibles liquidos ley 23966 y 24699,obras de infraestructura,1842.7631,10.0,True
2024,catamarca,impuesto a los combustibles liquidos ley 23966 y 24699,vialidad provincial,3161.3618,10.0,True
2024,catamarca,impuesto a los combustibles liquidos ley 23966 y 24699,f.e.d.e.i.,987.8386643,10.0,True
2024,catamarca,impuesto a los combustibles liquidos ley 23966 y 24699,ley 24464 fo.na.vi,6858.3117,10.0,True
2024,catamarca,regimen de energia electrica ley 24065,fondo para compensaciones de tarifa electrica,2307.3029,10.0,True
2024,catamarca,regimen de energia electrica ley 24065,f.e.d.e.i.,1778.731836,10.0,True
2024,catamarca,fondo compensador de desequilibrios,fondo compensador de desequilibrios,26.4,10.0,True
2024,catamarca,regimen simplificado para pequeños contribuyentes ley 24977 art 59 inciso a,regimen simplificado para pequeños contribuyentes ley 24977 art 59 inciso a,1800.6189,10.0,True
2024,catamarca,consenso fiscal ley 27429 compensacion,consenso fiscal ley 27429 compensacion,4427.602203,10.0,True
2024,cordoba,coparticipacion federal de impuestos neta ley 26075,coparticipacion federal de impuestos neta ley 26075,3044266.758,14.0,True
2024,cordoba,financiamiento educativo ley 26075,financiamiento educativo ley 26075,276067.327,14.0,True
2024,cordoba,transferencia de servicios ley 24049,transferencia de servicios ley 24049,125.3004,14.0,True
2024,cordoba,impuesto sobre los bienes personales,ley 24699,106000.3236,14.0,True
2024,cordoba,impuesto sobre los bienes personales,ley 23966 art 30,21313.7902,14.0,True
2024,cordoba,impuesto sobre los activos fondo educacion ley 23906,impuesto sobre los activos fondo educacion ley 23906,0.0038,14.0,True
2024,cordoba,i.v.a.ley 23966 art 5 punto 2,i.v.a.ley 23966 art 5 punto 2,43504.3307,14.0,True
2024,cordoba,impuesto a los combustibles liquidos ley 23966 y 24699,obras de infraestructura,5940.6022,14.0,True
2024,cordoba,impuesto a los combustibles liquidos ley 23966 y 24699,vialidad provincial,15780.6124,14.0,True
2024,cordoba,impuesto a los combustibles liquidos ley 23966 y 24699,f.e.d.e.i.,655.4368564,14.0,True
2024,cordoba,impuesto a los combustibles liquidos ley 23966 y 24699,ley 24464 fo.na.vi,18452.124,14.0,True
2024,cordoba,regimen de energia electrica ley 24065,fondo para compensaciones de tarifa electrica,1535.5872,14.0,True
2024,cordoba,regimen de energia electrica ley 24065,f.e.d.e.i.,1180.199202,14.0,True
2024,cordoba,fondo compensador de desequilibrios,fondo compensador de desequilibrios,6.0,14.0,True
2024,cordoba,regimen simplificado para pequeños contribuyentes ley 24977 art 59 inciso a,regimen simplificado para pequeños contribuyentes ley 24977 art 59 inciso a,5804.7393,14.0,True
2024,cordoba,consenso fiscal ley 27429 compensacion,consenso fiscal ley 27429 compensacion,25299.72347,14.0,True
2024,corrientes,coparticipacion federal de impuestos neta ley 26075,coparticipacion federal de impuestos neta ley 26075,1264485.216,18.0,True
2024,corrientes,financiamiento educativo ley 26075,financiamiento educativo ley 26075,125589.5747,18.0,True
2024,corrientes,transferencia de servicios ley 24049,transferencia de servicios ley 24049,38.6004,18.0,True
2024,corrientes,impuesto sobre los bienes personales,ley 24699,44377.5758,18.0,True
2024,corrientes,impuesto sobre los bienes personales,ley 23966 art 30,6815.1626,18.0,True
2024,corrientes,impuesto sobre los activos fondo educacion ley 23906,impuesto sobre los activos fondo educacion ley 23906,0.0017,18.0,True
2024,corrientes,i.v.a.ley 23966 art 5 punto 2,i.v.a.ley 23966 art 5 punto 2,13910.6693,18.0,True
2024,corrientes,impuesto a los combustibles liquidos ley 23966 y 24699,obras de infraestructura,2487.0608,18.0,True
2024,corrientes,impuesto a los combustibles liquidos ley 23966 y 24699,vialidad provincial,4134.7482,18.0,True
2024,corrientes,impuesto a los combustibles liquidos ley 23966 y 24699,f.e.d.e.i.,829.7795631,18.0,True
2024,corrientes,impuesto a los combustibles liquidos ley 23966 y 24699,ley 24464 fo.na.vi,16166.0203,18.0,True
2024,corrientes,regimen de energia electrica ley 24065,fondo para compensaciones de tarifa electrica,2148.1964,18.0,True
2024,corrientes,regimen de energia electrica ley 24065,f.e.d.e.i.,1494.125892,18.0,True
2024,corrientes,fondo compensador de desequilibrios,fondo compensador de desequilibrios,18.0,18.0,True
2024,corrientes,regimen simplificado para pequeños contribuyentes ley 24977 art 59 inciso a,regimen simplificado para pequeños contribuyentes ley 24977 art 59 inciso a,2430.1814,18.0,True
2024,corrientes,consenso fiscal ley 27429 compensacion,consenso fiscal ley 27429 compensacion,31172.51937,18.0,True
2024,chaco,coparticipacion federal de impuestos neta ley 26075,coparticipacion federal de impuestos neta ley 26075,1726829.148,22.0,True
2024,chaco,financiamiento educativo ley 26075,financiamiento educativo ley 26075,138608.0061,22.0,True
2024,chaco,transferencia de servicios ley 24049,transferencia de servicios ley 24049,33.6,22.0,True
2024,chaco,impuesto sobre los bienes personales,ley 24699,59553.3272,22.0,True
2024,chaco,impuesto sobre los bienes personales,ley 23966 art 30,5357.8751,22.0,True
2024,chaco,impuesto sobre los activos fondo educacion ley 23906,impuesto sobre los activos fondo educacion ley 23906,0.0022,22.0,True
2024,chaco,i.v.a.ley 23966 art 5 punto 2,i.v.a.ley 23966 art 5 punto 2,10936.1482,22.0,True
2024,chaco,impuesto a los combustibles liquidos ley 23966 y 24699,obras de infraestructura,3337.5825,22.0,True
2024,chaco,impuesto a los combustibles liquidos ley 23966 y 24699,vialidad provincial,4436.6317,22.0,True
2024,chaco,impuesto a los combustibles liquidos ley 23966 y 24699,f.e.d.e.i.,881.2976845,22.0,True
2024,chaco,impuesto a los combustibles liquidos ley 23966 y 24699,ley 24464 fo.na.vi,15022.9682,22.0,True
2024,chaco,regimen de energia electrica ley 24065,fondo para compensaciones de tarifa electrica,2252.4008,22.0,True
2024,chaco,regimen de energia electrica ley 24065,f.e.d.e.i.,1586.890962,22.0,True
2024,chaco,fondo compensador de desequilibrios,fondo compensador de desequilibrios,6.0,22.0,True
2024,chaco,regimen simplificado para pequeños contribuyentes ley 24977 art 59 inciso a,regimen simplificado para pequeños contribuyentes ley 24977 art 59 inciso a,3261.2513,22.0,True
2024,chaco,consenso fiscal ley 27429 compensacion,consenso fiscal ley 27429 compensacion,38042.05361,22.0,True
2024,chubut,coparticipacion federal de impuestos neta ley 26075,coparticipacion federal de impuestos neta ley 26075,533947.5365,26.0,True
2024,chubut,financiamiento educativo ley 26075,financiamiento educativo ley 26075,57434.2567,26.0,True
2024,chubut,transferencia de servicios ley 24049,transferencia de servicios ley 24049,24.2004,26.0,True
2024,chubut,impuesto sobre los bienes personales,ley 24699,18879.6249,26.0,True
2024,chubut,impuesto sobre los bienes personales,ley 23966 art 30,2095.9002,26.0,True
2024,chubut,impuesto sobre los activos fondo educacion ley 23906,impuesto sobre los activos fondo educacion ley 23906,0.001,26.0,True
2024,chubut,i.v.a.ley 23966 art 5 punto 2,i.v.a.ley 23966 art 5 punto 2,4278.0161,26.0,True
2024,chubut,impuesto a los combustibles liquidos ley 23966 y 24699,obras de infraestructura,1058.0979,26.0,True
2024,chubut,impuesto a los combustibles liquidos ley 23966 y 24699,vialidad provincial,3609.0018,26.0,True
2024,chubut,impuesto a los combustibles liquidos ley 23966 y 24699,f.e.d.e.i.,924.0256079,26.0,True
2024,chubut,impuesto a los combustibles liquidos ley 23966 y 24699,ley 24464 fo.na.vi,10450.7604,26.0,True
2024,chubut,regimen de energia electrica ley 24065,fondo para compensaciones de tarifa electrica,3033.4749,26.0,True
2024,chubut,regimen de energia electrica ley 24065,f.e.d.e.i.,1663.828139,26.0,True
2024,chubut,fondo compensador de desequilibrios,fondo compensador de desequilibrios,36.0,26.0,True
2024,chubut,regimen simplificado para pequeños contribuyentes ley 24977 art 59 inciso a,regimen simplificado para pequeños contribuyentes ley 24977 art 59 inciso a,1033.899,26.0,True
2024,chubut,consenso fiscal ley 27429 compensacion,consenso fiscal ley 27429 compensacion,7258.956779,26.0,True
2024,entre rios,coparticipacion federal de impuestos neta ley 26075,coparticipacion federal de impuestos neta ley 26075,1705211.685,30.0,True
2024,entre rios,financiamiento educativo ley 26075,financiamiento educativo ley 26075,120611.9391,30.0,True
2024,entre rios,transferencia de servicios ley 24049,transferencia de servicios ley 24049,67.4988,30.0,True
2024,entre rios,impuesto sobre los bienes personales,ley 24699,58288.6811,30.0,True
2024,entre rios,impuesto sobre los bienes personales,ley 23966 art 30,9249.7161,30.0,True
2024,entre rios,impuesto sobre los activos fondo educacion ley 23906,impuesto sobre los activos fondo educacion ley 23906,0.0018,30.0,True
2024,entre rios,i.v.a.ley 23966 art 5 punto 2,i.v.a.ley 23966 art 5 punto 2,18879.9218,30.0,True
2024,entre rios,impuesto a los combustibles liquidos ley 23966 y 24699,obras de infraestructura,3266.6548,30.0,True
2024,entre rios,impuesto a los combustibles liquidos ley 23966 y 24699,vialidad provincial,5944.8306,30.0,True
2024,entre rios,impuesto a los combustibles liquidos ley 23966 y 24699,f.e.d.e.i.,758.4428534,30.0,True
2024,entre rios,impuesto a los combustibles liquidos ley 23966 y 24699,ley 24464 fo.na.vi,12736.8644,30.0,True
2024,entre rios,regimen de energia electrica ley 24065,fondo para compensaciones de tarifa electrica,2148.4422,30.0,True
2024,entre rios,regimen de energia electrica ley 24065,f.e.d.e.i.,1365.67488,30.0,True
2024,entre rios,fondo compensador de desequilibrios,fondo compensador de desequilibrios,21.6,30.0,True
2024,entre rios,regimen simplificado para pequeños contribuyentes ley 24977 art 59 inciso a,regimen simplificado para pequeños contribuyentes ley 24977 art 59 inciso a,3191.9461,30.0,True
2024,entre rios,consenso fiscal ley 27429 compensacion,consenso fiscal ley 27429 compensacion,17637.06969,30.0,True
2024,formosa,coparticipacion federal de impuestos neta ley 26075,coparticipacion federal de impuestos neta ley 26075,1280091.201,34.0,True
2024,formosa,financiamiento educativo ley 26075,financiamiento educativo ley 26075,81173.7493,34.0,True
2024,formosa,transferencia de servicios ley 24049,transferencia de servicios ley 24049,20.7012,34.0,True
2024,formosa,impuesto sobre los bienes personales,ley 24699,43457.8334,34.0,True
2024,formosa,impuesto sobre los bienes personales,ley 23966 art 30,2495.8027,34.0,True
2024,formosa,impuesto sobre los activos fondo educacion ley 23906,impuesto sobre los activos fondo educacion ley 23906,0.0012,34.0,True
2024,formosa,i.v.a.ley 23966 art 5 punto 2,i.v.a.ley 23966 art 5 punto 2,5094.2713,34.0,True
2024,formosa,impuesto a los combustibles liquidos ley 23966 y 24699,obras de infraestructura,2435.5385,34.0,True
2024,formosa,impuesto a los combustibles liquidos ley 23966 y 24699,vialidad provincial,2756.2474,34.0,True
2024,formosa,impuesto a los combustibles liquidos ley 23966 y 24699,f.e.d.e.i.,1018.385075,34.0,True
2024,formosa,impuesto a los combustibles liquidos ley 23966 y 24699,ley 24464 fo.na.vi,13063.4507,34.0,True
2024,formosa,regimen de energia electrica ley 24065,fondo para compensaciones de tarifa electrica,2327.0923,34.0,True
2024,formosa,regimen de energia electrica ley 24065,f.e.d.e.i.,1833.734616,34.0,True
2024,formosa,fondo compensador de desequilibrios,fondo compensador de desequilibrios,26.4,34.0,True
2024,formosa,regimen simplificado para pequeños contribuyentes ley 24977 art 59 inciso a,regimen simplificado para pequeños contribuyentes ley 24977 art 59 inciso a,2379.8375,34.0,True
2024,formosa,consenso fiscal ley 27429 compensacion,consenso fiscal ley 27429 compensacion,18789.08151,34.0,True
2024,jujuy,coparticipacion federal de impuestos neta ley 26075,coparticipacion federal de impuestos neta ley 26075,984252.2688,38.0,True
2024,jujuy,financiamiento educativo ley 26075,financiamiento educativo ley 26075,78110.589,38.0,True
2024,jujuy,transferencia de servicios ley 24049,transferencia de servicios ley 24049,33.3,38.0,True
2024,jujuy,impuesto sobre los bienes personales,ley 24699,33915.5048,38.0,True
2024,jujuy,impuesto sobre los activos fondo educacion ley 23906,impuesto sobre los activos fondo educacion ley 23906,0.0011,38.0,True
2024,jujuy,impuesto a los combustibles liquidos ley 23966 y 24699,obras de infraestructura,1900.7088,38.0,True
2024,jujuy,impuesto a los combustibles liquidos ley 23966 y 24699,vialidad provincial,2883.8061,38.0,True
2024,jujuy,impuesto a los combustibles liquidos ley 23966 y 24699,f.e.d.e.i.,821.8003317,38.0,True
2024,jujuy,impuesto a los combustibles liquidos ley 23966 y 24699,ley 24464 fo.na.vi,9797.5879,38.0,True
2024,jujuy,regimen de energia electrica ley 24065,fondo para compensaciones de tarifa electrica,2277.8516,38.0,True
2024,jujuy,regimen de energia electrica ley 24065,f.e.d.e.i.,1479.75825,38.0,True
2024,jujuy,fondo compensador de desequilibrios,fondo compensador de desequilibrios,26.4,38.0,True
2024,jujuy,regimen simplificado para pequeños contribuyentes ley 24977 art 59 inciso a,regimen simplificado para pequeños contribuyentes ley 24977 art 59 inciso a,1857.2392,38.0,True
2024,jujuy,consenso fiscal ley 27429 compensacion,consenso fiscal ley 27429 compensacion,18156.06444,38.0,True
2024,la pampa,coparticipacion federal de impuestos neta ley 26075,coparticipacion federal de impuestos neta ley 26075,675741.905,42.0,True
2024,la pampa,financiamiento educativo ley 26075,financiamiento educativo ley 26075,40203.9797,42.0,True
2024,la pampa,transferencia de servicios ley 24049,transferencia de servicios ley 24049,19.2,42.0,True
2024,la pampa,impuesto sobre los bienes personales,ley 24699,22852.9296,42.0,True
2024,la pampa,impuesto sobre los bienes personales,ley 23966 art 30,1840.4779,42.0,True
2024,la pampa,impuesto sobre los activos fondo educacion ley 23906,impuesto sobre los activos fondo educacion ley 23906,0.0009,42.0,True
2024,la pampa,i.v.a.ley 23966 art 5 punto 2,i.v.a.ley 23966 art 5 punto 2,3757.6554,42.0,True
2024,la pampa,impuesto a los combustibles liquidos ley 23966 y 24699,obras de infraestructura,1280.7492,42.0,True
2024,la pampa,impuesto a los combustibles liquidos ley 23966 y 24699,vialidad provincial,3525.3653,42.0,True
2024,la pampa,impuesto a los combustibles liquidos ley 23966 y 24699,f.e.d.e.i.,729.5297185,42.0,True
2024,la pampa,impuesto a los combustibles liquidos ley 23966 y 24699,ley 24464 fo.na.vi,6658.2543,42.0,True
2024,la pampa,regimen de energia electrica ley 24065,fondo para compensaciones de tarifa electrica,2962.4664,42.0,True
2024,la pampa,regimen de energia electrica ley 24065,f.e.d.e.i.,1313.613024,42.0,True
2024,la pampa,fondo compensador de desequilibrios,fondo compensador de desequilibrios,30.0,42.0,True
2024,la pampa,regimen simplificado para pequeños contribuyentes ley 24977 art 59 inciso a,regimen simplificado para pequeños contribuyentes ley 24977 art 59 inciso a,1251.4543,42.0,True
2024,la rioja,coparticipacion federal de impuestos neta ley 26075,coparticipacion federal de impuestos neta ley 26075,727168.3655,46.0,True
2024,la rioja,financiamiento educativo ley 26075,financiamiento educativo ley 26075,47096.0905,46.0,True
2024,la rioja,transferencia de servicios ley 24049,transferencia de servicios ley 24049,20.2992,46.0,True
2024,la rioja,impuesto sobre los bienes personales,ley 24699,24718.0797,46.0,True
2024,la rioja,impuesto sobre los activos fondo educacion ley 23906,impuesto sobre los activos fondo educacion ley 23906,0.0009,46.0,True
2024,la rioja,impuesto a los combustibles liquidos ley 23966 y 24699,obras de infraestructura,1385.2841,46.0,True
2024,la rioja,impuesto a los combustibles liquidos ley 23966 y 24699,vialidad provincial,2940.9281,46.0,True
2024,la rioja,impuesto a los combustibles liquidos ley 23966 y 24699,f.e.d.e.i.,961.1712831,46.0,True
2024,la rioja,impuesto a los combustibles liquidos ley 23966 y 24699,ley 24464 fo.na.vi,6531.7254,46.0,True
2024,la rioja,regimen de energia electrica ley 24065,fondo para compensaciones de tarifa electrica,2545.524,46.0,True
2024,la rioja,regimen de energia electrica ley 24065,f.e.d.e.i.,1730.713752,46.0,True
2024,la rioja,fondo compensador de desequilibrios,fondo compensador de desequilibrios,26.4,46.0,True
2024,la rioja,regimen simplificado para pequeños contribuyentes ley 24977 art 59 inciso a,regimen simplificado para pequeños contribuyentes ley 24977 art 59 inciso a,1353.6024,46.0,True
2024,la rioja,consenso fiscal ley 27429 compensacion,consenso fiscal ley 27429 compensacion,5712.537661,46.0,True
2024,mendoza,coparticipacion federal de impuestos neta ley 26075,coparticipacion federal de impuestos neta ley 26075,1383200.881,50.0,True
2024,mendoza,financiamiento educativo ley 26075,financiamiento educativo ley 26075,176131.7205,50.0,True
2024,mendoza,transferencia de servicios ley 24049,transferencia de servicios ley 24049,61.6992,50.0,True
2024,mendoza,impuesto sobre los bienes personales,ley 24699,49781.0629,50.0,True
2024,mendoza,impuesto sobre los activos fondo educacion ley 23906,impuesto sobre los activos fondo educacion ley 23906,0.0019,50.0,True
2024,mendoza,impuesto a los combustibles liquidos ley 23966 y 24699,obras de infraestructura,2789.9058,50.0,True
2024,mendoza,impuesto a los combustibles liquidos ley 23966 y 24699,vialidad provincial,5831.8984,50.0,True
2024,mendoza,impuesto a los combustibles liquidos ley 23966 y 24699,f.e.d.e.i.,746.0552906,50.0,True
2024,mendoza,impuesto a los combustibles liquidos ley 23966 y 24699,ley 24464 fo.na.vi,13063.4507,50.0,True
2024,mendoza,regimen de energia electrica ley 24065,fondo para compensaciones de tarifa electrica,1729.8148,50.0,True
2024,mendoza,regimen de energia electrica ley 24065,f.e.d.e.i.,1343.369464,50.0,True
2024,mendoza,fondo compensador de desequilibrios,fondo compensador de desequilibrios,26.4,50.0,True
2024,mendoza,regimen simplificado para pequeños contribuyentes ley 24977 art 59 inciso a,regimen simplificado para pequeños contribuyentes ley 24977 art 59 inciso a,2726.1003,50.0,True
2024,mendoza,consenso fiscal ley 27429 compensacion,consenso fiscal ley 27429 compensacion,26613.26048,50.0,True
2024,misiones,coparticipacion federal de impuestos neta ley 26075,coparticipacion federal de impuestos neta ley 26075,1088573.097,54.0,True
2024,misiones,financiamiento educativo ley 26075,financiamiento educativo ley 26075,146648.8022,54.0,True
2024,misiones,transferencia de servicios ley 24049,transferencia de servicios ley 24049,34.1004,54.0,True
2024,misiones,impuesto sobre los bienes personales,ley 24699,39433.9599,54.0,True
2024,misiones,impuesto sobre los bienes personales,ley 23966 art 30,2926.0574,54.0,True
2024,misiones,impuesto sobre los activos fondo educacion ley 23906,impuesto sobre los activos fondo educacion ley 23906,0.0014,54.0,True
2024,misiones,i.v.a.ley 23966 art 5 punto 2,i.v.a.ley 23966 art 5 punto 2,5972.4792,54.0,True
2024,misiones,impuesto a los combustibles liquidos ley 23966 y 24699,obras de infraestructura,2209.977,54.0,True
2024,misiones,impuesto a los combustibles liquidos ley 23966 y 24699,vialidad provincial,4534.1655,54.0,True
2024,misiones,impuesto a los combustibles liquidos ley 23966 y 24699,f.e.d.e.i.,965.0143955,54.0,True
2024,misiones,impuesto a los combustibles liquidos ley 23966 y 24699,ley 24464 fo.na.vi,15349.5546,54.0,True
2024,misiones,regimen de energia electrica ley 24065,fondo para compensaciones de tarifa electrica,1980.3511,54.0,True
2024,misiones,regimen de energia electrica ley 24065,f.e.d.e.i.,1737.633775,54.0,True
2024,misiones,fondo compensador de desequilibrios,fondo compensador de desequilibrios,26.4,54.0,True
2024,misiones,regimen simplificado para pequeños contribuyentes ley 24977 art 59 inciso a,regimen simplificado para pequeños contribuyentes ley 24977 art 59 inciso a,2159.4346,54.0,True
2024,misiones,consenso fiscal ley 27429 compensacion,consenso fiscal ley 27429 compensacion,35092.13116,54.0,True
2024,neuquen,coparticipacion federal de impuestos neta ley 26075,coparticipacion federal de impuestos neta ley 26075,583909.3162,58.0,True
2024,neuquen,financiamiento educativo ley 26075,financiamiento educativo ley 26075,65092.1577,58.0,True
2024,neuquen,transferencia de servicios ley 24049,transferencia de servicios ley 24049,17.3988,58.0,True
2024,neuquen,impuesto sobre los bienes personales,ley 24699,20719.1098,58.0,True
2024,neuquen,impuesto sobre los bienes personales,ley 23966 art 30,1315.9301,58.0,True
2024,neuquen,impuesto sobre los activos fondo educacion ley 23906,impuesto sobre los activos fondo educacion ley 23906,0.0012,58.0,True
2024,neuquen,i.v.a.ley 23966 art 5 punto 2,i.v.a.ley 23966 art 5 punto 2,2685.9913,58.0,True
2024,neuquen,impuesto a los combustibles liquidos ley 23966 y 24699,obras de infraestructura,1161.1421,58.0,True
2024,neuquen,impuesto a los combustibles liquidos ley 23966 y 24699,vialidad provincial,4331.1668,58.0,True
2024,neuquen,impuesto a los combustibles liquidos ley 23966 y 24699,f.e.d.e.i.,856.9516717,58.0,True
2024,neuquen,impuesto a los combustibles liquidos ley 23966 y 24699,ley 24464 fo.na.vi,14043.2096,58.0,True
2024,neuquen,regimen de energia electrica ley 24065,fondo para compensaciones de tarifa electrica,2457.2932,58.0,True
2024,neuquen,regimen de energia electrica ley 24065,f.e.d.e.i.,1543.052804,58.0,True
2024,neuquen,fondo compensador de desequilibrios,fondo compensador de desequilibrios,30.0,58.0,True
2024,neuquen,regimen simplificado para pequeños contribuyentes ley 24977 art 59 inciso a,regimen simplificado para pequeños contribuyentes ley 24977 art 59 inciso a,1134.5869,58.0,True
2024,neuquen,consenso fiscal ley 27429 compensacion,consenso fiscal ley 27429 compensacion,9754.2743,58.0,True
2024,rio negro,coparticipacion federal de impuestos neta ley 26075,coparticipacion federal de impuestos neta ley 26075,873069.579,62.0,True
2024,rio negro,financiamiento educativo ley 26075,financiamiento educativo ley 26075,70452.6882,62.0,True
2024,rio negro,transferencia de servicios ley 24049,transferencia de servicios ley 24049,14.6004,62.0,True
2024,rio negro,impuesto sobre los bienes personales,ley 24699,30121.5672,62.0,True
2024,rio negro,impuesto sobre los activos fondo educacion ley 23906,impuesto sobre los activos fondo educacion ley 23906,0.0014,62.0,True
2024,rio negro,impuesto a los combustibles liquidos ley 23966 y 24699,obras de infraestructura,1688.129,62.0,True
2024,rio negro,impuesto a los combustibles liquidos ley 23966 y 24699,vialidad provincial,3490.472,62.0,True
2024,rio negro,impuesto a los combustibles liquidos ley 23966 y 24699,f.e.d.e.i.,796.2614986,62.0,True
2024,rio negro,impuesto a los combustibles liquidos ley 23966 y 24699,ley 24464 fo.na.vi,14696.3819,62.0,True
2024,rio negro,regimen de energia electrica ley 24065,fondo para compensaciones de tarifa electrica,1726.178,62.0,True
2024,rio negro,regimen de energia electrica ley 24065,f.e.d.e.i.,1433.772263,62.0,True
2024,rio negro,fondo compensador de desequilibrios,fondo compensador de desequilibrios,30.0,62.0,True
2024,rio negro,regimen simplificado para pequeños contribuyentes ley 24977 art 59 inciso a,regimen simplificado para pequeños contribuyentes ley 24977 art 59 inciso a,1649.521,62.0,True
2024,rio negro,consenso fiscal ley 27429 compensacion,consenso fiscal ley 27429 compensacion,9148.536053,62.0,True
2024,salta,coparticipacion federal de impuestos neta ley 26075,coparticipacion federal de impuestos neta ley 26075,1288172.329,66.0,True
2024,salta,financiamiento educativo ley 26075,financiamiento educativo ley 26075,145117.2217,66.0,True
2024,salta,transferencia de servicios ley 24049,transferencia de servicios ley 24049,39.8004,66.0,True
2024,salta,impuesto sobre los bienes personales,ley 24699,45757.1897,66.0,True
2024,salta,impuesto sobre los activos fondo educacion ley 23906,impuesto sobre los activos fondo educacion ley 23906,0.0019,66.0,True
2024,salta,impuesto a los combustibles liquidos ley 23966 y 24699,obras de infraestructura,2564.4117,66.0,True
2024,salta,impuesto a los combustibles liquidos ley 23966 y 24699,vialidad provincial,4510.6275,66.0,True
2024,salta,impuesto a los combustibles liquidos ley 23966 y 24699,f.e.d.e.i.,814.6093827,66.0,True
2024,salta,impuesto a los combustibles liquidos ley 23966 y 24699,ley 24464 fo.na.vi,13063.4507,66.0,True
2024,salta,regimen de energia electrica ley 24065,fondo para compensaciones de tarifa electrica,2563.0539,66.0,True
2024,salta,regimen de energia electrica ley 24065,f.e.d.e.i.,1466.810012,66.0,True
2024,salta,fondo compensador de desequilibrios,fondo compensador de desequilibrios,30.0,66.0,True
2024,salta,regimen simplificado para pequeños contribuyentes ley 24977 art 59 inciso a,regimen simplificado para pequeños contribuyentes ley 24977 art 59 inciso a,2505.7633,66.0,True
2024,salta,consenso fiscal ley 27429 compensacion,consenso fiscal ley 27429 compensacion,49416.14501,66.0,True
2024,san juan,coparticipacion federal de impuestos neta ley 26075,coparticipacion federal de impuestos neta ley 26075,1168690.874,70.0,True
2024,san juan,financiamiento educativo ley 26075,financiamiento educativo ley 26075,95340.8661,70.0,True
2024,san juan,transferencia de servicios ley 24049,transferencia de servicios ley 24049,30.0996,70.0,True
2024,san juan,impuesto sobre los bienes personales,ley 24699,40353.7023,70.0,True
2024,san juan,impuesto sobre los activos fondo educacion ley 23906,impuesto sobre los activos fondo educacion ley 23906,0.0011,70.0,True
2024,san juan,impuesto a los combustibles liquidos ley 23966 y 24699,obras de infraestructura,2261.5667,70.0,True
2024,san juan,impuesto a los combustibles liquidos ley 23966 y 24699,vialidad provincial,3250.4802,70.0,True
2024,san juan,impuesto a los combustibles liquidos ley 23966 y 24699,f.e.d.e.i.,754.6734653,70.0,True
2024,san juan,impuesto a los combustibles liquidos ley 23966 y 24699,ley 24464 fo.na.vi,11920.3989,70.0,True
2024,san juan,regimen de energia electrica ley 24065,fondo para compensaciones de tarifa electrica,1724.1128,70.0,True
2024,san juan,regimen de energia electrica ley 24065,f.e.d.e.i.,1358.887607,70.0,True
2024,san juan,fondo compensador de desequilibrios,fondo compensador de desequilibrios,26.4,70.0,True
2024,san juan,regimen simplificado para pequeños contribuyentes ley 24977 art 59 inciso a,regimen simplificado para pequeños contribuyentes ley 24977 art 59 inciso a,2209.8443,70.0,True
2024,san juan,consenso fiscal ley 27429 compensacion,consenso fiscal ley 27429 compensacion,11512.58498,70.0,True
2024,san luis,coparticipacion federal de impuestos neta ley 26075,coparticipacion federal de impuestos neta ley 26075,797971.7348,74.0,True
2024,san luis,financiamiento educativo ley 26075,financiamiento educativo ley 26075,55519.7814,74.0,True
2024,san luis,transferencia de servicios ley 24049,transferencia de servicios ley 24049,18.9012,74.0,True
2024,san luis,impuesto sobre los bienes personales,ley 24699,27247.3718,74.0,True
2024,san luis,impuesto sobre los activos fondo educacion ley 23906,impuesto sobre los activos fondo educacion ley 23906,0.0009,74.0,True
2024,san luis,impuesto a los combustibles liquidos ley 23966 y 24699,obras de infraestructura,1527.0038,74.0,True
2024,san luis,impuesto a los combustibles liquidos ley 23966 y 24699,vialidad provincial,2822.0685,74.0,True
2024,san luis,impuesto a los combustibles liquidos ley 23966 y 24699,f.e.d.e.i.,739.2953448,74.0,True
2024,san luis,impuesto a los combustibles liquidos ley 23966 y 24699,ley 24464 fo.na.vi,11920.3989,74.0,True
2024,san luis,regimen de energia electrica ley 24065,fondo para compensaciones de tarifa electrica,1965.6013,74.0,True
2024,san luis,regimen de energia electrica ley 24065,f.e.d.e.i.,1331.197303,74.0,True
2024,san luis,fondo compensador de desequilibrios,fondo compensador de desequilibrios,26.4,74.0,True
2024,san luis,regimen simplificado para pequeños contribuyentes ley 24977 art 59 inciso a,regimen simplificado para pequeños contribuyentes ley 24977 art 59 inciso a,1492.081,74.0,True
2024,santa cruz,coparticipacion federal de impuestos neta ley 26075,coparticipacion federal de impuestos neta ley 26075,560750.1897,78.0,True
2024,santa cruz,financiamiento educativo ley 26075,financiamiento educativo ley 26075,30631.6037,78.0,True
2024,santa cruz,transferencia de servicios ley 24049,transferencia de servicios ley 24049,8.4996,78.0,True
2024,santa cruz,impuesto sobre los bienes personales,ley 24699,18879.6249,78.0,True
2024,santa cruz,impuesto sobre los bienes personales,ley 23966 art 30,1706.2507,78.0,True
2024,santa cruz,impuesto sobre los activos fondo educacion ley 23906,impuesto sobre los activos fondo educacion ley 23906,0.0009,78.0,True
2024,santa cruz,i.v.a.ley 23966 art 5 punto 2,i.v.a.ley 23966 art 5 punto 2,3482.6884,78.0,True
2024,santa cruz,impuesto a los combustibles liquidos ley 23966 y 24699,obras de infraestructura,1058.0979,78.0,True
2024,santa cruz,impuesto a los combustibles liquidos ley 23966 y 24699,vialidad provincial,3043.7992,78.0,True
2024,santa cruz,impuesto a los combustibles liquidos ley 23966 y 24699,f.e.d.e.i.,1040.230134,78.0,True
2024,santa cruz,impuesto a los combustibles liquidos ley 23966 y 24699,ley 24464 fo.na.vi,10450.7604,78.0,True
2024,santa cruz,regimen de energia electrica ley 24065,fondo para compensaciones de tarifa electrica,5262.024,78.0,True
2024,santa cruz,regimen de energia electrica ley 24065,f.e.d.e.i.,1873.069484,78.0,True
2024,santa cruz,fondo compensador de desequilibrios,fondo compensador de desequilibrios,36.0,78.0,True
2024,santa cruz,regimen simplificado para pequeños contribuyentes ley 24977 art 59 inciso a,regimen simplificado para pequeños contribuyentes ley 24977 art 59 inciso a,1033.899,78.0,True
2024,santa cruz,consenso fiscal ley 27429 compensacion,consenso fiscal ley 27429 compensacion,1613.827164,78.0,True
2024,santa fe,coparticipacion federal de impuestos neta ley 26075,coparticipacion federal de impuestos neta ley 26075,3149862.637,82.0,True
2024,santa fe,financiamiento educativo ley 26075,financiamiento educativo ley 26075,257305.4699,82.0,True
2024,santa fe,transferencia de servicios ley 24049,transferencia de servicios ley 24049,135.4896,82.0,True
2024,santa fe,impuesto sobre los bienes personales,ley 24699,108756.5056,82.0,True
2024,santa fe,impuesto sobre los bienes personales,ley 23966 art 30,23457.5914,82.0,True
2024,santa fe,impuesto sobre los activos fondo educacion ley 23906,impuesto sobre los activos fondo educacion ley 23906,0.0037,82.0,True
2024,santa fe,i.v.a.ley 23966 art 5 punto 2,i.v.a.ley 23966 art 5 punto 2,47892.7514,82.0,True
2024,santa fe,impuesto a los combustibles liquidos ley 23966 y 24699,obras de infraestructura,6125.1048,82.0,True
2024,santa fe,impuesto a los combustibles liquidos ley 23966 y 24699,vialidad provincial,12133.1913,82.0,True
2024,santa fe,impuesto a los combustibles liquidos ley 23966 y 24699,f.e.d.e.i.,655.4368564,82.0,True
2024,santa fe,impuesto a los combustibles liquidos ley 23966 y 24699,ley 24464 fo.na.vi,18809.5684,82.0,True
2024,santa fe,regimen de energia electrica ley 24065,fondo para compensaciones de tarifa electrica,1398.8202,82.0,True
2024,santa fe,regimen de energia electrica ley 24065,f.e.d.e.i.,1180.199202,82.0,True
2024,santa fe,fondo compensador de desequilibrios,fondo compensador de desequilibrios,6.0,82.0,True
2024,santa fe,regimen simplificado para pequeños contribuyentes ley 24977 art 59 inciso a,regimen simplificado para pequeños contribuyentes ley 24977 art 59 inciso a,5955.6885,82.0,True
2024,santa fe,consenso fiscal ley 27429 compensacion,consenso fiscal ley 27429 compensacion,28731.16019,82.0,True
2024,sgo. del estero,coparticipacion federal de impuestos neta ley 26075,coparticipacion federal de impuestos neta ley 26075,1417040.737,86.0,True
2024,sgo. del estero,financiamiento educativo ley 26075,financiamiento educativo ley 26075,127886.945,86.0,True
2024,sgo. del estero,transferencia de servicios ley 24049,transferencia de servicios ley 24049,31.5996,86.0,True
2024,sgo. del estero,impuesto sobre los bienes personales,ley 24699,49321.1919,86.0,True
2024,sgo. del estero,impuesto sobre los activos fondo educacion ley 23906,impuesto sobre los activos fondo educacion ley 23906,0.0018,86.0,True
2024,sgo. del estero,impuesto a los combustibles liquidos ley 23966 y 24699,obras de infraestructura,2764.1446,86.0,True
2024,sgo. del estero,impuesto a los combustibles liquidos ley 23966 y 24699,vialidad provincial,4289.4851,86.0,True
2024,sgo. del estero,impuesto a los combustibles liquidos ley 23966 y 24699,f.e.d.e.i.,873.9044664,86.0,True
2024,sgo. del estero,impuesto a los combustibles liquidos ley 23966 y 24699,ley 24464 fo.na.vi,14043.2096,86.0,True
2024,sgo. del estero,regimen de energia electrica ley 24065,fondo para compensaciones de tarifa electrica,2014.5472,86.0,True
2024,sgo. del estero,regimen de energia electrica ley 24065,f.e.d.e.i.,1573.578513,86.0,True
2024,sgo. del estero,fondo compensador de desequilibrios,fondo compensador de desequilibrios,26.4,86.0,True
2024,sgo. del estero,regimen simplificado para pequeños contribuyentes ley 24977 art 59 inciso a,regimen simplificado para pequeños contribuyentes ley 24977 art 59 inciso a,2700.9282,86.0,True
2024,sgo. del estero,consenso fiscal ley 27429 compensacion,consenso fiscal ley 27429 compensacion,30781.87156,86.0,True
2024,tucuman,coparticipacion federal de impuestos neta ley 26075,coparticipacion federal de impuestos neta ley 26075,1621254.875,90.0,True
2024,tucuman,financiamiento educativo ley 26075,financiamiento educativo ley 26075,157752.7585,90.0,True
2024,tucuman,transferencia de servicios ley 24049,transferencia de servicios ley 24049,55.8,90.0,True
2024,tucuman,impuesto sobre los bienes personales,ley 24699,56794.0997,90.0,True
2024,tucuman,impuesto sobre los activos fondo educacion ley 23906,impuesto sobre los activos fondo educacion ley 23906,0.0016,90.0,True
2024,tucuman,impuesto a los combustibles liquidos ley 23966 y 24699,obras de infraestructura,3182.9482,90.0,True
2024,tucuman,impuesto a los combustibles liquidos ley 23966 y 24699,vialidad provincial,4354.2788,90.0,True
2024,tucuman,impuesto a los combustibles liquidos ley 23966 y 24699,f.e.d.e.i.,673.0966477,90.0,True
2024,tucuman,impuesto a los combustibles liquidos ley 23966 y 24699,ley 24464 fo.na.vi,13716.6233,90.0,True
2024,tucuman,regimen de energia electrica ley 24065,fondo para compensaciones de tarifa electrica,1705.9992,90.0,True
2024,tucuman,regimen de energia electrica ley 24065,f.e.d.e.i.,1211.99795,90.0,True
2024,tucuman,fondo compensador de desequilibrios,fondo compensador de desequilibrios,26.4,90.0,True
2024,tucuman,regimen simplificado para pequeños contribuyentes ley 24977 art 59 inciso a,regimen simplificado para pequeños contribuyentes ley 24977 art 59 inciso a,3110.1537,90.0,True
2024,tucuman,consenso fiscal ley 27429 compensacion,consenso fiscal ley 27429 compensacion,37467.13996,90.0,True
2024,tierra del fuego,coparticipacion federal de impuestos neta ley 26075,coparticipacion federal de impuestos neta ley 26075,446260.1659,94.0,True
2024,tierra del fuego,financiamiento educativo ley 26075,financiamiento educativo ley 26075,14932.9067,94.0,True
2024,tierra del fuego,transferencia de servicios ley 24049,transferencia de servicios ley 24049,12.0,94.0,True
2024,tierra del fuego,impuesto sobre los bienes personales,ley 24699,14723.2838,94.0,True
2024,tierra del fuego,impuesto sobre los bienes personales,ley 23966 art 30,151.3477,94.0,True
2024,tierra del fuego,impuesto sobre los activos fondo educacion ley 23906,impuesto sobre los activos fondo educacion ley 23906,0.0004,94.0,True
2024,tierra del fuego,i.v.a.ley 23966 art 5 punto 2,i.v.a.ley 23966 art 5 punto 2,308.9211,94.0,True
2024,tierra del fuego,impuesto a los combustibles liquidos ley 23966 y 24699,obras de infraestructura,825.1663,94.0,True
2024,tierra del fuego,impuesto a los combustibles liquidos ley 23966 y 24699,vialidad provincial,2249.607,94.0,True
2024,tierra del fuego,impuesto a los combustibles liquidos ley 23966 y 24699,f.e.d.e.i.,764.9778457,94.0,True
2024,tierra del fuego,impuesto a los combustibles liquidos ley 23966 y 24699,ley 24464 fo.na.vi,8654.5361,94.0,True
2024,tierra del fuego,regimen de energia electrica ley 24065,fondo para compensaciones de tarifa electrica,1377.5773,94.0,True
2024,tierra del fuego,regimen de energia electrica ley 24065,f.e.d.e.i.,1377.441982,94.0,True
2024,tierra del fuego,fondo compensador de desequilibrios,fondo compensador de desequilibrios,36.0,94.0,True
2024,tierra del fuego,regimen simplificado para pequeños contribuyentes ley 24977 art 59 inciso a,regimen simplificado para pequeños contribuyentes ley 24977 art 59 inciso a,806.2947,94.0,True
2024,tierra del fuego,consenso fiscal ley 27429 compensacion,consenso fiscal ley 27429 compensacion,829.392597,94.0,True
2024,c.a.b.a,coparticipacion federal de impuestos neta ley 26075,coparticipacion federal de impuestos neta ley 26075,726367.8828,2.0,True
2024,c.a.b.a,financiamiento educativo ley 26075,financiamiento educativo ley 26075,196042.2628,2.0,True
2024,c.a.b.a,impuesto sobre los activos fondo educacion ley 23906,impuesto sobre los activos fondo educacion ley 23906,0.0015,2.0,True
2024,c.a.b.a,impuesto a los combustibles liquidos ley 23966 y 24699,ley 24464 fo.na.vi,4245.6214,2.0,True
2024,tesoro nacional,coparticipacion federal de impuestos neta ley 26075,coparticipacion federal de impuestos neta ley 26075,26512703.05,,False
2024,tesoro nacional,impuesto sobre los bienes personales,ley 24699,875825.0526,,False
2024,tesoro nacional,impuesto sobre los activos fondo educacion ley 23906,impuesto sobre los activos fondo educacion ley 23906,0.0235,,False
2024,tesoro nacional,impuesto a los combustibles liquidos ley 23966 y 24699,vialidad provincial,225381.3659,,False
2024,tesoro nacional,consenso fiscal ley 27429 compensacion,consenso fiscal ley 27429 compensacion,-1000357.59,,False
2024,seguridad social,i.v.a.ley 23966 art 5 punto 2,i.v.a.ley 23966 art 5 punto 2,4293173.58,,False
2024,seguridad social,regimen simplificado para pequeños contribuyentes ley 24977 art 59 inciso a,regimen simplificado para pequeños contribuyentes ley 24977 art 59 inciso a,154158.7971,,False
2024,fondo a.t.n.,coparticipacion federal de impuestos neta ley 26075,coparticipacion federal de impuestos neta ley 26075,658864.3901,,False
2024,fondo a.t.n.,impuesto sobre los bienes personales,ley 24699,21033.2625,,False
2025,buenos aires,coparticipacion federal de impuestos neta ley 26075,coparticipacion federal de impuestos neta ley 26075,8834740.255,6.0,True
2025,buenos aires,financiamiento educativo ley 26075,financiamiento educativo ley 26075,2754712.95,6.0,True
2025,buenos aires,transferencia de servicios ley 24049,transferencia de servicios ley 24049,420.1008,6.0,True
2025,buenos aires,impuesto sobre los bienes personales,ley 24699,226429.9841,6.0,True
2025,buenos aires,impuesto sobre los bienes personales,ley 23966 art 30,53906.3613,6.0,True
2025,buenos aires,impuesto sobre los activos fondo educacion ley 23906,impuesto sobre los activos fondo educacion ley 23906,1.0705,6.0,True
2025,buenos aires,i.v.a.ley 23966 art 5 punto 2,i.v.a.ley 23966 art 5 punto 2,182144.7578,6.0,True
2025,buenos aires,impuesto a los combustibles liquidos ley 23966 y 24699,obras de infraestructura,28974.5294,6.0,True
2025,buenos aires,impuesto a los combustibles liquidos ley 23966 y 24699,vialidad provincial,59690.1603,6.0,True
2025,buenos aires,impuesto a los combustibles liquidos ley 23966 y 24699,f.e.d.e.i.,1488.711429,6.0,True
2025,buenos aires,impuesto a los combustibles liquidos ley 23966 y 24699,ley 24464 fo.na.vi,93487.3275,6.0,True
2025,buenos aires,regimen de energia electrica ley 24065,fondo para compensaciones de tarifa electrica,3406.6327,6.0,True
2025,buenos aires,regimen de energia electrica ley 24065,f.e.d.e.i.,2167.125347,6.0,True
2025,buenos aires,regimen simplificado para pequeños contribuyentes ley 24977 art 59 inciso a,regimen simplificado para pequeños contribuyentes ley 24977 art 59 inciso a,45127.3008,6.0,True
2025,buenos aires,consenso fiscal ley 27429 compensacion,consenso fiscal ley 27429 compensacion,1405156.669,6.0,True
2025,catamarca,coparticipacion federal de impuestos neta ley 26075,coparticipacion federal de impuestos neta ley 26075,1324959.013,10.0,True
2025,catamarca,financiamiento educativo ley 26075,financiamiento educativo ley 26075,128647.3356,10.0,True
2025,catamarca,transferencia de servicios ley 24049,transferencia de servicios ley 24049,21.3996,10.0,True
2025,catamarca,impuesto sobre los bienes personales,ley 24699,28399.9647,10.0,True
2025,catamarca,impuesto sobre los activos fondo educacion ley 23906,impuesto sobre los activos fondo educacion ley 23906,0.0802,10.0,True
2025,catamarca,impuesto a los combustibles liquidos ley 23966 y 24699,obras de infraestructura,3637.9467,10.0,True
2025,catamarca,impuesto a los combustibles liquidos ley 23966 y 24699,vialidad provincial,6260.2291,10.0,True
2025,catamarca,impuesto a los combustibles liquidos ley 23966 y 24699,f.e.d.e.i.,2243.70463,10.0,True
2025,catamarca,impuesto a los combustibles liquidos ley 23966 y 24699,ley 24464 fo.na.vi,13539.5439,10.0,True
2025,catamarca,regimen de energia electrica ley 24065,fondo para compensaciones de tarifa electrica,4616.1572,10.0,True
2025,catamarca,regimen de energia electrica ley 24065,f.e.d.e.i.,3266.173067,10.0,True
2025,catamarca,fondo compensador de desequilibrios,fondo compensador de desequilibrios,26.4,10.0,True
2025,catamarca,regimen simplificado para pequeños contribuyentes ley 24977 art 59 inciso a,regimen simplificado para pequeños contribuyentes ley 24977 art 59 inciso a,5660.1753,10.0,True
2025,catamarca,consenso fiscal ley 27429 compensacion,consenso fiscal ley 27429 compensacion,16403.08895,10.0,True
2025,cordoba,coparticipacion federal de impuestos neta ley 26075,coparticipacion federal de impuestos neta ley 26075,4094323.842,14.0,True
2025,cordoba,financiamiento educativo ley 26075,financiamiento educativo ley 26075,591777.7444,14.0,True
2025,cordoba,transferencia de servicios ley 24049,transferencia de servicios ley 24049,125.3004,14.0,True
2025,cordoba,impuesto sobre los bienes personales,ley 24699,91555.1311,14.0,True
2025,cordoba,impuesto sobre los bienes personales,ley 23966 art 30,18409.2537,14.0,True
2025,cordoba,impuesto sobre los activos fondo educacion ley 23906,impuesto sobre los activos fondo educacion ley 23906,0.2963,14.0,True
2025,cordoba,i.v.a.ley 23966 art 5 punto 2,i.v.a.ley 23966 art 5 punto 2,62203.2163,14.0,True
2025,cordoba,impuesto a los combustibles liquidos ley 23966 y 24699,obras de infraestructura,11727.8198,14.0,True
2025,cordoba,impuesto a los combustibles liquidos ley 23966 y 24699,vialidad provincial,32733.5251,14.0,True
2025,cordoba,impuesto a los combustibles liquidos ley 23966 y 24699,f.e.d.e.i.,1488.711429,14.0,True
2025,cordoba,impuesto a los combustibles liquidos ley 23966 y 24699,ley 24464 fo.na.vi,36427.8206,14.0,True
2025,cordoba,regimen de energia electrica ley 24065,fondo para compensaciones de tarifa electrica,2818.013,14.0,True
2025,cordoba,regimen de energia electrica ley 24065,f.e.d.e.i.,2167.125347,14.0,True
2025,cordoba,fondo compensador de desequilibrios,fondo compensador de desequilibrios,6.0,14.0,True
2025,cordoba,regimen simplificado para pequeños contribuyentes ley 24977 art 59 inciso a,regimen simplificado para pequeños contribuyentes ley 24977 art 59 inciso a,18246.9725,14.0,True
2025,cordoba,consenso fiscal ley 27429 compensacion,consenso fiscal ley 27429 compensacion,57529.58259,14.0,True
2025,corrientes,coparticipacion federal de impuestos neta ley 26075,coparticipacion federal de impuestos neta ley 26075,1692115.903,18.0,True
2025,corrientes,financiamiento educativo ley 26075,financiamiento educativo ley 26075,269744.4136,18.0,True
2025,corrientes,transferencia de servicios ley 24049,transferencia de servicios ley 24049,38.6004,18.0,True
2025,corrientes,impuesto sobre los bienes personales,ley 24699,38330.0222,18.0,True
2025,corrientes,impuesto sobre los bienes personales,ley 23966 art 30,5886.4263,18.0,True
2025,corrientes,impuesto sobre los activos fondo educacion ley 23906,impuesto sobre los activos fondo educacion ley 23906,0.1329,18.0,True
2025,corrientes,i.v.a.ley 23966 art 5 punto 2,i.v.a.ley 23966 art 5 punto 2,19889.7064,18.0,True
2025,corrientes,impuesto a los combustibles liquidos ley 23966 y 24699,obras de infraestructura,4909.9068,18.0,True
2025,corrientes,impuesto a los combustibles liquidos ley 23966 y 24699,vialidad provincial,7979.6614,18.0,True
2025,corrientes,impuesto a los combustibles liquidos ley 23966 y 24699,f.e.d.e.i.,1884.700726,18.0,True
2025,corrientes,impuesto a los combustibles liquidos ley 23966 y 24699,ley 24464 fo.na.vi,31914.6396,18.0,True
2025,corrientes,regimen de energia electrica ley 24065,fondo para compensaciones de tarifa electrica,3945.4281,18.0,True
2025,corrientes,regimen de energia electrica ley 24065,f.e.d.e.i.,2743.569126,18.0,True
2025,corrientes,fondo compensador de desequilibrios,fondo compensador de desequilibrios,18.0,18.0,True
2025,corrientes,regimen simplificado para pequeños contribuyentes ley 24977 art 59 inciso a,regimen simplificado para pequeños contribuyentes ley 24977 art 59 inciso a,7639.1806,18.0,True
2025,corrientes,consenso fiscal ley 27429 compensacion,consenso fiscal ley 27429 compensacion,82963.80539,18.0,True
2025,chaco,coparticipacion federal de impuestos neta ley 26075,coparticipacion federal de impuestos neta ley 26075,2331471.795,22.0,True
2025,chaco,financiamiento educativo ley 26075,financiamiento educativo ley 26075,301283.7604,22.0,True
2025,chaco,transferencia de servicios ley 24049,transferencia de servicios ley 24049,33.6,22.0,True
2025,chaco,impuesto sobre los bienes personales,ley 24699,51437.6982,22.0,True
2025,chaco,impuesto sobre los bienes personales,ley 23966 art 30,4627.7308,22.0,True
2025,chaco,impuesto sobre los activos fondo educacion ley 23906,impuesto sobre los activos fondo educacion ley 23906,0.1736,22.0,True
2025,chaco,i.v.a.ley 23966 art 5 punto 2,i.v.a.ley 23966 art 5 punto 2,15636.6869,22.0,True
2025,chaco,impuesto a los combustibles liquidos ley 23966 y 24699,obras de infraestructura,6588.9896,22.0,True
2025,chaco,impuesto a los combustibles liquidos ley 23966 y 24699,vialidad provincial,8269.189,22.0,True
2025,chaco,impuesto a los combustibles liquidos ley 23966 y 24699,f.e.d.e.i.,2001.715226,22.0,True
2025,chaco,impuesto a los combustibles liquidos ley 23966 y 24699,ley 24464 fo.na.vi,29658.0486,22.0,True
2025,chaco,regimen de energia electrica ley 24065,fondo para compensaciones de tarifa electrica,4121.5799,22.0,True
2025,chaco,regimen de energia electrica ley 24065,f.e.d.e.i.,2913.907772,22.0,True
2025,chaco,fondo compensador de desequilibrios,fondo compensador de desequilibrios,6.0,22.0,True
2025,chaco,regimen simplificado para pequeños contribuyentes ley 24977 art 59 inciso a,regimen simplificado para pequeños contribuyentes ley 24977 art 59 inciso a,10251.6166,22.0,True
2025,chaco,consenso fiscal ley 27429 compensacion,consenso fiscal ley 27429 compensacion,101757.9499,22.0,True
2025,chubut,coparticipacion federal de impuestos neta ley 26075,coparticipacion federal de impuestos neta ley 26075,710970.0069,26.0,True
2025,chubut,financiamiento educativo ley 26075,financiamiento educativo ley 26075,123667.4386,26.0,True
2025,chubut,transferencia de servicios ley 24049,transferencia de servicios ley 24049,24.2004,26.0,True
2025,chubut,impuesto sobre los bienes personales,ley 24699,16306.8039,26.0,True
2025,chubut,impuesto sobre los bienes personales,ley 23966 art 30,1810.2814,26.0,True
2025,chubut,impuesto sobre los activos fondo educacion ley 23906,impuesto sobre los activos fondo educacion ley 23906,0.0802,26.0,True
2025,chubut,i.v.a.ley 23966 art 5 punto 2,i.v.a.ley 23966 art 5 punto 2,6116.7787,26.0,True
2025,chubut,impuesto a los combustibles liquidos ley 23966 y 24699,obras de infraestructura,2088.8762,26.0,True
2025,chubut,impuesto a los combustibles liquidos ley 23966 y 24699,vialidad provincial,7030.6211,26.0,True
2025,chubut,impuesto a los combustibles liquidos ley 23966 y 24699,f.e.d.e.i.,2098.764313,26.0,True
2025,chubut,impuesto a los combustibles liquidos ley 23966 y 24699,ley 24464 fo.na.vi,20631.686,26.0,True
2025,chubut,regimen de energia electrica ley 24065,fondo para compensaciones de tarifa electrica,5350.2092,26.0,True
2025,chubut,regimen de energia electrica ley 24065,f.e.d.e.i.,3055.182656,26.0,True
2025,chubut,fondo compensador de desequilibrios,fondo compensador de desequilibrios,36.0,26.0,True
2025,chubut,regimen simplificado para pequeños contribuyentes ley 24977 art 59 inciso a,regimen simplificado para pequeños contribuyentes ley 24977 art 59 inciso a,3250.0214,26.0,True
2025,chubut,consenso fiscal ley 27429 compensacion,consenso fiscal ley 27429 compensacion,17155.42694,26.0,True
2025,entre rios,coparticipacion federal de impuestos neta ley 26075,coparticipacion federal de impuestos neta ley 26075,2317062.999,30.0,True
2025,entre rios,financiamiento educativo ley 26075,financiamiento educativo ley 26075,259784.6198,30.0,True
2025,entre rios,transferencia de servicios ley 24049,transferencia de servicios ley 24049,67.4988,30.0,True
2025,entre rios,impuesto sobre los bienes personales,ley 24699,50345.392,30.0,True
2025,entre rios,impuesto sobre los bienes personales,ley 23966 art 30,7989.2109,30.0,True
2025,entre rios,impuesto sobre los activos fondo educacion ley 23906,impuesto sobre los activos fondo educacion ley 23906,0.1376,30.0,True
2025,entre rios,i.v.a.ley 23966 art 5 punto 2,i.v.a.ley 23966 art 5 punto 2,26994.8269,30.0,True
2025,entre rios,impuesto a los combustibles liquidos ley 23966 y 24699,obras de infraestructura,6448.9659,30.0,True
2025,entre rios,impuesto a los combustibles liquidos ley 23966 y 24699,vialidad provincial,10913.7548,30.0,True
2025,entre rios,impuesto a los combustibles liquidos ley 23966 y 24699,f.e.d.e.i.,1722.671731,30.0,True
2025,entre rios,impuesto a los combustibles liquidos ley 23966 y 24699,ley 24464 fo.na.vi,25144.8674,30.0,True
2025,entre rios,regimen de energia electrica ley 24065,fondo para compensaciones de tarifa electrica,3936.1534,30.0,True
2025,entre rios,regimen de energia electrica ley 24065,f.e.d.e.i.,2507.702635,30.0,True
2025,entre rios,fondo compensador de desequilibrios,fondo compensador de desequilibrios,21.6,30.0,True
2025,entre rios,regimen simplificado para pequeños contribuyentes ley 24977 art 59 inciso a,regimen simplificado para pequeños contribuyentes ley 24977 art 59 inciso a,10033.7581,30.0,True
2025,entre rios,consenso fiscal ley 27429 compensacion,consenso fiscal ley 27429 compensacion,46318.9329,30.0,True
2025,formosa,coparticipacion federal de impuestos neta ley 26075,coparticipacion federal de impuestos neta ley 26075,1745243.644,34.0,True
2025,formosa,financiamiento educativo ley 26075,financiamiento educativo ley 26075,175956.356,34.0,True
2025,formosa,transferencia de servicios ley 24049,transferencia de servicios ley 24049,20.7012,34.0,True
2025,formosa,impuesto sobre los bienes personales,ley 24699,37535.6176,34.0,True
2025,formosa,impuesto sobre los bienes personales,ley 23966 art 30,2155.6874,34.0,True
2025,formosa,impuesto sobre los activos fondo educacion ley 23906,impuesto sobre los activos fondo educacion ley 23906,0.0936,34.0,True
2025,formosa,i.v.a.ley 23966 art 5 punto 2,i.v.a.ley 23966 art 5 punto 2,7283.8738,34.0,True
2025,formosa,impuesto a los combustibles liquidos ley 23966 y 24699,obras de infraestructura,4808.1924,34.0,True
2025,formosa,impuesto a los combustibles liquidos ley 23966 y 24699,vialidad provincial,5678.3818,34.0,True
2025,formosa,impuesto a los combustibles liquidos ley 23966 y 24699,f.e.d.e.i.,2313.085517,34.0,True
2025,formosa,impuesto a los combustibles liquidos ley 23966 y 24699,ley 24464 fo.na.vi,25789.6077,34.0,True
2025,formosa,regimen de energia electrica ley 24065,fondo para compensaciones de tarifa electrica,4287.476,34.0,True
2025,formosa,regimen de energia electrica ley 24065,f.e.d.e.i.,3367.171203,34.0,True
2025,formosa,fondo compensador de desequilibrios,fondo compensador de desequilibrios,26.4,34.0,True
2025,formosa,regimen simplificado para pequeños contribuyentes ley 24977 art 59 inciso a,regimen simplificado para pequeños contribuyentes ley 24977 art 59 inciso a,7480.9264,34.0,True
2025,formosa,consenso fiscal ley 27429 compensacion,consenso fiscal ley 27429 compensacion,43175.69696,34.0,True
2025,jujuy,coparticipacion federal de impuestos neta ley 26075,coparticipacion federal de impuestos neta ley 26075,1330862.695,38.0,True
2025,jujuy,financiamiento educativo ley 26075,financiamiento educativo ley 26075,168486.5105,38.0,True
2025,jujuy,transferencia de servicios ley 24049,transferencia de servicios ley 24049,33.3,38.0,True
2025,jujuy,impuesto sobre los bienes personales,ley 24699,29293.6698,38.0,True
2025,jujuy,impuesto sobre los activos fondo educacion ley 23906,impuesto sobre los activos fondo educacion ley 23906,0.0853,38.0,True
2025,jujuy,impuesto a los combustibles liquidos ley 23966 y 24699,obras de infraestructura,3752.3417,38.0,True
2025,jujuy,impuesto a los combustibles liquidos ley 23966 y 24699,vialidad provincial,5810.7836,38.0,True
2025,jujuy,impuesto a los combustibles liquidos ley 23966 y 24699,f.e.d.e.i.,1866.577283,38.0,True
2025,jujuy,impuesto a los combustibles liquidos ley 23966 y 24699,ley 24464 fo.na.vi,19342.2057,38.0,True
2025,jujuy,regimen de energia electrica ley 24065,fondo para compensaciones de tarifa electrica,4278.2857,38.0,True
2025,jujuy,regimen de energia electrica ley 24065,f.e.d.e.i.,2717.18673,38.0,True
2025,jujuy,fondo compensador de desequilibrios,fondo compensador de desequilibrios,26.4,38.0,True
2025,jujuy,regimen simplificado para pequeños contribuyentes ley 24977 art 59 inciso a,regimen simplificado para pequeños contribuyentes ley 24977 art 59 inciso a,5838.1589,38.0,True
2025,jujuy,consenso fiscal ley 27429 compensacion,consenso fiscal ley 27429 compensacion,44914.84054,38.0,True
2025,la pampa,coparticipacion federal de impuestos neta ley 26075,coparticipacion federal de impuestos neta ley 26075,922421.2911,42.0,True
2025,la pampa,financiamiento educativo ley 26075,financiamiento educativo ley 26075,87978.1779,42.0,True
2025,la pampa,transferencia de servicios ley 24049,transferencia de servicios ley 24049,19.2,42.0,True
2025,la pampa,impuesto sobre los bienes personales,ley 24699,19738.6451,42.0,True
2025,la pampa,impuesto sobre los bienes personales,ley 23966 art 30,1589.6667,42.0,True
2025,la pampa,impuesto sobre los activos fondo educacion ley 23906,impuesto sobre los activos fondo educacion ley 23906,0.072,42.0,True
2025,la pampa,i.v.a.ley 23966 art 5 punto 2,i.v.a.ley 23966 art 5 punto 2,5372.3516,42.0,True
2025,la pampa,impuesto a los combustibles liquidos ley 23966 y 24699,obras de infraestructura,2528.4221,42.0,True
2025,la pampa,impuesto a los combustibles liquidos ley 23966 y 24699,vialidad provincial,7324.7117,42.0,True
2025,la pampa,impuesto a los combustibles liquidos ley 23966 y 24699,f.e.d.e.i.,1657.000547,42.0,True
2025,la pampa,impuesto a los combustibles liquidos ley 23966 y 24699,ley 24464 fo.na.vi,13144.5519,42.0,True
2025,la pampa,regimen de energia electrica ley 24065,fondo para compensaciones de tarifa electrica,5426.1171,42.0,True
2025,la pampa,regimen de energia electrica ley 24065,f.e.d.e.i.,2412.104734,42.0,True
2025,la pampa,fondo compensador de desequilibrios,fondo compensador de desequilibrios,30.0,42.0,True
2025,la pampa,regimen simplificado para pequeños contribuyentes ley 24977 art 59 inciso a,regimen simplificado para pequeños contribuyentes ley 24977 art 59 inciso a,3933.8976,42.0,True
2025,la rioja,coparticipacion federal de impuestos neta ley 26075,coparticipacion federal de impuestos neta ley 26075,992318.1114,46.0,True
2025,la rioja,financiamiento educativo ley 26075,financiamiento educativo ley 26075,100427.9202,46.0,True
2025,la rioja,transferencia de servicios ley 24049,transferencia de servicios ley 24049,20.2992,46.0,True
2025,la rioja,impuesto sobre los bienes personales,ley 24699,21349.6239,46.0,True
2025,la rioja,impuesto sobre los activos fondo educacion ley 23906,impuesto sobre los activos fondo educacion ley 23906,0.0687,46.0,True
2025,la rioja,impuesto a los combustibles liquidos ley 23966 y 24699,obras de infraestructura,2734.8005,46.0,True
2025,la rioja,impuesto a los combustibles liquidos ley 23966 y 24699,vialidad provincial,5678.3365,46.0,True
2025,la rioja,impuesto a los combustibles liquidos ley 23966 y 24699,f.e.d.e.i.,2183.134288,46.0,True
2025,la rioja,impuesto a los combustibles liquidos ley 23966 y 24699,ley 24464 fo.na.vi,12894.8037,46.0,True
2025,la rioja,regimen de energia electrica ley 24065,fondo para compensaciones de tarifa electrica,5012.3464,46.0,True
2025,la rioja,regimen de energia electrica ley 24065,f.e.d.e.i.,3178.000489,46.0,True
2025,la rioja,fondo compensador de desequilibrios,fondo compensador de desequilibrios,26.4,46.0,True
2025,la rioja,regimen simplificado para pequeños contribuyentes ley 24977 art 59 inciso a,regimen simplificado para pequeños contribuyentes ley 24977 art 59 inciso a,4254.9962,46.0,True
2025,la rioja,consenso fiscal ley 27429 compensacion,consenso fiscal ley 27429 compensacion,12989.12008,46.0,True
2025,mendoza,coparticipacion federal de impuestos neta ley 26075,coparticipacion federal de impuestos neta ley 26075,1821437.537,50.0,True
2025,mendoza,financiamiento educativo ley 26075,financiamiento educativo ley 26075,379302.1446,50.0,True
2025,mendoza,transferencia de servicios ley 24049,transferencia de servicios ley 24049,61.6992,50.0,True
2025,mendoza,impuesto sobre los bienes personales,ley 24699,42997.1493,50.0,True
2025,mendoza,impuesto sobre los activos fondo educacion ley 23906,impuesto sobre los activos fondo educacion ley 23906,0.1461,50.0,True
2025,mendoza,impuesto a los combustibles liquidos ley 23966 y 24699,obras de infraestructura,5507.7772,50.0,True
2025,mendoza,impuesto a los combustibles liquidos ley 23966 y 24699,vialidad provincial,11501.8543,50.0,True
2025,mendoza,impuesto a los combustibles liquidos ley 23966 y 24699,f.e.d.e.i.,1694.535525,50.0,True
2025,mendoza,impuesto a los combustibles liquidos ley 23966 y 24699,ley 24464 fo.na.vi,25789.6077,50.0,True
2025,mendoza,regimen de energia electrica ley 24065,fondo para compensaciones de tarifa electrica,3174.0107,50.0,True
2025,mendoza,regimen de energia electrica ley 24065,f.e.d.e.i.,2466.744606,50.0,True
2025,mendoza,fondo compensador de desequilibrios,fondo compensador de desequilibrios,26.4,50.0,True
2025,mendoza,regimen simplificado para pequeños contribuyentes ley 24977 art 59 inciso a,regimen simplificado para pequeños contribuyentes ley 24977 art 59 inciso a,8569.3896,50.0,True
2025,mendoza,consenso fiscal ley 27429 compensacion,consenso fiscal ley 27429 compensacion,74681.77698,50.0,True
2025,misiones,coparticipacion federal de impuestos neta ley 26075,coparticipacion federal de impuestos neta ley 26075,1423767.728,54.0,True
2025,misiones,financiamiento educativo ley 26075,financiamiento educativo ley 26075,319543.3823,54.0,True
2025,misiones,transferencia de servicios ley 24049,transferencia de servicios ley 24049,34.1004,54.0,True
2025,misiones,impuesto sobre los bienes personales,ley 24699,34060.0977,54.0,True
2025,misiones,impuesto sobre los bienes personales,ley 23966 art 30,2527.3088,54.0,True
2025,misiones,impuesto sobre los activos fondo educacion ley 23906,impuesto sobre los activos fondo educacion ley 23906,0.1089,54.0,True
2025,misiones,i.v.a.ley 23966 art 5 punto 2,i.v.a.ley 23966 art 5 punto 2,8539.5499,54.0,True
2025,misiones,impuesto a los combustibles liquidos ley 23966 y 24699,obras de infraestructura,4362.893,54.0,True
2025,misiones,impuesto a los combustibles liquidos ley 23966 y 24699,vialidad provincial,8156.7426,54.0,True
2025,misiones,impuesto a los combustibles liquidos ley 23966 y 24699,f.e.d.e.i.,2191.863252,54.0,True
2025,misiones,impuesto a los combustibles liquidos ley 23966 y 24699,ley 24464 fo.na.vi,30302.7888,54.0,True
2025,misiones,regimen de energia electrica ley 24065,fondo para compensaciones de tarifa electrica,3566.4546,54.0,True
2025,misiones,regimen de energia electrica ley 24065,f.e.d.e.i.,3190.707297,54.0,True
2025,misiones,fondo compensador de desequilibrios,fondo compensador de desequilibrios,26.4,54.0,True
2025,misiones,regimen simplificado para pequeños contribuyentes ley 24977 art 59 inciso a,regimen simplificado para pequeños contribuyentes ley 24977 art 59 inciso a,6788.098,54.0,True
2025,misiones,consenso fiscal ley 27429 compensacion,consenso fiscal ley 27429 compensacion,94138.53376,54.0,True
2025,neuquen,coparticipacion federal de impuestos neta ley 26075,coparticipacion federal de impuestos neta ley 26075,775690.9855,58.0,True
2025,neuquen,financiamiento educativo ley 26075,financiamiento educativo ley 26075,140267.095,58.0,True
2025,neuquen,transferencia de servicios ley 24049,transferencia de servicios ley 24049,17.3988,58.0,True
2025,neuquen,impuesto sobre los bienes personales,ley 24699,17895.6134,58.0,True
2025,neuquen,impuesto sobre los bienes personales,ley 23966 art 30,1136.6016,58.0,True
2025,neuquen,impuesto sobre los activos fondo educacion ley 23906,impuesto sobre los activos fondo educacion ley 23906,0.0963,58.0,True
2025,neuquen,i.v.a.ley 23966 art 5 punto 2,i.v.a.ley 23966 art 5 punto 2,3840.475,58.0,True
2025,neuquen,impuesto a los combustibles liquidos ley 23966 y 24699,obras de infraestructura,2292.304,58.0,True
2025,neuquen,impuesto a los combustibles liquidos ley 23966 y 24699,vialidad provincial,8753.6496,58.0,True
2025,neuquen,impuesto a los combustibles liquidos ley 23966 y 24699,f.e.d.e.i.,1946.41747,58.0,True
2025,neuquen,impuesto a los combustibles liquidos ley 23966 y 24699,ley 24464 fo.na.vi,27723.8281,58.0,True
2025,neuquen,regimen de energia electrica ley 24065,fondo para compensaciones de tarifa electrica,3926.6039,58.0,True
2025,neuquen,regimen de energia electrica ley 24065,f.e.d.e.i.,2833.410527,58.0,True
2025,neuquen,fondo compensador de desequilibrios,fondo compensador de desequilibrios,30.0,58.0,True
2025,neuquen,regimen simplificado para pequeños contribuyentes ley 24977 art 59 inciso a,regimen simplificado para pequeños contribuyentes ley 24977 art 59 inciso a,3566.5292,58.0,True
2025,neuquen,consenso fiscal ley 27429 compensacion,consenso fiscal ley 27429 compensacion,28436.54588,58.0,True
2025,rio negro,coparticipacion federal de impuestos neta ley 26075,coparticipacion federal de impuestos neta ley 26075,1179738.542,62.0,True
2025,rio negro,financiamiento educativo ley 26075,financiamiento educativo ley 26075,151886.8545,62.0,True
2025,rio negro,transferencia de servicios ley 24049,transferencia de servicios ley 24049,14.6004,62.0,True
2025,rio negro,impuesto sobre los bienes personales,ley 24699,26016.7509,62.0,True
2025,rio negro,impuesto sobre los activos fondo educacion ley 23906,impuesto sobre los activos fondo educacion ley 23906,0.1116,62.0,True
2025,rio negro,impuesto a los combustibles liquidos ley 23966 y 24699,obras de infraestructura,3332.6711,62.0,True
2025,rio negro,impuesto a los combustibles liquidos ley 23966 y 24699,vialidad provincial,6956.3965,62.0,True
2025,rio negro,impuesto a los combustibles liquidos ley 23966 y 24699,f.e.d.e.i.,1808.570241,62.0,True
2025,rio negro,impuesto a los combustibles liquidos ley 23966 y 24699,ley 24464 fo.na.vi,29013.3085,62.0,True
2025,rio negro,regimen de energia electrica ley 24065,fondo para compensaciones de tarifa electrica,3587.0765,62.0,True
2025,rio negro,regimen de energia electrica ley 24065,f.e.d.e.i.,2632.745564,62.0,True
2025,rio negro,fondo compensador de desequilibrios,fondo compensador de desequilibrios,30.0,62.0,True
2025,rio negro,regimen simplificado para pequeños contribuyentes ley 24977 art 59 inciso a,regimen simplificado para pequeños contribuyentes ley 24977 art 59 inciso a,5185.2055,62.0,True
2025,rio negro,consenso fiscal ley 27429 compensacion,consenso fiscal ley 27429 compensacion,20915.21681,62.0,True
2025,salta,coparticipacion federal de impuestos neta ley 26075,coparticipacion federal de impuestos neta ley 26075,1704137.394,66.0,True
2025,salta,financiamiento educativo ley 26075,financiamiento educativo ley 26075,318713.3994,66.0,True
2025,salta,transferencia de servicios ley 24049,transferencia de servicios ley 24049,39.8004,66.0,True
2025,salta,impuesto sobre los bienes personales,ley 24699,39521.6293,66.0,True
2025,salta,impuesto sobre los activos fondo educacion ley 23906,impuesto sobre los activos fondo educacion ley 23906,0.1482,66.0,True
2025,salta,impuesto a los combustibles liquidos ley 23966 y 24699,obras de infraestructura,5062.6111,66.0,True
2025,salta,impuesto a los combustibles liquidos ley 23966 y 24699,vialidad provincial,8565.6332,66.0,True
2025,salta,impuesto a los combustibles liquidos ley 23966 y 24699,f.e.d.e.i.,1850.244286,66.0,True
2025,salta,impuesto a los combustibles liquidos ley 23966 y 24699,ley 24464 fo.na.vi,25789.6077,66.0,True
2025,salta,regimen de energia electrica ley 24065,fondo para compensaciones de tarifa electrica,5115.9878,66.0,True
2025,salta,regimen de energia electrica ley 24065,f.e.d.e.i.,2693.410698,66.0,True
2025,salta,fondo compensador de desequilibrios,fondo compensador de desequilibrios,30.0,66.0,True
2025,salta,regimen simplificado para pequeños contribuyentes ley 24977 art 59 inciso a,regimen simplificado para pequeños contribuyentes ley 24977 art 59 inciso a,7876.7691,66.0,True
2025,salta,consenso fiscal ley 27429 compensacion,consenso fiscal ley 27429 compensacion,164374.9536,66.0,True
2025,san juan,coparticipacion federal de impuestos neta ley 26075,coparticipacion federal de impuestos neta ley 26075,1575645.743,70.0,True
2025,san juan,financiamiento educativo ley 26075,financiamiento educativo ley 26075,208325.6856,70.0,True
2025,san juan,transferencia de servicios ley 24049,transferencia de servicios ley 24049,30.0996,70.0,True
2025,san juan,impuesto sobre los bienes personales,ley 24699,34854.5021,70.0,True
2025,san juan,impuesto sobre los activos fondo educacion ley 23906,impuesto sobre los activos fondo educacion ley 23906,0.0838,70.0,True
2025,san juan,impuesto a los combustibles liquidos ley 23966 y 24699,obras de infraestructura,4464.7408,70.0,True
2025,san juan,impuesto a los combustibles liquidos ley 23966 y 24699,vialidad provincial,6277.5098,70.0,True
2025,san juan,impuesto a los combustibles liquidos ley 23966 y 24699,f.e.d.e.i.,1714.110218,70.0,True
2025,san juan,impuesto a los combustibles liquidos ley 23966 y 24699,ley 24464 fo.na.vi,23533.0169,70.0,True
2025,san juan,regimen de energia electrica ley 24065,fondo para compensaciones de tarifa electrica,3158.0972,70.0,True
2025,san juan,regimen de energia electrica ley 24065,f.e.d.e.i.,2495.239593,70.0,True
2025,san juan,fondo compensador de desequilibrios,fondo compensador de desequilibrios,26.4,70.0,True
2025,san juan,regimen simplificado para pequeños contribuyentes ley 24977 art 59 inciso a,regimen simplificado para pequeños contribuyentes ley 24977 art 59 inciso a,6946.5594,70.0,True
2025,san juan,consenso fiscal ley 27429 compensacion,consenso fiscal ley 27429 compensacion,35290.54088,70.0,True
2025,san luis,coparticipacion federal de impuestos neta ley 26075,coparticipacion federal de impuestos neta ley 26075,1084214.397,74.0,True
2025,san luis,financiamiento educativo ley 26075,financiamiento educativo ley 26075,120347.5079,74.0,True
2025,san luis,transferencia de servicios ley 24049,transferencia de servicios ley 24049,18.9012,74.0,True
2025,san luis,impuesto sobre los bienes personales,ley 24699,23534.2363,74.0,True
2025,san luis,impuesto sobre los activos fondo educacion ley 23906,impuesto sobre los activos fondo educacion ley 23906,0.0693,74.0,True
2025,san luis,impuesto a los combustibles liquidos ley 23966 y 24699,obras de infraestructura,3014.5809,74.0,True
2025,san luis,impuesto a los combustibles liquidos ley 23966 y 24699,vialidad provincial,5316.2129,74.0,True
2025,san luis,impuesto a los combustibles liquidos ley 23966 y 24699,f.e.d.e.i.,1679.181478,74.0,True
2025,san luis,impuesto a los combustibles liquidos ley 23966 y 24699,ley 24464 fo.na.vi,23533.0169,74.0,True
2025,san luis,regimen de energia electrica ley 24065,fondo para compensaciones de tarifa electrica,3616.5994,74.0,True
2025,san luis,regimen de energia electrica ley 24065,f.e.d.e.i.,2444.393636,74.0,True
2025,san luis,fondo compensador de desequilibrios,fondo compensador de desequilibrios,26.4,74.0,True
2025,san luis,regimen simplificado para pequeños contribuyentes ley 24977 art 59 inciso a,regimen simplificado para pequeños contribuyentes ley 24977 art 59 inciso a,4690.2986,74.0,True
2025,santa cruz,coparticipacion federal de impuestos neta ley 26075,coparticipacion federal de impuestos neta ley 26075,769898.7864,78.0,True
2025,santa cruz,financiamiento educativo ley 26075,financiamiento educativo ley 26075,64738.6591,78.0,True
2025,santa cruz,transferencia de servicios ley 24049,transferencia de servicios ley 24049,8.4996,78.0,True
2025,santa cruz,impuesto sobre los bienes personales,ley 24699,16306.8039,78.0,True
2025,santa cruz,impuesto sobre los bienes personales,ley 23966 art 30,1473.7315,78.0,True
2025,santa cruz,impuesto sobre los activos fondo educacion ley 23906,impuesto sobre los activos fondo educacion ley 23906,0.0694,78.0,True
2025,santa cruz,i.v.a.ley 23966 art 5 punto 2,i.v.a.ley 23966 art 5 punto 2,4979.6058,78.0,True
2025,santa cruz,impuesto a los combustibles liquidos ley 23966 y 24699,obras de infraestructura,2088.8762,78.0,True
2025,santa cruz,impuesto a los combustibles liquidos ley 23966 y 24699,vialidad provincial,5618.9178,78.0,True
2025,santa cruz,impuesto a los combustibles liquidos ley 23966 y 24699,f.e.d.e.i.,2362.702791,78.0,True
2025,santa cruz,impuesto a los combustibles liquidos ley 23966 y 24699,ley 24464 fo.na.vi,20631.686,78.0,True
2025,santa cruz,regimen de energia electrica ley 24065,fondo para compensaciones de tarifa electrica,7179.4341,78.0,True
2025,santa cruz,regimen de energia electrica ley 24065,f.e.d.e.i.,3439.399339,78.0,True
2025,santa cruz,fondo compensador de desequilibrios,fondo compensador de desequilibrios,36.0,78.0,True
2025,santa cruz,regimen simplificado para pequeños contribuyentes ley 24977 art 59 inciso a,regimen simplificado para pequeños contribuyentes ley 24977 art 59 inciso a,3250.0214,78.0,True
2025,santa cruz,consenso fiscal ley 27429 compensacion,consenso fiscal ley 27429 compensacion,3527.021534,78.0,True
2025,santa fe,coparticipacion federal de impuestos neta ley 26075,coparticipacion federal de impuestos neta ley 26075,4254866.631,82.0,True
2025,santa fe,financiamiento educativo ley 26075,financiamiento educativo ley 26075,553598.535,82.0,True
2025,santa fe,transferencia de servicios ley 24049,transferencia de servicios ley 24049,135.4896,82.0,True
2025,santa fe,impuesto sobre los bienes personales,ley 24699,93935.7061,82.0,True
2025,santa fe,impuesto sobre los bienes personales,ley 23966 art 30,20260.907,82.0,True
2025,santa fe,impuesto sobre los activos fondo educacion ley 23906,impuesto sobre los activos fondo educacion ley 23906,0.2863,82.0,True
2025,santa fe,i.v.a.ley 23966 art 5 punto 2,i.v.a.ley 23966 art 5 punto 2,68472.6706,82.0,True
2025,santa fe,impuesto a los combustibles liquidos ley 23966 y 24699,obras de infraestructura,12062.7968,82.0,True
2025,santa fe,impuesto a los combustibles liquidos ley 23966 y 24699,vialidad provincial,24930.0761,82.0,True
2025,santa fe,impuesto a los combustibles liquidos ley 23966 y 24699,f.e.d.e.i.,1488.711429,82.0,True
2025,santa fe,impuesto a los combustibles liquidos ley 23966 y 24699,ley 24464 fo.na.vi,37133.3584,82.0,True
2025,santa fe,regimen de energia electrica ley 24065,fondo para compensaciones de tarifa electrica,2589.6,82.0,True
2025,santa fe,regimen de energia electrica ley 24065,f.e.d.e.i.,2167.125347,82.0,True
2025,santa fe,fondo compensador de desequilibrios,fondo compensador de desequilibrios,6.0,82.0,True
2025,santa fe,regimen simplificado para pequeños contribuyentes ley 24977 art 59 inciso a,regimen simplificado para pequeños contribuyentes ley 24977 art 59 inciso a,18721.4748,82.0,True
2025,santa fe,consenso fiscal ley 27429 compensacion,consenso fiscal ley 27429 compensacion,65489.97604,82.0,True
2025,sgo. del estero,coparticipacion federal de impuestos neta ley 26075,coparticipacion federal de impuestos neta ley 26075,1905685.213,86.0,True
2025,sgo. del estero,financiamiento educativo ley 26075,financiamiento educativo ley 26075,274724.3105,86.0,True
2025,sgo. del estero,transferencia de servicios ley 24049,transferencia de servicios ley 24049,31.5996,86.0,True
2025,sgo. del estero,impuesto sobre los bienes personales,ley 24699,42599.9471,86.0,True
2025,sgo. del estero,impuesto sobre los activos fondo educacion ley 23906,impuesto sobre los activos fondo educacion ley 23906,0.1395,86.0,True
2025,sgo. del estero,impuesto a los combustibles liquidos ley 23966 y 24699,obras de infraestructura,5456.9201,86.0,True
2025,sgo. del estero,impuesto a los combustibles liquidos ley 23966 y 24699,vialidad provincial,11210.6746,86.0,True
2025,sgo. del estero,impuesto a los combustibles liquidos ley 23966 y 24699,f.e.d.e.i.,1984.92281,86.0,True
2025,sgo. del estero,impuesto a los combustibles liquidos ley 23966 y 24699,ley 24464 fo.na.vi,27723.8281,86.0,True
2025,sgo. del estero,regimen de energia electrica ley 24065,fondo para compensaciones de tarifa electrica,4241.0616,86.0,True
2025,sgo. del estero,regimen de energia electrica ley 24065,f.e.d.e.i.,2889.462961,86.0,True
2025,sgo. del estero,fondo compensador de desequilibrios,fondo compensador de desequilibrios,26.4,86.0,True
2025,sgo. del estero,regimen simplificado para pequeños contribuyentes ley 24977 art 59 inciso a,regimen simplificado para pequeños contribuyentes ley 24977 art 59 inciso a,8490.2626,86.0,True
2025,sgo. del estero,consenso fiscal ley 27429 compensacion,consenso fiscal ley 27429 compensacion,70996.10019,86.0,True
2025,tucuman,coparticipacion federal de impuestos neta ley 26075,coparticipacion federal de impuestos neta ley 26075,2167161.719,90.0,True
2025,tucuman,financiamiento educativo ley 26075,financiamiento educativo ley 26075,343612.8839,90.0,True
2025,tucuman,transferencia de servicios ley 24049,transferencia de servicios ley 24049,55.8,90.0,True
2025,tucuman,impuesto sobre los bienes personales,ley 24699,49054.4846,90.0,True
2025,tucuman,impuesto sobre los activos fondo educacion ley 23906,impuesto sobre los activos fondo educacion ley 23906,0.1267,90.0,True
2025,tucuman,impuesto a los combustibles liquidos ley 23966 y 24699,obras de infraestructura,6283.7141,90.0,True
2025,tucuman,impuesto a los combustibles liquidos ley 23966 y 24699,vialidad provincial,8332.6199,90.0,True
2025,tucuman,impuesto a los combustibles liquidos ley 23966 y 24699,f.e.d.e.i.,1528.82259,90.0,True
2025,tucuman,impuesto a los combustibles liquidos ley 23966 y 24699,ley 24464 fo.na.vi,27079.0881,90.0,True
2025,tucuman,regimen de energia electrica ley 24065,fondo para compensaciones de tarifa electrica,3849.809,90.0,True
2025,tucuman,regimen de energia electrica ley 24065,f.e.d.e.i.,2225.515382,90.0,True
2025,tucuman,fondo compensador de desequilibrios,fondo compensador de desequilibrios,26.4,90.0,True
2025,tucuman,regimen simplificado para pequeños contribuyentes ley 24977 art 59 inciso a,regimen simplificado para pequeños contribuyentes ley 24977 art 59 inciso a,9776.6473,90.0,True
2025,tucuman,consenso fiscal ley 27429 compensacion,consenso fiscal ley 27429 compensacion,114053.9697,90.0,True
2025,tierra del fuego,coparticipacion federal de impuestos neta ley 26075,coparticipacion federal de impuestos neta ley 26075,619356.7553,94.0,True
2025,tierra del fuego,financiamiento educativo ley 26075,financiamiento educativo ley 26075,31539.3469,94.0,True
2025,tierra del fuego,transferencia de servicios ley 24049,transferencia de servicios ley 24049,12.0,94.0,True
2025,tierra del fuego,impuesto sobre los bienes personales,ley 24699,12716.8687,94.0,True
2025,tierra del fuego,impuesto sobre los bienes personales,ley 23966 art 30,130.7229,94.0,True
2025,tierra del fuego,impuesto sobre los activos fondo educacion ley 23906,impuesto sobre los activos fondo educacion ley 23906,0.0331,94.0,True
2025,tierra del fuego,i.v.a.ley 23966 art 5 punto 2,i.v.a.ley 23966 art 5 punto 2,441.7007,94.0,True
2025,tierra del fuego,impuesto a los combustibles liquidos ley 23966 y 24699,obras de infraestructura,1629.027,94.0,True
2025,tierra del fuego,impuesto a los combustibles liquidos ley 23966 y 24699,vialidad provincial,4589.2804,94.0,True
2025,tierra del fuego,impuesto a los combustibles liquidos ley 23966 y 24699,f.e.d.e.i.,1737.514836,94.0,True
2025,tierra del fuego,impuesto a los combustibles liquidos ley 23966 y 24699,ley 24464 fo.na.vi,17085.6151,94.0,True
2025,tierra del fuego,regimen de energia electrica ley 24065,fondo para compensaciones de tarifa electrica,2531.442,94.0,True
2025,tierra del fuego,regimen de energia electrica ley 24065,f.e.d.e.i.,2529.309823,94.0,True
2025,tierra del fuego,fondo compensador de desequilibrios,fondo compensador de desequilibrios,36.0,94.0,True
2025,tierra del fuego,regimen simplificado para pequeños contribuyentes ley 24977 art 59 inciso a,regimen simplificado para pequeños contribuyentes ley 24977 art 59 inciso a,2534.5554,94.0,True
2025,tierra del fuego,consenso fiscal ley 27429 compensacion,consenso fiscal ley 27429 compensacion,1752.505604,94.0,True
2025,c.a.b.a,coparticipacion federal de impuestos neta ley 26075,coparticipacion federal de impuestos neta ley 26075,871055.1257,2.0,True
2025,c.a.b.a,financiamiento educativo ley 26075,financiamiento educativo ley 26075,430761.0789,2.0,True
2025,c.a.b.a,impuesto sobre los activos fondo educacion ley 23906,impuesto sobre los activos fondo educacion ley 23906,0.1206,2.0,True
2025,c.a.b.a,impuesto a los combustibles liquidos ley 23966 y 24699,ley 24464 fo.na.vi,8381.6226,2.0,True
2025,fdo.compensador,coparticipacion federal de impuestos neta ley 26075,coparticipacion federal de impuestos neta ley 26075,549.6,,False
2025,tesoro nacional,coparticipacion federal de impuestos neta ley 26075,coparticipacion federal de impuestos neta ley 26075,37417917.19,,False
2025,tesoro nacional,impuesto sobre los bienes personales,ley 24699,756472.0058,,False
2025,tesoro nacional,impuesto sobre los activos fondo educacion ley 23906,impuesto sobre los activos fondo educacion ley 23906,1.8571,,False
2025,tesoro nacional,impuesto a los combustibles liquidos ley 23966 y 24699,vialidad provincial,444943.4626,,False
2025,tesoro nacional,consenso fiscal ley 27429 compensacion,consenso fiscal ley 27429 compensacion,-2502022.254,,False
2025,seguridad social,i.v.a.ley 23966 art 5 punto 2,i.v.a.ley 23966 art 5 punto 2,6138451.073,,False
2025,seguridad social,regimen simplificado para pequeños contribuyentes ley 24977 art 59 inciso a,regimen simplificado para pequeños contribuyentes ley 24977 art 59 inciso a,484592.1815,,False
2025,fondo a.t.n.,coparticipacion federal de impuestos neta ley 26075,coparticipacion federal de impuestos neta ley 26075,929868.7175,,False
2025,fondo a.t.n.,impuesto sobre los bienes personales,ley 24699,18166.955,,False
