impacto_presupuestario_mes,ubicacion_geografica_id,ubicacion_geografica_desc,principal_id,credito_comprometido,credito_devengado,credito_pagado,anio,periodo,tipo_transferencia,destino_provincia_identificada,mes_completo,credito_comprometido_real_agosto2026,credito_devengado_real_agosto2026,credito_pagado_real_agosto2026
1,2,Ciudad Autónoma de Buenos Aires,7,77829.97930409,77829.97930409,77820.25930409,2025,2025-01,corriente,True,True,121501.16620099,121501.16620099,121485.99221089
1,2,Ciudad Autónoma de Buenos Aires,8,0.0,0.0,0.0,2025,2025-01,capital,True,True,0.0,0.0,0.0
1,6,Provincia de Buenos Aires,7,163.176,163.176,95.406,2025,2025-01,corriente,True,True,254.73570048,254.73570048,148.9392695
1,6,Provincia de Buenos Aires,8,0.0,0.0,0.0,2025,2025-01,capital,True,True,0.0,0.0,0.0
1,10,Provincia de Catamarca,7,6.3,6.3,0.0,2025,2025-01,corriente,True,True,9.83499358,9.83499358,0.0
1,10,Provincia de Catamarca,8,0.0,0.0,0.0,2025,2025-01,capital,True,True,0.0,0.0,0.0
1,14,Provincia de Córdoba,7,61.665,61.665,46.9,2025,2025-01,corriente,True,True,96.26585386,96.26585386,73.21606334
1,14,Provincia de Córdoba,8,0.0,0.0,0.0,2025,2025-01,capital,True,True,0.0,0.0,0.0
1,18,Provincia de Corrientes,7,24.78,24.78,15.06,2025,2025-01,corriente,True,True,38.6843081,38.6843081,23.510318
1,18,Provincia de Corrientes,8,0.0,0.0,0.0,2025,2025-01,capital,True,True,0.0,0.0,0.0
1,22,Provincia del Chaco,7,52.365,52.365,52.365,2025,2025-01,corriente,True,True,81.74753,81.74753,81.74753
1,22,Provincia del Chaco,8,0.0,0.0,0.0,2025,2025-01,capital,True,True,0.0,0.0,0.0
1,26,Provincia del Chubut,7,7000.0,7000.0,7000.0,2025,2025-01,corriente,True,True,10927.77064843,10927.77064843,10927.77064843
1,26,Provincia del Chubut,8,0.0,0.0,0.0,2025,2025-01,capital,True,True,0.0,0.0,0.0
1,30,Provincia de Entre Ríos,7,16.635,16.635,0.0,2025,2025-01,corriente,True,True,25.96906639,25.96906639,0.0
1,30,Provincia de Entre Ríos,8,0.0,0.0,0.0,2025,2025-01,capital,True,True,0.0,0.0,0.0
1,34,Provincia de Formosa,7,0.0,0.0,0.0,2025,2025-01,corriente,True,True,0.0,0.0,0.0
1,34,Provincia de Formosa,8,0.0,0.0,0.0,2025,2025-01,capital,True,True,0.0,0.0,0.0
1,38,Provincia de Jujuy,7,9.745,9.745,5.02,2025,2025-01,corriente,True,True,15.21301785,15.21301785,7.83677267
1,38,Provincia de Jujuy,8,0.0,0.0,0.0,2025,2025-01,capital,True,True,0.0,0.0,0.0
1,42,Provincia de La Pampa,7,4.2841,4.2841,4.2841,2025,2025-01,corriente,True,True,6.68795175,6.68795175,6.68795175
1,42,Provincia de La Pampa,8,0.0,0.0,0.0,2025,2025-01,capital,True,True,0.0,0.0,0.0
1,46,Provincia de La Rioja,7,0.0,0.0,0.0,2025,2025-01,corriente,True,True,0.0,0.0,0.0
1,46,Provincia de La Rioja,8,1213.26932779,1213.26932779,681.32281416,2025,2025-01,capital,True,True,1894.04699269,1894.04699269,1063.61992153
1,50,Provincia de Mendoza,7,78.45,78.45,64.455,2025,2025-01,corriente,True,True,122.46908677,122.46908677,100.62135102
1,50,Provincia de Mendoza,8,0.0,0.0,0.0,2025,2025-01,capital,True,True,0.0,0.0,0.0
1,54,Provincia de Misiones,7,12.27,12.27,12.27,2025,2025-01,corriente,True,True,19.15482084,19.15482084,19.15482084
1,54,Provincia de Misiones,8,0.0,0.0,0.0,2025,2025-01,capital,True,True,0.0,0.0,0.0
1,58,Provincia del Neuquén,7,13.801,13.801,13.801,2025,2025-01,corriente,True,True,21.54488039,21.54488039,21.54488039
1,58,Provincia del Neuquén,8,0.0,0.0,0.0,2025,2025-01,capital,True,True,0.0,0.0,0.0
1,62,Provincia de Río Negro,7,2.39,2.39,2.39,2025,2025-01,corriente,True,True,3.73105312,3.73105312,3.73105312
1,62,Provincia de Río Negro,8,0.0,0.0,0.0,2025,2025-01,capital,True,True,0.0,0.0,0.0
1,66,Provincia de Salta,7,0.0,0.0,0.0,2025,2025-01,corriente,True,True,0.0,0.0,0.0
1,66,Provincia de Salta,8,0.0,0.0,0.0,2025,2025-01,capital,True,True,0.0,0.0,0.0
1,70,Provincia de San Juan,7,30.426,30.426,19.401,2025,2025-01,corriente,True,True,47.49833568,47.49833568,30.28709691
1,70,Provincia de San Juan,8,0.0,0.0,0.0,2025,2025-01,capital,True,True,0.0,0.0,0.0
1,74,Provincia de San Luis,7,20.4153,20.4153,15.3953,2025,2025-01,corriente,True,True,31.87053087,31.87053087,24.03375821
1,74,Provincia de San Luis,8,0.0,0.0,0.0,2025,2025-01,capital,True,True,0.0,0.0,0.0
1,78,Provincia de Santa Cruz,7,504.88,504.88,504.88,2025,2025-01,corriente,True,True,788.17326357,788.17326357,788.17326357
1,78,Provincia de Santa Cruz,8,0.0,0.0,0.0,2025,2025-01,capital,True,True,0.0,0.0,0.0
1,82,Provincia de Santa Fe,7,37.7851,37.7851,37.7851,2025,2025-01,corriente,True,True,58.98670096,58.98670096,58.98670096
1,82,Provincia de Santa Fe,8,0.0,0.0,0.0,2025,2025-01,capital,True,True,0.0,0.0,0.0
1,86,Provincia de Santiago del Estero,7,11.815,11.815,11.815,2025,2025-01,corriente,True,True,18.44451574,18.44451574,18.44451574
1,86,Provincia de Santiago del Estero,8,0.0,0.0,0.0,2025,2025-01,capital,True,True,0.0,0.0,0.0
1,90,Provincia de Tucumán,7,7.5,7.5,7.5,2025,2025-01,corriente,True,True,11.70832569,11.70832569,11.70832569
1,90,Provincia de Tucumán,8,340.95623861,340.95623861,0.0,2025,2025-01,capital,True,True,532.27022524,532.27022524,0.0
1,94,"Provincia de Tierra del Fuego, Antártida e Islas del Atlántico Sur",7,0.0,0.0,0.0,2025,2025-01,corriente,True,True,0.0,0.0,0.0
1,94,"Provincia de Tierra del Fuego, Antártida e Islas del Atlántico Sur",8,0.0,0.0,0.0,2025,2025-01,capital,True,True,0.0,0.0,0.0
1,96,Interprovincial,7,0.0,0.0,0.0,2025,2025-01,corriente,False,True,0.0,0.0,0.0
1,96,Interprovincial,8,0.0,0.0,0.0,2025,2025-01,capital,False,True,0.0,0.0,0.0
1,97,Nacional,7,0.0,0.0,0.0,2025,2025-01,corriente,False,True,0.0,0.0,0.0
1,97,Nacional,8,0.0,0.0,0.0,2025,2025-01,capital,False,True,0.0,0.0,0.0
2,2,Ciudad Autónoma de Buenos Aires,7,172993.58304836,150085.18045536,112676.49369336,2025,2025-02,corriente,True,True,263728.25826432,228804.45930595,171775.015613
2,6,Provincia de Buenos Aires,7,47064.55399025,34223.90661495,2926.996446,2025,2025-02,corriente,True,True,71749.78765753,52174.25481059,4462.19831422
2,10,Provincia de Catamarca,7,310.55364183,310.55364183,316.85364183,2025,2025-02,corriente,True,True,473.43820282,473.43820282,483.0425361
2,14,Provincia de Córdoba,7,173.28,173.28,188.045,2025,2025-02,corriente,True,True,264.16490015,264.16490015,286.67410346
2,18,Provincia de Corrientes,7,131.94060436,131.94060436,141.66060436,2025,2025-02,corriente,True,True,201.1431012,201.1431012,215.96121541
2,18,Provincia de Corrientes,8,164.35700385,155.38728142,155.38728142,2025,2025-02,capital,True,True,250.5618162,236.88749816,236.88749816
2,22,Provincia del Chaco,7,466.77582478,466.77582478,466.77582478,2025,2025-02,corriente,True,True,711.59850614,711.59850614,711.59850614
2,26,Provincia del Chubut,7,126.96417949,126.96417949,124.50685749,2025,2025-02,corriente,True,True,193.55655469,193.55655469,189.81037383
2,30,Provincia de Entre Ríos,7,71.44790701,71.44790701,88.08290701,2025,2025-02,corriente,True,True,108.92214463,108.92214463,134.28215798
2,30,Provincia de Entre Ríos,8,284.46681857,284.46681857,284.46681857,2025,2025-02,capital,True,True,433.66890999,433.66890999,433.66890999
2,34,Provincia de Formosa,7,300.16227196,300.16227196,300.16227196,2025,2025-02,corriente,True,True,457.59658703,457.59658703,457.59658703
2,34,Provincia de Formosa,8,126.88941177,130.04643931,130.04643931,2025,2025-02,capital,True,True,193.4425715,198.25545161,198.25545161
2,38,Provincia de Jujuy,7,302.37585158,302.37585158,307.10085158,2025,2025-02,corriente,True,True,460.97118328,460.97118328,468.17443324
2,38,Provincia de Jujuy,8,69.85467882,69.40790873,69.40790873,2025,2025-02,capital,True,True,106.49327248,105.81217266,105.81217266
2,42,Provincia de La Pampa,7,27.4927056,27.4927056,27.4927056,2025,2025-02,corriente,True,True,41.91255673,41.91255673,41.91255673
2,46,Provincia de La Rioja,7,140.66328967,140.66328967,140.66328967,2025,2025-02,corriente,True,True,214.44081181,214.44081181,214.44081181
2,46,Provincia de La Rioja,8,0.0,0.0,531.94651363,2025,2025-02,capital,True,True,0.0,0.0,810.95104834
2,50,Provincia de Mendoza,7,3956.63437571,3956.63437571,3287.82417379,2025,2025-02,corriente,True,True,6031.8786056,6031.8786056,5012.27922767
2,50,Provincia de Mendoza,8,32.73001385,32.73001385,32.73001385,2025,2025-02,capital,True,True,49.89681925,49.89681925,49.89681925
2,54,Provincia de Misiones,7,3104.9555,3104.9555,3072.7235,2025,2025-02,corriente,True,True,4733.49641977,4733.49641977,4684.35882131
2,54,Provincia de Misiones,8,20.76046817,16.90543519,16.90543519,2025,2025-02,capital,True,True,31.64927863,25.77229108,25.77229108
2,58,Provincia del Neuquén,7,8898.57306359,8898.57306359,8574.43337159,2025,2025-02,corriente,True,True,13565.85102028,13565.85102028,13071.70092003
2,62,Provincia de Río Negro,7,5159.43245216,5159.43245216,5143.57831316,2025,2025-02,corriente,True,True,7865.54108114,7865.54108114,7841.37148831
2,66,Provincia de Salta,7,193.62813821,193.62813821,193.62813821,2025,2025-02,corriente,True,True,295.18558285,295.18558285,295.18558285
2,66,Provincia de Salta,8,27.65514326,27.65514325,27.65514325,2025,2025-02,capital,True,True,42.16019251,42.16019249,42.16019249
2,70,Provincia de San Juan,7,182.92085677,182.92085677,193.94585677,2025,2025-02,corriente,True,True,278.86236071,278.86236071,295.66994395
2,70,Provincia de San Juan,8,12.74360794,12.33553881,12.33553881,2025,2025-02,capital,True,True,19.42759649,18.80549618,18.80549618
2,74,Provincia de San Luis,7,219.3169914,219.3169914,224.3369914,2025,2025-02,corriente,True,True,334.34817136,334.34817136,342.00114804
2,78,Provincia de Santa Cruz,7,215.34243022,215.34243022,189.04169522,2025,2025-02,corriente,True,True,328.28896339,328.28896339,288.19356268
2,82,Provincia de Santa Fe,7,39.3001,39.3001,39.3001,2025,2025-02,corriente,True,True,59.91289815,59.91289815,59.91289815
2,82,Provincia de Santa Fe,8,231.02351509,80.7094787,80.7094787,2025,2025-02,capital,True,True,352.19473566,123.04138609,123.04138609
2,86,Provincia de Santiago del Estero,7,33.315,33.315,33.315,2025,2025-02,corriente,True,True,50.78862909,50.78862909,50.78862909
2,86,Provincia de Santiago del Estero,8,370.58448161,370.58448161,370.58448161,2025,2025-02,capital,True,True,564.95505875,564.95505875,564.95505875
2,90,Provincia de Tucumán,7,15.85065,15.85065,15.85065,2025,2025-02,corriente,True,True,24.16427386,24.16427386,24.16427386
2,90,Provincia de Tucumán,8,177.48247865,177.48247865,518.43871726,2025,2025-02,capital,True,True,270.5715677,270.5715677,790.35844862
2,94,"Provincia de Tierra del Fuego, Antártida e Islas del Atlántico Sur",7,273.25853518,273.25853518,232.31807818,2025,2025-02,corriente,True,True,416.5819117,416.5819117,354.16829366
2,97,Nacional,7,0.0,0.0,0.0,2025,2025-02,corriente,False,True,0.0,0.0,0.0
2,97,Nacional,8,0.0,0.0,0.0,2025,2025-02,capital,False,True,0.0,0.0,0.0
3,2,Ciudad Autónoma de Buenos Aires,7,103728.81588427,126637.21847727,145247.27820102,2025,2025-03,corriente,True,True,152448.97122988,186117.1701585,213468.14717706
3,2,Ciudad Autónoma de Buenos Aires,8,82.49214098,82.49214098,82.49214098,2025,2025-03,capital,True,True,121.23769003,121.23769003,121.23769003
3,6,Provincia de Buenos Aires,7,46348.48734913,59189.13472443,73499.85099584,2025,2025-03,corriente,True,True,68117.80462547,86989.54692391,108021.83148766
3,6,Provincia de Buenos Aires,8,0.0,0.0,0.0,2025,2025-03,capital,True,True,0.0,0.0,0.0
3,10,Provincia de Catamarca,7,567.53055427,567.53055427,263.94116828,2025,2025-03,corriente,True,True,834.09270994,834.09270994,387.9111048
3,10,Provincia de Catamarca,8,183.17770229,183.17770229,183.17770229,2025,2025-03,capital,True,True,269.21402725,269.21402725,269.21402725
3,14,Provincia de Córdoba,7,4044.42331415,4044.42331415,3742.65026865,2025,2025-03,corriente,True,True,5944.03944752,5944.03944752,5500.52729577
3,14,Provincia de Córdoba,8,0.0,0.0,0.0,2025,2025-03,capital,True,True,0.0,0.0,0.0
3,18,Provincia de Corrientes,7,2056.54808959,2056.54808959,1771.07283459,2025,2025-03,corriente,True,True,3022.4835584,3022.4835584,2602.92406989
3,18,Provincia de Corrientes,8,563.41627199,572.38599442,572.38599442,2025,2025-03,capital,True,True,828.04599963,841.22869091,841.22869091
3,22,Provincia del Chaco,7,10868.7329036,10868.7329036,10584.54579724,2025,2025-03,corriente,True,True,15973.64373247,15973.64373247,15555.97742025
3,22,Provincia del Chaco,8,731.30649934,731.30649934,731.30649934,2025,2025-03,capital,True,True,1074.79221206,1074.79221206,1074.79221206
3,26,Provincia del Chubut,7,839.24436159,839.24436159,2.457322,2025,2025-03,corriente,True,True,1233.42716722,1233.42716722,3.61149607
3,26,Provincia del Chubut,8,0.0,0.0,0.0,2025,2025-03,capital,True,True,0.0,0.0,0.0
3,30,Provincia de Entre Ríos,7,8651.34501733,8651.34501733,7100.01995858,2025,2025-03,corriente,True,True,12714.77589331,12714.77589331,10434.81244021
3,30,Provincia de Entre Ríos,8,1937.05587806,1937.05587806,109.46751702,2025,2025-03,capital,True,True,2846.86731751,2846.86731751,160.88307006
3,34,Provincia de Formosa,7,1882.06056645,1882.06056645,1722.28911319,2025,2025-03,corriente,True,True,2766.04138109,2766.04138109,2531.22723158
3,34,Provincia de Formosa,8,3.15702754,0.0,0.0,2025,2025-03,capital,True,True,4.63984474,0.0,0.0
3,38,Provincia de Jujuy,7,2689.14231519,2689.14231519,2502.98296188,2025,2025-03,corriente,True,True,3952.19954982,3952.19954982,3678.60342656
3,38,Provincia de Jujuy,8,1614.35601712,1614.80278721,1614.80278721,2025,2025-03,capital,True,True,2372.59928122,2373.25589375,2373.25589375
3,42,Provincia de La Pampa,7,310.21589438,310.21589438,186.82789081,2025,2025-03,corriente,True,True,455.92050342,455.92050342,274.57866465
3,42,Provincia de La Pampa,8,0.0,0.0,0.0,2025,2025-03,capital,True,True,0.0,0.0,0.0
3,46,Provincia de La Rioja,7,546.66094928,546.66094928,395.57620949,2025,2025-03,corriente,True,True,803.4209069,803.4209069,581.37351387
3,46,Provincia de La Rioja,8,1251.90488977,1251.90488977,947.26730404,2025,2025-03,capital,True,True,1839.90929518,1839.90929518,1392.18716371
3,50,Provincia de Mendoza,7,2884.22079977,2884.22079977,2195.94578169,2025,2025-03,corriente,True,True,4238.90401116,4238.90401116,3227.35464048
3,50,Provincia de Mendoza,8,48.927972,48.927972,48.927972,2025,2025-03,capital,True,True,71.90884165,71.90884165,71.90884165
3,54,Provincia de Misiones,7,869.26615221,869.26615221,551.34848362,2025,2025-03,corriente,True,True,1277.54982547,1277.54982547,810.31011875
3,54,Provincia de Misiones,8,1080.05872891,1083.91376189,109.86456977,2025,2025-03,capital,True,True,1587.34909568,1593.01479047,161.46661362
3,58,Provincia del Neuquén,7,5271.60155081,5271.60155081,4816.25736848,2025,2025-03,corriente,True,True,7747.60828323,7747.60828323,7078.39451115
3,58,Provincia del Neuquén,8,0.0,0.0,0.0,2025,2025-03,capital,True,True,0.0,0.0,0.0
3,62,Provincia de Río Negro,7,838.1767147,838.1767147,58.52385159,2025,2025-03,corriente,True,True,1231.85805965,1231.85805965,86.01178844
3,62,Provincia de Río Negro,8,430.09470015,430.09470015,0.0,2025,2025-03,capital,True,True,632.10491714,632.10491714,0.0
3,66,Provincia de Salta,7,6528.22921184,6528.22921184,153.51617097,2025,2025-03,corriente,True,True,9594.45857753,9594.45857753,225.62083768
3,66,Provincia de Salta,8,1099.73433329,1099.7343333,1099.7343333,2025,2025-03,capital,True,True,1616.26609064,1616.26609066,1616.26609066
3,70,Provincia de San Juan,7,5049.75392508,5049.75392508,4620.00063949,2025,2025-03,corriente,True,True,7421.56154276,7421.56154276,6789.95839842
3,70,Provincia de San Juan,8,-0.40806913,0.0,0.0,2025,2025-03,capital,True,True,-0.59973421,0.0,0.0
3,74,Provincia de San Luis,7,174.59924852,174.59924852,53.60619727,2025,2025-03,corriente,True,True,256.60637873,256.60637873,78.78437207
3,74,Provincia de San Luis,8,94.81843216,94.81843216,94.81843216,2025,2025-03,capital,True,True,139.35348932,139.35348932,139.35348932
3,78,Provincia de Santa Cruz,7,6947.02461729,6947.02461729,5010.86857182,2025,2025-03,corriente,True,True,10209.95705953,10209.95705953,7364.41221497
3,78,Provincia de Santa Cruz,8,156.16006602,156.16006602,0.0,2025,2025-03,capital,True,True,229.50653788,229.50653788,0.0
3,82,Provincia de Santa Fe,7,9319.69299187,9319.69299187,4731.93635883,2025,2025-03,corriente,True,True,13697.03873198,13697.03873198,6954.46895522
3,82,Provincia de Santa Fe,8,-53.37516521,96.93887118,96.93887118,2025,2025-03,capital,True,True,-78.44482708,142.4698726,142.4698726
3,86,Provincia de Santiago del Estero,7,1069.12080709,1069.12080709,778.55026425,2025,2025-03,corriente,True,True,1571.27376585,1571.27376585,1144.22579515
3,86,Provincia de Santiago del Estero,8,242.01541663,242.01541663,105.83526118,2025,2025-03,capital,True,True,355.68709594,355.68709594,155.5447881
3,90,Provincia de Tucumán,7,737.59823519,737.59823519,455.41401443,2025,2025-03,corriente,True,True,1084.03909923,1084.03909923,669.31640347
3,90,Provincia de Tucumán,8,6064.56807144,6064.56807144,5994.99543523,2025,2025-03,capital,True,True,8913.02147396,8913.02147396,8810.77142198
3,94,"Provincia de Tierra del Fuego, Antártida e Islas del Atlántico Sur",7,352.61159267,352.61159267,207.94991165,2025,2025-03,corriente,True,True,518.22894234,518.22894234,305.62144018
3,94,"Provincia de Tierra del Fuego, Antártida e Islas del Atlántico Sur",8,0.0,0.0,0.0,2025,2025-03,capital,True,True,0.0,0.0,0.0
3,97,Nacional,7,0.0,0.0,0.0,2025,2025-03,corriente,False,True,0.0,0.0,0.0
3,97,Nacional,8,0.0,0.0,0.0,2025,2025-03,capital,False,True,0.0,0.0,0.0
4,2,Ciudad Autónoma de Buenos Aires,7,137329.04929349,137129.78540211,147621.22855436,2025,2025-04,corriente,True,True,196370.0931201,196085.16091452,211087.12648095
4,2,Ciudad Autónoma de Buenos Aires,8,155.896334,155.896334,155.896334,2025,2025-04,capital,True,True,222.91989774,222.91989774,222.91989774
4,6,Provincia de Buenos Aires,7,62545.09075159,62545.09075159,43039.03042374,2025,2025-04,corriente,True,True,89434.72162868,89434.72162868,61542.53929223
4,10,Provincia de Catamarca,7,34.87047914,6.1299,262.1870173,2025,2025-04,corriente,True,True,49.86213238,8.76529067,374.90748874
4,10,Provincia de Catamarca,8,42.83840576,42.83840576,42.83840576,2025,2025-04,capital,True,True,61.25566129,61.25566129,61.25566129
4,14,Provincia de Córdoba,7,2020.22994505,2020.22994505,2322.00299055,2025,2025-04,corriente,True,True,2888.77513151,2888.77513151,3320.28762906
4,14,Provincia de Córdoba,8,0.0,0.0,0.0,2025,2025-04,capital,True,True,0.0,0.0,0.0
4,18,Provincia de Corrientes,7,1020.6194341,1020.6194341,703.6086891,2025,2025-04,corriente,True,True,1459.40814668,1459.40814668,1006.10689806
4,18,Provincia de Corrientes,8,1549.06090554,1549.06090554,198.55151106,2025,2025-04,capital,True,True,2215.03924941,2215.03924941,283.91355592
4,22,Provincia del Chaco,7,5491.0779735,5491.0779735,5459.82567986,2025,2025-04,corriente,True,True,7851.82376586,7851.82376586,7807.13536349
4,22,Provincia del Chaco,8,2180.1876443,2180.1876443,1003.68359502,2025,2025-04,capital,True,True,3117.50247259,3117.50247259,1435.19118519
4,26,Provincia del Chubut,7,796.21316945,796.21316945,1302.04739104,2025,2025-04,corriente,True,True,1138.52426004,1138.52426004,1861.82871534
4,30,Provincia de Entre Ríos,7,3837.2766,3837.2766,1863.46640859,2025,2025-04,corriente,True,True,5487.01361545,5487.01361545,2664.61520023
4,30,Provincia de Entre Ríos,8,82.15936305,82.15936305,1868.97646415,2025,2025-04,capital,True,True,117.48163885,117.48163885,2672.4941605
4,34,Provincia de Formosa,7,82.45645015,72.42850015,190.79872841,2025,2025-04,corriente,True,True,117.9064508,103.56724518,272.82766653
4,34,Provincia de Formosa,8,294.41155043,294.41155043,35.62965441,2025,2025-04,capital,True,True,420.98611962,420.98611962,50.94769526
4,38,Provincia de Jujuy,7,1742.80971478,1724.5,1910.65935331,2025,2025-04,corriente,True,True,2492.0853071,2465.90380788,2732.09752096
4,38,Provincia de Jujuy,8,4.23853889,4.23853889,4.23853889,2025,2025-04,capital,True,True,6.06078816,6.06078816,6.06078816
4,42,Provincia de La Pampa,7,131.66620682,103.9842083,227.37221187,2025,2025-04,corriente,True,True,188.27265919,148.68950722,325.12496553
4,42,Provincia de La Pampa,8,0.0,0.0,0.0,2025,2025-04,capital,True,True,0.0,0.0,0.0
4,46,Provincia de La Rioja,7,869.15239752,869.15239752,1020.23713731,2025,2025-04,corriente,True,True,1242.82180729,1242.82180729,1458.86149135
4,46,Provincia de La Rioja,8,138.52920413,138.52920413,138.52920413,2025,2025-04,capital,True,True,198.08622323,198.08622323,198.08622323
4,50,Provincia de Mendoza,7,85.39840751,85.39840751,758.60356588,2025,2025-04,corriente,True,True,122.11322602,122.11322602,1084.7453881
4,50,Provincia de Mendoza,8,269.02626489,269.02626489,0.0,2025,2025-04,capital,True,True,384.6870925,384.6870925,0.0
4,54,Provincia de Misiones,7,780.67189858,749.44294858,1068.36366717,2025,2025-04,corriente,True,True,1116.301425,1071.64640226,1527.6787678
4,54,Provincia de Misiones,8,112.8315942,112.8315942,489.97871857,2025,2025-04,capital,True,True,161.34059599,161.34059599,700.6322922
4,58,Provincia del Neuquén,7,4158.64144155,4132.55903723,4875.42796757,2025,2025-04,corriente,True,True,5946.54089089,5909.24503694,6971.49109324
4,58,Provincia del Neuquén,8,2500.0,2500.0,2500.0,2025,2025-04,capital,True,True,3574.80981137,3574.80981137,3574.80981137
4,62,Provincia de Río Negro,7,1003.74846271,1003.74846271,1798.53186282,2025,2025-04,corriente,True,True,1435.28394106,1435.28394106,2571.76373971
4,62,Provincia de Río Negro,8,0.0,0.0,430.09470015,2025,2025-04,capital,True,True,0.0,0.0,615.00270157
4,66,Provincia de Salta,7,671.2281999,671.2281999,7045.94124077,2025,2025-04,corriente,True,True,959.80526187,959.80526187,10075.15995113
4,66,Provincia de Salta,8,919.36938803,919.36938803,204.4239011,2025,2025-04,capital,True,True,1314.62828344,1314.62828344,292.31062693
4,70,Provincia de San Juan,7,121.96860561,121.96860561,468.11388794,2025,2025-04,corriente,True,True,174.40582721,174.40582721,669.36724778
4,70,Provincia de San Juan,8,628.02697897,628.02697897,140.33080227,2025,2025-04,capital,True,True,898.03080249,898.03080249,200.66237152
4,74,Provincia de San Luis,7,895.75030868,895.75030868,153.79545993,2025,2025-04,corriente,True,True,1280.8547968,1280.8547968,219.91580764
4,74,Provincia de San Luis,8,0.0,0.0,0.0,2025,2025-04,capital,True,True,0.0,0.0,0.0
4,78,Provincia de Santa Cruz,7,2533.38139324,2506.33471521,3301.66977424,2025,2025-04,corriente,True,True,3622.5426642,3583.8679722,4721.13660114
4,78,Provincia de Santa Cruz,8,0.0,0.0,156.16006602,2025,2025-04,capital,True,True,0.0,0.0,223.29701446
4,82,Provincia de Santa Fe,7,2251.11792321,2193.26704503,6781.02367807,2025,2025-04,corriente,True,True,3218.92737538,3136.20502061,9696.34799019
4,82,Provincia de Santa Fe,8,0.0,0.0,0.0,2025,2025-04,capital,True,True,0.0,0.0,0.0
4,86,Provincia de Santiago del Estero,7,2255.49300916,2244.46230916,1794.638302,2025,2025-04,corriente,True,True,3225.18341545,3209.41035361,2566.19624394
4,86,Provincia de Santiago del Estero,8,820.03964312,820.03964312,412.00831171,2025,2025-04,capital,True,True,1172.59430477,1172.59430477,589.14054203
4,90,Provincia de Tucumán,7,365.39278413,349.77808413,623.29695089,2025,2025-04,corriente,True,True,522.48388388,500.15605078,891.26722218
4,90,Provincia de Tucumán,8,2476.06709277,2476.06709277,1424.29256387,2025,2025-04,capital,True,True,3540.58757474,3540.58757474,2036.63001263
4,94,"Provincia de Tierra del Fuego, Antártida e Islas del Atlántico Sur",7,1401.46720397,1401.46720397,1573.88554999,2025,2025-04,corriente,True,True,2003.99148443,2003.99148443,2250.53660243
4,94,"Provincia de Tierra del Fuego, Antártida e Islas del Atlántico Sur",8,247.63155352,247.63155352,0.0,2025,2025-04,capital,True,True,354.09428285,354.09428285,0.0
4,97,Nacional,8,0.0,0.0,0.0,2025,2025-04,capital,False,True,0.0,0.0,0.0
5,2,Ciudad Autónoma de Buenos Aires,7,103708.00690149,103598.23041087,103158.59035211,2025,2025-05,corriente,True,True,146101.41921674,145946.76865932,145327.41400727
5,2,Ciudad Autónoma de Buenos Aires,8,140.73370304,140.73370304,48.1273611,2025,2025-05,capital,True,True,198.26235563,198.26235563,67.80070286
5,6,Provincia de Buenos Aires,7,61188.67407405,60496.13259865,53055.30066204,2025,2025-05,corriente,True,True,86201.17567876,85225.53941455,74743.06907718
5,6,Provincia de Buenos Aires,8,0.0,0.0,0.0,2025,2025-05,capital,True,True,0.0,0.0,0.0
5,10,Provincia de Catamarca,7,1361.83554861,1321.61488971,1018.2940148,2025,2025-05,corriente,True,True,1918.5221309,1861.86020553,1434.54883752
5,10,Provincia de Catamarca,8,362.55322751,362.55322751,362.55322751,2025,2025-05,capital,True,True,510.75652366,510.75652366,510.75652366
5,14,Provincia de Córdoba,7,3693.04179155,3504.31607485,784.8478057,2025,2025-05,corriente,True,True,5202.67106748,4936.79868331,1105.67526759
5,14,Provincia de Córdoba,8,0.0,0.0,0.0,2025,2025-05,capital,True,True,0.0,0.0,0.0
5,18,Provincia de Corrientes,7,2846.01516679,2719.65618085,1212.99353344,2025,2025-05,corriente,True,True,4009.39973107,3831.38814133,1708.83697442
5,18,Provincia de Corrientes,8,499.77230102,499.77230102,734.83321759,2025,2025-05,capital,True,True,704.06755125,704.06755125,1035.21588337
5,22,Provincia del Chaco,7,5679.45750781,5491.05257207,1301.70129586,2025,2025-05,corriente,True,True,8001.08715868,7735.66668324,1833.80639937
5,22,Provincia del Chaco,8,965.92529304,965.92529304,1771.56383574,2025,2025-05,capital,True,True,1360.77300477,1360.77300477,2495.73777732
5,26,Provincia del Chubut,7,492.55803716,452.75666328,408.74298809,2025,2025-05,corriente,True,True,693.90426473,637.83301831,575.82758014
5,26,Provincia del Chubut,8,0.0,0.0,0.0,2025,2025-05,capital,True,True,0.0,0.0,0.0
5,30,Provincia de Entre Ríos,7,2849.80176191,2763.95608851,3577.54487454,2025,2025-05,corriente,True,True,4014.73419788,3893.79681713,5039.96170689
5,30,Provincia de Entre Ríos,8,2.15090302,2.15090302,2.15090302,2025,2025-05,capital,True,True,3.03014197,3.03014197,3.03014197
5,34,Provincia de Formosa,7,359.18362726,258.47213544,260.59771944,2025,2025-05,corriente,True,True,506.00950949,364.12951077,367.12398389
5,34,Provincia de Formosa,8,188.75782069,188.75782069,291.99509378,2025,2025-05,capital,True,True,265.91761152,265.91761152,411.35587193
5,38,Provincia de Jujuy,7,321.98333305,253.81231571,185.14531571,2025,2025-05,corriente,True,True,453.60260339,357.56486551,260.82839884
5,38,Provincia de Jujuy,8,491.70739727,465.63156409,465.63156409,2025,2025-05,capital,True,True,692.70590311,655.97087803,655.97087803
5,42,Provincia de La Pampa,7,1090.02729531,1062.18945869,832.16953219,2025,2025-05,corriente,True,True,1535.6050086,1496.3877142,1172.34101121
5,42,Provincia de La Pampa,8,0.0,0.0,0.0,2025,2025-05,capital,True,True,0.0,0.0,0.0
5,46,Provincia de La Rioja,7,485.90421367,410.77775125,133.84639592,2025,2025-05,corriente,True,True,684.53051352,578.69410698,188.55967813
5,46,Provincia de La Rioja,8,3915.48308876,3580.48308876,3556.12094081,2025,2025-05,capital,True,True,5516.04117443,5044.1009945,5009.78016917
5,50,Provincia de Mendoza,7,2936.74090694,2823.37942798,1383.50237311,2025,2025-05,corriente,True,True,4137.21203594,3977.51103063,1949.04584747
5,50,Provincia de Mendoza,8,239.53713585,239.53713585,321.38331368,2025,2025-05,capital,True,True,337.45432535,337.45432535,452.75731011
5,54,Provincia de Misiones,7,413.76368778,276.86822912,259.40159811,2025,2025-05,corriente,True,True,582.90062466,390.04549812,365.43891608
5,54,Provincia de Misiones,8,425.0,425.0,425.0,2025,2025-05,capital,True,True,598.73007902,598.73007902,598.73007902
5,58,Provincia del Neuquén,7,567.64669586,528.67935832,148.10548732,2025,2025-05,corriente,True,True,799.68741428,744.79113878,208.64755324
5,58,Provincia del Neuquén,8,0.0,0.0,0.0,2025,2025-05,capital,True,True,0.0,0.0,0.0
5,62,Provincia de Río Negro,7,496.2452156,443.32308616,103.58828091,2025,2025-05,corriente,True,True,699.09867565,624.54321508,145.93275203
5,62,Provincia de Río Negro,8,100.0,100.0,100.0,2025,2025-05,capital,True,True,140.87766565,140.87766565,140.87766565
5,66,Provincia de Salta,7,4127.42318266,3992.199173,3553.097173,2025,2025-05,corriente,True,True,5814.6174313,5624.11700309,5005.52035566
5,66,Provincia de Salta,8,1716.94274475,271.94274475,457.06725446,2025,2025-05,capital,True,True,2418.78885938,383.10659071,643.90567854
5,70,Provincia de San Juan,7,1768.89790248,1679.65946036,1105.99010614,2025,2025-05,corriente,True,True,2491.98207278,2366.26503865,1558.09304387
5,70,Provincia de San Juan,8,282.38777873,282.38777873,604.53404351,2025,2025-05,capital,True,True,397.82131076,397.82131076,851.65344857
5,74,Provincia de San Luis,7,164.60279557,88.25086979,914.63473328,2025,2025-05,corriente,True,True,231.888576,124.32576528,1288.51606148
5,78,Provincia de Santa Cruz,7,6966.1930414,6941.56041467,6603.06329793,2025,2025-05,corriente,True,True,9813.81014152,9779.10827199,9302.24143563
5,82,Provincia de Santa Fe,7,13114.91033158,12989.91610364,6035.94613405,2025,2025-05,corriente,True,True,18475.97952745,18299.89057692,8503.30001364
5,82,Provincia de Santa Fe,8,91.12279801,91.12279801,91.12279801,2025,2025-05,capital,True,True,128.37167071,128.37167071,128.37167071
5,86,Provincia de Santiago del Estero,7,5947.03426287,5820.39740897,1974.86631171,2025,2025-05,corriente,True,True,8378.04304504,8199.64000141,2782.14555968
5,86,Provincia de Santiago del Estero,8,427.41990662,427.41990661,427.41990661,2025,2025-05,capital,True,True,602.13918698,602.13918696,602.13918696
5,90,Provincia de Tucumán,7,9084.01412978,8947.83181948,8150.04552502,2025,2025-05,corriente,True,True,12797.34705351,12605.49659372,11481.5938852
5,90,Provincia de Tucumán,8,4787.82217768,2599.1778222,3440.29593359,2025,2025-05,capital,True,True,6744.97211947,3661.66104205,4846.60860275
5,94,"Provincia de Tierra del Fuego, Antártida e Islas del Atlántico Sur",7,1271.25962696,1226.52401014,36.0077823,2025,2025-05,corriente,True,True,1790.92088683,1727.89839414,50.72692316
5,94,"Provincia de Tierra del Fuego, Antártida e Islas del Atlántico Sur",8,125.0,125.0,372.63155352,2025,2025-05,capital,True,True,176.09708206,176.09708206,524.95463408
5,97,Nacional,7,0.0,0.0,0.0,2025,2025-05,corriente,False,True,0.0,0.0,0.0
5,97,Nacional,8,0.0,0.0,0.0,2025,2025-05,capital,False,True,0.0,0.0,0.0
6,2,Ciudad Autónoma de Buenos Aires,7,167927.90076866,165382.31275066,152869.48894898,2025,2025-06,corriente,True,True,232803.98494232,229274.95235214,211928.01220356
6,2,Ciudad Autónoma de Buenos Aires,8,146.69031802,146.69031802,239.29665996,2025,2025-06,capital,True,True,203.36162383,203.36162383,331.74484863
6,6,Provincia de Buenos Aires,7,43484.82930846,44177.37078386,57663.77887473,2025,2025-06,corriente,True,True,60284.45244184,61244.54552031,79941.19766532
6,6,Provincia de Buenos Aires,8,8.05550301,8.05550301,8.05550301,2025,2025-06,capital,True,True,11.16760939,11.16760939,11.16760939
6,10,Provincia de Catamarca,7,3680.04320881,3742.87454685,3953.24986118,2025,2025-06,corriente,True,True,5101.76522096,5188.87037626,5480.52060999
6,10,Provincia de Catamarca,8,2150.76204836,808.88783076,789.90390263,2025,2025-06,capital,True,True,2981.67233217,1121.38786652,1095.06982111
6,14,Provincia de Córdoba,7,10335.86065948,10512.40967618,13026.2363505,2025,2025-06,corriente,True,True,14328.94437626,14573.70009843,18058.70089077
6,14,Provincia de Córdoba,8,17846.03415924,141.91702793,3.44536619,2025,2025-06,capital,True,True,24740.5454881,196.74425442,4.77642473
6,18,Provincia de Corrientes,7,3925.0832867,4051.44227264,2373.31305085,2025,2025-06,corriente,True,True,5441.47235922,5616.64798712,3290.2021238
6,18,Provincia de Corrientes,8,6038.76082654,2281.08984803,2299.72807152,2025,2025-06,capital,True,True,8371.73321465,3162.35005739,3188.18884106
6,22,Provincia del Chaco,7,5152.38417883,5281.62641457,4566.55414595,2025,2025-06,corriente,True,True,7142.92004661,7322.09281877,6330.76455887
6,22,Provincia del Chaco,8,6447.80279558,3252.57880459,3473.44431117,2025,2025-06,capital,True,True,8938.80158129,4509.1572251,4815.35035818
6,26,Provincia del Chubut,7,452.84096444,492.64233832,395.13918907,2025,2025-06,corriente,True,True,627.78835789,682.96631463,547.79448443
6,30,Provincia de Entre Ríos,7,1536.81984427,1622.66551767,2804.98102236,2025,2025-06,corriente,True,True,2130.5440147,2249.55470183,3888.63766357
6,30,Provincia de Entre Ríos,8,998.80567027,998.80567027,1039.57693021,2025,2025-06,capital,True,True,1384.67722849,1384.67722849,1441.19977025
6,34,Provincia de Formosa,7,154.53784231,255.24933413,235.72293382,2025,2025-06,corriente,True,True,214.24090547,353.86056675,326.79047427
6,34,Provincia de Formosa,8,1959.59838695,165.11309467,312.45252811,2025,2025-06,capital,True,True,2716.65584623,228.90172645,433.16324039
6,38,Provincia de Jujuy,7,1854.52961226,1941.01034438,150.74063212,2025,2025-06,corriente,True,True,2570.99554006,2690.88663002,208.9767078
6,38,Provincia de Jujuy,8,203.26641874,229.34225192,229.34225192,2025,2025-06,capital,True,True,281.79493742,317.9447246,317.9447246
6,42,Provincia de La Pampa,7,145.29990075,200.81973589,288.49595532,2025,2025-06,corriente,True,True,201.43404254,278.40302032,399.95145375
6,46,Provincia de La Rioja,7,927.17659042,1002.30305284,1167.8224275,2025,2025-06,corriente,True,True,1285.37547368,1389.52576524,1618.99073104
6,46,Provincia de La Rioja,8,911.33850876,1027.24113579,1021.82100734,2025,2025-06,capital,True,True,1263.41861894,1424.09825177,1416.58414902
6,50,Provincia de Mendoza,7,770.10641664,883.4678956,1802.54896246,2025,2025-06,corriente,True,True,1067.62391361,1224.7806691,2498.93305159
6,50,Provincia de Mendoza,8,414.50760923,414.50760923,184.14630387,2025,2025-06,capital,True,True,574.64556382,574.64556382,255.28809184
6,54,Provincia de Misiones,7,805.47628115,942.37173981,896.04153167,2025,2025-06,corriente,True,True,1116.65832283,1306.44101022,1242.2119153
6,54,Provincia de Misiones,8,218.73006033,187.37444667,513.90472329,2025,2025-06,capital,True,True,303.23269355,259.76337262,712.44305988
6,58,Provincia del Neuquén,7,310.95584764,376.0055895,517.06072786,2025,2025-06,corriente,True,True,431.08834292,521.26894456,716.81833306
6,58,Provincia del Neuquén,8,5142.5495045,5142.5495045,5142.5495045,2025,2025-06,capital,True,True,7129.28591336,7129.28591336,7129.28591336
6,62,Provincia de Río Negro,7,455.48977349,508.41190293,393.88053669,2025,2025-06,corriente,True,True,631.4604892,704.82818193,546.04957314
6,62,Provincia de Río Negro,8,6.57377873,6.57377873,6.57377873,2025,2025-06,capital,True,True,9.11344617,9.11344617,9.11344617
6,66,Provincia de Salta,7,3870.061666,4005.28567566,607.85197566,2025,2025-06,corriente,True,True,5365.19407254,5552.65957508,842.68523301
6,66,Provincia de Salta,8,1037.27343693,1055.79220753,1567.09441415,2025,2025-06,capital,True,True,1438.00636158,1463.67954377,2172.514649
6,70,Provincia de San Juan,7,525.4511599,614.68960202,823.22353528,2025,2025-06,corriente,True,True,728.4502656,852.16445985,1141.2619263
6,70,Provincia de San Juan,8,235.917834,235.917834,235.917834,2025,2025-06,capital,True,True,327.06067082,327.06067082,327.06067082
6,74,Provincia de San Luis,7,74.62826736,150.98019314,145.47801229,2025,2025-06,corriente,True,True,103.45962732,209.30881914,201.68096444
6,74,Provincia de San Luis,8,62.80855846,62.80855846,62.80855846,2025,2025-06,capital,True,True,87.07357521,87.07357521,87.07357521
6,78,Provincia de Santa Cruz,7,7727.21843155,7778.89773631,5939.81810726,2025,2025-06,corriente,True,True,10712.49765614,10784.14238005,8234.56566105
6,82,Provincia de Santa Fe,7,2874.26633291,3057.11143903,7228.74886843,2025,2025-06,corriente,True,True,3984.69017372,4238.17437222,10021.45286766
6,82,Provincia de Santa Fe,8,24008.01918089,306.23378811,132.51887068,2025,2025-06,capital,True,True,33283.10846678,424.54199612,183.7152792
6,86,Provincia de Santiago del Estero,7,2445.88649903,2572.52335293,5476.27479116,2025,2025-06,corriente,True,True,3390.81308755,3566.37393297,7591.94028024
6,86,Provincia de Santiago del Estero,8,313.11858183,313.11858183,857.33006869,2025,2025-06,capital,True,True,434.08661262,434.08661262,1188.54493797
6,90,Provincia de Tucumán,7,3858.89810204,3995.08041234,4477.08174264,2025,2025-06,corriente,True,True,5349.71765579,5538.5116821,6206.72601651
6,90,Provincia de Tucumán,8,4686.07195996,4791.04745331,4457.90033611,2025,2025-06,capital,True,True,6496.4560446,6641.98703177,6180.13420028
6,94,"Provincia de Tierra del Fuego, Antártida e Islas del Atlántico Sur",7,432.09447315,476.83008997,1248.53363666,2025,2025-06,corriente,True,True,599.02681306,661.04527346,1730.88334112
6,94,"Provincia de Tierra del Fuego, Antártida e Islas del Atlántico Sur",8,169.50179685,169.50179685,169.50179685,2025,2025-06,capital,True,True,234.98592897,234.98592897,234.98592897
6,96,Interprovincial,8,0.0,0.0,0.0,2025,2025-06,capital,False,True,0.0,0.0,0.0
6,97,Nacional,7,0.0,0.0,0.0,2025,2025-06,corriente,False,True,0.0,0.0,0.0
6,97,Nacional,8,0.0,0.0,0.0,2025,2025-06,capital,False,True,0.0,0.0,0.0
7,2,Ciudad Autónoma de Buenos Aires,7,143122.70389677,135655.37221805,125370.64801899,2025,2025-07,corriente,True,True,194712.89918841,184553.88345731,170561.91424747
7,2,Ciudad Autónoma de Buenos Aires,8,35.15784724,33.25881321,33.25881321,2025,2025-07,capital,True,True,47.83089041,45.24732811,45.24732811
7,6,Provincia de Buenos Aires,7,25023.49505751,24863.36831858,34901.79164339,2025,2025-07,corriente,True,True,34043.49650904,33825.65027832,47482.53668164
7,10,Provincia de Catamarca,7,3701.36306118,3701.36306118,3700.98604581,2025,2025-07,corriente,True,True,5035.56118609,5035.56118609,5035.04827127
7,10,Provincia de Catamarca,8,449.32414948,463.95590627,482.9398344,2025,2025-07,capital,True,True,611.28811459,631.19405339,657.02095286
7,14,Provincia de Córdoba,7,8395.49263477,8395.49263477,7096.73675464,2025,2025-07,corriente,True,True,11421.74278799,11421.74278799,9654.83568051
7,14,Provincia de Córdoba,8,0.0,2551.53027534,2690.00193708,2025,2025-07,capital,True,True,0.0,3471.25818442,3659.64352077
7,18,Provincia de Corrientes,7,1789.10609722,1789.10609722,1504.6369622,2025,2025-07,corriente,True,True,2434.00959918,2434.00959918,2047.00035116
7,18,Provincia de Corrientes,8,647.71332678,690.49510919,1214.86033936,2025,2025-07,capital,True,True,881.1889118,939.39187093,1652.77047139
7,22,Provincia del Chaco,7,4806.90174651,4806.90174651,6789.07463083,2025,2025-07,corriente,True,True,6539.60377839,6539.60377839,9236.27326891
7,22,Provincia del Chaco,8,68.6390828,107.72093186,257.72093186,2025,2025-07,capital,True,True,93.38081552,146.55015853,350.61935289
7,26,Provincia del Chubut,7,752.63983664,592.51309771,970.89542984,2025,2025-07,corriente,True,True,1023.93736736,806.09113663,1320.86565448
7,26,Provincia del Chubut,8,2222.69267765,0.0,0.0,2025,2025-07,capital,True,True,3023.88736019,0.0,0.0
7,30,Provincia de Entre Ríos,7,3101.72659413,3101.72659413,2350.29365527,2025,2025-07,corriente,True,True,4219.77898118,4219.77898118,3197.48355154
7,30,Provincia de Entre Ríos,8,77.88874114,77.88874114,77.88874114,2025,2025-07,capital,True,True,105.96461769,105.96461769,105.96461769
7,34,Provincia de Formosa,7,121.457914,121.457914,177.58495531,2025,2025-07,corriente,True,True,165.23879105,165.23879105,241.5974584
7,34,Provincia de Formosa,8,292.87434914,746.64673781,754.8519273,2025,2025-07,capital,True,True,398.44421651,1015.78398836,1026.94683108
7,38,Provincia de Jujuy,7,1876.380781,1859.548681,3617.42234216,2025,2025-07,corriente,True,True,2552.74342856,2529.84400798,4921.36308673
7,38,Provincia de Jujuy,8,54.73584581,54.73584581,54.73584581,2025,2025-07,capital,True,True,74.46599971,74.46599971,74.46599971
7,42,Provincia de La Pampa,7,144.45323297,144.45323297,175.35142498,2025,2025-07,corriente,True,True,196.5230325,196.5230325,238.55882683
7,46,Provincia de La Rioja,7,221.38396079,221.38396079,200.83714854,2025,2025-07,corriente,True,True,301.18431014,301.18431014,273.23116733
7,46,Provincia de La Rioja,8,600.82247342,629.37240617,659.15468257,2025,2025-07,capital,True,True,817.39572068,856.23679918,896.75443352
7,50,Provincia de Mendoza,7,1110.22321566,1110.22321566,1795.6714633,2025,2025-07,corriente,True,True,1510.4157145,1510.4157145,2442.94152562
7,50,Provincia de Mendoza,8,0.0,0.0,414.50760923,2025,2025-07,capital,True,True,0.0,0.0,563.92155913
7,54,Provincia de Misiones,7,757.911769,757.911769,164.60822515,2025,2025-07,corriente,True,True,1031.10962728,1031.10962728,223.94311927
7,54,Provincia de Misiones,8,63.09378257,63.09378257,59.57114506,2025,2025-07,capital,True,True,85.83664919,85.83664919,81.0442372
7,58,Provincia del Neuquén,7,5530.09075,5530.09075,4773.08094863,2025,2025-07,corriente,True,True,7523.47442712,7523.47442712,6493.59189188
7,62,Provincia de Río Negro,7,440.97269991,280.84596098,700.18055552,2025,2025-07,corriente,True,True,599.92629069,382.08005997,952.56854579
7,66,Provincia de Salta,7,3765.75676789,3753.09406789,7543.47412249,2025,2025-07,corriente,True,True,5123.16633176,5105.93921851,10262.60457881
7,66,Provincia de Salta,8,59.97857065,128.15354321,140.87059075,2025,2025-07,capital,True,True,81.59852394,174.34793544,191.64898642
7,70,Provincia de San Juan,7,148.23292194,147.90487194,568.56203184,2025,2025-07,corriente,True,True,201.66515305,201.21885372,773.50663853
7,70,Provincia de San Juan,8,427.91804795,0.0,165.54991192,2025,2025-07,capital,True,True,582.16594197,0.0,225.22424767
7,74,Provincia de San Luis,7,789.875541,789.875541,813.04331536,2025,2025-07,corriente,True,True,1074.59510196,1074.59510196,1106.11396228
7,74,Provincia de San Luis,8,189.93724745,189.93724745,189.93724745,2025,2025-07,capital,True,True,258.40227377,258.40227377,258.40227377
7,78,Provincia de Santa Cruz,7,2808.15505496,2648.02831603,3576.44291735,2025,2025-07,corriente,True,True,3820.38626462,3602.54003389,4865.61216536
7,82,Provincia de Santa Fe,7,1460.43612931,1460.43612931,4228.12911222,2025,2025-07,corriente,True,True,1986.86682878,1986.86682878,5752.20601042
7,82,Provincia de Santa Fe,8,586.04665164,7.704207,88.98166709,2025,2025-07,capital,True,True,797.29378703,10.48127544,121.0561141
7,86,Provincia de Santiago del Estero,7,246.25468746,246.25468746,1922.24753649,2025,2025-07,corriente,True,True,335.01997118,335.01997118,2615.14337416
7,86,Provincia de Santiago del Estero,8,460.52135231,460.52135231,460.52135231,2025,2025-07,capital,True,True,626.52147566,626.52147566,626.52147566
7,90,Provincia de Tucumán,7,6565.550731,6565.550731,6870.29048304,2025,2025-07,corriente,True,True,8932.17765452,8932.17765452,9346.76429244
7,90,Provincia de Tucumán,8,0.0,0.0,613.37617092,2025,2025-07,capital,True,True,0.0,0.0,834.47454025
7,94,"Provincia de Tierra del Fuego, Antártida e Islas del Atlántico Sur",7,380.55080733,220.4240684,652.42054155,2025,2025-07,corriente,True,True,517.72464442,299.8784137,887.5928953
7,94,"Provincia de Tierra del Fuego, Antártida e Islas del Atlántico Sur",8,105.06542617,105.06542617,105.06542617,2025,2025-07,capital,True,True,142.93744582,142.93744582,142.93744582
7,97,Nacional,7,0.0,0.0,0.0,2025,2025-07,corriente,False,True,0.0,0.0,0.0
7,97,Nacional,8,0.0,0.0,0.0,2025,2025-07,capital,False,True,0.0,0.0,0.0
8,2,Ciudad Autónoma de Buenos Aires,7,65165.331272,75487.29135072,70479.711919,2025,2025-08,corriente,True,True,87022.54771401,100806.61427087,94119.43396314
8,2,Ciudad Autónoma de Buenos Aires,8,13.06487546,14.96390949,14.96390949,2025,2025-08,capital,True,True,17.44698793,19.98298025,19.98298025
8,6,Provincia de Buenos Aires,7,57211.18106272,57371.30780165,43362.73023943,2025,2025-08,corriente,True,True,76400.48222919,76614.31735451,57907.09856933
8,10,Provincia de Catamarca,7,508.299515,508.299515,139.55275318,2025,2025-08,corriente,True,True,678.78913425,678.78913425,186.36038343
8,10,Provincia de Catamarca,8,-212.39256238,1114.84989843,832.44825684,2025,2025-08,capital,True,True,-283.63151898,1488.7836306,1111.66116609
8,14,Provincia de Córdoba,7,4877.15102116,4877.15102116,6197.16084002,2025,2025-08,corriente,True,True,6513.00467845,6513.00467845,8275.76127314
8,14,Provincia de Córdoba,8,-14732.79205707,419.7947989,10.1220168,2025,2025-08,capital,True,True,-19674.34331601,560.59889828,13.51705996
8,18,Provincia de Corrientes,7,207.34223768,207.34223768,1085.89702822,2025,2025-08,corriente,True,True,276.88725614,276.88725614,1450.11962812
8,18,Provincia de Corrientes,8,-2031.47379527,1683.41540083,1045.24195214,2025,2025-08,capital,True,True,-2712.85393365,2248.05267129,1395.82836268
8,22,Provincia del Chaco,7,262.560605,262.560605,3310.92555751,2025,2025-08,corriente,True,True,350.62651153,350.62651153,4421.44882381
8,22,Provincia del Chaco,8,-1248.75973744,1907.38240448,1307.38240448,2025,2025-08,capital,True,True,-1667.60840026,2547.1408349,1745.89379742
8,26,Provincia del Chubut,7,161.25117381,321.37791274,266.90603924,2025,2025-08,corriente,True,True,215.33670884,429.17183416,356.42945538
8,26,Provincia del Chubut,8,-2222.69267765,0.0,0.0,2025,2025-08,capital,True,True,-2968.20987201,0.0,0.0
8,30,Provincia de Entre Ríos,7,3108.74297595,3108.74297595,5314.5458983,2025,2025-08,corriente,True,True,4151.45183297,4151.45183297,7097.10692765
8,30,Provincia de Entre Ríos,8,550.0,550.0,0.0,2025,2025-08,capital,True,True,734.47645103,734.47645103,0.0
8,34,Provincia de Formosa,7,176.3097039,176.3097039,23.6668464,2025,2025-08,corriente,True,True,235.44604655,235.44604655,31.60498427
8,34,Provincia de Formosa,8,-1020.08927948,5.44466545,0.0,2025,2025-08,capital,True,True,-1362.23918859,7.2708701,0.0
8,38,Provincia de Jujuy,7,263.21205661,246.37995661,97.7327,2025,2025-08,corriente,True,True,351.49646765,329.01868388,130.5133939
8,38,Provincia de Jujuy,8,624.26621368,624.26621368,624.26621368,2025,2025-08,capital,True,True,833.65242385,833.65242385,833.65242385
8,42,Provincia de La Pampa,7,406.58400675,406.58400675,114.40170874,2025,2025-08,corriente,True,True,542.9570515,542.9570515,152.77338369
8,42,Provincia de La Pampa,8,3.90319325,3.90319325,0.0,2025,2025-08,capital,True,True,5.21237005,5.21237005,0.0
8,46,Provincia de La Rioja,7,107.2052,105.5879,131.78479292,2025,2025-08,corriente,True,True,143.1630815,141.00332012,175.98695819
8,46,Provincia de La Rioja,8,-190.54744022,0.0,0.0,2025,2025-08,capital,True,True,-254.45928663,0.0,0.0
8,50,Provincia de Mendoza,7,974.44380417,974.44380417,762.58477317,2025,2025-08,corriente,True,True,1301.28368548,1301.28368548,1018.36465056
8,54,Provincia de Misiones,7,242.8307508,242.8307508,550.51840105,2025,2025-08,corriente,True,True,324.27903281,324.27903281,735.16872987
8,54,Provincia de Misiones,8,126.59827648,157.95389014,150.9625274,2025,2025-08,capital,True,True,169.0608233,210.93347756,201.59712975
8,58,Provincia del Neuquén,7,1605.930346,1605.930346,1789.221872,2025,2025-08,corriente,True,True,2144.57822023,2144.57822023,2389.34787391
8,62,Provincia de Río Negro,7,280.560437,440.68717593,204.47209188,2025,2025-08,corriente,True,True,374.6636983,588.49882362,273.05442978
8,66,Provincia de Salta,7,797.477598,797.477598,28.1377284,2025,2025-08,corriente,True,True,1064.9609381,1064.9609381,37.57545254
8,66,Provincia de Salta,8,-561.42082312,796.88543372,802.68715678,2025,2025-08,capital,True,True,-749.72795218,1064.17015497,1071.917844
8,70,Provincia de San Juan,7,676.9652388,676.6371888,41.3317,2025,2025-08,corriente,True,True,904.02732011,903.5892383,55.19483697
8,70,Provincia de San Juan,8,-352.66879316,75.24925479,0.0,2025,2025-08,capital,True,True,-470.95804289,100.48873746,0.0
8,74,Provincia de San Luis,7,201.83986669,201.83986669,63.426492,2025,2025-08,corriente,True,True,269.53932539,269.53932539,84.70048136
8,74,Provincia de San Luis,8,75.67711411,75.67711411,0.0,2025,2025-08,capital,True,True,101.06010581,101.06010581,0.0
8,78,Provincia de Santa Cruz,7,6159.20724824,6319.33398717,5553.61894822,2025,2025-08,corriente,True,True,8225.07760151,8438.91272683,7416.36788263
8,82,Provincia de Santa Fe,7,5587.34197645,5587.34197645,2695.66414135,2025,2025-08,corriente,True,True,7461.40201008,7461.40201008,3599.82151218
8,82,Provincia de Santa Fe,8,-24371.72409021,-91.59625279,0.84120455,2025,2025-08,capital,True,True,-32546.28620946,-122.31871032,1.12335442
8,86,Provincia de Santiago del Estero,7,2577.52882442,2577.52882442,2448.90541642,2025,2025-08,corriente,True,True,3442.06222433,3442.06222433,3270.29701665
8,86,Provincia de Santiago del Estero,8,161.80479946,161.80479946,161.80479946,2025,2025-08,capital,True,True,216.07602703,216.07602703,216.07602703
8,90,Provincia de Tucumán,7,-124.61373816,-124.61373816,-182.29613816,2025,2025-08,corriente,True,True,-166.41064755,-166.41064755,-243.44040108
8,90,Provincia de Tucumán,8,-1780.39311518,303.27574695,38.49581098,2025,2025-08,capital,True,True,-2377.55784849,404.99798964,51.40775751
8,94,"Provincia de Tierra del Fuego, Antártida e Islas del Atlántico Sur",7,777.8530633,937.97980223,382.20426126,2025,2025-08,corriente,True,True,1038.75410428,1252.5892296,510.40005341
8,94,"Provincia de Tierra del Fuego, Antártida e Islas del Atlántico Sur",8,0.0,0.0,0.0,2025,2025-08,capital,True,True,0.0,0.0,0.0
8,97,Nacional,7,0.0,0.0,0.0,2025,2025-08,corriente,False,True,0.0,0.0,0.0
8,97,Nacional,8,0.0,0.0,0.0,2025,2025-08,capital,False,True,0.0,0.0,0.0
9,2,Ciudad Autónoma de Buenos Aires,7,38624.9799357,32411.74417904,49277.705474,2025,2025-09,corriente,True,True,50531.24269445,42402.75888785,64467.70196069
9,2,Ciudad Autónoma de Buenos Aires,8,375.05158815,375.05158815,186.75131267,2025,2025-09,capital,True,True,490.66233446,490.66233446,244.31794967
9,6,Provincia de Buenos Aires,7,65590.76828051,55356.19831767,46212.00195496,2025,2025-09,corriente,True,True,85809.31397286,72419.90795824,60456.9863873
9,6,Provincia de Buenos Aires,8,0.0,0.0,0.0,2025,2025-09,capital,True,True,0.0,0.0,0.0
9,10,Provincia de Catamarca,7,1025.08299454,1028.14794454,1051.261069,2025,2025-09,corriente,True,True,1341.06781842,1345.0775482,1375.31536071
9,10,Provincia de Catamarca,8,3224.78318852,3224.78318652,3507.18482811,2025,2025-09,capital,True,True,4218.83201512,4218.8320125,4588.28478406
9,14,Provincia de Córdoba,7,9152.18533078,9158.27368078,6030.807659,2025,2025-09,corriente,True,True,11973.37316172,11981.33826337,7889.82171558
9,14,Provincia de Córdoba,8,627.66197876,623.0529588,783.84244891,2025,2025-09,capital,True,True,821.140615,815.11085119,1025.46417075
9,18,Provincia de Corrientes,7,2267.65689244,2267.65689244,2091.20292468,2025,2025-09,corriente,True,True,2966.66874573,2966.66874573,2735.82232758
9,18,Provincia de Corrientes,8,1006.88658885,1006.88658885,931.97998177,2025,2025-09,capital,True,True,1317.26231759,1317.26231759,1219.26553033
9,22,Provincia del Chaco,7,6247.85994577,6277.44129577,3191.41666197,2025,2025-09,corriente,True,True,8173.78100302,8212.48089047,4175.18015941
9,22,Provincia del Chaco,8,399.20997993,399.20997993,558.05740245,2025,2025-09,capital,True,True,522.26762099,522.26762099,730.08022496
9,26,Provincia del Chubut,7,575.01587951,575.01587951,523.06101961,2025,2025-09,corriente,True,True,752.26620206,752.26620206,684.29610501
9,26,Provincia del Chubut,8,0.0,0.0,0.0,2025,2025-09,capital,True,True,0.0,0.0,0.0
9,30,Provincia de Entre Ríos,7,4892.68510048,4892.68510048,3235.90207461,2025,2025-09,corriente,True,True,6400.86955777,6400.86955777,4233.37833029
9,30,Provincia de Entre Ríos,8,1168.81785925,1168.81785925,918.81785925,2025,2025-09,capital,True,True,1529.10937455,1529.10937455,1202.04614514
9,34,Provincia de Formosa,7,1228.66919225,1233.68316725,513.34157013,2025,2025-09,corriente,True,True,1607.41005557,1613.96960299,671.58060687
9,34,Provincia de Formosa,8,1548.64474604,1548.64474604,1279.68073685,2025,2025-09,capital,True,True,2026.01900739,2026.01900739,1674.14605762
9,38,Provincia de Jujuy,7,1444.9837082,1461.8158082,569.10842561,2025,2025-09,corriente,True,True,1890.40415219,1912.42479612,744.53775825
9,38,Provincia de Jujuy,8,508.63179405,508.63179405,508.63179405,2025,2025-09,capital,True,True,665.41902857,665.41902857,665.41902857
9,42,Provincia de La Pampa,7,846.20982752,846.20982752,857.81790775,2025,2025-09,corriente,True,True,1107.05647578,1107.05647578,1122.24278061
9,42,Provincia de La Pampa,8,28.0,28.0,3.90319325,2025,2025-09,capital,True,True,36.63108169,36.63108169,5.10636396
9,46,Provincia de La Rioja,7,1348.54273022,1348.54273022,1015.3777092,2025,2025-09,corriente,True,True,1764.23496136,1764.23496136,1328.37085056
9,46,Provincia de La Rioja,8,189.19812339,189.19812339,189.19812339,2025,2025-09,capital,True,True,247.51899694,247.51899694,247.51899694
9,50,Provincia de Mendoza,7,2246.88521736,2246.88521736,663.126038,2025,2025-09,corriente,True,True,2939.4941412,2939.4941412,867.53657397
9,50,Provincia de Mendoza,8,2530.85310784,2530.85310784,2508.71967906,2025,2025-09,capital,True,True,3310.99596244,3310.99596244,3282.03983966
9,54,Provincia de Misiones,7,5266.38014363,5266.38014363,4793.98538675,2025,2025-09,corriente,True,True,6889.75718828,6889.75718828,6271.74536931
9,54,Provincia de Misiones,8,1063.7832775,1063.7832775,1039.29727775,2025,2025-09,capital,True,True,1391.69757652,1391.69757652,1359.66369591
9,58,Provincia del Neuquén,7,451.03522801,451.03522801,922.624316,2025,2025-09,corriente,True,True,590.068153,590.068153,1207.02595329
9,58,Provincia del Neuquén,8,0.0,0.0,0.0,2025,2025-09,capital,True,True,0.0,0.0,0.0
9,62,Provincia de Río Negro,7,1075.718106,1075.718106,959.8456158,2025,2025-09,corriente,True,True,1407.31135073,1407.31135073,1255.72082735
9,62,Provincia de Río Negro,8,16.71891829,16.71891829,0.0,2025,2025-09,capital,True,True,21.87257363,21.87257363,0.0
9,66,Provincia de Salta,7,2005.43178953,2005.43178953,1783.47766,2025,2025-09,corriente,True,True,2623.61198977,2623.61198977,2333.23985223
9,66,Provincia de Salta,8,2604.17776102,2604.17776101,2239.28028817,2025,2025-09,capital,True,True,3406.92315389,3406.92315388,2929.5449704
9,70,Provincia de San Juan,7,1914.76087254,1915.08892254,1305.94191912,2025,2025-09,corriente,True,True,2504.99149807,2505.42067044,1708.50232595
9,70,Provincia de San Juan,8,396.08211513,396.08211513,471.1421274,2025,2025-09,capital,True,True,518.17558274,518.17558274,616.37306279
9,74,Provincia de San Luis,7,1680.71125341,1680.71125341,1124.19652769,2025,2025-09,corriente,True,True,2198.79540097,2198.79540097,1470.73338734
9,74,Provincia de San Luis,8,912.80913736,912.80913736,912.08041522,2025,2025-09,capital,True,True,1194.18521719,1194.18521719,1193.23186433
9,78,Provincia de Santa Cruz,7,7098.69176598,5666.23791233,2865.89986705,2025,2025-09,corriente,True,True,9286.88421423,7412.87228082,3749.32186272
9,78,Provincia de Santa Cruz,8,7.7,7.7,7.7,2025,2025-09,capital,True,True,10.07354747,10.07354747,10.07354747
9,82,Provincia de Santa Fe,7,8183.18076649,8183.18076649,6384.0753861,2025,2025-09,corriente,True,True,10705.67011329,10705.67011329,8351.98525026
9,82,Provincia de Santa Fe,8,365.81445813,365.81445813,365.81445813,2025,2025-09,capital,True,True,478.57783216,478.57783216,478.57783216
9,86,Provincia de Santiago del Estero,7,3102.93686588,3108.45221588,361.759982,2025,2025-09,corriente,True,True,4059.42620802,4066.64168075,473.27355193
9,86,Provincia de Santiago del Estero,8,1047.73345392,1047.73345392,817.68286092,2025,2025-09,capital,True,True,1370.70034799,1370.70034799,1069.7359885
9,90,Provincia de Tucumán,7,5612.23548002,5620.04283002,3122.01905626,2025,2025-09,corriente,True,True,7342.22344119,7352.4374296,4084.39053926
9,90,Provincia de Tucumán,8,223.12642385,223.12642385,300.92029754,2025,2025-09,capital,True,True,291.905795,291.905795,393.67985723
9,94,"Provincia de Tierra del Fuego, Antártida e Islas del Atlántico Sur",7,878.08977787,878.08977787,1001.21702377,2025,2025-09,corriente,True,True,1148.76351384,1148.76351384,1309.84509253
9,94,"Provincia de Tierra del Fuego, Antártida e Islas del Atlántico Sur",8,0.0,0.0,0.0,2025,2025-09,capital,True,True,0.0,0.0,0.0
9,97,Nacional,7,0.0,0.0,0.0,2025,2025-09,corriente,False,True,0.0,0.0,0.0
9,97,Nacional,8,0.0,0.0,0.0,2025,2025-09,capital,False,True,0.0,0.0,0.0
10,2,Ciudad Autónoma de Buenos Aires,7,76373.03956586,71852.74579686,74917.67843859,2025,2025-10,corriente,True,True,97628.83995732,91850.47838572,95768.42927598
10,2,Ciudad Autónoma de Buenos Aires,8,327.90905814,327.90905814,363.29887209,2025,2025-10,capital,True,True,419.17123031,419.17123031,464.41057789
10,6,Provincia de Buenos Aires,7,50462.54413242,57679.86831726,64753.14852912,2025,2025-10,corriente,True,True,64507.05213447,73733.06947995,82774.95318266
10,6,Provincia de Buenos Aires,8,37.477125,37.477125,0.0,2025,2025-10,capital,True,True,47.90758963,47.90758963,0.0
10,10,Provincia de Catamarca,7,221.21619937,221.21619937,597.57651543,2025,2025-10,corriente,True,True,282.78409563,282.78409563,763.89131975
10,10,Provincia de Catamarca,8,688.81876832,688.81876832,668.35762442,2025,2025-10,capital,True,True,880.52770551,880.52770551,854.3719082
10,14,Provincia de Córdoba,7,7415.1829567,7415.1829567,8760.2883668,2025,2025-10,corriente,True,True,9478.94327958,9478.94327958,11198.41236913
10,14,Provincia de Córdoba,8,71.60343272,71.60343272,301.77086644,2025,2025-10,capital,True,True,91.53177762,91.53177762,385.75837483
10,18,Provincia de Corrientes,7,991.038667,991.038667,2073.56030344,2025,2025-10,corriente,True,True,1266.86008521,1266.86008521,2650.66426788
10,18,Provincia de Corrientes,8,324.07464693,324.07464693,821.34501727,2025,2025-10,capital,True,True,414.26964305,414.26964305,1049.93806318
10,22,Provincia del Chaco,7,2246.0071235,2246.0071235,5283.35072978,2025,2025-10,corriente,True,True,2871.1057102,2871.1057102,6753.78910893
10,22,Provincia del Chaco,8,1338.27934987,1338.27934987,1338.27934987,2025,2025-10,capital,True,True,1710.74323098,1710.74323098,1710.74323098
10,26,Provincia del Chubut,7,516.46098693,516.46098693,400.53740219,2025,2025-10,corriente,True,True,660.2000827,660.2000827,512.01316797
10,26,Provincia del Chubut,8,371.52318955,371.52318955,371.52318955,2025,2025-10,capital,True,True,474.92385034,474.92385034,474.92385034
10,30,Provincia de Entre Ríos,7,3422.84135583,3422.84135583,4905.51224211,2025,2025-10,corriente,True,True,4375.47114567,4375.47114567,6270.79231514
10,30,Provincia de Entre Ríos,8,620.25182541,620.25182541,620.25182541,2025,2025-10,capital,True,True,792.87751987,792.87751987,792.87751987
10,34,Provincia de Formosa,7,225.510056,225.510056,986.70640547,2025,2025-10,corriente,True,True,288.2729991,288.2729991,1261.32208816
10,34,Provincia de Formosa,8,2419.14355414,2419.14355414,2513.42425275,2025,2025-10,capital,True,True,3092.42869242,3092.42869242,3212.94917043
10,38,Provincia de Jujuy,7,122.821182,122.821182,1152.91200216,2025,2025-10,corriente,True,True,157.00422019,157.00422019,1473.78527794
10,38,Provincia de Jujuy,8,1627.68522883,1627.68522883,1627.68522883,2025,2025-10,capital,True,True,2080.6952507,2080.6952507,2080.6952507
10,42,Provincia de La Pampa,7,623.78644541,574.0438123,478.28055552,2025,2025-10,corriente,True,True,797.39587939,733.80910067,611.39344558
10,42,Provincia de La Pampa,8,31.764,31.764,31.764,2025,2025-10,capital,True,True,40.60441342,40.60441342,40.60441342
10,46,Provincia de La Rioja,7,282.36252938,282.36252938,629.41329497,2025,2025-10,corriente,True,True,360.94839681,360.94839681,804.58876838
10,46,Provincia de La Rioja,8,1805.88399116,1805.88399116,1805.88399116,2025,2025-10,capital,True,True,2308.48948996,2308.48948996,2308.48948996
10,50,Provincia de Mendoza,7,1340.44317664,1340.44317664,3091.079186,2025,2025-10,corriente,True,True,1713.50928427,1713.50928427,3951.37442297
10,50,Provincia de Mendoza,8,60.16546222,60.16546222,82.298891,2025,2025-10,capital,True,True,76.91044268,76.91044268,105.20394767
10,54,Provincia de Misiones,7,1057.31924403,1057.31924403,1052.84494466,2025,2025-10,corriente,True,True,1351.58757391,1351.58757391,1345.86800769
10,54,Provincia de Misiones,8,95.70334731,95.70334731,71.35751506,2025,2025-10,capital,True,True,122.33907189,122.33907189,91.21741726
10,58,Provincia del Neuquén,7,5085.96612315,5085.96612315,5279.23978342,2025,2025-10,corriente,True,True,6501.4693076,6501.4693076,6748.5340225
10,62,Provincia de Río Negro,7,390.17569396,311.30594779,611.44005945,2025,2025-10,corriente,True,True,498.76763577,397.94721707,781.6133029
10,62,Provincia de Río Negro,8,22.669,22.669,16.71891829,2025,2025-10,capital,True,True,28.97813398,28.97813398,21.37205233
10,66,Provincia de Salta,7,2196.01719651,2196.01719651,1640.47203704,2025,2025-10,corriente,True,True,2807.20281189,2807.20281189,2097.04082578
10,66,Provincia de Salta,8,644.32627172,644.32627172,644.32627172,2025,2025-10,capital,True,True,823.65225765,823.65225765,823.65225765
10,70,Provincia de San Juan,7,3691.53304292,3691.53304292,3766.50552728,2025,2025-10,corriente,True,True,4718.94389294,4718.94389294,4814.78238147
10,70,Provincia de San Juan,8,149.88798052,149.88798052,120.07722304,2025,2025-10,capital,True,True,191.60412817,191.60412817,153.49657493
10,74,Provincia de San Luis,7,127.75079344,127.75079344,743.73454001,2025,2025-10,corriente,True,True,163.30581889,163.30581889,950.72738744
10,74,Provincia de San Luis,8,34.6957647,34.6957647,74.6957647,2025,2025-10,capital,True,True,44.35213366,44.35213366,95.48475351
10,78,Provincia de Santa Cruz,7,3502.51240364,1668.37540654,3173.69686329,2025,2025-10,corriente,True,True,4477.31588067,2132.71013541,4056.9858801
10,82,Provincia de Santa Fe,7,2073.2294312,2073.2294312,5199.11894149,2025,2025-10,corriente,True,True,2650.24130877,2650.24130877,6646.1143087
10,82,Provincia de Santa Fe,8,4942.70864143,4942.70864143,4942.70864143,2025,2025-10,capital,True,True,6318.34104879,6318.34104879,6318.34104879
10,86,Provincia de Santiago del Estero,7,429.87090641,374.9200904,2962.56225228,2025,2025-10,corriente,True,True,549.51064096,479.26616134,3787.0892351
10,86,Provincia de Santiago del Estero,8,792.4959542,792.4959542,872.5465472,2025,2025-10,capital,True,True,1013.05985881,1013.05985881,1115.38977231
10,90,Provincia de Tucumán,7,3273.80921546,3273.80921546,5703.91177922,2025,2025-10,corriente,True,True,4184.96105123,4184.96105123,7291.39881547
10,90,Provincia de Tucumán,8,2777.51848508,2777.51848508,2600.02282322,2025,2025-10,capital,True,True,3550.54492004,3550.54492004,3323.649465
10,94,"Provincia de Tierra del Fuego, Antártida e Islas del Atlántico Sur",7,1105.90902784,1105.90902784,1470.77396791,2025,2025-10,corriente,True,True,1413.70064751,1413.70064751,1880.11315436
10,94,"Provincia de Tierra del Fuego, Antártida e Islas del Atlántico Sur",8,4.73039704,4.73039704,4.73039704,2025,2025-10,capital,True,True,6.04693984,6.04693984,6.04693984
10,97,Nacional,7,0.0,0.0,0.0,2025,2025-10,corriente,False,True,0.0,0.0,0.0
10,97,Nacional,8,0.0,0.0,0.0,2025,2025-10,capital,False,True,0.0,0.0,0.0
11,2,Ciudad Autónoma de Buenos Aires,7,40741.80689881,51454.63283804,48433.50985406,2025,2025-11,corriente,True,True,50824.04528231,64187.93834649,60419.18818471
11,2,Ciudad Autónoma de Buenos Aires,8,186.47058888,186.47058888,186.47058888,2025,2025-11,capital,True,True,232.61584045,232.61584045,232.61584045
11,6,Provincia de Buenos Aires,7,7697.06540564,10714.31118364,25228.14826972,2025,2025-11,corriente,True,True,9601.8323804,13365.74585704,31471.27355529
11,10,Provincia de Catamarca,7,142.44341608,142.44341608,126.701756,2025,2025-11,corriente,True,True,177.69341078,177.69341078,158.05621484
11,10,Provincia de Catamarca,8,1717.76995122,1717.76995122,1718.23109512,2025,2025-11,capital,True,True,2142.86072295,2142.86072295,2143.43598458
11,14,Provincia de Córdoba,7,7580.46614785,7580.46614785,9403.93296963,2025,2025-11,corriente,True,True,9456.37869514,9456.37869514,11731.0927389
11,14,Provincia de Córdoba,8,399.40471423,399.40471423,113.71960324,2025,2025-11,capital,True,True,498.24406002,498.24406002,141.86141226
11,18,Provincia de Corrientes,7,585.09921201,537.21995404,1175.41056511,2025,2025-11,corriente,True,True,729.89175271,670.16397526,1466.28547759
11,18,Provincia de Corrientes,8,2163.86751154,2163.86751154,2430.3813774,2025,2025-11,capital,True,True,2699.35255117,2699.35255117,3031.81971004
11,22,Provincia del Chaco,7,673.24166875,663.5346537,891.41404552,2025,2025-11,corriente,True,True,839.84652776,827.73735023,1112.00929127
11,22,Provincia del Chaco,8,898.58713526,898.58713526,898.47446961,2025,2025-11,capital,True,True,1120.95748149,1120.95748149,1120.81693485
11,26,Provincia del Chubut,7,400.32636652,400.32636652,715.31208782,2025,2025-11,corriente,True,True,499.39379052,499.39379052,892.32797241
11,26,Provincia del Chubut,8,19.42182693,19.42182693,19.42182693,2025,2025-11,capital,True,True,24.22808134,24.22808134,24.22808134
11,30,Provincia de Entre Ríos,7,9137.8716613,9125.23498764,9226.70187318,2025,2025-11,corriente,True,True,11399.19013046,11383.42630153,11510.0028571
11,30,Provincia de Entre Ríos,8,81.14646697,81.14646697,631.14646697,2025,2025-11,capital,True,True,101.22751114,101.22751114,787.3341675
11,34,Provincia de Formosa,7,2749.90869566,2749.90869566,2798.37779421,2025,2025-11,corriente,True,True,3430.41938266,3430.41938266,3490.88296656
11,34,Provincia de Formosa,8,1526.64464552,1526.64464552,1706.77262155,2025,2025-11,capital,True,True,1904.43827851,1904.43827851,2129.14192097
11,38,Provincia de Jujuy,7,7890.73827945,7882.06126866,6258.81378466,2025,2025-11,corriente,True,True,9843.43283109,9832.60854953,7807.66145191
11,38,Provincia de Jujuy,8,872.15146195,872.15146195,872.15146195,2025,2025-11,capital,True,True,1087.97986072,1087.97986072,1087.97986072
11,42,Provincia de La Pampa,7,90.86721885,128.39712348,614.58512673,2025,2025-11,corriente,True,True,113.3538249,160.17112923,766.6744479
11,46,Provincia de La Rioja,7,49.02093278,50.63823278,140.89708821,2025,2025-11,corriente,True,True,61.15197869,63.1695065,175.76441833
11,46,Provincia de La Rioja,8,190.35553263,190.35553263,115.35553263,2025,2025-11,capital,True,True,237.4621782,237.4621782,143.90217961
11,50,Provincia de Mendoza,7,896.94327178,896.94327178,932.79954078,2025,2025-11,corriente,True,True,1118.90681662,1118.90681662,1163.63631632
11,50,Provincia de Mendoza,8,43.44685284,43.44685284,46.48063603,2025,2025-11,capital,True,True,54.19849988,54.19849988,57.98304322
11,54,Provincia de Misiones,7,466.5153197,497.7442697,892.247964,2025,2025-11,corriente,True,True,581.96230207,620.91937564,1113.04957677
11,54,Provincia de Misiones,8,468.14320518,468.14320518,585.14469795,2025,2025-11,capital,True,True,583.99303491,583.99303491,729.9484949
11,58,Provincia del Neuquén,7,16192.255236,16192.255236,16276.72385674,2025,2025-11,corriente,True,True,20199.29836154,20199.29836154,20304.67014871
11,62,Provincia de Río Negro,7,198.05595318,276.92569935,299.57949671,2025,2025-11,corriente,True,True,247.06819601,345.45557389,373.71543055
11,66,Provincia de Salta,7,4283.10695026,4271.08167948,1810.498354,2025,2025-11,corriente,True,True,5343.03306993,5328.0319457,2258.53631273
11,66,Provincia de Salta,8,2853.11027602,2853.11027602,2712.82374206,2025,2025-11,capital,True,True,3559.15991218,3559.15991218,3384.15713991
11,70,Provincia de San Juan,7,595.11752789,595.11752789,1533.86911792,2025,2025-11,corriente,True,True,742.38926764,742.38926764,1913.45056688
11,70,Provincia de San Juan,8,97.62017656,97.62017656,97.62017656,2025,2025-11,capital,True,True,121.77791442,121.77791442,121.77791442
11,74,Provincia de San Luis,7,70.396528,70.396528,154.56605684,2025,2025-11,corriente,True,True,87.81732081,87.81732081,192.81600081
11,74,Provincia de San Luis,8,520.40368137,520.40368137,520.40368137,2025,2025-11,capital,True,True,649.18623596,649.18623596,649.18623596
11,78,Provincia de Santa Cruz,7,599.741578,2970.26202541,3453.90705046,2025,2025-11,corriente,True,True,748.15761593,3705.30281229,4308.63385047
11,78,Provincia de Santa Cruz,8,5.64496809,5.64496809,5.64496809,2025,2025-11,capital,True,True,7.04190942,7.04190942,7.04190942
11,82,Provincia de Santa Fe,7,1664.8548247,1664.8548247,2409.02371618,2025,2025-11,corriente,True,True,2076.85086744,2076.85086744,3005.17673999
11,82,Provincia de Santa Fe,8,71.6805083,71.6805083,70.25184876,2025,2025-11,capital,True,True,89.41904341,89.41904341,87.63683828
11,86,Provincia de Santiago del Estero,7,1616.11359588,1665.51571809,1777.27300901,2025,2025-11,corriente,True,True,2016.04781011,2077.67530991,2217.08880299
11,86,Provincia de Santiago del Estero,8,165.44695701,165.44695701,315.44695701,2025,2025-11,capital,True,True,206.38956087,206.38956087,393.50955806
11,90,Provincia de Tucumán,7,542.54138303,542.54138303,339.909056,2025,2025-11,corriente,True,True,676.80228045,676.80228045,424.02521069
11,90,Provincia de Tucumán,8,3137.2255745,3137.2255745,2628.65415283,2025,2025-11,capital,True,True,3913.58427119,3913.58427119,3279.15838458
11,94,"Provincia de Tierra del Fuego, Antártida e Islas del Atlántico Sur",7,776.23146673,767.34531673,833.12770973,2025,2025-11,corriente,True,True,968.32286581,957.23769006,1039.29903135
11,94,"Provincia de Tierra del Fuego, Antártida e Islas del Atlántico Sur",8,160.8349207,160.8349207,160.8349207,2025,2025-11,capital,True,True,200.63619939,200.63619939,200.63619939
11,97,Nacional,7,0.0,0.0,0.0,2025,2025-11,corriente,False,True,0.0,0.0,0.0
12,2,Ciudad Autónoma de Buenos Aires,7,99645.5956302,99666.29921663,62490.56540662,2025,2025-12,corriente,True,True,120865.60210566,120890.71461991,75798.23037864
12,2,Ciudad Autónoma de Buenos Aires,8,23.38629919,23.38629919,101.54015736,2025,2025-12,capital,True,True,28.36652353,28.36652353,123.16361982
12,6,Provincia de Buenos Aires,7,99999.99841264,99999.99841264,33520.33999134,2025,2025-12,corriente,True,True,121295.47665673,121295.47665673,40658.65681485
12,6,Provincia de Buenos Aires,8,107.3874635,107.3874635,0.0,2025,2025-12,capital,True,True,130.25613779,130.25613779,0.0
12,10,Provincia de Catamarca,7,11908.47989027,11911.54484027,11644.28601767,2025,2025-12,corriente,True,True,14444.44767476,14448.16532053,14123.9924526
12,10,Provincia de Catamarca,8,3306.35050293,3306.35050293,3216.45200661,2025,2025-12,capital,True,True,4010.45366613,4010.45366613,3901.41085478
12,14,Provincia de Córdoba,7,17112.65286271,17118.74121271,6090.03619665,2025,2025-12,corriente,True,True,20756.87418792,20764.25908119,7386.93855055
12,14,Provincia de Córdoba,8,3703.20678168,3703.20678168,915.39189374,2025,2025-12,capital,True,True,4491.82238872,4491.82238872,1110.32897841
12,18,Provincia de Corrientes,7,5388.07694539,5406.6100881,1251.61471175,2025,2025-12,corriente,True,True,6535.49371728,6557.97358143,1518.15205462
12,18,Provincia de Corrientes,8,1633.02230013,1633.02230013,605.91860266,2025,2025-12,capital,True,True,1980.7822143,1980.7822143,734.95186891
12,22,Provincia del Chaco,7,65652.50750165,65691.7958667,54446.27033481,2025,2025-12,corriente,True,True,79633.52317529,79681.17818571,66040.86417273
12,22,Provincia del Chaco,8,1210.9680359,1210.9680359,1426.23327903,2025,2025-12,capital,True,True,1468.84947462,1468.84947462,1729.9564815
12,26,Provincia del Chubut,7,11806.61140606,11806.61140606,10681.32062605,2025,2025-12,corriente,True,True,14320.88580931,14320.88580931,12955.95897226
12,26,Provincia del Chubut,8,18.70843802,18.70843802,0.0,2025,2025-12,capital,True,True,22.69248943,22.69248943,0.0
12,30,Provincia de Entre Ríos,7,19545.20883781,19557.84551147,14549.77332705,2025,2025-12,corriente,True,True,23707.4545997,23722.78231349,17648.21718966
12,30,Provincia de Entre Ríos,8,116.92720332,116.92720332,366.92720332,2025,2025-12,capital,True,True,141.82741086,141.82741086,445.06610732
12,34,Provincia de Formosa,7,2667.11370161,2672.12767661,1563.51953523,2025,2025-12,corriente,True,True,3235.0883287,3241.17005367,1896.47850298
12,34,Provincia de Formosa,8,1821.64307615,1821.64307615,116.26122044,2025,2025-12,capital,True,True,2209.57068727,2209.57068727,141.01960374
12,38,Provincia de Jujuy,7,5341.02611529,5366.53522608,4552.69595523,2025,2025-12,corriente,True,True,6478.42318774,6509.36458575,5522.21434729
12,38,Provincia de Jujuy,8,507.87364543,507.87364543,378.29756766,2025,2025-12,capital,True,True,616.02776882,616.02776882,458.85784516
12,42,Provincia de La Pampa,7,3982.9215105,3995.13423898,2692.84871985,2025,2025-12,corriente,True,True,4831.10370771,4845.91719517,3266.30374223
12,42,Provincia de La Pampa,8,12.43205992,12.43205992,28.0,2025,2025-12,capital,True,True,15.07952658,15.07952658,33.962734
12,46,Provincia de La Rioja,7,1561.63399119,1561.63399119,214.98617658,2025,2025-12,corriente,True,True,1894.19142332,1894.19142332,260.76851177
12,46,Provincia de La Rioja,8,-254.33719486,-254.33719486,75.0,2025,2025-12,capital,True,True,-308.49951772,-308.49951772,90.97160894
12,50,Provincia de Mendoza,7,6572.49127754,6572.49127754,1336.72766025,2025,2025-12,corriente,True,True,7972.13474986,7972.13474986,1621.39021284
12,50,Provincia de Mendoza,8,594.80959953,594.80959953,489.91459953,2025,2025-12,capital,True,True,721.4771504,721.4771504,594.24425814
12,54,Provincia de Misiones,7,18447.69235553,18447.69235553,14883.34208768,2025,2025-12,corriente,True,True,22376.21673,22376.21673,18052.82101427
12,54,Provincia de Misiones,8,2247.24775785,2247.24775785,396.40343582,2025,2025-12,capital,True,True,2725.80992281,2725.80992281,480.81944459
12,58,Provincia del Neuquén,7,12668.36727942,12668.36727942,11573.42012329,2025,2025-12,corriente,True,True,15366.15672011,15366.15672011,14038.03532686
12,58,Provincia del Neuquén,8,2959.04130964,2959.04130964,2959.04130964,2025,2025-12,capital,True,True,3589.18331797,3589.18331797,3589.18331797
12,62,Provincia de Río Negro,7,2985.12625501,2985.12625501,1727.96919536,2025,2025-12,corriente,True,True,3620.8231773,3620.8231773,2095.94850526
12,62,Provincia de Río Negro,8,73.81394322,73.81394322,22.669,2025,2025-12,capital,True,True,89.53297569,89.53297569,27.49647204
12,66,Provincia de Salta,7,9070.51466051,9095.20263129,10770.36093679,2025,2025-12,corriente,True,True,11002.12416733,11032.06955964,13063.9608433
12,66,Provincia de Salta,8,597.67455275,597.67455275,661.56346664,2025,2025-12,capital,True,True,724.95220912,724.95220912,802.44657299
12,70,Provincia de San Juan,7,3307.53587653,3307.86392653,839.87287187,2025,2025-12,corriente,True,True,4011.89147071,4012.28938053,1018.72781942
12,70,Provincia de San Juan,8,612.96887435,612.96887435,140.80123682,2025,2025-12,capital,True,True,743.5035297,743.5035297,170.78553405
12,74,Provincia de San Luis,7,960.14630569,960.14630569,50.68363419,2025,2025-12,corriente,True,True,1164.61405658,1164.61405658,61.47695665
12,74,Provincia de San Luis,8,9191.98263627,9191.98263627,9191.98263627,2025,2025-12,capital,True,True,11149.45932985,11149.45932985,11149.45932985
12,78,Provincia de Santa Cruz,7,2907.36595778,3803.43636112,4907.48905285,2025,2025-12,corriente,True,True,3526.50345262,4613.39633679,5952.56233302
12,78,Provincia de Santa Cruz,8,24.02373681,24.02373681,10.33688622,2025,2025-12,capital,True,True,29.13970654,29.13970654,12.53817561
12,82,Provincia de Santa Fe,7,13422.65030856,13422.65030856,2774.2049843,2025,2025-12,corriente,True,True,16281.06793017,16281.06793017,3364.98521256
12,82,Provincia de Santa Fe,8,2850.96946717,2850.96946717,149.59781671,2025,2025-12,capital,True,True,3458.09705943,3458.09705943,181.45538773
12,86,Provincia de Santiago del Estero,7,9495.74934623,9506.81339003,1602.34557845,2025,2025-12,corriente,True,True,11517.91461447,11531.33479935,1943.57273792
12,86,Provincia de Santiago del Estero,8,349.51885322,349.51885322,117.48625622,2025,2025-12,capital,True,True,423.95056575,423.95056575,142.50551675
12,90,Provincia de Tucumán,7,27267.30747905,27275.11482905,20765.80204524,2025,2025-12,corriente,True,True,33074.01110317,33083.48106572,25187.97897219
12,90,Provincia de Tucumán,8,3200.500374,3200.500374,1690.08435932,2025,2025-12,capital,True,True,3882.06224567,3882.06224567,2049.99591208
12,94,"Provincia de Tierra del Fuego, Antártida e Islas del Atlántico Sur",7,2742.33151228,2751.21766228,1838.4483545,2025,2025-12,corriente,True,True,3326.32413213,3337.1026303,2229.95473008
12,94,"Provincia de Tierra del Fuego, Antártida e Islas del Atlántico Sur",8,911.65712777,911.65712777,911.65712777,2025,2025-12,capital,True,True,1105.79887616,1105.79887616,1105.79887616
12,97,Nacional,7,0.0,0.0,0.0,2025,2025-12,corriente,False,True,0.0,0.0,0.0
12,97,Nacional,8,0.0,0.0,0.0,2025,2025-12,capital,False,True,0.0,0.0,0.0
1,2,Ciudad Autónoma de Buenos Aires,7,642.30717799,642.30717799,393.29678599,2026,2026-01,corriente,True,True,757.2679847,757.2679847,463.68945377
1,2,Ciudad Autónoma de Buenos Aires,8,0.0,0.0,0.0,2026,2026-01,capital,True,True,0.0,0.0,0.0
1,6,Provincia de Buenos Aires,7,402.45032,402.45032,16.055,2026,2026-01,corriente,True,True,474.48129682,474.48129682,18.9285406
1,6,Provincia de Buenos Aires,8,0.0,0.0,0.0,2026,2026-01,capital,True,True,0.0,0.0,0.0
1,10,Provincia de Catamarca,7,0.135,0.135,0.135,2026,2026-01,corriente,True,True,0.15916244,0.15916244,0.15916244
1,10,Provincia de Catamarca,8,0.0,0.0,0.0,2026,2026-01,capital,True,True,0.0,0.0,0.0
1,14,Provincia de Córdoba,7,10076.1338,10076.1338,10010.06,2026,2026-01,corriente,True,True,11879.57070667,11879.57070667,11801.67094923
1,14,Provincia de Córdoba,8,0.0,0.0,0.0,2026,2026-01,capital,True,True,0.0,0.0,0.0
1,18,Provincia de Corrientes,7,3014.178016,3014.178016,3000.0,2026,2026-01,corriente,True,True,3553.65873204,3553.65873204,3536.94311999
1,18,Provincia de Corrientes,8,0.0,0.0,0.0,2026,2026-01,capital,True,True,0.0,0.0,0.0
1,22,Provincia del Chaco,7,6.045,6.045,6.045,2026,2026-01,corriente,True,True,7.12694039,7.12694039,7.12694039
1,22,Provincia del Chaco,8,0.0,0.0,0.0,2026,2026-01,capital,True,True,0.0,0.0,0.0
1,26,Provincia del Chubut,7,4000.0,4000.0,4000.0,2026,2026-01,corriente,True,True,4715.92415999,4715.92415999,4715.92415999
1,26,Provincia del Chubut,8,0.0,0.0,0.0,2026,2026-01,capital,True,True,0.0,0.0,0.0
1,30,Provincia de Entre Ríos,7,12003.6484,12003.6484,12000.0,2026,2026-01,corriente,True,True,14152.07387439,14152.07387439,14147.77247996
1,34,Provincia de Formosa,7,5.004792,5.004792,3.575,2026,2026-01,corriente,True,True,5.90055488,5.90055488,4.21485722
1,34,Provincia de Formosa,8,0.0,0.0,0.0,2026,2026-01,capital,True,True,0.0,0.0,0.0
1,38,Provincia de Jujuy,7,24.755,24.755,0.0,2026,2026-01,corriente,True,True,29.18567565,29.18567565,0.0
1,38,Provincia de Jujuy,8,0.0,0.0,0.0,2026,2026-01,capital,True,True,0.0,0.0,0.0
1,42,Provincia de La Pampa,7,10013.155676,10013.155676,10004.2841,2026,2026-01,corriente,True,True,11805.32069254,11805.32069254,11794.86127264
1,46,Provincia de La Rioja,7,0.0,0.0,0.0,2026,2026-01,corriente,True,True,0.0,0.0,0.0
1,46,Provincia de La Rioja,8,0.0,0.0,0.0,2026,2026-01,capital,True,True,0.0,0.0,0.0
1,50,Provincia de Mendoza,7,41.490816,41.490816,3.625,2026,2026-01,corriente,True,True,48.9168854,48.9168854,4.27380627
1,50,Provincia de Mendoza,8,0.0,0.0,0.0,2026,2026-01,capital,True,True,0.0,0.0,0.0
1,54,Provincia de Misiones,7,25.214784,25.214784,6.855,2026,2026-01,corriente,True,True,29.72775226,29.72775226,8.08191503
1,54,Provincia de Misiones,8,0.0,0.0,0.0,2026,2026-01,capital,True,True,0.0,0.0,0.0
1,58,Provincia del Neuquén,7,11.3605,11.3605,2.14,2026,2026-01,corriente,True,True,13.3938141,13.3938141,2.52301943
1,62,Provincia de Río Negro,7,7.22,7.22,2.72,2026,2026-01,corriente,True,True,8.51224311,8.51224311,3.20682843
1,66,Provincia de Salta,7,0.85,0.85,0.0,2026,2026-01,corriente,True,True,1.00213388,1.00213388,0.0
1,66,Provincia de Salta,8,0.0,0.0,0.0,2026,2026-01,capital,True,True,0.0,0.0,0.0
1,70,Provincia de San Juan,7,21.3232,21.3232,3.46,2026,2026-01,corriente,True,True,25.13964851,25.13964851,4.0792744
1,70,Provincia de San Juan,8,0.0,0.0,0.0,2026,2026-01,capital,True,True,0.0,0.0,0.0
1,74,Provincia de San Luis,7,20.615884,20.615884,5.5863,2026,2026-01,corriente,True,True,24.30573636,24.30573636,6.58614178
1,74,Provincia de San Luis,8,0.0,0.0,0.0,2026,2026-01,capital,True,True,0.0,0.0,0.0
1,78,Provincia de Santa Cruz,7,5.42,5.42,5.42,2026,2026-01,corriente,True,True,6.39007724,6.39007724,6.39007724
1,78,Provincia de Santa Cruz,8,0.0,0.0,0.0,2026,2026-01,capital,True,True,0.0,0.0,0.0
1,82,Provincia de Santa Fe,7,85.5746,85.5746,18.8201,2026,2026-01,corriente,True,True,100.89083091,100.89083091,22.18854107
1,82,Provincia de Santa Fe,8,0.0,0.0,0.0,2026,2026-01,capital,True,True,0.0,0.0,0.0
1,86,Provincia de Santiago del Estero,7,24.34228,24.34228,9.17,2026,2026-01,corriente,True,True,28.69908659,28.69908659,10.81125614
1,86,Provincia de Santiago del Estero,8,0.0,0.0,0.0,2026,2026-01,capital,True,True,0.0,0.0,0.0
1,90,Provincia de Tucumán,7,52.62352,52.62352,0.0,2026,2026-01,corriente,True,True,62.04213234,62.04213234,0.0
1,90,Provincia de Tucumán,8,0.0,0.0,0.0,2026,2026-01,capital,True,True,0.0,0.0,0.0
1,94,"Provincia de Tierra del Fuego, Antártida e Islas del Atlántico Sur",7,0.0,0.0,0.0,2026,2026-01,corriente,True,True,0.0,0.0,0.0
1,94,"Provincia de Tierra del Fuego, Antártida e Islas del Atlántico Sur",8,0.0,0.0,0.0,2026,2026-01,capital,True,True,0.0,0.0,0.0
1,96,Interprovincial,7,0.0,0.0,0.0,2026,2026-01,corriente,False,True,0.0,0.0,0.0
1,96,Interprovincial,8,0.0,0.0,0.0,2026,2026-01,capital,False,True,0.0,0.0,0.0
1,97,Nacional,7,0.0,0.0,0.0,2026,2026-01,corriente,False,True,0.0,0.0,0.0
1,97,Nacional,8,0.0,0.0,0.0,2026,2026-01,capital,False,True,0.0,0.0,0.0
2,2,Ciudad Autónoma de Buenos Aires,7,88457.68509328,88457.68509328,88447.55233408,2026,2026-02,corriente,True,True,101354.38712178,101354.38712178,101342.77705537
2,2,Ciudad Autónoma de Buenos Aires,8,149.43353976,149.43353976,149.43353976,2026,2026-02,capital,True,True,171.22022605,171.22022605,171.22022605
2,6,Provincia de Buenos Aires,7,44664.49525165,44664.49525165,561.75284779,2026,2026-02,corriente,True,True,51176.36232014,51176.36232014,643.65369206
2,6,Provincia de Buenos Aires,8,0.0,0.0,0.0,2026,2026-02,capital,True,True,0.0,0.0,0.0
2,10,Provincia de Catamarca,7,298.53166023,298.53166023,16.8570263,2026,2026-02,corriente,True,True,342.05613031,342.05613031,19.31469908
2,10,Provincia de Catamarca,8,0.0,0.0,0.0,2026,2026-02,capital,True,True,0.0,0.0,0.0
2,14,Provincia de Córdoba,7,5114.94704268,5114.94704268,66.0738,2026,2026-02,corriente,True,True,5860.68154649,5860.68154649,75.70704
2,14,Provincia de Córdoba,8,0.0,0.0,0.0,2026,2026-02,capital,True,True,0.0,0.0,0.0
2,18,Provincia de Corrientes,7,4636.63462478,4636.63462478,3037.94015769,2026,2026-02,corriente,True,True,5312.63349484,5312.63349484,3480.85711796
2,18,Provincia de Corrientes,8,0.0,0.0,0.0,2026,2026-02,capital,True,True,0.0,0.0,0.0
2,22,Provincia del Chaco,7,4691.59465024,4691.59465024,8.2026,2026,2026-02,corriente,True,True,5375.6064258,5375.6064258,9.39849935
2,22,Provincia del Chaco,8,0.0,0.0,0.0,2026,2026-02,capital,True,True,0.0,0.0,0.0
2,26,Provincia del Chubut,7,426.66401566,426.66401566,31.99462734,2026,2026-02,corriente,True,True,488.86956253,488.86956253,36.65928904
2,26,Provincia del Chubut,8,0.0,0.0,0.0,2026,2026-02,capital,True,True,0.0,0.0,0.0
2,30,Provincia de Entre Ríos,7,4291.7645834,4291.7645834,23.7747567,2026,2026-02,corriente,True,True,4917.48307185,4917.48307185,27.24100107
2,34,Provincia de Formosa,7,1519.05539034,1519.05539034,20.32988357,2026,2026-02,corriente,True,True,1740.52630848,1740.52630848,23.29388212
2,34,Provincia de Formosa,8,55.03717881,55.03717881,0.0,2026,2026-02,capital,True,True,63.0613329,63.0613329,0.0
2,38,Provincia de Jujuy,7,7082.97375781,7082.97375781,3024.755,2026,2026-02,corriente,True,True,8115.63702425,8115.63702425,3465.74962814
2,38,Provincia de Jujuy,8,444.87730828,444.87730828,444.87730828,2026,2026-02,capital,True,True,509.738265,509.738265,509.738265
2,42,Provincia de La Pampa,7,403.28222515,403.28222515,28.64269892,2026,2026-02,corriente,True,True,462.07882022,462.07882022,32.81866569
2,46,Provincia de La Rioja,7,187.17773421,187.17773421,16.07483558,2026,2026-02,corriente,True,True,214.46734123,214.46734123,18.41846875
2,46,Provincia de La Rioja,8,11.87488419,11.87488419,11.87488419,2026,2026-02,capital,True,True,13.60618479,13.60618479,13.60618479
2,50,Provincia de Mendoza,7,1537.97851364,1537.97851364,68.43471142,2026,2026-02,corriente,True,True,1762.2083315,1762.2083315,78.41216087
2,50,Provincia de Mendoza,8,0.0,0.0,0.0,2026,2026-02,capital,True,True,0.0,0.0,0.0
2,54,Provincia de Misiones,7,8527.90765318,8527.90765318,8037.0653873,2026,2026-02,corriente,True,True,9771.23528281,9771.23528281,9208.83059203
2,54,Provincia de Misiones,8,0.0,0.0,0.0,2026,2026-02,capital,True,True,0.0,0.0,0.0
2,58,Provincia del Neuquén,7,6186.42815641,6186.42815641,5763.84753541,2026,2026-02,corriente,True,True,7088.37941672,7088.37941672,6604.18858801
2,62,Provincia de Río Negro,7,80.46527934,80.46527934,59.2604484,2026,2026-02,corriente,True,True,92.19672732,92.19672732,67.90033474
2,66,Provincia de Salta,7,4161.34789108,4161.34789108,4008.343725,2026,2026-02,corriente,True,True,4768.05225749,4768.05225749,4592.74082509
2,66,Provincia de Salta,8,1581.58894766,1581.58894766,862.09339598,2026,2026-02,capital,True,True,1812.17695556,1812.17695556,987.78243743
2,70,Provincia de San Juan,7,1658.25949757,1658.25949757,38.27199725,2026,2026-02,corriente,True,True,1900.02570029,1900.02570029,43.85186907
2,70,Provincia de San Juan,8,0.0,0.0,0.0,2026,2026-02,capital,True,True,0.0,0.0,0.0
2,74,Provincia de San Luis,7,221.69084751,221.69084751,38.06757951,2026,2026-02,corriente,True,True,254.01229928,254.01229928,43.61764822
2,74,Provincia de San Luis,8,19.51995116,19.51995116,0.0,2026,2026-02,capital,True,True,22.36586549,22.36586549,0.0
2,78,Provincia de Santa Cruz,7,4212.03432629,4212.03432629,4181.37507522,2026,2026-02,corriente,True,True,4826.12852944,4826.12852944,4790.99930807
2,78,Provincia de Santa Cruz,8,0.0,0.0,0.0,2026,2026-02,capital,True,True,0.0,0.0,0.0
2,82,Provincia de Santa Fe,7,5566.67335084,5566.67335084,81.7246,2026,2026-02,corriente,True,True,6378.26736237,6378.26736237,93.63965083
2,82,Provincia de Santa Fe,8,81.8891104,81.8891104,0.0,2026,2026-02,capital,True,True,93.82814605,93.82814605,0.0
2,86,Provincia de Santiago del Estero,7,1370.59231348,1370.59231348,36.62964375,2026,2026-02,corriente,True,True,1570.41803412,1570.41803412,41.97006839
2,86,Provincia de Santiago del Estero,8,225.73507112,225.73507112,225.73507112,2026,2026-02,capital,True,True,258.64615111,258.64615111,258.64615111
2,90,Provincia de Tucumán,7,1174.23717303,1174.23717303,89.74422428,2026,2026-02,corriente,True,True,1345.43526526,1345.43526526,102.82849749
2,90,Provincia de Tucumán,8,1516.36304221,1516.36304221,1516.36304221,2026,2026-02,capital,True,True,1737.44142903,1737.44142903,1737.44142903
2,94,"Provincia de Tierra del Fuego, Antártida e Islas del Atlántico Sur",7,495.77708621,495.77708621,35.79427792,2026,2026-02,corriente,True,True,568.05898401,568.05898401,41.01291027
2,94,"Provincia de Tierra del Fuego, Antártida e Islas del Atlántico Sur",8,0.0,0.0,0.0,2026,2026-02,capital,True,True,0.0,0.0,0.0
2,96,Interprovincial,8,0.0,0.0,0.0,2026,2026-02,capital,False,True,0.0,0.0,0.0
2,97,Nacional,7,0.0,0.0,0.0,2026,2026-02,corriente,False,True,0.0,0.0,0.0
3,2,Ciudad Autónoma de Buenos Aires,7,1547.84377349,1547.84377349,468.58659317,2026,2026-03,corriente,True,True,1715.48357049,1715.48357049,519.33703885
3,2,Ciudad Autónoma de Buenos Aires,8,210.76270624,210.76270624,210.76270624,2026,2026-03,capital,True,True,233.58943972,233.58943972,233.58943972
3,6,Provincia de Buenos Aires,7,25924.30702817,25924.30702817,21943.45836039,2026,2026-03,corriente,True,True,28732.04876667,28732.04876667,24320.05279968
3,10,Provincia de Catamarca,7,2775.70599877,2775.70599877,2658.42592861,2026,2026-03,corriente,True,True,3076.32987188,3076.32987188,2946.34774
3,10,Provincia de Catamarca,8,4251.96600687,4251.96600687,4251.96600687,2026,2026-03,capital,True,True,4712.47677058,4712.47677058,4712.47677058
3,14,Provincia de Córdoba,7,7140.21788226,7140.21788226,8123.65125749,2026,2026-03,corriente,True,True,7913.54184221,7913.54184221,9003.48633582
3,14,Provincia de Córdoba,8,0.0,0.0,0.0,2026,2026-03,capital,True,True,0.0,0.0,0.0
3,18,Provincia de Corrientes,7,10395.23290661,10395.23290661,8389.37807174,2026,2026-03,corriente,True,True,11521.0924824,11521.0924824,9297.99279176
3,22,Provincia del Chaco,7,8427.4864283,8427.4864283,5916.78968174,2026,2026-03,corriente,True,True,9340.22848809,9340.22848809,6557.60979428
3,26,Provincia del Chubut,7,2863.85557075,2863.85557075,2965.28523864,2026,2026-03,corriente,True,True,3174.02651612,3174.02651612,3286.44156201
3,30,Provincia de Entre Ríos,7,15392.76164314,15392.76164314,13485.80785577,2026,2026-03,corriente,True,True,17059.88043206,17059.88043206,14946.39330374
3,34,Provincia de Formosa,7,907.38521728,907.38521728,1297.25364031,2026,2026-03,corriente,True,True,1005.65991155,1005.65991155,1437.7531795
3,34,Provincia de Formosa,8,667.59056487,667.59056487,0.0,2026,2026-03,capital,True,True,739.89420991,739.89420991,0.0
3,38,Provincia de Jujuy,7,2434.56745869,2434.56745869,4897.88291169,2026,2026-03,corriente,True,True,2698.24419503,2698.24419503,5428.3499466
3,38,Provincia de Jujuy,8,749.79497199,749.79497199,749.79497199,2026,2026-03,capital,True,True,831.00179599,831.00179599,831.00179599
3,42,Provincia de La Pampa,7,5204.23196571,5204.23196571,5037.11230378,2026,2026-03,corriente,True,True,5767.87824914,5767.87824914,5582.65862992
3,46,Provincia de La Rioja,7,261.26198008,261.26198008,71.59665208,2026,2026-03,corriente,True,True,289.55805624,289.55805624,79.35095418
3,50,Provincia de Mendoza,7,9460.19860306,9460.19860306,7588.00973572,2026,2026-03,corriente,True,True,10484.78893998,10484.78893998,8409.83195932
3,54,Provincia de Misiones,7,10912.88615737,10912.88615737,9507.19773532,2026,2026-03,corriente,True,True,12094.81036149,12094.81036149,10536.87833078
3,58,Provincia del Neuquén,7,2186.81068014,2126.81068014,2027.84759914,2026,2026-03,corriente,True,True,2423.6540262,2357.15570383,2247.47438944
3,62,Provincia de Río Negro,7,679.22144597,679.22144597,301.56889843,2026,2026-03,corriente,True,True,752.78477792,752.78477792,334.23043041
3,66,Provincia de Salta,7,4317.93103256,4317.93103256,3542.42464408,2026,2026-03,corriente,True,True,4785.58616297,4785.58616297,3926.08826594
3,66,Provincia de Salta,8,1878.76289528,1878.76289528,1870.00468836,2026,2026-03,capital,True,True,2082.24301115,2082.24301115,2072.53624336
3,70,Provincia de San Juan,7,4785.3830229,4785.3830229,4728.08062712,2026,2026-03,corriente,True,True,5303.66571541,5303.66571541,5240.15716229
3,74,Provincia de San Luis,7,481.2470247,481.2470247,11.3448927,2026,2026-03,corriente,True,True,533.36866314,533.36866314,12.57360553
3,74,Provincia de San Luis,8,0.0,0.0,19.51995116,2026,2026-03,capital,True,True,0.0,0.0,21.63406675
3,78,Provincia de Santa Cruz,7,351.33532752,351.33532752,336.12513252,2026,2026-03,corriente,True,True,389.38683116,389.38683116,372.52929032
3,82,Provincia de Santa Fe,7,5028.404036,5028.404036,1485.79744692,2026,2026-03,corriente,True,True,5573.00720995,5573.00720995,1646.71729338
3,82,Provincia de Santa Fe,8,450.92911214,450.92911214,0.0,2026,2026-03,capital,True,True,499.76715776,499.76715776,0.0
3,86,Provincia de Santiago del Estero,7,317.48188183,317.48188183,520.94115098,2026,2026-03,corriente,True,True,351.86687541,351.86687541,577.36187657
3,86,Provincia de Santiago del Estero,8,815.2205456,815.2205456,789.3508715,2026,2026-03,capital,True,True,903.51331074,903.51331074,874.84181195
3,90,Provincia de Tucumán,7,1524.57272391,1524.57272391,7.24771323,2026,2026-03,corriente,True,True,1689.69214121,1689.69214121,8.03267951
3,90,Provincia de Tucumán,8,1005.49671224,1005.49671224,1005.49671224,2026,2026-03,capital,True,True,1114.39740856,1114.39740856,1114.39740856
3,94,"Provincia de Tierra del Fuego, Antártida e Islas del Atlántico Sur",7,526.61267594,526.61267594,470.66719411,2026,2026-03,corriente,True,True,583.64765815,583.64765815,521.64298006
4,2,Ciudad Autónoma de Buenos Aires,7,233.60696685,233.08120323,624.19835489,2026,2026-04,corriente,True,True,252.39067604,251.82263718,674.38846923
4,2,Ciudad Autónoma de Buenos Aires,8,34.69131885,34.69131885,34.69131885,2026,2026-04,capital,True,True,37.48075469,37.48075469,37.48075469
4,6,Provincia de Buenos Aires,7,42747.11980135,42736.66389222,39568.26922159,2026,2026-04,corriente,True,True,46184.30096932,46173.0043286,42749.84754662
4,10,Provincia de Catamarca,7,5159.41657173,5152.02715975,4824.32718238,2026,2026-04,corriente,True,True,5574.27141015,5566.28783538,5212.2383824
4,10,Provincia de Catamarca,8,611.93481887,611.93481887,611.93481887,2026,2026-04,capital,True,True,661.13885519,661.13885519,661.13885519
4,14,Provincia de Córdoba,7,8930.96521323,8914.86542505,8945.82386513,2026,2026-04,corriente,True,True,9649.0801549,9631.68582596,9665.13355112
4,18,Provincia de Corrientes,7,4510.15813443,4501.61635376,5487.25570556,2026,2026-04,corriente,True,True,4872.80784454,4863.57924222,5928.47120879
4,22,Provincia del Chaco,7,10074.46452537,10068.66299598,10604.54951317,2026,2026-04,corriente,True,True,10884.52517752,10878.25716273,11457.23287642
4,22,Provincia del Chaco,8,0.0,0.0,0.0,2026,2026-04,capital,True,True,0.0,0.0,0.0
4,26,Provincia del Chubut,7,327.62808103,322.80548438,300.46659881,2026,2026-04,corriente,True,True,353.97177566,348.76140695,324.62631155
4,26,Provincia del Chubut,8,0.0,0.0,0.0,2026,2026-04,capital,True,True,0.0,0.0,0.0
4,30,Provincia de Entre Ríos,7,12313.70455525,12304.38006327,13836.1184454,2026,2026-04,corriente,True,True,13303.81648798,13293.74223863,14948.64359281
4,34,Provincia de Formosa,7,52.4076169,45.29928673,672.75480347,2026,2026-04,corriente,True,True,56.62157271,48.94168079,726.84921151
4,38,Provincia de Jujuy,7,2401.61120234,2394.49805597,3109.62347358,2026,2026-04,corriente,True,True,2594.71831308,2587.03321771,3359.65995072
4,38,Provincia de Jujuy,8,240.3175064,240.3175064,240.3175064,2026,2026-04,capital,True,True,259.64079207,259.64079207,259.64079207
4,42,Provincia de La Pampa,7,6052.98604507,6043.74807321,5817.63086515,2026,2026-04,corriente,True,True,6539.69040646,6529.70963408,6285.41094822
4,46,Provincia de La Rioja,7,1147.65163129,1140.82710338,767.34439393,2026,2026-04,corriente,True,True,1239.93121861,1232.55794873,829.04449706
4,50,Provincia de Mendoza,7,7584.99852392,7574.13366807,9029.46566163,2026,2026-04,corriente,True,True,8194.88789674,8183.14942699,9755.50075998
4,50,Provincia de Mendoza,8,713.04342881,713.04342881,0.0,2026,2026-04,capital,True,True,770.37733708,770.37733708,0.0
4,54,Provincia de Misiones,7,8545.3215512,8537.21467843,7498.12914995,2026,2026-04,corriente,True,True,9232.42792109,9223.66919644,8101.03358957
4,54,Provincia de Misiones,8,0.0,0.0,0.0,2026,2026-04,capital,True,True,0.0,0.0,0.0
4,58,Provincia del Neuquén,7,8057.59692864,8049.55099757,8410.28242857,2026,2026-04,corriente,True,True,8705.48667071,8696.79378791,9086.53066506
4,62,Provincia de Río Negro,7,953.87786834,943.3187344,928.61897941,2026,2026-04,corriente,True,True,1030.57662748,1019.16846192,1003.28673909
4,66,Provincia de Salta,7,3579.91308267,3570.16919175,3956.07222849,2026,2026-04,corriente,True,True,3867.76428499,3857.23691396,4274.1693781
4,66,Provincia de Salta,8,0.0,0.0,8.75820692,2026,2026-04,capital,True,True,0.0,0.0,9.46243083
4,70,Provincia de San Juan,7,6045.21340959,6039.38150039,7136.2638211,2026,2026-04,corriente,True,True,6531.29279422,6524.99195686,7710.07164089
4,74,Provincia de San Luis,7,472.79910898,465.56864071,704.04818071,2026,2026-04,corriente,True,True,510.81561632,503.0037655,760.65880522
4,78,Provincia de Santa Cruz,7,60.1415571,51.79675393,72.6662,2026,2026-04,corriente,True,True,64.97737828,55.96159189,78.5090941
4,82,Provincia de Santa Fe,7,10177.30651483,10158.45214556,9370.6806583,2026,2026-04,corriente,True,True,10995.63641532,10975.26601683,10124.15193869
4,82,Provincia de Santa Fe,8,300.48719255,300.48719255,67.3696,2026,2026-04,capital,True,True,324.64856118,324.64856118,72.78660871
4,86,Provincia de Santiago del Estero,7,2508.08444718,2499.05373701,1711.48910586,2026,2026-04,corriente,True,True,2709.75278576,2699.99594043,1849.10535115
4,86,Provincia de Santiago del Estero,8,50.12565274,50.12565274,75.99532684,2026,2026-04,capital,True,True,54.15612194,54.15612194,82.1059071
4,90,Provincia de Tucumán,7,949.59783288,941.80029329,1990.15365772,2026,2026-04,corriente,True,True,1025.95244586,1017.52792704,2150.17657167
4,90,Provincia de Tucumán,8,7693.60386826,7693.60386826,7693.60386826,2026,2026-04,capital,True,True,8312.22590532,8312.22590532,8312.22590532
4,94,"Provincia de Tierra del Fuego, Antártida e Islas del Atlántico Sur",7,202.80411868,196.02503782,350.20404094,2026,2026-04,corriente,True,True,219.11105353,211.78688497,378.36300791
4,94,"Provincia de Tierra del Fuego, Antártida e Islas del Atlántico Sur",8,0.0,0.0,0.0,2026,2026-04,capital,True,True,0.0,0.0,0.0
5,2,Ciudad Autónoma de Buenos Aires,7,1100.81185055,1100.10664369,1504.3374622,2026,2026-05,corriente,True,True,1164.29319523,1163.54732067,1591.08922173
5,2,Ciudad Autónoma de Buenos Aires,8,0.0,0.0,0.0,2026,2026-05,capital,True,True,0.0,0.0,0.0
5,6,Provincia de Buenos Aires,7,11894.596643,11905.05255213,51500.2711214,2026,2026-05,corriente,True,True,12580.53129106,12591.59016896,54470.17597878
5,6,Provincia de Buenos Aires,8,0.0,0.0,0.0,2026,2026-05,capital,True,True,0.0,0.0,0.0
5,10,Provincia de Catamarca,7,153.898837,161.28824898,742.15901344,2026,2026-05,corriente,True,True,162.77383695,170.58937971,784.95765529
5,10,Provincia de Catamarca,8,1619.27860365,1619.27860365,1619.27860365,2026,2026-05,capital,True,True,1712.65876041,1712.65876041,1712.65876041
5,14,Provincia de Córdoba,7,12491.0470043,12507.14679248,14317.25928455,2026,2026-05,corriente,True,True,13211.37760381,13228.40583058,15142.90344074
5,14,Provincia de Córdoba,8,0.0,0.0,0.0,2026,2026-05,capital,True,True,0.0,0.0,0.0
5,18,Provincia de Corrientes,7,4984.34671674,4992.88849741,6698.97284683,2026,2026-05,corriente,True,True,5271.78278654,5280.8171525,7085.28755089
5,22,Provincia del Chaco,7,5318.64965015,5324.45117954,9547.15161643,2026,2026-05,corriente,True,True,5625.36421857,5631.50030912,10097.71438712
5,22,Provincia del Chaco,8,1.40058204,1.40058204,0.0,2026,2026-05,capital,True,True,1.48135046,1.48135046,0.0
5,26,Provincia del Chubut,7,4495.0712582,4499.89385485,4701.84841785,2026,2026-05,corriente,True,True,4754.29191225,4759.39261721,4972.99344584
5,26,Provincia del Chubut,8,0.0,0.0,0.0,2026,2026-05,capital,True,True,0.0,0.0,0.0
5,30,Provincia de Entre Ríos,7,7936.02126757,7945.34575955,10590.91778092,2026,2026-05,corriente,True,True,8393.67377303,8403.5359875,11201.67219981
5,34,Provincia de Formosa,7,507.73782119,514.84615136,520.91968917,2026,2026-05,corriente,True,True,537.01791989,544.53617148,550.95995656
5,34,Provincia de Formosa,8,0.0,0.0,722.62774368,2026,2026-05,capital,True,True,0.0,0.0,764.30006111
5,38,Provincia de Jujuy,7,49.81434418,56.92749055,946.06551357,2026,2026-05,corriente,True,True,52.68702542,60.21037095,1000.62298488
5,38,Provincia de Jujuy,8,762.48248245,762.48248245,762.48248245,2026,2026-05,capital,True,True,806.45313307,806.45313307,806.45313307
5,42,Provincia de La Pampa,7,5146.26262869,5155.50060055,5651.72454708,2026,2026-05,corriente,True,True,5443.03602513,5452.80673006,5977.64679602
5,46,Provincia de La Rioja,7,107.02087538,113.84540329,741.07546499,2026,2026-05,corriente,True,True,113.19252867,120.41061176,783.81162104
5,50,Provincia de Mendoza,7,1504.23704635,1515.1019022,1931.95110085,2026,2026-05,corriente,True,True,1590.98301513,1602.47442279,2043.3623776
5,50,Provincia de Mendoza,8,58.20790964,58.20790964,771.25133845,2026,2026-05,capital,True,True,61.56462893,61.56462893,815.72766928
5,54,Provincia de Misiones,7,8853.52050478,8861.62737755,11139.06642018,2026,2026-05,corriente,True,True,9364.08312862,9372.65750651,11781.4313388
5,54,Provincia de Misiones,8,0.0,0.0,0.0,2026,2026-05,capital,True,True,0.0,0.0,0.0
5,58,Provincia del Neuquén,7,4137.69561515,4145.74154622,4191.73493107,2026,2026-05,corriente,True,True,4376.30721929,4384.81714111,4433.46286107
5,62,Provincia de Río Negro,7,392.7962492,392.7962492,810.85338267,2026,2026-05,corriente,True,True,415.44792584,415.44792584,857.61347436
5,66,Provincia de Salta,7,111.16813735,120.91202827,521.49803782,2026,2026-05,corriente,True,True,117.57895391,127.88475312,551.57165728
5,66,Provincia de Salta,8,915.86768236,915.86768236,741.43669372,2026,2026-05,capital,True,True,968.68371263,968.68371263,784.19368102
5,70,Provincia de San Juan,7,1072.08756685,1077.91947605,643.19268459,2026,2026-05,corriente,True,True,1133.91244666,1140.08066895,680.28416074
5,74,Provincia de San Luis,7,14.8914413,22.12190957,87.62205427,2026,2026-05,corriente,True,True,15.75019724,23.39763036,92.67502116
5,74,Provincia de San Luis,8,78.5015733,78.5015733,78.5015733,2026,2026-05,capital,True,True,83.02858255,83.02858255,83.02858255
5,78,Provincia de Santa Cruz,7,420.04637441,428.39117758,418.31222637,2026,2026-05,corriente,True,True,444.26950451,453.09553372,442.43535205
5,82,Provincia de Santa Fe,7,13069.13383,13087.98819927,19461.64402445,2026,2026-05,corriente,True,True,13822.80139715,13842.74305551,20583.95328346
5,82,Provincia de Santa Fe,8,928.30730746,928.30730746,711.94194509,2026,2026-05,capital,True,True,981.84070295,981.84070295,752.99803654
5,86,Provincia de Santiago del Estero,7,527.67189832,527.67189832,1216.33214315,2026,2026-05,corriente,True,True,558.10155043,558.10155043,1286.4752834
5,86,Provincia de Santiago del Estero,8,0.0,0.0,0.0,2026,2026-05,capital,True,True,0.0,0.0,0.0
5,90,Provincia de Tucumán,7,3336.12497429,3343.92251388,4342.15328169,2026,2026-05,corriente,True,True,3528.51180159,3536.75900776,4592.55549981
5,90,Provincia de Tucumán,8,0.0,0.0,0.0,2026,2026-05,capital,True,True,0.0,0.0,0.0
5,94,"Provincia de Tierra del Fuego, Antártida e Islas del Atlántico Sur",7,685.46374595,692.24282681,745.88159106,2026,2026-05,corriente,True,True,724.99289918,732.1629144,788.89490559
5,94,"Provincia de Tierra del Fuego, Antártida e Islas del Atlántico Sur",8,0.0,0.0,0.0,2026,2026-05,capital,True,True,0.0,0.0,0.0
5,96,Interprovincial,7,0.0,0.0,0.0,2026,2026-05,corriente,False,True,0.0,0.0,0.0
5,96,Interprovincial,8,0.0,0.0,0.0,2026,2026-05,capital,False,True,0.0,0.0,0.0
5,97,Nacional,7,0.0,0.0,0.0,2026,2026-05,corriente,False,True,0.0,0.0,0.0
5,97,Nacional,8,0.0,0.0,0.0,2026,2026-05,capital,False,True,0.0,0.0,0.0
6,2,Ciudad Autónoma de Buenos Aires,7,1357.24873019,1357.77449381,963.72321885,2026,2026-06,corriente,True,True,1408.93344994,1409.4792349,1000.42228761
6,2,Ciudad Autónoma de Buenos Aires,8,247.21299827,247.21299827,247.21299827,2026,2026-06,capital,True,True,256.62699458,256.62699458,256.62699458
6,6,Provincia de Buenos Aires,7,10886.61867903,10806.61867903,11914.445755,2026,2026-06,corriente,True,True,11301.18663765,11218.14019709,12368.15388976
6,6,Provincia de Buenos Aires,8,13.32795498,13.32795498,0.0,2026,2026-06,capital,True,True,13.83549026,13.83549026,0.0
6,10,Provincia de Catamarca,7,79.99117155,79.99117155,143.636877,2026,2026-06,corriente,True,True,83.03727592,83.03727592,149.1066421
6,10,Provincia de Catamarca,8,2879.33378127,2879.33378127,2662.07219127,2026,2026-06,capital,True,True,2988.98027143,2988.98027143,2763.44524994
6,14,Provincia de Córdoba,7,4248.30179632,4168.30179632,2333.2787353,2026,2026-06,corriente,True,True,4410.07928254,4327.03284198,2422.13117247
6,18,Provincia de Corrientes,7,4517.08482802,4500.70345498,4968.61644874,2026,2026-06,corriente,True,True,4689.09770835,4672.09252432,5157.82388211
6,18,Provincia de Corrientes,8,89.9225234,89.9225234,0.0,2026,2026-06,capital,True,True,93.34681868,93.34681868,0.0
6,22,Provincia del Chaco,7,1090.59308096,1090.59308096,2438.03984272,2026,2026-06,corriente,True,True,1132.12341839,1132.12341839,2530.88163597
6,22,Provincia del Chaco,8,0.0,0.0,0.0,2026,2026-06,capital,True,True,0.0,0.0,0.0
6,26,Provincia del Chubut,7,1533.55570397,1533.55570397,520.857897,2026,2026-06,corriente,True,True,1591.95428266,1591.95428266,540.69242978
6,30,Provincia de Entre Ríos,7,737.90815591,737.90815591,1936.02126757,2026,2026-06,corriente,True,True,766.00807259,766.00807259,2009.74593897
6,34,Provincia de Formosa,7,978.75834383,978.75834383,563.57389619,2026,2026-06,corriente,True,True,1016.02995778,1016.02995778,585.03507588
6,38,Provincia de Jujuy,7,76.812754,76.812754,15.39486418,2026,2026-06,corriente,True,True,79.73782261,79.73782261,15.98110841
6,38,Provincia de Jujuy,8,849.500101,849.500101,515.509651,2026,2026-06,capital,True,True,881.84949553,881.84949553,535.14051986
6,42,Provincia de La Pampa,7,189.03682802,189.03682802,280.52402569,2026,2026-06,corriente,True,True,196.23544627,196.23544627,291.20652281
6,46,Provincia de La Rioja,7,434.71124552,434.71124552,139.47097438,2026,2026-06,corriente,True,True,451.26527014,451.26527014,144.78209979
6,50,Provincia de Mendoza,7,879.28215073,879.28215073,1542.15755835,2026,2026-06,corriente,True,True,912.76566081,912.76566081,1600.88370002
6,50,Provincia de Mendoza,8,764.16035071,764.16035071,764.16035071,2026,2026-06,capital,True,True,793.25996428,793.25996428,793.25996428
6,54,Provincia de Misiones,7,5330.98611393,5330.98611393,833.87670992,2026,2026-06,corriente,True,True,5533.99276786,5533.99276786,865.63115779
6,54,Provincia de Misiones,8,0.0,0.0,0.0,2026,2026-06,capital,True,True,0.0,0.0,0.0
6,58,Provincia del Neuquén,7,657.09008897,657.09008897,419.06864645,2026,2026-06,corriente,True,True,682.11241269,682.11241269,435.02699297
6,62,Provincia de Río Negro,7,723.5238293,734.08296324,285.42315044,2026,2026-06,corriente,True,True,751.07598353,762.03721465,296.29220871
6,66,Provincia de Salta,7,97.95999598,97.95999598,32.37974061,2026,2026-06,corriente,True,True,101.69036229,101.69036229,33.61277755
6,66,Provincia de Salta,8,1972.25580478,1972.25580478,1972.25580478,2026,2026-06,capital,True,True,2047.36030572,2047.36030572,2047.36030572
6,70,Provincia de San Juan,7,645.05390151,645.05390151,1034.73156685,2026,2026-06,corriente,True,True,669.61788111,669.61788111,1074.13466951
6,74,Provincia de San Luis,7,345.08905853,345.08905853,522.1331993,2026,2026-06,corriente,True,True,358.23022483,358.23022483,542.01629624
6,74,Provincia de San Luis,8,0.0,0.0,0.0,2026,2026-06,capital,True,True,0.0,0.0,0.0
6,78,Provincia de Santa Cruz,7,729.00231201,729.00231201,465.01080521,2026,2026-06,corriente,True,True,756.76308964,756.76308964,482.71865242
6,82,Provincia de Santa Fe,7,2154.64790936,2074.64790936,3524.443002,2026,2026-06,corriente,True,True,2236.69799412,2153.65155356,3658.65557834
6,82,Provincia de Santa Fe,8,116.10857502,116.10857502,928.30730746,2026,2026-06,capital,True,True,120.53004842,120.53004842,963.65772036
6,86,Provincia de Santiago del Estero,7,1788.1484285,1797.17913867,1034.46532332,2026,2026-06,corriente,True,True,1856.24202722,1865.61663141,1073.85828729
6,86,Provincia de Santiago del Estero,8,448.74796,448.74796,0.0,2026,2026-06,capital,True,True,465.83650982,465.83650982,0.0
6,90,Provincia de Tucumán,7,1427.27641139,1427.27641139,724.85285519,2026,2026-06,corriente,True,True,1481.62782074,1481.62782074,752.4556194
6,90,Provincia de Tucumán,8,909.77904687,909.77904687,181.95580938,2026,2026-06,capital,True,True,944.42389422,944.42389422,188.88477885
6,94,"Provincia de Tierra del Fuego, Antártida e Islas del Atlántico Sur",7,1023.73080654,1023.73080654,934.14965075,2026,2026-06,corriente,True,True,1062.71499467,1062.71499467,969.72254305
6,97,Nacional,7,0.0,0.0,0.0,2026,2026-06,corriente,False,True,0.0,0.0,0.0
7,2,Ciudad Autónoma de Buenos Aires,7,502.29922945,502.29922945,776.68001776,2026,2026-07,corriente,True,True,510.63341053,510.63341053,789.5667425
7,6,Provincia de Buenos Aires,7,23255.58109771,23255.58109771,18826.390837,2026,2026-07,corriente,True,True,23641.43919311,23641.43919311,19138.75952308
7,6,Provincia de Buenos Aires,8,-13.32795498,-13.32795498,0.0,2026,2026-07,capital,True,True,-13.54909327,-13.54909327,0.0
7,10,Provincia de Catamarca,7,5243.18148957,5243.18148957,5161.87466312,2026,2026-07,corriente,True,True,5330.17669364,5330.17669364,5247.5208191
7,10,Provincia de Catamarca,8,1014.96938216,1014.96938216,1014.96938216,2026,2026-07,capital,True,True,1031.80981935,1031.80981935,1031.80981935
7,14,Provincia de Córdoba,7,8236.13203401,8236.13203401,7976.407846,2026,2026-07,corriente,True,True,8372.78646577,8372.78646577,8108.75291735
7,18,Provincia de Corrientes,7,2021.3470049,2021.3470049,951.74628888,2026,2026-07,corriente,True,True,2054.88532425,2054.88532425,967.53772444
7,18,Provincia de Corrientes,8,847.92192419,847.92192419,934.93009002,2026,2026-07,capital,True,True,861.99069922,861.99069922,950.44251013
7,22,Provincia del Chaco,7,5149.01868171,5149.01868171,2836.432481,2026,2026-07,corriente,True,True,5234.45153043,5234.45153043,2883.49475092
7,22,Provincia del Chaco,8,116.38763194,116.38763194,117.78821398,2026,2026-07,capital,True,True,118.31874301,118.31874301,119.74256359
7,26,Provincia del Chubut,7,568.40335331,568.40335331,1543.09005928,2026,2026-07,corriente,True,True,577.83433826,577.83433826,1568.69310866
7,30,Provincia de Entre Ríos,7,8827.38657109,8827.38657109,6836.866511,2026,2026-07,corriente,True,True,8973.85113611,8973.85113611,6950.30423932
7,34,Provincia de Formosa,7,1131.17624817,1131.17624817,1767.529061,2026,2026-07,corriente,True,True,1149.94479714,1149.94479714,1796.85601672
7,38,Provincia de Jujuy,7,5000.0,5000.0,5048.643485,2026,2026-07,corriente,True,True,5082.96032118,5082.96032118,5132.410902
7,38,Provincia de Jujuy,8,272.23995447,272.23995447,272.23995447,2026,2026-07,capital,True,True,276.75697728,276.75697728,276.75697728
7,42,Provincia de La Pampa,7,10266.83571497,10266.83571497,10183.513944,2026,2026-07,corriente,True,True,10437.18371265,10437.18371265,10352.4794615
7,46,Provincia de La Rioja,7,195.63998903,195.63998903,145.195621,2026,2026-07,corriente,True,True,198.88606029,198.88606029,147.60471607
7,50,Provincia de Mendoza,7,2551.47593893,2551.47593893,1498.95415414,2026,2026-07,corriente,True,True,2593.8101916,2593.8101916,1523.82489775
7,54,Provincia de Misiones,7,5489.36416015,5489.36416015,5683.79338239,2026,2026-07,corriente,True,True,5580.44404291,5580.44404291,5778.09924729
7,58,Provincia del Neuquén,7,5336.02590631,5336.02590631,5434.86225444,2026,2026-07,corriente,True,True,5424.56159091,5424.56159091,5525.03783808
7,62,Provincia de Río Negro,7,383.50842948,383.50842948,736.39119641,2026,2026-07,corriente,True,True,389.87162598,389.87162598,748.60944644
7,66,Provincia de Salta,7,383.3332216,383.3332216,328.19969472,2026,2026-07,corriente,True,True,389.69351104,389.69351104,333.64520514
7,70,Provincia de San Juan,7,853.67519589,853.67519589,225.45109289,2026,2026-07,corriente,True,True,867.83942958,867.83942958,229.19179191
7,74,Provincia de San Luis,7,167.6165945,167.6165945,62.6566945,2026,2026-07,corriente,True,True,170.3976998,170.3976998,63.6962984
7,74,Provincia de San Luis,8,5125.9997621,5125.9997621,5125.9997621,2026,2026-07,capital,True,True,5211.05067942,5211.05067942,5211.05067942
7,78,Provincia de Santa Cruz,7,622.15632395,622.15632395,600.23367034,2026,2026-07,corriente,True,True,632.47918164,632.47918164,610.19278595
7,82,Provincia de Santa Fe,7,13564.25750664,13564.25750664,9128.549722,2026,2026-07,corriente,True,True,13789.31653849,13789.31653849,9280.01120536
7,82,Provincia de Santa Fe,8,804.28555913,804.28555913,936.05322834,2026,2026-07,capital,True,True,817.63031679,817.63031679,951.58428363
7,86,Provincia de Santiago del Estero,7,355.104108,355.104108,108.430538,2026,2026-07,corriente,True,True,360.99601817,360.99601817,110.22962445
7,90,Provincia de Tucumán,7,1740.00460349,1740.00460349,1621.27091065,2026,2026-07,corriente,True,True,1768.87487164,1768.87487164,1648.17114174
7,90,Provincia de Tucumán,8,556.57927865,556.57927865,1284.40251614,2026,2026-07,capital,True,True,565.81407779,565.81407779,1305.71340519
7,94,"Provincia de Tierra del Fuego, Antártida e Islas del Atlántico Sur",7,633.91770074,633.91770074,949.88337728,2026,2026-07,corriente,True,True,644.43570395,644.43570395,965.64390329
7,96,Interprovincial,7,0.0,0.0,0.0,2026,2026-07,corriente,False,True,0.0,0.0,0.0
8,2,Ciudad Autónoma de Buenos Aires,7,230.1807444,230.1807444,804.379463,2026,2026-08,corriente,True,True,230.1807444,230.1807444,804.379463
8,6,Provincia de Buenos Aires,7,680.40576206,680.40576206,13066.31960236,2026,2026-08,corriente,True,True,680.40576206,680.40576206,13066.31960236
8,10,Provincia de Catamarca,7,830.10219529,830.10219529,925.15519329,2026,2026-08,corriente,True,True,830.10219529,830.10219529,925.15519329
8,10,Provincia de Catamarca,8,16.86562329,16.86562329,234.12721329,2026,2026-08,capital,True,True,16.86562329,16.86562329,234.12721329
8,14,Provincia de Córdoba,7,500.02933388,500.02933388,2370.28016772,2026,2026-08,corriente,True,True,500.02933388,500.02933388,2370.28016772
8,18,Provincia de Corrientes,7,269.71450588,218.287528,1573.516295,2026,2026-08,corriente,True,True,269.71450588,218.287528,1573.516295
8,18,Provincia de Corrientes,8,2266.59271555,2266.59271555,1884.75079743,2026,2026-08,capital,True,True,2266.59271555,2266.59271555,1884.75079743
8,22,Provincia del Chaco,7,154.85505946,154.85505946,3474.24080767,2026,2026-08,corriente,True,True,154.85505946,154.85505946,3474.24080767
8,22,Provincia del Chaco,8,270.43387067,270.43387067,270.43387067,2026,2026-08,capital,True,True,270.43387067,270.43387067,270.43387067
8,26,Provincia del Chubut,7,77.12061588,77.12061588,177.328782,2026,2026-08,corriente,True,True,77.12061588,77.12061588,177.328782
8,30,Provincia de Entre Ríos,7,6082.61773988,6082.61773988,8778.326521,2026,2026-08,corriente,True,True,6082.61773988,6082.61773988,8778.326521
8,34,Provincia de Formosa,7,26.648557,26.648557,40.293557,2026,2026-08,corriente,True,True,26.648557,26.648557,40.293557
8,34,Provincia de Formosa,8,0.0,0.0,0.0,2026,2026-08,capital,True,True,0.0,0.0,0.0
8,38,Provincia de Jujuy,7,65.29921461,65.29921461,13.185735,2026,2026-08,corriente,True,True,65.29921461,65.29921461,13.185735
8,38,Provincia de Jujuy,8,45.85160782,45.85160782,379.84205782,2026,2026-08,capital,True,True,45.85160782,45.85160782,379.84205782
8,42,Provincia de La Pampa,7,5248.82197804,5248.82197804,5231.738773,2026,2026-08,corriente,True,True,5248.82197804,5248.82197804,5231.738773
8,46,Provincia de La Rioja,7,120.91560493,120.91560493,178.195124,2026,2026-08,corriente,True,True,120.91560493,120.91560493,178.195124
8,46,Provincia de La Rioja,8,0.0,0.0,0.0,2026,2026-08,capital,True,True,0.0,0.0,0.0
8,50,Provincia de Mendoza,7,2453.10872988,2453.10872988,1298.041015,2026,2026-08,corriente,True,True,2453.10872988,2453.10872988,1298.041015
8,54,Provincia de Misiones,7,666.80249148,666.80249148,4581.91571129,2026,2026-08,corriente,True,True,666.80249148,666.80249148,4581.91571129
8,58,Provincia del Neuquén,7,4114.37721967,4114.37721967,4243.996018,2026,2026-08,corriente,True,True,4114.37721967,4114.37721967,4243.996018
8,62,Provincia de Río Negro,7,184.79746832,184.79746832,42.54087494,2026,2026-08,corriente,True,True,184.79746832,184.79746832,42.54087494
8,66,Provincia de Salta,7,3105.41149403,3105.41149403,162.54577292,2026,2026-08,corriente,True,True,3105.41149403,3105.41149403,162.54577292
8,66,Provincia de Salta,8,1562.72727094,1562.72727094,1562.72727094,2026,2026-08,capital,True,True,1562.72727094,1562.72727094,1562.72727094
8,70,Provincia de San Juan,7,203.37131474,203.37131474,710.515983,2026,2026-08,corriente,True,True,203.37131474,203.37131474,710.515983
8,74,Provincia de San Luis,7,891.476065,891.476065,184.40588,2026,2026-08,corriente,True,True,891.476065,891.476065,184.40588
8,74,Provincia de San Luis,8,4076.597926,4076.597926,4076.597926,2026,2026-08,capital,True,True,4076.597926,4076.597926,4076.597926
8,78,Provincia de Santa Cruz,7,470.26271093,470.26271093,23.825435,2026,2026-08,corriente,True,True,470.26271093,470.26271093,23.825435
8,82,Provincia de Santa Fe,7,693.3919073,693.3919073,6348.4075,2026,2026-08,corriente,True,True,693.3919073,693.3919073,6348.4075
8,82,Provincia de Santa Fe,8,710.44083339,710.44083339,748.7756092,2026,2026-08,capital,True,True,710.44083339,710.44083339,748.7756092
8,86,Provincia de Santiago del Estero,7,202.5114347,202.5114347,60.04623717,2026,2026-08,corriente,True,True,202.5114347,202.5114347,60.04623717
8,86,Provincia de Santiago del Estero,8,164.68549614,164.68549614,613.43345614,2026,2026-08,capital,True,True,164.68549614,164.68549614,613.43345614
8,90,Provincia de Tucumán,7,3762.87411739,3762.87411739,963.173792,2026,2026-08,corriente,True,True,3762.87411739,3762.87411739,963.173792
8,90,Provincia de Tucumán,8,0.0,0.0,0.0,2026,2026-08,capital,True,True,0.0,0.0,0.0
8,94,"Provincia de Tierra del Fuego, Antártida e Islas del Atlántico Sur",7,372.531792,372.531792,94.063594,2026,2026-08,corriente,True,True,372.531792,372.531792,94.063594
8,97,Nacional,7,0.0,0.0,0.0,2026,2026-08,corriente,False,True,0.0,0.0,0.0
9,2,Ciudad Autónoma de Buenos Aires,7,952.83562802,952.83562802,482.61968495,2026,2026-09,corriente,True,False,,,
9,6,Provincia de Buenos Aires,7,22054.97991986,22054.97991986,804.66818492,2026,2026-09,corriente,True,False,,,
9,10,Provincia de Catamarca,7,8263.61142241,8263.61142241,7122.518745,2026,2026-09,corriente,True,False,,,
9,14,Provincia de Córdoba,7,4889.56548181,4889.56548181,1159.75470469,2026,2026-09,corriente,True,False,,,
9,18,Provincia de Corrientes,7,1214.80617917,1266.23315705,365.38331323,2026,2026-09,corriente,True,False,,,
9,18,Provincia de Corrientes,8,2.8706931,2.8706931,384.75627569,2026,2026-09,capital,True,False,,,
9,22,Provincia del Chaco,7,1841.9724845,1841.9724845,200.83380646,2026,2026-09,corriente,True,False,,,
9,26,Provincia del Chubut,7,675.13689947,675.13689947,51.42697788,2026,2026-09,corriente,True,False,,,
9,30,Provincia de Entre Ríos,7,1042.562575,1042.562575,132.14848788,2026,2026-09,corriente,True,False,,,
9,34,Provincia de Formosa,7,1555.15568406,1555.15568406,154.32785106,2026,2026-09,corriente,True,False,,,
9,38,Provincia de Jujuy,7,3543.563628,3543.563628,3551.42697788,2026,2026-09,corriente,True,False,,,
9,42,Provincia de La Pampa,7,4680.64257,4680.64257,3595.993204,2026,2026-09,corriente,True,False,,,
9,46,Provincia de La Rioja,7,243.96252,243.96252,199.01640393,2026,2026-09,corriente,True,False,,,
9,50,Provincia de Mendoza,7,1517.76997607,1517.76997607,2518.42599888,2026,2026-09,corriente,True,False,,,
9,54,Provincia de Misiones,7,5599.06748092,5599.06748092,5356.36360406,2026,2026-09,corriente,True,False,,,
9,58,Provincia del Neuquén,7,150.422618,150.422618,53.48959117,2026,2026-09,corriente,True,False,,,
9,62,Provincia de Río Negro,7,701.59771513,701.59771513,190.24858364,2026,2026-09,corriente,True,False,,,
9,66,Provincia de Salta,7,7435.74353892,7435.74353892,9902.67863248,2026,2026-09,corriente,True,False,,,
9,70,Provincia de San Juan,7,203.52036565,167.54115465,343.64676339,2026,2026-09,corriente,True,False,,,
9,74,Provincia de San Luis,7,55.45827788,55.45827788,925.46853788,2026,2026-09,corriente,True,False,,,
9,78,Provincia de Santa Cruz,7,552.09363142,552.09363142,466.329318,2026,2026-09,corriente,True,False,,,
9,82,Provincia de Santa Fe,7,5265.890058,5265.890058,705.1513333,2026,2026-09,corriente,True,False,,,
9,86,Provincia de Santiago del Estero,7,308.00134052,308.00134052,354.96638822,2026,2026-09,corriente,True,False,,,
9,90,Provincia de Tucumán,7,1566.00380033,1566.00380033,3778.53911763,2026,2026-09,corriente,True,False,,,
9,90,Provincia de Tucumán,8,388.90478936,388.90478936,77.78095787,2026,2026-09,capital,True,False,,,
9,94,"Provincia de Tierra del Fuego, Antártida e Islas del Atlántico Sur",7,568.90281047,568.90281047,385.968152,2026,2026-09,corriente,True,False,,,
9,96,Interprovincial,7,0.0,0.0,0.0,2026,2026-09,corriente,False,False,,,
9,97,Nacional,7,0.0,0.0,0.0,2026,2026-09,corriente,False,False,,,
