id;municipio;tema;estado;periodo;documentoNecesario;portal;revision
06007;Adolfo Alsina;Cuenta fiscal comparable;Incorporado;enero–junio 2026;;https://gobabierto.ar/adolfoalsina/transparenciafiscal/;2026-09-11
06007;Adolfo Alsina;Presupuesto original 2026;Pendiente;2026;"Ordenanza de presupuesto 2026 aprobada y total de erogaciones; identificar los organismos incluidos.";https://gobabierto.ar/adolfoalsina/transparenciafiscal/;2026-09-11
06007;Adolfo Alsina;Presupuesto vigente 2026;Incorporado;2026-06-30;;https://gobabierto.ar/adolfoalsina/transparenciafiscal/;2026-09-11
06007;Adolfo Alsina;Saldo de tesorería;Pendiente;;Estado de tesorería conciliado: bancos, efectivo, valores y fondos afectados. El saldo total no equivale a caja libre.;https://gobabierto.ar/adolfoalsina/transparenciafiscal/;2026-09-11
06007;Adolfo Alsina;Caja libre;Pendiente;;Caja de libre disponibilidad conciliada, descontando fondos afectados y obligaciones exigibles.;https://gobabierto.ar/adolfoalsina/transparenciafiscal/;2026-09-11
06007;Adolfo Alsina;Stock de deuda municipal;Pendiente;;"Planilla de deuda consolidada y flotante, contratos, moneda y corte; separar pasivos contables y evitar sumarlos dos veces.";https://gobabierto.ar/adolfoalsina/transparenciafiscal/;2026-09-11
06007;Adolfo Alsina;Calendario futuro de deuda;Pendiente;;"Planilla de vencimientos futuros de capital e intereses, por contrato y fecha; separar lo ya pagado del año.";https://gobabierto.ar/adolfoalsina/transparenciafiscal/;2026-09-11
06007;Adolfo Alsina;Deuda con proveedores vencida;Pendiente;;Antigüedad y vencimiento de facturas pendientes, conciliados con la deuda flotante. Pendiente no significa vencida.;https://gobabierto.ar/adolfoalsina/transparenciafiscal/;2026-09-11
06007;Adolfo Alsina;Flujos fiscales mensuales;Pendiente;;"Ingresos percibidos y gastos devengados por mes, sin acumulación; necesarios para ajustar cada flujo por IPC.";https://gobabierto.ar/adolfoalsina/transparenciafiscal/;2026-09-11
06007;Adolfo Alsina;Cierres fiscales anuales 2021–2025;Sin serie anual incorporada;;"CAIF de cierre anual 2021–2025 con los mismos organismos; no anualizar semestres.";https://gobabierto.ar/adolfoalsina/transparenciafiscal/;2026-09-11
06007;Adolfo Alsina;Transferencias provinciales;Incorporado;2025-01 a 2026-07;;https://gobabierto.ar/adolfoalsina/transparenciafiscal/;2026-09-11
06007;Adolfo Alsina;Empleo y salarios privados formales;Incorporado;2019-01 a 2025-12;;https://gobabierto.ar/adolfoalsina/transparenciafiscal/;2026-09-11
06007;Adolfo Alsina;Población y condiciones de vida;Incorporado;Censo 2022;;https://gobabierto.ar/adolfoalsina/transparenciafiscal/;2026-09-11
06007;Adolfo Alsina;Producto municipal;Incorporado;"2021–2023; precios 2004";;https://gobabierto.ar/adolfoalsina/transparenciafiscal/;2026-09-11
06007;Adolfo Alsina;Delitos registrados;Incorporado;2024–2025;;https://gobabierto.ar/adolfoalsina/transparenciafiscal/;2026-09-11
06007;Adolfo Alsina;Deuda de personas;Incorporado;2026-07;;https://gobabierto.ar/adolfoalsina/transparenciafiscal/;2026-09-11
06007;Adolfo Alsina;Préstamos y depósitos bancarios;Incorporado;2024-12;;https://gobabierto.ar/adolfoalsina/transparenciafiscal/;2026-09-11
06007;Adolfo Alsina;Empleo industrial;Incorporado;2025-12;;https://gobabierto.ar/adolfoalsina/transparenciafiscal/;2026-09-11
06007;Adolfo Alsina;Desempleo, informalidad y pobreza por ingresos;Sin serie comparable para 135;;"Encuesta representativa del municipio con metodología y muestra; los datos por aglomerado no representan automáticamente cada partido.";https://gobabierto.ar/adolfoalsina/transparenciafiscal/;2026-09-11
06014;Adolfo Gonzales Chaves;Cuenta fiscal comparable;Incorporado;enero–junio 2026;;https://gonzaleschaves.gob.ar/transparencia-2026/;2026-09-11
06014;Adolfo Gonzales Chaves;Presupuesto original 2026;Pendiente;2026;"Ordenanza de presupuesto 2026 aprobada y total de erogaciones; identificar los organismos incluidos.";https://gonzaleschaves.gob.ar/transparencia-2026/;2026-09-11
06014;Adolfo Gonzales Chaves;Presupuesto vigente 2026;Incorporado;2026-06-30;;https://gonzaleschaves.gob.ar/transparencia-2026/;2026-09-11
06014;Adolfo Gonzales Chaves;Saldo de tesorería;Pendiente;;Estado de tesorería conciliado: bancos, efectivo, valores y fondos afectados. El saldo total no equivale a caja libre.;https://gonzaleschaves.gob.ar/transparencia-2026/;2026-09-11
06014;Adolfo Gonzales Chaves;Caja libre;Pendiente;;Caja de libre disponibilidad conciliada, descontando fondos afectados y obligaciones exigibles.;https://gonzaleschaves.gob.ar/transparencia-2026/;2026-09-11
06014;Adolfo Gonzales Chaves;Stock de deuda municipal;Pendiente;;"Planilla de deuda consolidada y flotante, contratos, moneda y corte; separar pasivos contables y evitar sumarlos dos veces.";https://gonzaleschaves.gob.ar/transparencia-2026/;2026-09-11
06014;Adolfo Gonzales Chaves;Calendario futuro de deuda;Pendiente;;"Planilla de vencimientos futuros de capital e intereses, por contrato y fecha; separar lo ya pagado del año.";https://gonzaleschaves.gob.ar/transparencia-2026/;2026-09-11
06014;Adolfo Gonzales Chaves;Deuda con proveedores vencida;Pendiente;;Antigüedad y vencimiento de facturas pendientes, conciliados con la deuda flotante. Pendiente no significa vencida.;https://gonzaleschaves.gob.ar/transparencia-2026/;2026-09-11
06014;Adolfo Gonzales Chaves;Flujos fiscales mensuales;Pendiente;;"Ingresos percibidos y gastos devengados por mes, sin acumulación; necesarios para ajustar cada flujo por IPC.";https://gonzaleschaves.gob.ar/transparencia-2026/;2026-09-11
06014;Adolfo Gonzales Chaves;Cierres fiscales anuales 2021–2025;Sin serie anual incorporada;;"CAIF de cierre anual 2021–2025 con los mismos organismos; no anualizar semestres.";https://gonzaleschaves.gob.ar/transparencia-2026/;2026-09-11
06014;Adolfo Gonzales Chaves;Transferencias provinciales;Incorporado;2025-01 a 2026-07;;https://gonzaleschaves.gob.ar/transparencia-2026/;2026-09-11
06014;Adolfo Gonzales Chaves;Empleo y salarios privados formales;Incorporado;2019-01 a 2025-12;;https://gonzaleschaves.gob.ar/transparencia-2026/;2026-09-11
06014;Adolfo Gonzales Chaves;Población y condiciones de vida;Incorporado;Censo 2022;;https://gonzaleschaves.gob.ar/transparencia-2026/;2026-09-11
06014;Adolfo Gonzales Chaves;Producto municipal;Incorporado;"2021–2023; precios 2004";;https://gonzaleschaves.gob.ar/transparencia-2026/;2026-09-11
06014;Adolfo Gonzales Chaves;Delitos registrados;Incorporado;2024–2025;;https://gonzaleschaves.gob.ar/transparencia-2026/;2026-09-11
06014;Adolfo Gonzales Chaves;Deuda de personas;Incorporado;2026-07;;https://gonzaleschaves.gob.ar/transparencia-2026/;2026-09-11
06014;Adolfo Gonzales Chaves;Préstamos y depósitos bancarios;Incorporado;2024-12;;https://gonzaleschaves.gob.ar/transparencia-2026/;2026-09-11
06014;Adolfo Gonzales Chaves;Empleo industrial;Incorporado;2025-12;;https://gonzaleschaves.gob.ar/transparencia-2026/;2026-09-11
06014;Adolfo Gonzales Chaves;Desempleo, informalidad y pobreza por ingresos;Sin serie comparable para 135;;"Encuesta representativa del municipio con metodología y muestra; los datos por aglomerado no representan automáticamente cada partido.";https://gonzaleschaves.gob.ar/transparencia-2026/;2026-09-11
06021;Alberti;Cuenta fiscal comparable;Incorporado;enero–junio 2026;;https://alberti.gov.ar/transparencia;2026-09-11
06021;Alberti;Presupuesto original 2026;Pendiente;2026;"Ordenanza de presupuesto 2026 aprobada y total de erogaciones; identificar los organismos incluidos.";https://alberti.gov.ar/transparencia;2026-09-11
06021;Alberti;Presupuesto vigente 2026;Incorporado;2026-06-30;;https://alberti.gov.ar/transparencia;2026-09-11
06021;Alberti;Saldo de tesorería;Pendiente;;Estado de tesorería conciliado: bancos, efectivo, valores y fondos afectados. El saldo total no equivale a caja libre.;https://alberti.gov.ar/transparencia;2026-09-11
06021;Alberti;Caja libre;Pendiente;;Caja de libre disponibilidad conciliada, descontando fondos afectados y obligaciones exigibles.;https://alberti.gov.ar/transparencia;2026-09-11
06021;Alberti;Stock de deuda municipal;Pendiente;;"Planilla de deuda consolidada y flotante, contratos, moneda y corte; separar pasivos contables y evitar sumarlos dos veces.";https://alberti.gov.ar/transparencia;2026-09-11
06021;Alberti;Calendario futuro de deuda;Pendiente;;"Planilla de vencimientos futuros de capital e intereses, por contrato y fecha; separar lo ya pagado del año.";https://alberti.gov.ar/transparencia;2026-09-11
06021;Alberti;Deuda con proveedores vencida;Pendiente;;Antigüedad y vencimiento de facturas pendientes, conciliados con la deuda flotante. Pendiente no significa vencida.;https://alberti.gov.ar/transparencia;2026-09-11
06021;Alberti;Flujos fiscales mensuales;Pendiente;;"Ingresos percibidos y gastos devengados por mes, sin acumulación; necesarios para ajustar cada flujo por IPC.";https://alberti.gov.ar/transparencia;2026-09-11
06021;Alberti;Cierres fiscales anuales 2021–2025;Sin serie anual incorporada;;"CAIF de cierre anual 2021–2025 con los mismos organismos; no anualizar semestres.";https://alberti.gov.ar/transparencia;2026-09-11
06021;Alberti;Transferencias provinciales;Incorporado;2025-01 a 2026-07;;https://alberti.gov.ar/transparencia;2026-09-11
06021;Alberti;Empleo y salarios privados formales;Incorporado;2019-01 a 2025-12;;https://alberti.gov.ar/transparencia;2026-09-11
06021;Alberti;Población y condiciones de vida;Incorporado;Censo 2022;;https://alberti.gov.ar/transparencia;2026-09-11
06021;Alberti;Producto municipal;Incorporado;"2021–2023; precios 2004";;https://alberti.gov.ar/transparencia;2026-09-11
06021;Alberti;Delitos registrados;Incorporado;2024–2025;;https://alberti.gov.ar/transparencia;2026-09-11
06021;Alberti;Deuda de personas;Incorporado;2026-07;;https://alberti.gov.ar/transparencia;2026-09-11
06021;Alberti;Préstamos y depósitos bancarios;Reservado o sin cifra de origen;2024-12;"Cifra publicada por localización BCRA/DPE; las reservas estadísticas no se completan con cero.";https://alberti.gov.ar/transparencia;2026-09-11
06021;Alberti;Empleo industrial;Incorporado;2025-12;;https://alberti.gov.ar/transparencia;2026-09-11
06021;Alberti;Desempleo, informalidad y pobreza por ingresos;Sin serie comparable para 135;;"Encuesta representativa del municipio con metodología y muestra; los datos por aglomerado no representan automáticamente cada partido.";https://alberti.gov.ar/transparencia;2026-09-11
06028;Almirante Brown;Cuenta fiscal comparable;Pendiente;enero–junio 2026;Cuenta ahorro-inversión-financiamiento (CAIF) enero–junio 2026, o ejecuciones por carácter económico conciliadas que excluyan financiamiento.;https://www.almirantebrown.gov.ar/estado-contable-2023;2026-09-11
06028;Almirante Brown;Presupuesto original 2026;Pendiente;;"Ordenanza de presupuesto 2026 aprobada y total de erogaciones; identificar los organismos incluidos.";https://www.almirantebrown.gov.ar/estado-contable-2023;2026-09-11
06028;Almirante Brown;Presupuesto vigente 2026;Pendiente;;Crédito anual vigente 2026 y modificaciones, con fecha de corte y saldo inicial anual.;https://www.almirantebrown.gov.ar/estado-contable-2023;2026-09-11
06028;Almirante Brown;Saldo de tesorería;Pendiente;;Estado de tesorería conciliado: bancos, efectivo, valores y fondos afectados. El saldo total no equivale a caja libre.;https://www.almirantebrown.gov.ar/estado-contable-2023;2026-09-11
06028;Almirante Brown;Caja libre;Pendiente;;Caja de libre disponibilidad conciliada, descontando fondos afectados y obligaciones exigibles.;https://www.almirantebrown.gov.ar/estado-contable-2023;2026-09-11
06028;Almirante Brown;Stock de deuda municipal;Pendiente;;"Planilla de deuda consolidada y flotante, contratos, moneda y corte; separar pasivos contables y evitar sumarlos dos veces.";https://www.almirantebrown.gov.ar/estado-contable-2023;2026-09-11
06028;Almirante Brown;Calendario futuro de deuda;Pendiente;;"Planilla de vencimientos futuros de capital e intereses, por contrato y fecha; separar lo ya pagado del año.";https://www.almirantebrown.gov.ar/estado-contable-2023;2026-09-11
06028;Almirante Brown;Deuda con proveedores vencida;Pendiente;;Antigüedad y vencimiento de facturas pendientes, conciliados con la deuda flotante. Pendiente no significa vencida.;https://www.almirantebrown.gov.ar/estado-contable-2023;2026-09-11
06028;Almirante Brown;Flujos fiscales mensuales;Pendiente;;"Ingresos percibidos y gastos devengados por mes, sin acumulación; necesarios para ajustar cada flujo por IPC.";https://www.almirantebrown.gov.ar/estado-contable-2023;2026-09-11
06028;Almirante Brown;Cierres fiscales anuales 2021–2025;Sin serie anual incorporada;;"CAIF de cierre anual 2021–2025 con los mismos organismos; no anualizar semestres.";https://www.almirantebrown.gov.ar/estado-contable-2023;2026-09-11
06028;Almirante Brown;Transferencias provinciales;Incorporado;2025-01 a 2026-07;;https://www.almirantebrown.gov.ar/estado-contable-2023;2026-09-11
06028;Almirante Brown;Empleo y salarios privados formales;Incorporado;2019-01 a 2025-12;;https://www.almirantebrown.gov.ar/estado-contable-2023;2026-09-11
06028;Almirante Brown;Población y condiciones de vida;Incorporado;Censo 2022;;https://www.almirantebrown.gov.ar/estado-contable-2023;2026-09-11
06028;Almirante Brown;Producto municipal;Incorporado;"2021–2023; precios 2004";;https://www.almirantebrown.gov.ar/estado-contable-2023;2026-09-11
06028;Almirante Brown;Delitos registrados;Incorporado;2024–2025;;https://www.almirantebrown.gov.ar/estado-contable-2023;2026-09-11
06028;Almirante Brown;Deuda de personas;Incorporado;2026-07;;https://www.almirantebrown.gov.ar/estado-contable-2023;2026-09-11
06028;Almirante Brown;Préstamos y depósitos bancarios;Incorporado;2024-12;;https://www.almirantebrown.gov.ar/estado-contable-2023;2026-09-11
06028;Almirante Brown;Empleo industrial;Incorporado;2025-12;;https://www.almirantebrown.gov.ar/estado-contable-2023;2026-09-11
06028;Almirante Brown;Desempleo, informalidad y pobreza por ingresos;Sin serie comparable para 135;;"Encuesta representativa del municipio con metodología y muestra; los datos por aglomerado no representan automáticamente cada partido.";https://www.almirantebrown.gov.ar/estado-contable-2023;2026-09-11
06077;Arrecifes;Cuenta fiscal comparable;Incorporado;enero–junio 2026;;https://arrecifes.gob.ar/2026-2/rendicion-de-cuentas/;2026-09-11
06077;Arrecifes;Presupuesto original 2026;Pendiente;2026;"Ordenanza de presupuesto 2026 aprobada y total de erogaciones; identificar los organismos incluidos.";https://arrecifes.gob.ar/2026-2/rendicion-de-cuentas/;2026-09-11
06077;Arrecifes;Presupuesto vigente 2026;Incorporado;2026-06-30;;https://arrecifes.gob.ar/2026-2/rendicion-de-cuentas/;2026-09-11
06077;Arrecifes;Saldo de tesorería;Pendiente;;Estado de tesorería conciliado: bancos, efectivo, valores y fondos afectados. El saldo total no equivale a caja libre.;https://arrecifes.gob.ar/2026-2/rendicion-de-cuentas/;2026-09-11
06077;Arrecifes;Caja libre;Pendiente;;Caja de libre disponibilidad conciliada, descontando fondos afectados y obligaciones exigibles.;https://arrecifes.gob.ar/2026-2/rendicion-de-cuentas/;2026-09-11
06077;Arrecifes;Stock de deuda municipal;Pendiente;;"Planilla de deuda consolidada y flotante, contratos, moneda y corte; separar pasivos contables y evitar sumarlos dos veces.";https://arrecifes.gob.ar/2026-2/rendicion-de-cuentas/;2026-09-11
06077;Arrecifes;Calendario futuro de deuda;Pendiente;;"Planilla de vencimientos futuros de capital e intereses, por contrato y fecha; separar lo ya pagado del año.";https://arrecifes.gob.ar/2026-2/rendicion-de-cuentas/;2026-09-11
06077;Arrecifes;Deuda con proveedores vencida;Pendiente;;Antigüedad y vencimiento de facturas pendientes, conciliados con la deuda flotante. Pendiente no significa vencida.;https://arrecifes.gob.ar/2026-2/rendicion-de-cuentas/;2026-09-11
06077;Arrecifes;Flujos fiscales mensuales;Pendiente;;"Ingresos percibidos y gastos devengados por mes, sin acumulación; necesarios para ajustar cada flujo por IPC.";https://arrecifes.gob.ar/2026-2/rendicion-de-cuentas/;2026-09-11
06077;Arrecifes;Cierres fiscales anuales 2021–2025;Sin serie anual incorporada;;"CAIF de cierre anual 2021–2025 con los mismos organismos; no anualizar semestres.";https://arrecifes.gob.ar/2026-2/rendicion-de-cuentas/;2026-09-11
06077;Arrecifes;Transferencias provinciales;Incorporado;2025-01 a 2026-07;;https://arrecifes.gob.ar/2026-2/rendicion-de-cuentas/;2026-09-11
06077;Arrecifes;Empleo y salarios privados formales;Incorporado;2019-01 a 2025-12;;https://arrecifes.gob.ar/2026-2/rendicion-de-cuentas/;2026-09-11
06077;Arrecifes;Población y condiciones de vida;Incorporado;Censo 2022;;https://arrecifes.gob.ar/2026-2/rendicion-de-cuentas/;2026-09-11
06077;Arrecifes;Producto municipal;Incorporado;"2021–2023; precios 2004";;https://arrecifes.gob.ar/2026-2/rendicion-de-cuentas/;2026-09-11
06077;Arrecifes;Delitos registrados;Incorporado;2024–2025;;https://arrecifes.gob.ar/2026-2/rendicion-de-cuentas/;2026-09-11
06077;Arrecifes;Deuda de personas;Incorporado;2026-07;;https://arrecifes.gob.ar/2026-2/rendicion-de-cuentas/;2026-09-11
06077;Arrecifes;Préstamos y depósitos bancarios;Incorporado;2024-12;;https://arrecifes.gob.ar/2026-2/rendicion-de-cuentas/;2026-09-11
06077;Arrecifes;Empleo industrial;Incorporado;2025-12;;https://arrecifes.gob.ar/2026-2/rendicion-de-cuentas/;2026-09-11
06077;Arrecifes;Desempleo, informalidad y pobreza por ingresos;Sin serie comparable para 135;;"Encuesta representativa del municipio con metodología y muestra; los datos por aglomerado no representan automáticamente cada partido.";https://arrecifes.gob.ar/2026-2/rendicion-de-cuentas/;2026-09-11
06035;Avellaneda;Cuenta fiscal comparable;Incorporado;enero–junio 2026;;https://www.mda.gob.ar/gobierno/secretaria-de-hacienda-y-administracion/situacion-economica-financiera/;2026-09-11
06035;Avellaneda;Presupuesto original 2026;Pendiente;2026;"Ordenanza de presupuesto 2026 aprobada y total de erogaciones; identificar los organismos incluidos.";https://www.mda.gob.ar/gobierno/secretaria-de-hacienda-y-administracion/situacion-economica-financiera/;2026-09-11
06035;Avellaneda;Presupuesto vigente 2026;Incorporado;2026-06-30;;https://www.mda.gob.ar/gobierno/secretaria-de-hacienda-y-administracion/situacion-economica-financiera/;2026-09-11
06035;Avellaneda;Saldo de tesorería;Pendiente;;Estado de tesorería conciliado: bancos, efectivo, valores y fondos afectados. El saldo total no equivale a caja libre.;https://www.mda.gob.ar/gobierno/secretaria-de-hacienda-y-administracion/situacion-economica-financiera/;2026-09-11
06035;Avellaneda;Caja libre;Pendiente;;Caja de libre disponibilidad conciliada, descontando fondos afectados y obligaciones exigibles.;https://www.mda.gob.ar/gobierno/secretaria-de-hacienda-y-administracion/situacion-economica-financiera/;2026-09-11
06035;Avellaneda;Stock de deuda municipal;Pendiente;;"Planilla de deuda consolidada y flotante, contratos, moneda y corte; separar pasivos contables y evitar sumarlos dos veces.";https://www.mda.gob.ar/gobierno/secretaria-de-hacienda-y-administracion/situacion-economica-financiera/;2026-09-11
06035;Avellaneda;Calendario futuro de deuda;Pendiente;;"Planilla de vencimientos futuros de capital e intereses, por contrato y fecha; separar lo ya pagado del año.";https://www.mda.gob.ar/gobierno/secretaria-de-hacienda-y-administracion/situacion-economica-financiera/;2026-09-11
06035;Avellaneda;Deuda con proveedores vencida;Pendiente;;Antigüedad y vencimiento de facturas pendientes, conciliados con la deuda flotante. Pendiente no significa vencida.;https://www.mda.gob.ar/gobierno/secretaria-de-hacienda-y-administracion/situacion-economica-financiera/;2026-09-11
06035;Avellaneda;Flujos fiscales mensuales;Pendiente;;"Ingresos percibidos y gastos devengados por mes, sin acumulación; necesarios para ajustar cada flujo por IPC.";https://www.mda.gob.ar/gobierno/secretaria-de-hacienda-y-administracion/situacion-economica-financiera/;2026-09-11
06035;Avellaneda;Cierres fiscales anuales 2021–2025;Sin serie anual incorporada;;"CAIF de cierre anual 2021–2025 con los mismos organismos; no anualizar semestres.";https://www.mda.gob.ar/gobierno/secretaria-de-hacienda-y-administracion/situacion-economica-financiera/;2026-09-11
06035;Avellaneda;Transferencias provinciales;Incorporado;2025-01 a 2026-07;;https://www.mda.gob.ar/gobierno/secretaria-de-hacienda-y-administracion/situacion-economica-financiera/;2026-09-11
06035;Avellaneda;Empleo y salarios privados formales;Incorporado;2019-01 a 2025-12;;https://www.mda.gob.ar/gobierno/secretaria-de-hacienda-y-administracion/situacion-economica-financiera/;2026-09-11
06035;Avellaneda;Población y condiciones de vida;Incorporado;Censo 2022;;https://www.mda.gob.ar/gobierno/secretaria-de-hacienda-y-administracion/situacion-economica-financiera/;2026-09-11
06035;Avellaneda;Producto municipal;Incorporado;"2021–2023; precios 2004";;https://www.mda.gob.ar/gobierno/secretaria-de-hacienda-y-administracion/situacion-economica-financiera/;2026-09-11
06035;Avellaneda;Delitos registrados;Incorporado;2024–2025;;https://www.mda.gob.ar/gobierno/secretaria-de-hacienda-y-administracion/situacion-economica-financiera/;2026-09-11
06035;Avellaneda;Deuda de personas;Incorporado;2026-07;;https://www.mda.gob.ar/gobierno/secretaria-de-hacienda-y-administracion/situacion-economica-financiera/;2026-09-11
06035;Avellaneda;Préstamos y depósitos bancarios;Incorporado;2024-12;;https://www.mda.gob.ar/gobierno/secretaria-de-hacienda-y-administracion/situacion-economica-financiera/;2026-09-11
06035;Avellaneda;Empleo industrial;Incorporado;2025-12;;https://www.mda.gob.ar/gobierno/secretaria-de-hacienda-y-administracion/situacion-economica-financiera/;2026-09-11
06035;Avellaneda;Desempleo, informalidad y pobreza por ingresos;Sin serie comparable para 135;;"Encuesta representativa del municipio con metodología y muestra; los datos por aglomerado no representan automáticamente cada partido.";https://www.mda.gob.ar/gobierno/secretaria-de-hacienda-y-administracion/situacion-economica-financiera/;2026-09-11
06042;Ayacucho;Cuenta fiscal comparable;Incorporado;enero–junio 2026;;https://www.ayacucho.gob.ar/?q=transparencia-fiscal-municipal;2026-09-11
06042;Ayacucho;Presupuesto original 2026;Incorporado;2026;;https://www.ayacucho.gob.ar/?q=transparencia-fiscal-municipal;2026-09-11
06042;Ayacucho;Presupuesto vigente 2026;Incorporado;2026-03-31;;https://www.ayacucho.gob.ar/?q=transparencia-fiscal-municipal;2026-09-11
06042;Ayacucho;Saldo de tesorería;Pendiente;;Estado de tesorería conciliado: bancos, efectivo, valores y fondos afectados. El saldo total no equivale a caja libre.;https://www.ayacucho.gob.ar/?q=transparencia-fiscal-municipal;2026-09-11
06042;Ayacucho;Caja libre;Pendiente;;Caja de libre disponibilidad conciliada, descontando fondos afectados y obligaciones exigibles.;https://www.ayacucho.gob.ar/?q=transparencia-fiscal-municipal;2026-09-11
06042;Ayacucho;Stock de deuda municipal;Pendiente;;"Planilla de deuda consolidada y flotante, contratos, moneda y corte; separar pasivos contables y evitar sumarlos dos veces.";https://www.ayacucho.gob.ar/?q=transparencia-fiscal-municipal;2026-09-11
06042;Ayacucho;Calendario futuro de deuda;Pendiente;;"Planilla de vencimientos futuros de capital e intereses, por contrato y fecha; separar lo ya pagado del año.";https://www.ayacucho.gob.ar/?q=transparencia-fiscal-municipal;2026-09-11
06042;Ayacucho;Deuda con proveedores vencida;Pendiente;;Antigüedad y vencimiento de facturas pendientes, conciliados con la deuda flotante. Pendiente no significa vencida.;https://www.ayacucho.gob.ar/?q=transparencia-fiscal-municipal;2026-09-11
06042;Ayacucho;Flujos fiscales mensuales;Pendiente;;"Ingresos percibidos y gastos devengados por mes, sin acumulación; necesarios para ajustar cada flujo por IPC.";https://www.ayacucho.gob.ar/?q=transparencia-fiscal-municipal;2026-09-11
06042;Ayacucho;Cierres fiscales anuales 2021–2025;Sin serie anual incorporada;;"CAIF de cierre anual 2021–2025 con los mismos organismos; no anualizar semestres.";https://www.ayacucho.gob.ar/?q=transparencia-fiscal-municipal;2026-09-11
06042;Ayacucho;Transferencias provinciales;Incorporado;2025-01 a 2026-07;;https://www.ayacucho.gob.ar/?q=transparencia-fiscal-municipal;2026-09-11
06042;Ayacucho;Empleo y salarios privados formales;Incorporado;2019-01 a 2025-12;;https://www.ayacucho.gob.ar/?q=transparencia-fiscal-municipal;2026-09-11
06042;Ayacucho;Población y condiciones de vida;Incorporado;Censo 2022;;https://www.ayacucho.gob.ar/?q=transparencia-fiscal-municipal;2026-09-11
06042;Ayacucho;Producto municipal;Incorporado;"2021–2023; precios 2004";;https://www.ayacucho.gob.ar/?q=transparencia-fiscal-municipal;2026-09-11
06042;Ayacucho;Delitos registrados;Incorporado;2024–2025;;https://www.ayacucho.gob.ar/?q=transparencia-fiscal-municipal;2026-09-11
06042;Ayacucho;Deuda de personas;Incorporado;2026-07;;https://www.ayacucho.gob.ar/?q=transparencia-fiscal-municipal;2026-09-11
06042;Ayacucho;Préstamos y depósitos bancarios;Reservado o sin cifra de origen;2024-12;"Cifra publicada por localización BCRA/DPE; las reservas estadísticas no se completan con cero.";https://www.ayacucho.gob.ar/?q=transparencia-fiscal-municipal;2026-09-11
06042;Ayacucho;Empleo industrial;Incorporado;2025-12;;https://www.ayacucho.gob.ar/?q=transparencia-fiscal-municipal;2026-09-11
06042;Ayacucho;Desempleo, informalidad y pobreza por ingresos;Sin serie comparable para 135;;"Encuesta representativa del municipio con metodología y muestra; los datos por aglomerado no representan automáticamente cada partido.";https://www.ayacucho.gob.ar/?q=transparencia-fiscal-municipal;2026-09-11
06049;Azul;Cuenta fiscal comparable;Pendiente;enero–junio 2026;Cuenta ahorro-inversión-financiamiento (CAIF) enero–junio 2026, o ejecuciones por carácter económico conciliadas que excluyan financiamiento.;https://azuldigital.gob.ar/wp-content/uploads/2026/04/Adm.-Central-Situacion-Economica-Financiera-al-31-03-26.pdf;2026-09-11
06049;Azul;Presupuesto original 2026;Pendiente;2026;"Ordenanza de presupuesto 2026 aprobada y total de erogaciones; identificar los organismos incluidos.";https://azuldigital.gob.ar/wp-content/uploads/2026/04/Adm.-Central-Situacion-Economica-Financiera-al-31-03-26.pdf;2026-09-11
06049;Azul;Presupuesto vigente 2026;Incorporado;2026-03-31;;https://azuldigital.gob.ar/wp-content/uploads/2026/04/Adm.-Central-Situacion-Economica-Financiera-al-31-03-26.pdf;2026-09-11
06049;Azul;Saldo de tesorería;Pendiente;;Estado de tesorería conciliado: bancos, efectivo, valores y fondos afectados. El saldo total no equivale a caja libre.;https://azuldigital.gob.ar/wp-content/uploads/2026/04/Adm.-Central-Situacion-Economica-Financiera-al-31-03-26.pdf;2026-09-11
06049;Azul;Caja libre;Pendiente;;Caja de libre disponibilidad conciliada, descontando fondos afectados y obligaciones exigibles.;https://azuldigital.gob.ar/wp-content/uploads/2026/04/Adm.-Central-Situacion-Economica-Financiera-al-31-03-26.pdf;2026-09-11
06049;Azul;Stock de deuda municipal;Pendiente;;"Planilla de deuda consolidada y flotante, contratos, moneda y corte; separar pasivos contables y evitar sumarlos dos veces.";https://azuldigital.gob.ar/wp-content/uploads/2026/04/Adm.-Central-Situacion-Economica-Financiera-al-31-03-26.pdf;2026-09-11
06049;Azul;Calendario futuro de deuda;Pendiente;;"Planilla de vencimientos futuros de capital e intereses, por contrato y fecha; separar lo ya pagado del año.";https://azuldigital.gob.ar/wp-content/uploads/2026/04/Adm.-Central-Situacion-Economica-Financiera-al-31-03-26.pdf;2026-09-11
06049;Azul;Deuda con proveedores vencida;Pendiente;;Antigüedad y vencimiento de facturas pendientes, conciliados con la deuda flotante. Pendiente no significa vencida.;https://azuldigital.gob.ar/wp-content/uploads/2026/04/Adm.-Central-Situacion-Economica-Financiera-al-31-03-26.pdf;2026-09-11
06049;Azul;Flujos fiscales mensuales;Pendiente;;"Ingresos percibidos y gastos devengados por mes, sin acumulación; necesarios para ajustar cada flujo por IPC.";https://azuldigital.gob.ar/wp-content/uploads/2026/04/Adm.-Central-Situacion-Economica-Financiera-al-31-03-26.pdf;2026-09-11
06049;Azul;Cierres fiscales anuales 2021–2025;Sin serie anual incorporada;;"CAIF de cierre anual 2021–2025 con los mismos organismos; no anualizar semestres.";https://azuldigital.gob.ar/wp-content/uploads/2026/04/Adm.-Central-Situacion-Economica-Financiera-al-31-03-26.pdf;2026-09-11
06049;Azul;Transferencias provinciales;Incorporado;2025-01 a 2026-07;;https://azuldigital.gob.ar/wp-content/uploads/2026/04/Adm.-Central-Situacion-Economica-Financiera-al-31-03-26.pdf;2026-09-11
06049;Azul;Empleo y salarios privados formales;Incorporado;2019-01 a 2025-12;;https://azuldigital.gob.ar/wp-content/uploads/2026/04/Adm.-Central-Situacion-Economica-Financiera-al-31-03-26.pdf;2026-09-11
06049;Azul;Población y condiciones de vida;Incorporado;Censo 2022;;https://azuldigital.gob.ar/wp-content/uploads/2026/04/Adm.-Central-Situacion-Economica-Financiera-al-31-03-26.pdf;2026-09-11
06049;Azul;Producto municipal;Incorporado;"2021–2023; precios 2004";;https://azuldigital.gob.ar/wp-content/uploads/2026/04/Adm.-Central-Situacion-Economica-Financiera-al-31-03-26.pdf;2026-09-11
06049;Azul;Delitos registrados;Incorporado;2024–2025;;https://azuldigital.gob.ar/wp-content/uploads/2026/04/Adm.-Central-Situacion-Economica-Financiera-al-31-03-26.pdf;2026-09-11
06049;Azul;Deuda de personas;Incorporado;2026-07;;https://azuldigital.gob.ar/wp-content/uploads/2026/04/Adm.-Central-Situacion-Economica-Financiera-al-31-03-26.pdf;2026-09-11
06049;Azul;Préstamos y depósitos bancarios;Incorporado;2024-12;;https://azuldigital.gob.ar/wp-content/uploads/2026/04/Adm.-Central-Situacion-Economica-Financiera-al-31-03-26.pdf;2026-09-11
06049;Azul;Empleo industrial;Incorporado;2025-12;;https://azuldigital.gob.ar/wp-content/uploads/2026/04/Adm.-Central-Situacion-Economica-Financiera-al-31-03-26.pdf;2026-09-11
06049;Azul;Desempleo, informalidad y pobreza por ingresos;Sin serie comparable para 135;;"Encuesta representativa del municipio con metodología y muestra; los datos por aglomerado no representan automáticamente cada partido.";https://azuldigital.gob.ar/wp-content/uploads/2026/04/Adm.-Central-Situacion-Economica-Financiera-al-31-03-26.pdf;2026-09-11
06056;Bahía Blanca;Cuenta fiscal comparable;Pendiente;enero–junio 2026;Cuenta ahorro-inversión-financiamiento (CAIF) enero–junio 2026, o ejecuciones por carácter económico conciliadas que excluyan financiamiento.;https://gobiernoabierto.bahia.gob.ar/;2026-09-11
06056;Bahía Blanca;Presupuesto original 2026;Incorporado;2026;;https://gobiernoabierto.bahia.gob.ar/;2026-09-11
06056;Bahía Blanca;Presupuesto vigente 2026;Pendiente;2026-01-09;Crédito anual vigente 2026 y modificaciones, con fecha de corte y saldo inicial anual.;https://gobiernoabierto.bahia.gob.ar/;2026-09-11
06056;Bahía Blanca;Saldo de tesorería;Pendiente;;Estado de tesorería conciliado: bancos, efectivo, valores y fondos afectados. El saldo total no equivale a caja libre.;https://gobiernoabierto.bahia.gob.ar/;2026-09-11
06056;Bahía Blanca;Caja libre;Pendiente;;Caja de libre disponibilidad conciliada, descontando fondos afectados y obligaciones exigibles.;https://gobiernoabierto.bahia.gob.ar/;2026-09-11
06056;Bahía Blanca;Stock de deuda municipal;Pendiente;;"Planilla de deuda consolidada y flotante, contratos, moneda y corte; separar pasivos contables y evitar sumarlos dos veces.";https://gobiernoabierto.bahia.gob.ar/;2026-09-11
06056;Bahía Blanca;Calendario futuro de deuda;Pendiente;;"Planilla de vencimientos futuros de capital e intereses, por contrato y fecha; separar lo ya pagado del año.";https://gobiernoabierto.bahia.gob.ar/;2026-09-11
06056;Bahía Blanca;Deuda con proveedores vencida;Pendiente;;Antigüedad y vencimiento de facturas pendientes, conciliados con la deuda flotante. Pendiente no significa vencida.;https://gobiernoabierto.bahia.gob.ar/;2026-09-11
06056;Bahía Blanca;Flujos fiscales mensuales;Pendiente;;"Ingresos percibidos y gastos devengados por mes, sin acumulación; necesarios para ajustar cada flujo por IPC.";https://gobiernoabierto.bahia.gob.ar/;2026-09-11
06056;Bahía Blanca;Cierres fiscales anuales 2021–2025;Sin serie anual incorporada;;"CAIF de cierre anual 2021–2025 con los mismos organismos; no anualizar semestres.";https://gobiernoabierto.bahia.gob.ar/;2026-09-11
06056;Bahía Blanca;Transferencias provinciales;Incorporado;2025-01 a 2026-07;;https://gobiernoabierto.bahia.gob.ar/;2026-09-11
06056;Bahía Blanca;Empleo y salarios privados formales;Incorporado;2019-01 a 2025-12;;https://gobiernoabierto.bahia.gob.ar/;2026-09-11
06056;Bahía Blanca;Población y condiciones de vida;Incorporado;Censo 2022;;https://gobiernoabierto.bahia.gob.ar/;2026-09-11
06056;Bahía Blanca;Producto municipal;Incorporado;"2021–2023; precios 2004";;https://gobiernoabierto.bahia.gob.ar/;2026-09-11
06056;Bahía Blanca;Delitos registrados;Incorporado;2024–2025;;https://gobiernoabierto.bahia.gob.ar/;2026-09-11
06056;Bahía Blanca;Deuda de personas;Incorporado;2026-07;;https://gobiernoabierto.bahia.gob.ar/;2026-09-11
06056;Bahía Blanca;Préstamos y depósitos bancarios;Incorporado;2024-12;;https://gobiernoabierto.bahia.gob.ar/;2026-09-11
06056;Bahía Blanca;Empleo industrial;Incorporado;2025-12;;https://gobiernoabierto.bahia.gob.ar/;2026-09-11
06056;Bahía Blanca;Desempleo, informalidad y pobreza por ingresos;Sin serie comparable para 135;;"Encuesta representativa del municipio con metodología y muestra; los datos por aglomerado no representan automáticamente cada partido.";https://gobiernoabierto.bahia.gob.ar/;2026-09-11
06063;Balcarce;Cuenta fiscal comparable;Incorporado;enero–junio 2026;;https://drive.google.com/drive/folders/1YhirIMzWs3Y-2CNbfSvdH9niQ1sp5QPX?usp=drive_link;2026-09-11
06063;Balcarce;Presupuesto original 2026;Pendiente;2026;"Ordenanza de presupuesto 2026 aprobada y total de erogaciones; identificar los organismos incluidos.";https://drive.google.com/drive/folders/1YhirIMzWs3Y-2CNbfSvdH9niQ1sp5QPX?usp=drive_link;2026-09-11
06063;Balcarce;Presupuesto vigente 2026;Incorporado;2026-06-30;;https://drive.google.com/drive/folders/1YhirIMzWs3Y-2CNbfSvdH9niQ1sp5QPX?usp=drive_link;2026-09-11
06063;Balcarce;Saldo de tesorería;Pendiente;;Estado de tesorería conciliado: bancos, efectivo, valores y fondos afectados. El saldo total no equivale a caja libre.;https://drive.google.com/drive/folders/1YhirIMzWs3Y-2CNbfSvdH9niQ1sp5QPX?usp=drive_link;2026-09-11
06063;Balcarce;Caja libre;Pendiente;;Caja de libre disponibilidad conciliada, descontando fondos afectados y obligaciones exigibles.;https://drive.google.com/drive/folders/1YhirIMzWs3Y-2CNbfSvdH9niQ1sp5QPX?usp=drive_link;2026-09-11
06063;Balcarce;Stock de deuda municipal;Pendiente;;"Planilla de deuda consolidada y flotante, contratos, moneda y corte; separar pasivos contables y evitar sumarlos dos veces.";https://drive.google.com/drive/folders/1YhirIMzWs3Y-2CNbfSvdH9niQ1sp5QPX?usp=drive_link;2026-09-11
06063;Balcarce;Calendario futuro de deuda;Pendiente;;"Planilla de vencimientos futuros de capital e intereses, por contrato y fecha; separar lo ya pagado del año.";https://drive.google.com/drive/folders/1YhirIMzWs3Y-2CNbfSvdH9niQ1sp5QPX?usp=drive_link;2026-09-11
06063;Balcarce;Deuda con proveedores vencida;Pendiente;;Antigüedad y vencimiento de facturas pendientes, conciliados con la deuda flotante. Pendiente no significa vencida.;https://drive.google.com/drive/folders/1YhirIMzWs3Y-2CNbfSvdH9niQ1sp5QPX?usp=drive_link;2026-09-11
06063;Balcarce;Flujos fiscales mensuales;Pendiente;;"Ingresos percibidos y gastos devengados por mes, sin acumulación; necesarios para ajustar cada flujo por IPC.";https://drive.google.com/drive/folders/1YhirIMzWs3Y-2CNbfSvdH9niQ1sp5QPX?usp=drive_link;2026-09-11
06063;Balcarce;Cierres fiscales anuales 2021–2025;Sin serie anual incorporada;;"CAIF de cierre anual 2021–2025 con los mismos organismos; no anualizar semestres.";https://drive.google.com/drive/folders/1YhirIMzWs3Y-2CNbfSvdH9niQ1sp5QPX?usp=drive_link;2026-09-11
06063;Balcarce;Transferencias provinciales;Incorporado;2025-01 a 2026-07;;https://drive.google.com/drive/folders/1YhirIMzWs3Y-2CNbfSvdH9niQ1sp5QPX?usp=drive_link;2026-09-11
06063;Balcarce;Empleo y salarios privados formales;Incorporado;2019-01 a 2025-12;;https://drive.google.com/drive/folders/1YhirIMzWs3Y-2CNbfSvdH9niQ1sp5QPX?usp=drive_link;2026-09-11
06063;Balcarce;Población y condiciones de vida;Incorporado;Censo 2022;;https://drive.google.com/drive/folders/1YhirIMzWs3Y-2CNbfSvdH9niQ1sp5QPX?usp=drive_link;2026-09-11
06063;Balcarce;Producto municipal;Incorporado;"2021–2023; precios 2004";;https://drive.google.com/drive/folders/1YhirIMzWs3Y-2CNbfSvdH9niQ1sp5QPX?usp=drive_link;2026-09-11
06063;Balcarce;Delitos registrados;Incorporado;2024–2025;;https://drive.google.com/drive/folders/1YhirIMzWs3Y-2CNbfSvdH9niQ1sp5QPX?usp=drive_link;2026-09-11
06063;Balcarce;Deuda de personas;Incorporado;2026-07;;https://drive.google.com/drive/folders/1YhirIMzWs3Y-2CNbfSvdH9niQ1sp5QPX?usp=drive_link;2026-09-11
06063;Balcarce;Préstamos y depósitos bancarios;Incorporado;2024-12;;https://drive.google.com/drive/folders/1YhirIMzWs3Y-2CNbfSvdH9niQ1sp5QPX?usp=drive_link;2026-09-11
06063;Balcarce;Empleo industrial;Incorporado;2025-12;;https://drive.google.com/drive/folders/1YhirIMzWs3Y-2CNbfSvdH9niQ1sp5QPX?usp=drive_link;2026-09-11
06063;Balcarce;Desempleo, informalidad y pobreza por ingresos;Sin serie comparable para 135;;"Encuesta representativa del municipio con metodología y muestra; los datos por aglomerado no representan automáticamente cada partido.";https://drive.google.com/drive/folders/1YhirIMzWs3Y-2CNbfSvdH9niQ1sp5QPX?usp=drive_link;2026-09-11
06070;Baradero;Cuenta fiscal comparable;Incorporado;enero–junio 2026;;https://baradero.gob.ar/download/situacion-economico-financiera-al-31-03-2026/;2026-09-11
06070;Baradero;Presupuesto original 2026;Pendiente;2026;"Ordenanza de presupuesto 2026 aprobada y total de erogaciones; identificar los organismos incluidos.";https://baradero.gob.ar/download/situacion-economico-financiera-al-31-03-2026/;2026-09-11
06070;Baradero;Presupuesto vigente 2026;Incorporado;2026-06-30;;https://baradero.gob.ar/download/situacion-economico-financiera-al-31-03-2026/;2026-09-11
06070;Baradero;Saldo de tesorería;Pendiente;;Estado de tesorería conciliado: bancos, efectivo, valores y fondos afectados. El saldo total no equivale a caja libre.;https://baradero.gob.ar/download/situacion-economico-financiera-al-31-03-2026/;2026-09-11
06070;Baradero;Caja libre;Pendiente;;Caja de libre disponibilidad conciliada, descontando fondos afectados y obligaciones exigibles.;https://baradero.gob.ar/download/situacion-economico-financiera-al-31-03-2026/;2026-09-11
06070;Baradero;Stock de deuda municipal;Pendiente;;"Planilla de deuda consolidada y flotante, contratos, moneda y corte; separar pasivos contables y evitar sumarlos dos veces.";https://baradero.gob.ar/download/situacion-economico-financiera-al-31-03-2026/;2026-09-11
06070;Baradero;Calendario futuro de deuda;Pendiente;;"Planilla de vencimientos futuros de capital e intereses, por contrato y fecha; separar lo ya pagado del año.";https://baradero.gob.ar/download/situacion-economico-financiera-al-31-03-2026/;2026-09-11
06070;Baradero;Deuda con proveedores vencida;Pendiente;;Antigüedad y vencimiento de facturas pendientes, conciliados con la deuda flotante. Pendiente no significa vencida.;https://baradero.gob.ar/download/situacion-economico-financiera-al-31-03-2026/;2026-09-11
06070;Baradero;Flujos fiscales mensuales;Pendiente;;"Ingresos percibidos y gastos devengados por mes, sin acumulación; necesarios para ajustar cada flujo por IPC.";https://baradero.gob.ar/download/situacion-economico-financiera-al-31-03-2026/;2026-09-11
06070;Baradero;Cierres fiscales anuales 2021–2025;Sin serie anual incorporada;;"CAIF de cierre anual 2021–2025 con los mismos organismos; no anualizar semestres.";https://baradero.gob.ar/download/situacion-economico-financiera-al-31-03-2026/;2026-09-11
06070;Baradero;Transferencias provinciales;Incorporado;2025-01 a 2026-07;;https://baradero.gob.ar/download/situacion-economico-financiera-al-31-03-2026/;2026-09-11
06070;Baradero;Empleo y salarios privados formales;Incorporado;2019-01 a 2025-12;;https://baradero.gob.ar/download/situacion-economico-financiera-al-31-03-2026/;2026-09-11
06070;Baradero;Población y condiciones de vida;Incorporado;Censo 2022;;https://baradero.gob.ar/download/situacion-economico-financiera-al-31-03-2026/;2026-09-11
06070;Baradero;Producto municipal;Incorporado;"2021–2023; precios 2004";;https://baradero.gob.ar/download/situacion-economico-financiera-al-31-03-2026/;2026-09-11
06070;Baradero;Delitos registrados;Incorporado;2024–2025;;https://baradero.gob.ar/download/situacion-economico-financiera-al-31-03-2026/;2026-09-11
06070;Baradero;Deuda de personas;Incorporado;2026-07;;https://baradero.gob.ar/download/situacion-economico-financiera-al-31-03-2026/;2026-09-11
06070;Baradero;Préstamos y depósitos bancarios;Incorporado;2024-12;;https://baradero.gob.ar/download/situacion-economico-financiera-al-31-03-2026/;2026-09-11
06070;Baradero;Empleo industrial;Incorporado;2025-12;;https://baradero.gob.ar/download/situacion-economico-financiera-al-31-03-2026/;2026-09-11
06070;Baradero;Desempleo, informalidad y pobreza por ingresos;Sin serie comparable para 135;;"Encuesta representativa del municipio con metodología y muestra; los datos por aglomerado no representan automáticamente cada partido.";https://baradero.gob.ar/download/situacion-economico-financiera-al-31-03-2026/;2026-09-11
06084;Benito Juárez;Cuenta fiscal comparable;Incorporado;enero–junio 2026;;https://drive.google.com/drive/folders/1FU2u0UbC2JoVe6gQFGzdq7iHR1bf2KC_?usp=sharing;2026-09-11
06084;Benito Juárez;Presupuesto original 2026;Pendiente;2026;"Ordenanza de presupuesto 2026 aprobada y total de erogaciones; identificar los organismos incluidos.";https://drive.google.com/drive/folders/1FU2u0UbC2JoVe6gQFGzdq7iHR1bf2KC_?usp=sharing;2026-09-11
06084;Benito Juárez;Presupuesto vigente 2026;Incorporado;2026-06-30;;https://drive.google.com/drive/folders/1FU2u0UbC2JoVe6gQFGzdq7iHR1bf2KC_?usp=sharing;2026-09-11
06084;Benito Juárez;Saldo de tesorería;Pendiente;;Estado de tesorería conciliado: bancos, efectivo, valores y fondos afectados. El saldo total no equivale a caja libre.;https://drive.google.com/drive/folders/1FU2u0UbC2JoVe6gQFGzdq7iHR1bf2KC_?usp=sharing;2026-09-11
06084;Benito Juárez;Caja libre;Pendiente;;Caja de libre disponibilidad conciliada, descontando fondos afectados y obligaciones exigibles.;https://drive.google.com/drive/folders/1FU2u0UbC2JoVe6gQFGzdq7iHR1bf2KC_?usp=sharing;2026-09-11
06084;Benito Juárez;Stock de deuda municipal;Pendiente;;"Planilla de deuda consolidada y flotante, contratos, moneda y corte; separar pasivos contables y evitar sumarlos dos veces.";https://drive.google.com/drive/folders/1FU2u0UbC2JoVe6gQFGzdq7iHR1bf2KC_?usp=sharing;2026-09-11
06084;Benito Juárez;Calendario futuro de deuda;Pendiente;;"Planilla de vencimientos futuros de capital e intereses, por contrato y fecha; separar lo ya pagado del año.";https://drive.google.com/drive/folders/1FU2u0UbC2JoVe6gQFGzdq7iHR1bf2KC_?usp=sharing;2026-09-11
06084;Benito Juárez;Deuda con proveedores vencida;Pendiente;;Antigüedad y vencimiento de facturas pendientes, conciliados con la deuda flotante. Pendiente no significa vencida.;https://drive.google.com/drive/folders/1FU2u0UbC2JoVe6gQFGzdq7iHR1bf2KC_?usp=sharing;2026-09-11
06084;Benito Juárez;Flujos fiscales mensuales;Pendiente;;"Ingresos percibidos y gastos devengados por mes, sin acumulación; necesarios para ajustar cada flujo por IPC.";https://drive.google.com/drive/folders/1FU2u0UbC2JoVe6gQFGzdq7iHR1bf2KC_?usp=sharing;2026-09-11
06084;Benito Juárez;Cierres fiscales anuales 2021–2025;Sin serie anual incorporada;;"CAIF de cierre anual 2021–2025 con los mismos organismos; no anualizar semestres.";https://drive.google.com/drive/folders/1FU2u0UbC2JoVe6gQFGzdq7iHR1bf2KC_?usp=sharing;2026-09-11
06084;Benito Juárez;Transferencias provinciales;Incorporado;2025-01 a 2026-07;;https://drive.google.com/drive/folders/1FU2u0UbC2JoVe6gQFGzdq7iHR1bf2KC_?usp=sharing;2026-09-11
06084;Benito Juárez;Empleo y salarios privados formales;Incorporado;2019-01 a 2025-12;;https://drive.google.com/drive/folders/1FU2u0UbC2JoVe6gQFGzdq7iHR1bf2KC_?usp=sharing;2026-09-11
06084;Benito Juárez;Población y condiciones de vida;Incorporado;Censo 2022;;https://drive.google.com/drive/folders/1FU2u0UbC2JoVe6gQFGzdq7iHR1bf2KC_?usp=sharing;2026-09-11
06084;Benito Juárez;Producto municipal;Incorporado;"2021–2023; precios 2004";;https://drive.google.com/drive/folders/1FU2u0UbC2JoVe6gQFGzdq7iHR1bf2KC_?usp=sharing;2026-09-11
06084;Benito Juárez;Delitos registrados;Incorporado;2024–2025;;https://drive.google.com/drive/folders/1FU2u0UbC2JoVe6gQFGzdq7iHR1bf2KC_?usp=sharing;2026-09-11
06084;Benito Juárez;Deuda de personas;Incorporado;2026-07;;https://drive.google.com/drive/folders/1FU2u0UbC2JoVe6gQFGzdq7iHR1bf2KC_?usp=sharing;2026-09-11
06084;Benito Juárez;Préstamos y depósitos bancarios;Incorporado;2024-12;;https://drive.google.com/drive/folders/1FU2u0UbC2JoVe6gQFGzdq7iHR1bf2KC_?usp=sharing;2026-09-11
06084;Benito Juárez;Empleo industrial;Incorporado;2025-12;;https://drive.google.com/drive/folders/1FU2u0UbC2JoVe6gQFGzdq7iHR1bf2KC_?usp=sharing;2026-09-11
06084;Benito Juárez;Desempleo, informalidad y pobreza por ingresos;Sin serie comparable para 135;;"Encuesta representativa del municipio con metodología y muestra; los datos por aglomerado no representan automáticamente cada partido.";https://drive.google.com/drive/folders/1FU2u0UbC2JoVe6gQFGzdq7iHR1bf2KC_?usp=sharing;2026-09-11
06091;Berazategui;Cuenta fiscal comparable;Pendiente;enero–junio 2026;Cuenta ahorro-inversión-financiamiento (CAIF) enero–junio 2026, o ejecuciones por carácter económico conciliadas que excluyan financiamiento.;https://berazategui.gob.ar/responsabilidad-fiscal/;2026-09-11
06091;Berazategui;Presupuesto original 2026;Incorporado;2026;;https://berazategui.gob.ar/responsabilidad-fiscal/;2026-09-11
06091;Berazategui;Presupuesto vigente 2026;Pendiente;2025-11-19;Crédito anual vigente 2026 y modificaciones, con fecha de corte y saldo inicial anual.;https://berazategui.gob.ar/responsabilidad-fiscal/;2026-09-11
06091;Berazategui;Saldo de tesorería;Pendiente;;Estado de tesorería conciliado: bancos, efectivo, valores y fondos afectados. El saldo total no equivale a caja libre.;https://berazategui.gob.ar/responsabilidad-fiscal/;2026-09-11
06091;Berazategui;Caja libre;Pendiente;;Caja de libre disponibilidad conciliada, descontando fondos afectados y obligaciones exigibles.;https://berazategui.gob.ar/responsabilidad-fiscal/;2026-09-11
06091;Berazategui;Stock de deuda municipal;Pendiente;;"Planilla de deuda consolidada y flotante, contratos, moneda y corte; separar pasivos contables y evitar sumarlos dos veces.";https://berazategui.gob.ar/responsabilidad-fiscal/;2026-09-11
06091;Berazategui;Calendario futuro de deuda;Pendiente;;"Planilla de vencimientos futuros de capital e intereses, por contrato y fecha; separar lo ya pagado del año.";https://berazategui.gob.ar/responsabilidad-fiscal/;2026-09-11
06091;Berazategui;Deuda con proveedores vencida;Pendiente;;Antigüedad y vencimiento de facturas pendientes, conciliados con la deuda flotante. Pendiente no significa vencida.;https://berazategui.gob.ar/responsabilidad-fiscal/;2026-09-11
06091;Berazategui;Flujos fiscales mensuales;Pendiente;;"Ingresos percibidos y gastos devengados por mes, sin acumulación; necesarios para ajustar cada flujo por IPC.";https://berazategui.gob.ar/responsabilidad-fiscal/;2026-09-11
06091;Berazategui;Cierres fiscales anuales 2021–2025;Sin serie anual incorporada;;"CAIF de cierre anual 2021–2025 con los mismos organismos; no anualizar semestres.";https://berazategui.gob.ar/responsabilidad-fiscal/;2026-09-11
06091;Berazategui;Transferencias provinciales;Incorporado;2025-01 a 2026-07;;https://berazategui.gob.ar/responsabilidad-fiscal/;2026-09-11
06091;Berazategui;Empleo y salarios privados formales;Incorporado;2019-01 a 2025-12;;https://berazategui.gob.ar/responsabilidad-fiscal/;2026-09-11
06091;Berazategui;Población y condiciones de vida;Incorporado;Censo 2022;;https://berazategui.gob.ar/responsabilidad-fiscal/;2026-09-11
06091;Berazategui;Producto municipal;Incorporado;"2021–2023; precios 2004";;https://berazategui.gob.ar/responsabilidad-fiscal/;2026-09-11
06091;Berazategui;Delitos registrados;Incorporado;2024–2025;;https://berazategui.gob.ar/responsabilidad-fiscal/;2026-09-11
06091;Berazategui;Deuda de personas;Incorporado;2026-07;;https://berazategui.gob.ar/responsabilidad-fiscal/;2026-09-11
06091;Berazategui;Préstamos y depósitos bancarios;Incorporado;2024-12;;https://berazategui.gob.ar/responsabilidad-fiscal/;2026-09-11
06091;Berazategui;Empleo industrial;Incorporado;2025-12;;https://berazategui.gob.ar/responsabilidad-fiscal/;2026-09-11
06091;Berazategui;Desempleo, informalidad y pobreza por ingresos;Sin serie comparable para 135;;"Encuesta representativa del municipio con metodología y muestra; los datos por aglomerado no representan automáticamente cada partido.";https://berazategui.gob.ar/responsabilidad-fiscal/;2026-09-11
06098;Berisso;Cuenta fiscal comparable;Incorporado;enero–junio 2026;;https://berisso.gob.ar/pagina/transparencia-fiscal;2026-09-11
06098;Berisso;Presupuesto original 2026;Pendiente;2026;"Ordenanza de presupuesto 2026 aprobada y total de erogaciones; identificar los organismos incluidos.";https://berisso.gob.ar/pagina/transparencia-fiscal;2026-09-11
06098;Berisso;Presupuesto vigente 2026;Incorporado;2026-06-30;;https://berisso.gob.ar/pagina/transparencia-fiscal;2026-09-11
06098;Berisso;Saldo de tesorería;Pendiente;;Estado de tesorería conciliado: bancos, efectivo, valores y fondos afectados. El saldo total no equivale a caja libre.;https://berisso.gob.ar/pagina/transparencia-fiscal;2026-09-11
06098;Berisso;Caja libre;Pendiente;;Caja de libre disponibilidad conciliada, descontando fondos afectados y obligaciones exigibles.;https://berisso.gob.ar/pagina/transparencia-fiscal;2026-09-11
06098;Berisso;Stock de deuda municipal;Pendiente;;"Planilla de deuda consolidada y flotante, contratos, moneda y corte; separar pasivos contables y evitar sumarlos dos veces.";https://berisso.gob.ar/pagina/transparencia-fiscal;2026-09-11
06098;Berisso;Calendario futuro de deuda;Pendiente;;"Planilla de vencimientos futuros de capital e intereses, por contrato y fecha; separar lo ya pagado del año.";https://berisso.gob.ar/pagina/transparencia-fiscal;2026-09-11
06098;Berisso;Deuda con proveedores vencida;Pendiente;;Antigüedad y vencimiento de facturas pendientes, conciliados con la deuda flotante. Pendiente no significa vencida.;https://berisso.gob.ar/pagina/transparencia-fiscal;2026-09-11
06098;Berisso;Flujos fiscales mensuales;Pendiente;;"Ingresos percibidos y gastos devengados por mes, sin acumulación; necesarios para ajustar cada flujo por IPC.";https://berisso.gob.ar/pagina/transparencia-fiscal;2026-09-11
06098;Berisso;Cierres fiscales anuales 2021–2025;Sin serie anual incorporada;;"CAIF de cierre anual 2021–2025 con los mismos organismos; no anualizar semestres.";https://berisso.gob.ar/pagina/transparencia-fiscal;2026-09-11
06098;Berisso;Transferencias provinciales;Incorporado;2025-01 a 2026-07;;https://berisso.gob.ar/pagina/transparencia-fiscal;2026-09-11
06098;Berisso;Empleo y salarios privados formales;Incorporado;2019-01 a 2025-12;;https://berisso.gob.ar/pagina/transparencia-fiscal;2026-09-11
06098;Berisso;Población y condiciones de vida;Incorporado;Censo 2022;;https://berisso.gob.ar/pagina/transparencia-fiscal;2026-09-11
06098;Berisso;Producto municipal;Incorporado;"2021–2023; precios 2004";;https://berisso.gob.ar/pagina/transparencia-fiscal;2026-09-11
06098;Berisso;Delitos registrados;Incorporado;2024–2025;;https://berisso.gob.ar/pagina/transparencia-fiscal;2026-09-11
06098;Berisso;Deuda de personas;Incorporado;2026-07;;https://berisso.gob.ar/pagina/transparencia-fiscal;2026-09-11
06098;Berisso;Préstamos y depósitos bancarios;Incorporado;2024-12;;https://berisso.gob.ar/pagina/transparencia-fiscal;2026-09-11
06098;Berisso;Empleo industrial;Incorporado;2025-12;;https://berisso.gob.ar/pagina/transparencia-fiscal;2026-09-11
06098;Berisso;Desempleo, informalidad y pobreza por ingresos;Sin serie comparable para 135;;"Encuesta representativa del municipio con metodología y muestra; los datos por aglomerado no representan automáticamente cada partido.";https://berisso.gob.ar/pagina/transparencia-fiscal;2026-09-11
06105;Bolívar;Cuenta fiscal comparable;Incorporado;enero–junio 2026;;https://www.bolivar.gob.ar/transparencia-fiscal/;2026-09-11
06105;Bolívar;Presupuesto original 2026;Pendiente;2026;"Ordenanza de presupuesto 2026 aprobada y total de erogaciones; identificar los organismos incluidos.";https://www.bolivar.gob.ar/transparencia-fiscal/;2026-09-11
06105;Bolívar;Presupuesto vigente 2026;Incorporado;2026-06-30;;https://www.bolivar.gob.ar/transparencia-fiscal/;2026-09-11
06105;Bolívar;Saldo de tesorería;Pendiente;;Estado de tesorería conciliado: bancos, efectivo, valores y fondos afectados. El saldo total no equivale a caja libre.;https://www.bolivar.gob.ar/transparencia-fiscal/;2026-09-11
06105;Bolívar;Caja libre;Pendiente;;Caja de libre disponibilidad conciliada, descontando fondos afectados y obligaciones exigibles.;https://www.bolivar.gob.ar/transparencia-fiscal/;2026-09-11
06105;Bolívar;Stock de deuda municipal;Pendiente;;"Planilla de deuda consolidada y flotante, contratos, moneda y corte; separar pasivos contables y evitar sumarlos dos veces.";https://www.bolivar.gob.ar/transparencia-fiscal/;2026-09-11
06105;Bolívar;Calendario futuro de deuda;Pendiente;;"Planilla de vencimientos futuros de capital e intereses, por contrato y fecha; separar lo ya pagado del año.";https://www.bolivar.gob.ar/transparencia-fiscal/;2026-09-11
06105;Bolívar;Deuda con proveedores vencida;Pendiente;;Antigüedad y vencimiento de facturas pendientes, conciliados con la deuda flotante. Pendiente no significa vencida.;https://www.bolivar.gob.ar/transparencia-fiscal/;2026-09-11
06105;Bolívar;Flujos fiscales mensuales;Pendiente;;"Ingresos percibidos y gastos devengados por mes, sin acumulación; necesarios para ajustar cada flujo por IPC.";https://www.bolivar.gob.ar/transparencia-fiscal/;2026-09-11
06105;Bolívar;Cierres fiscales anuales 2021–2025;Sin serie anual incorporada;;"CAIF de cierre anual 2021–2025 con los mismos organismos; no anualizar semestres.";https://www.bolivar.gob.ar/transparencia-fiscal/;2026-09-11
06105;Bolívar;Transferencias provinciales;Incorporado;2025-01 a 2026-07;;https://www.bolivar.gob.ar/transparencia-fiscal/;2026-09-11
06105;Bolívar;Empleo y salarios privados formales;Incorporado;2019-01 a 2025-12;;https://www.bolivar.gob.ar/transparencia-fiscal/;2026-09-11
06105;Bolívar;Población y condiciones de vida;Incorporado;Censo 2022;;https://www.bolivar.gob.ar/transparencia-fiscal/;2026-09-11
06105;Bolívar;Producto municipal;Incorporado;"2021–2023; precios 2004";;https://www.bolivar.gob.ar/transparencia-fiscal/;2026-09-11
06105;Bolívar;Delitos registrados;Incorporado;2024–2025;;https://www.bolivar.gob.ar/transparencia-fiscal/;2026-09-11
06105;Bolívar;Deuda de personas;Incorporado;2026-07;;https://www.bolivar.gob.ar/transparencia-fiscal/;2026-09-11
06105;Bolívar;Préstamos y depósitos bancarios;Incorporado;2024-12;;https://www.bolivar.gob.ar/transparencia-fiscal/;2026-09-11
06105;Bolívar;Empleo industrial;Incorporado;2025-12;;https://www.bolivar.gob.ar/transparencia-fiscal/;2026-09-11
06105;Bolívar;Desempleo, informalidad y pobreza por ingresos;Sin serie comparable para 135;;"Encuesta representativa del municipio con metodología y muestra; los datos por aglomerado no representan automáticamente cada partido.";https://www.bolivar.gob.ar/transparencia-fiscal/;2026-09-11
06112;Bragado;Cuenta fiscal comparable;Incorporado;enero–junio 2026;;https://portalbragado.com.ar/informacion_fiscal_presupuestaria/regimen_provincial_fiscal_municipal/regimen_provincial_fiscal_municipal.html;2026-09-11
06112;Bragado;Presupuesto original 2026;Pendiente;2026;"Ordenanza de presupuesto 2026 aprobada y total de erogaciones; identificar los organismos incluidos.";https://portalbragado.com.ar/informacion_fiscal_presupuestaria/regimen_provincial_fiscal_municipal/regimen_provincial_fiscal_municipal.html;2026-09-11
06112;Bragado;Presupuesto vigente 2026;Incorporado;2026-08-31;;https://portalbragado.com.ar/informacion_fiscal_presupuestaria/regimen_provincial_fiscal_municipal/regimen_provincial_fiscal_municipal.html;2026-09-11
06112;Bragado;Saldo de tesorería;Pendiente;;Estado de tesorería conciliado: bancos, efectivo, valores y fondos afectados. El saldo total no equivale a caja libre.;https://portalbragado.com.ar/informacion_fiscal_presupuestaria/regimen_provincial_fiscal_municipal/regimen_provincial_fiscal_municipal.html;2026-09-11
06112;Bragado;Caja libre;Pendiente;;Caja de libre disponibilidad conciliada, descontando fondos afectados y obligaciones exigibles.;https://portalbragado.com.ar/informacion_fiscal_presupuestaria/regimen_provincial_fiscal_municipal/regimen_provincial_fiscal_municipal.html;2026-09-11
06112;Bragado;Stock de deuda municipal;Pendiente;;"Planilla de deuda consolidada y flotante, contratos, moneda y corte; separar pasivos contables y evitar sumarlos dos veces.";https://portalbragado.com.ar/informacion_fiscal_presupuestaria/regimen_provincial_fiscal_municipal/regimen_provincial_fiscal_municipal.html;2026-09-11
06112;Bragado;Calendario futuro de deuda;Pendiente;;"Planilla de vencimientos futuros de capital e intereses, por contrato y fecha; separar lo ya pagado del año.";https://portalbragado.com.ar/informacion_fiscal_presupuestaria/regimen_provincial_fiscal_municipal/regimen_provincial_fiscal_municipal.html;2026-09-11
06112;Bragado;Deuda con proveedores vencida;Pendiente;;Antigüedad y vencimiento de facturas pendientes, conciliados con la deuda flotante. Pendiente no significa vencida.;https://portalbragado.com.ar/informacion_fiscal_presupuestaria/regimen_provincial_fiscal_municipal/regimen_provincial_fiscal_municipal.html;2026-09-11
06112;Bragado;Flujos fiscales mensuales;Pendiente;;"Ingresos percibidos y gastos devengados por mes, sin acumulación; necesarios para ajustar cada flujo por IPC.";https://portalbragado.com.ar/informacion_fiscal_presupuestaria/regimen_provincial_fiscal_municipal/regimen_provincial_fiscal_municipal.html;2026-09-11
06112;Bragado;Cierres fiscales anuales 2021–2025;Sin serie anual incorporada;;"CAIF de cierre anual 2021–2025 con los mismos organismos; no anualizar semestres.";https://portalbragado.com.ar/informacion_fiscal_presupuestaria/regimen_provincial_fiscal_municipal/regimen_provincial_fiscal_municipal.html;2026-09-11
06112;Bragado;Transferencias provinciales;Incorporado;2025-01 a 2026-07;;https://portalbragado.com.ar/informacion_fiscal_presupuestaria/regimen_provincial_fiscal_municipal/regimen_provincial_fiscal_municipal.html;2026-09-11
06112;Bragado;Empleo y salarios privados formales;Incorporado;2019-01 a 2025-12;;https://portalbragado.com.ar/informacion_fiscal_presupuestaria/regimen_provincial_fiscal_municipal/regimen_provincial_fiscal_municipal.html;2026-09-11
06112;Bragado;Población y condiciones de vida;Incorporado;Censo 2022;;https://portalbragado.com.ar/informacion_fiscal_presupuestaria/regimen_provincial_fiscal_municipal/regimen_provincial_fiscal_municipal.html;2026-09-11
06112;Bragado;Producto municipal;Incorporado;"2021–2023; precios 2004";;https://portalbragado.com.ar/informacion_fiscal_presupuestaria/regimen_provincial_fiscal_municipal/regimen_provincial_fiscal_municipal.html;2026-09-11
06112;Bragado;Delitos registrados;Incorporado;2024–2025;;https://portalbragado.com.ar/informacion_fiscal_presupuestaria/regimen_provincial_fiscal_municipal/regimen_provincial_fiscal_municipal.html;2026-09-11
06112;Bragado;Deuda de personas;Incorporado;2026-07;;https://portalbragado.com.ar/informacion_fiscal_presupuestaria/regimen_provincial_fiscal_municipal/regimen_provincial_fiscal_municipal.html;2026-09-11
06112;Bragado;Préstamos y depósitos bancarios;Incorporado;2024-12;;https://portalbragado.com.ar/informacion_fiscal_presupuestaria/regimen_provincial_fiscal_municipal/regimen_provincial_fiscal_municipal.html;2026-09-11
06112;Bragado;Empleo industrial;Incorporado;2025-12;;https://portalbragado.com.ar/informacion_fiscal_presupuestaria/regimen_provincial_fiscal_municipal/regimen_provincial_fiscal_municipal.html;2026-09-11
06112;Bragado;Desempleo, informalidad y pobreza por ingresos;Sin serie comparable para 135;;"Encuesta representativa del municipio con metodología y muestra; los datos por aglomerado no representan automáticamente cada partido.";https://portalbragado.com.ar/informacion_fiscal_presupuestaria/regimen_provincial_fiscal_municipal/regimen_provincial_fiscal_municipal.html;2026-09-11
06119;Brandsen;Cuenta fiscal comparable;Pendiente;enero–junio 2026;Cuenta ahorro-inversión-financiamiento (CAIF) enero–junio 2026, o ejecuciones por carácter económico conciliadas que excluyan financiamiento.;https://brandsen.gob.ar/transparencia_gestion;2026-09-11
06119;Brandsen;Presupuesto original 2026;Pendiente;2026;"Ordenanza de presupuesto 2026 aprobada y total de erogaciones; identificar los organismos incluidos.";https://brandsen.gob.ar/transparencia_gestion;2026-09-11
06119;Brandsen;Presupuesto vigente 2026;Incorporado;2026-03-31;;https://brandsen.gob.ar/transparencia_gestion;2026-09-11
06119;Brandsen;Saldo de tesorería;Pendiente;;Estado de tesorería conciliado: bancos, efectivo, valores y fondos afectados. El saldo total no equivale a caja libre.;https://brandsen.gob.ar/transparencia_gestion;2026-09-11
06119;Brandsen;Caja libre;Pendiente;;Caja de libre disponibilidad conciliada, descontando fondos afectados y obligaciones exigibles.;https://brandsen.gob.ar/transparencia_gestion;2026-09-11
06119;Brandsen;Stock de deuda municipal;Pendiente;;"Planilla de deuda consolidada y flotante, contratos, moneda y corte; separar pasivos contables y evitar sumarlos dos veces.";https://brandsen.gob.ar/transparencia_gestion;2026-09-11
06119;Brandsen;Calendario futuro de deuda;Pendiente;;"Planilla de vencimientos futuros de capital e intereses, por contrato y fecha; separar lo ya pagado del año.";https://brandsen.gob.ar/transparencia_gestion;2026-09-11
06119;Brandsen;Deuda con proveedores vencida;Pendiente;;Antigüedad y vencimiento de facturas pendientes, conciliados con la deuda flotante. Pendiente no significa vencida.;https://brandsen.gob.ar/transparencia_gestion;2026-09-11
06119;Brandsen;Flujos fiscales mensuales;Pendiente;;"Ingresos percibidos y gastos devengados por mes, sin acumulación; necesarios para ajustar cada flujo por IPC.";https://brandsen.gob.ar/transparencia_gestion;2026-09-11
06119;Brandsen;Cierres fiscales anuales 2021–2025;Sin serie anual incorporada;;"CAIF de cierre anual 2021–2025 con los mismos organismos; no anualizar semestres.";https://brandsen.gob.ar/transparencia_gestion;2026-09-11
06119;Brandsen;Transferencias provinciales;Incorporado;2025-01 a 2026-07;;https://brandsen.gob.ar/transparencia_gestion;2026-09-11
06119;Brandsen;Empleo y salarios privados formales;Incorporado;2019-01 a 2025-12;;https://brandsen.gob.ar/transparencia_gestion;2026-09-11
06119;Brandsen;Población y condiciones de vida;Incorporado;Censo 2022;;https://brandsen.gob.ar/transparencia_gestion;2026-09-11
06119;Brandsen;Producto municipal;Incorporado;"2021–2023; precios 2004";;https://brandsen.gob.ar/transparencia_gestion;2026-09-11
06119;Brandsen;Delitos registrados;Incorporado;2024–2025;;https://brandsen.gob.ar/transparencia_gestion;2026-09-11
06119;Brandsen;Deuda de personas;Incorporado;2026-07;;https://brandsen.gob.ar/transparencia_gestion;2026-09-11
06119;Brandsen;Préstamos y depósitos bancarios;Incorporado;2024-12;;https://brandsen.gob.ar/transparencia_gestion;2026-09-11
06119;Brandsen;Empleo industrial;Incorporado;2025-12;;https://brandsen.gob.ar/transparencia_gestion;2026-09-11
06119;Brandsen;Desempleo, informalidad y pobreza por ingresos;Sin serie comparable para 135;;"Encuesta representativa del municipio con metodología y muestra; los datos por aglomerado no representan automáticamente cada partido.";https://brandsen.gob.ar/transparencia_gestion;2026-09-11
06126;Campana;Cuenta fiscal comparable;Incorporado;enero–junio 2026;;https://www.campana.gob.ar/situacion-economica-financiera-3/;2026-09-11
06126;Campana;Presupuesto original 2026;Pendiente;2026;"Ordenanza de presupuesto 2026 aprobada y total de erogaciones; identificar los organismos incluidos.";https://www.campana.gob.ar/situacion-economica-financiera-3/;2026-09-11
06126;Campana;Presupuesto vigente 2026;Incorporado;2026-06-30;;https://www.campana.gob.ar/situacion-economica-financiera-3/;2026-09-11
06126;Campana;Saldo de tesorería;Pendiente;;Estado de tesorería conciliado: bancos, efectivo, valores y fondos afectados. El saldo total no equivale a caja libre.;https://www.campana.gob.ar/situacion-economica-financiera-3/;2026-09-11
06126;Campana;Caja libre;Pendiente;;Caja de libre disponibilidad conciliada, descontando fondos afectados y obligaciones exigibles.;https://www.campana.gob.ar/situacion-economica-financiera-3/;2026-09-11
06126;Campana;Stock de deuda municipal;Pendiente;;"Planilla de deuda consolidada y flotante, contratos, moneda y corte; separar pasivos contables y evitar sumarlos dos veces.";https://www.campana.gob.ar/situacion-economica-financiera-3/;2026-09-11
06126;Campana;Calendario futuro de deuda;Pendiente;;"Planilla de vencimientos futuros de capital e intereses, por contrato y fecha; separar lo ya pagado del año.";https://www.campana.gob.ar/situacion-economica-financiera-3/;2026-09-11
06126;Campana;Deuda con proveedores vencida;Pendiente;;Antigüedad y vencimiento de facturas pendientes, conciliados con la deuda flotante. Pendiente no significa vencida.;https://www.campana.gob.ar/situacion-economica-financiera-3/;2026-09-11
06126;Campana;Flujos fiscales mensuales;Pendiente;;"Ingresos percibidos y gastos devengados por mes, sin acumulación; necesarios para ajustar cada flujo por IPC.";https://www.campana.gob.ar/situacion-economica-financiera-3/;2026-09-11
06126;Campana;Cierres fiscales anuales 2021–2025;Sin serie anual incorporada;;"CAIF de cierre anual 2021–2025 con los mismos organismos; no anualizar semestres.";https://www.campana.gob.ar/situacion-economica-financiera-3/;2026-09-11
06126;Campana;Transferencias provinciales;Incorporado;2025-01 a 2026-07;;https://www.campana.gob.ar/situacion-economica-financiera-3/;2026-09-11
06126;Campana;Empleo y salarios privados formales;Incorporado;2019-01 a 2025-12;;https://www.campana.gob.ar/situacion-economica-financiera-3/;2026-09-11
06126;Campana;Población y condiciones de vida;Incorporado;Censo 2022;;https://www.campana.gob.ar/situacion-economica-financiera-3/;2026-09-11
06126;Campana;Producto municipal;Incorporado;"2021–2023; precios 2004";;https://www.campana.gob.ar/situacion-economica-financiera-3/;2026-09-11
06126;Campana;Delitos registrados;Incorporado;2024–2025;;https://www.campana.gob.ar/situacion-economica-financiera-3/;2026-09-11
06126;Campana;Deuda de personas;Incorporado;2026-07;;https://www.campana.gob.ar/situacion-economica-financiera-3/;2026-09-11
06126;Campana;Préstamos y depósitos bancarios;Incorporado;2024-12;;https://www.campana.gob.ar/situacion-economica-financiera-3/;2026-09-11
06126;Campana;Empleo industrial;Incorporado;2025-12;;https://www.campana.gob.ar/situacion-economica-financiera-3/;2026-09-11
06126;Campana;Desempleo, informalidad y pobreza por ingresos;Sin serie comparable para 135;;"Encuesta representativa del municipio con metodología y muestra; los datos por aglomerado no representan automáticamente cada partido.";https://www.campana.gob.ar/situacion-economica-financiera-3/;2026-09-11
06134;Cañuelas;Cuenta fiscal comparable;Pendiente;enero–junio 2026;Cuenta ahorro-inversión-financiamiento (CAIF) enero–junio 2026, o ejecuciones por carácter económico conciliadas que excluyan financiamiento.;https://www.canuelas.gov.ar;2026-09-11
06134;Cañuelas;Presupuesto original 2026;Pendiente;;"Ordenanza de presupuesto 2026 aprobada y total de erogaciones; identificar los organismos incluidos.";https://www.canuelas.gov.ar;2026-09-11
06134;Cañuelas;Presupuesto vigente 2026;Pendiente;;Crédito anual vigente 2026 y modificaciones, con fecha de corte y saldo inicial anual.;https://www.canuelas.gov.ar;2026-09-11
06134;Cañuelas;Saldo de tesorería;Pendiente;;Estado de tesorería conciliado: bancos, efectivo, valores y fondos afectados. El saldo total no equivale a caja libre.;https://www.canuelas.gov.ar;2026-09-11
06134;Cañuelas;Caja libre;Pendiente;;Caja de libre disponibilidad conciliada, descontando fondos afectados y obligaciones exigibles.;https://www.canuelas.gov.ar;2026-09-11
06134;Cañuelas;Stock de deuda municipal;Pendiente;;"Planilla de deuda consolidada y flotante, contratos, moneda y corte; separar pasivos contables y evitar sumarlos dos veces.";https://www.canuelas.gov.ar;2026-09-11
06134;Cañuelas;Calendario futuro de deuda;Pendiente;;"Planilla de vencimientos futuros de capital e intereses, por contrato y fecha; separar lo ya pagado del año.";https://www.canuelas.gov.ar;2026-09-11
06134;Cañuelas;Deuda con proveedores vencida;Pendiente;;Antigüedad y vencimiento de facturas pendientes, conciliados con la deuda flotante. Pendiente no significa vencida.;https://www.canuelas.gov.ar;2026-09-11
06134;Cañuelas;Flujos fiscales mensuales;Pendiente;;"Ingresos percibidos y gastos devengados por mes, sin acumulación; necesarios para ajustar cada flujo por IPC.";https://www.canuelas.gov.ar;2026-09-11
06134;Cañuelas;Cierres fiscales anuales 2021–2025;Sin serie anual incorporada;;"CAIF de cierre anual 2021–2025 con los mismos organismos; no anualizar semestres.";https://www.canuelas.gov.ar;2026-09-11
06134;Cañuelas;Transferencias provinciales;Incorporado;2025-01 a 2026-07;;https://www.canuelas.gov.ar;2026-09-11
06134;Cañuelas;Empleo y salarios privados formales;Incorporado;2019-01 a 2025-12;;https://www.canuelas.gov.ar;2026-09-11
06134;Cañuelas;Población y condiciones de vida;Incorporado;Censo 2022;;https://www.canuelas.gov.ar;2026-09-11
06134;Cañuelas;Producto municipal;Incorporado;"2021–2023; precios 2004";;https://www.canuelas.gov.ar;2026-09-11
06134;Cañuelas;Delitos registrados;Incorporado;2024–2025;;https://www.canuelas.gov.ar;2026-09-11
06134;Cañuelas;Deuda de personas;Incorporado;2026-07;;https://www.canuelas.gov.ar;2026-09-11
06134;Cañuelas;Préstamos y depósitos bancarios;Incorporado;2024-12;;https://www.canuelas.gov.ar;2026-09-11
06134;Cañuelas;Empleo industrial;Incorporado;2025-12;;https://www.canuelas.gov.ar;2026-09-11
06134;Cañuelas;Desempleo, informalidad y pobreza por ingresos;Sin serie comparable para 135;;"Encuesta representativa del municipio con metodología y muestra; los datos por aglomerado no representan automáticamente cada partido.";https://www.canuelas.gov.ar;2026-09-11
06140;Capitán Sarmiento;Cuenta fiscal comparable;Incorporado;enero–junio 2026;;https://www.capitansarmiento.gob.ar/presupuesto-finanzas;2026-09-11
06140;Capitán Sarmiento;Presupuesto original 2026;Pendiente;2026;"Ordenanza de presupuesto 2026 aprobada y total de erogaciones; identificar los organismos incluidos.";https://www.capitansarmiento.gob.ar/presupuesto-finanzas;2026-09-11
06140;Capitán Sarmiento;Presupuesto vigente 2026;Incorporado;2026-06-30;;https://www.capitansarmiento.gob.ar/presupuesto-finanzas;2026-09-11
06140;Capitán Sarmiento;Saldo de tesorería;Pendiente;;Estado de tesorería conciliado: bancos, efectivo, valores y fondos afectados. El saldo total no equivale a caja libre.;https://www.capitansarmiento.gob.ar/presupuesto-finanzas;2026-09-11
06140;Capitán Sarmiento;Caja libre;Pendiente;;Caja de libre disponibilidad conciliada, descontando fondos afectados y obligaciones exigibles.;https://www.capitansarmiento.gob.ar/presupuesto-finanzas;2026-09-11
06140;Capitán Sarmiento;Stock de deuda municipal;Pendiente;;"Planilla de deuda consolidada y flotante, contratos, moneda y corte; separar pasivos contables y evitar sumarlos dos veces.";https://www.capitansarmiento.gob.ar/presupuesto-finanzas;2026-09-11
06140;Capitán Sarmiento;Calendario futuro de deuda;Pendiente;;"Planilla de vencimientos futuros de capital e intereses, por contrato y fecha; separar lo ya pagado del año.";https://www.capitansarmiento.gob.ar/presupuesto-finanzas;2026-09-11
06140;Capitán Sarmiento;Deuda con proveedores vencida;Pendiente;;Antigüedad y vencimiento de facturas pendientes, conciliados con la deuda flotante. Pendiente no significa vencida.;https://www.capitansarmiento.gob.ar/presupuesto-finanzas;2026-09-11
06140;Capitán Sarmiento;Flujos fiscales mensuales;Pendiente;;"Ingresos percibidos y gastos devengados por mes, sin acumulación; necesarios para ajustar cada flujo por IPC.";https://www.capitansarmiento.gob.ar/presupuesto-finanzas;2026-09-11
06140;Capitán Sarmiento;Cierres fiscales anuales 2021–2025;Sin serie anual incorporada;;"CAIF de cierre anual 2021–2025 con los mismos organismos; no anualizar semestres.";https://www.capitansarmiento.gob.ar/presupuesto-finanzas;2026-09-11
06140;Capitán Sarmiento;Transferencias provinciales;Incorporado;2025-01 a 2026-07;;https://www.capitansarmiento.gob.ar/presupuesto-finanzas;2026-09-11
06140;Capitán Sarmiento;Empleo y salarios privados formales;Incorporado;2019-01 a 2025-12;;https://www.capitansarmiento.gob.ar/presupuesto-finanzas;2026-09-11
06140;Capitán Sarmiento;Población y condiciones de vida;Incorporado;Censo 2022;;https://www.capitansarmiento.gob.ar/presupuesto-finanzas;2026-09-11
06140;Capitán Sarmiento;Producto municipal;Incorporado;"2021–2023; precios 2004";;https://www.capitansarmiento.gob.ar/presupuesto-finanzas;2026-09-11
06140;Capitán Sarmiento;Delitos registrados;Incorporado;2024–2025;;https://www.capitansarmiento.gob.ar/presupuesto-finanzas;2026-09-11
06140;Capitán Sarmiento;Deuda de personas;Incorporado;2026-07;;https://www.capitansarmiento.gob.ar/presupuesto-finanzas;2026-09-11
06140;Capitán Sarmiento;Préstamos y depósitos bancarios;Incorporado;2024-12;;https://www.capitansarmiento.gob.ar/presupuesto-finanzas;2026-09-11
06140;Capitán Sarmiento;Empleo industrial;Incorporado;2025-12;;https://www.capitansarmiento.gob.ar/presupuesto-finanzas;2026-09-11
06140;Capitán Sarmiento;Desempleo, informalidad y pobreza por ingresos;Sin serie comparable para 135;;"Encuesta representativa del municipio con metodología y muestra; los datos por aglomerado no representan automáticamente cada partido.";https://www.capitansarmiento.gob.ar/presupuesto-finanzas;2026-09-11
06147;Carlos Casares;Cuenta fiscal comparable;Incorporado;enero–junio 2026;;https://gobabierto.ar/carloscasares/transparenciafiscal/;2026-09-11
06147;Carlos Casares;Presupuesto original 2026;Pendiente;2026;"Ordenanza de presupuesto 2026 aprobada y total de erogaciones; identificar los organismos incluidos.";https://gobabierto.ar/carloscasares/transparenciafiscal/;2026-09-11
06147;Carlos Casares;Presupuesto vigente 2026;Incorporado;2026-06-30;;https://gobabierto.ar/carloscasares/transparenciafiscal/;2026-09-11
06147;Carlos Casares;Saldo de tesorería;Pendiente;;Estado de tesorería conciliado: bancos, efectivo, valores y fondos afectados. El saldo total no equivale a caja libre.;https://gobabierto.ar/carloscasares/transparenciafiscal/;2026-09-11
06147;Carlos Casares;Caja libre;Pendiente;;Caja de libre disponibilidad conciliada, descontando fondos afectados y obligaciones exigibles.;https://gobabierto.ar/carloscasares/transparenciafiscal/;2026-09-11
06147;Carlos Casares;Stock de deuda municipal;Pendiente;;"Planilla de deuda consolidada y flotante, contratos, moneda y corte; separar pasivos contables y evitar sumarlos dos veces.";https://gobabierto.ar/carloscasares/transparenciafiscal/;2026-09-11
06147;Carlos Casares;Calendario futuro de deuda;Pendiente;;"Planilla de vencimientos futuros de capital e intereses, por contrato y fecha; separar lo ya pagado del año.";https://gobabierto.ar/carloscasares/transparenciafiscal/;2026-09-11
06147;Carlos Casares;Deuda con proveedores vencida;Pendiente;;Antigüedad y vencimiento de facturas pendientes, conciliados con la deuda flotante. Pendiente no significa vencida.;https://gobabierto.ar/carloscasares/transparenciafiscal/;2026-09-11
06147;Carlos Casares;Flujos fiscales mensuales;Pendiente;;"Ingresos percibidos y gastos devengados por mes, sin acumulación; necesarios para ajustar cada flujo por IPC.";https://gobabierto.ar/carloscasares/transparenciafiscal/;2026-09-11
06147;Carlos Casares;Cierres fiscales anuales 2021–2025;Sin serie anual incorporada;;"CAIF de cierre anual 2021–2025 con los mismos organismos; no anualizar semestres.";https://gobabierto.ar/carloscasares/transparenciafiscal/;2026-09-11
06147;Carlos Casares;Transferencias provinciales;Incorporado;2025-01 a 2026-07;;https://gobabierto.ar/carloscasares/transparenciafiscal/;2026-09-11
06147;Carlos Casares;Empleo y salarios privados formales;Incorporado;2019-01 a 2025-12;;https://gobabierto.ar/carloscasares/transparenciafiscal/;2026-09-11
06147;Carlos Casares;Población y condiciones de vida;Incorporado;Censo 2022;;https://gobabierto.ar/carloscasares/transparenciafiscal/;2026-09-11
06147;Carlos Casares;Producto municipal;Incorporado;"2021–2023; precios 2004";;https://gobabierto.ar/carloscasares/transparenciafiscal/;2026-09-11
06147;Carlos Casares;Delitos registrados;Incorporado;2024–2025;;https://gobabierto.ar/carloscasares/transparenciafiscal/;2026-09-11
06147;Carlos Casares;Deuda de personas;Incorporado;2026-07;;https://gobabierto.ar/carloscasares/transparenciafiscal/;2026-09-11
06147;Carlos Casares;Préstamos y depósitos bancarios;Incorporado;2024-12;;https://gobabierto.ar/carloscasares/transparenciafiscal/;2026-09-11
06147;Carlos Casares;Empleo industrial;Incorporado;2025-12;;https://gobabierto.ar/carloscasares/transparenciafiscal/;2026-09-11
06147;Carlos Casares;Desempleo, informalidad y pobreza por ingresos;Sin serie comparable para 135;;"Encuesta representativa del municipio con metodología y muestra; los datos por aglomerado no representan automáticamente cada partido.";https://gobabierto.ar/carloscasares/transparenciafiscal/;2026-09-11
06154;Carlos Tejedor;Cuenta fiscal comparable;Incorporado;enero–junio 2026;;https://carlostejedor.gob.ar/balances/;2026-09-11
06154;Carlos Tejedor;Presupuesto original 2026;Pendiente;2026;"Ordenanza de presupuesto 2026 aprobada y total de erogaciones; identificar los organismos incluidos.";https://carlostejedor.gob.ar/balances/;2026-09-11
06154;Carlos Tejedor;Presupuesto vigente 2026;Incorporado;2026-06-30;;https://carlostejedor.gob.ar/balances/;2026-09-11
06154;Carlos Tejedor;Saldo de tesorería;Pendiente;;Estado de tesorería conciliado: bancos, efectivo, valores y fondos afectados. El saldo total no equivale a caja libre.;https://carlostejedor.gob.ar/balances/;2026-09-11
06154;Carlos Tejedor;Caja libre;Pendiente;;Caja de libre disponibilidad conciliada, descontando fondos afectados y obligaciones exigibles.;https://carlostejedor.gob.ar/balances/;2026-09-11
06154;Carlos Tejedor;Stock de deuda municipal;Pendiente;;"Planilla de deuda consolidada y flotante, contratos, moneda y corte; separar pasivos contables y evitar sumarlos dos veces.";https://carlostejedor.gob.ar/balances/;2026-09-11
06154;Carlos Tejedor;Calendario futuro de deuda;Pendiente;;"Planilla de vencimientos futuros de capital e intereses, por contrato y fecha; separar lo ya pagado del año.";https://carlostejedor.gob.ar/balances/;2026-09-11
06154;Carlos Tejedor;Deuda con proveedores vencida;Pendiente;;Antigüedad y vencimiento de facturas pendientes, conciliados con la deuda flotante. Pendiente no significa vencida.;https://carlostejedor.gob.ar/balances/;2026-09-11
06154;Carlos Tejedor;Flujos fiscales mensuales;Pendiente;;"Ingresos percibidos y gastos devengados por mes, sin acumulación; necesarios para ajustar cada flujo por IPC.";https://carlostejedor.gob.ar/balances/;2026-09-11
06154;Carlos Tejedor;Cierres fiscales anuales 2021–2025;Sin serie anual incorporada;;"CAIF de cierre anual 2021–2025 con los mismos organismos; no anualizar semestres.";https://carlostejedor.gob.ar/balances/;2026-09-11
06154;Carlos Tejedor;Transferencias provinciales;Incorporado;2025-01 a 2026-07;;https://carlostejedor.gob.ar/balances/;2026-09-11
06154;Carlos Tejedor;Empleo y salarios privados formales;Incorporado;2019-01 a 2025-12;;https://carlostejedor.gob.ar/balances/;2026-09-11
06154;Carlos Tejedor;Población y condiciones de vida;Incorporado;Censo 2022;;https://carlostejedor.gob.ar/balances/;2026-09-11
06154;Carlos Tejedor;Producto municipal;Incorporado;"2021–2023; precios 2004";;https://carlostejedor.gob.ar/balances/;2026-09-11
06154;Carlos Tejedor;Delitos registrados;Incorporado;2024–2025;;https://carlostejedor.gob.ar/balances/;2026-09-11
06154;Carlos Tejedor;Deuda de personas;Incorporado;2026-07;;https://carlostejedor.gob.ar/balances/;2026-09-11
06154;Carlos Tejedor;Préstamos y depósitos bancarios;Incorporado;2024-12;;https://carlostejedor.gob.ar/balances/;2026-09-11
06154;Carlos Tejedor;Empleo industrial;Incorporado;2025-12;;https://carlostejedor.gob.ar/balances/;2026-09-11
06154;Carlos Tejedor;Desempleo, informalidad y pobreza por ingresos;Sin serie comparable para 135;;"Encuesta representativa del municipio con metodología y muestra; los datos por aglomerado no representan automáticamente cada partido.";https://carlostejedor.gob.ar/balances/;2026-09-11
06161;Carmen de Areco;Cuenta fiscal comparable;Incorporado;enero–junio 2026;;https://carmendeareco.gob.ar/wp-content/uploads/2026/07/Cuenta-Ahorro-Inversion-Financiamiento-Junio.pdf;2026-09-11
06161;Carmen de Areco;Presupuesto original 2026;Pendiente;2026;"Ordenanza de presupuesto 2026 aprobada y total de erogaciones; identificar los organismos incluidos.";https://carmendeareco.gob.ar/wp-content/uploads/2026/07/Cuenta-Ahorro-Inversion-Financiamiento-Junio.pdf;2026-09-11
06161;Carmen de Areco;Presupuesto vigente 2026;Incorporado;2026-06-30;;https://carmendeareco.gob.ar/wp-content/uploads/2026/07/Cuenta-Ahorro-Inversion-Financiamiento-Junio.pdf;2026-09-11
06161;Carmen de Areco;Saldo de tesorería;Pendiente;;Estado de tesorería conciliado: bancos, efectivo, valores y fondos afectados. El saldo total no equivale a caja libre.;https://carmendeareco.gob.ar/wp-content/uploads/2026/07/Cuenta-Ahorro-Inversion-Financiamiento-Junio.pdf;2026-09-11
06161;Carmen de Areco;Caja libre;Pendiente;;Caja de libre disponibilidad conciliada, descontando fondos afectados y obligaciones exigibles.;https://carmendeareco.gob.ar/wp-content/uploads/2026/07/Cuenta-Ahorro-Inversion-Financiamiento-Junio.pdf;2026-09-11
06161;Carmen de Areco;Stock de deuda municipal;Pendiente;;"Planilla de deuda consolidada y flotante, contratos, moneda y corte; separar pasivos contables y evitar sumarlos dos veces.";https://carmendeareco.gob.ar/wp-content/uploads/2026/07/Cuenta-Ahorro-Inversion-Financiamiento-Junio.pdf;2026-09-11
06161;Carmen de Areco;Calendario futuro de deuda;Pendiente;;"Planilla de vencimientos futuros de capital e intereses, por contrato y fecha; separar lo ya pagado del año.";https://carmendeareco.gob.ar/wp-content/uploads/2026/07/Cuenta-Ahorro-Inversion-Financiamiento-Junio.pdf;2026-09-11
06161;Carmen de Areco;Deuda con proveedores vencida;Pendiente;;Antigüedad y vencimiento de facturas pendientes, conciliados con la deuda flotante. Pendiente no significa vencida.;https://carmendeareco.gob.ar/wp-content/uploads/2026/07/Cuenta-Ahorro-Inversion-Financiamiento-Junio.pdf;2026-09-11
06161;Carmen de Areco;Flujos fiscales mensuales;Pendiente;;"Ingresos percibidos y gastos devengados por mes, sin acumulación; necesarios para ajustar cada flujo por IPC.";https://carmendeareco.gob.ar/wp-content/uploads/2026/07/Cuenta-Ahorro-Inversion-Financiamiento-Junio.pdf;2026-09-11
06161;Carmen de Areco;Cierres fiscales anuales 2021–2025;Sin serie anual incorporada;;"CAIF de cierre anual 2021–2025 con los mismos organismos; no anualizar semestres.";https://carmendeareco.gob.ar/wp-content/uploads/2026/07/Cuenta-Ahorro-Inversion-Financiamiento-Junio.pdf;2026-09-11
06161;Carmen de Areco;Transferencias provinciales;Incorporado;2025-01 a 2026-07;;https://carmendeareco.gob.ar/wp-content/uploads/2026/07/Cuenta-Ahorro-Inversion-Financiamiento-Junio.pdf;2026-09-11
06161;Carmen de Areco;Empleo y salarios privados formales;Incorporado;2019-01 a 2025-12;;https://carmendeareco.gob.ar/wp-content/uploads/2026/07/Cuenta-Ahorro-Inversion-Financiamiento-Junio.pdf;2026-09-11
06161;Carmen de Areco;Población y condiciones de vida;Incorporado;Censo 2022;;https://carmendeareco.gob.ar/wp-content/uploads/2026/07/Cuenta-Ahorro-Inversion-Financiamiento-Junio.pdf;2026-09-11
06161;Carmen de Areco;Producto municipal;Incorporado;"2021–2023; precios 2004";;https://carmendeareco.gob.ar/wp-content/uploads/2026/07/Cuenta-Ahorro-Inversion-Financiamiento-Junio.pdf;2026-09-11
06161;Carmen de Areco;Delitos registrados;Incorporado;2024–2025;;https://carmendeareco.gob.ar/wp-content/uploads/2026/07/Cuenta-Ahorro-Inversion-Financiamiento-Junio.pdf;2026-09-11
06161;Carmen de Areco;Deuda de personas;Incorporado;2026-07;;https://carmendeareco.gob.ar/wp-content/uploads/2026/07/Cuenta-Ahorro-Inversion-Financiamiento-Junio.pdf;2026-09-11
06161;Carmen de Areco;Préstamos y depósitos bancarios;Incorporado;2024-12;;https://carmendeareco.gob.ar/wp-content/uploads/2026/07/Cuenta-Ahorro-Inversion-Financiamiento-Junio.pdf;2026-09-11
06161;Carmen de Areco;Empleo industrial;Incorporado;2025-12;;https://carmendeareco.gob.ar/wp-content/uploads/2026/07/Cuenta-Ahorro-Inversion-Financiamiento-Junio.pdf;2026-09-11
06161;Carmen de Areco;Desempleo, informalidad y pobreza por ingresos;Sin serie comparable para 135;;"Encuesta representativa del municipio con metodología y muestra; los datos por aglomerado no representan automáticamente cada partido.";https://carmendeareco.gob.ar/wp-content/uploads/2026/07/Cuenta-Ahorro-Inversion-Financiamiento-Junio.pdf;2026-09-11
06168;Castelli;Cuenta fiscal comparable;Pendiente;enero–junio 2026;Cuenta ahorro-inversión-financiamiento (CAIF) enero–junio 2026, o ejecuciones por carácter económico conciliadas que excluyan financiamiento.;https://www.castelli.gob.ar/;2026-09-11
06168;Castelli;Presupuesto original 2026;Incorporado;2026;;https://www.castelli.gob.ar/;2026-09-11
06168;Castelli;Presupuesto vigente 2026;Pendiente;2025-12-23;Crédito anual vigente 2026 y modificaciones, con fecha de corte y saldo inicial anual.;https://www.castelli.gob.ar/;2026-09-11
06168;Castelli;Saldo de tesorería;Pendiente;;Estado de tesorería conciliado: bancos, efectivo, valores y fondos afectados. El saldo total no equivale a caja libre.;https://www.castelli.gob.ar/;2026-09-11
06168;Castelli;Caja libre;Pendiente;;Caja de libre disponibilidad conciliada, descontando fondos afectados y obligaciones exigibles.;https://www.castelli.gob.ar/;2026-09-11
06168;Castelli;Stock de deuda municipal;Pendiente;;"Planilla de deuda consolidada y flotante, contratos, moneda y corte; separar pasivos contables y evitar sumarlos dos veces.";https://www.castelli.gob.ar/;2026-09-11
06168;Castelli;Calendario futuro de deuda;Pendiente;;"Planilla de vencimientos futuros de capital e intereses, por contrato y fecha; separar lo ya pagado del año.";https://www.castelli.gob.ar/;2026-09-11
06168;Castelli;Deuda con proveedores vencida;Pendiente;;Antigüedad y vencimiento de facturas pendientes, conciliados con la deuda flotante. Pendiente no significa vencida.;https://www.castelli.gob.ar/;2026-09-11
06168;Castelli;Flujos fiscales mensuales;Pendiente;;"Ingresos percibidos y gastos devengados por mes, sin acumulación; necesarios para ajustar cada flujo por IPC.";https://www.castelli.gob.ar/;2026-09-11
06168;Castelli;Cierres fiscales anuales 2021–2025;Sin serie anual incorporada;;"CAIF de cierre anual 2021–2025 con los mismos organismos; no anualizar semestres.";https://www.castelli.gob.ar/;2026-09-11
06168;Castelli;Transferencias provinciales;Incorporado;2025-01 a 2026-07;;https://www.castelli.gob.ar/;2026-09-11
06168;Castelli;Empleo y salarios privados formales;Incorporado;2019-01 a 2025-12;;https://www.castelli.gob.ar/;2026-09-11
06168;Castelli;Población y condiciones de vida;Incorporado;Censo 2022;;https://www.castelli.gob.ar/;2026-09-11
06168;Castelli;Producto municipal;Incorporado;"2021–2023; precios 2004";;https://www.castelli.gob.ar/;2026-09-11
06168;Castelli;Delitos registrados;Incorporado;2024–2025;;https://www.castelli.gob.ar/;2026-09-11
06168;Castelli;Deuda de personas;Incorporado;2026-07;;https://www.castelli.gob.ar/;2026-09-11
06168;Castelli;Préstamos y depósitos bancarios;Reservado o sin cifra de origen;2024-12;"Cifra publicada por localización BCRA/DPE; las reservas estadísticas no se completan con cero.";https://www.castelli.gob.ar/;2026-09-11
06168;Castelli;Empleo industrial;Incorporado;2025-12;;https://www.castelli.gob.ar/;2026-09-11
06168;Castelli;Desempleo, informalidad y pobreza por ingresos;Sin serie comparable para 135;;"Encuesta representativa del municipio con metodología y muestra; los datos por aglomerado no representan automáticamente cada partido.";https://www.castelli.gob.ar/;2026-09-11
06210;Chacabuco;Cuenta fiscal comparable;Incorporado;enero–junio 2026;;https://chacabuco.gob.ar/wp-content/uploads/situacion-financiera/8-7-2026/Situacion-Econo-Financiera%20al%2031-06-26.pdf;2026-09-11
06210;Chacabuco;Presupuesto original 2026;Pendiente;2026;"Ordenanza de presupuesto 2026 aprobada y total de erogaciones; identificar los organismos incluidos.";https://chacabuco.gob.ar/wp-content/uploads/situacion-financiera/8-7-2026/Situacion-Econo-Financiera%20al%2031-06-26.pdf;2026-09-11
06210;Chacabuco;Presupuesto vigente 2026;Incorporado;2026-06-30;;https://chacabuco.gob.ar/wp-content/uploads/situacion-financiera/8-7-2026/Situacion-Econo-Financiera%20al%2031-06-26.pdf;2026-09-11
06210;Chacabuco;Saldo de tesorería;Pendiente;;Estado de tesorería conciliado: bancos, efectivo, valores y fondos afectados. El saldo total no equivale a caja libre.;https://chacabuco.gob.ar/wp-content/uploads/situacion-financiera/8-7-2026/Situacion-Econo-Financiera%20al%2031-06-26.pdf;2026-09-11
06210;Chacabuco;Caja libre;Pendiente;;Caja de libre disponibilidad conciliada, descontando fondos afectados y obligaciones exigibles.;https://chacabuco.gob.ar/wp-content/uploads/situacion-financiera/8-7-2026/Situacion-Econo-Financiera%20al%2031-06-26.pdf;2026-09-11
06210;Chacabuco;Stock de deuda municipal;Pendiente;;"Planilla de deuda consolidada y flotante, contratos, moneda y corte; separar pasivos contables y evitar sumarlos dos veces.";https://chacabuco.gob.ar/wp-content/uploads/situacion-financiera/8-7-2026/Situacion-Econo-Financiera%20al%2031-06-26.pdf;2026-09-11
06210;Chacabuco;Calendario futuro de deuda;Pendiente;;"Planilla de vencimientos futuros de capital e intereses, por contrato y fecha; separar lo ya pagado del año.";https://chacabuco.gob.ar/wp-content/uploads/situacion-financiera/8-7-2026/Situacion-Econo-Financiera%20al%2031-06-26.pdf;2026-09-11
06210;Chacabuco;Deuda con proveedores vencida;Pendiente;;Antigüedad y vencimiento de facturas pendientes, conciliados con la deuda flotante. Pendiente no significa vencida.;https://chacabuco.gob.ar/wp-content/uploads/situacion-financiera/8-7-2026/Situacion-Econo-Financiera%20al%2031-06-26.pdf;2026-09-11
06210;Chacabuco;Flujos fiscales mensuales;Pendiente;;"Ingresos percibidos y gastos devengados por mes, sin acumulación; necesarios para ajustar cada flujo por IPC.";https://chacabuco.gob.ar/wp-content/uploads/situacion-financiera/8-7-2026/Situacion-Econo-Financiera%20al%2031-06-26.pdf;2026-09-11
06210;Chacabuco;Cierres fiscales anuales 2021–2025;Sin serie anual incorporada;;"CAIF de cierre anual 2021–2025 con los mismos organismos; no anualizar semestres.";https://chacabuco.gob.ar/wp-content/uploads/situacion-financiera/8-7-2026/Situacion-Econo-Financiera%20al%2031-06-26.pdf;2026-09-11
06210;Chacabuco;Transferencias provinciales;Incorporado;2025-01 a 2026-07;;https://chacabuco.gob.ar/wp-content/uploads/situacion-financiera/8-7-2026/Situacion-Econo-Financiera%20al%2031-06-26.pdf;2026-09-11
06210;Chacabuco;Empleo y salarios privados formales;Incorporado;2019-01 a 2025-12;;https://chacabuco.gob.ar/wp-content/uploads/situacion-financiera/8-7-2026/Situacion-Econo-Financiera%20al%2031-06-26.pdf;2026-09-11
06210;Chacabuco;Población y condiciones de vida;Incorporado;Censo 2022;;https://chacabuco.gob.ar/wp-content/uploads/situacion-financiera/8-7-2026/Situacion-Econo-Financiera%20al%2031-06-26.pdf;2026-09-11
06210;Chacabuco;Producto municipal;Incorporado;"2021–2023; precios 2004";;https://chacabuco.gob.ar/wp-content/uploads/situacion-financiera/8-7-2026/Situacion-Econo-Financiera%20al%2031-06-26.pdf;2026-09-11
06210;Chacabuco;Delitos registrados;Incorporado;2024–2025;;https://chacabuco.gob.ar/wp-content/uploads/situacion-financiera/8-7-2026/Situacion-Econo-Financiera%20al%2031-06-26.pdf;2026-09-11
06210;Chacabuco;Deuda de personas;Incorporado;2026-07;;https://chacabuco.gob.ar/wp-content/uploads/situacion-financiera/8-7-2026/Situacion-Econo-Financiera%20al%2031-06-26.pdf;2026-09-11
06210;Chacabuco;Préstamos y depósitos bancarios;Incorporado;2024-12;;https://chacabuco.gob.ar/wp-content/uploads/situacion-financiera/8-7-2026/Situacion-Econo-Financiera%20al%2031-06-26.pdf;2026-09-11
06210;Chacabuco;Empleo industrial;Incorporado;2025-12;;https://chacabuco.gob.ar/wp-content/uploads/situacion-financiera/8-7-2026/Situacion-Econo-Financiera%20al%2031-06-26.pdf;2026-09-11
06210;Chacabuco;Desempleo, informalidad y pobreza por ingresos;Sin serie comparable para 135;;"Encuesta representativa del municipio con metodología y muestra; los datos por aglomerado no representan automáticamente cada partido.";https://chacabuco.gob.ar/wp-content/uploads/situacion-financiera/8-7-2026/Situacion-Econo-Financiera%20al%2031-06-26.pdf;2026-09-11
06218;Chascomús;Cuenta fiscal comparable;Incorporado;enero–junio 2026;;https://chascomus.gob.ar/municipio/estaticas/transparencia;2026-09-11
06218;Chascomús;Presupuesto original 2026;Pendiente;2026;"Ordenanza de presupuesto 2026 aprobada y total de erogaciones; identificar los organismos incluidos.";https://chascomus.gob.ar/municipio/estaticas/transparencia;2026-09-11
06218;Chascomús;Presupuesto vigente 2026;Incorporado;2026-06-30;;https://chascomus.gob.ar/municipio/estaticas/transparencia;2026-09-11
06218;Chascomús;Saldo de tesorería;Pendiente;;Estado de tesorería conciliado: bancos, efectivo, valores y fondos afectados. El saldo total no equivale a caja libre.;https://chascomus.gob.ar/municipio/estaticas/transparencia;2026-09-11
06218;Chascomús;Caja libre;Pendiente;;Caja de libre disponibilidad conciliada, descontando fondos afectados y obligaciones exigibles.;https://chascomus.gob.ar/municipio/estaticas/transparencia;2026-09-11
06218;Chascomús;Stock de deuda municipal;Pendiente;;"Planilla de deuda consolidada y flotante, contratos, moneda y corte; separar pasivos contables y evitar sumarlos dos veces.";https://chascomus.gob.ar/municipio/estaticas/transparencia;2026-09-11
06218;Chascomús;Calendario futuro de deuda;Pendiente;;"Planilla de vencimientos futuros de capital e intereses, por contrato y fecha; separar lo ya pagado del año.";https://chascomus.gob.ar/municipio/estaticas/transparencia;2026-09-11
06218;Chascomús;Deuda con proveedores vencida;Pendiente;;Antigüedad y vencimiento de facturas pendientes, conciliados con la deuda flotante. Pendiente no significa vencida.;https://chascomus.gob.ar/municipio/estaticas/transparencia;2026-09-11
06218;Chascomús;Flujos fiscales mensuales;Pendiente;;"Ingresos percibidos y gastos devengados por mes, sin acumulación; necesarios para ajustar cada flujo por IPC.";https://chascomus.gob.ar/municipio/estaticas/transparencia;2026-09-11
06218;Chascomús;Cierres fiscales anuales 2021–2025;Sin serie anual incorporada;;"CAIF de cierre anual 2021–2025 con los mismos organismos; no anualizar semestres.";https://chascomus.gob.ar/municipio/estaticas/transparencia;2026-09-11
06218;Chascomús;Transferencias provinciales;Incorporado;2025-01 a 2026-07;;https://chascomus.gob.ar/municipio/estaticas/transparencia;2026-09-11
06218;Chascomús;Empleo y salarios privados formales;Incorporado;2019-01 a 2025-12;;https://chascomus.gob.ar/municipio/estaticas/transparencia;2026-09-11
06218;Chascomús;Población y condiciones de vida;Incorporado;Censo 2022;;https://chascomus.gob.ar/municipio/estaticas/transparencia;2026-09-11
06218;Chascomús;Producto municipal;Incorporado;"2021–2023; precios 2004";;https://chascomus.gob.ar/municipio/estaticas/transparencia;2026-09-11
06218;Chascomús;Delitos registrados;Incorporado;2024–2025;;https://chascomus.gob.ar/municipio/estaticas/transparencia;2026-09-11
06218;Chascomús;Deuda de personas;Incorporado;2026-07;;https://chascomus.gob.ar/municipio/estaticas/transparencia;2026-09-11
06218;Chascomús;Préstamos y depósitos bancarios;Incorporado;2024-12;;https://chascomus.gob.ar/municipio/estaticas/transparencia;2026-09-11
06218;Chascomús;Empleo industrial;Incorporado;2025-12;;https://chascomus.gob.ar/municipio/estaticas/transparencia;2026-09-11
06218;Chascomús;Desempleo, informalidad y pobreza por ingresos;Sin serie comparable para 135;;"Encuesta representativa del municipio con metodología y muestra; los datos por aglomerado no representan automáticamente cada partido.";https://chascomus.gob.ar/municipio/estaticas/transparencia;2026-09-11
06224;Chivilcoy;Cuenta fiscal comparable;Pendiente;enero–junio 2026;Cuenta ahorro-inversión-financiamiento (CAIF) enero–junio 2026, o ejecuciones por carácter económico conciliadas que excluyan financiamiento.;https://chivilcoy.gov.ar/2025-situacion-economica-financiera/;2026-09-11
06224;Chivilcoy;Presupuesto original 2026;Pendiente;2025;"Ordenanza de presupuesto 2026 aprobada y total de erogaciones; identificar los organismos incluidos.";https://chivilcoy.gov.ar/2025-situacion-economica-financiera/;2026-09-11
06224;Chivilcoy;Presupuesto vigente 2026;Pendiente;2025-12-31;Crédito anual vigente 2026 y modificaciones, con fecha de corte y saldo inicial anual.;https://chivilcoy.gov.ar/2025-situacion-economica-financiera/;2026-09-11
06224;Chivilcoy;Saldo de tesorería;Pendiente;;Estado de tesorería conciliado: bancos, efectivo, valores y fondos afectados. El saldo total no equivale a caja libre.;https://chivilcoy.gov.ar/2025-situacion-economica-financiera/;2026-09-11
06224;Chivilcoy;Caja libre;Pendiente;;Caja de libre disponibilidad conciliada, descontando fondos afectados y obligaciones exigibles.;https://chivilcoy.gov.ar/2025-situacion-economica-financiera/;2026-09-11
06224;Chivilcoy;Stock de deuda municipal;Pendiente;;"Planilla de deuda consolidada y flotante, contratos, moneda y corte; separar pasivos contables y evitar sumarlos dos veces.";https://chivilcoy.gov.ar/2025-situacion-economica-financiera/;2026-09-11
06224;Chivilcoy;Calendario futuro de deuda;Pendiente;;"Planilla de vencimientos futuros de capital e intereses, por contrato y fecha; separar lo ya pagado del año.";https://chivilcoy.gov.ar/2025-situacion-economica-financiera/;2026-09-11
06224;Chivilcoy;Deuda con proveedores vencida;Pendiente;;Antigüedad y vencimiento de facturas pendientes, conciliados con la deuda flotante. Pendiente no significa vencida.;https://chivilcoy.gov.ar/2025-situacion-economica-financiera/;2026-09-11
06224;Chivilcoy;Flujos fiscales mensuales;Pendiente;;"Ingresos percibidos y gastos devengados por mes, sin acumulación; necesarios para ajustar cada flujo por IPC.";https://chivilcoy.gov.ar/2025-situacion-economica-financiera/;2026-09-11
06224;Chivilcoy;Cierres fiscales anuales 2021–2025;Sin serie anual incorporada;;"CAIF de cierre anual 2021–2025 con los mismos organismos; no anualizar semestres.";https://chivilcoy.gov.ar/2025-situacion-economica-financiera/;2026-09-11
06224;Chivilcoy;Transferencias provinciales;Incorporado;2025-01 a 2026-07;;https://chivilcoy.gov.ar/2025-situacion-economica-financiera/;2026-09-11
06224;Chivilcoy;Empleo y salarios privados formales;Incorporado;2019-01 a 2025-12;;https://chivilcoy.gov.ar/2025-situacion-economica-financiera/;2026-09-11
06224;Chivilcoy;Población y condiciones de vida;Incorporado;Censo 2022;;https://chivilcoy.gov.ar/2025-situacion-economica-financiera/;2026-09-11
06224;Chivilcoy;Producto municipal;Incorporado;"2021–2023; precios 2004";;https://chivilcoy.gov.ar/2025-situacion-economica-financiera/;2026-09-11
06224;Chivilcoy;Delitos registrados;Incorporado;2024–2025;;https://chivilcoy.gov.ar/2025-situacion-economica-financiera/;2026-09-11
06224;Chivilcoy;Deuda de personas;Incorporado;2026-07;;https://chivilcoy.gov.ar/2025-situacion-economica-financiera/;2026-09-11
06224;Chivilcoy;Préstamos y depósitos bancarios;Incorporado;2024-12;;https://chivilcoy.gov.ar/2025-situacion-economica-financiera/;2026-09-11
06224;Chivilcoy;Empleo industrial;Incorporado;2025-12;;https://chivilcoy.gov.ar/2025-situacion-economica-financiera/;2026-09-11
06224;Chivilcoy;Desempleo, informalidad y pobreza por ingresos;Sin serie comparable para 135;;"Encuesta representativa del municipio con metodología y muestra; los datos por aglomerado no representan automáticamente cada partido.";https://chivilcoy.gov.ar/2025-situacion-economica-financiera/;2026-09-11
06175;Colón;Cuenta fiscal comparable;Pendiente;enero–junio 2026;Cuenta ahorro-inversión-financiamiento (CAIF) enero–junio 2026, o ejecuciones por carácter económico conciliadas que excluyan financiamiento.;http://www.municipalidaddecolon.com/index.php;2026-09-11
06175;Colón;Presupuesto original 2026;Incorporado;2026;;http://www.municipalidaddecolon.com/index.php;2026-09-11
06175;Colón;Presupuesto vigente 2026;Pendiente;2025-12-26;Crédito anual vigente 2026 y modificaciones, con fecha de corte y saldo inicial anual.;http://www.municipalidaddecolon.com/index.php;2026-09-11
06175;Colón;Saldo de tesorería;Pendiente;;Estado de tesorería conciliado: bancos, efectivo, valores y fondos afectados. El saldo total no equivale a caja libre.;http://www.municipalidaddecolon.com/index.php;2026-09-11
06175;Colón;Caja libre;Pendiente;;Caja de libre disponibilidad conciliada, descontando fondos afectados y obligaciones exigibles.;http://www.municipalidaddecolon.com/index.php;2026-09-11
06175;Colón;Stock de deuda municipal;Pendiente;;"Planilla de deuda consolidada y flotante, contratos, moneda y corte; separar pasivos contables y evitar sumarlos dos veces.";http://www.municipalidaddecolon.com/index.php;2026-09-11
06175;Colón;Calendario futuro de deuda;Pendiente;;"Planilla de vencimientos futuros de capital e intereses, por contrato y fecha; separar lo ya pagado del año.";http://www.municipalidaddecolon.com/index.php;2026-09-11
06175;Colón;Deuda con proveedores vencida;Pendiente;;Antigüedad y vencimiento de facturas pendientes, conciliados con la deuda flotante. Pendiente no significa vencida.;http://www.municipalidaddecolon.com/index.php;2026-09-11
06175;Colón;Flujos fiscales mensuales;Pendiente;;"Ingresos percibidos y gastos devengados por mes, sin acumulación; necesarios para ajustar cada flujo por IPC.";http://www.municipalidaddecolon.com/index.php;2026-09-11
06175;Colón;Cierres fiscales anuales 2021–2025;Sin serie anual incorporada;;"CAIF de cierre anual 2021–2025 con los mismos organismos; no anualizar semestres.";http://www.municipalidaddecolon.com/index.php;2026-09-11
06175;Colón;Transferencias provinciales;Incorporado;2025-01 a 2026-07;;http://www.municipalidaddecolon.com/index.php;2026-09-11
06175;Colón;Empleo y salarios privados formales;Incorporado;2019-01 a 2025-12;;http://www.municipalidaddecolon.com/index.php;2026-09-11
06175;Colón;Población y condiciones de vida;Incorporado;Censo 2022;;http://www.municipalidaddecolon.com/index.php;2026-09-11
06175;Colón;Producto municipal;Incorporado;"2021–2023; precios 2004";;http://www.municipalidaddecolon.com/index.php;2026-09-11
06175;Colón;Delitos registrados;Incorporado;2024–2025;;http://www.municipalidaddecolon.com/index.php;2026-09-11
06175;Colón;Deuda de personas;Incorporado;2026-07;;http://www.municipalidaddecolon.com/index.php;2026-09-11
06175;Colón;Préstamos y depósitos bancarios;Incorporado;2024-12;;http://www.municipalidaddecolon.com/index.php;2026-09-11
06175;Colón;Empleo industrial;Incorporado;2025-12;;http://www.municipalidaddecolon.com/index.php;2026-09-11
06175;Colón;Desempleo, informalidad y pobreza por ingresos;Sin serie comparable para 135;;"Encuesta representativa del municipio con metodología y muestra; los datos por aglomerado no representan automáticamente cada partido.";http://www.municipalidaddecolon.com/index.php;2026-09-11
06182;Coronel de Marina L. Rosales;Cuenta fiscal comparable;Pendiente;enero–junio 2026;Cuenta ahorro-inversión-financiamiento (CAIF) enero–junio 2026, o ejecuciones por carácter económico conciliadas que excluyan financiamiento.;http://www.rosalesmunicipio.gob.ar/;2026-09-11
06182;Coronel de Marina L. Rosales;Presupuesto original 2026;Pendiente;;"Ordenanza de presupuesto 2026 aprobada y total de erogaciones; identificar los organismos incluidos.";http://www.rosalesmunicipio.gob.ar/;2026-09-11
06182;Coronel de Marina L. Rosales;Presupuesto vigente 2026;Pendiente;;Crédito anual vigente 2026 y modificaciones, con fecha de corte y saldo inicial anual.;http://www.rosalesmunicipio.gob.ar/;2026-09-11
06182;Coronel de Marina L. Rosales;Saldo de tesorería;Pendiente;;Estado de tesorería conciliado: bancos, efectivo, valores y fondos afectados. El saldo total no equivale a caja libre.;http://www.rosalesmunicipio.gob.ar/;2026-09-11
06182;Coronel de Marina L. Rosales;Caja libre;Pendiente;;Caja de libre disponibilidad conciliada, descontando fondos afectados y obligaciones exigibles.;http://www.rosalesmunicipio.gob.ar/;2026-09-11
06182;Coronel de Marina L. Rosales;Stock de deuda municipal;Pendiente;;"Planilla de deuda consolidada y flotante, contratos, moneda y corte; separar pasivos contables y evitar sumarlos dos veces.";http://www.rosalesmunicipio.gob.ar/;2026-09-11
06182;Coronel de Marina L. Rosales;Calendario futuro de deuda;Pendiente;;"Planilla de vencimientos futuros de capital e intereses, por contrato y fecha; separar lo ya pagado del año.";http://www.rosalesmunicipio.gob.ar/;2026-09-11
06182;Coronel de Marina L. Rosales;Deuda con proveedores vencida;Pendiente;;Antigüedad y vencimiento de facturas pendientes, conciliados con la deuda flotante. Pendiente no significa vencida.;http://www.rosalesmunicipio.gob.ar/;2026-09-11
06182;Coronel de Marina L. Rosales;Flujos fiscales mensuales;Pendiente;;"Ingresos percibidos y gastos devengados por mes, sin acumulación; necesarios para ajustar cada flujo por IPC.";http://www.rosalesmunicipio.gob.ar/;2026-09-11
06182;Coronel de Marina L. Rosales;Cierres fiscales anuales 2021–2025;Sin serie anual incorporada;;"CAIF de cierre anual 2021–2025 con los mismos organismos; no anualizar semestres.";http://www.rosalesmunicipio.gob.ar/;2026-09-11
06182;Coronel de Marina L. Rosales;Transferencias provinciales;Incorporado;2025-01 a 2026-07;;http://www.rosalesmunicipio.gob.ar/;2026-09-11
06182;Coronel de Marina L. Rosales;Empleo y salarios privados formales;Incorporado;2019-01 a 2025-12;;http://www.rosalesmunicipio.gob.ar/;2026-09-11
06182;Coronel de Marina L. Rosales;Población y condiciones de vida;Incorporado;Censo 2022;;http://www.rosalesmunicipio.gob.ar/;2026-09-11
06182;Coronel de Marina L. Rosales;Producto municipal;Incorporado;"2021–2023; precios 2004";;http://www.rosalesmunicipio.gob.ar/;2026-09-11
06182;Coronel de Marina L. Rosales;Delitos registrados;Incorporado;2024–2025;;http://www.rosalesmunicipio.gob.ar/;2026-09-11
06182;Coronel de Marina L. Rosales;Deuda de personas;Incorporado;2026-07;;http://www.rosalesmunicipio.gob.ar/;2026-09-11
06182;Coronel de Marina L. Rosales;Préstamos y depósitos bancarios;Incorporado;2024-12;;http://www.rosalesmunicipio.gob.ar/;2026-09-11
06182;Coronel de Marina L. Rosales;Empleo industrial;Incorporado;2025-12;;http://www.rosalesmunicipio.gob.ar/;2026-09-11
06182;Coronel de Marina L. Rosales;Desempleo, informalidad y pobreza por ingresos;Sin serie comparable para 135;;"Encuesta representativa del municipio con metodología y muestra; los datos por aglomerado no representan automáticamente cada partido.";http://www.rosalesmunicipio.gob.ar/;2026-09-11
06189;Coronel Dorrego;Cuenta fiscal comparable;Incorporado;enero–junio 2026;;https://dorrego.gob.ar/mun/direcciones/administracion/menu/contabilidad/transparencia.php;2026-09-11
06189;Coronel Dorrego;Presupuesto original 2026;Pendiente;2026;"Ordenanza de presupuesto 2026 aprobada y total de erogaciones; identificar los organismos incluidos.";https://dorrego.gob.ar/mun/direcciones/administracion/menu/contabilidad/transparencia.php;2026-09-11
06189;Coronel Dorrego;Presupuesto vigente 2026;Incorporado;2026-06-30;;https://dorrego.gob.ar/mun/direcciones/administracion/menu/contabilidad/transparencia.php;2026-09-11
06189;Coronel Dorrego;Saldo de tesorería;Pendiente;;Estado de tesorería conciliado: bancos, efectivo, valores y fondos afectados. El saldo total no equivale a caja libre.;https://dorrego.gob.ar/mun/direcciones/administracion/menu/contabilidad/transparencia.php;2026-09-11
06189;Coronel Dorrego;Caja libre;Pendiente;;Caja de libre disponibilidad conciliada, descontando fondos afectados y obligaciones exigibles.;https://dorrego.gob.ar/mun/direcciones/administracion/menu/contabilidad/transparencia.php;2026-09-11
06189;Coronel Dorrego;Stock de deuda municipal;Pendiente;;"Planilla de deuda consolidada y flotante, contratos, moneda y corte; separar pasivos contables y evitar sumarlos dos veces.";https://dorrego.gob.ar/mun/direcciones/administracion/menu/contabilidad/transparencia.php;2026-09-11
06189;Coronel Dorrego;Calendario futuro de deuda;Pendiente;;"Planilla de vencimientos futuros de capital e intereses, por contrato y fecha; separar lo ya pagado del año.";https://dorrego.gob.ar/mun/direcciones/administracion/menu/contabilidad/transparencia.php;2026-09-11
06189;Coronel Dorrego;Deuda con proveedores vencida;Pendiente;;Antigüedad y vencimiento de facturas pendientes, conciliados con la deuda flotante. Pendiente no significa vencida.;https://dorrego.gob.ar/mun/direcciones/administracion/menu/contabilidad/transparencia.php;2026-09-11
06189;Coronel Dorrego;Flujos fiscales mensuales;Pendiente;;"Ingresos percibidos y gastos devengados por mes, sin acumulación; necesarios para ajustar cada flujo por IPC.";https://dorrego.gob.ar/mun/direcciones/administracion/menu/contabilidad/transparencia.php;2026-09-11
06189;Coronel Dorrego;Cierres fiscales anuales 2021–2025;Sin serie anual incorporada;;"CAIF de cierre anual 2021–2025 con los mismos organismos; no anualizar semestres.";https://dorrego.gob.ar/mun/direcciones/administracion/menu/contabilidad/transparencia.php;2026-09-11
06189;Coronel Dorrego;Transferencias provinciales;Incorporado;2025-01 a 2026-07;;https://dorrego.gob.ar/mun/direcciones/administracion/menu/contabilidad/transparencia.php;2026-09-11
06189;Coronel Dorrego;Empleo y salarios privados formales;Incorporado;2019-01 a 2025-12;;https://dorrego.gob.ar/mun/direcciones/administracion/menu/contabilidad/transparencia.php;2026-09-11
06189;Coronel Dorrego;Población y condiciones de vida;Incorporado;Censo 2022;;https://dorrego.gob.ar/mun/direcciones/administracion/menu/contabilidad/transparencia.php;2026-09-11
06189;Coronel Dorrego;Producto municipal;Incorporado;"2021–2023; precios 2004";;https://dorrego.gob.ar/mun/direcciones/administracion/menu/contabilidad/transparencia.php;2026-09-11
06189;Coronel Dorrego;Delitos registrados;Incorporado;2024–2025;;https://dorrego.gob.ar/mun/direcciones/administracion/menu/contabilidad/transparencia.php;2026-09-11
06189;Coronel Dorrego;Deuda de personas;Incorporado;2026-07;;https://dorrego.gob.ar/mun/direcciones/administracion/menu/contabilidad/transparencia.php;2026-09-11
06189;Coronel Dorrego;Préstamos y depósitos bancarios;Incorporado;2024-12;;https://dorrego.gob.ar/mun/direcciones/administracion/menu/contabilidad/transparencia.php;2026-09-11
06189;Coronel Dorrego;Empleo industrial;Incorporado;2025-12;;https://dorrego.gob.ar/mun/direcciones/administracion/menu/contabilidad/transparencia.php;2026-09-11
06189;Coronel Dorrego;Desempleo, informalidad y pobreza por ingresos;Sin serie comparable para 135;;"Encuesta representativa del municipio con metodología y muestra; los datos por aglomerado no representan automáticamente cada partido.";https://dorrego.gob.ar/mun/direcciones/administracion/menu/contabilidad/transparencia.php;2026-09-11
06196;Coronel Pringles;Cuenta fiscal comparable;Incorporado;enero–junio 2026;;https://www.ciudadabierta.coronelpringles.gov.ar/transparencia/siteconomicafinanciera/situacioneconomica.php;2026-09-11
06196;Coronel Pringles;Presupuesto original 2026;Pendiente;2026;"Ordenanza de presupuesto 2026 aprobada y total de erogaciones; identificar los organismos incluidos.";https://www.ciudadabierta.coronelpringles.gov.ar/transparencia/siteconomicafinanciera/situacioneconomica.php;2026-09-11
06196;Coronel Pringles;Presupuesto vigente 2026;Incorporado;2026-06-30;;https://www.ciudadabierta.coronelpringles.gov.ar/transparencia/siteconomicafinanciera/situacioneconomica.php;2026-09-11
06196;Coronel Pringles;Saldo de tesorería;Pendiente;;Estado de tesorería conciliado: bancos, efectivo, valores y fondos afectados. El saldo total no equivale a caja libre.;https://www.ciudadabierta.coronelpringles.gov.ar/transparencia/siteconomicafinanciera/situacioneconomica.php;2026-09-11
06196;Coronel Pringles;Caja libre;Pendiente;;Caja de libre disponibilidad conciliada, descontando fondos afectados y obligaciones exigibles.;https://www.ciudadabierta.coronelpringles.gov.ar/transparencia/siteconomicafinanciera/situacioneconomica.php;2026-09-11
06196;Coronel Pringles;Stock de deuda municipal;Pendiente;;"Planilla de deuda consolidada y flotante, contratos, moneda y corte; separar pasivos contables y evitar sumarlos dos veces.";https://www.ciudadabierta.coronelpringles.gov.ar/transparencia/siteconomicafinanciera/situacioneconomica.php;2026-09-11
06196;Coronel Pringles;Calendario futuro de deuda;Pendiente;;"Planilla de vencimientos futuros de capital e intereses, por contrato y fecha; separar lo ya pagado del año.";https://www.ciudadabierta.coronelpringles.gov.ar/transparencia/siteconomicafinanciera/situacioneconomica.php;2026-09-11
06196;Coronel Pringles;Deuda con proveedores vencida;Pendiente;;Antigüedad y vencimiento de facturas pendientes, conciliados con la deuda flotante. Pendiente no significa vencida.;https://www.ciudadabierta.coronelpringles.gov.ar/transparencia/siteconomicafinanciera/situacioneconomica.php;2026-09-11
06196;Coronel Pringles;Flujos fiscales mensuales;Pendiente;;"Ingresos percibidos y gastos devengados por mes, sin acumulación; necesarios para ajustar cada flujo por IPC.";https://www.ciudadabierta.coronelpringles.gov.ar/transparencia/siteconomicafinanciera/situacioneconomica.php;2026-09-11
06196;Coronel Pringles;Cierres fiscales anuales 2021–2025;Sin serie anual incorporada;;"CAIF de cierre anual 2021–2025 con los mismos organismos; no anualizar semestres.";https://www.ciudadabierta.coronelpringles.gov.ar/transparencia/siteconomicafinanciera/situacioneconomica.php;2026-09-11
06196;Coronel Pringles;Transferencias provinciales;Incorporado;2025-01 a 2026-07;;https://www.ciudadabierta.coronelpringles.gov.ar/transparencia/siteconomicafinanciera/situacioneconomica.php;2026-09-11
06196;Coronel Pringles;Empleo y salarios privados formales;Incorporado;2019-01 a 2025-12;;https://www.ciudadabierta.coronelpringles.gov.ar/transparencia/siteconomicafinanciera/situacioneconomica.php;2026-09-11
06196;Coronel Pringles;Población y condiciones de vida;Incorporado;Censo 2022;;https://www.ciudadabierta.coronelpringles.gov.ar/transparencia/siteconomicafinanciera/situacioneconomica.php;2026-09-11
06196;Coronel Pringles;Producto municipal;Incorporado;"2021–2023; precios 2004";;https://www.ciudadabierta.coronelpringles.gov.ar/transparencia/siteconomicafinanciera/situacioneconomica.php;2026-09-11
06196;Coronel Pringles;Delitos registrados;Incorporado;2024–2025;;https://www.ciudadabierta.coronelpringles.gov.ar/transparencia/siteconomicafinanciera/situacioneconomica.php;2026-09-11
06196;Coronel Pringles;Deuda de personas;Incorporado;2026-07;;https://www.ciudadabierta.coronelpringles.gov.ar/transparencia/siteconomicafinanciera/situacioneconomica.php;2026-09-11
06196;Coronel Pringles;Préstamos y depósitos bancarios;Incorporado;2024-12;;https://www.ciudadabierta.coronelpringles.gov.ar/transparencia/siteconomicafinanciera/situacioneconomica.php;2026-09-11
06196;Coronel Pringles;Empleo industrial;Incorporado;2025-12;;https://www.ciudadabierta.coronelpringles.gov.ar/transparencia/siteconomicafinanciera/situacioneconomica.php;2026-09-11
06196;Coronel Pringles;Desempleo, informalidad y pobreza por ingresos;Sin serie comparable para 135;;"Encuesta representativa del municipio con metodología y muestra; los datos por aglomerado no representan automáticamente cada partido.";https://www.ciudadabierta.coronelpringles.gov.ar/transparencia/siteconomicafinanciera/situacioneconomica.php;2026-09-11
06203;Coronel Suárez;Cuenta fiscal comparable;Incorporado;enero–junio 2026;;https://www.coronelsuarez.gob.ar/transparencia-fiscal/;2026-09-11
06203;Coronel Suárez;Presupuesto original 2026;Pendiente;2026;"Ordenanza de presupuesto 2026 aprobada y total de erogaciones; identificar los organismos incluidos.";https://www.coronelsuarez.gob.ar/transparencia-fiscal/;2026-09-11
06203;Coronel Suárez;Presupuesto vigente 2026;Incorporado;2026-06-30;;https://www.coronelsuarez.gob.ar/transparencia-fiscal/;2026-09-11
06203;Coronel Suárez;Saldo de tesorería;Pendiente;;Estado de tesorería conciliado: bancos, efectivo, valores y fondos afectados. El saldo total no equivale a caja libre.;https://www.coronelsuarez.gob.ar/transparencia-fiscal/;2026-09-11
06203;Coronel Suárez;Caja libre;Pendiente;;Caja de libre disponibilidad conciliada, descontando fondos afectados y obligaciones exigibles.;https://www.coronelsuarez.gob.ar/transparencia-fiscal/;2026-09-11
06203;Coronel Suárez;Stock de deuda municipal;Pendiente;;"Planilla de deuda consolidada y flotante, contratos, moneda y corte; separar pasivos contables y evitar sumarlos dos veces.";https://www.coronelsuarez.gob.ar/transparencia-fiscal/;2026-09-11
06203;Coronel Suárez;Calendario futuro de deuda;Pendiente;;"Planilla de vencimientos futuros de capital e intereses, por contrato y fecha; separar lo ya pagado del año.";https://www.coronelsuarez.gob.ar/transparencia-fiscal/;2026-09-11
06203;Coronel Suárez;Deuda con proveedores vencida;Pendiente;;Antigüedad y vencimiento de facturas pendientes, conciliados con la deuda flotante. Pendiente no significa vencida.;https://www.coronelsuarez.gob.ar/transparencia-fiscal/;2026-09-11
06203;Coronel Suárez;Flujos fiscales mensuales;Pendiente;;"Ingresos percibidos y gastos devengados por mes, sin acumulación; necesarios para ajustar cada flujo por IPC.";https://www.coronelsuarez.gob.ar/transparencia-fiscal/;2026-09-11
06203;Coronel Suárez;Cierres fiscales anuales 2021–2025;Sin serie anual incorporada;;"CAIF de cierre anual 2021–2025 con los mismos organismos; no anualizar semestres.";https://www.coronelsuarez.gob.ar/transparencia-fiscal/;2026-09-11
06203;Coronel Suárez;Transferencias provinciales;Incorporado;2025-01 a 2026-07;;https://www.coronelsuarez.gob.ar/transparencia-fiscal/;2026-09-11
06203;Coronel Suárez;Empleo y salarios privados formales;Incorporado;2019-01 a 2025-12;;https://www.coronelsuarez.gob.ar/transparencia-fiscal/;2026-09-11
06203;Coronel Suárez;Población y condiciones de vida;Incorporado;Censo 2022;;https://www.coronelsuarez.gob.ar/transparencia-fiscal/;2026-09-11
06203;Coronel Suárez;Producto municipal;Incorporado;"2021–2023; precios 2004";;https://www.coronelsuarez.gob.ar/transparencia-fiscal/;2026-09-11
06203;Coronel Suárez;Delitos registrados;Incorporado;2024–2025;;https://www.coronelsuarez.gob.ar/transparencia-fiscal/;2026-09-11
06203;Coronel Suárez;Deuda de personas;Incorporado;2026-07;;https://www.coronelsuarez.gob.ar/transparencia-fiscal/;2026-09-11
06203;Coronel Suárez;Préstamos y depósitos bancarios;Incorporado;2024-12;;https://www.coronelsuarez.gob.ar/transparencia-fiscal/;2026-09-11
06203;Coronel Suárez;Empleo industrial;Incorporado;2025-12;;https://www.coronelsuarez.gob.ar/transparencia-fiscal/;2026-09-11
06203;Coronel Suárez;Desempleo, informalidad y pobreza por ingresos;Sin serie comparable para 135;;"Encuesta representativa del municipio con metodología y muestra; los datos por aglomerado no representan automáticamente cada partido.";https://www.coronelsuarez.gob.ar/transparencia-fiscal/;2026-09-11
06231;Daireaux;Cuenta fiscal comparable;Pendiente;enero–junio 2026;Cuenta ahorro-inversión-financiamiento (CAIF) enero–junio 2026, o ejecuciones por carácter económico conciliadas que excluyan financiamiento.;https://daireaux.gob.ar/wp-content/uploads/2024/07/Situacion-Economica-Financiera-2024-01.pdf;2026-09-11
06231;Daireaux;Presupuesto original 2026;Incorporado;2026;;https://daireaux.gob.ar/wp-content/uploads/2024/07/Situacion-Economica-Financiera-2024-01.pdf;2026-09-11
06231;Daireaux;Presupuesto vigente 2026;Incorporado;2026-06-30;;https://daireaux.gob.ar/wp-content/uploads/2024/07/Situacion-Economica-Financiera-2024-01.pdf;2026-09-11
06231;Daireaux;Saldo de tesorería;Pendiente;;Estado de tesorería conciliado: bancos, efectivo, valores y fondos afectados. El saldo total no equivale a caja libre.;https://daireaux.gob.ar/wp-content/uploads/2024/07/Situacion-Economica-Financiera-2024-01.pdf;2026-09-11
06231;Daireaux;Caja libre;Pendiente;;Caja de libre disponibilidad conciliada, descontando fondos afectados y obligaciones exigibles.;https://daireaux.gob.ar/wp-content/uploads/2024/07/Situacion-Economica-Financiera-2024-01.pdf;2026-09-11
06231;Daireaux;Stock de deuda municipal;Pendiente;;"Planilla de deuda consolidada y flotante, contratos, moneda y corte; separar pasivos contables y evitar sumarlos dos veces.";https://daireaux.gob.ar/wp-content/uploads/2024/07/Situacion-Economica-Financiera-2024-01.pdf;2026-09-11
06231;Daireaux;Calendario futuro de deuda;Pendiente;;"Planilla de vencimientos futuros de capital e intereses, por contrato y fecha; separar lo ya pagado del año.";https://daireaux.gob.ar/wp-content/uploads/2024/07/Situacion-Economica-Financiera-2024-01.pdf;2026-09-11
06231;Daireaux;Deuda con proveedores vencida;Pendiente;;Antigüedad y vencimiento de facturas pendientes, conciliados con la deuda flotante. Pendiente no significa vencida.;https://daireaux.gob.ar/wp-content/uploads/2024/07/Situacion-Economica-Financiera-2024-01.pdf;2026-09-11
06231;Daireaux;Flujos fiscales mensuales;Pendiente;;"Ingresos percibidos y gastos devengados por mes, sin acumulación; necesarios para ajustar cada flujo por IPC.";https://daireaux.gob.ar/wp-content/uploads/2024/07/Situacion-Economica-Financiera-2024-01.pdf;2026-09-11
06231;Daireaux;Cierres fiscales anuales 2021–2025;Sin serie anual incorporada;;"CAIF de cierre anual 2021–2025 con los mismos organismos; no anualizar semestres.";https://daireaux.gob.ar/wp-content/uploads/2024/07/Situacion-Economica-Financiera-2024-01.pdf;2026-09-11
06231;Daireaux;Transferencias provinciales;Incorporado;2025-01 a 2026-07;;https://daireaux.gob.ar/wp-content/uploads/2024/07/Situacion-Economica-Financiera-2024-01.pdf;2026-09-11
06231;Daireaux;Empleo y salarios privados formales;Incorporado;2019-01 a 2025-12;;https://daireaux.gob.ar/wp-content/uploads/2024/07/Situacion-Economica-Financiera-2024-01.pdf;2026-09-11
06231;Daireaux;Población y condiciones de vida;Incorporado;Censo 2022;;https://daireaux.gob.ar/wp-content/uploads/2024/07/Situacion-Economica-Financiera-2024-01.pdf;2026-09-11
06231;Daireaux;Producto municipal;Incorporado;"2021–2023; precios 2004";;https://daireaux.gob.ar/wp-content/uploads/2024/07/Situacion-Economica-Financiera-2024-01.pdf;2026-09-11
06231;Daireaux;Delitos registrados;Incorporado;2024–2025;;https://daireaux.gob.ar/wp-content/uploads/2024/07/Situacion-Economica-Financiera-2024-01.pdf;2026-09-11
06231;Daireaux;Deuda de personas;Incorporado;2026-07;;https://daireaux.gob.ar/wp-content/uploads/2024/07/Situacion-Economica-Financiera-2024-01.pdf;2026-09-11
06231;Daireaux;Préstamos y depósitos bancarios;Incorporado;2024-12;;https://daireaux.gob.ar/wp-content/uploads/2024/07/Situacion-Economica-Financiera-2024-01.pdf;2026-09-11
06231;Daireaux;Empleo industrial;Incorporado;2025-12;;https://daireaux.gob.ar/wp-content/uploads/2024/07/Situacion-Economica-Financiera-2024-01.pdf;2026-09-11
06231;Daireaux;Desempleo, informalidad y pobreza por ingresos;Sin serie comparable para 135;;"Encuesta representativa del municipio con metodología y muestra; los datos por aglomerado no representan automáticamente cada partido.";https://daireaux.gob.ar/wp-content/uploads/2024/07/Situacion-Economica-Financiera-2024-01.pdf;2026-09-11
06238;Dolores;Cuenta fiscal comparable;Pendiente;enero–junio 2026;Cuenta ahorro-inversión-financiamiento (CAIF) enero–junio 2026, o ejecuciones por carácter económico conciliadas que excluyan financiamiento.;https://dolores.gob.ar/resena-trimestral/;2026-09-11
06238;Dolores;Presupuesto original 2026;Pendiente;;"Ordenanza de presupuesto 2026 aprobada y total de erogaciones; identificar los organismos incluidos.";https://dolores.gob.ar/resena-trimestral/;2026-09-11
06238;Dolores;Presupuesto vigente 2026;Pendiente;;Crédito anual vigente 2026 y modificaciones, con fecha de corte y saldo inicial anual.;https://dolores.gob.ar/resena-trimestral/;2026-09-11
06238;Dolores;Saldo de tesorería;Pendiente;;Estado de tesorería conciliado: bancos, efectivo, valores y fondos afectados. El saldo total no equivale a caja libre.;https://dolores.gob.ar/resena-trimestral/;2026-09-11
06238;Dolores;Caja libre;Pendiente;;Caja de libre disponibilidad conciliada, descontando fondos afectados y obligaciones exigibles.;https://dolores.gob.ar/resena-trimestral/;2026-09-11
06238;Dolores;Stock de deuda municipal;Pendiente;;"Planilla de deuda consolidada y flotante, contratos, moneda y corte; separar pasivos contables y evitar sumarlos dos veces.";https://dolores.gob.ar/resena-trimestral/;2026-09-11
06238;Dolores;Calendario futuro de deuda;Pendiente;;"Planilla de vencimientos futuros de capital e intereses, por contrato y fecha; separar lo ya pagado del año.";https://dolores.gob.ar/resena-trimestral/;2026-09-11
06238;Dolores;Deuda con proveedores vencida;Pendiente;;Antigüedad y vencimiento de facturas pendientes, conciliados con la deuda flotante. Pendiente no significa vencida.;https://dolores.gob.ar/resena-trimestral/;2026-09-11
06238;Dolores;Flujos fiscales mensuales;Pendiente;;"Ingresos percibidos y gastos devengados por mes, sin acumulación; necesarios para ajustar cada flujo por IPC.";https://dolores.gob.ar/resena-trimestral/;2026-09-11
06238;Dolores;Cierres fiscales anuales 2021–2025;Sin serie anual incorporada;;"CAIF de cierre anual 2021–2025 con los mismos organismos; no anualizar semestres.";https://dolores.gob.ar/resena-trimestral/;2026-09-11
06238;Dolores;Transferencias provinciales;Incorporado;2025-01 a 2026-07;;https://dolores.gob.ar/resena-trimestral/;2026-09-11
06238;Dolores;Empleo y salarios privados formales;Incorporado;2019-01 a 2025-12;;https://dolores.gob.ar/resena-trimestral/;2026-09-11
06238;Dolores;Población y condiciones de vida;Incorporado;Censo 2022;;https://dolores.gob.ar/resena-trimestral/;2026-09-11
06238;Dolores;Producto municipal;Incorporado;"2021–2023; precios 2004";;https://dolores.gob.ar/resena-trimestral/;2026-09-11
06238;Dolores;Delitos registrados;Incorporado;2024–2025;;https://dolores.gob.ar/resena-trimestral/;2026-09-11
06238;Dolores;Deuda de personas;Incorporado;2026-07;;https://dolores.gob.ar/resena-trimestral/;2026-09-11
06238;Dolores;Préstamos y depósitos bancarios;Incorporado;2024-12;;https://dolores.gob.ar/resena-trimestral/;2026-09-11
06238;Dolores;Empleo industrial;Incorporado;2025-12;;https://dolores.gob.ar/resena-trimestral/;2026-09-11
06238;Dolores;Desempleo, informalidad y pobreza por ingresos;Sin serie comparable para 135;;"Encuesta representativa del municipio con metodología y muestra; los datos por aglomerado no representan automáticamente cada partido.";https://dolores.gob.ar/resena-trimestral/;2026-09-11
06245;Ensenada;Cuenta fiscal comparable;Pendiente;enero–junio 2026;Cuenta ahorro-inversión-financiamiento (CAIF) enero–junio 2026, o ejecuciones por carácter económico conciliadas que excluyan financiamiento.;https://www.ensenada.gov.ar/situacion-economico-financiera-del-01-012025-al-31-12-2025/;2026-09-11
06245;Ensenada;Presupuesto original 2026;Incorporado;2026;;https://www.ensenada.gov.ar/situacion-economico-financiera-del-01-012025-al-31-12-2025/;2026-09-11
06245;Ensenada;Presupuesto vigente 2026;Pendiente;2025-11-27;Crédito anual vigente 2026 y modificaciones, con fecha de corte y saldo inicial anual.;https://www.ensenada.gov.ar/situacion-economico-financiera-del-01-012025-al-31-12-2025/;2026-09-11
06245;Ensenada;Saldo de tesorería;Pendiente;;Estado de tesorería conciliado: bancos, efectivo, valores y fondos afectados. El saldo total no equivale a caja libre.;https://www.ensenada.gov.ar/situacion-economico-financiera-del-01-012025-al-31-12-2025/;2026-09-11
06245;Ensenada;Caja libre;Pendiente;;Caja de libre disponibilidad conciliada, descontando fondos afectados y obligaciones exigibles.;https://www.ensenada.gov.ar/situacion-economico-financiera-del-01-012025-al-31-12-2025/;2026-09-11
06245;Ensenada;Stock de deuda municipal;Pendiente;;"Planilla de deuda consolidada y flotante, contratos, moneda y corte; separar pasivos contables y evitar sumarlos dos veces.";https://www.ensenada.gov.ar/situacion-economico-financiera-del-01-012025-al-31-12-2025/;2026-09-11
06245;Ensenada;Calendario futuro de deuda;Pendiente;;"Planilla de vencimientos futuros de capital e intereses, por contrato y fecha; separar lo ya pagado del año.";https://www.ensenada.gov.ar/situacion-economico-financiera-del-01-012025-al-31-12-2025/;2026-09-11
06245;Ensenada;Deuda con proveedores vencida;Pendiente;;Antigüedad y vencimiento de facturas pendientes, conciliados con la deuda flotante. Pendiente no significa vencida.;https://www.ensenada.gov.ar/situacion-economico-financiera-del-01-012025-al-31-12-2025/;2026-09-11
06245;Ensenada;Flujos fiscales mensuales;Pendiente;;"Ingresos percibidos y gastos devengados por mes, sin acumulación; necesarios para ajustar cada flujo por IPC.";https://www.ensenada.gov.ar/situacion-economico-financiera-del-01-012025-al-31-12-2025/;2026-09-11
06245;Ensenada;Cierres fiscales anuales 2021–2025;Sin serie anual incorporada;;"CAIF de cierre anual 2021–2025 con los mismos organismos; no anualizar semestres.";https://www.ensenada.gov.ar/situacion-economico-financiera-del-01-012025-al-31-12-2025/;2026-09-11
06245;Ensenada;Transferencias provinciales;Incorporado;2025-01 a 2026-07;;https://www.ensenada.gov.ar/situacion-economico-financiera-del-01-012025-al-31-12-2025/;2026-09-11
06245;Ensenada;Empleo y salarios privados formales;Incorporado;2019-01 a 2025-12;;https://www.ensenada.gov.ar/situacion-economico-financiera-del-01-012025-al-31-12-2025/;2026-09-11
06245;Ensenada;Población y condiciones de vida;Incorporado;Censo 2022;;https://www.ensenada.gov.ar/situacion-economico-financiera-del-01-012025-al-31-12-2025/;2026-09-11
06245;Ensenada;Producto municipal;Incorporado;"2021–2023; precios 2004";;https://www.ensenada.gov.ar/situacion-economico-financiera-del-01-012025-al-31-12-2025/;2026-09-11
06245;Ensenada;Delitos registrados;Incorporado;2024–2025;;https://www.ensenada.gov.ar/situacion-economico-financiera-del-01-012025-al-31-12-2025/;2026-09-11
06245;Ensenada;Deuda de personas;Incorporado;2026-07;;https://www.ensenada.gov.ar/situacion-economico-financiera-del-01-012025-al-31-12-2025/;2026-09-11
06245;Ensenada;Préstamos y depósitos bancarios;Incorporado;2024-12;;https://www.ensenada.gov.ar/situacion-economico-financiera-del-01-012025-al-31-12-2025/;2026-09-11
06245;Ensenada;Empleo industrial;Incorporado;2025-12;;https://www.ensenada.gov.ar/situacion-economico-financiera-del-01-012025-al-31-12-2025/;2026-09-11
06245;Ensenada;Desempleo, informalidad y pobreza por ingresos;Sin serie comparable para 135;;"Encuesta representativa del municipio con metodología y muestra; los datos por aglomerado no representan automáticamente cada partido.";https://www.ensenada.gov.ar/situacion-economico-financiera-del-01-012025-al-31-12-2025/;2026-09-11
06252;Escobar;Cuenta fiscal comparable;Pendiente;enero–junio 2026;Cuenta ahorro-inversión-financiamiento (CAIF) enero–junio 2026, o ejecuciones por carácter económico conciliadas que excluyan financiamiento.;https://www.escobar.gob.ar/transparencia/;2026-09-11
06252;Escobar;Presupuesto original 2026;Pendiente;2025;"Ordenanza de presupuesto 2026 aprobada y total de erogaciones; identificar los organismos incluidos.";https://www.escobar.gob.ar/transparencia/;2026-09-11
06252;Escobar;Presupuesto vigente 2026;Pendiente;2025-12-31;Crédito anual vigente 2026 y modificaciones, con fecha de corte y saldo inicial anual.;https://www.escobar.gob.ar/transparencia/;2026-09-11
06252;Escobar;Saldo de tesorería;Pendiente;;Estado de tesorería conciliado: bancos, efectivo, valores y fondos afectados. El saldo total no equivale a caja libre.;https://www.escobar.gob.ar/transparencia/;2026-09-11
06252;Escobar;Caja libre;Pendiente;;Caja de libre disponibilidad conciliada, descontando fondos afectados y obligaciones exigibles.;https://www.escobar.gob.ar/transparencia/;2026-09-11
06252;Escobar;Stock de deuda municipal;Pendiente;;"Planilla de deuda consolidada y flotante, contratos, moneda y corte; separar pasivos contables y evitar sumarlos dos veces.";https://www.escobar.gob.ar/transparencia/;2026-09-11
06252;Escobar;Calendario futuro de deuda;Pendiente;;"Planilla de vencimientos futuros de capital e intereses, por contrato y fecha; separar lo ya pagado del año.";https://www.escobar.gob.ar/transparencia/;2026-09-11
06252;Escobar;Deuda con proveedores vencida;Pendiente;;Antigüedad y vencimiento de facturas pendientes, conciliados con la deuda flotante. Pendiente no significa vencida.;https://www.escobar.gob.ar/transparencia/;2026-09-11
06252;Escobar;Flujos fiscales mensuales;Pendiente;;"Ingresos percibidos y gastos devengados por mes, sin acumulación; necesarios para ajustar cada flujo por IPC.";https://www.escobar.gob.ar/transparencia/;2026-09-11
06252;Escobar;Cierres fiscales anuales 2021–2025;Sin serie anual incorporada;;"CAIF de cierre anual 2021–2025 con los mismos organismos; no anualizar semestres.";https://www.escobar.gob.ar/transparencia/;2026-09-11
06252;Escobar;Transferencias provinciales;Incorporado;2025-01 a 2026-07;;https://www.escobar.gob.ar/transparencia/;2026-09-11
06252;Escobar;Empleo y salarios privados formales;Incorporado;2019-01 a 2025-12;;https://www.escobar.gob.ar/transparencia/;2026-09-11
06252;Escobar;Población y condiciones de vida;Incorporado;Censo 2022;;https://www.escobar.gob.ar/transparencia/;2026-09-11
06252;Escobar;Producto municipal;Incorporado;"2021–2023; precios 2004";;https://www.escobar.gob.ar/transparencia/;2026-09-11
06252;Escobar;Delitos registrados;Incorporado;2024–2025;;https://www.escobar.gob.ar/transparencia/;2026-09-11
06252;Escobar;Deuda de personas;Incorporado;2026-07;;https://www.escobar.gob.ar/transparencia/;2026-09-11
06252;Escobar;Préstamos y depósitos bancarios;Incorporado;2024-12;;https://www.escobar.gob.ar/transparencia/;2026-09-11
06252;Escobar;Empleo industrial;Incorporado;2025-12;;https://www.escobar.gob.ar/transparencia/;2026-09-11
06252;Escobar;Desempleo, informalidad y pobreza por ingresos;Sin serie comparable para 135;;"Encuesta representativa del municipio con metodología y muestra; los datos por aglomerado no representan automáticamente cada partido.";https://www.escobar.gob.ar/transparencia/;2026-09-11
06260;Esteban Echeverría;Cuenta fiscal comparable;Pendiente;enero–junio 2026;Cuenta ahorro-inversión-financiamiento (CAIF) enero–junio 2026, o ejecuciones por carácter económico conciliadas que excluyan financiamiento.;https://www.estebanecheverria.gob.ar/secretaria-de-hacienda/;2026-09-11
06260;Esteban Echeverría;Presupuesto original 2026;Pendiente;;"Ordenanza de presupuesto 2026 aprobada y total de erogaciones; identificar los organismos incluidos.";https://www.estebanecheverria.gob.ar/secretaria-de-hacienda/;2026-09-11
06260;Esteban Echeverría;Presupuesto vigente 2026;Pendiente;;Crédito anual vigente 2026 y modificaciones, con fecha de corte y saldo inicial anual.;https://www.estebanecheverria.gob.ar/secretaria-de-hacienda/;2026-09-11
06260;Esteban Echeverría;Saldo de tesorería;Pendiente;;Estado de tesorería conciliado: bancos, efectivo, valores y fondos afectados. El saldo total no equivale a caja libre.;https://www.estebanecheverria.gob.ar/secretaria-de-hacienda/;2026-09-11
06260;Esteban Echeverría;Caja libre;Pendiente;;Caja de libre disponibilidad conciliada, descontando fondos afectados y obligaciones exigibles.;https://www.estebanecheverria.gob.ar/secretaria-de-hacienda/;2026-09-11
06260;Esteban Echeverría;Stock de deuda municipal;Pendiente;;"Planilla de deuda consolidada y flotante, contratos, moneda y corte; separar pasivos contables y evitar sumarlos dos veces.";https://www.estebanecheverria.gob.ar/secretaria-de-hacienda/;2026-09-11
06260;Esteban Echeverría;Calendario futuro de deuda;Pendiente;;"Planilla de vencimientos futuros de capital e intereses, por contrato y fecha; separar lo ya pagado del año.";https://www.estebanecheverria.gob.ar/secretaria-de-hacienda/;2026-09-11
06260;Esteban Echeverría;Deuda con proveedores vencida;Pendiente;;Antigüedad y vencimiento de facturas pendientes, conciliados con la deuda flotante. Pendiente no significa vencida.;https://www.estebanecheverria.gob.ar/secretaria-de-hacienda/;2026-09-11
06260;Esteban Echeverría;Flujos fiscales mensuales;Pendiente;;"Ingresos percibidos y gastos devengados por mes, sin acumulación; necesarios para ajustar cada flujo por IPC.";https://www.estebanecheverria.gob.ar/secretaria-de-hacienda/;2026-09-11
06260;Esteban Echeverría;Cierres fiscales anuales 2021–2025;Sin serie anual incorporada;;"CAIF de cierre anual 2021–2025 con los mismos organismos; no anualizar semestres.";https://www.estebanecheverria.gob.ar/secretaria-de-hacienda/;2026-09-11
06260;Esteban Echeverría;Transferencias provinciales;Incorporado;2025-01 a 2026-07;;https://www.estebanecheverria.gob.ar/secretaria-de-hacienda/;2026-09-11
06260;Esteban Echeverría;Empleo y salarios privados formales;Incorporado;2019-01 a 2025-12;;https://www.estebanecheverria.gob.ar/secretaria-de-hacienda/;2026-09-11
06260;Esteban Echeverría;Población y condiciones de vida;Incorporado;Censo 2022;;https://www.estebanecheverria.gob.ar/secretaria-de-hacienda/;2026-09-11
06260;Esteban Echeverría;Producto municipal;Incorporado;"2021–2023; precios 2004";;https://www.estebanecheverria.gob.ar/secretaria-de-hacienda/;2026-09-11
06260;Esteban Echeverría;Delitos registrados;Incorporado;2024–2025;;https://www.estebanecheverria.gob.ar/secretaria-de-hacienda/;2026-09-11
06260;Esteban Echeverría;Deuda de personas;Incorporado;2026-07;;https://www.estebanecheverria.gob.ar/secretaria-de-hacienda/;2026-09-11
06260;Esteban Echeverría;Préstamos y depósitos bancarios;Incorporado;2024-12;;https://www.estebanecheverria.gob.ar/secretaria-de-hacienda/;2026-09-11
06260;Esteban Echeverría;Empleo industrial;Incorporado;2025-12;;https://www.estebanecheverria.gob.ar/secretaria-de-hacienda/;2026-09-11
06260;Esteban Echeverría;Desempleo, informalidad y pobreza por ingresos;Sin serie comparable para 135;;"Encuesta representativa del municipio con metodología y muestra; los datos por aglomerado no representan automáticamente cada partido.";https://www.estebanecheverria.gob.ar/secretaria-de-hacienda/;2026-09-11
06266;Exaltación de la Cruz;Cuenta fiscal comparable;Incorporado;enero–junio 2026;;https://www.exaltaciondelacruz.gob.ar/?wpdmpro=situacion-economico-financiera-1o-semestre-2026;2026-09-11
06266;Exaltación de la Cruz;Presupuesto original 2026;Pendiente;2026;"Ordenanza de presupuesto 2026 aprobada y total de erogaciones; identificar los organismos incluidos.";https://www.exaltaciondelacruz.gob.ar/?wpdmpro=situacion-economico-financiera-1o-semestre-2026;2026-09-11
06266;Exaltación de la Cruz;Presupuesto vigente 2026;Incorporado;2026-06-30;;https://www.exaltaciondelacruz.gob.ar/?wpdmpro=situacion-economico-financiera-1o-semestre-2026;2026-09-11
06266;Exaltación de la Cruz;Saldo de tesorería;Pendiente;;Estado de tesorería conciliado: bancos, efectivo, valores y fondos afectados. El saldo total no equivale a caja libre.;https://www.exaltaciondelacruz.gob.ar/?wpdmpro=situacion-economico-financiera-1o-semestre-2026;2026-09-11
06266;Exaltación de la Cruz;Caja libre;Pendiente;;Caja de libre disponibilidad conciliada, descontando fondos afectados y obligaciones exigibles.;https://www.exaltaciondelacruz.gob.ar/?wpdmpro=situacion-economico-financiera-1o-semestre-2026;2026-09-11
06266;Exaltación de la Cruz;Stock de deuda municipal;Pendiente;;"Planilla de deuda consolidada y flotante, contratos, moneda y corte; separar pasivos contables y evitar sumarlos dos veces.";https://www.exaltaciondelacruz.gob.ar/?wpdmpro=situacion-economico-financiera-1o-semestre-2026;2026-09-11
06266;Exaltación de la Cruz;Calendario futuro de deuda;Pendiente;;"Planilla de vencimientos futuros de capital e intereses, por contrato y fecha; separar lo ya pagado del año.";https://www.exaltaciondelacruz.gob.ar/?wpdmpro=situacion-economico-financiera-1o-semestre-2026;2026-09-11
06266;Exaltación de la Cruz;Deuda con proveedores vencida;Pendiente;;Antigüedad y vencimiento de facturas pendientes, conciliados con la deuda flotante. Pendiente no significa vencida.;https://www.exaltaciondelacruz.gob.ar/?wpdmpro=situacion-economico-financiera-1o-semestre-2026;2026-09-11
06266;Exaltación de la Cruz;Flujos fiscales mensuales;Pendiente;;"Ingresos percibidos y gastos devengados por mes, sin acumulación; necesarios para ajustar cada flujo por IPC.";https://www.exaltaciondelacruz.gob.ar/?wpdmpro=situacion-economico-financiera-1o-semestre-2026;2026-09-11
06266;Exaltación de la Cruz;Cierres fiscales anuales 2021–2025;Sin serie anual incorporada;;"CAIF de cierre anual 2021–2025 con los mismos organismos; no anualizar semestres.";https://www.exaltaciondelacruz.gob.ar/?wpdmpro=situacion-economico-financiera-1o-semestre-2026;2026-09-11
06266;Exaltación de la Cruz;Transferencias provinciales;Incorporado;2025-01 a 2026-07;;https://www.exaltaciondelacruz.gob.ar/?wpdmpro=situacion-economico-financiera-1o-semestre-2026;2026-09-11
06266;Exaltación de la Cruz;Empleo y salarios privados formales;Incorporado;2019-01 a 2025-12;;https://www.exaltaciondelacruz.gob.ar/?wpdmpro=situacion-economico-financiera-1o-semestre-2026;2026-09-11
06266;Exaltación de la Cruz;Población y condiciones de vida;Incorporado;Censo 2022;;https://www.exaltaciondelacruz.gob.ar/?wpdmpro=situacion-economico-financiera-1o-semestre-2026;2026-09-11
06266;Exaltación de la Cruz;Producto municipal;Incorporado;"2021–2023; precios 2004";;https://www.exaltaciondelacruz.gob.ar/?wpdmpro=situacion-economico-financiera-1o-semestre-2026;2026-09-11
06266;Exaltación de la Cruz;Delitos registrados;Incorporado;2024–2025;;https://www.exaltaciondelacruz.gob.ar/?wpdmpro=situacion-economico-financiera-1o-semestre-2026;2026-09-11
06266;Exaltación de la Cruz;Deuda de personas;Incorporado;2026-07;;https://www.exaltaciondelacruz.gob.ar/?wpdmpro=situacion-economico-financiera-1o-semestre-2026;2026-09-11
06266;Exaltación de la Cruz;Préstamos y depósitos bancarios;Incorporado;2024-12;;https://www.exaltaciondelacruz.gob.ar/?wpdmpro=situacion-economico-financiera-1o-semestre-2026;2026-09-11
06266;Exaltación de la Cruz;Empleo industrial;Incorporado;2025-12;;https://www.exaltaciondelacruz.gob.ar/?wpdmpro=situacion-economico-financiera-1o-semestre-2026;2026-09-11
06266;Exaltación de la Cruz;Desempleo, informalidad y pobreza por ingresos;Sin serie comparable para 135;;"Encuesta representativa del municipio con metodología y muestra; los datos por aglomerado no representan automáticamente cada partido.";https://www.exaltaciondelacruz.gob.ar/?wpdmpro=situacion-economico-financiera-1o-semestre-2026;2026-09-11
06270;Ezeiza;Cuenta fiscal comparable;Pendiente;enero–junio 2026;Cuenta ahorro-inversión-financiamiento (CAIF) enero–junio 2026, o ejecuciones por carácter económico conciliadas que excluyan financiamiento.;https://www.ezeiza.gob.ar/datos_abiertos.php;2026-09-11
06270;Ezeiza;Presupuesto original 2026;Pendiente;2025;"Ordenanza de presupuesto 2026 aprobada y total de erogaciones; identificar los organismos incluidos.";https://www.ezeiza.gob.ar/datos_abiertos.php;2026-09-11
06270;Ezeiza;Presupuesto vigente 2026;Pendiente;2025-12-31;Crédito anual vigente 2026 y modificaciones, con fecha de corte y saldo inicial anual.;https://www.ezeiza.gob.ar/datos_abiertos.php;2026-09-11
06270;Ezeiza;Saldo de tesorería;Pendiente;;Estado de tesorería conciliado: bancos, efectivo, valores y fondos afectados. El saldo total no equivale a caja libre.;https://www.ezeiza.gob.ar/datos_abiertos.php;2026-09-11
06270;Ezeiza;Caja libre;Pendiente;;Caja de libre disponibilidad conciliada, descontando fondos afectados y obligaciones exigibles.;https://www.ezeiza.gob.ar/datos_abiertos.php;2026-09-11
06270;Ezeiza;Stock de deuda municipal;Pendiente;;"Planilla de deuda consolidada y flotante, contratos, moneda y corte; separar pasivos contables y evitar sumarlos dos veces.";https://www.ezeiza.gob.ar/datos_abiertos.php;2026-09-11
06270;Ezeiza;Calendario futuro de deuda;Pendiente;;"Planilla de vencimientos futuros de capital e intereses, por contrato y fecha; separar lo ya pagado del año.";https://www.ezeiza.gob.ar/datos_abiertos.php;2026-09-11
06270;Ezeiza;Deuda con proveedores vencida;Pendiente;;Antigüedad y vencimiento de facturas pendientes, conciliados con la deuda flotante. Pendiente no significa vencida.;https://www.ezeiza.gob.ar/datos_abiertos.php;2026-09-11
06270;Ezeiza;Flujos fiscales mensuales;Pendiente;;"Ingresos percibidos y gastos devengados por mes, sin acumulación; necesarios para ajustar cada flujo por IPC.";https://www.ezeiza.gob.ar/datos_abiertos.php;2026-09-11
06270;Ezeiza;Cierres fiscales anuales 2021–2025;Sin serie anual incorporada;;"CAIF de cierre anual 2021–2025 con los mismos organismos; no anualizar semestres.";https://www.ezeiza.gob.ar/datos_abiertos.php;2026-09-11
06270;Ezeiza;Transferencias provinciales;Incorporado;2025-01 a 2026-07;;https://www.ezeiza.gob.ar/datos_abiertos.php;2026-09-11
06270;Ezeiza;Empleo y salarios privados formales;Incorporado;2019-01 a 2025-12;;https://www.ezeiza.gob.ar/datos_abiertos.php;2026-09-11
06270;Ezeiza;Población y condiciones de vida;Incorporado;Censo 2022;;https://www.ezeiza.gob.ar/datos_abiertos.php;2026-09-11
06270;Ezeiza;Producto municipal;Incorporado;"2021–2023; precios 2004";;https://www.ezeiza.gob.ar/datos_abiertos.php;2026-09-11
06270;Ezeiza;Delitos registrados;Incorporado;2024–2025;;https://www.ezeiza.gob.ar/datos_abiertos.php;2026-09-11
06270;Ezeiza;Deuda de personas;Incorporado;2026-07;;https://www.ezeiza.gob.ar/datos_abiertos.php;2026-09-11
06270;Ezeiza;Préstamos y depósitos bancarios;Incorporado;2024-12;;https://www.ezeiza.gob.ar/datos_abiertos.php;2026-09-11
06270;Ezeiza;Empleo industrial;Incorporado;2025-12;;https://www.ezeiza.gob.ar/datos_abiertos.php;2026-09-11
06270;Ezeiza;Desempleo, informalidad y pobreza por ingresos;Sin serie comparable para 135;;"Encuesta representativa del municipio con metodología y muestra; los datos por aglomerado no representan automáticamente cada partido.";https://www.ezeiza.gob.ar/datos_abiertos.php;2026-09-11
06274;Florencio Varela;Cuenta fiscal comparable;Incorporado;enero–junio 2026;;https://florenciovarela.gob.ar/informeseconomicos/;2026-09-11
06274;Florencio Varela;Presupuesto original 2026;Pendiente;2026;"Ordenanza de presupuesto 2026 aprobada y total de erogaciones; identificar los organismos incluidos.";https://florenciovarela.gob.ar/informeseconomicos/;2026-09-11
06274;Florencio Varela;Presupuesto vigente 2026;Incorporado;2026-06-30;;https://florenciovarela.gob.ar/informeseconomicos/;2026-09-11
06274;Florencio Varela;Saldo de tesorería;Pendiente;;Estado de tesorería conciliado: bancos, efectivo, valores y fondos afectados. El saldo total no equivale a caja libre.;https://florenciovarela.gob.ar/informeseconomicos/;2026-09-11
06274;Florencio Varela;Caja libre;Pendiente;;Caja de libre disponibilidad conciliada, descontando fondos afectados y obligaciones exigibles.;https://florenciovarela.gob.ar/informeseconomicos/;2026-09-11
06274;Florencio Varela;Stock de deuda municipal;Pendiente;;"Planilla de deuda consolidada y flotante, contratos, moneda y corte; separar pasivos contables y evitar sumarlos dos veces.";https://florenciovarela.gob.ar/informeseconomicos/;2026-09-11
06274;Florencio Varela;Calendario futuro de deuda;Pendiente;;"Planilla de vencimientos futuros de capital e intereses, por contrato y fecha; separar lo ya pagado del año.";https://florenciovarela.gob.ar/informeseconomicos/;2026-09-11
06274;Florencio Varela;Deuda con proveedores vencida;Pendiente;;Antigüedad y vencimiento de facturas pendientes, conciliados con la deuda flotante. Pendiente no significa vencida.;https://florenciovarela.gob.ar/informeseconomicos/;2026-09-11
06274;Florencio Varela;Flujos fiscales mensuales;Pendiente;;"Ingresos percibidos y gastos devengados por mes, sin acumulación; necesarios para ajustar cada flujo por IPC.";https://florenciovarela.gob.ar/informeseconomicos/;2026-09-11
06274;Florencio Varela;Cierres fiscales anuales 2021–2025;Sin serie anual incorporada;;"CAIF de cierre anual 2021–2025 con los mismos organismos; no anualizar semestres.";https://florenciovarela.gob.ar/informeseconomicos/;2026-09-11
06274;Florencio Varela;Transferencias provinciales;Incorporado;2025-01 a 2026-07;;https://florenciovarela.gob.ar/informeseconomicos/;2026-09-11
06274;Florencio Varela;Empleo y salarios privados formales;Incorporado;2019-01 a 2025-12;;https://florenciovarela.gob.ar/informeseconomicos/;2026-09-11
06274;Florencio Varela;Población y condiciones de vida;Incorporado;Censo 2022;;https://florenciovarela.gob.ar/informeseconomicos/;2026-09-11
06274;Florencio Varela;Producto municipal;Incorporado;"2021–2023; precios 2004";;https://florenciovarela.gob.ar/informeseconomicos/;2026-09-11
06274;Florencio Varela;Delitos registrados;Incorporado;2024–2025;;https://florenciovarela.gob.ar/informeseconomicos/;2026-09-11
06274;Florencio Varela;Deuda de personas;Incorporado;2026-07;;https://florenciovarela.gob.ar/informeseconomicos/;2026-09-11
06274;Florencio Varela;Préstamos y depósitos bancarios;Incorporado;2024-12;;https://florenciovarela.gob.ar/informeseconomicos/;2026-09-11
06274;Florencio Varela;Empleo industrial;Incorporado;2025-12;;https://florenciovarela.gob.ar/informeseconomicos/;2026-09-11
06274;Florencio Varela;Desempleo, informalidad y pobreza por ingresos;Sin serie comparable para 135;;"Encuesta representativa del municipio con metodología y muestra; los datos por aglomerado no representan automáticamente cada partido.";https://florenciovarela.gob.ar/informeseconomicos/;2026-09-11
06277;Florentino Ameghino;Cuenta fiscal comparable;Incorporado;enero–junio 2026;;https://ameghino.gob.ar/transparencia/;2026-09-11
06277;Florentino Ameghino;Presupuesto original 2026;Pendiente;2026;"Ordenanza de presupuesto 2026 aprobada y total de erogaciones; identificar los organismos incluidos.";https://ameghino.gob.ar/transparencia/;2026-09-11
06277;Florentino Ameghino;Presupuesto vigente 2026;Incorporado;2026-06-30;;https://ameghino.gob.ar/transparencia/;2026-09-11
06277;Florentino Ameghino;Saldo de tesorería;Pendiente;;Estado de tesorería conciliado: bancos, efectivo, valores y fondos afectados. El saldo total no equivale a caja libre.;https://ameghino.gob.ar/transparencia/;2026-09-11
06277;Florentino Ameghino;Caja libre;Pendiente;;Caja de libre disponibilidad conciliada, descontando fondos afectados y obligaciones exigibles.;https://ameghino.gob.ar/transparencia/;2026-09-11
06277;Florentino Ameghino;Stock de deuda municipal;Pendiente;;"Planilla de deuda consolidada y flotante, contratos, moneda y corte; separar pasivos contables y evitar sumarlos dos veces.";https://ameghino.gob.ar/transparencia/;2026-09-11
06277;Florentino Ameghino;Calendario futuro de deuda;Pendiente;;"Planilla de vencimientos futuros de capital e intereses, por contrato y fecha; separar lo ya pagado del año.";https://ameghino.gob.ar/transparencia/;2026-09-11
06277;Florentino Ameghino;Deuda con proveedores vencida;Pendiente;;Antigüedad y vencimiento de facturas pendientes, conciliados con la deuda flotante. Pendiente no significa vencida.;https://ameghino.gob.ar/transparencia/;2026-09-11
06277;Florentino Ameghino;Flujos fiscales mensuales;Pendiente;;"Ingresos percibidos y gastos devengados por mes, sin acumulación; necesarios para ajustar cada flujo por IPC.";https://ameghino.gob.ar/transparencia/;2026-09-11
06277;Florentino Ameghino;Cierres fiscales anuales 2021–2025;Sin serie anual incorporada;;"CAIF de cierre anual 2021–2025 con los mismos organismos; no anualizar semestres.";https://ameghino.gob.ar/transparencia/;2026-09-11
06277;Florentino Ameghino;Transferencias provinciales;Incorporado;2025-01 a 2026-07;;https://ameghino.gob.ar/transparencia/;2026-09-11
06277;Florentino Ameghino;Empleo y salarios privados formales;Incorporado;2019-01 a 2025-12;;https://ameghino.gob.ar/transparencia/;2026-09-11
06277;Florentino Ameghino;Población y condiciones de vida;Incorporado;Censo 2022;;https://ameghino.gob.ar/transparencia/;2026-09-11
06277;Florentino Ameghino;Producto municipal;Incorporado;"2021–2023; precios 2004";;https://ameghino.gob.ar/transparencia/;2026-09-11
06277;Florentino Ameghino;Delitos registrados;Incorporado;2024–2025;;https://ameghino.gob.ar/transparencia/;2026-09-11
06277;Florentino Ameghino;Deuda de personas;Incorporado;2026-07;;https://ameghino.gob.ar/transparencia/;2026-09-11
06277;Florentino Ameghino;Préstamos y depósitos bancarios;Incorporado;2024-12;;https://ameghino.gob.ar/transparencia/;2026-09-11
06277;Florentino Ameghino;Empleo industrial;Incorporado;2025-12;;https://ameghino.gob.ar/transparencia/;2026-09-11
06277;Florentino Ameghino;Desempleo, informalidad y pobreza por ingresos;Sin serie comparable para 135;;"Encuesta representativa del municipio con metodología y muestra; los datos por aglomerado no representan automáticamente cada partido.";https://ameghino.gob.ar/transparencia/;2026-09-11
06280;General Alvarado;Cuenta fiscal comparable;Incorporado;enero–junio 2026;;https://mga.gov.ar/situacion-economica-financiera/;2026-09-11
06280;General Alvarado;Presupuesto original 2026;Pendiente;2026;"Ordenanza de presupuesto 2026 aprobada y total de erogaciones; identificar los organismos incluidos.";https://mga.gov.ar/situacion-economica-financiera/;2026-09-11
06280;General Alvarado;Presupuesto vigente 2026;Incorporado;2026-06-30;;https://mga.gov.ar/situacion-economica-financiera/;2026-09-11
06280;General Alvarado;Saldo de tesorería;Pendiente;;Estado de tesorería conciliado: bancos, efectivo, valores y fondos afectados. El saldo total no equivale a caja libre.;https://mga.gov.ar/situacion-economica-financiera/;2026-09-11
06280;General Alvarado;Caja libre;Pendiente;;Caja de libre disponibilidad conciliada, descontando fondos afectados y obligaciones exigibles.;https://mga.gov.ar/situacion-economica-financiera/;2026-09-11
06280;General Alvarado;Stock de deuda municipal;Pendiente;;"Planilla de deuda consolidada y flotante, contratos, moneda y corte; separar pasivos contables y evitar sumarlos dos veces.";https://mga.gov.ar/situacion-economica-financiera/;2026-09-11
06280;General Alvarado;Calendario futuro de deuda;Pendiente;;"Planilla de vencimientos futuros de capital e intereses, por contrato y fecha; separar lo ya pagado del año.";https://mga.gov.ar/situacion-economica-financiera/;2026-09-11
06280;General Alvarado;Deuda con proveedores vencida;Pendiente;;Antigüedad y vencimiento de facturas pendientes, conciliados con la deuda flotante. Pendiente no significa vencida.;https://mga.gov.ar/situacion-economica-financiera/;2026-09-11
06280;General Alvarado;Flujos fiscales mensuales;Pendiente;;"Ingresos percibidos y gastos devengados por mes, sin acumulación; necesarios para ajustar cada flujo por IPC.";https://mga.gov.ar/situacion-economica-financiera/;2026-09-11
06280;General Alvarado;Cierres fiscales anuales 2021–2025;Sin serie anual incorporada;;"CAIF de cierre anual 2021–2025 con los mismos organismos; no anualizar semestres.";https://mga.gov.ar/situacion-economica-financiera/;2026-09-11
06280;General Alvarado;Transferencias provinciales;Incorporado;2025-01 a 2026-07;;https://mga.gov.ar/situacion-economica-financiera/;2026-09-11
06280;General Alvarado;Empleo y salarios privados formales;Incorporado;2019-01 a 2025-12;;https://mga.gov.ar/situacion-economica-financiera/;2026-09-11
06280;General Alvarado;Población y condiciones de vida;Incorporado;Censo 2022;;https://mga.gov.ar/situacion-economica-financiera/;2026-09-11
06280;General Alvarado;Producto municipal;Incorporado;"2021–2023; precios 2004";;https://mga.gov.ar/situacion-economica-financiera/;2026-09-11
06280;General Alvarado;Delitos registrados;Incorporado;2024–2025;;https://mga.gov.ar/situacion-economica-financiera/;2026-09-11
06280;General Alvarado;Deuda de personas;Incorporado;2026-07;;https://mga.gov.ar/situacion-economica-financiera/;2026-09-11
06280;General Alvarado;Préstamos y depósitos bancarios;Incorporado;2024-12;;https://mga.gov.ar/situacion-economica-financiera/;2026-09-11
06280;General Alvarado;Empleo industrial;Incorporado;2025-12;;https://mga.gov.ar/situacion-economica-financiera/;2026-09-11
06280;General Alvarado;Desempleo, informalidad y pobreza por ingresos;Sin serie comparable para 135;;"Encuesta representativa del municipio con metodología y muestra; los datos por aglomerado no representan automáticamente cada partido.";https://mga.gov.ar/situacion-economica-financiera/;2026-09-11
06287;General Alvear;Cuenta fiscal comparable;Incorporado;enero–junio 2026;;https://munialvear.gov.ar/transparencia/;2026-09-11
06287;General Alvear;Presupuesto original 2026;Pendiente;2026;"Ordenanza de presupuesto 2026 aprobada y total de erogaciones; identificar los organismos incluidos.";https://munialvear.gov.ar/transparencia/;2026-09-11
06287;General Alvear;Presupuesto vigente 2026;Incorporado;2026-06-30;;https://munialvear.gov.ar/transparencia/;2026-09-11
06287;General Alvear;Saldo de tesorería;Pendiente;;Estado de tesorería conciliado: bancos, efectivo, valores y fondos afectados. El saldo total no equivale a caja libre.;https://munialvear.gov.ar/transparencia/;2026-09-11
06287;General Alvear;Caja libre;Pendiente;;Caja de libre disponibilidad conciliada, descontando fondos afectados y obligaciones exigibles.;https://munialvear.gov.ar/transparencia/;2026-09-11
06287;General Alvear;Stock de deuda municipal;Pendiente;;"Planilla de deuda consolidada y flotante, contratos, moneda y corte; separar pasivos contables y evitar sumarlos dos veces.";https://munialvear.gov.ar/transparencia/;2026-09-11
06287;General Alvear;Calendario futuro de deuda;Pendiente;;"Planilla de vencimientos futuros de capital e intereses, por contrato y fecha; separar lo ya pagado del año.";https://munialvear.gov.ar/transparencia/;2026-09-11
06287;General Alvear;Deuda con proveedores vencida;Pendiente;;Antigüedad y vencimiento de facturas pendientes, conciliados con la deuda flotante. Pendiente no significa vencida.;https://munialvear.gov.ar/transparencia/;2026-09-11
06287;General Alvear;Flujos fiscales mensuales;Pendiente;;"Ingresos percibidos y gastos devengados por mes, sin acumulación; necesarios para ajustar cada flujo por IPC.";https://munialvear.gov.ar/transparencia/;2026-09-11
06287;General Alvear;Cierres fiscales anuales 2021–2025;Sin serie anual incorporada;;"CAIF de cierre anual 2021–2025 con los mismos organismos; no anualizar semestres.";https://munialvear.gov.ar/transparencia/;2026-09-11
06287;General Alvear;Transferencias provinciales;Incorporado;2025-01 a 2026-07;;https://munialvear.gov.ar/transparencia/;2026-09-11
06287;General Alvear;Empleo y salarios privados formales;Incorporado;2019-01 a 2025-12;;https://munialvear.gov.ar/transparencia/;2026-09-11
06287;General Alvear;Población y condiciones de vida;Incorporado;Censo 2022;;https://munialvear.gov.ar/transparencia/;2026-09-11
06287;General Alvear;Producto municipal;Incorporado;"2021–2023; precios 2004";;https://munialvear.gov.ar/transparencia/;2026-09-11
06287;General Alvear;Delitos registrados;Incorporado;2024–2025;;https://munialvear.gov.ar/transparencia/;2026-09-11
06287;General Alvear;Deuda de personas;Incorporado;2026-07;;https://munialvear.gov.ar/transparencia/;2026-09-11
06287;General Alvear;Préstamos y depósitos bancarios;Reservado o sin cifra de origen;2024-12;"Cifra publicada por localización BCRA/DPE; las reservas estadísticas no se completan con cero.";https://munialvear.gov.ar/transparencia/;2026-09-11
06287;General Alvear;Empleo industrial;Incorporado;2025-12;;https://munialvear.gov.ar/transparencia/;2026-09-11
06287;General Alvear;Desempleo, informalidad y pobreza por ingresos;Sin serie comparable para 135;;"Encuesta representativa del municipio con metodología y muestra; los datos por aglomerado no representan automáticamente cada partido.";https://munialvear.gov.ar/transparencia/;2026-09-11
06294;General Arenales;Cuenta fiscal comparable;Pendiente;enero–junio 2026;Cuenta ahorro-inversión-financiamiento (CAIF) enero–junio 2026, o ejecuciones por carácter económico conciliadas que excluyan financiamiento.;https://www.generalarenales.gob.ar/gobierno-abierto/;2026-09-11
06294;General Arenales;Presupuesto original 2026;Pendiente;;"Ordenanza de presupuesto 2026 aprobada y total de erogaciones; identificar los organismos incluidos.";https://www.generalarenales.gob.ar/gobierno-abierto/;2026-09-11
06294;General Arenales;Presupuesto vigente 2026;Pendiente;;Crédito anual vigente 2026 y modificaciones, con fecha de corte y saldo inicial anual.;https://www.generalarenales.gob.ar/gobierno-abierto/;2026-09-11
06294;General Arenales;Saldo de tesorería;Pendiente;;Estado de tesorería conciliado: bancos, efectivo, valores y fondos afectados. El saldo total no equivale a caja libre.;https://www.generalarenales.gob.ar/gobierno-abierto/;2026-09-11
06294;General Arenales;Caja libre;Pendiente;;Caja de libre disponibilidad conciliada, descontando fondos afectados y obligaciones exigibles.;https://www.generalarenales.gob.ar/gobierno-abierto/;2026-09-11
06294;General Arenales;Stock de deuda municipal;Pendiente;;"Planilla de deuda consolidada y flotante, contratos, moneda y corte; separar pasivos contables y evitar sumarlos dos veces.";https://www.generalarenales.gob.ar/gobierno-abierto/;2026-09-11
06294;General Arenales;Calendario futuro de deuda;Pendiente;;"Planilla de vencimientos futuros de capital e intereses, por contrato y fecha; separar lo ya pagado del año.";https://www.generalarenales.gob.ar/gobierno-abierto/;2026-09-11
06294;General Arenales;Deuda con proveedores vencida;Pendiente;;Antigüedad y vencimiento de facturas pendientes, conciliados con la deuda flotante. Pendiente no significa vencida.;https://www.generalarenales.gob.ar/gobierno-abierto/;2026-09-11
06294;General Arenales;Flujos fiscales mensuales;Pendiente;;"Ingresos percibidos y gastos devengados por mes, sin acumulación; necesarios para ajustar cada flujo por IPC.";https://www.generalarenales.gob.ar/gobierno-abierto/;2026-09-11
06294;General Arenales;Cierres fiscales anuales 2021–2025;Sin serie anual incorporada;;"CAIF de cierre anual 2021–2025 con los mismos organismos; no anualizar semestres.";https://www.generalarenales.gob.ar/gobierno-abierto/;2026-09-11
06294;General Arenales;Transferencias provinciales;Incorporado;2025-01 a 2026-07;;https://www.generalarenales.gob.ar/gobierno-abierto/;2026-09-11
06294;General Arenales;Empleo y salarios privados formales;Incorporado;2019-01 a 2025-12;;https://www.generalarenales.gob.ar/gobierno-abierto/;2026-09-11
06294;General Arenales;Población y condiciones de vida;Incorporado;Censo 2022;;https://www.generalarenales.gob.ar/gobierno-abierto/;2026-09-11
06294;General Arenales;Producto municipal;Incorporado;"2021–2023; precios 2004";;https://www.generalarenales.gob.ar/gobierno-abierto/;2026-09-11
06294;General Arenales;Delitos registrados;Incorporado;2024–2025;;https://www.generalarenales.gob.ar/gobierno-abierto/;2026-09-11
06294;General Arenales;Deuda de personas;Incorporado;2026-07;;https://www.generalarenales.gob.ar/gobierno-abierto/;2026-09-11
06294;General Arenales;Préstamos y depósitos bancarios;Incorporado;2024-12;;https://www.generalarenales.gob.ar/gobierno-abierto/;2026-09-11
06294;General Arenales;Empleo industrial;Incorporado;2025-12;;https://www.generalarenales.gob.ar/gobierno-abierto/;2026-09-11
06294;General Arenales;Desempleo, informalidad y pobreza por ingresos;Sin serie comparable para 135;;"Encuesta representativa del municipio con metodología y muestra; los datos por aglomerado no representan automáticamente cada partido.";https://www.generalarenales.gob.ar/gobierno-abierto/;2026-09-11
06301;General Belgrano;Cuenta fiscal comparable;Incorporado;enero–junio 2026;;https://gestion.generalbelgrano.gob.ar/;2026-09-11
06301;General Belgrano;Presupuesto original 2026;Pendiente;2026;"Ordenanza de presupuesto 2026 aprobada y total de erogaciones; identificar los organismos incluidos.";https://gestion.generalbelgrano.gob.ar/;2026-09-11
06301;General Belgrano;Presupuesto vigente 2026;Incorporado;2026-06-30;;https://gestion.generalbelgrano.gob.ar/;2026-09-11
06301;General Belgrano;Saldo de tesorería;Pendiente;;Estado de tesorería conciliado: bancos, efectivo, valores y fondos afectados. El saldo total no equivale a caja libre.;https://gestion.generalbelgrano.gob.ar/;2026-09-11
06301;General Belgrano;Caja libre;Pendiente;;Caja de libre disponibilidad conciliada, descontando fondos afectados y obligaciones exigibles.;https://gestion.generalbelgrano.gob.ar/;2026-09-11
06301;General Belgrano;Stock de deuda municipal;Pendiente;;"Planilla de deuda consolidada y flotante, contratos, moneda y corte; separar pasivos contables y evitar sumarlos dos veces.";https://gestion.generalbelgrano.gob.ar/;2026-09-11
06301;General Belgrano;Calendario futuro de deuda;Pendiente;;"Planilla de vencimientos futuros de capital e intereses, por contrato y fecha; separar lo ya pagado del año.";https://gestion.generalbelgrano.gob.ar/;2026-09-11
06301;General Belgrano;Deuda con proveedores vencida;Pendiente;;Antigüedad y vencimiento de facturas pendientes, conciliados con la deuda flotante. Pendiente no significa vencida.;https://gestion.generalbelgrano.gob.ar/;2026-09-11
06301;General Belgrano;Flujos fiscales mensuales;Pendiente;;"Ingresos percibidos y gastos devengados por mes, sin acumulación; necesarios para ajustar cada flujo por IPC.";https://gestion.generalbelgrano.gob.ar/;2026-09-11
06301;General Belgrano;Cierres fiscales anuales 2021–2025;Sin serie anual incorporada;;"CAIF de cierre anual 2021–2025 con los mismos organismos; no anualizar semestres.";https://gestion.generalbelgrano.gob.ar/;2026-09-11
06301;General Belgrano;Transferencias provinciales;Incorporado;2025-01 a 2026-07;;https://gestion.generalbelgrano.gob.ar/;2026-09-11
06301;General Belgrano;Empleo y salarios privados formales;Incorporado;2019-01 a 2025-12;;https://gestion.generalbelgrano.gob.ar/;2026-09-11
06301;General Belgrano;Población y condiciones de vida;Incorporado;Censo 2022;;https://gestion.generalbelgrano.gob.ar/;2026-09-11
06301;General Belgrano;Producto municipal;Incorporado;"2021–2023; precios 2004";;https://gestion.generalbelgrano.gob.ar/;2026-09-11
06301;General Belgrano;Delitos registrados;Incorporado;2024–2025;;https://gestion.generalbelgrano.gob.ar/;2026-09-11
06301;General Belgrano;Deuda de personas;Incorporado;2026-07;;https://gestion.generalbelgrano.gob.ar/;2026-09-11
06301;General Belgrano;Préstamos y depósitos bancarios;Incorporado;2024-12;;https://gestion.generalbelgrano.gob.ar/;2026-09-11
06301;General Belgrano;Empleo industrial;Incorporado;2025-12;;https://gestion.generalbelgrano.gob.ar/;2026-09-11
06301;General Belgrano;Desempleo, informalidad y pobreza por ingresos;Sin serie comparable para 135;;"Encuesta representativa del municipio con metodología y muestra; los datos por aglomerado no representan automáticamente cada partido.";https://gestion.generalbelgrano.gob.ar/;2026-09-11
06308;General Guido;Cuenta fiscal comparable;Incorporado;enero–junio 2026;;https://www.generalguido.gob.ar/?q=publicaciones;2026-09-11
06308;General Guido;Presupuesto original 2026;Pendiente;2026;"Ordenanza de presupuesto 2026 aprobada y total de erogaciones; identificar los organismos incluidos.";https://www.generalguido.gob.ar/?q=publicaciones;2026-09-11
06308;General Guido;Presupuesto vigente 2026;Incorporado;2026-03-31;;https://www.generalguido.gob.ar/?q=publicaciones;2026-09-11
06308;General Guido;Saldo de tesorería;Pendiente;;Estado de tesorería conciliado: bancos, efectivo, valores y fondos afectados. El saldo total no equivale a caja libre.;https://www.generalguido.gob.ar/?q=publicaciones;2026-09-11
06308;General Guido;Caja libre;Pendiente;;Caja de libre disponibilidad conciliada, descontando fondos afectados y obligaciones exigibles.;https://www.generalguido.gob.ar/?q=publicaciones;2026-09-11
06308;General Guido;Stock de deuda municipal;Pendiente;;"Planilla de deuda consolidada y flotante, contratos, moneda y corte; separar pasivos contables y evitar sumarlos dos veces.";https://www.generalguido.gob.ar/?q=publicaciones;2026-09-11
06308;General Guido;Calendario futuro de deuda;Pendiente;;"Planilla de vencimientos futuros de capital e intereses, por contrato y fecha; separar lo ya pagado del año.";https://www.generalguido.gob.ar/?q=publicaciones;2026-09-11
06308;General Guido;Deuda con proveedores vencida;Pendiente;;Antigüedad y vencimiento de facturas pendientes, conciliados con la deuda flotante. Pendiente no significa vencida.;https://www.generalguido.gob.ar/?q=publicaciones;2026-09-11
06308;General Guido;Flujos fiscales mensuales;Pendiente;;"Ingresos percibidos y gastos devengados por mes, sin acumulación; necesarios para ajustar cada flujo por IPC.";https://www.generalguido.gob.ar/?q=publicaciones;2026-09-11
06308;General Guido;Cierres fiscales anuales 2021–2025;Sin serie anual incorporada;;"CAIF de cierre anual 2021–2025 con los mismos organismos; no anualizar semestres.";https://www.generalguido.gob.ar/?q=publicaciones;2026-09-11
06308;General Guido;Transferencias provinciales;Incorporado;2025-01 a 2026-07;;https://www.generalguido.gob.ar/?q=publicaciones;2026-09-11
06308;General Guido;Empleo y salarios privados formales;Incorporado;2019-01 a 2025-12;;https://www.generalguido.gob.ar/?q=publicaciones;2026-09-11
06308;General Guido;Población y condiciones de vida;Incorporado;Censo 2022;;https://www.generalguido.gob.ar/?q=publicaciones;2026-09-11
06308;General Guido;Producto municipal;Incorporado;"2021–2023; precios 2004";;https://www.generalguido.gob.ar/?q=publicaciones;2026-09-11
06308;General Guido;Delitos registrados;Incorporado;2024–2025;;https://www.generalguido.gob.ar/?q=publicaciones;2026-09-11
06308;General Guido;Deuda de personas;Incorporado;2026-07;;https://www.generalguido.gob.ar/?q=publicaciones;2026-09-11
06308;General Guido;Préstamos y depósitos bancarios;Reservado o sin cifra de origen;2024-12;"Cifra publicada por localización BCRA/DPE; las reservas estadísticas no se completan con cero.";https://www.generalguido.gob.ar/?q=publicaciones;2026-09-11
06308;General Guido;Empleo industrial;Reservado o sin cifra de origen;2025-12;Dato sectorial OEDE publicado. No reconstruir celdas reservadas por diferencia.;https://www.generalguido.gob.ar/?q=publicaciones;2026-09-11
06308;General Guido;Desempleo, informalidad y pobreza por ingresos;Sin serie comparable para 135;;"Encuesta representativa del municipio con metodología y muestra; los datos por aglomerado no representan automáticamente cada partido.";https://www.generalguido.gob.ar/?q=publicaciones;2026-09-11
06315;General Juan Madariaga;Cuenta fiscal comparable;Incorporado;enero–junio 2026;;https://www.madariaga.gob.ar/areas/hacienda;2026-09-11
06315;General Juan Madariaga;Presupuesto original 2026;Pendiente;2026;"Ordenanza de presupuesto 2026 aprobada y total de erogaciones; identificar los organismos incluidos.";https://www.madariaga.gob.ar/areas/hacienda;2026-09-11
06315;General Juan Madariaga;Presupuesto vigente 2026;Incorporado;2026-06-30;;https://www.madariaga.gob.ar/areas/hacienda;2026-09-11
06315;General Juan Madariaga;Saldo de tesorería;Pendiente;;Estado de tesorería conciliado: bancos, efectivo, valores y fondos afectados. El saldo total no equivale a caja libre.;https://www.madariaga.gob.ar/areas/hacienda;2026-09-11
06315;General Juan Madariaga;Caja libre;Pendiente;;Caja de libre disponibilidad conciliada, descontando fondos afectados y obligaciones exigibles.;https://www.madariaga.gob.ar/areas/hacienda;2026-09-11
06315;General Juan Madariaga;Stock de deuda municipal;Pendiente;;"Planilla de deuda consolidada y flotante, contratos, moneda y corte; separar pasivos contables y evitar sumarlos dos veces.";https://www.madariaga.gob.ar/areas/hacienda;2026-09-11
06315;General Juan Madariaga;Calendario futuro de deuda;Pendiente;;"Planilla de vencimientos futuros de capital e intereses, por contrato y fecha; separar lo ya pagado del año.";https://www.madariaga.gob.ar/areas/hacienda;2026-09-11
06315;General Juan Madariaga;Deuda con proveedores vencida;Pendiente;;Antigüedad y vencimiento de facturas pendientes, conciliados con la deuda flotante. Pendiente no significa vencida.;https://www.madariaga.gob.ar/areas/hacienda;2026-09-11
06315;General Juan Madariaga;Flujos fiscales mensuales;Pendiente;;"Ingresos percibidos y gastos devengados por mes, sin acumulación; necesarios para ajustar cada flujo por IPC.";https://www.madariaga.gob.ar/areas/hacienda;2026-09-11
06315;General Juan Madariaga;Cierres fiscales anuales 2021–2025;Sin serie anual incorporada;;"CAIF de cierre anual 2021–2025 con los mismos organismos; no anualizar semestres.";https://www.madariaga.gob.ar/areas/hacienda;2026-09-11
06315;General Juan Madariaga;Transferencias provinciales;Incorporado;2025-01 a 2026-07;;https://www.madariaga.gob.ar/areas/hacienda;2026-09-11
06315;General Juan Madariaga;Empleo y salarios privados formales;Incorporado;2019-01 a 2025-12;;https://www.madariaga.gob.ar/areas/hacienda;2026-09-11
06315;General Juan Madariaga;Población y condiciones de vida;Incorporado;Censo 2022;;https://www.madariaga.gob.ar/areas/hacienda;2026-09-11
06315;General Juan Madariaga;Producto municipal;Incorporado;"2021–2023; precios 2004";;https://www.madariaga.gob.ar/areas/hacienda;2026-09-11
06315;General Juan Madariaga;Delitos registrados;Incorporado;2024–2025;;https://www.madariaga.gob.ar/areas/hacienda;2026-09-11
06315;General Juan Madariaga;Deuda de personas;Incorporado;2026-07;;https://www.madariaga.gob.ar/areas/hacienda;2026-09-11
06315;General Juan Madariaga;Préstamos y depósitos bancarios;Reservado o sin cifra de origen;2024-12;"Cifra publicada por localización BCRA/DPE; las reservas estadísticas no se completan con cero.";https://www.madariaga.gob.ar/areas/hacienda;2026-09-11
06315;General Juan Madariaga;Empleo industrial;Incorporado;2025-12;;https://www.madariaga.gob.ar/areas/hacienda;2026-09-11
06315;General Juan Madariaga;Desempleo, informalidad y pobreza por ingresos;Sin serie comparable para 135;;"Encuesta representativa del municipio con metodología y muestra; los datos por aglomerado no representan automáticamente cada partido.";https://www.madariaga.gob.ar/areas/hacienda;2026-09-11
06322;General La Madrid;Cuenta fiscal comparable;Incorporado;enero–junio 2026;;https://www.lamadrid.gob.ar/transparencia/;2026-09-11
06322;General La Madrid;Presupuesto original 2026;Pendiente;2026;"Ordenanza de presupuesto 2026 aprobada y total de erogaciones; identificar los organismos incluidos.";https://www.lamadrid.gob.ar/transparencia/;2026-09-11
06322;General La Madrid;Presupuesto vigente 2026;Incorporado;2026-06-30;;https://www.lamadrid.gob.ar/transparencia/;2026-09-11
06322;General La Madrid;Saldo de tesorería;Pendiente;;Estado de tesorería conciliado: bancos, efectivo, valores y fondos afectados. El saldo total no equivale a caja libre.;https://www.lamadrid.gob.ar/transparencia/;2026-09-11
06322;General La Madrid;Caja libre;Pendiente;;Caja de libre disponibilidad conciliada, descontando fondos afectados y obligaciones exigibles.;https://www.lamadrid.gob.ar/transparencia/;2026-09-11
06322;General La Madrid;Stock de deuda municipal;Pendiente;;"Planilla de deuda consolidada y flotante, contratos, moneda y corte; separar pasivos contables y evitar sumarlos dos veces.";https://www.lamadrid.gob.ar/transparencia/;2026-09-11
06322;General La Madrid;Calendario futuro de deuda;Pendiente;;"Planilla de vencimientos futuros de capital e intereses, por contrato y fecha; separar lo ya pagado del año.";https://www.lamadrid.gob.ar/transparencia/;2026-09-11
06322;General La Madrid;Deuda con proveedores vencida;Pendiente;;Antigüedad y vencimiento de facturas pendientes, conciliados con la deuda flotante. Pendiente no significa vencida.;https://www.lamadrid.gob.ar/transparencia/;2026-09-11
06322;General La Madrid;Flujos fiscales mensuales;Pendiente;;"Ingresos percibidos y gastos devengados por mes, sin acumulación; necesarios para ajustar cada flujo por IPC.";https://www.lamadrid.gob.ar/transparencia/;2026-09-11
06322;General La Madrid;Cierres fiscales anuales 2021–2025;Sin serie anual incorporada;;"CAIF de cierre anual 2021–2025 con los mismos organismos; no anualizar semestres.";https://www.lamadrid.gob.ar/transparencia/;2026-09-11
06322;General La Madrid;Transferencias provinciales;Incorporado;2025-01 a 2026-07;;https://www.lamadrid.gob.ar/transparencia/;2026-09-11
06322;General La Madrid;Empleo y salarios privados formales;Incorporado;2019-01 a 2025-12;;https://www.lamadrid.gob.ar/transparencia/;2026-09-11
06322;General La Madrid;Población y condiciones de vida;Incorporado;Censo 2022;;https://www.lamadrid.gob.ar/transparencia/;2026-09-11
06322;General La Madrid;Producto municipal;Incorporado;"2021–2023; precios 2004";;https://www.lamadrid.gob.ar/transparencia/;2026-09-11
06322;General La Madrid;Delitos registrados;Incorporado;2024–2025;;https://www.lamadrid.gob.ar/transparencia/;2026-09-11
06322;General La Madrid;Deuda de personas;Incorporado;2026-07;;https://www.lamadrid.gob.ar/transparencia/;2026-09-11
06322;General La Madrid;Préstamos y depósitos bancarios;Incorporado;2024-12;;https://www.lamadrid.gob.ar/transparencia/;2026-09-11
06322;General La Madrid;Empleo industrial;Incorporado;2025-12;;https://www.lamadrid.gob.ar/transparencia/;2026-09-11
06322;General La Madrid;Desempleo, informalidad y pobreza por ingresos;Sin serie comparable para 135;;"Encuesta representativa del municipio con metodología y muestra; los datos por aglomerado no representan automáticamente cada partido.";https://www.lamadrid.gob.ar/transparencia/;2026-09-11
06329;General Las Heras;Cuenta fiscal comparable;Incorporado;enero–junio 2026;;https://gobiernodelasheras.com/documentos/2026/situacion-economico-financiera-primer-semestre-2026/;2026-09-11
06329;General Las Heras;Presupuesto original 2026;Pendiente;2026;"Ordenanza de presupuesto 2026 aprobada y total de erogaciones; identificar los organismos incluidos.";https://gobiernodelasheras.com/documentos/2026/situacion-economico-financiera-primer-semestre-2026/;2026-09-11
06329;General Las Heras;Presupuesto vigente 2026;Incorporado;2026-06-30;;https://gobiernodelasheras.com/documentos/2026/situacion-economico-financiera-primer-semestre-2026/;2026-09-11
06329;General Las Heras;Saldo de tesorería;Incorporado;2026-06-30;;https://gobiernodelasheras.com/documentos/2026/situacion-economico-financiera-primer-semestre-2026/;2026-09-11
06329;General Las Heras;Caja libre;Pendiente;;Caja de libre disponibilidad conciliada, descontando fondos afectados y obligaciones exigibles.;https://gobiernodelasheras.com/documentos/2026/situacion-economico-financiera-primer-semestre-2026/;2026-09-11
06329;General Las Heras;Stock de deuda municipal;Pendiente;;"Planilla de deuda consolidada y flotante, contratos, moneda y corte; separar pasivos contables y evitar sumarlos dos veces.";https://gobiernodelasheras.com/documentos/2026/situacion-economico-financiera-primer-semestre-2026/;2026-09-11
06329;General Las Heras;Calendario futuro de deuda;Pendiente;;"Planilla de vencimientos futuros de capital e intereses, por contrato y fecha; separar lo ya pagado del año.";https://gobiernodelasheras.com/documentos/2026/situacion-economico-financiera-primer-semestre-2026/;2026-09-11
06329;General Las Heras;Deuda con proveedores vencida;Pendiente;;Antigüedad y vencimiento de facturas pendientes, conciliados con la deuda flotante. Pendiente no significa vencida.;https://gobiernodelasheras.com/documentos/2026/situacion-economico-financiera-primer-semestre-2026/;2026-09-11
06329;General Las Heras;Flujos fiscales mensuales;Pendiente;;"Ingresos percibidos y gastos devengados por mes, sin acumulación; necesarios para ajustar cada flujo por IPC.";https://gobiernodelasheras.com/documentos/2026/situacion-economico-financiera-primer-semestre-2026/;2026-09-11
06329;General Las Heras;Cierres fiscales anuales 2021–2025;Historia parcial;2021, 2022, 2024, 2025;"CAIF de cierre anual 2021–2025 con los mismos organismos; no anualizar semestres.";https://gobiernodelasheras.com/documentos/2026/situacion-economico-financiera-primer-semestre-2026/;2026-09-11
06329;General Las Heras;Transferencias provinciales;Incorporado;2025-01 a 2026-07;;https://gobiernodelasheras.com/documentos/2026/situacion-economico-financiera-primer-semestre-2026/;2026-09-11
06329;General Las Heras;Empleo y salarios privados formales;Incorporado;2019-01 a 2025-12;;https://gobiernodelasheras.com/documentos/2026/situacion-economico-financiera-primer-semestre-2026/;2026-09-11
06329;General Las Heras;Población y condiciones de vida;Incorporado;Censo 2022;;https://gobiernodelasheras.com/documentos/2026/situacion-economico-financiera-primer-semestre-2026/;2026-09-11
06329;General Las Heras;Producto municipal;Incorporado;"2021–2023; precios 2004";;https://gobiernodelasheras.com/documentos/2026/situacion-economico-financiera-primer-semestre-2026/;2026-09-11
06329;General Las Heras;Delitos registrados;Incorporado;2024–2025;;https://gobiernodelasheras.com/documentos/2026/situacion-economico-financiera-primer-semestre-2026/;2026-09-11
06329;General Las Heras;Deuda de personas;Incorporado;2026-07;;https://gobiernodelasheras.com/documentos/2026/situacion-economico-financiera-primer-semestre-2026/;2026-09-11
06329;General Las Heras;Préstamos y depósitos bancarios;Reservado o sin cifra de origen;2024-12;"Cifra publicada por localización BCRA/DPE; las reservas estadísticas no se completan con cero.";https://gobiernodelasheras.com/documentos/2026/situacion-economico-financiera-primer-semestre-2026/;2026-09-11
06329;General Las Heras;Empleo industrial;Incorporado;2025-12;;https://gobiernodelasheras.com/documentos/2026/situacion-economico-financiera-primer-semestre-2026/;2026-09-11
06329;General Las Heras;Desempleo, informalidad y pobreza por ingresos;Sin serie comparable para 135;;"Encuesta representativa del municipio con metodología y muestra; los datos por aglomerado no representan automáticamente cada partido.";https://gobiernodelasheras.com/documentos/2026/situacion-economico-financiera-primer-semestre-2026/;2026-09-11
06336;General Lavalle;Cuenta fiscal comparable;Incorporado;enero–junio 2026;;https://www.generallavalle.gob.ar/estado-transparente/5;2026-09-11
06336;General Lavalle;Presupuesto original 2026;Pendiente;2026;"Ordenanza de presupuesto 2026 aprobada y total de erogaciones; identificar los organismos incluidos.";https://www.generallavalle.gob.ar/estado-transparente/5;2026-09-11
06336;General Lavalle;Presupuesto vigente 2026;Incorporado;2026-06-30;;https://www.generallavalle.gob.ar/estado-transparente/5;2026-09-11
06336;General Lavalle;Saldo de tesorería;Pendiente;;Estado de tesorería conciliado: bancos, efectivo, valores y fondos afectados. El saldo total no equivale a caja libre.;https://www.generallavalle.gob.ar/estado-transparente/5;2026-09-11
06336;General Lavalle;Caja libre;Pendiente;;Caja de libre disponibilidad conciliada, descontando fondos afectados y obligaciones exigibles.;https://www.generallavalle.gob.ar/estado-transparente/5;2026-09-11
06336;General Lavalle;Stock de deuda municipal;Pendiente;;"Planilla de deuda consolidada y flotante, contratos, moneda y corte; separar pasivos contables y evitar sumarlos dos veces.";https://www.generallavalle.gob.ar/estado-transparente/5;2026-09-11
06336;General Lavalle;Calendario futuro de deuda;Pendiente;;"Planilla de vencimientos futuros de capital e intereses, por contrato y fecha; separar lo ya pagado del año.";https://www.generallavalle.gob.ar/estado-transparente/5;2026-09-11
06336;General Lavalle;Deuda con proveedores vencida;Pendiente;;Antigüedad y vencimiento de facturas pendientes, conciliados con la deuda flotante. Pendiente no significa vencida.;https://www.generallavalle.gob.ar/estado-transparente/5;2026-09-11
06336;General Lavalle;Flujos fiscales mensuales;Pendiente;;"Ingresos percibidos y gastos devengados por mes, sin acumulación; necesarios para ajustar cada flujo por IPC.";https://www.generallavalle.gob.ar/estado-transparente/5;2026-09-11
06336;General Lavalle;Cierres fiscales anuales 2021–2025;Sin serie anual incorporada;;"CAIF de cierre anual 2021–2025 con los mismos organismos; no anualizar semestres.";https://www.generallavalle.gob.ar/estado-transparente/5;2026-09-11
06336;General Lavalle;Transferencias provinciales;Incorporado;2025-01 a 2026-07;;https://www.generallavalle.gob.ar/estado-transparente/5;2026-09-11
06336;General Lavalle;Empleo y salarios privados formales;Incorporado;2019-01 a 2025-12;;https://www.generallavalle.gob.ar/estado-transparente/5;2026-09-11
06336;General Lavalle;Población y condiciones de vida;Incorporado;Censo 2022;;https://www.generallavalle.gob.ar/estado-transparente/5;2026-09-11
06336;General Lavalle;Producto municipal;Incorporado;"2021–2023; precios 2004";;https://www.generallavalle.gob.ar/estado-transparente/5;2026-09-11
06336;General Lavalle;Delitos registrados;Incorporado;2024–2025;;https://www.generallavalle.gob.ar/estado-transparente/5;2026-09-11
06336;General Lavalle;Deuda de personas;Incorporado;2026-07;;https://www.generallavalle.gob.ar/estado-transparente/5;2026-09-11
06336;General Lavalle;Préstamos y depósitos bancarios;Reservado o sin cifra de origen;2024-12;"Cifra publicada por localización BCRA/DPE; las reservas estadísticas no se completan con cero.";https://www.generallavalle.gob.ar/estado-transparente/5;2026-09-11
06336;General Lavalle;Empleo industrial;Incorporado;2025-12;;https://www.generallavalle.gob.ar/estado-transparente/5;2026-09-11
06336;General Lavalle;Desempleo, informalidad y pobreza por ingresos;Sin serie comparable para 135;;"Encuesta representativa del municipio con metodología y muestra; los datos por aglomerado no representan automáticamente cada partido.";https://www.generallavalle.gob.ar/estado-transparente/5;2026-09-11
06343;General Paz;Cuenta fiscal comparable;Pendiente;enero–junio 2026;Cuenta ahorro-inversión-financiamiento (CAIF) enero–junio 2026, o ejecuciones por carácter económico conciliadas que excluyan financiamiento.;http://generalpaz.gob.ar/;2026-09-11
06343;General Paz;Presupuesto original 2026;Incorporado;2026;;http://generalpaz.gob.ar/;2026-09-11
06343;General Paz;Presupuesto vigente 2026;Pendiente;2025-12-01;Crédito anual vigente 2026 y modificaciones, con fecha de corte y saldo inicial anual.;http://generalpaz.gob.ar/;2026-09-11
06343;General Paz;Saldo de tesorería;Pendiente;;Estado de tesorería conciliado: bancos, efectivo, valores y fondos afectados. El saldo total no equivale a caja libre.;http://generalpaz.gob.ar/;2026-09-11
06343;General Paz;Caja libre;Pendiente;;Caja de libre disponibilidad conciliada, descontando fondos afectados y obligaciones exigibles.;http://generalpaz.gob.ar/;2026-09-11
06343;General Paz;Stock de deuda municipal;Pendiente;;"Planilla de deuda consolidada y flotante, contratos, moneda y corte; separar pasivos contables y evitar sumarlos dos veces.";http://generalpaz.gob.ar/;2026-09-11
06343;General Paz;Calendario futuro de deuda;Pendiente;;"Planilla de vencimientos futuros de capital e intereses, por contrato y fecha; separar lo ya pagado del año.";http://generalpaz.gob.ar/;2026-09-11
06343;General Paz;Deuda con proveedores vencida;Pendiente;;Antigüedad y vencimiento de facturas pendientes, conciliados con la deuda flotante. Pendiente no significa vencida.;http://generalpaz.gob.ar/;2026-09-11
06343;General Paz;Flujos fiscales mensuales;Pendiente;;"Ingresos percibidos y gastos devengados por mes, sin acumulación; necesarios para ajustar cada flujo por IPC.";http://generalpaz.gob.ar/;2026-09-11
06343;General Paz;Cierres fiscales anuales 2021–2025;Sin serie anual incorporada;;"CAIF de cierre anual 2021–2025 con los mismos organismos; no anualizar semestres.";http://generalpaz.gob.ar/;2026-09-11
06343;General Paz;Transferencias provinciales;Incorporado;2025-01 a 2026-07;;http://generalpaz.gob.ar/;2026-09-11
06343;General Paz;Empleo y salarios privados formales;Incorporado;2019-01 a 2025-12;;http://generalpaz.gob.ar/;2026-09-11
06343;General Paz;Población y condiciones de vida;Incorporado;Censo 2022;;http://generalpaz.gob.ar/;2026-09-11
06343;General Paz;Producto municipal;Incorporado;"2021–2023; precios 2004";;http://generalpaz.gob.ar/;2026-09-11
06343;General Paz;Delitos registrados;Incorporado;2024–2025;;http://generalpaz.gob.ar/;2026-09-11
06343;General Paz;Deuda de personas;Incorporado;2026-07;;http://generalpaz.gob.ar/;2026-09-11
06343;General Paz;Préstamos y depósitos bancarios;Reservado o sin cifra de origen;2024-12;"Cifra publicada por localización BCRA/DPE; las reservas estadísticas no se completan con cero.";http://generalpaz.gob.ar/;2026-09-11
06343;General Paz;Empleo industrial;Incorporado;2025-12;;http://generalpaz.gob.ar/;2026-09-11
06343;General Paz;Desempleo, informalidad y pobreza por ingresos;Sin serie comparable para 135;;"Encuesta representativa del municipio con metodología y muestra; los datos por aglomerado no representan automáticamente cada partido.";http://generalpaz.gob.ar/;2026-09-11
06351;General Pinto;Cuenta fiscal comparable;Pendiente;enero–junio 2026;Cuenta ahorro-inversión-financiamiento (CAIF) enero–junio 2026, o ejecuciones por carácter económico conciliadas que excluyan financiamiento.;http://www.pinto.gob.ar/;2026-09-11
06351;General Pinto;Presupuesto original 2026;Incorporado;2026;;http://www.pinto.gob.ar/;2026-09-11
06351;General Pinto;Presupuesto vigente 2026;Incorporado;2026-03-31;;http://www.pinto.gob.ar/;2026-09-11
06351;General Pinto;Saldo de tesorería;Pendiente;;Estado de tesorería conciliado: bancos, efectivo, valores y fondos afectados. El saldo total no equivale a caja libre.;http://www.pinto.gob.ar/;2026-09-11
06351;General Pinto;Caja libre;Pendiente;;Caja de libre disponibilidad conciliada, descontando fondos afectados y obligaciones exigibles.;http://www.pinto.gob.ar/;2026-09-11
06351;General Pinto;Stock de deuda municipal;Pendiente;;"Planilla de deuda consolidada y flotante, contratos, moneda y corte; separar pasivos contables y evitar sumarlos dos veces.";http://www.pinto.gob.ar/;2026-09-11
06351;General Pinto;Calendario futuro de deuda;Pendiente;;"Planilla de vencimientos futuros de capital e intereses, por contrato y fecha; separar lo ya pagado del año.";http://www.pinto.gob.ar/;2026-09-11
06351;General Pinto;Deuda con proveedores vencida;Pendiente;;Antigüedad y vencimiento de facturas pendientes, conciliados con la deuda flotante. Pendiente no significa vencida.;http://www.pinto.gob.ar/;2026-09-11
06351;General Pinto;Flujos fiscales mensuales;Pendiente;;"Ingresos percibidos y gastos devengados por mes, sin acumulación; necesarios para ajustar cada flujo por IPC.";http://www.pinto.gob.ar/;2026-09-11
06351;General Pinto;Cierres fiscales anuales 2021–2025;Sin serie anual incorporada;;"CAIF de cierre anual 2021–2025 con los mismos organismos; no anualizar semestres.";http://www.pinto.gob.ar/;2026-09-11
06351;General Pinto;Transferencias provinciales;Incorporado;2025-01 a 2026-07;;http://www.pinto.gob.ar/;2026-09-11
06351;General Pinto;Empleo y salarios privados formales;Incorporado;2019-01 a 2025-12;;http://www.pinto.gob.ar/;2026-09-11
06351;General Pinto;Población y condiciones de vida;Incorporado;Censo 2022;;http://www.pinto.gob.ar/;2026-09-11
06351;General Pinto;Producto municipal;Incorporado;"2021–2023; precios 2004";;http://www.pinto.gob.ar/;2026-09-11
06351;General Pinto;Delitos registrados;Incorporado;2024–2025;;http://www.pinto.gob.ar/;2026-09-11
06351;General Pinto;Deuda de personas;Incorporado;2026-07;;http://www.pinto.gob.ar/;2026-09-11
06351;General Pinto;Préstamos y depósitos bancarios;Reservado o sin cifra de origen;2024-12;"Cifra publicada por localización BCRA/DPE; las reservas estadísticas no se completan con cero.";http://www.pinto.gob.ar/;2026-09-11
06351;General Pinto;Empleo industrial;Incorporado;2025-12;;http://www.pinto.gob.ar/;2026-09-11
06351;General Pinto;Desempleo, informalidad y pobreza por ingresos;Sin serie comparable para 135;;"Encuesta representativa del municipio con metodología y muestra; los datos por aglomerado no representan automáticamente cada partido.";http://www.pinto.gob.ar/;2026-09-11
06357;General Pueyrredon;Cuenta fiscal comparable;Incorporado;enero–junio 2026;;https://www.mardelplata.gob.ar/documentos/gobierno_abierto/situacion%20economico%20fciera%2030-06-26.pdf;2026-09-11
06357;General Pueyrredon;Presupuesto original 2026;Pendiente;2026;"Ordenanza de presupuesto 2026 aprobada y total de erogaciones; identificar los organismos incluidos.";https://www.mardelplata.gob.ar/documentos/gobierno_abierto/situacion%20economico%20fciera%2030-06-26.pdf;2026-09-11
06357;General Pueyrredon;Presupuesto vigente 2026;Incorporado;2026-06-30;;https://www.mardelplata.gob.ar/documentos/gobierno_abierto/situacion%20economico%20fciera%2030-06-26.pdf;2026-09-11
06357;General Pueyrredon;Saldo de tesorería;Pendiente;;Estado de tesorería conciliado: bancos, efectivo, valores y fondos afectados. El saldo total no equivale a caja libre.;https://www.mardelplata.gob.ar/documentos/gobierno_abierto/situacion%20economico%20fciera%2030-06-26.pdf;2026-09-11
06357;General Pueyrredon;Caja libre;Pendiente;;Caja de libre disponibilidad conciliada, descontando fondos afectados y obligaciones exigibles.;https://www.mardelplata.gob.ar/documentos/gobierno_abierto/situacion%20economico%20fciera%2030-06-26.pdf;2026-09-11
06357;General Pueyrredon;Stock de deuda municipal;Pendiente;;"Planilla de deuda consolidada y flotante, contratos, moneda y corte; separar pasivos contables y evitar sumarlos dos veces.";https://www.mardelplata.gob.ar/documentos/gobierno_abierto/situacion%20economico%20fciera%2030-06-26.pdf;2026-09-11
06357;General Pueyrredon;Calendario futuro de deuda;Pendiente;;"Planilla de vencimientos futuros de capital e intereses, por contrato y fecha; separar lo ya pagado del año.";https://www.mardelplata.gob.ar/documentos/gobierno_abierto/situacion%20economico%20fciera%2030-06-26.pdf;2026-09-11
06357;General Pueyrredon;Deuda con proveedores vencida;Pendiente;;Antigüedad y vencimiento de facturas pendientes, conciliados con la deuda flotante. Pendiente no significa vencida.;https://www.mardelplata.gob.ar/documentos/gobierno_abierto/situacion%20economico%20fciera%2030-06-26.pdf;2026-09-11
06357;General Pueyrredon;Flujos fiscales mensuales;Pendiente;;"Ingresos percibidos y gastos devengados por mes, sin acumulación; necesarios para ajustar cada flujo por IPC.";https://www.mardelplata.gob.ar/documentos/gobierno_abierto/situacion%20economico%20fciera%2030-06-26.pdf;2026-09-11
06357;General Pueyrredon;Cierres fiscales anuales 2021–2025;Sin serie anual incorporada;;"CAIF de cierre anual 2021–2025 con los mismos organismos; no anualizar semestres.";https://www.mardelplata.gob.ar/documentos/gobierno_abierto/situacion%20economico%20fciera%2030-06-26.pdf;2026-09-11
06357;General Pueyrredon;Transferencias provinciales;Incorporado;2025-01 a 2026-07;;https://www.mardelplata.gob.ar/documentos/gobierno_abierto/situacion%20economico%20fciera%2030-06-26.pdf;2026-09-11
06357;General Pueyrredon;Empleo y salarios privados formales;Incorporado;2019-01 a 2025-12;;https://www.mardelplata.gob.ar/documentos/gobierno_abierto/situacion%20economico%20fciera%2030-06-26.pdf;2026-09-11
06357;General Pueyrredon;Población y condiciones de vida;Incorporado;Censo 2022;;https://www.mardelplata.gob.ar/documentos/gobierno_abierto/situacion%20economico%20fciera%2030-06-26.pdf;2026-09-11
06357;General Pueyrredon;Producto municipal;Incorporado;"2021–2023; precios 2004";;https://www.mardelplata.gob.ar/documentos/gobierno_abierto/situacion%20economico%20fciera%2030-06-26.pdf;2026-09-11
06357;General Pueyrredon;Delitos registrados;Incorporado;2024–2025;;https://www.mardelplata.gob.ar/documentos/gobierno_abierto/situacion%20economico%20fciera%2030-06-26.pdf;2026-09-11
06357;General Pueyrredon;Deuda de personas;Incorporado;2026-07;;https://www.mardelplata.gob.ar/documentos/gobierno_abierto/situacion%20economico%20fciera%2030-06-26.pdf;2026-09-11
06357;General Pueyrredon;Préstamos y depósitos bancarios;Incorporado;2024-12;;https://www.mardelplata.gob.ar/documentos/gobierno_abierto/situacion%20economico%20fciera%2030-06-26.pdf;2026-09-11
06357;General Pueyrredon;Empleo industrial;Incorporado;2025-12;;https://www.mardelplata.gob.ar/documentos/gobierno_abierto/situacion%20economico%20fciera%2030-06-26.pdf;2026-09-11
06357;General Pueyrredon;Desempleo, informalidad y pobreza por ingresos;Sin serie comparable para 135;;"Encuesta representativa del municipio con metodología y muestra; los datos por aglomerado no representan automáticamente cada partido.";https://www.mardelplata.gob.ar/documentos/gobierno_abierto/situacion%20economico%20fciera%2030-06-26.pdf;2026-09-11
06364;General Rodríguez;Cuenta fiscal comparable;Incorporado;enero–junio 2026;;https://generalrodriguez.gob.ar/uploads/pdf/situacionecono/econo-financiera-al30062026.pdf;2026-09-11
06364;General Rodríguez;Presupuesto original 2026;Pendiente;2026;"Ordenanza de presupuesto 2026 aprobada y total de erogaciones; identificar los organismos incluidos.";https://generalrodriguez.gob.ar/uploads/pdf/situacionecono/econo-financiera-al30062026.pdf;2026-09-11
06364;General Rodríguez;Presupuesto vigente 2026;Incorporado;2026-06-30;;https://generalrodriguez.gob.ar/uploads/pdf/situacionecono/econo-financiera-al30062026.pdf;2026-09-11
06364;General Rodríguez;Saldo de tesorería;Pendiente;;Estado de tesorería conciliado: bancos, efectivo, valores y fondos afectados. El saldo total no equivale a caja libre.;https://generalrodriguez.gob.ar/uploads/pdf/situacionecono/econo-financiera-al30062026.pdf;2026-09-11
06364;General Rodríguez;Caja libre;Pendiente;;Caja de libre disponibilidad conciliada, descontando fondos afectados y obligaciones exigibles.;https://generalrodriguez.gob.ar/uploads/pdf/situacionecono/econo-financiera-al30062026.pdf;2026-09-11
06364;General Rodríguez;Stock de deuda municipal;Pendiente;;"Planilla de deuda consolidada y flotante, contratos, moneda y corte; separar pasivos contables y evitar sumarlos dos veces.";https://generalrodriguez.gob.ar/uploads/pdf/situacionecono/econo-financiera-al30062026.pdf;2026-09-11
06364;General Rodríguez;Calendario futuro de deuda;Pendiente;;"Planilla de vencimientos futuros de capital e intereses, por contrato y fecha; separar lo ya pagado del año.";https://generalrodriguez.gob.ar/uploads/pdf/situacionecono/econo-financiera-al30062026.pdf;2026-09-11
06364;General Rodríguez;Deuda con proveedores vencida;Pendiente;;Antigüedad y vencimiento de facturas pendientes, conciliados con la deuda flotante. Pendiente no significa vencida.;https://generalrodriguez.gob.ar/uploads/pdf/situacionecono/econo-financiera-al30062026.pdf;2026-09-11
06364;General Rodríguez;Flujos fiscales mensuales;Pendiente;;"Ingresos percibidos y gastos devengados por mes, sin acumulación; necesarios para ajustar cada flujo por IPC.";https://generalrodriguez.gob.ar/uploads/pdf/situacionecono/econo-financiera-al30062026.pdf;2026-09-11
06364;General Rodríguez;Cierres fiscales anuales 2021–2025;Sin serie anual incorporada;;"CAIF de cierre anual 2021–2025 con los mismos organismos; no anualizar semestres.";https://generalrodriguez.gob.ar/uploads/pdf/situacionecono/econo-financiera-al30062026.pdf;2026-09-11
06364;General Rodríguez;Transferencias provinciales;Incorporado;2025-01 a 2026-07;;https://generalrodriguez.gob.ar/uploads/pdf/situacionecono/econo-financiera-al30062026.pdf;2026-09-11
06364;General Rodríguez;Empleo y salarios privados formales;Incorporado;2019-01 a 2025-12;;https://generalrodriguez.gob.ar/uploads/pdf/situacionecono/econo-financiera-al30062026.pdf;2026-09-11
06364;General Rodríguez;Población y condiciones de vida;Incorporado;Censo 2022;;https://generalrodriguez.gob.ar/uploads/pdf/situacionecono/econo-financiera-al30062026.pdf;2026-09-11
06364;General Rodríguez;Producto municipal;Incorporado;"2021–2023; precios 2004";;https://generalrodriguez.gob.ar/uploads/pdf/situacionecono/econo-financiera-al30062026.pdf;2026-09-11
06364;General Rodríguez;Delitos registrados;Incorporado;2024–2025;;https://generalrodriguez.gob.ar/uploads/pdf/situacionecono/econo-financiera-al30062026.pdf;2026-09-11
06364;General Rodríguez;Deuda de personas;Incorporado;2026-07;;https://generalrodriguez.gob.ar/uploads/pdf/situacionecono/econo-financiera-al30062026.pdf;2026-09-11
06364;General Rodríguez;Préstamos y depósitos bancarios;Incorporado;2024-12;;https://generalrodriguez.gob.ar/uploads/pdf/situacionecono/econo-financiera-al30062026.pdf;2026-09-11
06364;General Rodríguez;Empleo industrial;Incorporado;2025-12;;https://generalrodriguez.gob.ar/uploads/pdf/situacionecono/econo-financiera-al30062026.pdf;2026-09-11
06364;General Rodríguez;Desempleo, informalidad y pobreza por ingresos;Sin serie comparable para 135;;"Encuesta representativa del municipio con metodología y muestra; los datos por aglomerado no representan automáticamente cada partido.";https://generalrodriguez.gob.ar/uploads/pdf/situacionecono/econo-financiera-al30062026.pdf;2026-09-11
06371;General San Martín;Cuenta fiscal comparable;Incorporado;enero–junio 2026;;https://im.sanmartin.gov.ar/gobierno-abierto/;2026-09-11
06371;General San Martín;Presupuesto original 2026;Incorporado;2026;;https://im.sanmartin.gov.ar/gobierno-abierto/;2026-09-11
06371;General San Martín;Presupuesto vigente 2026;Incorporado;2026-06-30;;https://im.sanmartin.gov.ar/gobierno-abierto/;2026-09-11
06371;General San Martín;Saldo de tesorería;Pendiente;;Estado de tesorería conciliado: bancos, efectivo, valores y fondos afectados. El saldo total no equivale a caja libre.;https://im.sanmartin.gov.ar/gobierno-abierto/;2026-09-11
06371;General San Martín;Caja libre;Pendiente;;Caja de libre disponibilidad conciliada, descontando fondos afectados y obligaciones exigibles.;https://im.sanmartin.gov.ar/gobierno-abierto/;2026-09-11
06371;General San Martín;Stock de deuda municipal;Pendiente;;"Planilla de deuda consolidada y flotante, contratos, moneda y corte; separar pasivos contables y evitar sumarlos dos veces.";https://im.sanmartin.gov.ar/gobierno-abierto/;2026-09-11
06371;General San Martín;Calendario futuro de deuda;Pendiente;;"Planilla de vencimientos futuros de capital e intereses, por contrato y fecha; separar lo ya pagado del año.";https://im.sanmartin.gov.ar/gobierno-abierto/;2026-09-11
06371;General San Martín;Deuda con proveedores vencida;Pendiente;;Antigüedad y vencimiento de facturas pendientes, conciliados con la deuda flotante. Pendiente no significa vencida.;https://im.sanmartin.gov.ar/gobierno-abierto/;2026-09-11
06371;General San Martín;Flujos fiscales mensuales;Pendiente;;"Ingresos percibidos y gastos devengados por mes, sin acumulación; necesarios para ajustar cada flujo por IPC.";https://im.sanmartin.gov.ar/gobierno-abierto/;2026-09-11
06371;General San Martín;Cierres fiscales anuales 2021–2025;Sin serie anual incorporada;;"CAIF de cierre anual 2021–2025 con los mismos organismos; no anualizar semestres.";https://im.sanmartin.gov.ar/gobierno-abierto/;2026-09-11
06371;General San Martín;Transferencias provinciales;Incorporado;2025-01 a 2026-07;;https://im.sanmartin.gov.ar/gobierno-abierto/;2026-09-11
06371;General San Martín;Empleo y salarios privados formales;Incorporado;2019-01 a 2025-12;;https://im.sanmartin.gov.ar/gobierno-abierto/;2026-09-11
06371;General San Martín;Población y condiciones de vida;Incorporado;Censo 2022;;https://im.sanmartin.gov.ar/gobierno-abierto/;2026-09-11
06371;General San Martín;Producto municipal;Incorporado;"2021–2023; precios 2004";;https://im.sanmartin.gov.ar/gobierno-abierto/;2026-09-11
06371;General San Martín;Delitos registrados;Incorporado;2024–2025;;https://im.sanmartin.gov.ar/gobierno-abierto/;2026-09-11
06371;General San Martín;Deuda de personas;Incorporado;2026-07;;https://im.sanmartin.gov.ar/gobierno-abierto/;2026-09-11
06371;General San Martín;Préstamos y depósitos bancarios;Incorporado;2024-12;;https://im.sanmartin.gov.ar/gobierno-abierto/;2026-09-11
06371;General San Martín;Empleo industrial;Incorporado;2025-12;;https://im.sanmartin.gov.ar/gobierno-abierto/;2026-09-11
06371;General San Martín;Desempleo, informalidad y pobreza por ingresos;Sin serie comparable para 135;;"Encuesta representativa del municipio con metodología y muestra; los datos por aglomerado no representan automáticamente cada partido.";https://im.sanmartin.gov.ar/gobierno-abierto/;2026-09-11
06385;General Viamonte;Cuenta fiscal comparable;Incorporado;enero–junio 2026;;https://pd00200-my.sharepoint.com/:b:/g/personal/prensa_generalviamonte_gob_ar/IQBUMfTAXw3dTJQc4zr8EXykAYJN_5JaiTWL_nKlhuPXkko?e=QdyH43&download=1;2026-09-11
06385;General Viamonte;Presupuesto original 2026;Pendiente;2026;"Ordenanza de presupuesto 2026 aprobada y total de erogaciones; identificar los organismos incluidos.";https://pd00200-my.sharepoint.com/:b:/g/personal/prensa_generalviamonte_gob_ar/IQBUMfTAXw3dTJQc4zr8EXykAYJN_5JaiTWL_nKlhuPXkko?e=QdyH43&download=1;2026-09-11
06385;General Viamonte;Presupuesto vigente 2026;Incorporado;2026-03-31;;https://pd00200-my.sharepoint.com/:b:/g/personal/prensa_generalviamonte_gob_ar/IQBUMfTAXw3dTJQc4zr8EXykAYJN_5JaiTWL_nKlhuPXkko?e=QdyH43&download=1;2026-09-11
06385;General Viamonte;Saldo de tesorería;Pendiente;;Estado de tesorería conciliado: bancos, efectivo, valores y fondos afectados. El saldo total no equivale a caja libre.;https://pd00200-my.sharepoint.com/:b:/g/personal/prensa_generalviamonte_gob_ar/IQBUMfTAXw3dTJQc4zr8EXykAYJN_5JaiTWL_nKlhuPXkko?e=QdyH43&download=1;2026-09-11
06385;General Viamonte;Caja libre;Pendiente;;Caja de libre disponibilidad conciliada, descontando fondos afectados y obligaciones exigibles.;https://pd00200-my.sharepoint.com/:b:/g/personal/prensa_generalviamonte_gob_ar/IQBUMfTAXw3dTJQc4zr8EXykAYJN_5JaiTWL_nKlhuPXkko?e=QdyH43&download=1;2026-09-11
06385;General Viamonte;Stock de deuda municipal;Pendiente;;"Planilla de deuda consolidada y flotante, contratos, moneda y corte; separar pasivos contables y evitar sumarlos dos veces.";https://pd00200-my.sharepoint.com/:b:/g/personal/prensa_generalviamonte_gob_ar/IQBUMfTAXw3dTJQc4zr8EXykAYJN_5JaiTWL_nKlhuPXkko?e=QdyH43&download=1;2026-09-11
06385;General Viamonte;Calendario futuro de deuda;Pendiente;;"Planilla de vencimientos futuros de capital e intereses, por contrato y fecha; separar lo ya pagado del año.";https://pd00200-my.sharepoint.com/:b:/g/personal/prensa_generalviamonte_gob_ar/IQBUMfTAXw3dTJQc4zr8EXykAYJN_5JaiTWL_nKlhuPXkko?e=QdyH43&download=1;2026-09-11
06385;General Viamonte;Deuda con proveedores vencida;Pendiente;;Antigüedad y vencimiento de facturas pendientes, conciliados con la deuda flotante. Pendiente no significa vencida.;https://pd00200-my.sharepoint.com/:b:/g/personal/prensa_generalviamonte_gob_ar/IQBUMfTAXw3dTJQc4zr8EXykAYJN_5JaiTWL_nKlhuPXkko?e=QdyH43&download=1;2026-09-11
06385;General Viamonte;Flujos fiscales mensuales;Pendiente;;"Ingresos percibidos y gastos devengados por mes, sin acumulación; necesarios para ajustar cada flujo por IPC.";https://pd00200-my.sharepoint.com/:b:/g/personal/prensa_generalviamonte_gob_ar/IQBUMfTAXw3dTJQc4zr8EXykAYJN_5JaiTWL_nKlhuPXkko?e=QdyH43&download=1;2026-09-11
06385;General Viamonte;Cierres fiscales anuales 2021–2025;Sin serie anual incorporada;;"CAIF de cierre anual 2021–2025 con los mismos organismos; no anualizar semestres.";https://pd00200-my.sharepoint.com/:b:/g/personal/prensa_generalviamonte_gob_ar/IQBUMfTAXw3dTJQc4zr8EXykAYJN_5JaiTWL_nKlhuPXkko?e=QdyH43&download=1;2026-09-11
06385;General Viamonte;Transferencias provinciales;Incorporado;2025-01 a 2026-07;;https://pd00200-my.sharepoint.com/:b:/g/personal/prensa_generalviamonte_gob_ar/IQBUMfTAXw3dTJQc4zr8EXykAYJN_5JaiTWL_nKlhuPXkko?e=QdyH43&download=1;2026-09-11
06385;General Viamonte;Empleo y salarios privados formales;Incorporado;2019-01 a 2025-12;;https://pd00200-my.sharepoint.com/:b:/g/personal/prensa_generalviamonte_gob_ar/IQBUMfTAXw3dTJQc4zr8EXykAYJN_5JaiTWL_nKlhuPXkko?e=QdyH43&download=1;2026-09-11
06385;General Viamonte;Población y condiciones de vida;Incorporado;Censo 2022;;https://pd00200-my.sharepoint.com/:b:/g/personal/prensa_generalviamonte_gob_ar/IQBUMfTAXw3dTJQc4zr8EXykAYJN_5JaiTWL_nKlhuPXkko?e=QdyH43&download=1;2026-09-11
06385;General Viamonte;Producto municipal;Incorporado;"2021–2023; precios 2004";;https://pd00200-my.sharepoint.com/:b:/g/personal/prensa_generalviamonte_gob_ar/IQBUMfTAXw3dTJQc4zr8EXykAYJN_5JaiTWL_nKlhuPXkko?e=QdyH43&download=1;2026-09-11
06385;General Viamonte;Delitos registrados;Incorporado;2024–2025;;https://pd00200-my.sharepoint.com/:b:/g/personal/prensa_generalviamonte_gob_ar/IQBUMfTAXw3dTJQc4zr8EXykAYJN_5JaiTWL_nKlhuPXkko?e=QdyH43&download=1;2026-09-11
06385;General Viamonte;Deuda de personas;Incorporado;2026-07;;https://pd00200-my.sharepoint.com/:b:/g/personal/prensa_generalviamonte_gob_ar/IQBUMfTAXw3dTJQc4zr8EXykAYJN_5JaiTWL_nKlhuPXkko?e=QdyH43&download=1;2026-09-11
06385;General Viamonte;Préstamos y depósitos bancarios;Reservado o sin cifra de origen;2024-12;"Cifra publicada por localización BCRA/DPE; las reservas estadísticas no se completan con cero.";https://pd00200-my.sharepoint.com/:b:/g/personal/prensa_generalviamonte_gob_ar/IQBUMfTAXw3dTJQc4zr8EXykAYJN_5JaiTWL_nKlhuPXkko?e=QdyH43&download=1;2026-09-11
06385;General Viamonte;Empleo industrial;Incorporado;2025-12;;https://pd00200-my.sharepoint.com/:b:/g/personal/prensa_generalviamonte_gob_ar/IQBUMfTAXw3dTJQc4zr8EXykAYJN_5JaiTWL_nKlhuPXkko?e=QdyH43&download=1;2026-09-11
06385;General Viamonte;Desempleo, informalidad y pobreza por ingresos;Sin serie comparable para 135;;"Encuesta representativa del municipio con metodología y muestra; los datos por aglomerado no representan automáticamente cada partido.";https://pd00200-my.sharepoint.com/:b:/g/personal/prensa_generalviamonte_gob_ar/IQBUMfTAXw3dTJQc4zr8EXykAYJN_5JaiTWL_nKlhuPXkko?e=QdyH43&download=1;2026-09-11
06392;General Villegas;Cuenta fiscal comparable;Incorporado;enero–junio 2026;;https://villegas.gob.ar/blog/2026/07/02/2-trimestre-2026/;2026-09-11
06392;General Villegas;Presupuesto original 2026;Pendiente;2026;"Ordenanza de presupuesto 2026 aprobada y total de erogaciones; identificar los organismos incluidos.";https://villegas.gob.ar/blog/2026/07/02/2-trimestre-2026/;2026-09-11
06392;General Villegas;Presupuesto vigente 2026;Incorporado;2026-06-30;;https://villegas.gob.ar/blog/2026/07/02/2-trimestre-2026/;2026-09-11
06392;General Villegas;Saldo de tesorería;Pendiente;;Estado de tesorería conciliado: bancos, efectivo, valores y fondos afectados. El saldo total no equivale a caja libre.;https://villegas.gob.ar/blog/2026/07/02/2-trimestre-2026/;2026-09-11
06392;General Villegas;Caja libre;Pendiente;;Caja de libre disponibilidad conciliada, descontando fondos afectados y obligaciones exigibles.;https://villegas.gob.ar/blog/2026/07/02/2-trimestre-2026/;2026-09-11
06392;General Villegas;Stock de deuda municipal;Pendiente;;"Planilla de deuda consolidada y flotante, contratos, moneda y corte; separar pasivos contables y evitar sumarlos dos veces.";https://villegas.gob.ar/blog/2026/07/02/2-trimestre-2026/;2026-09-11
06392;General Villegas;Calendario futuro de deuda;Pendiente;;"Planilla de vencimientos futuros de capital e intereses, por contrato y fecha; separar lo ya pagado del año.";https://villegas.gob.ar/blog/2026/07/02/2-trimestre-2026/;2026-09-11
06392;General Villegas;Deuda con proveedores vencida;Pendiente;;Antigüedad y vencimiento de facturas pendientes, conciliados con la deuda flotante. Pendiente no significa vencida.;https://villegas.gob.ar/blog/2026/07/02/2-trimestre-2026/;2026-09-11
06392;General Villegas;Flujos fiscales mensuales;Pendiente;;"Ingresos percibidos y gastos devengados por mes, sin acumulación; necesarios para ajustar cada flujo por IPC.";https://villegas.gob.ar/blog/2026/07/02/2-trimestre-2026/;2026-09-11
06392;General Villegas;Cierres fiscales anuales 2021–2025;Sin serie anual incorporada;;"CAIF de cierre anual 2021–2025 con los mismos organismos; no anualizar semestres.";https://villegas.gob.ar/blog/2026/07/02/2-trimestre-2026/;2026-09-11
06392;General Villegas;Transferencias provinciales;Incorporado;2025-01 a 2026-07;;https://villegas.gob.ar/blog/2026/07/02/2-trimestre-2026/;2026-09-11
06392;General Villegas;Empleo y salarios privados formales;Incorporado;2019-01 a 2025-12;;https://villegas.gob.ar/blog/2026/07/02/2-trimestre-2026/;2026-09-11
06392;General Villegas;Población y condiciones de vida;Incorporado;Censo 2022;;https://villegas.gob.ar/blog/2026/07/02/2-trimestre-2026/;2026-09-11
06392;General Villegas;Producto municipal;Incorporado;"2021–2023; precios 2004";;https://villegas.gob.ar/blog/2026/07/02/2-trimestre-2026/;2026-09-11
06392;General Villegas;Delitos registrados;Incorporado;2024–2025;;https://villegas.gob.ar/blog/2026/07/02/2-trimestre-2026/;2026-09-11
06392;General Villegas;Deuda de personas;Incorporado;2026-07;;https://villegas.gob.ar/blog/2026/07/02/2-trimestre-2026/;2026-09-11
06392;General Villegas;Préstamos y depósitos bancarios;Incorporado;2024-12;;https://villegas.gob.ar/blog/2026/07/02/2-trimestre-2026/;2026-09-11
06392;General Villegas;Empleo industrial;Incorporado;2025-12;;https://villegas.gob.ar/blog/2026/07/02/2-trimestre-2026/;2026-09-11
06392;General Villegas;Desempleo, informalidad y pobreza por ingresos;Sin serie comparable para 135;;"Encuesta representativa del municipio con metodología y muestra; los datos por aglomerado no representan automáticamente cada partido.";https://villegas.gob.ar/blog/2026/07/02/2-trimestre-2026/;2026-09-11
06399;Guaminí;Cuenta fiscal comparable;Incorporado;enero–junio 2026;;https://guamini.gob.ar/rendicion/;2026-09-11
06399;Guaminí;Presupuesto original 2026;Pendiente;2026;"Ordenanza de presupuesto 2026 aprobada y total de erogaciones; identificar los organismos incluidos.";https://guamini.gob.ar/rendicion/;2026-09-11
06399;Guaminí;Presupuesto vigente 2026;Incorporado;2026-06-30;;https://guamini.gob.ar/rendicion/;2026-09-11
06399;Guaminí;Saldo de tesorería;Pendiente;;Estado de tesorería conciliado: bancos, efectivo, valores y fondos afectados. El saldo total no equivale a caja libre.;https://guamini.gob.ar/rendicion/;2026-09-11
06399;Guaminí;Caja libre;Pendiente;;Caja de libre disponibilidad conciliada, descontando fondos afectados y obligaciones exigibles.;https://guamini.gob.ar/rendicion/;2026-09-11
06399;Guaminí;Stock de deuda municipal;Pendiente;;"Planilla de deuda consolidada y flotante, contratos, moneda y corte; separar pasivos contables y evitar sumarlos dos veces.";https://guamini.gob.ar/rendicion/;2026-09-11
06399;Guaminí;Calendario futuro de deuda;Pendiente;;"Planilla de vencimientos futuros de capital e intereses, por contrato y fecha; separar lo ya pagado del año.";https://guamini.gob.ar/rendicion/;2026-09-11
06399;Guaminí;Deuda con proveedores vencida;Pendiente;;Antigüedad y vencimiento de facturas pendientes, conciliados con la deuda flotante. Pendiente no significa vencida.;https://guamini.gob.ar/rendicion/;2026-09-11
06399;Guaminí;Flujos fiscales mensuales;Pendiente;;"Ingresos percibidos y gastos devengados por mes, sin acumulación; necesarios para ajustar cada flujo por IPC.";https://guamini.gob.ar/rendicion/;2026-09-11
06399;Guaminí;Cierres fiscales anuales 2021–2025;Sin serie anual incorporada;;"CAIF de cierre anual 2021–2025 con los mismos organismos; no anualizar semestres.";https://guamini.gob.ar/rendicion/;2026-09-11
06399;Guaminí;Transferencias provinciales;Incorporado;2025-01 a 2026-07;;https://guamini.gob.ar/rendicion/;2026-09-11
06399;Guaminí;Empleo y salarios privados formales;Incorporado;2019-01 a 2025-12;;https://guamini.gob.ar/rendicion/;2026-09-11
06399;Guaminí;Población y condiciones de vida;Incorporado;Censo 2022;;https://guamini.gob.ar/rendicion/;2026-09-11
06399;Guaminí;Producto municipal;Incorporado;"2021–2023; precios 2004";;https://guamini.gob.ar/rendicion/;2026-09-11
06399;Guaminí;Delitos registrados;Incorporado;2024–2025;;https://guamini.gob.ar/rendicion/;2026-09-11
06399;Guaminí;Deuda de personas;Incorporado;2026-07;;https://guamini.gob.ar/rendicion/;2026-09-11
06399;Guaminí;Préstamos y depósitos bancarios;Incorporado;2024-12;;https://guamini.gob.ar/rendicion/;2026-09-11
06399;Guaminí;Empleo industrial;Incorporado;2025-12;;https://guamini.gob.ar/rendicion/;2026-09-11
06399;Guaminí;Desempleo, informalidad y pobreza por ingresos;Sin serie comparable para 135;;"Encuesta representativa del municipio con metodología y muestra; los datos por aglomerado no representan automáticamente cada partido.";https://guamini.gob.ar/rendicion/;2026-09-11
06406;Hipólito Yrigoyen;Cuenta fiscal comparable;Incorporado;enero–junio 2026;;https://www.hipolitoyrigoyen.gob.ar/?q=rendicion_de_cuentas;2026-09-11
06406;Hipólito Yrigoyen;Presupuesto original 2026;Pendiente;2026;"Ordenanza de presupuesto 2026 aprobada y total de erogaciones; identificar los organismos incluidos.";https://www.hipolitoyrigoyen.gob.ar/?q=rendicion_de_cuentas;2026-09-11
06406;Hipólito Yrigoyen;Presupuesto vigente 2026;Incorporado;2026-06-30;;https://www.hipolitoyrigoyen.gob.ar/?q=rendicion_de_cuentas;2026-09-11
06406;Hipólito Yrigoyen;Saldo de tesorería;Pendiente;;Estado de tesorería conciliado: bancos, efectivo, valores y fondos afectados. El saldo total no equivale a caja libre.;https://www.hipolitoyrigoyen.gob.ar/?q=rendicion_de_cuentas;2026-09-11
06406;Hipólito Yrigoyen;Caja libre;Pendiente;;Caja de libre disponibilidad conciliada, descontando fondos afectados y obligaciones exigibles.;https://www.hipolitoyrigoyen.gob.ar/?q=rendicion_de_cuentas;2026-09-11
06406;Hipólito Yrigoyen;Stock de deuda municipal;Pendiente;;"Planilla de deuda consolidada y flotante, contratos, moneda y corte; separar pasivos contables y evitar sumarlos dos veces.";https://www.hipolitoyrigoyen.gob.ar/?q=rendicion_de_cuentas;2026-09-11
06406;Hipólito Yrigoyen;Calendario futuro de deuda;Pendiente;;"Planilla de vencimientos futuros de capital e intereses, por contrato y fecha; separar lo ya pagado del año.";https://www.hipolitoyrigoyen.gob.ar/?q=rendicion_de_cuentas;2026-09-11
06406;Hipólito Yrigoyen;Deuda con proveedores vencida;Pendiente;;Antigüedad y vencimiento de facturas pendientes, conciliados con la deuda flotante. Pendiente no significa vencida.;https://www.hipolitoyrigoyen.gob.ar/?q=rendicion_de_cuentas;2026-09-11
06406;Hipólito Yrigoyen;Flujos fiscales mensuales;Pendiente;;"Ingresos percibidos y gastos devengados por mes, sin acumulación; necesarios para ajustar cada flujo por IPC.";https://www.hipolitoyrigoyen.gob.ar/?q=rendicion_de_cuentas;2026-09-11
06406;Hipólito Yrigoyen;Cierres fiscales anuales 2021–2025;Sin serie anual incorporada;;"CAIF de cierre anual 2021–2025 con los mismos organismos; no anualizar semestres.";https://www.hipolitoyrigoyen.gob.ar/?q=rendicion_de_cuentas;2026-09-11
06406;Hipólito Yrigoyen;Transferencias provinciales;Incorporado;2025-01 a 2026-07;;https://www.hipolitoyrigoyen.gob.ar/?q=rendicion_de_cuentas;2026-09-11
06406;Hipólito Yrigoyen;Empleo y salarios privados formales;Incorporado;2019-01 a 2025-12;;https://www.hipolitoyrigoyen.gob.ar/?q=rendicion_de_cuentas;2026-09-11
06406;Hipólito Yrigoyen;Población y condiciones de vida;Incorporado;Censo 2022;;https://www.hipolitoyrigoyen.gob.ar/?q=rendicion_de_cuentas;2026-09-11
06406;Hipólito Yrigoyen;Producto municipal;Incorporado;"2021–2023; precios 2004";;https://www.hipolitoyrigoyen.gob.ar/?q=rendicion_de_cuentas;2026-09-11
06406;Hipólito Yrigoyen;Delitos registrados;Incorporado;2024–2025;;https://www.hipolitoyrigoyen.gob.ar/?q=rendicion_de_cuentas;2026-09-11
06406;Hipólito Yrigoyen;Deuda de personas;Incorporado;2026-07;;https://www.hipolitoyrigoyen.gob.ar/?q=rendicion_de_cuentas;2026-09-11
06406;Hipólito Yrigoyen;Préstamos y depósitos bancarios;Reservado o sin cifra de origen;2024-12;"Cifra publicada por localización BCRA/DPE; las reservas estadísticas no se completan con cero.";https://www.hipolitoyrigoyen.gob.ar/?q=rendicion_de_cuentas;2026-09-11
06406;Hipólito Yrigoyen;Empleo industrial;Reservado o sin cifra de origen;2025-12;Dato sectorial OEDE publicado. No reconstruir celdas reservadas por diferencia.;https://www.hipolitoyrigoyen.gob.ar/?q=rendicion_de_cuentas;2026-09-11
06406;Hipólito Yrigoyen;Desempleo, informalidad y pobreza por ingresos;Sin serie comparable para 135;;"Encuesta representativa del municipio con metodología y muestra; los datos por aglomerado no representan automáticamente cada partido.";https://www.hipolitoyrigoyen.gob.ar/?q=rendicion_de_cuentas;2026-09-11
06408;Hurlingham;Cuenta fiscal comparable;Pendiente;enero–junio 2026;Cuenta ahorro-inversión-financiamiento (CAIF) enero–junio 2026, o ejecuciones por carácter económico conciliadas que excluyan financiamiento.;https://www.hurlingham.gob.ar/gobierno-abierto/;2026-09-11
06408;Hurlingham;Presupuesto original 2026;Pendiente;;"Ordenanza de presupuesto 2026 aprobada y total de erogaciones; identificar los organismos incluidos.";https://www.hurlingham.gob.ar/gobierno-abierto/;2026-09-11
06408;Hurlingham;Presupuesto vigente 2026;Pendiente;;Crédito anual vigente 2026 y modificaciones, con fecha de corte y saldo inicial anual.;https://www.hurlingham.gob.ar/gobierno-abierto/;2026-09-11
06408;Hurlingham;Saldo de tesorería;Pendiente;;Estado de tesorería conciliado: bancos, efectivo, valores y fondos afectados. El saldo total no equivale a caja libre.;https://www.hurlingham.gob.ar/gobierno-abierto/;2026-09-11
06408;Hurlingham;Caja libre;Pendiente;;Caja de libre disponibilidad conciliada, descontando fondos afectados y obligaciones exigibles.;https://www.hurlingham.gob.ar/gobierno-abierto/;2026-09-11
06408;Hurlingham;Stock de deuda municipal;Pendiente;;"Planilla de deuda consolidada y flotante, contratos, moneda y corte; separar pasivos contables y evitar sumarlos dos veces.";https://www.hurlingham.gob.ar/gobierno-abierto/;2026-09-11
06408;Hurlingham;Calendario futuro de deuda;Pendiente;;"Planilla de vencimientos futuros de capital e intereses, por contrato y fecha; separar lo ya pagado del año.";https://www.hurlingham.gob.ar/gobierno-abierto/;2026-09-11
06408;Hurlingham;Deuda con proveedores vencida;Pendiente;;Antigüedad y vencimiento de facturas pendientes, conciliados con la deuda flotante. Pendiente no significa vencida.;https://www.hurlingham.gob.ar/gobierno-abierto/;2026-09-11
06408;Hurlingham;Flujos fiscales mensuales;Pendiente;;"Ingresos percibidos y gastos devengados por mes, sin acumulación; necesarios para ajustar cada flujo por IPC.";https://www.hurlingham.gob.ar/gobierno-abierto/;2026-09-11
06408;Hurlingham;Cierres fiscales anuales 2021–2025;Sin serie anual incorporada;;"CAIF de cierre anual 2021–2025 con los mismos organismos; no anualizar semestres.";https://www.hurlingham.gob.ar/gobierno-abierto/;2026-09-11
06408;Hurlingham;Transferencias provinciales;Incorporado;2025-01 a 2026-07;;https://www.hurlingham.gob.ar/gobierno-abierto/;2026-09-11
06408;Hurlingham;Empleo y salarios privados formales;Incorporado;2019-01 a 2025-12;;https://www.hurlingham.gob.ar/gobierno-abierto/;2026-09-11
06408;Hurlingham;Población y condiciones de vida;Incorporado;Censo 2022;;https://www.hurlingham.gob.ar/gobierno-abierto/;2026-09-11
06408;Hurlingham;Producto municipal;Incorporado;"2021–2023; precios 2004";;https://www.hurlingham.gob.ar/gobierno-abierto/;2026-09-11
06408;Hurlingham;Delitos registrados;Incorporado;2024–2025;;https://www.hurlingham.gob.ar/gobierno-abierto/;2026-09-11
06408;Hurlingham;Deuda de personas;Incorporado;2026-07;;https://www.hurlingham.gob.ar/gobierno-abierto/;2026-09-11
06408;Hurlingham;Préstamos y depósitos bancarios;Incorporado;2024-12;;https://www.hurlingham.gob.ar/gobierno-abierto/;2026-09-11
06408;Hurlingham;Empleo industrial;Incorporado;2025-12;;https://www.hurlingham.gob.ar/gobierno-abierto/;2026-09-11
06408;Hurlingham;Desempleo, informalidad y pobreza por ingresos;Sin serie comparable para 135;;"Encuesta representativa del municipio con metodología y muestra; los datos por aglomerado no representan automáticamente cada partido.";https://www.hurlingham.gob.ar/gobierno-abierto/;2026-09-11
06410;Ituzaingó;Cuenta fiscal comparable;Pendiente;enero–junio 2026;Cuenta ahorro-inversión-financiamiento (CAIF) enero–junio 2026, o ejecuciones por carácter económico conciliadas que excluyan financiamiento.;https://miituzaingo.gov.ar/es/gobierno-abierto/transparencia/cuentas-claras/2024#main-content;2026-09-11
06410;Ituzaingó;Presupuesto original 2026;Pendiente;2024;"Ordenanza de presupuesto 2026 aprobada y total de erogaciones; identificar los organismos incluidos.";https://miituzaingo.gov.ar/es/gobierno-abierto/transparencia/cuentas-claras/2024#main-content;2026-09-11
06410;Ituzaingó;Presupuesto vigente 2026;Pendiente;2024-12-30;Crédito anual vigente 2026 y modificaciones, con fecha de corte y saldo inicial anual.;https://miituzaingo.gov.ar/es/gobierno-abierto/transparencia/cuentas-claras/2024#main-content;2026-09-11
06410;Ituzaingó;Saldo de tesorería;Pendiente;;Estado de tesorería conciliado: bancos, efectivo, valores y fondos afectados. El saldo total no equivale a caja libre.;https://miituzaingo.gov.ar/es/gobierno-abierto/transparencia/cuentas-claras/2024#main-content;2026-09-11
06410;Ituzaingó;Caja libre;Pendiente;;Caja de libre disponibilidad conciliada, descontando fondos afectados y obligaciones exigibles.;https://miituzaingo.gov.ar/es/gobierno-abierto/transparencia/cuentas-claras/2024#main-content;2026-09-11
06410;Ituzaingó;Stock de deuda municipal;Pendiente;;"Planilla de deuda consolidada y flotante, contratos, moneda y corte; separar pasivos contables y evitar sumarlos dos veces.";https://miituzaingo.gov.ar/es/gobierno-abierto/transparencia/cuentas-claras/2024#main-content;2026-09-11
06410;Ituzaingó;Calendario futuro de deuda;Pendiente;;"Planilla de vencimientos futuros de capital e intereses, por contrato y fecha; separar lo ya pagado del año.";https://miituzaingo.gov.ar/es/gobierno-abierto/transparencia/cuentas-claras/2024#main-content;2026-09-11
06410;Ituzaingó;Deuda con proveedores vencida;Pendiente;;Antigüedad y vencimiento de facturas pendientes, conciliados con la deuda flotante. Pendiente no significa vencida.;https://miituzaingo.gov.ar/es/gobierno-abierto/transparencia/cuentas-claras/2024#main-content;2026-09-11
06410;Ituzaingó;Flujos fiscales mensuales;Pendiente;;"Ingresos percibidos y gastos devengados por mes, sin acumulación; necesarios para ajustar cada flujo por IPC.";https://miituzaingo.gov.ar/es/gobierno-abierto/transparencia/cuentas-claras/2024#main-content;2026-09-11
06410;Ituzaingó;Cierres fiscales anuales 2021–2025;Sin serie anual incorporada;;"CAIF de cierre anual 2021–2025 con los mismos organismos; no anualizar semestres.";https://miituzaingo.gov.ar/es/gobierno-abierto/transparencia/cuentas-claras/2024#main-content;2026-09-11
06410;Ituzaingó;Transferencias provinciales;Incorporado;2025-01 a 2026-07;;https://miituzaingo.gov.ar/es/gobierno-abierto/transparencia/cuentas-claras/2024#main-content;2026-09-11
06410;Ituzaingó;Empleo y salarios privados formales;Incorporado;2019-01 a 2025-12;;https://miituzaingo.gov.ar/es/gobierno-abierto/transparencia/cuentas-claras/2024#main-content;2026-09-11
06410;Ituzaingó;Población y condiciones de vida;Incorporado;Censo 2022;;https://miituzaingo.gov.ar/es/gobierno-abierto/transparencia/cuentas-claras/2024#main-content;2026-09-11
06410;Ituzaingó;Producto municipal;Incorporado;"2021–2023; precios 2004";;https://miituzaingo.gov.ar/es/gobierno-abierto/transparencia/cuentas-claras/2024#main-content;2026-09-11
06410;Ituzaingó;Delitos registrados;Incorporado;2024–2025;;https://miituzaingo.gov.ar/es/gobierno-abierto/transparencia/cuentas-claras/2024#main-content;2026-09-11
06410;Ituzaingó;Deuda de personas;Incorporado;2026-07;;https://miituzaingo.gov.ar/es/gobierno-abierto/transparencia/cuentas-claras/2024#main-content;2026-09-11
06410;Ituzaingó;Préstamos y depósitos bancarios;Incorporado;2024-12;;https://miituzaingo.gov.ar/es/gobierno-abierto/transparencia/cuentas-claras/2024#main-content;2026-09-11
06410;Ituzaingó;Empleo industrial;Incorporado;2025-12;;https://miituzaingo.gov.ar/es/gobierno-abierto/transparencia/cuentas-claras/2024#main-content;2026-09-11
06410;Ituzaingó;Desempleo, informalidad y pobreza por ingresos;Sin serie comparable para 135;;"Encuesta representativa del municipio con metodología y muestra; los datos por aglomerado no representan automáticamente cada partido.";https://miituzaingo.gov.ar/es/gobierno-abierto/transparencia/cuentas-claras/2024#main-content;2026-09-11
06412;José C. Paz;Cuenta fiscal comparable;Incorporado;enero–junio 2026;;https://josecpaz.gob.ar/situacion-economica-financiera/;2026-09-11
06412;José C. Paz;Presupuesto original 2026;Pendiente;2026;"Ordenanza de presupuesto 2026 aprobada y total de erogaciones; identificar los organismos incluidos.";https://josecpaz.gob.ar/situacion-economica-financiera/;2026-09-11
06412;José C. Paz;Presupuesto vigente 2026;Incorporado;2026-06-30;;https://josecpaz.gob.ar/situacion-economica-financiera/;2026-09-11
06412;José C. Paz;Saldo de tesorería;Pendiente;;Estado de tesorería conciliado: bancos, efectivo, valores y fondos afectados. El saldo total no equivale a caja libre.;https://josecpaz.gob.ar/situacion-economica-financiera/;2026-09-11
06412;José C. Paz;Caja libre;Pendiente;;Caja de libre disponibilidad conciliada, descontando fondos afectados y obligaciones exigibles.;https://josecpaz.gob.ar/situacion-economica-financiera/;2026-09-11
06412;José C. Paz;Stock de deuda municipal;Pendiente;;"Planilla de deuda consolidada y flotante, contratos, moneda y corte; separar pasivos contables y evitar sumarlos dos veces.";https://josecpaz.gob.ar/situacion-economica-financiera/;2026-09-11
06412;José C. Paz;Calendario futuro de deuda;Pendiente;;"Planilla de vencimientos futuros de capital e intereses, por contrato y fecha; separar lo ya pagado del año.";https://josecpaz.gob.ar/situacion-economica-financiera/;2026-09-11
06412;José C. Paz;Deuda con proveedores vencida;Pendiente;;Antigüedad y vencimiento de facturas pendientes, conciliados con la deuda flotante. Pendiente no significa vencida.;https://josecpaz.gob.ar/situacion-economica-financiera/;2026-09-11
06412;José C. Paz;Flujos fiscales mensuales;Pendiente;;"Ingresos percibidos y gastos devengados por mes, sin acumulación; necesarios para ajustar cada flujo por IPC.";https://josecpaz.gob.ar/situacion-economica-financiera/;2026-09-11
06412;José C. Paz;Cierres fiscales anuales 2021–2025;Sin serie anual incorporada;;"CAIF de cierre anual 2021–2025 con los mismos organismos; no anualizar semestres.";https://josecpaz.gob.ar/situacion-economica-financiera/;2026-09-11
06412;José C. Paz;Transferencias provinciales;Incorporado;2025-01 a 2026-07;;https://josecpaz.gob.ar/situacion-economica-financiera/;2026-09-11
06412;José C. Paz;Empleo y salarios privados formales;Incorporado;2019-01 a 2025-12;;https://josecpaz.gob.ar/situacion-economica-financiera/;2026-09-11
06412;José C. Paz;Población y condiciones de vida;Incorporado;Censo 2022;;https://josecpaz.gob.ar/situacion-economica-financiera/;2026-09-11
06412;José C. Paz;Producto municipal;Incorporado;"2021–2023; precios 2004";;https://josecpaz.gob.ar/situacion-economica-financiera/;2026-09-11
06412;José C. Paz;Delitos registrados;Incorporado;2024–2025;;https://josecpaz.gob.ar/situacion-economica-financiera/;2026-09-11
06412;José C. Paz;Deuda de personas;Incorporado;2026-07;;https://josecpaz.gob.ar/situacion-economica-financiera/;2026-09-11
06412;José C. Paz;Préstamos y depósitos bancarios;Incorporado;2024-12;;https://josecpaz.gob.ar/situacion-economica-financiera/;2026-09-11
06412;José C. Paz;Empleo industrial;Incorporado;2025-12;;https://josecpaz.gob.ar/situacion-economica-financiera/;2026-09-11
06412;José C. Paz;Desempleo, informalidad y pobreza por ingresos;Sin serie comparable para 135;;"Encuesta representativa del municipio con metodología y muestra; los datos por aglomerado no representan automáticamente cada partido.";https://josecpaz.gob.ar/situacion-economica-financiera/;2026-09-11
06413;Junín;Cuenta fiscal comparable;Incorporado;enero–junio 2026;;https://www.junin.gob.ar/programa/estado-economico;2026-09-11
06413;Junín;Presupuesto original 2026;Pendiente;2026;"Ordenanza de presupuesto 2026 aprobada y total de erogaciones; identificar los organismos incluidos.";https://www.junin.gob.ar/programa/estado-economico;2026-09-11
06413;Junín;Presupuesto vigente 2026;Incorporado;2026-06-30;;https://www.junin.gob.ar/programa/estado-economico;2026-09-11
06413;Junín;Saldo de tesorería;Pendiente;;Estado de tesorería conciliado: bancos, efectivo, valores y fondos afectados. El saldo total no equivale a caja libre.;https://www.junin.gob.ar/programa/estado-economico;2026-09-11
06413;Junín;Caja libre;Pendiente;;Caja de libre disponibilidad conciliada, descontando fondos afectados y obligaciones exigibles.;https://www.junin.gob.ar/programa/estado-economico;2026-09-11
06413;Junín;Stock de deuda municipal;Pendiente;;"Planilla de deuda consolidada y flotante, contratos, moneda y corte; separar pasivos contables y evitar sumarlos dos veces.";https://www.junin.gob.ar/programa/estado-economico;2026-09-11
06413;Junín;Calendario futuro de deuda;Pendiente;;"Planilla de vencimientos futuros de capital e intereses, por contrato y fecha; separar lo ya pagado del año.";https://www.junin.gob.ar/programa/estado-economico;2026-09-11
06413;Junín;Deuda con proveedores vencida;Pendiente;;Antigüedad y vencimiento de facturas pendientes, conciliados con la deuda flotante. Pendiente no significa vencida.;https://www.junin.gob.ar/programa/estado-economico;2026-09-11
06413;Junín;Flujos fiscales mensuales;Pendiente;;"Ingresos percibidos y gastos devengados por mes, sin acumulación; necesarios para ajustar cada flujo por IPC.";https://www.junin.gob.ar/programa/estado-economico;2026-09-11
06413;Junín;Cierres fiscales anuales 2021–2025;Sin serie anual incorporada;;"CAIF de cierre anual 2021–2025 con los mismos organismos; no anualizar semestres.";https://www.junin.gob.ar/programa/estado-economico;2026-09-11
06413;Junín;Transferencias provinciales;Incorporado;2025-01 a 2026-07;;https://www.junin.gob.ar/programa/estado-economico;2026-09-11
06413;Junín;Empleo y salarios privados formales;Incorporado;2019-01 a 2025-12;;https://www.junin.gob.ar/programa/estado-economico;2026-09-11
06413;Junín;Población y condiciones de vida;Incorporado;Censo 2022;;https://www.junin.gob.ar/programa/estado-economico;2026-09-11
06413;Junín;Producto municipal;Incorporado;"2021–2023; precios 2004";;https://www.junin.gob.ar/programa/estado-economico;2026-09-11
06413;Junín;Delitos registrados;Incorporado;2024–2025;;https://www.junin.gob.ar/programa/estado-economico;2026-09-11
06413;Junín;Deuda de personas;Incorporado;2026-07;;https://www.junin.gob.ar/programa/estado-economico;2026-09-11
06413;Junín;Préstamos y depósitos bancarios;Incorporado;2024-12;;https://www.junin.gob.ar/programa/estado-economico;2026-09-11
06413;Junín;Empleo industrial;Incorporado;2025-12;;https://www.junin.gob.ar/programa/estado-economico;2026-09-11
06413;Junín;Desempleo, informalidad y pobreza por ingresos;Sin serie comparable para 135;;"Encuesta representativa del municipio con metodología y muestra; los datos por aglomerado no representan automáticamente cada partido.";https://www.junin.gob.ar/programa/estado-economico;2026-09-11
06420;La Costa;Cuenta fiscal comparable;Pendiente;enero–junio 2026;Cuenta ahorro-inversión-financiamiento (CAIF) enero–junio 2026, o ejecuciones por carácter económico conciliadas que excluyan financiamiento.;http://www.lacosta.gov.ar/;2026-09-11
06420;La Costa;Presupuesto original 2026;Pendiente;;"Ordenanza de presupuesto 2026 aprobada y total de erogaciones; identificar los organismos incluidos.";http://www.lacosta.gov.ar/;2026-09-11
06420;La Costa;Presupuesto vigente 2026;Pendiente;;Crédito anual vigente 2026 y modificaciones, con fecha de corte y saldo inicial anual.;http://www.lacosta.gov.ar/;2026-09-11
06420;La Costa;Saldo de tesorería;Pendiente;;Estado de tesorería conciliado: bancos, efectivo, valores y fondos afectados. El saldo total no equivale a caja libre.;http://www.lacosta.gov.ar/;2026-09-11
06420;La Costa;Caja libre;Pendiente;;Caja de libre disponibilidad conciliada, descontando fondos afectados y obligaciones exigibles.;http://www.lacosta.gov.ar/;2026-09-11
06420;La Costa;Stock de deuda municipal;Pendiente;;"Planilla de deuda consolidada y flotante, contratos, moneda y corte; separar pasivos contables y evitar sumarlos dos veces.";http://www.lacosta.gov.ar/;2026-09-11
06420;La Costa;Calendario futuro de deuda;Pendiente;;"Planilla de vencimientos futuros de capital e intereses, por contrato y fecha; separar lo ya pagado del año.";http://www.lacosta.gov.ar/;2026-09-11
06420;La Costa;Deuda con proveedores vencida;Pendiente;;Antigüedad y vencimiento de facturas pendientes, conciliados con la deuda flotante. Pendiente no significa vencida.;http://www.lacosta.gov.ar/;2026-09-11
06420;La Costa;Flujos fiscales mensuales;Pendiente;;"Ingresos percibidos y gastos devengados por mes, sin acumulación; necesarios para ajustar cada flujo por IPC.";http://www.lacosta.gov.ar/;2026-09-11
06420;La Costa;Cierres fiscales anuales 2021–2025;Sin serie anual incorporada;;"CAIF de cierre anual 2021–2025 con los mismos organismos; no anualizar semestres.";http://www.lacosta.gov.ar/;2026-09-11
06420;La Costa;Transferencias provinciales;Incorporado;2025-01 a 2026-07;;http://www.lacosta.gov.ar/;2026-09-11
06420;La Costa;Empleo y salarios privados formales;Incorporado;2019-01 a 2025-12;;http://www.lacosta.gov.ar/;2026-09-11
06420;La Costa;Población y condiciones de vida;Incorporado;Censo 2022;;http://www.lacosta.gov.ar/;2026-09-11
06420;La Costa;Producto municipal;Incorporado;"2021–2023; precios 2004";;http://www.lacosta.gov.ar/;2026-09-11
06420;La Costa;Delitos registrados;Incorporado;2024–2025;;http://www.lacosta.gov.ar/;2026-09-11
06420;La Costa;Deuda de personas;Incorporado;2026-07;;http://www.lacosta.gov.ar/;2026-09-11
06420;La Costa;Préstamos y depósitos bancarios;Incorporado;2024-12;;http://www.lacosta.gov.ar/;2026-09-11
06420;La Costa;Empleo industrial;Incorporado;2025-12;;http://www.lacosta.gov.ar/;2026-09-11
06420;La Costa;Desempleo, informalidad y pobreza por ingresos;Sin serie comparable para 135;;"Encuesta representativa del municipio con metodología y muestra; los datos por aglomerado no representan automáticamente cada partido.";http://www.lacosta.gov.ar/;2026-09-11
06427;La Matanza;Cuenta fiscal comparable;Incorporado;enero–junio 2026;;https://www.lamatanza.gov.ar/economia/informes-periodicos;2026-09-11
06427;La Matanza;Presupuesto original 2026;Pendiente;2026;"Ordenanza de presupuesto 2026 aprobada y total de erogaciones; identificar los organismos incluidos.";https://www.lamatanza.gov.ar/economia/informes-periodicos;2026-09-11
06427;La Matanza;Presupuesto vigente 2026;Incorporado;2026-06-30;;https://www.lamatanza.gov.ar/economia/informes-periodicos;2026-09-11
06427;La Matanza;Saldo de tesorería;Pendiente;;Estado de tesorería conciliado: bancos, efectivo, valores y fondos afectados. El saldo total no equivale a caja libre.;https://www.lamatanza.gov.ar/economia/informes-periodicos;2026-09-11
06427;La Matanza;Caja libre;Pendiente;;Caja de libre disponibilidad conciliada, descontando fondos afectados y obligaciones exigibles.;https://www.lamatanza.gov.ar/economia/informes-periodicos;2026-09-11
06427;La Matanza;Stock de deuda municipal;Pendiente;;"Planilla de deuda consolidada y flotante, contratos, moneda y corte; separar pasivos contables y evitar sumarlos dos veces.";https://www.lamatanza.gov.ar/economia/informes-periodicos;2026-09-11
06427;La Matanza;Calendario futuro de deuda;Pendiente;;"Planilla de vencimientos futuros de capital e intereses, por contrato y fecha; separar lo ya pagado del año.";https://www.lamatanza.gov.ar/economia/informes-periodicos;2026-09-11
06427;La Matanza;Deuda con proveedores vencida;Pendiente;;Antigüedad y vencimiento de facturas pendientes, conciliados con la deuda flotante. Pendiente no significa vencida.;https://www.lamatanza.gov.ar/economia/informes-periodicos;2026-09-11
06427;La Matanza;Flujos fiscales mensuales;Pendiente;;"Ingresos percibidos y gastos devengados por mes, sin acumulación; necesarios para ajustar cada flujo por IPC.";https://www.lamatanza.gov.ar/economia/informes-periodicos;2026-09-11
06427;La Matanza;Cierres fiscales anuales 2021–2025;Sin serie anual incorporada;;"CAIF de cierre anual 2021–2025 con los mismos organismos; no anualizar semestres.";https://www.lamatanza.gov.ar/economia/informes-periodicos;2026-09-11
06427;La Matanza;Transferencias provinciales;Incorporado;2025-01 a 2026-07;;https://www.lamatanza.gov.ar/economia/informes-periodicos;2026-09-11
06427;La Matanza;Empleo y salarios privados formales;Incorporado;2019-01 a 2025-12;;https://www.lamatanza.gov.ar/economia/informes-periodicos;2026-09-11
06427;La Matanza;Población y condiciones de vida;Incorporado;Censo 2022;;https://www.lamatanza.gov.ar/economia/informes-periodicos;2026-09-11
06427;La Matanza;Producto municipal;Incorporado;"2021–2023; precios 2004";;https://www.lamatanza.gov.ar/economia/informes-periodicos;2026-09-11
06427;La Matanza;Delitos registrados;Incorporado;2024–2025;;https://www.lamatanza.gov.ar/economia/informes-periodicos;2026-09-11
06427;La Matanza;Deuda de personas;Incorporado;2026-07;;https://www.lamatanza.gov.ar/economia/informes-periodicos;2026-09-11
06427;La Matanza;Préstamos y depósitos bancarios;Incorporado;2024-12;;https://www.lamatanza.gov.ar/economia/informes-periodicos;2026-09-11
06427;La Matanza;Empleo industrial;Incorporado;2025-12;;https://www.lamatanza.gov.ar/economia/informes-periodicos;2026-09-11
06427;La Matanza;Desempleo, informalidad y pobreza por ingresos;Sin serie comparable para 135;;"Encuesta representativa del municipio con metodología y muestra; los datos por aglomerado no representan automáticamente cada partido.";https://www.lamatanza.gov.ar/economia/informes-periodicos;2026-09-11
06441;La Plata;Cuenta fiscal comparable;Pendiente;enero–junio 2026;Cuenta ahorro-inversión-financiamiento (CAIF) enero–junio 2026, o ejecuciones por carácter económico conciliadas que excluyan financiamiento.;https://www.laplata.gob.ar/descargas/presupuestos/2026/Situacion%20Econmico%20Financiera%20-%201er%20Trimestre%202026.pdf;2026-09-11
06441;La Plata;Presupuesto original 2026;Pendiente;2026;"Ordenanza de presupuesto 2026 aprobada y total de erogaciones; identificar los organismos incluidos.";https://www.laplata.gob.ar/descargas/presupuestos/2026/Situacion%20Econmico%20Financiera%20-%201er%20Trimestre%202026.pdf;2026-09-11
06441;La Plata;Presupuesto vigente 2026;Incorporado;2026-03-31;;https://www.laplata.gob.ar/descargas/presupuestos/2026/Situacion%20Econmico%20Financiera%20-%201er%20Trimestre%202026.pdf;2026-09-11
06441;La Plata;Saldo de tesorería;Pendiente;;Estado de tesorería conciliado: bancos, efectivo, valores y fondos afectados. El saldo total no equivale a caja libre.;https://www.laplata.gob.ar/descargas/presupuestos/2026/Situacion%20Econmico%20Financiera%20-%201er%20Trimestre%202026.pdf;2026-09-11
06441;La Plata;Caja libre;Pendiente;;Caja de libre disponibilidad conciliada, descontando fondos afectados y obligaciones exigibles.;https://www.laplata.gob.ar/descargas/presupuestos/2026/Situacion%20Econmico%20Financiera%20-%201er%20Trimestre%202026.pdf;2026-09-11
06441;La Plata;Stock de deuda municipal;Pendiente;;"Planilla de deuda consolidada y flotante, contratos, moneda y corte; separar pasivos contables y evitar sumarlos dos veces.";https://www.laplata.gob.ar/descargas/presupuestos/2026/Situacion%20Econmico%20Financiera%20-%201er%20Trimestre%202026.pdf;2026-09-11
06441;La Plata;Calendario futuro de deuda;Pendiente;;"Planilla de vencimientos futuros de capital e intereses, por contrato y fecha; separar lo ya pagado del año.";https://www.laplata.gob.ar/descargas/presupuestos/2026/Situacion%20Econmico%20Financiera%20-%201er%20Trimestre%202026.pdf;2026-09-11
06441;La Plata;Deuda con proveedores vencida;Pendiente;;Antigüedad y vencimiento de facturas pendientes, conciliados con la deuda flotante. Pendiente no significa vencida.;https://www.laplata.gob.ar/descargas/presupuestos/2026/Situacion%20Econmico%20Financiera%20-%201er%20Trimestre%202026.pdf;2026-09-11
06441;La Plata;Flujos fiscales mensuales;Pendiente;;"Ingresos percibidos y gastos devengados por mes, sin acumulación; necesarios para ajustar cada flujo por IPC.";https://www.laplata.gob.ar/descargas/presupuestos/2026/Situacion%20Econmico%20Financiera%20-%201er%20Trimestre%202026.pdf;2026-09-11
06441;La Plata;Cierres fiscales anuales 2021–2025;Sin serie anual incorporada;;"CAIF de cierre anual 2021–2025 con los mismos organismos; no anualizar semestres.";https://www.laplata.gob.ar/descargas/presupuestos/2026/Situacion%20Econmico%20Financiera%20-%201er%20Trimestre%202026.pdf;2026-09-11
06441;La Plata;Transferencias provinciales;Incorporado;2025-01 a 2026-07;;https://www.laplata.gob.ar/descargas/presupuestos/2026/Situacion%20Econmico%20Financiera%20-%201er%20Trimestre%202026.pdf;2026-09-11
06441;La Plata;Empleo y salarios privados formales;Incorporado;2019-01 a 2025-12;;https://www.laplata.gob.ar/descargas/presupuestos/2026/Situacion%20Econmico%20Financiera%20-%201er%20Trimestre%202026.pdf;2026-09-11
06441;La Plata;Población y condiciones de vida;Incorporado;Censo 2022;;https://www.laplata.gob.ar/descargas/presupuestos/2026/Situacion%20Econmico%20Financiera%20-%201er%20Trimestre%202026.pdf;2026-09-11
06441;La Plata;Producto municipal;Incorporado;"2021–2023; precios 2004";;https://www.laplata.gob.ar/descargas/presupuestos/2026/Situacion%20Econmico%20Financiera%20-%201er%20Trimestre%202026.pdf;2026-09-11
06441;La Plata;Delitos registrados;Incorporado;2024–2025;;https://www.laplata.gob.ar/descargas/presupuestos/2026/Situacion%20Econmico%20Financiera%20-%201er%20Trimestre%202026.pdf;2026-09-11
06441;La Plata;Deuda de personas;Incorporado;2026-07;;https://www.laplata.gob.ar/descargas/presupuestos/2026/Situacion%20Econmico%20Financiera%20-%201er%20Trimestre%202026.pdf;2026-09-11
06441;La Plata;Préstamos y depósitos bancarios;Incorporado;2024-12;;https://www.laplata.gob.ar/descargas/presupuestos/2026/Situacion%20Econmico%20Financiera%20-%201er%20Trimestre%202026.pdf;2026-09-11
06441;La Plata;Empleo industrial;Incorporado;2025-12;;https://www.laplata.gob.ar/descargas/presupuestos/2026/Situacion%20Econmico%20Financiera%20-%201er%20Trimestre%202026.pdf;2026-09-11
06441;La Plata;Desempleo, informalidad y pobreza por ingresos;Sin serie comparable para 135;;"Encuesta representativa del municipio con metodología y muestra; los datos por aglomerado no representan automáticamente cada partido.";https://www.laplata.gob.ar/descargas/presupuestos/2026/Situacion%20Econmico%20Financiera%20-%201er%20Trimestre%202026.pdf;2026-09-11
06434;Lanús;Cuenta fiscal comparable;Incorporado;enero–junio 2026;;https://www.lanus.gob.ar/documentos-oficiales?page=2;2026-09-11
06434;Lanús;Presupuesto original 2026;Pendiente;2026;"Ordenanza de presupuesto 2026 aprobada y total de erogaciones; identificar los organismos incluidos.";https://www.lanus.gob.ar/documentos-oficiales?page=2;2026-09-11
06434;Lanús;Presupuesto vigente 2026;Incorporado;2026-06-30;;https://www.lanus.gob.ar/documentos-oficiales?page=2;2026-09-11
06434;Lanús;Saldo de tesorería;Pendiente;;Estado de tesorería conciliado: bancos, efectivo, valores y fondos afectados. El saldo total no equivale a caja libre.;https://www.lanus.gob.ar/documentos-oficiales?page=2;2026-09-11
06434;Lanús;Caja libre;Pendiente;;Caja de libre disponibilidad conciliada, descontando fondos afectados y obligaciones exigibles.;https://www.lanus.gob.ar/documentos-oficiales?page=2;2026-09-11
06434;Lanús;Stock de deuda municipal;Pendiente;;"Planilla de deuda consolidada y flotante, contratos, moneda y corte; separar pasivos contables y evitar sumarlos dos veces.";https://www.lanus.gob.ar/documentos-oficiales?page=2;2026-09-11
06434;Lanús;Calendario futuro de deuda;Pendiente;;"Planilla de vencimientos futuros de capital e intereses, por contrato y fecha; separar lo ya pagado del año.";https://www.lanus.gob.ar/documentos-oficiales?page=2;2026-09-11
06434;Lanús;Deuda con proveedores vencida;Pendiente;;Antigüedad y vencimiento de facturas pendientes, conciliados con la deuda flotante. Pendiente no significa vencida.;https://www.lanus.gob.ar/documentos-oficiales?page=2;2026-09-11
06434;Lanús;Flujos fiscales mensuales;Pendiente;;"Ingresos percibidos y gastos devengados por mes, sin acumulación; necesarios para ajustar cada flujo por IPC.";https://www.lanus.gob.ar/documentos-oficiales?page=2;2026-09-11
06434;Lanús;Cierres fiscales anuales 2021–2025;Sin serie anual incorporada;;"CAIF de cierre anual 2021–2025 con los mismos organismos; no anualizar semestres.";https://www.lanus.gob.ar/documentos-oficiales?page=2;2026-09-11
06434;Lanús;Transferencias provinciales;Incorporado;2025-01 a 2026-07;;https://www.lanus.gob.ar/documentos-oficiales?page=2;2026-09-11
06434;Lanús;Empleo y salarios privados formales;Incorporado;2019-01 a 2025-12;;https://www.lanus.gob.ar/documentos-oficiales?page=2;2026-09-11
06434;Lanús;Población y condiciones de vida;Incorporado;Censo 2022;;https://www.lanus.gob.ar/documentos-oficiales?page=2;2026-09-11
06434;Lanús;Producto municipal;Incorporado;"2021–2023; precios 2004";;https://www.lanus.gob.ar/documentos-oficiales?page=2;2026-09-11
06434;Lanús;Delitos registrados;Incorporado;2024–2025;;https://www.lanus.gob.ar/documentos-oficiales?page=2;2026-09-11
06434;Lanús;Deuda de personas;Incorporado;2026-07;;https://www.lanus.gob.ar/documentos-oficiales?page=2;2026-09-11
06434;Lanús;Préstamos y depósitos bancarios;Incorporado;2024-12;;https://www.lanus.gob.ar/documentos-oficiales?page=2;2026-09-11
06434;Lanús;Empleo industrial;Incorporado;2025-12;;https://www.lanus.gob.ar/documentos-oficiales?page=2;2026-09-11
06434;Lanús;Desempleo, informalidad y pobreza por ingresos;Sin serie comparable para 135;;"Encuesta representativa del municipio con metodología y muestra; los datos por aglomerado no representan automáticamente cada partido.";https://www.lanus.gob.ar/documentos-oficiales?page=2;2026-09-11
06448;Laprida;Cuenta fiscal comparable;Pendiente;enero–junio 2026;Cuenta ahorro-inversión-financiamiento (CAIF) enero–junio 2026, o ejecuciones por carácter económico conciliadas que excluyan financiamiento.;https://www.laprida.gov.ar/index.php/contenido/archivo/situacion;2026-09-11
06448;Laprida;Presupuesto original 2026;Pendiente;;"Ordenanza de presupuesto 2026 aprobada y total de erogaciones; identificar los organismos incluidos.";https://www.laprida.gov.ar/index.php/contenido/archivo/situacion;2026-09-11
06448;Laprida;Presupuesto vigente 2026;Pendiente;;Crédito anual vigente 2026 y modificaciones, con fecha de corte y saldo inicial anual.;https://www.laprida.gov.ar/index.php/contenido/archivo/situacion;2026-09-11
06448;Laprida;Saldo de tesorería;Pendiente;;Estado de tesorería conciliado: bancos, efectivo, valores y fondos afectados. El saldo total no equivale a caja libre.;https://www.laprida.gov.ar/index.php/contenido/archivo/situacion;2026-09-11
06448;Laprida;Caja libre;Pendiente;;Caja de libre disponibilidad conciliada, descontando fondos afectados y obligaciones exigibles.;https://www.laprida.gov.ar/index.php/contenido/archivo/situacion;2026-09-11
06448;Laprida;Stock de deuda municipal;Pendiente;;"Planilla de deuda consolidada y flotante, contratos, moneda y corte; separar pasivos contables y evitar sumarlos dos veces.";https://www.laprida.gov.ar/index.php/contenido/archivo/situacion;2026-09-11
06448;Laprida;Calendario futuro de deuda;Pendiente;;"Planilla de vencimientos futuros de capital e intereses, por contrato y fecha; separar lo ya pagado del año.";https://www.laprida.gov.ar/index.php/contenido/archivo/situacion;2026-09-11
06448;Laprida;Deuda con proveedores vencida;Pendiente;;Antigüedad y vencimiento de facturas pendientes, conciliados con la deuda flotante. Pendiente no significa vencida.;https://www.laprida.gov.ar/index.php/contenido/archivo/situacion;2026-09-11
06448;Laprida;Flujos fiscales mensuales;Pendiente;;"Ingresos percibidos y gastos devengados por mes, sin acumulación; necesarios para ajustar cada flujo por IPC.";https://www.laprida.gov.ar/index.php/contenido/archivo/situacion;2026-09-11
06448;Laprida;Cierres fiscales anuales 2021–2025;Sin serie anual incorporada;;"CAIF de cierre anual 2021–2025 con los mismos organismos; no anualizar semestres.";https://www.laprida.gov.ar/index.php/contenido/archivo/situacion;2026-09-11
06448;Laprida;Transferencias provinciales;Incorporado;2025-01 a 2026-07;;https://www.laprida.gov.ar/index.php/contenido/archivo/situacion;2026-09-11
06448;Laprida;Empleo y salarios privados formales;Incorporado;2019-01 a 2025-12;;https://www.laprida.gov.ar/index.php/contenido/archivo/situacion;2026-09-11
06448;Laprida;Población y condiciones de vida;Incorporado;Censo 2022;;https://www.laprida.gov.ar/index.php/contenido/archivo/situacion;2026-09-11
06448;Laprida;Producto municipal;Incorporado;"2021–2023; precios 2004";;https://www.laprida.gov.ar/index.php/contenido/archivo/situacion;2026-09-11
06448;Laprida;Delitos registrados;Incorporado;2024–2025;;https://www.laprida.gov.ar/index.php/contenido/archivo/situacion;2026-09-11
06448;Laprida;Deuda de personas;Incorporado;2026-07;;https://www.laprida.gov.ar/index.php/contenido/archivo/situacion;2026-09-11
06448;Laprida;Préstamos y depósitos bancarios;Reservado o sin cifra de origen;2024-12;"Cifra publicada por localización BCRA/DPE; las reservas estadísticas no se completan con cero.";https://www.laprida.gov.ar/index.php/contenido/archivo/situacion;2026-09-11
06448;Laprida;Empleo industrial;Incorporado;2025-12;;https://www.laprida.gov.ar/index.php/contenido/archivo/situacion;2026-09-11
06448;Laprida;Desempleo, informalidad y pobreza por ingresos;Sin serie comparable para 135;;"Encuesta representativa del municipio con metodología y muestra; los datos por aglomerado no representan automáticamente cada partido.";https://www.laprida.gov.ar/index.php/contenido/archivo/situacion;2026-09-11
06455;Las Flores;Cuenta fiscal comparable;Pendiente;enero–junio 2026;Cuenta ahorro-inversión-financiamiento (CAIF) enero–junio 2026, o ejecuciones por carácter económico conciliadas que excluyan financiamiento.;https://lasflores.gob.ar/transparencia;2026-09-11
06455;Las Flores;Presupuesto original 2026;Incorporado;2026;;https://lasflores.gob.ar/transparencia;2026-09-11
06455;Las Flores;Presupuesto vigente 2026;Pendiente;2025-12-29;Crédito anual vigente 2026 y modificaciones, con fecha de corte y saldo inicial anual.;https://lasflores.gob.ar/transparencia;2026-09-11
06455;Las Flores;Saldo de tesorería;Pendiente;;Estado de tesorería conciliado: bancos, efectivo, valores y fondos afectados. El saldo total no equivale a caja libre.;https://lasflores.gob.ar/transparencia;2026-09-11
06455;Las Flores;Caja libre;Pendiente;;Caja de libre disponibilidad conciliada, descontando fondos afectados y obligaciones exigibles.;https://lasflores.gob.ar/transparencia;2026-09-11
06455;Las Flores;Stock de deuda municipal;Pendiente;;"Planilla de deuda consolidada y flotante, contratos, moneda y corte; separar pasivos contables y evitar sumarlos dos veces.";https://lasflores.gob.ar/transparencia;2026-09-11
06455;Las Flores;Calendario futuro de deuda;Pendiente;;"Planilla de vencimientos futuros de capital e intereses, por contrato y fecha; separar lo ya pagado del año.";https://lasflores.gob.ar/transparencia;2026-09-11
06455;Las Flores;Deuda con proveedores vencida;Pendiente;;Antigüedad y vencimiento de facturas pendientes, conciliados con la deuda flotante. Pendiente no significa vencida.;https://lasflores.gob.ar/transparencia;2026-09-11
06455;Las Flores;Flujos fiscales mensuales;Pendiente;;"Ingresos percibidos y gastos devengados por mes, sin acumulación; necesarios para ajustar cada flujo por IPC.";https://lasflores.gob.ar/transparencia;2026-09-11
06455;Las Flores;Cierres fiscales anuales 2021–2025;Sin serie anual incorporada;;"CAIF de cierre anual 2021–2025 con los mismos organismos; no anualizar semestres.";https://lasflores.gob.ar/transparencia;2026-09-11
06455;Las Flores;Transferencias provinciales;Incorporado;2025-01 a 2026-07;;https://lasflores.gob.ar/transparencia;2026-09-11
06455;Las Flores;Empleo y salarios privados formales;Incorporado;2019-01 a 2025-12;;https://lasflores.gob.ar/transparencia;2026-09-11
06455;Las Flores;Población y condiciones de vida;Incorporado;Censo 2022;;https://lasflores.gob.ar/transparencia;2026-09-11
06455;Las Flores;Producto municipal;Incorporado;"2021–2023; precios 2004";;https://lasflores.gob.ar/transparencia;2026-09-11
06455;Las Flores;Delitos registrados;Incorporado;2024–2025;;https://lasflores.gob.ar/transparencia;2026-09-11
06455;Las Flores;Deuda de personas;Incorporado;2026-07;;https://lasflores.gob.ar/transparencia;2026-09-11
06455;Las Flores;Préstamos y depósitos bancarios;Incorporado;2024-12;;https://lasflores.gob.ar/transparencia;2026-09-11
06455;Las Flores;Empleo industrial;Incorporado;2025-12;;https://lasflores.gob.ar/transparencia;2026-09-11
06455;Las Flores;Desempleo, informalidad y pobreza por ingresos;Sin serie comparable para 135;;"Encuesta representativa del municipio con metodología y muestra; los datos por aglomerado no representan automáticamente cada partido.";https://lasflores.gob.ar/transparencia;2026-09-11
06462;Leandro N. Alem;Cuenta fiscal comparable;Pendiente;enero–junio 2026;Cuenta ahorro-inversión-financiamiento (CAIF) enero–junio 2026, o ejecuciones por carácter económico conciliadas que excluyan financiamiento.;https://municipioalem.gob.ar/?q=transparencia;2026-09-11
06462;Leandro N. Alem;Presupuesto original 2026;Pendiente;;"Ordenanza de presupuesto 2026 aprobada y total de erogaciones; identificar los organismos incluidos.";https://municipioalem.gob.ar/?q=transparencia;2026-09-11
06462;Leandro N. Alem;Presupuesto vigente 2026;Pendiente;;Crédito anual vigente 2026 y modificaciones, con fecha de corte y saldo inicial anual.;https://municipioalem.gob.ar/?q=transparencia;2026-09-11
06462;Leandro N. Alem;Saldo de tesorería;Pendiente;;Estado de tesorería conciliado: bancos, efectivo, valores y fondos afectados. El saldo total no equivale a caja libre.;https://municipioalem.gob.ar/?q=transparencia;2026-09-11
06462;Leandro N. Alem;Caja libre;Pendiente;;Caja de libre disponibilidad conciliada, descontando fondos afectados y obligaciones exigibles.;https://municipioalem.gob.ar/?q=transparencia;2026-09-11
06462;Leandro N. Alem;Stock de deuda municipal;Pendiente;;"Planilla de deuda consolidada y flotante, contratos, moneda y corte; separar pasivos contables y evitar sumarlos dos veces.";https://municipioalem.gob.ar/?q=transparencia;2026-09-11
06462;Leandro N. Alem;Calendario futuro de deuda;Pendiente;;"Planilla de vencimientos futuros de capital e intereses, por contrato y fecha; separar lo ya pagado del año.";https://municipioalem.gob.ar/?q=transparencia;2026-09-11
06462;Leandro N. Alem;Deuda con proveedores vencida;Pendiente;;Antigüedad y vencimiento de facturas pendientes, conciliados con la deuda flotante. Pendiente no significa vencida.;https://municipioalem.gob.ar/?q=transparencia;2026-09-11
06462;Leandro N. Alem;Flujos fiscales mensuales;Pendiente;;"Ingresos percibidos y gastos devengados por mes, sin acumulación; necesarios para ajustar cada flujo por IPC.";https://municipioalem.gob.ar/?q=transparencia;2026-09-11
06462;Leandro N. Alem;Cierres fiscales anuales 2021–2025;Sin serie anual incorporada;;"CAIF de cierre anual 2021–2025 con los mismos organismos; no anualizar semestres.";https://municipioalem.gob.ar/?q=transparencia;2026-09-11
06462;Leandro N. Alem;Transferencias provinciales;Incorporado;2025-01 a 2026-07;;https://municipioalem.gob.ar/?q=transparencia;2026-09-11
06462;Leandro N. Alem;Empleo y salarios privados formales;Incorporado;2019-01 a 2025-12;;https://municipioalem.gob.ar/?q=transparencia;2026-09-11
06462;Leandro N. Alem;Población y condiciones de vida;Incorporado;Censo 2022;;https://municipioalem.gob.ar/?q=transparencia;2026-09-11
06462;Leandro N. Alem;Producto municipal;Incorporado;"2021–2023; precios 2004";;https://municipioalem.gob.ar/?q=transparencia;2026-09-11
06462;Leandro N. Alem;Delitos registrados;Incorporado;2024–2025;;https://municipioalem.gob.ar/?q=transparencia;2026-09-11
06462;Leandro N. Alem;Deuda de personas;Incorporado;2026-07;;https://municipioalem.gob.ar/?q=transparencia;2026-09-11
06462;Leandro N. Alem;Préstamos y depósitos bancarios;Incorporado;2024-12;;https://municipioalem.gob.ar/?q=transparencia;2026-09-11
06462;Leandro N. Alem;Empleo industrial;Incorporado;2025-12;;https://municipioalem.gob.ar/?q=transparencia;2026-09-11
06462;Leandro N. Alem;Desempleo, informalidad y pobreza por ingresos;Sin serie comparable para 135;;"Encuesta representativa del municipio con metodología y muestra; los datos por aglomerado no representan automáticamente cada partido.";https://municipioalem.gob.ar/?q=transparencia;2026-09-11
06466;Lezama;Cuenta fiscal comparable;Pendiente;enero–junio 2026;Cuenta ahorro-inversión-financiamiento (CAIF) enero–junio 2026, o ejecuciones por carácter económico conciliadas que excluyan financiamiento.;https://lezama.gov.ar/situacion-financiera/;2026-09-11
06466;Lezama;Presupuesto original 2026;Pendiente;2024;"Ordenanza de presupuesto 2026 aprobada y total de erogaciones; identificar los organismos incluidos.";https://lezama.gov.ar/situacion-financiera/;2026-09-11
06466;Lezama;Presupuesto vigente 2026;Pendiente;2024-12-31;Crédito anual vigente 2026 y modificaciones, con fecha de corte y saldo inicial anual.;https://lezama.gov.ar/situacion-financiera/;2026-09-11
06466;Lezama;Saldo de tesorería;Pendiente;;Estado de tesorería conciliado: bancos, efectivo, valores y fondos afectados. El saldo total no equivale a caja libre.;https://lezama.gov.ar/situacion-financiera/;2026-09-11
06466;Lezama;Caja libre;Pendiente;;Caja de libre disponibilidad conciliada, descontando fondos afectados y obligaciones exigibles.;https://lezama.gov.ar/situacion-financiera/;2026-09-11
06466;Lezama;Stock de deuda municipal;Pendiente;;"Planilla de deuda consolidada y flotante, contratos, moneda y corte; separar pasivos contables y evitar sumarlos dos veces.";https://lezama.gov.ar/situacion-financiera/;2026-09-11
06466;Lezama;Calendario futuro de deuda;Pendiente;;"Planilla de vencimientos futuros de capital e intereses, por contrato y fecha; separar lo ya pagado del año.";https://lezama.gov.ar/situacion-financiera/;2026-09-11
06466;Lezama;Deuda con proveedores vencida;Pendiente;;Antigüedad y vencimiento de facturas pendientes, conciliados con la deuda flotante. Pendiente no significa vencida.;https://lezama.gov.ar/situacion-financiera/;2026-09-11
06466;Lezama;Flujos fiscales mensuales;Pendiente;;"Ingresos percibidos y gastos devengados por mes, sin acumulación; necesarios para ajustar cada flujo por IPC.";https://lezama.gov.ar/situacion-financiera/;2026-09-11
06466;Lezama;Cierres fiscales anuales 2021–2025;Sin serie anual incorporada;;"CAIF de cierre anual 2021–2025 con los mismos organismos; no anualizar semestres.";https://lezama.gov.ar/situacion-financiera/;2026-09-11
06466;Lezama;Transferencias provinciales;Incorporado;2025-01 a 2026-07;;https://lezama.gov.ar/situacion-financiera/;2026-09-11
06466;Lezama;Empleo y salarios privados formales;Incorporado;2019-01 a 2025-12;;https://lezama.gov.ar/situacion-financiera/;2026-09-11
06466;Lezama;Población y condiciones de vida;Incorporado;Censo 2022;;https://lezama.gov.ar/situacion-financiera/;2026-09-11
06466;Lezama;Producto municipal;Incorporado;"2021–2023; precios 2004";;https://lezama.gov.ar/situacion-financiera/;2026-09-11
06466;Lezama;Delitos registrados;Incorporado;2024–2025;;https://lezama.gov.ar/situacion-financiera/;2026-09-11
06466;Lezama;Deuda de personas;Incorporado;2026-07;;https://lezama.gov.ar/situacion-financiera/;2026-09-11
06466;Lezama;Préstamos y depósitos bancarios;Reservado o sin cifra de origen;2024-12;"Cifra publicada por localización BCRA/DPE; las reservas estadísticas no se completan con cero.";https://lezama.gov.ar/situacion-financiera/;2026-09-11
06466;Lezama;Empleo industrial;Incorporado;2025-12;;https://lezama.gov.ar/situacion-financiera/;2026-09-11
06466;Lezama;Desempleo, informalidad y pobreza por ingresos;Sin serie comparable para 135;;"Encuesta representativa del municipio con metodología y muestra; los datos por aglomerado no representan automáticamente cada partido.";https://lezama.gov.ar/situacion-financiera/;2026-09-11
06469;Lincoln;Cuenta fiscal comparable;Pendiente;enero–junio 2026;Cuenta ahorro-inversión-financiamiento (CAIF) enero–junio 2026, o ejecuciones por carácter económico conciliadas que excluyan financiamiento.;https://www.lincoln.gob.ar/?q=transparencia;2026-09-11
06469;Lincoln;Presupuesto original 2026;Pendiente;;"Ordenanza de presupuesto 2026 aprobada y total de erogaciones; identificar los organismos incluidos.";https://www.lincoln.gob.ar/?q=transparencia;2026-09-11
06469;Lincoln;Presupuesto vigente 2026;Pendiente;;Crédito anual vigente 2026 y modificaciones, con fecha de corte y saldo inicial anual.;https://www.lincoln.gob.ar/?q=transparencia;2026-09-11
06469;Lincoln;Saldo de tesorería;Pendiente;;Estado de tesorería conciliado: bancos, efectivo, valores y fondos afectados. El saldo total no equivale a caja libre.;https://www.lincoln.gob.ar/?q=transparencia;2026-09-11
06469;Lincoln;Caja libre;Pendiente;;Caja de libre disponibilidad conciliada, descontando fondos afectados y obligaciones exigibles.;https://www.lincoln.gob.ar/?q=transparencia;2026-09-11
06469;Lincoln;Stock de deuda municipal;Pendiente;;"Planilla de deuda consolidada y flotante, contratos, moneda y corte; separar pasivos contables y evitar sumarlos dos veces.";https://www.lincoln.gob.ar/?q=transparencia;2026-09-11
06469;Lincoln;Calendario futuro de deuda;Pendiente;;"Planilla de vencimientos futuros de capital e intereses, por contrato y fecha; separar lo ya pagado del año.";https://www.lincoln.gob.ar/?q=transparencia;2026-09-11
06469;Lincoln;Deuda con proveedores vencida;Pendiente;;Antigüedad y vencimiento de facturas pendientes, conciliados con la deuda flotante. Pendiente no significa vencida.;https://www.lincoln.gob.ar/?q=transparencia;2026-09-11
06469;Lincoln;Flujos fiscales mensuales;Pendiente;;"Ingresos percibidos y gastos devengados por mes, sin acumulación; necesarios para ajustar cada flujo por IPC.";https://www.lincoln.gob.ar/?q=transparencia;2026-09-11
06469;Lincoln;Cierres fiscales anuales 2021–2025;Sin serie anual incorporada;;"CAIF de cierre anual 2021–2025 con los mismos organismos; no anualizar semestres.";https://www.lincoln.gob.ar/?q=transparencia;2026-09-11
06469;Lincoln;Transferencias provinciales;Incorporado;2025-01 a 2026-07;;https://www.lincoln.gob.ar/?q=transparencia;2026-09-11
06469;Lincoln;Empleo y salarios privados formales;Incorporado;2019-01 a 2025-12;;https://www.lincoln.gob.ar/?q=transparencia;2026-09-11
06469;Lincoln;Población y condiciones de vida;Incorporado;Censo 2022;;https://www.lincoln.gob.ar/?q=transparencia;2026-09-11
06469;Lincoln;Producto municipal;Incorporado;"2021–2023; precios 2004";;https://www.lincoln.gob.ar/?q=transparencia;2026-09-11
06469;Lincoln;Delitos registrados;Incorporado;2024–2025;;https://www.lincoln.gob.ar/?q=transparencia;2026-09-11
06469;Lincoln;Deuda de personas;Incorporado;2026-07;;https://www.lincoln.gob.ar/?q=transparencia;2026-09-11
06469;Lincoln;Préstamos y depósitos bancarios;Incorporado;2024-12;;https://www.lincoln.gob.ar/?q=transparencia;2026-09-11
06469;Lincoln;Empleo industrial;Incorporado;2025-12;;https://www.lincoln.gob.ar/?q=transparencia;2026-09-11
06469;Lincoln;Desempleo, informalidad y pobreza por ingresos;Sin serie comparable para 135;;"Encuesta representativa del municipio con metodología y muestra; los datos por aglomerado no representan automáticamente cada partido.";https://www.lincoln.gob.ar/?q=transparencia;2026-09-11
06476;Lobería;Cuenta fiscal comparable;Incorporado;enero–junio 2026;;https://www.loberia.gov.ar/?q=reportes-economicos;2026-09-11
06476;Lobería;Presupuesto original 2026;Pendiente;2026;"Ordenanza de presupuesto 2026 aprobada y total de erogaciones; identificar los organismos incluidos.";https://www.loberia.gov.ar/?q=reportes-economicos;2026-09-11
06476;Lobería;Presupuesto vigente 2026;Incorporado;2026-06-30;;https://www.loberia.gov.ar/?q=reportes-economicos;2026-09-11
06476;Lobería;Saldo de tesorería;Pendiente;;Estado de tesorería conciliado: bancos, efectivo, valores y fondos afectados. El saldo total no equivale a caja libre.;https://www.loberia.gov.ar/?q=reportes-economicos;2026-09-11
06476;Lobería;Caja libre;Pendiente;;Caja de libre disponibilidad conciliada, descontando fondos afectados y obligaciones exigibles.;https://www.loberia.gov.ar/?q=reportes-economicos;2026-09-11
06476;Lobería;Stock de deuda municipal;Pendiente;;"Planilla de deuda consolidada y flotante, contratos, moneda y corte; separar pasivos contables y evitar sumarlos dos veces.";https://www.loberia.gov.ar/?q=reportes-economicos;2026-09-11
06476;Lobería;Calendario futuro de deuda;Pendiente;;"Planilla de vencimientos futuros de capital e intereses, por contrato y fecha; separar lo ya pagado del año.";https://www.loberia.gov.ar/?q=reportes-economicos;2026-09-11
06476;Lobería;Deuda con proveedores vencida;Pendiente;;Antigüedad y vencimiento de facturas pendientes, conciliados con la deuda flotante. Pendiente no significa vencida.;https://www.loberia.gov.ar/?q=reportes-economicos;2026-09-11
06476;Lobería;Flujos fiscales mensuales;Pendiente;;"Ingresos percibidos y gastos devengados por mes, sin acumulación; necesarios para ajustar cada flujo por IPC.";https://www.loberia.gov.ar/?q=reportes-economicos;2026-09-11
06476;Lobería;Cierres fiscales anuales 2021–2025;Sin serie anual incorporada;;"CAIF de cierre anual 2021–2025 con los mismos organismos; no anualizar semestres.";https://www.loberia.gov.ar/?q=reportes-economicos;2026-09-11
06476;Lobería;Transferencias provinciales;Incorporado;2025-01 a 2026-07;;https://www.loberia.gov.ar/?q=reportes-economicos;2026-09-11
06476;Lobería;Empleo y salarios privados formales;Incorporado;2019-01 a 2025-12;;https://www.loberia.gov.ar/?q=reportes-economicos;2026-09-11
06476;Lobería;Población y condiciones de vida;Incorporado;Censo 2022;;https://www.loberia.gov.ar/?q=reportes-economicos;2026-09-11
06476;Lobería;Producto municipal;Incorporado;"2021–2023; precios 2004";;https://www.loberia.gov.ar/?q=reportes-economicos;2026-09-11
06476;Lobería;Delitos registrados;Incorporado;2024–2025;;https://www.loberia.gov.ar/?q=reportes-economicos;2026-09-11
06476;Lobería;Deuda de personas;Incorporado;2026-07;;https://www.loberia.gov.ar/?q=reportes-economicos;2026-09-11
06476;Lobería;Préstamos y depósitos bancarios;Reservado o sin cifra de origen;2024-12;"Cifra publicada por localización BCRA/DPE; las reservas estadísticas no se completan con cero.";https://www.loberia.gov.ar/?q=reportes-economicos;2026-09-11
06476;Lobería;Empleo industrial;Incorporado;2025-12;;https://www.loberia.gov.ar/?q=reportes-economicos;2026-09-11
06476;Lobería;Desempleo, informalidad y pobreza por ingresos;Sin serie comparable para 135;;"Encuesta representativa del municipio con metodología y muestra; los datos por aglomerado no representan automáticamente cada partido.";https://www.loberia.gov.ar/?q=reportes-economicos;2026-09-11
06483;Lobos;Cuenta fiscal comparable;Incorporado;enero–junio 2026;;https://www.lobos.gob.ar/?q=estados-contables;2026-09-11
06483;Lobos;Presupuesto original 2026;Pendiente;2026;"Ordenanza de presupuesto 2026 aprobada y total de erogaciones; identificar los organismos incluidos.";https://www.lobos.gob.ar/?q=estados-contables;2026-09-11
06483;Lobos;Presupuesto vigente 2026;Incorporado;2026-06-30;;https://www.lobos.gob.ar/?q=estados-contables;2026-09-11
06483;Lobos;Saldo de tesorería;Pendiente;;Estado de tesorería conciliado: bancos, efectivo, valores y fondos afectados. El saldo total no equivale a caja libre.;https://www.lobos.gob.ar/?q=estados-contables;2026-09-11
06483;Lobos;Caja libre;Pendiente;;Caja de libre disponibilidad conciliada, descontando fondos afectados y obligaciones exigibles.;https://www.lobos.gob.ar/?q=estados-contables;2026-09-11
06483;Lobos;Stock de deuda municipal;Pendiente;;"Planilla de deuda consolidada y flotante, contratos, moneda y corte; separar pasivos contables y evitar sumarlos dos veces.";https://www.lobos.gob.ar/?q=estados-contables;2026-09-11
06483;Lobos;Calendario futuro de deuda;Pendiente;;"Planilla de vencimientos futuros de capital e intereses, por contrato y fecha; separar lo ya pagado del año.";https://www.lobos.gob.ar/?q=estados-contables;2026-09-11
06483;Lobos;Deuda con proveedores vencida;Pendiente;;Antigüedad y vencimiento de facturas pendientes, conciliados con la deuda flotante. Pendiente no significa vencida.;https://www.lobos.gob.ar/?q=estados-contables;2026-09-11
06483;Lobos;Flujos fiscales mensuales;Pendiente;;"Ingresos percibidos y gastos devengados por mes, sin acumulación; necesarios para ajustar cada flujo por IPC.";https://www.lobos.gob.ar/?q=estados-contables;2026-09-11
06483;Lobos;Cierres fiscales anuales 2021–2025;Sin serie anual incorporada;;"CAIF de cierre anual 2021–2025 con los mismos organismos; no anualizar semestres.";https://www.lobos.gob.ar/?q=estados-contables;2026-09-11
06483;Lobos;Transferencias provinciales;Incorporado;2025-01 a 2026-07;;https://www.lobos.gob.ar/?q=estados-contables;2026-09-11
06483;Lobos;Empleo y salarios privados formales;Incorporado;2019-01 a 2025-12;;https://www.lobos.gob.ar/?q=estados-contables;2026-09-11
06483;Lobos;Población y condiciones de vida;Incorporado;Censo 2022;;https://www.lobos.gob.ar/?q=estados-contables;2026-09-11
06483;Lobos;Producto municipal;Incorporado;"2021–2023; precios 2004";;https://www.lobos.gob.ar/?q=estados-contables;2026-09-11
06483;Lobos;Delitos registrados;Incorporado;2024–2025;;https://www.lobos.gob.ar/?q=estados-contables;2026-09-11
06483;Lobos;Deuda de personas;Incorporado;2026-07;;https://www.lobos.gob.ar/?q=estados-contables;2026-09-11
06483;Lobos;Préstamos y depósitos bancarios;Incorporado;2024-12;;https://www.lobos.gob.ar/?q=estados-contables;2026-09-11
06483;Lobos;Empleo industrial;Incorporado;2025-12;;https://www.lobos.gob.ar/?q=estados-contables;2026-09-11
06483;Lobos;Desempleo, informalidad y pobreza por ingresos;Sin serie comparable para 135;;"Encuesta representativa del municipio con metodología y muestra; los datos por aglomerado no representan automáticamente cada partido.";https://www.lobos.gob.ar/?q=estados-contables;2026-09-11
06490;Lomas de Zamora;Cuenta fiscal comparable;Pendiente;enero–junio 2026;Cuenta ahorro-inversión-financiamiento (CAIF) enero–junio 2026, o ejecuciones por carácter económico conciliadas que excluyan financiamiento.;https://www.lomasdezamora.gov.ar/;2026-09-11
06490;Lomas de Zamora;Presupuesto original 2026;Pendiente;;"Ordenanza de presupuesto 2026 aprobada y total de erogaciones; identificar los organismos incluidos.";https://www.lomasdezamora.gov.ar/;2026-09-11
06490;Lomas de Zamora;Presupuesto vigente 2026;Pendiente;;Crédito anual vigente 2026 y modificaciones, con fecha de corte y saldo inicial anual.;https://www.lomasdezamora.gov.ar/;2026-09-11
06490;Lomas de Zamora;Saldo de tesorería;Pendiente;;Estado de tesorería conciliado: bancos, efectivo, valores y fondos afectados. El saldo total no equivale a caja libre.;https://www.lomasdezamora.gov.ar/;2026-09-11
06490;Lomas de Zamora;Caja libre;Pendiente;;Caja de libre disponibilidad conciliada, descontando fondos afectados y obligaciones exigibles.;https://www.lomasdezamora.gov.ar/;2026-09-11
06490;Lomas de Zamora;Stock de deuda municipal;Pendiente;;"Planilla de deuda consolidada y flotante, contratos, moneda y corte; separar pasivos contables y evitar sumarlos dos veces.";https://www.lomasdezamora.gov.ar/;2026-09-11
06490;Lomas de Zamora;Calendario futuro de deuda;Pendiente;;"Planilla de vencimientos futuros de capital e intereses, por contrato y fecha; separar lo ya pagado del año.";https://www.lomasdezamora.gov.ar/;2026-09-11
06490;Lomas de Zamora;Deuda con proveedores vencida;Pendiente;;Antigüedad y vencimiento de facturas pendientes, conciliados con la deuda flotante. Pendiente no significa vencida.;https://www.lomasdezamora.gov.ar/;2026-09-11
06490;Lomas de Zamora;Flujos fiscales mensuales;Pendiente;;"Ingresos percibidos y gastos devengados por mes, sin acumulación; necesarios para ajustar cada flujo por IPC.";https://www.lomasdezamora.gov.ar/;2026-09-11
06490;Lomas de Zamora;Cierres fiscales anuales 2021–2025;Sin serie anual incorporada;;"CAIF de cierre anual 2021–2025 con los mismos organismos; no anualizar semestres.";https://www.lomasdezamora.gov.ar/;2026-09-11
06490;Lomas de Zamora;Transferencias provinciales;Incorporado;2025-01 a 2026-07;;https://www.lomasdezamora.gov.ar/;2026-09-11
06490;Lomas de Zamora;Empleo y salarios privados formales;Incorporado;2019-01 a 2025-12;;https://www.lomasdezamora.gov.ar/;2026-09-11
06490;Lomas de Zamora;Población y condiciones de vida;Incorporado;Censo 2022;;https://www.lomasdezamora.gov.ar/;2026-09-11
06490;Lomas de Zamora;Producto municipal;Incorporado;"2021–2023; precios 2004";;https://www.lomasdezamora.gov.ar/;2026-09-11
06490;Lomas de Zamora;Delitos registrados;Incorporado;2024–2025;;https://www.lomasdezamora.gov.ar/;2026-09-11
06490;Lomas de Zamora;Deuda de personas;Incorporado;2026-07;;https://www.lomasdezamora.gov.ar/;2026-09-11
06490;Lomas de Zamora;Préstamos y depósitos bancarios;Incorporado;2024-12;;https://www.lomasdezamora.gov.ar/;2026-09-11
06490;Lomas de Zamora;Empleo industrial;Incorporado;2025-12;;https://www.lomasdezamora.gov.ar/;2026-09-11
06490;Lomas de Zamora;Desempleo, informalidad y pobreza por ingresos;Sin serie comparable para 135;;"Encuesta representativa del municipio con metodología y muestra; los datos por aglomerado no representan automáticamente cada partido.";https://www.lomasdezamora.gov.ar/;2026-09-11
06497;Luján;Cuenta fiscal comparable;Incorporado;enero–junio 2026;;http://luj-bue-datos.paisdigital.innovacion.gob.ar/dataset/5163385a-3db9-48c2-8e73-be3946582ff5/resource/e9e63f97-419d-4525-9bf8-7b724378c64a/download/1-semestre-2026-sit-economico-fciera.pdf;2026-09-11
06497;Luján;Presupuesto original 2026;Pendiente;2026;"Ordenanza de presupuesto 2026 aprobada y total de erogaciones; identificar los organismos incluidos.";http://luj-bue-datos.paisdigital.innovacion.gob.ar/dataset/5163385a-3db9-48c2-8e73-be3946582ff5/resource/e9e63f97-419d-4525-9bf8-7b724378c64a/download/1-semestre-2026-sit-economico-fciera.pdf;2026-09-11
06497;Luján;Presupuesto vigente 2026;Incorporado;2026-06-30;;http://luj-bue-datos.paisdigital.innovacion.gob.ar/dataset/5163385a-3db9-48c2-8e73-be3946582ff5/resource/e9e63f97-419d-4525-9bf8-7b724378c64a/download/1-semestre-2026-sit-economico-fciera.pdf;2026-09-11
06497;Luján;Saldo de tesorería;Pendiente;;Estado de tesorería conciliado: bancos, efectivo, valores y fondos afectados. El saldo total no equivale a caja libre.;http://luj-bue-datos.paisdigital.innovacion.gob.ar/dataset/5163385a-3db9-48c2-8e73-be3946582ff5/resource/e9e63f97-419d-4525-9bf8-7b724378c64a/download/1-semestre-2026-sit-economico-fciera.pdf;2026-09-11
06497;Luján;Caja libre;Pendiente;;Caja de libre disponibilidad conciliada, descontando fondos afectados y obligaciones exigibles.;http://luj-bue-datos.paisdigital.innovacion.gob.ar/dataset/5163385a-3db9-48c2-8e73-be3946582ff5/resource/e9e63f97-419d-4525-9bf8-7b724378c64a/download/1-semestre-2026-sit-economico-fciera.pdf;2026-09-11
06497;Luján;Stock de deuda municipal;Pendiente;;"Planilla de deuda consolidada y flotante, contratos, moneda y corte; separar pasivos contables y evitar sumarlos dos veces.";http://luj-bue-datos.paisdigital.innovacion.gob.ar/dataset/5163385a-3db9-48c2-8e73-be3946582ff5/resource/e9e63f97-419d-4525-9bf8-7b724378c64a/download/1-semestre-2026-sit-economico-fciera.pdf;2026-09-11
06497;Luján;Calendario futuro de deuda;Pendiente;;"Planilla de vencimientos futuros de capital e intereses, por contrato y fecha; separar lo ya pagado del año.";http://luj-bue-datos.paisdigital.innovacion.gob.ar/dataset/5163385a-3db9-48c2-8e73-be3946582ff5/resource/e9e63f97-419d-4525-9bf8-7b724378c64a/download/1-semestre-2026-sit-economico-fciera.pdf;2026-09-11
06497;Luján;Deuda con proveedores vencida;Pendiente;;Antigüedad y vencimiento de facturas pendientes, conciliados con la deuda flotante. Pendiente no significa vencida.;http://luj-bue-datos.paisdigital.innovacion.gob.ar/dataset/5163385a-3db9-48c2-8e73-be3946582ff5/resource/e9e63f97-419d-4525-9bf8-7b724378c64a/download/1-semestre-2026-sit-economico-fciera.pdf;2026-09-11
06497;Luján;Flujos fiscales mensuales;Pendiente;;"Ingresos percibidos y gastos devengados por mes, sin acumulación; necesarios para ajustar cada flujo por IPC.";http://luj-bue-datos.paisdigital.innovacion.gob.ar/dataset/5163385a-3db9-48c2-8e73-be3946582ff5/resource/e9e63f97-419d-4525-9bf8-7b724378c64a/download/1-semestre-2026-sit-economico-fciera.pdf;2026-09-11
06497;Luján;Cierres fiscales anuales 2021–2025;Sin serie anual incorporada;;"CAIF de cierre anual 2021–2025 con los mismos organismos; no anualizar semestres.";http://luj-bue-datos.paisdigital.innovacion.gob.ar/dataset/5163385a-3db9-48c2-8e73-be3946582ff5/resource/e9e63f97-419d-4525-9bf8-7b724378c64a/download/1-semestre-2026-sit-economico-fciera.pdf;2026-09-11
06497;Luján;Transferencias provinciales;Incorporado;2025-01 a 2026-07;;http://luj-bue-datos.paisdigital.innovacion.gob.ar/dataset/5163385a-3db9-48c2-8e73-be3946582ff5/resource/e9e63f97-419d-4525-9bf8-7b724378c64a/download/1-semestre-2026-sit-economico-fciera.pdf;2026-09-11
06497;Luján;Empleo y salarios privados formales;Incorporado;2019-01 a 2025-12;;http://luj-bue-datos.paisdigital.innovacion.gob.ar/dataset/5163385a-3db9-48c2-8e73-be3946582ff5/resource/e9e63f97-419d-4525-9bf8-7b724378c64a/download/1-semestre-2026-sit-economico-fciera.pdf;2026-09-11
06497;Luján;Población y condiciones de vida;Incorporado;Censo 2022;;http://luj-bue-datos.paisdigital.innovacion.gob.ar/dataset/5163385a-3db9-48c2-8e73-be3946582ff5/resource/e9e63f97-419d-4525-9bf8-7b724378c64a/download/1-semestre-2026-sit-economico-fciera.pdf;2026-09-11
06497;Luján;Producto municipal;Incorporado;"2021–2023; precios 2004";;http://luj-bue-datos.paisdigital.innovacion.gob.ar/dataset/5163385a-3db9-48c2-8e73-be3946582ff5/resource/e9e63f97-419d-4525-9bf8-7b724378c64a/download/1-semestre-2026-sit-economico-fciera.pdf;2026-09-11
06497;Luján;Delitos registrados;Incorporado;2024–2025;;http://luj-bue-datos.paisdigital.innovacion.gob.ar/dataset/5163385a-3db9-48c2-8e73-be3946582ff5/resource/e9e63f97-419d-4525-9bf8-7b724378c64a/download/1-semestre-2026-sit-economico-fciera.pdf;2026-09-11
06497;Luján;Deuda de personas;Incorporado;2026-07;;http://luj-bue-datos.paisdigital.innovacion.gob.ar/dataset/5163385a-3db9-48c2-8e73-be3946582ff5/resource/e9e63f97-419d-4525-9bf8-7b724378c64a/download/1-semestre-2026-sit-economico-fciera.pdf;2026-09-11
06497;Luján;Préstamos y depósitos bancarios;Incorporado;2024-12;;http://luj-bue-datos.paisdigital.innovacion.gob.ar/dataset/5163385a-3db9-48c2-8e73-be3946582ff5/resource/e9e63f97-419d-4525-9bf8-7b724378c64a/download/1-semestre-2026-sit-economico-fciera.pdf;2026-09-11
06497;Luján;Empleo industrial;Incorporado;2025-12;;http://luj-bue-datos.paisdigital.innovacion.gob.ar/dataset/5163385a-3db9-48c2-8e73-be3946582ff5/resource/e9e63f97-419d-4525-9bf8-7b724378c64a/download/1-semestre-2026-sit-economico-fciera.pdf;2026-09-11
06497;Luján;Desempleo, informalidad y pobreza por ingresos;Sin serie comparable para 135;;"Encuesta representativa del municipio con metodología y muestra; los datos por aglomerado no representan automáticamente cada partido.";http://luj-bue-datos.paisdigital.innovacion.gob.ar/dataset/5163385a-3db9-48c2-8e73-be3946582ff5/resource/e9e63f97-419d-4525-9bf8-7b724378c64a/download/1-semestre-2026-sit-economico-fciera.pdf;2026-09-11
06505;Magdalena;Cuenta fiscal comparable;Pendiente;enero–junio 2026;Cuenta ahorro-inversión-financiamiento (CAIF) enero–junio 2026, o ejecuciones por carácter económico conciliadas que excluyan financiamiento.;https://www.magdalena.gob.ar/?q=transparencia-publica;2026-09-11
06505;Magdalena;Presupuesto original 2026;Pendiente;;"Ordenanza de presupuesto 2026 aprobada y total de erogaciones; identificar los organismos incluidos.";https://www.magdalena.gob.ar/?q=transparencia-publica;2026-09-11
06505;Magdalena;Presupuesto vigente 2026;Pendiente;;Crédito anual vigente 2026 y modificaciones, con fecha de corte y saldo inicial anual.;https://www.magdalena.gob.ar/?q=transparencia-publica;2026-09-11
06505;Magdalena;Saldo de tesorería;Pendiente;;Estado de tesorería conciliado: bancos, efectivo, valores y fondos afectados. El saldo total no equivale a caja libre.;https://www.magdalena.gob.ar/?q=transparencia-publica;2026-09-11
06505;Magdalena;Caja libre;Pendiente;;Caja de libre disponibilidad conciliada, descontando fondos afectados y obligaciones exigibles.;https://www.magdalena.gob.ar/?q=transparencia-publica;2026-09-11
06505;Magdalena;Stock de deuda municipal;Pendiente;;"Planilla de deuda consolidada y flotante, contratos, moneda y corte; separar pasivos contables y evitar sumarlos dos veces.";https://www.magdalena.gob.ar/?q=transparencia-publica;2026-09-11
06505;Magdalena;Calendario futuro de deuda;Pendiente;;"Planilla de vencimientos futuros de capital e intereses, por contrato y fecha; separar lo ya pagado del año.";https://www.magdalena.gob.ar/?q=transparencia-publica;2026-09-11
06505;Magdalena;Deuda con proveedores vencida;Pendiente;;Antigüedad y vencimiento de facturas pendientes, conciliados con la deuda flotante. Pendiente no significa vencida.;https://www.magdalena.gob.ar/?q=transparencia-publica;2026-09-11
06505;Magdalena;Flujos fiscales mensuales;Pendiente;;"Ingresos percibidos y gastos devengados por mes, sin acumulación; necesarios para ajustar cada flujo por IPC.";https://www.magdalena.gob.ar/?q=transparencia-publica;2026-09-11
06505;Magdalena;Cierres fiscales anuales 2021–2025;Sin serie anual incorporada;;"CAIF de cierre anual 2021–2025 con los mismos organismos; no anualizar semestres.";https://www.magdalena.gob.ar/?q=transparencia-publica;2026-09-11
06505;Magdalena;Transferencias provinciales;Incorporado;2025-01 a 2026-07;;https://www.magdalena.gob.ar/?q=transparencia-publica;2026-09-11
06505;Magdalena;Empleo y salarios privados formales;Incorporado;2019-01 a 2025-12;;https://www.magdalena.gob.ar/?q=transparencia-publica;2026-09-11
06505;Magdalena;Población y condiciones de vida;Incorporado;Censo 2022;;https://www.magdalena.gob.ar/?q=transparencia-publica;2026-09-11
06505;Magdalena;Producto municipal;Incorporado;"2021–2023; precios 2004";;https://www.magdalena.gob.ar/?q=transparencia-publica;2026-09-11
06505;Magdalena;Delitos registrados;Incorporado;2024–2025;;https://www.magdalena.gob.ar/?q=transparencia-publica;2026-09-11
06505;Magdalena;Deuda de personas;Incorporado;2026-07;;https://www.magdalena.gob.ar/?q=transparencia-publica;2026-09-11
06505;Magdalena;Préstamos y depósitos bancarios;Reservado o sin cifra de origen;2024-12;"Cifra publicada por localización BCRA/DPE; las reservas estadísticas no se completan con cero.";https://www.magdalena.gob.ar/?q=transparencia-publica;2026-09-11
06505;Magdalena;Empleo industrial;Incorporado;2025-12;;https://www.magdalena.gob.ar/?q=transparencia-publica;2026-09-11
06505;Magdalena;Desempleo, informalidad y pobreza por ingresos;Sin serie comparable para 135;;"Encuesta representativa del municipio con metodología y muestra; los datos por aglomerado no representan automáticamente cada partido.";https://www.magdalena.gob.ar/?q=transparencia-publica;2026-09-11
06511;Maipú;Cuenta fiscal comparable;Pendiente;enero–junio 2026;Cuenta ahorro-inversión-financiamiento (CAIF) enero–junio 2026, o ejecuciones por carácter económico conciliadas que excluyan financiamiento.;https://www.maipu-gba.gob.ar/;2026-09-11
06511;Maipú;Presupuesto original 2026;Pendiente;;"Ordenanza de presupuesto 2026 aprobada y total de erogaciones; identificar los organismos incluidos.";https://www.maipu-gba.gob.ar/;2026-09-11
06511;Maipú;Presupuesto vigente 2026;Pendiente;;Crédito anual vigente 2026 y modificaciones, con fecha de corte y saldo inicial anual.;https://www.maipu-gba.gob.ar/;2026-09-11
06511;Maipú;Saldo de tesorería;Pendiente;;Estado de tesorería conciliado: bancos, efectivo, valores y fondos afectados. El saldo total no equivale a caja libre.;https://www.maipu-gba.gob.ar/;2026-09-11
06511;Maipú;Caja libre;Pendiente;;Caja de libre disponibilidad conciliada, descontando fondos afectados y obligaciones exigibles.;https://www.maipu-gba.gob.ar/;2026-09-11
06511;Maipú;Stock de deuda municipal;Pendiente;;"Planilla de deuda consolidada y flotante, contratos, moneda y corte; separar pasivos contables y evitar sumarlos dos veces.";https://www.maipu-gba.gob.ar/;2026-09-11
06511;Maipú;Calendario futuro de deuda;Pendiente;;"Planilla de vencimientos futuros de capital e intereses, por contrato y fecha; separar lo ya pagado del año.";https://www.maipu-gba.gob.ar/;2026-09-11
06511;Maipú;Deuda con proveedores vencida;Pendiente;;Antigüedad y vencimiento de facturas pendientes, conciliados con la deuda flotante. Pendiente no significa vencida.;https://www.maipu-gba.gob.ar/;2026-09-11
06511;Maipú;Flujos fiscales mensuales;Pendiente;;"Ingresos percibidos y gastos devengados por mes, sin acumulación; necesarios para ajustar cada flujo por IPC.";https://www.maipu-gba.gob.ar/;2026-09-11
06511;Maipú;Cierres fiscales anuales 2021–2025;Sin serie anual incorporada;;"CAIF de cierre anual 2021–2025 con los mismos organismos; no anualizar semestres.";https://www.maipu-gba.gob.ar/;2026-09-11
06511;Maipú;Transferencias provinciales;Incorporado;2025-01 a 2026-07;;https://www.maipu-gba.gob.ar/;2026-09-11
06511;Maipú;Empleo y salarios privados formales;Incorporado;2019-01 a 2025-12;;https://www.maipu-gba.gob.ar/;2026-09-11
06511;Maipú;Población y condiciones de vida;Incorporado;Censo 2022;;https://www.maipu-gba.gob.ar/;2026-09-11
06511;Maipú;Producto municipal;Incorporado;"2021–2023; precios 2004";;https://www.maipu-gba.gob.ar/;2026-09-11
06511;Maipú;Delitos registrados;Incorporado;2024–2025;;https://www.maipu-gba.gob.ar/;2026-09-11
06511;Maipú;Deuda de personas;Incorporado;2026-07;;https://www.maipu-gba.gob.ar/;2026-09-11
06511;Maipú;Préstamos y depósitos bancarios;Reservado o sin cifra de origen;2024-12;"Cifra publicada por localización BCRA/DPE; las reservas estadísticas no se completan con cero.";https://www.maipu-gba.gob.ar/;2026-09-11
06511;Maipú;Empleo industrial;Incorporado;2025-12;;https://www.maipu-gba.gob.ar/;2026-09-11
06511;Maipú;Desempleo, informalidad y pobreza por ingresos;Sin serie comparable para 135;;"Encuesta representativa del municipio con metodología y muestra; los datos por aglomerado no representan automáticamente cada partido.";https://www.maipu-gba.gob.ar/;2026-09-11
06515;Malvinas Argentinas;Cuenta fiscal comparable;Incorporado;enero–junio 2026;;https://www.malvinasargentinas.gob.ar/informeeconomico;2026-09-11
06515;Malvinas Argentinas;Presupuesto original 2026;Pendiente;2026;"Ordenanza de presupuesto 2026 aprobada y total de erogaciones; identificar los organismos incluidos.";https://www.malvinasargentinas.gob.ar/informeeconomico;2026-09-11
06515;Malvinas Argentinas;Presupuesto vigente 2026;Incorporado;2026-06-30;;https://www.malvinasargentinas.gob.ar/informeeconomico;2026-09-11
06515;Malvinas Argentinas;Saldo de tesorería;Pendiente;;Estado de tesorería conciliado: bancos, efectivo, valores y fondos afectados. El saldo total no equivale a caja libre.;https://www.malvinasargentinas.gob.ar/informeeconomico;2026-09-11
06515;Malvinas Argentinas;Caja libre;Pendiente;;Caja de libre disponibilidad conciliada, descontando fondos afectados y obligaciones exigibles.;https://www.malvinasargentinas.gob.ar/informeeconomico;2026-09-11
06515;Malvinas Argentinas;Stock de deuda municipal;Pendiente;;"Planilla de deuda consolidada y flotante, contratos, moneda y corte; separar pasivos contables y evitar sumarlos dos veces.";https://www.malvinasargentinas.gob.ar/informeeconomico;2026-09-11
06515;Malvinas Argentinas;Calendario futuro de deuda;Pendiente;;"Planilla de vencimientos futuros de capital e intereses, por contrato y fecha; separar lo ya pagado del año.";https://www.malvinasargentinas.gob.ar/informeeconomico;2026-09-11
06515;Malvinas Argentinas;Deuda con proveedores vencida;Pendiente;;Antigüedad y vencimiento de facturas pendientes, conciliados con la deuda flotante. Pendiente no significa vencida.;https://www.malvinasargentinas.gob.ar/informeeconomico;2026-09-11
06515;Malvinas Argentinas;Flujos fiscales mensuales;Pendiente;;"Ingresos percibidos y gastos devengados por mes, sin acumulación; necesarios para ajustar cada flujo por IPC.";https://www.malvinasargentinas.gob.ar/informeeconomico;2026-09-11
06515;Malvinas Argentinas;Cierres fiscales anuales 2021–2025;Sin serie anual incorporada;;"CAIF de cierre anual 2021–2025 con los mismos organismos; no anualizar semestres.";https://www.malvinasargentinas.gob.ar/informeeconomico;2026-09-11
06515;Malvinas Argentinas;Transferencias provinciales;Incorporado;2025-01 a 2026-07;;https://www.malvinasargentinas.gob.ar/informeeconomico;2026-09-11
06515;Malvinas Argentinas;Empleo y salarios privados formales;Incorporado;2019-01 a 2025-12;;https://www.malvinasargentinas.gob.ar/informeeconomico;2026-09-11
06515;Malvinas Argentinas;Población y condiciones de vida;Incorporado;Censo 2022;;https://www.malvinasargentinas.gob.ar/informeeconomico;2026-09-11
06515;Malvinas Argentinas;Producto municipal;Incorporado;"2021–2023; precios 2004";;https://www.malvinasargentinas.gob.ar/informeeconomico;2026-09-11
06515;Malvinas Argentinas;Delitos registrados;Incorporado;2024–2025;;https://www.malvinasargentinas.gob.ar/informeeconomico;2026-09-11
06515;Malvinas Argentinas;Deuda de personas;Incorporado;2026-07;;https://www.malvinasargentinas.gob.ar/informeeconomico;2026-09-11
06515;Malvinas Argentinas;Préstamos y depósitos bancarios;Incorporado;2024-12;;https://www.malvinasargentinas.gob.ar/informeeconomico;2026-09-11
06515;Malvinas Argentinas;Empleo industrial;Incorporado;2025-12;;https://www.malvinasargentinas.gob.ar/informeeconomico;2026-09-11
06515;Malvinas Argentinas;Desempleo, informalidad y pobreza por ingresos;Sin serie comparable para 135;;"Encuesta representativa del municipio con metodología y muestra; los datos por aglomerado no representan automáticamente cada partido.";https://www.malvinasargentinas.gob.ar/informeeconomico;2026-09-11
06518;Mar Chiquita;Cuenta fiscal comparable;Pendiente;enero–junio 2026;Cuenta ahorro-inversión-financiamiento (CAIF) enero–junio 2026, o ejecuciones por carácter económico conciliadas que excluyan financiamiento.;https://www.marchiquita.gob.ar/secretaria-de-economia/;2026-09-11
06518;Mar Chiquita;Presupuesto original 2026;Incorporado;2026;;https://www.marchiquita.gob.ar/secretaria-de-economia/;2026-09-11
06518;Mar Chiquita;Presupuesto vigente 2026;Pendiente;2025-11-28;Crédito anual vigente 2026 y modificaciones, con fecha de corte y saldo inicial anual.;https://www.marchiquita.gob.ar/secretaria-de-economia/;2026-09-11
06518;Mar Chiquita;Saldo de tesorería;Pendiente;;Estado de tesorería conciliado: bancos, efectivo, valores y fondos afectados. El saldo total no equivale a caja libre.;https://www.marchiquita.gob.ar/secretaria-de-economia/;2026-09-11
06518;Mar Chiquita;Caja libre;Pendiente;;Caja de libre disponibilidad conciliada, descontando fondos afectados y obligaciones exigibles.;https://www.marchiquita.gob.ar/secretaria-de-economia/;2026-09-11
06518;Mar Chiquita;Stock de deuda municipal;Pendiente;;"Planilla de deuda consolidada y flotante, contratos, moneda y corte; separar pasivos contables y evitar sumarlos dos veces.";https://www.marchiquita.gob.ar/secretaria-de-economia/;2026-09-11
06518;Mar Chiquita;Calendario futuro de deuda;Pendiente;;"Planilla de vencimientos futuros de capital e intereses, por contrato y fecha; separar lo ya pagado del año.";https://www.marchiquita.gob.ar/secretaria-de-economia/;2026-09-11
06518;Mar Chiquita;Deuda con proveedores vencida;Pendiente;;Antigüedad y vencimiento de facturas pendientes, conciliados con la deuda flotante. Pendiente no significa vencida.;https://www.marchiquita.gob.ar/secretaria-de-economia/;2026-09-11
06518;Mar Chiquita;Flujos fiscales mensuales;Pendiente;;"Ingresos percibidos y gastos devengados por mes, sin acumulación; necesarios para ajustar cada flujo por IPC.";https://www.marchiquita.gob.ar/secretaria-de-economia/;2026-09-11
06518;Mar Chiquita;Cierres fiscales anuales 2021–2025;Sin serie anual incorporada;;"CAIF de cierre anual 2021–2025 con los mismos organismos; no anualizar semestres.";https://www.marchiquita.gob.ar/secretaria-de-economia/;2026-09-11
06518;Mar Chiquita;Transferencias provinciales;Incorporado;2025-01 a 2026-07;;https://www.marchiquita.gob.ar/secretaria-de-economia/;2026-09-11
06518;Mar Chiquita;Empleo y salarios privados formales;Incorporado;2019-01 a 2025-12;;https://www.marchiquita.gob.ar/secretaria-de-economia/;2026-09-11
06518;Mar Chiquita;Población y condiciones de vida;Incorporado;Censo 2022;;https://www.marchiquita.gob.ar/secretaria-de-economia/;2026-09-11
06518;Mar Chiquita;Producto municipal;Incorporado;"2021–2023; precios 2004";;https://www.marchiquita.gob.ar/secretaria-de-economia/;2026-09-11
06518;Mar Chiquita;Delitos registrados;Incorporado;2024–2025;;https://www.marchiquita.gob.ar/secretaria-de-economia/;2026-09-11
06518;Mar Chiquita;Deuda de personas;Incorporado;2026-07;;https://www.marchiquita.gob.ar/secretaria-de-economia/;2026-09-11
06518;Mar Chiquita;Préstamos y depósitos bancarios;Incorporado;2024-12;;https://www.marchiquita.gob.ar/secretaria-de-economia/;2026-09-11
06518;Mar Chiquita;Empleo industrial;Incorporado;2025-12;;https://www.marchiquita.gob.ar/secretaria-de-economia/;2026-09-11
06518;Mar Chiquita;Desempleo, informalidad y pobreza por ingresos;Sin serie comparable para 135;;"Encuesta representativa del municipio con metodología y muestra; los datos por aglomerado no representan automáticamente cada partido.";https://www.marchiquita.gob.ar/secretaria-de-economia/;2026-09-11
06525;Marcos Paz;Cuenta fiscal comparable;Pendiente;enero–junio 2026;Cuenta ahorro-inversión-financiamiento (CAIF) enero–junio 2026, o ejecuciones por carácter económico conciliadas que excluyan financiamiento.;https://www.marcospaz.gov.ar/;2026-09-11
06525;Marcos Paz;Presupuesto original 2026;Pendiente;;"Ordenanza de presupuesto 2026 aprobada y total de erogaciones; identificar los organismos incluidos.";https://www.marcospaz.gov.ar/;2026-09-11
06525;Marcos Paz;Presupuesto vigente 2026;Pendiente;;Crédito anual vigente 2026 y modificaciones, con fecha de corte y saldo inicial anual.;https://www.marcospaz.gov.ar/;2026-09-11
06525;Marcos Paz;Saldo de tesorería;Pendiente;;Estado de tesorería conciliado: bancos, efectivo, valores y fondos afectados. El saldo total no equivale a caja libre.;https://www.marcospaz.gov.ar/;2026-09-11
06525;Marcos Paz;Caja libre;Pendiente;;Caja de libre disponibilidad conciliada, descontando fondos afectados y obligaciones exigibles.;https://www.marcospaz.gov.ar/;2026-09-11
06525;Marcos Paz;Stock de deuda municipal;Pendiente;;"Planilla de deuda consolidada y flotante, contratos, moneda y corte; separar pasivos contables y evitar sumarlos dos veces.";https://www.marcospaz.gov.ar/;2026-09-11
06525;Marcos Paz;Calendario futuro de deuda;Pendiente;;"Planilla de vencimientos futuros de capital e intereses, por contrato y fecha; separar lo ya pagado del año.";https://www.marcospaz.gov.ar/;2026-09-11
06525;Marcos Paz;Deuda con proveedores vencida;Pendiente;;Antigüedad y vencimiento de facturas pendientes, conciliados con la deuda flotante. Pendiente no significa vencida.;https://www.marcospaz.gov.ar/;2026-09-11
06525;Marcos Paz;Flujos fiscales mensuales;Pendiente;;"Ingresos percibidos y gastos devengados por mes, sin acumulación; necesarios para ajustar cada flujo por IPC.";https://www.marcospaz.gov.ar/;2026-09-11
06525;Marcos Paz;Cierres fiscales anuales 2021–2025;Sin serie anual incorporada;;"CAIF de cierre anual 2021–2025 con los mismos organismos; no anualizar semestres.";https://www.marcospaz.gov.ar/;2026-09-11
06525;Marcos Paz;Transferencias provinciales;Incorporado;2025-01 a 2026-07;;https://www.marcospaz.gov.ar/;2026-09-11
06525;Marcos Paz;Empleo y salarios privados formales;Incorporado;2019-01 a 2025-12;;https://www.marcospaz.gov.ar/;2026-09-11
06525;Marcos Paz;Población y condiciones de vida;Incorporado;Censo 2022;;https://www.marcospaz.gov.ar/;2026-09-11
06525;Marcos Paz;Producto municipal;Incorporado;"2021–2023; precios 2004";;https://www.marcospaz.gov.ar/;2026-09-11
06525;Marcos Paz;Delitos registrados;Incorporado;2024–2025;;https://www.marcospaz.gov.ar/;2026-09-11
06525;Marcos Paz;Deuda de personas;Incorporado;2026-07;;https://www.marcospaz.gov.ar/;2026-09-11
06525;Marcos Paz;Préstamos y depósitos bancarios;Incorporado;2024-12;;https://www.marcospaz.gov.ar/;2026-09-11
06525;Marcos Paz;Empleo industrial;Incorporado;2025-12;;https://www.marcospaz.gov.ar/;2026-09-11
06525;Marcos Paz;Desempleo, informalidad y pobreza por ingresos;Sin serie comparable para 135;;"Encuesta representativa del municipio con metodología y muestra; los datos por aglomerado no representan automáticamente cada partido.";https://www.marcospaz.gov.ar/;2026-09-11
06532;Mercedes;Cuenta fiscal comparable;Incorporado;enero–junio 2026;;https://datosabiertos.mercedes.gob.ar/dataset/situacion_economico_financiera/archivo/f730e795-9cfa-4e8f-b36f-97902082996b;2026-09-11
06532;Mercedes;Presupuesto original 2026;Pendiente;2026;"Ordenanza de presupuesto 2026 aprobada y total de erogaciones; identificar los organismos incluidos.";https://datosabiertos.mercedes.gob.ar/dataset/situacion_economico_financiera/archivo/f730e795-9cfa-4e8f-b36f-97902082996b;2026-09-11
06532;Mercedes;Presupuesto vigente 2026;Incorporado;2026-06-30;;https://datosabiertos.mercedes.gob.ar/dataset/situacion_economico_financiera/archivo/f730e795-9cfa-4e8f-b36f-97902082996b;2026-09-11
06532;Mercedes;Saldo de tesorería;Pendiente;;Estado de tesorería conciliado: bancos, efectivo, valores y fondos afectados. El saldo total no equivale a caja libre.;https://datosabiertos.mercedes.gob.ar/dataset/situacion_economico_financiera/archivo/f730e795-9cfa-4e8f-b36f-97902082996b;2026-09-11
06532;Mercedes;Caja libre;Pendiente;;Caja de libre disponibilidad conciliada, descontando fondos afectados y obligaciones exigibles.;https://datosabiertos.mercedes.gob.ar/dataset/situacion_economico_financiera/archivo/f730e795-9cfa-4e8f-b36f-97902082996b;2026-09-11
06532;Mercedes;Stock de deuda municipal;Pendiente;;"Planilla de deuda consolidada y flotante, contratos, moneda y corte; separar pasivos contables y evitar sumarlos dos veces.";https://datosabiertos.mercedes.gob.ar/dataset/situacion_economico_financiera/archivo/f730e795-9cfa-4e8f-b36f-97902082996b;2026-09-11
06532;Mercedes;Calendario futuro de deuda;Pendiente;;"Planilla de vencimientos futuros de capital e intereses, por contrato y fecha; separar lo ya pagado del año.";https://datosabiertos.mercedes.gob.ar/dataset/situacion_economico_financiera/archivo/f730e795-9cfa-4e8f-b36f-97902082996b;2026-09-11
06532;Mercedes;Deuda con proveedores vencida;Pendiente;;Antigüedad y vencimiento de facturas pendientes, conciliados con la deuda flotante. Pendiente no significa vencida.;https://datosabiertos.mercedes.gob.ar/dataset/situacion_economico_financiera/archivo/f730e795-9cfa-4e8f-b36f-97902082996b;2026-09-11
06532;Mercedes;Flujos fiscales mensuales;Pendiente;;"Ingresos percibidos y gastos devengados por mes, sin acumulación; necesarios para ajustar cada flujo por IPC.";https://datosabiertos.mercedes.gob.ar/dataset/situacion_economico_financiera/archivo/f730e795-9cfa-4e8f-b36f-97902082996b;2026-09-11
06532;Mercedes;Cierres fiscales anuales 2021–2025;Sin serie anual incorporada;;"CAIF de cierre anual 2021–2025 con los mismos organismos; no anualizar semestres.";https://datosabiertos.mercedes.gob.ar/dataset/situacion_economico_financiera/archivo/f730e795-9cfa-4e8f-b36f-97902082996b;2026-09-11
06532;Mercedes;Transferencias provinciales;Incorporado;2025-01 a 2026-07;;https://datosabiertos.mercedes.gob.ar/dataset/situacion_economico_financiera/archivo/f730e795-9cfa-4e8f-b36f-97902082996b;2026-09-11
06532;Mercedes;Empleo y salarios privados formales;Incorporado;2019-01 a 2025-12;;https://datosabiertos.mercedes.gob.ar/dataset/situacion_economico_financiera/archivo/f730e795-9cfa-4e8f-b36f-97902082996b;2026-09-11
06532;Mercedes;Población y condiciones de vida;Incorporado;Censo 2022;;https://datosabiertos.mercedes.gob.ar/dataset/situacion_economico_financiera/archivo/f730e795-9cfa-4e8f-b36f-97902082996b;2026-09-11
06532;Mercedes;Producto municipal;Incorporado;"2021–2023; precios 2004";;https://datosabiertos.mercedes.gob.ar/dataset/situacion_economico_financiera/archivo/f730e795-9cfa-4e8f-b36f-97902082996b;2026-09-11
06532;Mercedes;Delitos registrados;Incorporado;2024–2025;;https://datosabiertos.mercedes.gob.ar/dataset/situacion_economico_financiera/archivo/f730e795-9cfa-4e8f-b36f-97902082996b;2026-09-11
06532;Mercedes;Deuda de personas;Incorporado;2026-07;;https://datosabiertos.mercedes.gob.ar/dataset/situacion_economico_financiera/archivo/f730e795-9cfa-4e8f-b36f-97902082996b;2026-09-11
06532;Mercedes;Préstamos y depósitos bancarios;Incorporado;2024-12;;https://datosabiertos.mercedes.gob.ar/dataset/situacion_economico_financiera/archivo/f730e795-9cfa-4e8f-b36f-97902082996b;2026-09-11
06532;Mercedes;Empleo industrial;Incorporado;2025-12;;https://datosabiertos.mercedes.gob.ar/dataset/situacion_economico_financiera/archivo/f730e795-9cfa-4e8f-b36f-97902082996b;2026-09-11
06532;Mercedes;Desempleo, informalidad y pobreza por ingresos;Sin serie comparable para 135;;"Encuesta representativa del municipio con metodología y muestra; los datos por aglomerado no representan automáticamente cada partido.";https://datosabiertos.mercedes.gob.ar/dataset/situacion_economico_financiera/archivo/f730e795-9cfa-4e8f-b36f-97902082996b;2026-09-11
06539;Merlo;Cuenta fiscal comparable;Pendiente;enero–junio 2026;Cuenta ahorro-inversión-financiamiento (CAIF) enero–junio 2026, o ejecuciones por carácter económico conciliadas que excluyan financiamiento.;https://www.merlo.gob.ar/;2026-09-11
06539;Merlo;Presupuesto original 2026;Pendiente;;"Ordenanza de presupuesto 2026 aprobada y total de erogaciones; identificar los organismos incluidos.";https://www.merlo.gob.ar/;2026-09-11
06539;Merlo;Presupuesto vigente 2026;Pendiente;;Crédito anual vigente 2026 y modificaciones, con fecha de corte y saldo inicial anual.;https://www.merlo.gob.ar/;2026-09-11
06539;Merlo;Saldo de tesorería;Pendiente;;Estado de tesorería conciliado: bancos, efectivo, valores y fondos afectados. El saldo total no equivale a caja libre.;https://www.merlo.gob.ar/;2026-09-11
06539;Merlo;Caja libre;Pendiente;;Caja de libre disponibilidad conciliada, descontando fondos afectados y obligaciones exigibles.;https://www.merlo.gob.ar/;2026-09-11
06539;Merlo;Stock de deuda municipal;Pendiente;;"Planilla de deuda consolidada y flotante, contratos, moneda y corte; separar pasivos contables y evitar sumarlos dos veces.";https://www.merlo.gob.ar/;2026-09-11
06539;Merlo;Calendario futuro de deuda;Pendiente;;"Planilla de vencimientos futuros de capital e intereses, por contrato y fecha; separar lo ya pagado del año.";https://www.merlo.gob.ar/;2026-09-11
06539;Merlo;Deuda con proveedores vencida;Pendiente;;Antigüedad y vencimiento de facturas pendientes, conciliados con la deuda flotante. Pendiente no significa vencida.;https://www.merlo.gob.ar/;2026-09-11
06539;Merlo;Flujos fiscales mensuales;Pendiente;;"Ingresos percibidos y gastos devengados por mes, sin acumulación; necesarios para ajustar cada flujo por IPC.";https://www.merlo.gob.ar/;2026-09-11
06539;Merlo;Cierres fiscales anuales 2021–2025;Sin serie anual incorporada;;"CAIF de cierre anual 2021–2025 con los mismos organismos; no anualizar semestres.";https://www.merlo.gob.ar/;2026-09-11
06539;Merlo;Transferencias provinciales;Incorporado;2025-01 a 2026-07;;https://www.merlo.gob.ar/;2026-09-11
06539;Merlo;Empleo y salarios privados formales;Incorporado;2019-01 a 2025-12;;https://www.merlo.gob.ar/;2026-09-11
06539;Merlo;Población y condiciones de vida;Incorporado;Censo 2022;;https://www.merlo.gob.ar/;2026-09-11
06539;Merlo;Producto municipal;Incorporado;"2021–2023; precios 2004";;https://www.merlo.gob.ar/;2026-09-11
06539;Merlo;Delitos registrados;Incorporado;2024–2025;;https://www.merlo.gob.ar/;2026-09-11
06539;Merlo;Deuda de personas;Incorporado;2026-07;;https://www.merlo.gob.ar/;2026-09-11
06539;Merlo;Préstamos y depósitos bancarios;Incorporado;2024-12;;https://www.merlo.gob.ar/;2026-09-11
06539;Merlo;Empleo industrial;Incorporado;2025-12;;https://www.merlo.gob.ar/;2026-09-11
06539;Merlo;Desempleo, informalidad y pobreza por ingresos;Sin serie comparable para 135;;"Encuesta representativa del municipio con metodología y muestra; los datos por aglomerado no representan automáticamente cada partido.";https://www.merlo.gob.ar/;2026-09-11
06547;Monte;Cuenta fiscal comparable;Pendiente;enero–junio 2026;Cuenta ahorro-inversión-financiamiento (CAIF) enero–junio 2026, o ejecuciones por carácter económico conciliadas que excluyan financiamiento.;https://monte.gob.ar/transparenciainstitucional/presupuesto/;2026-09-11
06547;Monte;Presupuesto original 2026;Incorporado;2026;;https://monte.gob.ar/transparenciainstitucional/presupuesto/;2026-09-11
06547;Monte;Presupuesto vigente 2026;Pendiente;2025-12-26;Crédito anual vigente 2026 y modificaciones, con fecha de corte y saldo inicial anual.;https://monte.gob.ar/transparenciainstitucional/presupuesto/;2026-09-11
06547;Monte;Saldo de tesorería;Pendiente;;Estado de tesorería conciliado: bancos, efectivo, valores y fondos afectados. El saldo total no equivale a caja libre.;https://monte.gob.ar/transparenciainstitucional/presupuesto/;2026-09-11
06547;Monte;Caja libre;Pendiente;;Caja de libre disponibilidad conciliada, descontando fondos afectados y obligaciones exigibles.;https://monte.gob.ar/transparenciainstitucional/presupuesto/;2026-09-11
06547;Monte;Stock de deuda municipal;Pendiente;;"Planilla de deuda consolidada y flotante, contratos, moneda y corte; separar pasivos contables y evitar sumarlos dos veces.";https://monte.gob.ar/transparenciainstitucional/presupuesto/;2026-09-11
06547;Monte;Calendario futuro de deuda;Pendiente;;"Planilla de vencimientos futuros de capital e intereses, por contrato y fecha; separar lo ya pagado del año.";https://monte.gob.ar/transparenciainstitucional/presupuesto/;2026-09-11
06547;Monte;Deuda con proveedores vencida;Pendiente;;Antigüedad y vencimiento de facturas pendientes, conciliados con la deuda flotante. Pendiente no significa vencida.;https://monte.gob.ar/transparenciainstitucional/presupuesto/;2026-09-11
06547;Monte;Flujos fiscales mensuales;Pendiente;;"Ingresos percibidos y gastos devengados por mes, sin acumulación; necesarios para ajustar cada flujo por IPC.";https://monte.gob.ar/transparenciainstitucional/presupuesto/;2026-09-11
06547;Monte;Cierres fiscales anuales 2021–2025;Sin serie anual incorporada;;"CAIF de cierre anual 2021–2025 con los mismos organismos; no anualizar semestres.";https://monte.gob.ar/transparenciainstitucional/presupuesto/;2026-09-11
06547;Monte;Transferencias provinciales;Incorporado;2025-01 a 2026-07;;https://monte.gob.ar/transparenciainstitucional/presupuesto/;2026-09-11
06547;Monte;Empleo y salarios privados formales;Incorporado;2019-01 a 2025-12;;https://monte.gob.ar/transparenciainstitucional/presupuesto/;2026-09-11
06547;Monte;Población y condiciones de vida;Incorporado;Censo 2022;;https://monte.gob.ar/transparenciainstitucional/presupuesto/;2026-09-11
06547;Monte;Producto municipal;Incorporado;"2021–2023; precios 2004";;https://monte.gob.ar/transparenciainstitucional/presupuesto/;2026-09-11
06547;Monte;Delitos registrados;Incorporado;2024–2025;;https://monte.gob.ar/transparenciainstitucional/presupuesto/;2026-09-11
06547;Monte;Deuda de personas;Incorporado;2026-07;;https://monte.gob.ar/transparenciainstitucional/presupuesto/;2026-09-11
06547;Monte;Préstamos y depósitos bancarios;Reservado o sin cifra de origen;2024-12;"Cifra publicada por localización BCRA/DPE; las reservas estadísticas no se completan con cero.";https://monte.gob.ar/transparenciainstitucional/presupuesto/;2026-09-11
06547;Monte;Empleo industrial;Incorporado;2025-12;;https://monte.gob.ar/transparenciainstitucional/presupuesto/;2026-09-11
06547;Monte;Desempleo, informalidad y pobreza por ingresos;Sin serie comparable para 135;;"Encuesta representativa del municipio con metodología y muestra; los datos por aglomerado no representan automáticamente cada partido.";https://monte.gob.ar/transparenciainstitucional/presupuesto/;2026-09-11
06553;Monte Hermoso;Cuenta fiscal comparable;Pendiente;enero–junio 2026;Cuenta ahorro-inversión-financiamiento (CAIF) enero–junio 2026, o ejecuciones por carácter económico conciliadas que excluyan financiamiento.;https://montehermoso.gov.ar/sitio/;2026-09-11
06553;Monte Hermoso;Presupuesto original 2026;Incorporado;2026;;https://montehermoso.gov.ar/sitio/;2026-09-11
06553;Monte Hermoso;Presupuesto vigente 2026;Pendiente;2025-12-23;Crédito anual vigente 2026 y modificaciones, con fecha de corte y saldo inicial anual.;https://montehermoso.gov.ar/sitio/;2026-09-11
06553;Monte Hermoso;Saldo de tesorería;Pendiente;;Estado de tesorería conciliado: bancos, efectivo, valores y fondos afectados. El saldo total no equivale a caja libre.;https://montehermoso.gov.ar/sitio/;2026-09-11
06553;Monte Hermoso;Caja libre;Pendiente;;Caja de libre disponibilidad conciliada, descontando fondos afectados y obligaciones exigibles.;https://montehermoso.gov.ar/sitio/;2026-09-11
06553;Monte Hermoso;Stock de deuda municipal;Pendiente;;"Planilla de deuda consolidada y flotante, contratos, moneda y corte; separar pasivos contables y evitar sumarlos dos veces.";https://montehermoso.gov.ar/sitio/;2026-09-11
06553;Monte Hermoso;Calendario futuro de deuda;Pendiente;;"Planilla de vencimientos futuros de capital e intereses, por contrato y fecha; separar lo ya pagado del año.";https://montehermoso.gov.ar/sitio/;2026-09-11
06553;Monte Hermoso;Deuda con proveedores vencida;Pendiente;;Antigüedad y vencimiento de facturas pendientes, conciliados con la deuda flotante. Pendiente no significa vencida.;https://montehermoso.gov.ar/sitio/;2026-09-11
06553;Monte Hermoso;Flujos fiscales mensuales;Pendiente;;"Ingresos percibidos y gastos devengados por mes, sin acumulación; necesarios para ajustar cada flujo por IPC.";https://montehermoso.gov.ar/sitio/;2026-09-11
06553;Monte Hermoso;Cierres fiscales anuales 2021–2025;Sin serie anual incorporada;;"CAIF de cierre anual 2021–2025 con los mismos organismos; no anualizar semestres.";https://montehermoso.gov.ar/sitio/;2026-09-11
06553;Monte Hermoso;Transferencias provinciales;Incorporado;2025-01 a 2026-07;;https://montehermoso.gov.ar/sitio/;2026-09-11
06553;Monte Hermoso;Empleo y salarios privados formales;Incorporado;2019-01 a 2025-12;;https://montehermoso.gov.ar/sitio/;2026-09-11
06553;Monte Hermoso;Población y condiciones de vida;Incorporado;Censo 2022;;https://montehermoso.gov.ar/sitio/;2026-09-11
06553;Monte Hermoso;Producto municipal;Incorporado;"2021–2023; precios 2004";;https://montehermoso.gov.ar/sitio/;2026-09-11
06553;Monte Hermoso;Delitos registrados;Incorporado;2024–2025;;https://montehermoso.gov.ar/sitio/;2026-09-11
06553;Monte Hermoso;Deuda de personas;Incorporado;2026-07;;https://montehermoso.gov.ar/sitio/;2026-09-11
06553;Monte Hermoso;Préstamos y depósitos bancarios;Reservado o sin cifra de origen;2024-12;"Cifra publicada por localización BCRA/DPE; las reservas estadísticas no se completan con cero.";https://montehermoso.gov.ar/sitio/;2026-09-11
06553;Monte Hermoso;Empleo industrial;Incorporado;2025-12;;https://montehermoso.gov.ar/sitio/;2026-09-11
06553;Monte Hermoso;Desempleo, informalidad y pobreza por ingresos;Sin serie comparable para 135;;"Encuesta representativa del municipio con metodología y muestra; los datos por aglomerado no representan automáticamente cada partido.";https://montehermoso.gov.ar/sitio/;2026-09-11
06560;Moreno;Cuenta fiscal comparable;Pendiente;enero–junio 2026;Cuenta ahorro-inversión-financiamiento (CAIF) enero–junio 2026, o ejecuciones por carácter económico conciliadas que excluyan financiamiento.;https://moreno2.moreno.gob.ar/php/trees-docs-economia.php;2026-09-11
06560;Moreno;Presupuesto original 2026;Pendiente;2026;"Ordenanza de presupuesto 2026 aprobada y total de erogaciones; identificar los organismos incluidos.";https://moreno2.moreno.gob.ar/php/trees-docs-economia.php;2026-09-11
06560;Moreno;Presupuesto vigente 2026;Incorporado;2026-03-31;;https://moreno2.moreno.gob.ar/php/trees-docs-economia.php;2026-09-11
06560;Moreno;Saldo de tesorería;Pendiente;;Estado de tesorería conciliado: bancos, efectivo, valores y fondos afectados. El saldo total no equivale a caja libre.;https://moreno2.moreno.gob.ar/php/trees-docs-economia.php;2026-09-11
06560;Moreno;Caja libre;Pendiente;;Caja de libre disponibilidad conciliada, descontando fondos afectados y obligaciones exigibles.;https://moreno2.moreno.gob.ar/php/trees-docs-economia.php;2026-09-11
06560;Moreno;Stock de deuda municipal;Pendiente;;"Planilla de deuda consolidada y flotante, contratos, moneda y corte; separar pasivos contables y evitar sumarlos dos veces.";https://moreno2.moreno.gob.ar/php/trees-docs-economia.php;2026-09-11
06560;Moreno;Calendario futuro de deuda;Pendiente;;"Planilla de vencimientos futuros de capital e intereses, por contrato y fecha; separar lo ya pagado del año.";https://moreno2.moreno.gob.ar/php/trees-docs-economia.php;2026-09-11
06560;Moreno;Deuda con proveedores vencida;Pendiente;;Antigüedad y vencimiento de facturas pendientes, conciliados con la deuda flotante. Pendiente no significa vencida.;https://moreno2.moreno.gob.ar/php/trees-docs-economia.php;2026-09-11
06560;Moreno;Flujos fiscales mensuales;Pendiente;;"Ingresos percibidos y gastos devengados por mes, sin acumulación; necesarios para ajustar cada flujo por IPC.";https://moreno2.moreno.gob.ar/php/trees-docs-economia.php;2026-09-11
06560;Moreno;Cierres fiscales anuales 2021–2025;Sin serie anual incorporada;;"CAIF de cierre anual 2021–2025 con los mismos organismos; no anualizar semestres.";https://moreno2.moreno.gob.ar/php/trees-docs-economia.php;2026-09-11
06560;Moreno;Transferencias provinciales;Incorporado;2025-01 a 2026-07;;https://moreno2.moreno.gob.ar/php/trees-docs-economia.php;2026-09-11
06560;Moreno;Empleo y salarios privados formales;Incorporado;2019-01 a 2025-12;;https://moreno2.moreno.gob.ar/php/trees-docs-economia.php;2026-09-11
06560;Moreno;Población y condiciones de vida;Incorporado;Censo 2022;;https://moreno2.moreno.gob.ar/php/trees-docs-economia.php;2026-09-11
06560;Moreno;Producto municipal;Incorporado;"2021–2023; precios 2004";;https://moreno2.moreno.gob.ar/php/trees-docs-economia.php;2026-09-11
06560;Moreno;Delitos registrados;Incorporado;2024–2025;;https://moreno2.moreno.gob.ar/php/trees-docs-economia.php;2026-09-11
06560;Moreno;Deuda de personas;Incorporado;2026-07;;https://moreno2.moreno.gob.ar/php/trees-docs-economia.php;2026-09-11
06560;Moreno;Préstamos y depósitos bancarios;Incorporado;2024-12;;https://moreno2.moreno.gob.ar/php/trees-docs-economia.php;2026-09-11
06560;Moreno;Empleo industrial;Incorporado;2025-12;;https://moreno2.moreno.gob.ar/php/trees-docs-economia.php;2026-09-11
06560;Moreno;Desempleo, informalidad y pobreza por ingresos;Sin serie comparable para 135;;"Encuesta representativa del municipio con metodología y muestra; los datos por aglomerado no representan automáticamente cada partido.";https://moreno2.moreno.gob.ar/php/trees-docs-economia.php;2026-09-11
06568;Morón;Cuenta fiscal comparable;Pendiente;enero–junio 2026;Cuenta ahorro-inversión-financiamiento (CAIF) enero–junio 2026, o ejecuciones por carácter económico conciliadas que excluyan financiamiento.;http://www.moron.gob.ar/estados-contables-del-ejercicio-2021/;2026-09-11
06568;Morón;Presupuesto original 2026;Pendiente;;"Ordenanza de presupuesto 2026 aprobada y total de erogaciones; identificar los organismos incluidos.";http://www.moron.gob.ar/estados-contables-del-ejercicio-2021/;2026-09-11
06568;Morón;Presupuesto vigente 2026;Pendiente;;Crédito anual vigente 2026 y modificaciones, con fecha de corte y saldo inicial anual.;http://www.moron.gob.ar/estados-contables-del-ejercicio-2021/;2026-09-11
06568;Morón;Saldo de tesorería;Pendiente;;Estado de tesorería conciliado: bancos, efectivo, valores y fondos afectados. El saldo total no equivale a caja libre.;http://www.moron.gob.ar/estados-contables-del-ejercicio-2021/;2026-09-11
06568;Morón;Caja libre;Pendiente;;Caja de libre disponibilidad conciliada, descontando fondos afectados y obligaciones exigibles.;http://www.moron.gob.ar/estados-contables-del-ejercicio-2021/;2026-09-11
06568;Morón;Stock de deuda municipal;Pendiente;;"Planilla de deuda consolidada y flotante, contratos, moneda y corte; separar pasivos contables y evitar sumarlos dos veces.";http://www.moron.gob.ar/estados-contables-del-ejercicio-2021/;2026-09-11
06568;Morón;Calendario futuro de deuda;Pendiente;;"Planilla de vencimientos futuros de capital e intereses, por contrato y fecha; separar lo ya pagado del año.";http://www.moron.gob.ar/estados-contables-del-ejercicio-2021/;2026-09-11
06568;Morón;Deuda con proveedores vencida;Pendiente;;Antigüedad y vencimiento de facturas pendientes, conciliados con la deuda flotante. Pendiente no significa vencida.;http://www.moron.gob.ar/estados-contables-del-ejercicio-2021/;2026-09-11
06568;Morón;Flujos fiscales mensuales;Pendiente;;"Ingresos percibidos y gastos devengados por mes, sin acumulación; necesarios para ajustar cada flujo por IPC.";http://www.moron.gob.ar/estados-contables-del-ejercicio-2021/;2026-09-11
06568;Morón;Cierres fiscales anuales 2021–2025;Sin serie anual incorporada;;"CAIF de cierre anual 2021–2025 con los mismos organismos; no anualizar semestres.";http://www.moron.gob.ar/estados-contables-del-ejercicio-2021/;2026-09-11
06568;Morón;Transferencias provinciales;Incorporado;2025-01 a 2026-07;;http://www.moron.gob.ar/estados-contables-del-ejercicio-2021/;2026-09-11
06568;Morón;Empleo y salarios privados formales;Incorporado;2019-01 a 2025-12;;http://www.moron.gob.ar/estados-contables-del-ejercicio-2021/;2026-09-11
06568;Morón;Población y condiciones de vida;Incorporado;Censo 2022;;http://www.moron.gob.ar/estados-contables-del-ejercicio-2021/;2026-09-11
06568;Morón;Producto municipal;Incorporado;"2021–2023; precios 2004";;http://www.moron.gob.ar/estados-contables-del-ejercicio-2021/;2026-09-11
06568;Morón;Delitos registrados;Incorporado;2024–2025;;http://www.moron.gob.ar/estados-contables-del-ejercicio-2021/;2026-09-11
06568;Morón;Deuda de personas;Incorporado;2026-07;;http://www.moron.gob.ar/estados-contables-del-ejercicio-2021/;2026-09-11
06568;Morón;Préstamos y depósitos bancarios;Incorporado;2024-12;;http://www.moron.gob.ar/estados-contables-del-ejercicio-2021/;2026-09-11
06568;Morón;Empleo industrial;Incorporado;2025-12;;http://www.moron.gob.ar/estados-contables-del-ejercicio-2021/;2026-09-11
06568;Morón;Desempleo, informalidad y pobreza por ingresos;Sin serie comparable para 135;;"Encuesta representativa del municipio con metodología y muestra; los datos por aglomerado no representan automáticamente cada partido.";http://www.moron.gob.ar/estados-contables-del-ejercicio-2021/;2026-09-11
06574;Navarro;Cuenta fiscal comparable;Pendiente;enero–junio 2026;Cuenta ahorro-inversión-financiamiento (CAIF) enero–junio 2026, o ejecuciones por carácter económico conciliadas que excluyan financiamiento.;https://navarro.gob.ar/situacion-economica-financiera/;2026-09-11
06574;Navarro;Presupuesto original 2026;Pendiente;;"Ordenanza de presupuesto 2026 aprobada y total de erogaciones; identificar los organismos incluidos.";https://navarro.gob.ar/situacion-economica-financiera/;2026-09-11
06574;Navarro;Presupuesto vigente 2026;Pendiente;;Crédito anual vigente 2026 y modificaciones, con fecha de corte y saldo inicial anual.;https://navarro.gob.ar/situacion-economica-financiera/;2026-09-11
06574;Navarro;Saldo de tesorería;Pendiente;;Estado de tesorería conciliado: bancos, efectivo, valores y fondos afectados. El saldo total no equivale a caja libre.;https://navarro.gob.ar/situacion-economica-financiera/;2026-09-11
06574;Navarro;Caja libre;Pendiente;;Caja de libre disponibilidad conciliada, descontando fondos afectados y obligaciones exigibles.;https://navarro.gob.ar/situacion-economica-financiera/;2026-09-11
06574;Navarro;Stock de deuda municipal;Pendiente;;"Planilla de deuda consolidada y flotante, contratos, moneda y corte; separar pasivos contables y evitar sumarlos dos veces.";https://navarro.gob.ar/situacion-economica-financiera/;2026-09-11
06574;Navarro;Calendario futuro de deuda;Pendiente;;"Planilla de vencimientos futuros de capital e intereses, por contrato y fecha; separar lo ya pagado del año.";https://navarro.gob.ar/situacion-economica-financiera/;2026-09-11
06574;Navarro;Deuda con proveedores vencida;Pendiente;;Antigüedad y vencimiento de facturas pendientes, conciliados con la deuda flotante. Pendiente no significa vencida.;https://navarro.gob.ar/situacion-economica-financiera/;2026-09-11
06574;Navarro;Flujos fiscales mensuales;Pendiente;;"Ingresos percibidos y gastos devengados por mes, sin acumulación; necesarios para ajustar cada flujo por IPC.";https://navarro.gob.ar/situacion-economica-financiera/;2026-09-11
06574;Navarro;Cierres fiscales anuales 2021–2025;Sin serie anual incorporada;;"CAIF de cierre anual 2021–2025 con los mismos organismos; no anualizar semestres.";https://navarro.gob.ar/situacion-economica-financiera/;2026-09-11
06574;Navarro;Transferencias provinciales;Incorporado;2025-01 a 2026-07;;https://navarro.gob.ar/situacion-economica-financiera/;2026-09-11
06574;Navarro;Empleo y salarios privados formales;Incorporado;2019-01 a 2025-12;;https://navarro.gob.ar/situacion-economica-financiera/;2026-09-11
06574;Navarro;Población y condiciones de vida;Incorporado;Censo 2022;;https://navarro.gob.ar/situacion-economica-financiera/;2026-09-11
06574;Navarro;Producto municipal;Incorporado;"2021–2023; precios 2004";;https://navarro.gob.ar/situacion-economica-financiera/;2026-09-11
06574;Navarro;Delitos registrados;Incorporado;2024–2025;;https://navarro.gob.ar/situacion-economica-financiera/;2026-09-11
06574;Navarro;Deuda de personas;Incorporado;2026-07;;https://navarro.gob.ar/situacion-economica-financiera/;2026-09-11
06574;Navarro;Préstamos y depósitos bancarios;Incorporado;2024-12;;https://navarro.gob.ar/situacion-economica-financiera/;2026-09-11
06574;Navarro;Empleo industrial;Incorporado;2025-12;;https://navarro.gob.ar/situacion-economica-financiera/;2026-09-11
06574;Navarro;Desempleo, informalidad y pobreza por ingresos;Sin serie comparable para 135;;"Encuesta representativa del municipio con metodología y muestra; los datos por aglomerado no representan automáticamente cada partido.";https://navarro.gob.ar/situacion-economica-financiera/;2026-09-11
06581;Necochea;Cuenta fiscal comparable;Incorporado;enero–junio 2026;;https://necochea.gov.ar/transparencia/;2026-09-11
06581;Necochea;Presupuesto original 2026;Pendiente;2026;"Ordenanza de presupuesto 2026 aprobada y total de erogaciones; identificar los organismos incluidos.";https://necochea.gov.ar/transparencia/;2026-09-11
06581;Necochea;Presupuesto vigente 2026;Incorporado;2026-06-30;;https://necochea.gov.ar/transparencia/;2026-09-11
06581;Necochea;Saldo de tesorería;Pendiente;;Estado de tesorería conciliado: bancos, efectivo, valores y fondos afectados. El saldo total no equivale a caja libre.;https://necochea.gov.ar/transparencia/;2026-09-11
06581;Necochea;Caja libre;Pendiente;;Caja de libre disponibilidad conciliada, descontando fondos afectados y obligaciones exigibles.;https://necochea.gov.ar/transparencia/;2026-09-11
06581;Necochea;Stock de deuda municipal;Pendiente;;"Planilla de deuda consolidada y flotante, contratos, moneda y corte; separar pasivos contables y evitar sumarlos dos veces.";https://necochea.gov.ar/transparencia/;2026-09-11
06581;Necochea;Calendario futuro de deuda;Pendiente;;"Planilla de vencimientos futuros de capital e intereses, por contrato y fecha; separar lo ya pagado del año.";https://necochea.gov.ar/transparencia/;2026-09-11
06581;Necochea;Deuda con proveedores vencida;Pendiente;;Antigüedad y vencimiento de facturas pendientes, conciliados con la deuda flotante. Pendiente no significa vencida.;https://necochea.gov.ar/transparencia/;2026-09-11
06581;Necochea;Flujos fiscales mensuales;Pendiente;;"Ingresos percibidos y gastos devengados por mes, sin acumulación; necesarios para ajustar cada flujo por IPC.";https://necochea.gov.ar/transparencia/;2026-09-11
06581;Necochea;Cierres fiscales anuales 2021–2025;Sin serie anual incorporada;;"CAIF de cierre anual 2021–2025 con los mismos organismos; no anualizar semestres.";https://necochea.gov.ar/transparencia/;2026-09-11
06581;Necochea;Transferencias provinciales;Incorporado;2025-01 a 2026-07;;https://necochea.gov.ar/transparencia/;2026-09-11
06581;Necochea;Empleo y salarios privados formales;Incorporado;2019-01 a 2025-12;;https://necochea.gov.ar/transparencia/;2026-09-11
06581;Necochea;Población y condiciones de vida;Incorporado;Censo 2022;;https://necochea.gov.ar/transparencia/;2026-09-11
06581;Necochea;Producto municipal;Incorporado;"2021–2023; precios 2004";;https://necochea.gov.ar/transparencia/;2026-09-11
06581;Necochea;Delitos registrados;Incorporado;2024–2025;;https://necochea.gov.ar/transparencia/;2026-09-11
06581;Necochea;Deuda de personas;Incorporado;2026-07;;https://necochea.gov.ar/transparencia/;2026-09-11
06581;Necochea;Préstamos y depósitos bancarios;Incorporado;2024-12;;https://necochea.gov.ar/transparencia/;2026-09-11
06581;Necochea;Empleo industrial;Incorporado;2025-12;;https://necochea.gov.ar/transparencia/;2026-09-11
06581;Necochea;Desempleo, informalidad y pobreza por ingresos;Sin serie comparable para 135;;"Encuesta representativa del municipio con metodología y muestra; los datos por aglomerado no representan automáticamente cada partido.";https://necochea.gov.ar/transparencia/;2026-09-11
06588;9 de Julio;Cuenta fiscal comparable;Pendiente;enero–junio 2026;Cuenta ahorro-inversión-financiamiento (CAIF) enero–junio 2026, o ejecuciones por carácter económico conciliadas que excluyan financiamiento.;https://www.9dejulio.gov.ar/gobierno_abierto.php;2026-09-11
06588;9 de Julio;Presupuesto original 2026;Pendiente;2026;"Ordenanza de presupuesto 2026 aprobada y total de erogaciones; identificar los organismos incluidos.";https://www.9dejulio.gov.ar/gobierno_abierto.php;2026-09-11
06588;9 de Julio;Presupuesto vigente 2026;Incorporado;2026-03-31;;https://www.9dejulio.gov.ar/gobierno_abierto.php;2026-09-11
06588;9 de Julio;Saldo de tesorería;Pendiente;;Estado de tesorería conciliado: bancos, efectivo, valores y fondos afectados. El saldo total no equivale a caja libre.;https://www.9dejulio.gov.ar/gobierno_abierto.php;2026-09-11
06588;9 de Julio;Caja libre;Pendiente;;Caja de libre disponibilidad conciliada, descontando fondos afectados y obligaciones exigibles.;https://www.9dejulio.gov.ar/gobierno_abierto.php;2026-09-11
06588;9 de Julio;Stock de deuda municipal;Pendiente;;"Planilla de deuda consolidada y flotante, contratos, moneda y corte; separar pasivos contables y evitar sumarlos dos veces.";https://www.9dejulio.gov.ar/gobierno_abierto.php;2026-09-11
06588;9 de Julio;Calendario futuro de deuda;Pendiente;;"Planilla de vencimientos futuros de capital e intereses, por contrato y fecha; separar lo ya pagado del año.";https://www.9dejulio.gov.ar/gobierno_abierto.php;2026-09-11
06588;9 de Julio;Deuda con proveedores vencida;Pendiente;;Antigüedad y vencimiento de facturas pendientes, conciliados con la deuda flotante. Pendiente no significa vencida.;https://www.9dejulio.gov.ar/gobierno_abierto.php;2026-09-11
06588;9 de Julio;Flujos fiscales mensuales;Pendiente;;"Ingresos percibidos y gastos devengados por mes, sin acumulación; necesarios para ajustar cada flujo por IPC.";https://www.9dejulio.gov.ar/gobierno_abierto.php;2026-09-11
06588;9 de Julio;Cierres fiscales anuales 2021–2025;Sin serie anual incorporada;;"CAIF de cierre anual 2021–2025 con los mismos organismos; no anualizar semestres.";https://www.9dejulio.gov.ar/gobierno_abierto.php;2026-09-11
06588;9 de Julio;Transferencias provinciales;Incorporado;2025-01 a 2026-07;;https://www.9dejulio.gov.ar/gobierno_abierto.php;2026-09-11
06588;9 de Julio;Empleo y salarios privados formales;Incorporado;2019-01 a 2025-12;;https://www.9dejulio.gov.ar/gobierno_abierto.php;2026-09-11
06588;9 de Julio;Población y condiciones de vida;Incorporado;Censo 2022;;https://www.9dejulio.gov.ar/gobierno_abierto.php;2026-09-11
06588;9 de Julio;Producto municipal;Incorporado;"2021–2023; precios 2004";;https://www.9dejulio.gov.ar/gobierno_abierto.php;2026-09-11
06588;9 de Julio;Delitos registrados;Incorporado;2024–2025;;https://www.9dejulio.gov.ar/gobierno_abierto.php;2026-09-11
06588;9 de Julio;Deuda de personas;Incorporado;2026-07;;https://www.9dejulio.gov.ar/gobierno_abierto.php;2026-09-11
06588;9 de Julio;Préstamos y depósitos bancarios;Incorporado;2024-12;;https://www.9dejulio.gov.ar/gobierno_abierto.php;2026-09-11
06588;9 de Julio;Empleo industrial;Incorporado;2025-12;;https://www.9dejulio.gov.ar/gobierno_abierto.php;2026-09-11
06588;9 de Julio;Desempleo, informalidad y pobreza por ingresos;Sin serie comparable para 135;;"Encuesta representativa del municipio con metodología y muestra; los datos por aglomerado no representan automáticamente cada partido.";https://www.9dejulio.gov.ar/gobierno_abierto.php;2026-09-11
06595;Olavarría;Cuenta fiscal comparable;Incorporado;enero–junio 2026;;https://www.olavarria.gov.ar/documentos-publicos/;2026-09-11
06595;Olavarría;Presupuesto original 2026;Pendiente;2026;"Ordenanza de presupuesto 2026 aprobada y total de erogaciones; identificar los organismos incluidos.";https://www.olavarria.gov.ar/documentos-publicos/;2026-09-11
06595;Olavarría;Presupuesto vigente 2026;Incorporado;2026-06-30;;https://www.olavarria.gov.ar/documentos-publicos/;2026-09-11
06595;Olavarría;Saldo de tesorería;Pendiente;;Estado de tesorería conciliado: bancos, efectivo, valores y fondos afectados. El saldo total no equivale a caja libre.;https://www.olavarria.gov.ar/documentos-publicos/;2026-09-11
06595;Olavarría;Caja libre;Pendiente;;Caja de libre disponibilidad conciliada, descontando fondos afectados y obligaciones exigibles.;https://www.olavarria.gov.ar/documentos-publicos/;2026-09-11
06595;Olavarría;Stock de deuda municipal;Pendiente;;"Planilla de deuda consolidada y flotante, contratos, moneda y corte; separar pasivos contables y evitar sumarlos dos veces.";https://www.olavarria.gov.ar/documentos-publicos/;2026-09-11
06595;Olavarría;Calendario futuro de deuda;Pendiente;;"Planilla de vencimientos futuros de capital e intereses, por contrato y fecha; separar lo ya pagado del año.";https://www.olavarria.gov.ar/documentos-publicos/;2026-09-11
06595;Olavarría;Deuda con proveedores vencida;Pendiente;;Antigüedad y vencimiento de facturas pendientes, conciliados con la deuda flotante. Pendiente no significa vencida.;https://www.olavarria.gov.ar/documentos-publicos/;2026-09-11
06595;Olavarría;Flujos fiscales mensuales;Pendiente;;"Ingresos percibidos y gastos devengados por mes, sin acumulación; necesarios para ajustar cada flujo por IPC.";https://www.olavarria.gov.ar/documentos-publicos/;2026-09-11
06595;Olavarría;Cierres fiscales anuales 2021–2025;Sin serie anual incorporada;;"CAIF de cierre anual 2021–2025 con los mismos organismos; no anualizar semestres.";https://www.olavarria.gov.ar/documentos-publicos/;2026-09-11
06595;Olavarría;Transferencias provinciales;Incorporado;2025-01 a 2026-07;;https://www.olavarria.gov.ar/documentos-publicos/;2026-09-11
06595;Olavarría;Empleo y salarios privados formales;Incorporado;2019-01 a 2025-12;;https://www.olavarria.gov.ar/documentos-publicos/;2026-09-11
06595;Olavarría;Población y condiciones de vida;Incorporado;Censo 2022;;https://www.olavarria.gov.ar/documentos-publicos/;2026-09-11
06595;Olavarría;Producto municipal;Incorporado;"2021–2023; precios 2004";;https://www.olavarria.gov.ar/documentos-publicos/;2026-09-11
06595;Olavarría;Delitos registrados;Incorporado;2024–2025;;https://www.olavarria.gov.ar/documentos-publicos/;2026-09-11
06595;Olavarría;Deuda de personas;Incorporado;2026-07;;https://www.olavarria.gov.ar/documentos-publicos/;2026-09-11
06595;Olavarría;Préstamos y depósitos bancarios;Incorporado;2024-12;;https://www.olavarria.gov.ar/documentos-publicos/;2026-09-11
06595;Olavarría;Empleo industrial;Incorporado;2025-12;;https://www.olavarria.gov.ar/documentos-publicos/;2026-09-11
06595;Olavarría;Desempleo, informalidad y pobreza por ingresos;Sin serie comparable para 135;;"Encuesta representativa del municipio con metodología y muestra; los datos por aglomerado no representan automáticamente cada partido.";https://www.olavarria.gov.ar/documentos-publicos/;2026-09-11
06602;Patagones;Cuenta fiscal comparable;Incorporado;enero–junio 2026;;https://patagones.gob.ar/ejercicios-2026/;2026-09-11
06602;Patagones;Presupuesto original 2026;Pendiente;2026;"Ordenanza de presupuesto 2026 aprobada y total de erogaciones; identificar los organismos incluidos.";https://patagones.gob.ar/ejercicios-2026/;2026-09-11
06602;Patagones;Presupuesto vigente 2026;Incorporado;2026-06-30;;https://patagones.gob.ar/ejercicios-2026/;2026-09-11
06602;Patagones;Saldo de tesorería;Pendiente;;Estado de tesorería conciliado: bancos, efectivo, valores y fondos afectados. El saldo total no equivale a caja libre.;https://patagones.gob.ar/ejercicios-2026/;2026-09-11
06602;Patagones;Caja libre;Pendiente;;Caja de libre disponibilidad conciliada, descontando fondos afectados y obligaciones exigibles.;https://patagones.gob.ar/ejercicios-2026/;2026-09-11
06602;Patagones;Stock de deuda municipal;Pendiente;;"Planilla de deuda consolidada y flotante, contratos, moneda y corte; separar pasivos contables y evitar sumarlos dos veces.";https://patagones.gob.ar/ejercicios-2026/;2026-09-11
06602;Patagones;Calendario futuro de deuda;Pendiente;;"Planilla de vencimientos futuros de capital e intereses, por contrato y fecha; separar lo ya pagado del año.";https://patagones.gob.ar/ejercicios-2026/;2026-09-11
06602;Patagones;Deuda con proveedores vencida;Pendiente;;Antigüedad y vencimiento de facturas pendientes, conciliados con la deuda flotante. Pendiente no significa vencida.;https://patagones.gob.ar/ejercicios-2026/;2026-09-11
06602;Patagones;Flujos fiscales mensuales;Pendiente;;"Ingresos percibidos y gastos devengados por mes, sin acumulación; necesarios para ajustar cada flujo por IPC.";https://patagones.gob.ar/ejercicios-2026/;2026-09-11
06602;Patagones;Cierres fiscales anuales 2021–2025;Sin serie anual incorporada;;"CAIF de cierre anual 2021–2025 con los mismos organismos; no anualizar semestres.";https://patagones.gob.ar/ejercicios-2026/;2026-09-11
06602;Patagones;Transferencias provinciales;Incorporado;2025-01 a 2026-07;;https://patagones.gob.ar/ejercicios-2026/;2026-09-11
06602;Patagones;Empleo y salarios privados formales;Incorporado;2019-01 a 2025-12;;https://patagones.gob.ar/ejercicios-2026/;2026-09-11
06602;Patagones;Población y condiciones de vida;Incorporado;Censo 2022;;https://patagones.gob.ar/ejercicios-2026/;2026-09-11
06602;Patagones;Producto municipal;Incorporado;"2021–2023; precios 2004";;https://patagones.gob.ar/ejercicios-2026/;2026-09-11
06602;Patagones;Delitos registrados;Incorporado;2024–2025;;https://patagones.gob.ar/ejercicios-2026/;2026-09-11
06602;Patagones;Deuda de personas;Incorporado;2026-07;;https://patagones.gob.ar/ejercicios-2026/;2026-09-11
06602;Patagones;Préstamos y depósitos bancarios;Incorporado;2024-12;;https://patagones.gob.ar/ejercicios-2026/;2026-09-11
06602;Patagones;Empleo industrial;Incorporado;2025-12;;https://patagones.gob.ar/ejercicios-2026/;2026-09-11
06602;Patagones;Desempleo, informalidad y pobreza por ingresos;Sin serie comparable para 135;;"Encuesta representativa del municipio con metodología y muestra; los datos por aglomerado no representan automáticamente cada partido.";https://patagones.gob.ar/ejercicios-2026/;2026-09-11
06609;Pehuajó;Cuenta fiscal comparable;Pendiente;enero–junio 2026;Cuenta ahorro-inversión-financiamiento (CAIF) enero–junio 2026, o ejecuciones por carácter económico conciliadas que excluyan financiamiento.;http://www.pehuajo.gob.ar/p/situacion-economico-financiera.html;2026-09-11
06609;Pehuajó;Presupuesto original 2026;Pendiente;;"Ordenanza de presupuesto 2026 aprobada y total de erogaciones; identificar los organismos incluidos.";http://www.pehuajo.gob.ar/p/situacion-economico-financiera.html;2026-09-11
06609;Pehuajó;Presupuesto vigente 2026;Pendiente;;Crédito anual vigente 2026 y modificaciones, con fecha de corte y saldo inicial anual.;http://www.pehuajo.gob.ar/p/situacion-economico-financiera.html;2026-09-11
06609;Pehuajó;Saldo de tesorería;Pendiente;;Estado de tesorería conciliado: bancos, efectivo, valores y fondos afectados. El saldo total no equivale a caja libre.;http://www.pehuajo.gob.ar/p/situacion-economico-financiera.html;2026-09-11
06609;Pehuajó;Caja libre;Pendiente;;Caja de libre disponibilidad conciliada, descontando fondos afectados y obligaciones exigibles.;http://www.pehuajo.gob.ar/p/situacion-economico-financiera.html;2026-09-11
06609;Pehuajó;Stock de deuda municipal;Pendiente;;"Planilla de deuda consolidada y flotante, contratos, moneda y corte; separar pasivos contables y evitar sumarlos dos veces.";http://www.pehuajo.gob.ar/p/situacion-economico-financiera.html;2026-09-11
06609;Pehuajó;Calendario futuro de deuda;Pendiente;;"Planilla de vencimientos futuros de capital e intereses, por contrato y fecha; separar lo ya pagado del año.";http://www.pehuajo.gob.ar/p/situacion-economico-financiera.html;2026-09-11
06609;Pehuajó;Deuda con proveedores vencida;Pendiente;;Antigüedad y vencimiento de facturas pendientes, conciliados con la deuda flotante. Pendiente no significa vencida.;http://www.pehuajo.gob.ar/p/situacion-economico-financiera.html;2026-09-11
06609;Pehuajó;Flujos fiscales mensuales;Pendiente;;"Ingresos percibidos y gastos devengados por mes, sin acumulación; necesarios para ajustar cada flujo por IPC.";http://www.pehuajo.gob.ar/p/situacion-economico-financiera.html;2026-09-11
06609;Pehuajó;Cierres fiscales anuales 2021–2025;Sin serie anual incorporada;;"CAIF de cierre anual 2021–2025 con los mismos organismos; no anualizar semestres.";http://www.pehuajo.gob.ar/p/situacion-economico-financiera.html;2026-09-11
06609;Pehuajó;Transferencias provinciales;Incorporado;2025-01 a 2026-07;;http://www.pehuajo.gob.ar/p/situacion-economico-financiera.html;2026-09-11
06609;Pehuajó;Empleo y salarios privados formales;Incorporado;2019-01 a 2025-12;;http://www.pehuajo.gob.ar/p/situacion-economico-financiera.html;2026-09-11
06609;Pehuajó;Población y condiciones de vida;Incorporado;Censo 2022;;http://www.pehuajo.gob.ar/p/situacion-economico-financiera.html;2026-09-11
06609;Pehuajó;Producto municipal;Incorporado;"2021–2023; precios 2004";;http://www.pehuajo.gob.ar/p/situacion-economico-financiera.html;2026-09-11
06609;Pehuajó;Delitos registrados;Incorporado;2024–2025;;http://www.pehuajo.gob.ar/p/situacion-economico-financiera.html;2026-09-11
06609;Pehuajó;Deuda de personas;Incorporado;2026-07;;http://www.pehuajo.gob.ar/p/situacion-economico-financiera.html;2026-09-11
06609;Pehuajó;Préstamos y depósitos bancarios;Incorporado;2024-12;;http://www.pehuajo.gob.ar/p/situacion-economico-financiera.html;2026-09-11
06609;Pehuajó;Empleo industrial;Incorporado;2025-12;;http://www.pehuajo.gob.ar/p/situacion-economico-financiera.html;2026-09-11
06609;Pehuajó;Desempleo, informalidad y pobreza por ingresos;Sin serie comparable para 135;;"Encuesta representativa del municipio con metodología y muestra; los datos por aglomerado no representan automáticamente cada partido.";http://www.pehuajo.gob.ar/p/situacion-economico-financiera.html;2026-09-11
06616;Pellegrini;Cuenta fiscal comparable;Incorporado;enero–junio 2026;;https://pellegrini.gov.ar/index.php/contenido/archivo/situacion;2026-09-11
06616;Pellegrini;Presupuesto original 2026;Pendiente;2026;"Ordenanza de presupuesto 2026 aprobada y total de erogaciones; identificar los organismos incluidos.";https://pellegrini.gov.ar/index.php/contenido/archivo/situacion;2026-09-11
06616;Pellegrini;Presupuesto vigente 2026;Incorporado;2026-06-30;;https://pellegrini.gov.ar/index.php/contenido/archivo/situacion;2026-09-11
06616;Pellegrini;Saldo de tesorería;Pendiente;;Estado de tesorería conciliado: bancos, efectivo, valores y fondos afectados. El saldo total no equivale a caja libre.;https://pellegrini.gov.ar/index.php/contenido/archivo/situacion;2026-09-11
06616;Pellegrini;Caja libre;Pendiente;;Caja de libre disponibilidad conciliada, descontando fondos afectados y obligaciones exigibles.;https://pellegrini.gov.ar/index.php/contenido/archivo/situacion;2026-09-11
06616;Pellegrini;Stock de deuda municipal;Pendiente;;"Planilla de deuda consolidada y flotante, contratos, moneda y corte; separar pasivos contables y evitar sumarlos dos veces.";https://pellegrini.gov.ar/index.php/contenido/archivo/situacion;2026-09-11
06616;Pellegrini;Calendario futuro de deuda;Pendiente;;"Planilla de vencimientos futuros de capital e intereses, por contrato y fecha; separar lo ya pagado del año.";https://pellegrini.gov.ar/index.php/contenido/archivo/situacion;2026-09-11
06616;Pellegrini;Deuda con proveedores vencida;Pendiente;;Antigüedad y vencimiento de facturas pendientes, conciliados con la deuda flotante. Pendiente no significa vencida.;https://pellegrini.gov.ar/index.php/contenido/archivo/situacion;2026-09-11
06616;Pellegrini;Flujos fiscales mensuales;Pendiente;;"Ingresos percibidos y gastos devengados por mes, sin acumulación; necesarios para ajustar cada flujo por IPC.";https://pellegrini.gov.ar/index.php/contenido/archivo/situacion;2026-09-11
06616;Pellegrini;Cierres fiscales anuales 2021–2025;Sin serie anual incorporada;;"CAIF de cierre anual 2021–2025 con los mismos organismos; no anualizar semestres.";https://pellegrini.gov.ar/index.php/contenido/archivo/situacion;2026-09-11
06616;Pellegrini;Transferencias provinciales;Incorporado;2025-01 a 2026-07;;https://pellegrini.gov.ar/index.php/contenido/archivo/situacion;2026-09-11
06616;Pellegrini;Empleo y salarios privados formales;Incorporado;2019-01 a 2025-12;;https://pellegrini.gov.ar/index.php/contenido/archivo/situacion;2026-09-11
06616;Pellegrini;Población y condiciones de vida;Incorporado;Censo 2022;;https://pellegrini.gov.ar/index.php/contenido/archivo/situacion;2026-09-11
06616;Pellegrini;Producto municipal;Incorporado;"2021–2023; precios 2004";;https://pellegrini.gov.ar/index.php/contenido/archivo/situacion;2026-09-11
06616;Pellegrini;Delitos registrados;Incorporado;2024–2025;;https://pellegrini.gov.ar/index.php/contenido/archivo/situacion;2026-09-11
06616;Pellegrini;Deuda de personas;Incorporado;2026-07;;https://pellegrini.gov.ar/index.php/contenido/archivo/situacion;2026-09-11
06616;Pellegrini;Préstamos y depósitos bancarios;Reservado o sin cifra de origen;2024-12;"Cifra publicada por localización BCRA/DPE; las reservas estadísticas no se completan con cero.";https://pellegrini.gov.ar/index.php/contenido/archivo/situacion;2026-09-11
06616;Pellegrini;Empleo industrial;Incorporado;2025-12;;https://pellegrini.gov.ar/index.php/contenido/archivo/situacion;2026-09-11
06616;Pellegrini;Desempleo, informalidad y pobreza por ingresos;Sin serie comparable para 135;;"Encuesta representativa del municipio con metodología y muestra; los datos por aglomerado no representan automáticamente cada partido.";https://pellegrini.gov.ar/index.php/contenido/archivo/situacion;2026-09-11
06623;Pergamino;Cuenta fiscal comparable;Incorporado;enero–junio 2026;;https://datosabiertos.pergamino.gob.ar/dataset/r-a-f-a-m-situacion-economica-financiera-ano-2026;2026-09-11
06623;Pergamino;Presupuesto original 2026;Pendiente;2026;"Ordenanza de presupuesto 2026 aprobada y total de erogaciones; identificar los organismos incluidos.";https://datosabiertos.pergamino.gob.ar/dataset/r-a-f-a-m-situacion-economica-financiera-ano-2026;2026-09-11
06623;Pergamino;Presupuesto vigente 2026;Incorporado;2026-06-30;;https://datosabiertos.pergamino.gob.ar/dataset/r-a-f-a-m-situacion-economica-financiera-ano-2026;2026-09-11
06623;Pergamino;Saldo de tesorería;Pendiente;;Estado de tesorería conciliado: bancos, efectivo, valores y fondos afectados. El saldo total no equivale a caja libre.;https://datosabiertos.pergamino.gob.ar/dataset/r-a-f-a-m-situacion-economica-financiera-ano-2026;2026-09-11
06623;Pergamino;Caja libre;Pendiente;;Caja de libre disponibilidad conciliada, descontando fondos afectados y obligaciones exigibles.;https://datosabiertos.pergamino.gob.ar/dataset/r-a-f-a-m-situacion-economica-financiera-ano-2026;2026-09-11
06623;Pergamino;Stock de deuda municipal;Pendiente;;"Planilla de deuda consolidada y flotante, contratos, moneda y corte; separar pasivos contables y evitar sumarlos dos veces.";https://datosabiertos.pergamino.gob.ar/dataset/r-a-f-a-m-situacion-economica-financiera-ano-2026;2026-09-11
06623;Pergamino;Calendario futuro de deuda;Pendiente;;"Planilla de vencimientos futuros de capital e intereses, por contrato y fecha; separar lo ya pagado del año.";https://datosabiertos.pergamino.gob.ar/dataset/r-a-f-a-m-situacion-economica-financiera-ano-2026;2026-09-11
06623;Pergamino;Deuda con proveedores vencida;Pendiente;;Antigüedad y vencimiento de facturas pendientes, conciliados con la deuda flotante. Pendiente no significa vencida.;https://datosabiertos.pergamino.gob.ar/dataset/r-a-f-a-m-situacion-economica-financiera-ano-2026;2026-09-11
06623;Pergamino;Flujos fiscales mensuales;Pendiente;;"Ingresos percibidos y gastos devengados por mes, sin acumulación; necesarios para ajustar cada flujo por IPC.";https://datosabiertos.pergamino.gob.ar/dataset/r-a-f-a-m-situacion-economica-financiera-ano-2026;2026-09-11
06623;Pergamino;Cierres fiscales anuales 2021–2025;Sin serie anual incorporada;;"CAIF de cierre anual 2021–2025 con los mismos organismos; no anualizar semestres.";https://datosabiertos.pergamino.gob.ar/dataset/r-a-f-a-m-situacion-economica-financiera-ano-2026;2026-09-11
06623;Pergamino;Transferencias provinciales;Incorporado;2025-01 a 2026-07;;https://datosabiertos.pergamino.gob.ar/dataset/r-a-f-a-m-situacion-economica-financiera-ano-2026;2026-09-11
06623;Pergamino;Empleo y salarios privados formales;Incorporado;2019-01 a 2025-12;;https://datosabiertos.pergamino.gob.ar/dataset/r-a-f-a-m-situacion-economica-financiera-ano-2026;2026-09-11
06623;Pergamino;Población y condiciones de vida;Incorporado;Censo 2022;;https://datosabiertos.pergamino.gob.ar/dataset/r-a-f-a-m-situacion-economica-financiera-ano-2026;2026-09-11
06623;Pergamino;Producto municipal;Incorporado;"2021–2023; precios 2004";;https://datosabiertos.pergamino.gob.ar/dataset/r-a-f-a-m-situacion-economica-financiera-ano-2026;2026-09-11
06623;Pergamino;Delitos registrados;Incorporado;2024–2025;;https://datosabiertos.pergamino.gob.ar/dataset/r-a-f-a-m-situacion-economica-financiera-ano-2026;2026-09-11
06623;Pergamino;Deuda de personas;Incorporado;2026-07;;https://datosabiertos.pergamino.gob.ar/dataset/r-a-f-a-m-situacion-economica-financiera-ano-2026;2026-09-11
06623;Pergamino;Préstamos y depósitos bancarios;Incorporado;2024-12;;https://datosabiertos.pergamino.gob.ar/dataset/r-a-f-a-m-situacion-economica-financiera-ano-2026;2026-09-11
06623;Pergamino;Empleo industrial;Incorporado;2025-12;;https://datosabiertos.pergamino.gob.ar/dataset/r-a-f-a-m-situacion-economica-financiera-ano-2026;2026-09-11
06623;Pergamino;Desempleo, informalidad y pobreza por ingresos;Sin serie comparable para 135;;"Encuesta representativa del municipio con metodología y muestra; los datos por aglomerado no representan automáticamente cada partido.";https://datosabiertos.pergamino.gob.ar/dataset/r-a-f-a-m-situacion-economica-financiera-ano-2026;2026-09-11
06630;Pila;Cuenta fiscal comparable;Pendiente;enero–junio 2026;Cuenta ahorro-inversión-financiamiento (CAIF) enero–junio 2026, o ejecuciones por carácter económico conciliadas que excluyan financiamiento.;https://pila.gob.ar/;2026-09-11
06630;Pila;Presupuesto original 2026;Pendiente;;"Ordenanza de presupuesto 2026 aprobada y total de erogaciones; identificar los organismos incluidos.";https://pila.gob.ar/;2026-09-11
06630;Pila;Presupuesto vigente 2026;Pendiente;;Crédito anual vigente 2026 y modificaciones, con fecha de corte y saldo inicial anual.;https://pila.gob.ar/;2026-09-11
06630;Pila;Saldo de tesorería;Pendiente;;Estado de tesorería conciliado: bancos, efectivo, valores y fondos afectados. El saldo total no equivale a caja libre.;https://pila.gob.ar/;2026-09-11
06630;Pila;Caja libre;Pendiente;;Caja de libre disponibilidad conciliada, descontando fondos afectados y obligaciones exigibles.;https://pila.gob.ar/;2026-09-11
06630;Pila;Stock de deuda municipal;Pendiente;;"Planilla de deuda consolidada y flotante, contratos, moneda y corte; separar pasivos contables y evitar sumarlos dos veces.";https://pila.gob.ar/;2026-09-11
06630;Pila;Calendario futuro de deuda;Pendiente;;"Planilla de vencimientos futuros de capital e intereses, por contrato y fecha; separar lo ya pagado del año.";https://pila.gob.ar/;2026-09-11
06630;Pila;Deuda con proveedores vencida;Pendiente;;Antigüedad y vencimiento de facturas pendientes, conciliados con la deuda flotante. Pendiente no significa vencida.;https://pila.gob.ar/;2026-09-11
06630;Pila;Flujos fiscales mensuales;Pendiente;;"Ingresos percibidos y gastos devengados por mes, sin acumulación; necesarios para ajustar cada flujo por IPC.";https://pila.gob.ar/;2026-09-11
06630;Pila;Cierres fiscales anuales 2021–2025;Sin serie anual incorporada;;"CAIF de cierre anual 2021–2025 con los mismos organismos; no anualizar semestres.";https://pila.gob.ar/;2026-09-11
06630;Pila;Transferencias provinciales;Incorporado;2025-01 a 2026-07;;https://pila.gob.ar/;2026-09-11
06630;Pila;Empleo y salarios privados formales;Incorporado;2019-01 a 2025-12;;https://pila.gob.ar/;2026-09-11
06630;Pila;Población y condiciones de vida;Incorporado;Censo 2022;;https://pila.gob.ar/;2026-09-11
06630;Pila;Producto municipal;Incorporado;"2021–2023; precios 2004";;https://pila.gob.ar/;2026-09-11
06630;Pila;Delitos registrados;Incorporado;2024–2025;;https://pila.gob.ar/;2026-09-11
06630;Pila;Deuda de personas;Incorporado;2026-07;;https://pila.gob.ar/;2026-09-11
06630;Pila;Préstamos y depósitos bancarios;Reservado o sin cifra de origen;2024-12;"Cifra publicada por localización BCRA/DPE; las reservas estadísticas no se completan con cero.";https://pila.gob.ar/;2026-09-11
06630;Pila;Empleo industrial;Incorporado;2025-12;;https://pila.gob.ar/;2026-09-11
06630;Pila;Desempleo, informalidad y pobreza por ingresos;Sin serie comparable para 135;;"Encuesta representativa del municipio con metodología y muestra; los datos por aglomerado no representan automáticamente cada partido.";https://pila.gob.ar/;2026-09-11
06638;Pilar;Cuenta fiscal comparable;Pendiente;enero–junio 2026;Cuenta ahorro-inversión-financiamiento (CAIF) enero–junio 2026, o ejecuciones por carácter económico conciliadas que excluyan financiamiento.;http://www.pilar.gob.ar/transparencia;2026-09-11
06638;Pilar;Presupuesto original 2026;Incorporado;2026;;http://www.pilar.gob.ar/transparencia;2026-09-11
06638;Pilar;Presupuesto vigente 2026;Pendiente;2025-11-28;Crédito anual vigente 2026 y modificaciones, con fecha de corte y saldo inicial anual.;http://www.pilar.gob.ar/transparencia;2026-09-11
06638;Pilar;Saldo de tesorería;Pendiente;;Estado de tesorería conciliado: bancos, efectivo, valores y fondos afectados. El saldo total no equivale a caja libre.;http://www.pilar.gob.ar/transparencia;2026-09-11
06638;Pilar;Caja libre;Pendiente;;Caja de libre disponibilidad conciliada, descontando fondos afectados y obligaciones exigibles.;http://www.pilar.gob.ar/transparencia;2026-09-11
06638;Pilar;Stock de deuda municipal;Pendiente;;"Planilla de deuda consolidada y flotante, contratos, moneda y corte; separar pasivos contables y evitar sumarlos dos veces.";http://www.pilar.gob.ar/transparencia;2026-09-11
06638;Pilar;Calendario futuro de deuda;Pendiente;;"Planilla de vencimientos futuros de capital e intereses, por contrato y fecha; separar lo ya pagado del año.";http://www.pilar.gob.ar/transparencia;2026-09-11
06638;Pilar;Deuda con proveedores vencida;Pendiente;;Antigüedad y vencimiento de facturas pendientes, conciliados con la deuda flotante. Pendiente no significa vencida.;http://www.pilar.gob.ar/transparencia;2026-09-11
06638;Pilar;Flujos fiscales mensuales;Pendiente;;"Ingresos percibidos y gastos devengados por mes, sin acumulación; necesarios para ajustar cada flujo por IPC.";http://www.pilar.gob.ar/transparencia;2026-09-11
06638;Pilar;Cierres fiscales anuales 2021–2025;Sin serie anual incorporada;;"CAIF de cierre anual 2021–2025 con los mismos organismos; no anualizar semestres.";http://www.pilar.gob.ar/transparencia;2026-09-11
06638;Pilar;Transferencias provinciales;Incorporado;2025-01 a 2026-07;;http://www.pilar.gob.ar/transparencia;2026-09-11
06638;Pilar;Empleo y salarios privados formales;Incorporado;2019-01 a 2025-12;;http://www.pilar.gob.ar/transparencia;2026-09-11
06638;Pilar;Población y condiciones de vida;Incorporado;Censo 2022;;http://www.pilar.gob.ar/transparencia;2026-09-11
06638;Pilar;Producto municipal;Incorporado;"2021–2023; precios 2004";;http://www.pilar.gob.ar/transparencia;2026-09-11
06638;Pilar;Delitos registrados;Incorporado;2024–2025;;http://www.pilar.gob.ar/transparencia;2026-09-11
06638;Pilar;Deuda de personas;Incorporado;2026-07;;http://www.pilar.gob.ar/transparencia;2026-09-11
06638;Pilar;Préstamos y depósitos bancarios;Incorporado;2024-12;;http://www.pilar.gob.ar/transparencia;2026-09-11
06638;Pilar;Empleo industrial;Incorporado;2025-12;;http://www.pilar.gob.ar/transparencia;2026-09-11
06638;Pilar;Desempleo, informalidad y pobreza por ingresos;Sin serie comparable para 135;;"Encuesta representativa del municipio con metodología y muestra; los datos por aglomerado no representan automáticamente cada partido.";http://www.pilar.gob.ar/transparencia;2026-09-11
06644;Pinamar;Cuenta fiscal comparable;Incorporado;enero–junio 2026;;https://drive.google.com/drive/folders/1LU5ejyg6AwQ0rO0OMYyFDQ4A16tG4rU0?usp=sharing;2026-09-11
06644;Pinamar;Presupuesto original 2026;Pendiente;2026;"Ordenanza de presupuesto 2026 aprobada y total de erogaciones; identificar los organismos incluidos.";https://drive.google.com/drive/folders/1LU5ejyg6AwQ0rO0OMYyFDQ4A16tG4rU0?usp=sharing;2026-09-11
06644;Pinamar;Presupuesto vigente 2026;Incorporado;2026-06-30;;https://drive.google.com/drive/folders/1LU5ejyg6AwQ0rO0OMYyFDQ4A16tG4rU0?usp=sharing;2026-09-11
06644;Pinamar;Saldo de tesorería;Pendiente;;Estado de tesorería conciliado: bancos, efectivo, valores y fondos afectados. El saldo total no equivale a caja libre.;https://drive.google.com/drive/folders/1LU5ejyg6AwQ0rO0OMYyFDQ4A16tG4rU0?usp=sharing;2026-09-11
06644;Pinamar;Caja libre;Pendiente;;Caja de libre disponibilidad conciliada, descontando fondos afectados y obligaciones exigibles.;https://drive.google.com/drive/folders/1LU5ejyg6AwQ0rO0OMYyFDQ4A16tG4rU0?usp=sharing;2026-09-11
06644;Pinamar;Stock de deuda municipal;Pendiente;;"Planilla de deuda consolidada y flotante, contratos, moneda y corte; separar pasivos contables y evitar sumarlos dos veces.";https://drive.google.com/drive/folders/1LU5ejyg6AwQ0rO0OMYyFDQ4A16tG4rU0?usp=sharing;2026-09-11
06644;Pinamar;Calendario futuro de deuda;Pendiente;;"Planilla de vencimientos futuros de capital e intereses, por contrato y fecha; separar lo ya pagado del año.";https://drive.google.com/drive/folders/1LU5ejyg6AwQ0rO0OMYyFDQ4A16tG4rU0?usp=sharing;2026-09-11
06644;Pinamar;Deuda con proveedores vencida;Pendiente;;Antigüedad y vencimiento de facturas pendientes, conciliados con la deuda flotante. Pendiente no significa vencida.;https://drive.google.com/drive/folders/1LU5ejyg6AwQ0rO0OMYyFDQ4A16tG4rU0?usp=sharing;2026-09-11
06644;Pinamar;Flujos fiscales mensuales;Pendiente;;"Ingresos percibidos y gastos devengados por mes, sin acumulación; necesarios para ajustar cada flujo por IPC.";https://drive.google.com/drive/folders/1LU5ejyg6AwQ0rO0OMYyFDQ4A16tG4rU0?usp=sharing;2026-09-11
06644;Pinamar;Cierres fiscales anuales 2021–2025;Sin serie anual incorporada;;"CAIF de cierre anual 2021–2025 con los mismos organismos; no anualizar semestres.";https://drive.google.com/drive/folders/1LU5ejyg6AwQ0rO0OMYyFDQ4A16tG4rU0?usp=sharing;2026-09-11
06644;Pinamar;Transferencias provinciales;Incorporado;2025-01 a 2026-07;;https://drive.google.com/drive/folders/1LU5ejyg6AwQ0rO0OMYyFDQ4A16tG4rU0?usp=sharing;2026-09-11
06644;Pinamar;Empleo y salarios privados formales;Incorporado;2019-01 a 2025-12;;https://drive.google.com/drive/folders/1LU5ejyg6AwQ0rO0OMYyFDQ4A16tG4rU0?usp=sharing;2026-09-11
06644;Pinamar;Población y condiciones de vida;Incorporado;Censo 2022;;https://drive.google.com/drive/folders/1LU5ejyg6AwQ0rO0OMYyFDQ4A16tG4rU0?usp=sharing;2026-09-11
06644;Pinamar;Producto municipal;Incorporado;"2021–2023; precios 2004";;https://drive.google.com/drive/folders/1LU5ejyg6AwQ0rO0OMYyFDQ4A16tG4rU0?usp=sharing;2026-09-11
06644;Pinamar;Delitos registrados;Incorporado;2024–2025;;https://drive.google.com/drive/folders/1LU5ejyg6AwQ0rO0OMYyFDQ4A16tG4rU0?usp=sharing;2026-09-11
06644;Pinamar;Deuda de personas;Incorporado;2026-07;;https://drive.google.com/drive/folders/1LU5ejyg6AwQ0rO0OMYyFDQ4A16tG4rU0?usp=sharing;2026-09-11
06644;Pinamar;Préstamos y depósitos bancarios;Incorporado;2024-12;;https://drive.google.com/drive/folders/1LU5ejyg6AwQ0rO0OMYyFDQ4A16tG4rU0?usp=sharing;2026-09-11
06644;Pinamar;Empleo industrial;Incorporado;2025-12;;https://drive.google.com/drive/folders/1LU5ejyg6AwQ0rO0OMYyFDQ4A16tG4rU0?usp=sharing;2026-09-11
06644;Pinamar;Desempleo, informalidad y pobreza por ingresos;Sin serie comparable para 135;;"Encuesta representativa del municipio con metodología y muestra; los datos por aglomerado no representan automáticamente cada partido.";https://drive.google.com/drive/folders/1LU5ejyg6AwQ0rO0OMYyFDQ4A16tG4rU0?usp=sharing;2026-09-11
06648;Presidente Perón;Cuenta fiscal comparable;Pendiente;enero–junio 2026;Cuenta ahorro-inversión-financiamiento (CAIF) enero–junio 2026, o ejecuciones por carácter económico conciliadas que excluyan financiamiento.;https://www.presidenteperon.gov.ar/control_gestion.php;2026-09-11
06648;Presidente Perón;Presupuesto original 2026;Pendiente;;"Ordenanza de presupuesto 2026 aprobada y total de erogaciones; identificar los organismos incluidos.";https://www.presidenteperon.gov.ar/control_gestion.php;2026-09-11
06648;Presidente Perón;Presupuesto vigente 2026;Pendiente;;Crédito anual vigente 2026 y modificaciones, con fecha de corte y saldo inicial anual.;https://www.presidenteperon.gov.ar/control_gestion.php;2026-09-11
06648;Presidente Perón;Saldo de tesorería;Pendiente;;Estado de tesorería conciliado: bancos, efectivo, valores y fondos afectados. El saldo total no equivale a caja libre.;https://www.presidenteperon.gov.ar/control_gestion.php;2026-09-11
06648;Presidente Perón;Caja libre;Pendiente;;Caja de libre disponibilidad conciliada, descontando fondos afectados y obligaciones exigibles.;https://www.presidenteperon.gov.ar/control_gestion.php;2026-09-11
06648;Presidente Perón;Stock de deuda municipal;Pendiente;;"Planilla de deuda consolidada y flotante, contratos, moneda y corte; separar pasivos contables y evitar sumarlos dos veces.";https://www.presidenteperon.gov.ar/control_gestion.php;2026-09-11
06648;Presidente Perón;Calendario futuro de deuda;Pendiente;;"Planilla de vencimientos futuros de capital e intereses, por contrato y fecha; separar lo ya pagado del año.";https://www.presidenteperon.gov.ar/control_gestion.php;2026-09-11
06648;Presidente Perón;Deuda con proveedores vencida;Pendiente;;Antigüedad y vencimiento de facturas pendientes, conciliados con la deuda flotante. Pendiente no significa vencida.;https://www.presidenteperon.gov.ar/control_gestion.php;2026-09-11
06648;Presidente Perón;Flujos fiscales mensuales;Pendiente;;"Ingresos percibidos y gastos devengados por mes, sin acumulación; necesarios para ajustar cada flujo por IPC.";https://www.presidenteperon.gov.ar/control_gestion.php;2026-09-11
06648;Presidente Perón;Cierres fiscales anuales 2021–2025;Sin serie anual incorporada;;"CAIF de cierre anual 2021–2025 con los mismos organismos; no anualizar semestres.";https://www.presidenteperon.gov.ar/control_gestion.php;2026-09-11
06648;Presidente Perón;Transferencias provinciales;Incorporado;2025-01 a 2026-07;;https://www.presidenteperon.gov.ar/control_gestion.php;2026-09-11
06648;Presidente Perón;Empleo y salarios privados formales;Incorporado;2019-01 a 2025-12;;https://www.presidenteperon.gov.ar/control_gestion.php;2026-09-11
06648;Presidente Perón;Población y condiciones de vida;Incorporado;Censo 2022;;https://www.presidenteperon.gov.ar/control_gestion.php;2026-09-11
06648;Presidente Perón;Producto municipal;Incorporado;"2021–2023; precios 2004";;https://www.presidenteperon.gov.ar/control_gestion.php;2026-09-11
06648;Presidente Perón;Delitos registrados;Incorporado;2024–2025;;https://www.presidenteperon.gov.ar/control_gestion.php;2026-09-11
06648;Presidente Perón;Deuda de personas;Incorporado;2026-07;;https://www.presidenteperon.gov.ar/control_gestion.php;2026-09-11
06648;Presidente Perón;Préstamos y depósitos bancarios;Reservado o sin cifra de origen;2024-12;"Cifra publicada por localización BCRA/DPE; las reservas estadísticas no se completan con cero.";https://www.presidenteperon.gov.ar/control_gestion.php;2026-09-11
06648;Presidente Perón;Empleo industrial;Incorporado;2025-12;;https://www.presidenteperon.gov.ar/control_gestion.php;2026-09-11
06648;Presidente Perón;Desempleo, informalidad y pobreza por ingresos;Sin serie comparable para 135;;"Encuesta representativa del municipio con metodología y muestra; los datos por aglomerado no representan automáticamente cada partido.";https://www.presidenteperon.gov.ar/control_gestion.php;2026-09-11
06651;Puan;Cuenta fiscal comparable;Incorporado;enero–junio 2026;;https://www.puan.gob.ar/wp-content/uploads/2026/07/Situacion-economico-financiera.pdf;2026-09-11
06651;Puan;Presupuesto original 2026;Pendiente;2026;"Ordenanza de presupuesto 2026 aprobada y total de erogaciones; identificar los organismos incluidos.";https://www.puan.gob.ar/wp-content/uploads/2026/07/Situacion-economico-financiera.pdf;2026-09-11
06651;Puan;Presupuesto vigente 2026;Incorporado;2026-06-30;;https://www.puan.gob.ar/wp-content/uploads/2026/07/Situacion-economico-financiera.pdf;2026-09-11
06651;Puan;Saldo de tesorería;Pendiente;;Estado de tesorería conciliado: bancos, efectivo, valores y fondos afectados. El saldo total no equivale a caja libre.;https://www.puan.gob.ar/wp-content/uploads/2026/07/Situacion-economico-financiera.pdf;2026-09-11
06651;Puan;Caja libre;Pendiente;;Caja de libre disponibilidad conciliada, descontando fondos afectados y obligaciones exigibles.;https://www.puan.gob.ar/wp-content/uploads/2026/07/Situacion-economico-financiera.pdf;2026-09-11
06651;Puan;Stock de deuda municipal;Pendiente;;"Planilla de deuda consolidada y flotante, contratos, moneda y corte; separar pasivos contables y evitar sumarlos dos veces.";https://www.puan.gob.ar/wp-content/uploads/2026/07/Situacion-economico-financiera.pdf;2026-09-11
06651;Puan;Calendario futuro de deuda;Pendiente;;"Planilla de vencimientos futuros de capital e intereses, por contrato y fecha; separar lo ya pagado del año.";https://www.puan.gob.ar/wp-content/uploads/2026/07/Situacion-economico-financiera.pdf;2026-09-11
06651;Puan;Deuda con proveedores vencida;Pendiente;;Antigüedad y vencimiento de facturas pendientes, conciliados con la deuda flotante. Pendiente no significa vencida.;https://www.puan.gob.ar/wp-content/uploads/2026/07/Situacion-economico-financiera.pdf;2026-09-11
06651;Puan;Flujos fiscales mensuales;Pendiente;;"Ingresos percibidos y gastos devengados por mes, sin acumulación; necesarios para ajustar cada flujo por IPC.";https://www.puan.gob.ar/wp-content/uploads/2026/07/Situacion-economico-financiera.pdf;2026-09-11
06651;Puan;Cierres fiscales anuales 2021–2025;Sin serie anual incorporada;;"CAIF de cierre anual 2021–2025 con los mismos organismos; no anualizar semestres.";https://www.puan.gob.ar/wp-content/uploads/2026/07/Situacion-economico-financiera.pdf;2026-09-11
06651;Puan;Transferencias provinciales;Incorporado;2025-01 a 2026-07;;https://www.puan.gob.ar/wp-content/uploads/2026/07/Situacion-economico-financiera.pdf;2026-09-11
06651;Puan;Empleo y salarios privados formales;Incorporado;2019-01 a 2025-12;;https://www.puan.gob.ar/wp-content/uploads/2026/07/Situacion-economico-financiera.pdf;2026-09-11
06651;Puan;Población y condiciones de vida;Incorporado;Censo 2022;;https://www.puan.gob.ar/wp-content/uploads/2026/07/Situacion-economico-financiera.pdf;2026-09-11
06651;Puan;Producto municipal;Incorporado;"2021–2023; precios 2004";;https://www.puan.gob.ar/wp-content/uploads/2026/07/Situacion-economico-financiera.pdf;2026-09-11
06651;Puan;Delitos registrados;Incorporado;2024–2025;;https://www.puan.gob.ar/wp-content/uploads/2026/07/Situacion-economico-financiera.pdf;2026-09-11
06651;Puan;Deuda de personas;Incorporado;2026-07;;https://www.puan.gob.ar/wp-content/uploads/2026/07/Situacion-economico-financiera.pdf;2026-09-11
06651;Puan;Préstamos y depósitos bancarios;Incorporado;2024-12;;https://www.puan.gob.ar/wp-content/uploads/2026/07/Situacion-economico-financiera.pdf;2026-09-11
06651;Puan;Empleo industrial;Incorporado;2025-12;;https://www.puan.gob.ar/wp-content/uploads/2026/07/Situacion-economico-financiera.pdf;2026-09-11
06651;Puan;Desempleo, informalidad y pobreza por ingresos;Sin serie comparable para 135;;"Encuesta representativa del municipio con metodología y muestra; los datos por aglomerado no representan automáticamente cada partido.";https://www.puan.gob.ar/wp-content/uploads/2026/07/Situacion-economico-financiera.pdf;2026-09-11
06655;Punta Indio;Cuenta fiscal comparable;Pendiente;enero–junio 2026;Cuenta ahorro-inversión-financiamiento (CAIF) enero–junio 2026, o ejecuciones por carácter económico conciliadas que excluyan financiamiento.;https://puntaindio.gov.ar/;2026-09-11
06655;Punta Indio;Presupuesto original 2026;Pendiente;;"Ordenanza de presupuesto 2026 aprobada y total de erogaciones; identificar los organismos incluidos.";https://puntaindio.gov.ar/;2026-09-11
06655;Punta Indio;Presupuesto vigente 2026;Pendiente;;Crédito anual vigente 2026 y modificaciones, con fecha de corte y saldo inicial anual.;https://puntaindio.gov.ar/;2026-09-11
06655;Punta Indio;Saldo de tesorería;Pendiente;;Estado de tesorería conciliado: bancos, efectivo, valores y fondos afectados. El saldo total no equivale a caja libre.;https://puntaindio.gov.ar/;2026-09-11
06655;Punta Indio;Caja libre;Pendiente;;Caja de libre disponibilidad conciliada, descontando fondos afectados y obligaciones exigibles.;https://puntaindio.gov.ar/;2026-09-11
06655;Punta Indio;Stock de deuda municipal;Pendiente;;"Planilla de deuda consolidada y flotante, contratos, moneda y corte; separar pasivos contables y evitar sumarlos dos veces.";https://puntaindio.gov.ar/;2026-09-11
06655;Punta Indio;Calendario futuro de deuda;Pendiente;;"Planilla de vencimientos futuros de capital e intereses, por contrato y fecha; separar lo ya pagado del año.";https://puntaindio.gov.ar/;2026-09-11
06655;Punta Indio;Deuda con proveedores vencida;Pendiente;;Antigüedad y vencimiento de facturas pendientes, conciliados con la deuda flotante. Pendiente no significa vencida.;https://puntaindio.gov.ar/;2026-09-11
06655;Punta Indio;Flujos fiscales mensuales;Pendiente;;"Ingresos percibidos y gastos devengados por mes, sin acumulación; necesarios para ajustar cada flujo por IPC.";https://puntaindio.gov.ar/;2026-09-11
06655;Punta Indio;Cierres fiscales anuales 2021–2025;Sin serie anual incorporada;;"CAIF de cierre anual 2021–2025 con los mismos organismos; no anualizar semestres.";https://puntaindio.gov.ar/;2026-09-11
06655;Punta Indio;Transferencias provinciales;Incorporado;2025-01 a 2026-07;;https://puntaindio.gov.ar/;2026-09-11
06655;Punta Indio;Empleo y salarios privados formales;Incorporado;2019-01 a 2025-12;;https://puntaindio.gov.ar/;2026-09-11
06655;Punta Indio;Población y condiciones de vida;Incorporado;Censo 2022;;https://puntaindio.gov.ar/;2026-09-11
06655;Punta Indio;Producto municipal;Incorporado;"2021–2023; precios 2004";;https://puntaindio.gov.ar/;2026-09-11
06655;Punta Indio;Delitos registrados;Incorporado;2024–2025;;https://puntaindio.gov.ar/;2026-09-11
06655;Punta Indio;Deuda de personas;Incorporado;2026-07;;https://puntaindio.gov.ar/;2026-09-11
06655;Punta Indio;Préstamos y depósitos bancarios;Reservado o sin cifra de origen;2024-12;"Cifra publicada por localización BCRA/DPE; las reservas estadísticas no se completan con cero.";https://puntaindio.gov.ar/;2026-09-11
06655;Punta Indio;Empleo industrial;Incorporado;2025-12;;https://puntaindio.gov.ar/;2026-09-11
06655;Punta Indio;Desempleo, informalidad y pobreza por ingresos;Sin serie comparable para 135;;"Encuesta representativa del municipio con metodología y muestra; los datos por aglomerado no representan automáticamente cada partido.";https://puntaindio.gov.ar/;2026-09-11
06658;Quilmes;Cuenta fiscal comparable;Incorporado;enero–junio 2026;;https://quilmes.gov.ar/gobierno/informes_financieros.php;2026-09-11
06658;Quilmes;Presupuesto original 2026;Pendiente;2026;"Ordenanza de presupuesto 2026 aprobada y total de erogaciones; identificar los organismos incluidos.";https://quilmes.gov.ar/gobierno/informes_financieros.php;2026-09-11
06658;Quilmes;Presupuesto vigente 2026;Incorporado;2026-06-30;;https://quilmes.gov.ar/gobierno/informes_financieros.php;2026-09-11
06658;Quilmes;Saldo de tesorería;Pendiente;;Estado de tesorería conciliado: bancos, efectivo, valores y fondos afectados. El saldo total no equivale a caja libre.;https://quilmes.gov.ar/gobierno/informes_financieros.php;2026-09-11
06658;Quilmes;Caja libre;Pendiente;;Caja de libre disponibilidad conciliada, descontando fondos afectados y obligaciones exigibles.;https://quilmes.gov.ar/gobierno/informes_financieros.php;2026-09-11
06658;Quilmes;Stock de deuda municipal;Pendiente;;"Planilla de deuda consolidada y flotante, contratos, moneda y corte; separar pasivos contables y evitar sumarlos dos veces.";https://quilmes.gov.ar/gobierno/informes_financieros.php;2026-09-11
06658;Quilmes;Calendario futuro de deuda;Pendiente;;"Planilla de vencimientos futuros de capital e intereses, por contrato y fecha; separar lo ya pagado del año.";https://quilmes.gov.ar/gobierno/informes_financieros.php;2026-09-11
06658;Quilmes;Deuda con proveedores vencida;Pendiente;;Antigüedad y vencimiento de facturas pendientes, conciliados con la deuda flotante. Pendiente no significa vencida.;https://quilmes.gov.ar/gobierno/informes_financieros.php;2026-09-11
06658;Quilmes;Flujos fiscales mensuales;Pendiente;;"Ingresos percibidos y gastos devengados por mes, sin acumulación; necesarios para ajustar cada flujo por IPC.";https://quilmes.gov.ar/gobierno/informes_financieros.php;2026-09-11
06658;Quilmes;Cierres fiscales anuales 2021–2025;Sin serie anual incorporada;;"CAIF de cierre anual 2021–2025 con los mismos organismos; no anualizar semestres.";https://quilmes.gov.ar/gobierno/informes_financieros.php;2026-09-11
06658;Quilmes;Transferencias provinciales;Incorporado;2025-01 a 2026-07;;https://quilmes.gov.ar/gobierno/informes_financieros.php;2026-09-11
06658;Quilmes;Empleo y salarios privados formales;Incorporado;2019-01 a 2025-12;;https://quilmes.gov.ar/gobierno/informes_financieros.php;2026-09-11
06658;Quilmes;Población y condiciones de vida;Incorporado;Censo 2022;;https://quilmes.gov.ar/gobierno/informes_financieros.php;2026-09-11
06658;Quilmes;Producto municipal;Incorporado;"2021–2023; precios 2004";;https://quilmes.gov.ar/gobierno/informes_financieros.php;2026-09-11
06658;Quilmes;Delitos registrados;Incorporado;2024–2025;;https://quilmes.gov.ar/gobierno/informes_financieros.php;2026-09-11
06658;Quilmes;Deuda de personas;Incorporado;2026-07;;https://quilmes.gov.ar/gobierno/informes_financieros.php;2026-09-11
06658;Quilmes;Préstamos y depósitos bancarios;Incorporado;2024-12;;https://quilmes.gov.ar/gobierno/informes_financieros.php;2026-09-11
06658;Quilmes;Empleo industrial;Incorporado;2025-12;;https://quilmes.gov.ar/gobierno/informes_financieros.php;2026-09-11
06658;Quilmes;Desempleo, informalidad y pobreza por ingresos;Sin serie comparable para 135;;"Encuesta representativa del municipio con metodología y muestra; los datos por aglomerado no representan automáticamente cada partido.";https://quilmes.gov.ar/gobierno/informes_financieros.php;2026-09-11
06665;Ramallo;Cuenta fiscal comparable;Pendiente;enero–junio 2026;Cuenta ahorro-inversión-financiamiento (CAIF) enero–junio 2026, o ejecuciones por carácter económico conciliadas que excluyan financiamiento.;https://www.haciendaramallo.com.ar/?page_id=60;2026-09-11
06665;Ramallo;Presupuesto original 2026;Pendiente;;"Ordenanza de presupuesto 2026 aprobada y total de erogaciones; identificar los organismos incluidos.";https://www.haciendaramallo.com.ar/?page_id=60;2026-09-11
06665;Ramallo;Presupuesto vigente 2026;Pendiente;;Crédito anual vigente 2026 y modificaciones, con fecha de corte y saldo inicial anual.;https://www.haciendaramallo.com.ar/?page_id=60;2026-09-11
06665;Ramallo;Saldo de tesorería;Pendiente;;Estado de tesorería conciliado: bancos, efectivo, valores y fondos afectados. El saldo total no equivale a caja libre.;https://www.haciendaramallo.com.ar/?page_id=60;2026-09-11
06665;Ramallo;Caja libre;Pendiente;;Caja de libre disponibilidad conciliada, descontando fondos afectados y obligaciones exigibles.;https://www.haciendaramallo.com.ar/?page_id=60;2026-09-11
06665;Ramallo;Stock de deuda municipal;Pendiente;;"Planilla de deuda consolidada y flotante, contratos, moneda y corte; separar pasivos contables y evitar sumarlos dos veces.";https://www.haciendaramallo.com.ar/?page_id=60;2026-09-11
06665;Ramallo;Calendario futuro de deuda;Pendiente;;"Planilla de vencimientos futuros de capital e intereses, por contrato y fecha; separar lo ya pagado del año.";https://www.haciendaramallo.com.ar/?page_id=60;2026-09-11
06665;Ramallo;Deuda con proveedores vencida;Pendiente;;Antigüedad y vencimiento de facturas pendientes, conciliados con la deuda flotante. Pendiente no significa vencida.;https://www.haciendaramallo.com.ar/?page_id=60;2026-09-11
06665;Ramallo;Flujos fiscales mensuales;Pendiente;;"Ingresos percibidos y gastos devengados por mes, sin acumulación; necesarios para ajustar cada flujo por IPC.";https://www.haciendaramallo.com.ar/?page_id=60;2026-09-11
06665;Ramallo;Cierres fiscales anuales 2021–2025;Sin serie anual incorporada;;"CAIF de cierre anual 2021–2025 con los mismos organismos; no anualizar semestres.";https://www.haciendaramallo.com.ar/?page_id=60;2026-09-11
06665;Ramallo;Transferencias provinciales;Incorporado;2025-01 a 2026-07;;https://www.haciendaramallo.com.ar/?page_id=60;2026-09-11
06665;Ramallo;Empleo y salarios privados formales;Incorporado;2019-01 a 2025-12;;https://www.haciendaramallo.com.ar/?page_id=60;2026-09-11
06665;Ramallo;Población y condiciones de vida;Incorporado;Censo 2022;;https://www.haciendaramallo.com.ar/?page_id=60;2026-09-11
06665;Ramallo;Producto municipal;Incorporado;"2021–2023; precios 2004";;https://www.haciendaramallo.com.ar/?page_id=60;2026-09-11
06665;Ramallo;Delitos registrados;Incorporado;2024–2025;;https://www.haciendaramallo.com.ar/?page_id=60;2026-09-11
06665;Ramallo;Deuda de personas;Incorporado;2026-07;;https://www.haciendaramallo.com.ar/?page_id=60;2026-09-11
06665;Ramallo;Préstamos y depósitos bancarios;Incorporado;2024-12;;https://www.haciendaramallo.com.ar/?page_id=60;2026-09-11
06665;Ramallo;Empleo industrial;Incorporado;2025-12;;https://www.haciendaramallo.com.ar/?page_id=60;2026-09-11
06665;Ramallo;Desempleo, informalidad y pobreza por ingresos;Sin serie comparable para 135;;"Encuesta representativa del municipio con metodología y muestra; los datos por aglomerado no representan automáticamente cada partido.";https://www.haciendaramallo.com.ar/?page_id=60;2026-09-11
06672;Rauch;Cuenta fiscal comparable;Incorporado;enero–junio 2026;;http://www.rauch.mun.gba.gov.ar/web/wp-content/uploads/2026/07/SITUACION-ECON-FCIERA-2DO-TRIM-2026.pdf;2026-09-11
06672;Rauch;Presupuesto original 2026;Pendiente;2026;"Ordenanza de presupuesto 2026 aprobada y total de erogaciones; identificar los organismos incluidos.";http://www.rauch.mun.gba.gov.ar/web/wp-content/uploads/2026/07/SITUACION-ECON-FCIERA-2DO-TRIM-2026.pdf;2026-09-11
06672;Rauch;Presupuesto vigente 2026;Incorporado;2026-06-30;;http://www.rauch.mun.gba.gov.ar/web/wp-content/uploads/2026/07/SITUACION-ECON-FCIERA-2DO-TRIM-2026.pdf;2026-09-11
06672;Rauch;Saldo de tesorería;Pendiente;;Estado de tesorería conciliado: bancos, efectivo, valores y fondos afectados. El saldo total no equivale a caja libre.;http://www.rauch.mun.gba.gov.ar/web/wp-content/uploads/2026/07/SITUACION-ECON-FCIERA-2DO-TRIM-2026.pdf;2026-09-11
06672;Rauch;Caja libre;Pendiente;;Caja de libre disponibilidad conciliada, descontando fondos afectados y obligaciones exigibles.;http://www.rauch.mun.gba.gov.ar/web/wp-content/uploads/2026/07/SITUACION-ECON-FCIERA-2DO-TRIM-2026.pdf;2026-09-11
06672;Rauch;Stock de deuda municipal;Pendiente;;"Planilla de deuda consolidada y flotante, contratos, moneda y corte; separar pasivos contables y evitar sumarlos dos veces.";http://www.rauch.mun.gba.gov.ar/web/wp-content/uploads/2026/07/SITUACION-ECON-FCIERA-2DO-TRIM-2026.pdf;2026-09-11
06672;Rauch;Calendario futuro de deuda;Pendiente;;"Planilla de vencimientos futuros de capital e intereses, por contrato y fecha; separar lo ya pagado del año.";http://www.rauch.mun.gba.gov.ar/web/wp-content/uploads/2026/07/SITUACION-ECON-FCIERA-2DO-TRIM-2026.pdf;2026-09-11
06672;Rauch;Deuda con proveedores vencida;Pendiente;;Antigüedad y vencimiento de facturas pendientes, conciliados con la deuda flotante. Pendiente no significa vencida.;http://www.rauch.mun.gba.gov.ar/web/wp-content/uploads/2026/07/SITUACION-ECON-FCIERA-2DO-TRIM-2026.pdf;2026-09-11
06672;Rauch;Flujos fiscales mensuales;Pendiente;;"Ingresos percibidos y gastos devengados por mes, sin acumulación; necesarios para ajustar cada flujo por IPC.";http://www.rauch.mun.gba.gov.ar/web/wp-content/uploads/2026/07/SITUACION-ECON-FCIERA-2DO-TRIM-2026.pdf;2026-09-11
06672;Rauch;Cierres fiscales anuales 2021–2025;Sin serie anual incorporada;;"CAIF de cierre anual 2021–2025 con los mismos organismos; no anualizar semestres.";http://www.rauch.mun.gba.gov.ar/web/wp-content/uploads/2026/07/SITUACION-ECON-FCIERA-2DO-TRIM-2026.pdf;2026-09-11
06672;Rauch;Transferencias provinciales;Incorporado;2025-01 a 2026-07;;http://www.rauch.mun.gba.gov.ar/web/wp-content/uploads/2026/07/SITUACION-ECON-FCIERA-2DO-TRIM-2026.pdf;2026-09-11
06672;Rauch;Empleo y salarios privados formales;Incorporado;2019-01 a 2025-12;;http://www.rauch.mun.gba.gov.ar/web/wp-content/uploads/2026/07/SITUACION-ECON-FCIERA-2DO-TRIM-2026.pdf;2026-09-11
06672;Rauch;Población y condiciones de vida;Incorporado;Censo 2022;;http://www.rauch.mun.gba.gov.ar/web/wp-content/uploads/2026/07/SITUACION-ECON-FCIERA-2DO-TRIM-2026.pdf;2026-09-11
06672;Rauch;Producto municipal;Incorporado;"2021–2023; precios 2004";;http://www.rauch.mun.gba.gov.ar/web/wp-content/uploads/2026/07/SITUACION-ECON-FCIERA-2DO-TRIM-2026.pdf;2026-09-11
06672;Rauch;Delitos registrados;Incorporado;2024–2025;;http://www.rauch.mun.gba.gov.ar/web/wp-content/uploads/2026/07/SITUACION-ECON-FCIERA-2DO-TRIM-2026.pdf;2026-09-11
06672;Rauch;Deuda de personas;Incorporado;2026-07;;http://www.rauch.mun.gba.gov.ar/web/wp-content/uploads/2026/07/SITUACION-ECON-FCIERA-2DO-TRIM-2026.pdf;2026-09-11
06672;Rauch;Préstamos y depósitos bancarios;Reservado o sin cifra de origen;2024-12;"Cifra publicada por localización BCRA/DPE; las reservas estadísticas no se completan con cero.";http://www.rauch.mun.gba.gov.ar/web/wp-content/uploads/2026/07/SITUACION-ECON-FCIERA-2DO-TRIM-2026.pdf;2026-09-11
06672;Rauch;Empleo industrial;Incorporado;2025-12;;http://www.rauch.mun.gba.gov.ar/web/wp-content/uploads/2026/07/SITUACION-ECON-FCIERA-2DO-TRIM-2026.pdf;2026-09-11
06672;Rauch;Desempleo, informalidad y pobreza por ingresos;Sin serie comparable para 135;;"Encuesta representativa del municipio con metodología y muestra; los datos por aglomerado no representan automáticamente cada partido.";http://www.rauch.mun.gba.gov.ar/web/wp-content/uploads/2026/07/SITUACION-ECON-FCIERA-2DO-TRIM-2026.pdf;2026-09-11
06679;Rivadavia;Cuenta fiscal comparable;Incorporado;enero–junio 2026;;https://munirivadavia.gob.ar/integridad-rendicion-cuentas-publicas/;2026-09-11
06679;Rivadavia;Presupuesto original 2026;Pendiente;2026;"Ordenanza de presupuesto 2026 aprobada y total de erogaciones; identificar los organismos incluidos.";https://munirivadavia.gob.ar/integridad-rendicion-cuentas-publicas/;2026-09-11
06679;Rivadavia;Presupuesto vigente 2026;Incorporado;2026-06-30;;https://munirivadavia.gob.ar/integridad-rendicion-cuentas-publicas/;2026-09-11
06679;Rivadavia;Saldo de tesorería;Pendiente;;Estado de tesorería conciliado: bancos, efectivo, valores y fondos afectados. El saldo total no equivale a caja libre.;https://munirivadavia.gob.ar/integridad-rendicion-cuentas-publicas/;2026-09-11
06679;Rivadavia;Caja libre;Pendiente;;Caja de libre disponibilidad conciliada, descontando fondos afectados y obligaciones exigibles.;https://munirivadavia.gob.ar/integridad-rendicion-cuentas-publicas/;2026-09-11
06679;Rivadavia;Stock de deuda municipal;Pendiente;;"Planilla de deuda consolidada y flotante, contratos, moneda y corte; separar pasivos contables y evitar sumarlos dos veces.";https://munirivadavia.gob.ar/integridad-rendicion-cuentas-publicas/;2026-09-11
06679;Rivadavia;Calendario futuro de deuda;Pendiente;;"Planilla de vencimientos futuros de capital e intereses, por contrato y fecha; separar lo ya pagado del año.";https://munirivadavia.gob.ar/integridad-rendicion-cuentas-publicas/;2026-09-11
06679;Rivadavia;Deuda con proveedores vencida;Pendiente;;Antigüedad y vencimiento de facturas pendientes, conciliados con la deuda flotante. Pendiente no significa vencida.;https://munirivadavia.gob.ar/integridad-rendicion-cuentas-publicas/;2026-09-11
06679;Rivadavia;Flujos fiscales mensuales;Pendiente;;"Ingresos percibidos y gastos devengados por mes, sin acumulación; necesarios para ajustar cada flujo por IPC.";https://munirivadavia.gob.ar/integridad-rendicion-cuentas-publicas/;2026-09-11
06679;Rivadavia;Cierres fiscales anuales 2021–2025;Sin serie anual incorporada;;"CAIF de cierre anual 2021–2025 con los mismos organismos; no anualizar semestres.";https://munirivadavia.gob.ar/integridad-rendicion-cuentas-publicas/;2026-09-11
06679;Rivadavia;Transferencias provinciales;Incorporado;2025-01 a 2026-07;;https://munirivadavia.gob.ar/integridad-rendicion-cuentas-publicas/;2026-09-11
06679;Rivadavia;Empleo y salarios privados formales;Incorporado;2019-01 a 2025-12;;https://munirivadavia.gob.ar/integridad-rendicion-cuentas-publicas/;2026-09-11
06679;Rivadavia;Población y condiciones de vida;Incorporado;Censo 2022;;https://munirivadavia.gob.ar/integridad-rendicion-cuentas-publicas/;2026-09-11
06679;Rivadavia;Producto municipal;Incorporado;"2021–2023; precios 2004";;https://munirivadavia.gob.ar/integridad-rendicion-cuentas-publicas/;2026-09-11
06679;Rivadavia;Delitos registrados;Incorporado;2024–2025;;https://munirivadavia.gob.ar/integridad-rendicion-cuentas-publicas/;2026-09-11
06679;Rivadavia;Deuda de personas;Incorporado;2026-07;;https://munirivadavia.gob.ar/integridad-rendicion-cuentas-publicas/;2026-09-11
06679;Rivadavia;Préstamos y depósitos bancarios;Incorporado;2024-12;;https://munirivadavia.gob.ar/integridad-rendicion-cuentas-publicas/;2026-09-11
06679;Rivadavia;Empleo industrial;Incorporado;2025-12;;https://munirivadavia.gob.ar/integridad-rendicion-cuentas-publicas/;2026-09-11
06679;Rivadavia;Desempleo, informalidad y pobreza por ingresos;Sin serie comparable para 135;;"Encuesta representativa del municipio con metodología y muestra; los datos por aglomerado no representan automáticamente cada partido.";https://munirivadavia.gob.ar/integridad-rendicion-cuentas-publicas/;2026-09-11
06686;Rojas;Cuenta fiscal comparable;Incorporado;enero–junio 2026;;https://transparencia.rojas.gov.ar/assets/php/finanzas/archivos/0-fin_ecn_trm-ac72f47939d95f5bf8587557a30798d5.pdf;2026-09-11
06686;Rojas;Presupuesto original 2026;Pendiente;2026;"Ordenanza de presupuesto 2026 aprobada y total de erogaciones; identificar los organismos incluidos.";https://transparencia.rojas.gov.ar/assets/php/finanzas/archivos/0-fin_ecn_trm-ac72f47939d95f5bf8587557a30798d5.pdf;2026-09-11
06686;Rojas;Presupuesto vigente 2026;Incorporado;2026-06-30;;https://transparencia.rojas.gov.ar/assets/php/finanzas/archivos/0-fin_ecn_trm-ac72f47939d95f5bf8587557a30798d5.pdf;2026-09-11
06686;Rojas;Saldo de tesorería;Pendiente;;Estado de tesorería conciliado: bancos, efectivo, valores y fondos afectados. El saldo total no equivale a caja libre.;https://transparencia.rojas.gov.ar/assets/php/finanzas/archivos/0-fin_ecn_trm-ac72f47939d95f5bf8587557a30798d5.pdf;2026-09-11
06686;Rojas;Caja libre;Pendiente;;Caja de libre disponibilidad conciliada, descontando fondos afectados y obligaciones exigibles.;https://transparencia.rojas.gov.ar/assets/php/finanzas/archivos/0-fin_ecn_trm-ac72f47939d95f5bf8587557a30798d5.pdf;2026-09-11
06686;Rojas;Stock de deuda municipal;Pendiente;;"Planilla de deuda consolidada y flotante, contratos, moneda y corte; separar pasivos contables y evitar sumarlos dos veces.";https://transparencia.rojas.gov.ar/assets/php/finanzas/archivos/0-fin_ecn_trm-ac72f47939d95f5bf8587557a30798d5.pdf;2026-09-11
06686;Rojas;Calendario futuro de deuda;Pendiente;;"Planilla de vencimientos futuros de capital e intereses, por contrato y fecha; separar lo ya pagado del año.";https://transparencia.rojas.gov.ar/assets/php/finanzas/archivos/0-fin_ecn_trm-ac72f47939d95f5bf8587557a30798d5.pdf;2026-09-11
06686;Rojas;Deuda con proveedores vencida;Pendiente;;Antigüedad y vencimiento de facturas pendientes, conciliados con la deuda flotante. Pendiente no significa vencida.;https://transparencia.rojas.gov.ar/assets/php/finanzas/archivos/0-fin_ecn_trm-ac72f47939d95f5bf8587557a30798d5.pdf;2026-09-11
06686;Rojas;Flujos fiscales mensuales;Pendiente;;"Ingresos percibidos y gastos devengados por mes, sin acumulación; necesarios para ajustar cada flujo por IPC.";https://transparencia.rojas.gov.ar/assets/php/finanzas/archivos/0-fin_ecn_trm-ac72f47939d95f5bf8587557a30798d5.pdf;2026-09-11
06686;Rojas;Cierres fiscales anuales 2021–2025;Sin serie anual incorporada;;"CAIF de cierre anual 2021–2025 con los mismos organismos; no anualizar semestres.";https://transparencia.rojas.gov.ar/assets/php/finanzas/archivos/0-fin_ecn_trm-ac72f47939d95f5bf8587557a30798d5.pdf;2026-09-11
06686;Rojas;Transferencias provinciales;Incorporado;2025-01 a 2026-07;;https://transparencia.rojas.gov.ar/assets/php/finanzas/archivos/0-fin_ecn_trm-ac72f47939d95f5bf8587557a30798d5.pdf;2026-09-11
06686;Rojas;Empleo y salarios privados formales;Incorporado;2019-01 a 2025-12;;https://transparencia.rojas.gov.ar/assets/php/finanzas/archivos/0-fin_ecn_trm-ac72f47939d95f5bf8587557a30798d5.pdf;2026-09-11
06686;Rojas;Población y condiciones de vida;Incorporado;Censo 2022;;https://transparencia.rojas.gov.ar/assets/php/finanzas/archivos/0-fin_ecn_trm-ac72f47939d95f5bf8587557a30798d5.pdf;2026-09-11
06686;Rojas;Producto municipal;Incorporado;"2021–2023; precios 2004";;https://transparencia.rojas.gov.ar/assets/php/finanzas/archivos/0-fin_ecn_trm-ac72f47939d95f5bf8587557a30798d5.pdf;2026-09-11
06686;Rojas;Delitos registrados;Incorporado;2024–2025;;https://transparencia.rojas.gov.ar/assets/php/finanzas/archivos/0-fin_ecn_trm-ac72f47939d95f5bf8587557a30798d5.pdf;2026-09-11
06686;Rojas;Deuda de personas;Incorporado;2026-07;;https://transparencia.rojas.gov.ar/assets/php/finanzas/archivos/0-fin_ecn_trm-ac72f47939d95f5bf8587557a30798d5.pdf;2026-09-11
06686;Rojas;Préstamos y depósitos bancarios;Incorporado;2024-12;;https://transparencia.rojas.gov.ar/assets/php/finanzas/archivos/0-fin_ecn_trm-ac72f47939d95f5bf8587557a30798d5.pdf;2026-09-11
06686;Rojas;Empleo industrial;Incorporado;2025-12;;https://transparencia.rojas.gov.ar/assets/php/finanzas/archivos/0-fin_ecn_trm-ac72f47939d95f5bf8587557a30798d5.pdf;2026-09-11
06686;Rojas;Desempleo, informalidad y pobreza por ingresos;Sin serie comparable para 135;;"Encuesta representativa del municipio con metodología y muestra; los datos por aglomerado no representan automáticamente cada partido.";https://transparencia.rojas.gov.ar/assets/php/finanzas/archivos/0-fin_ecn_trm-ac72f47939d95f5bf8587557a30798d5.pdf;2026-09-11
06693;Roque Pérez;Cuenta fiscal comparable;Pendiente;enero–junio 2026;Cuenta ahorro-inversión-financiamiento (CAIF) enero–junio 2026, o ejecuciones por carácter económico conciliadas que excluyan financiamiento.;https://roqueperez.gob.ar/situacion-economica-financiera;2026-09-11
06693;Roque Pérez;Presupuesto original 2026;Incorporado;2026;;https://roqueperez.gob.ar/situacion-economica-financiera;2026-09-11
06693;Roque Pérez;Presupuesto vigente 2026;Incorporado;2026-03-31;;https://roqueperez.gob.ar/situacion-economica-financiera;2026-09-11
06693;Roque Pérez;Saldo de tesorería;Pendiente;;Estado de tesorería conciliado: bancos, efectivo, valores y fondos afectados. El saldo total no equivale a caja libre.;https://roqueperez.gob.ar/situacion-economica-financiera;2026-09-11
06693;Roque Pérez;Caja libre;Pendiente;;Caja de libre disponibilidad conciliada, descontando fondos afectados y obligaciones exigibles.;https://roqueperez.gob.ar/situacion-economica-financiera;2026-09-11
06693;Roque Pérez;Stock de deuda municipal;Pendiente;;"Planilla de deuda consolidada y flotante, contratos, moneda y corte; separar pasivos contables y evitar sumarlos dos veces.";https://roqueperez.gob.ar/situacion-economica-financiera;2026-09-11
06693;Roque Pérez;Calendario futuro de deuda;Pendiente;;"Planilla de vencimientos futuros de capital e intereses, por contrato y fecha; separar lo ya pagado del año.";https://roqueperez.gob.ar/situacion-economica-financiera;2026-09-11
06693;Roque Pérez;Deuda con proveedores vencida;Pendiente;;Antigüedad y vencimiento de facturas pendientes, conciliados con la deuda flotante. Pendiente no significa vencida.;https://roqueperez.gob.ar/situacion-economica-financiera;2026-09-11
06693;Roque Pérez;Flujos fiscales mensuales;Pendiente;;"Ingresos percibidos y gastos devengados por mes, sin acumulación; necesarios para ajustar cada flujo por IPC.";https://roqueperez.gob.ar/situacion-economica-financiera;2026-09-11
06693;Roque Pérez;Cierres fiscales anuales 2021–2025;Sin serie anual incorporada;;"CAIF de cierre anual 2021–2025 con los mismos organismos; no anualizar semestres.";https://roqueperez.gob.ar/situacion-economica-financiera;2026-09-11
06693;Roque Pérez;Transferencias provinciales;Incorporado;2025-01 a 2026-07;;https://roqueperez.gob.ar/situacion-economica-financiera;2026-09-11
06693;Roque Pérez;Empleo y salarios privados formales;Incorporado;2019-01 a 2025-12;;https://roqueperez.gob.ar/situacion-economica-financiera;2026-09-11
06693;Roque Pérez;Población y condiciones de vida;Incorporado;Censo 2022;;https://roqueperez.gob.ar/situacion-economica-financiera;2026-09-11
06693;Roque Pérez;Producto municipal;Incorporado;"2021–2023; precios 2004";;https://roqueperez.gob.ar/situacion-economica-financiera;2026-09-11
06693;Roque Pérez;Delitos registrados;Incorporado;2024–2025;;https://roqueperez.gob.ar/situacion-economica-financiera;2026-09-11
06693;Roque Pérez;Deuda de personas;Incorporado;2026-07;;https://roqueperez.gob.ar/situacion-economica-financiera;2026-09-11
06693;Roque Pérez;Préstamos y depósitos bancarios;Incorporado;2024-12;;https://roqueperez.gob.ar/situacion-economica-financiera;2026-09-11
06693;Roque Pérez;Empleo industrial;Incorporado;2025-12;;https://roqueperez.gob.ar/situacion-economica-financiera;2026-09-11
06693;Roque Pérez;Desempleo, informalidad y pobreza por ingresos;Sin serie comparable para 135;;"Encuesta representativa del municipio con metodología y muestra; los datos por aglomerado no representan automáticamente cada partido.";https://roqueperez.gob.ar/situacion-economica-financiera;2026-09-11
06700;Saavedra;Cuenta fiscal comparable;Pendiente;enero–junio 2026;Cuenta ahorro-inversión-financiamiento (CAIF) enero–junio 2026, o ejecuciones por carácter económico conciliadas que excluyan financiamiento.;https://drive.google.com/uc?export=download&id=1a9pxkIUN8Pgn0JEr4sYkw7b-NTVIurRV;2026-09-11
06700;Saavedra;Presupuesto original 2026;Pendiente;2025;"Ordenanza de presupuesto 2026 aprobada y total de erogaciones; identificar los organismos incluidos.";https://drive.google.com/uc?export=download&id=1a9pxkIUN8Pgn0JEr4sYkw7b-NTVIurRV;2026-09-11
06700;Saavedra;Presupuesto vigente 2026;Pendiente;2025-12-30;Crédito anual vigente 2026 y modificaciones, con fecha de corte y saldo inicial anual.;https://drive.google.com/uc?export=download&id=1a9pxkIUN8Pgn0JEr4sYkw7b-NTVIurRV;2026-09-11
06700;Saavedra;Saldo de tesorería;Pendiente;;Estado de tesorería conciliado: bancos, efectivo, valores y fondos afectados. El saldo total no equivale a caja libre.;https://drive.google.com/uc?export=download&id=1a9pxkIUN8Pgn0JEr4sYkw7b-NTVIurRV;2026-09-11
06700;Saavedra;Caja libre;Pendiente;;Caja de libre disponibilidad conciliada, descontando fondos afectados y obligaciones exigibles.;https://drive.google.com/uc?export=download&id=1a9pxkIUN8Pgn0JEr4sYkw7b-NTVIurRV;2026-09-11
06700;Saavedra;Stock de deuda municipal;Pendiente;;"Planilla de deuda consolidada y flotante, contratos, moneda y corte; separar pasivos contables y evitar sumarlos dos veces.";https://drive.google.com/uc?export=download&id=1a9pxkIUN8Pgn0JEr4sYkw7b-NTVIurRV;2026-09-11
06700;Saavedra;Calendario futuro de deuda;Pendiente;;"Planilla de vencimientos futuros de capital e intereses, por contrato y fecha; separar lo ya pagado del año.";https://drive.google.com/uc?export=download&id=1a9pxkIUN8Pgn0JEr4sYkw7b-NTVIurRV;2026-09-11
06700;Saavedra;Deuda con proveedores vencida;Pendiente;;Antigüedad y vencimiento de facturas pendientes, conciliados con la deuda flotante. Pendiente no significa vencida.;https://drive.google.com/uc?export=download&id=1a9pxkIUN8Pgn0JEr4sYkw7b-NTVIurRV;2026-09-11
06700;Saavedra;Flujos fiscales mensuales;Pendiente;;"Ingresos percibidos y gastos devengados por mes, sin acumulación; necesarios para ajustar cada flujo por IPC.";https://drive.google.com/uc?export=download&id=1a9pxkIUN8Pgn0JEr4sYkw7b-NTVIurRV;2026-09-11
06700;Saavedra;Cierres fiscales anuales 2021–2025;Sin serie anual incorporada;;"CAIF de cierre anual 2021–2025 con los mismos organismos; no anualizar semestres.";https://drive.google.com/uc?export=download&id=1a9pxkIUN8Pgn0JEr4sYkw7b-NTVIurRV;2026-09-11
06700;Saavedra;Transferencias provinciales;Incorporado;2025-01 a 2026-07;;https://drive.google.com/uc?export=download&id=1a9pxkIUN8Pgn0JEr4sYkw7b-NTVIurRV;2026-09-11
06700;Saavedra;Empleo y salarios privados formales;Incorporado;2019-01 a 2025-12;;https://drive.google.com/uc?export=download&id=1a9pxkIUN8Pgn0JEr4sYkw7b-NTVIurRV;2026-09-11
06700;Saavedra;Población y condiciones de vida;Incorporado;Censo 2022;;https://drive.google.com/uc?export=download&id=1a9pxkIUN8Pgn0JEr4sYkw7b-NTVIurRV;2026-09-11
06700;Saavedra;Producto municipal;Incorporado;"2021–2023; precios 2004";;https://drive.google.com/uc?export=download&id=1a9pxkIUN8Pgn0JEr4sYkw7b-NTVIurRV;2026-09-11
06700;Saavedra;Delitos registrados;Incorporado;2024–2025;;https://drive.google.com/uc?export=download&id=1a9pxkIUN8Pgn0JEr4sYkw7b-NTVIurRV;2026-09-11
06700;Saavedra;Deuda de personas;Incorporado;2026-07;;https://drive.google.com/uc?export=download&id=1a9pxkIUN8Pgn0JEr4sYkw7b-NTVIurRV;2026-09-11
06700;Saavedra;Préstamos y depósitos bancarios;Incorporado;2024-12;;https://drive.google.com/uc?export=download&id=1a9pxkIUN8Pgn0JEr4sYkw7b-NTVIurRV;2026-09-11
06700;Saavedra;Empleo industrial;Incorporado;2025-12;;https://drive.google.com/uc?export=download&id=1a9pxkIUN8Pgn0JEr4sYkw7b-NTVIurRV;2026-09-11
06700;Saavedra;Desempleo, informalidad y pobreza por ingresos;Sin serie comparable para 135;;"Encuesta representativa del municipio con metodología y muestra; los datos por aglomerado no representan automáticamente cada partido.";https://drive.google.com/uc?export=download&id=1a9pxkIUN8Pgn0JEr4sYkw7b-NTVIurRV;2026-09-11
06707;Saladillo;Cuenta fiscal comparable;Incorporado;enero–junio 2026;;https://www.saladillo.gob.ar/?q=files/situacioneconomicofinancieradel01-01-2026al30-06-2026pdf;2026-09-11
06707;Saladillo;Presupuesto original 2026;Pendiente;2026;"Ordenanza de presupuesto 2026 aprobada y total de erogaciones; identificar los organismos incluidos.";https://www.saladillo.gob.ar/?q=files/situacioneconomicofinancieradel01-01-2026al30-06-2026pdf;2026-09-11
06707;Saladillo;Presupuesto vigente 2026;Incorporado;2026-06-30;;https://www.saladillo.gob.ar/?q=files/situacioneconomicofinancieradel01-01-2026al30-06-2026pdf;2026-09-11
06707;Saladillo;Saldo de tesorería;Pendiente;;Estado de tesorería conciliado: bancos, efectivo, valores y fondos afectados. El saldo total no equivale a caja libre.;https://www.saladillo.gob.ar/?q=files/situacioneconomicofinancieradel01-01-2026al30-06-2026pdf;2026-09-11
06707;Saladillo;Caja libre;Pendiente;;Caja de libre disponibilidad conciliada, descontando fondos afectados y obligaciones exigibles.;https://www.saladillo.gob.ar/?q=files/situacioneconomicofinancieradel01-01-2026al30-06-2026pdf;2026-09-11
06707;Saladillo;Stock de deuda municipal;Pendiente;;"Planilla de deuda consolidada y flotante, contratos, moneda y corte; separar pasivos contables y evitar sumarlos dos veces.";https://www.saladillo.gob.ar/?q=files/situacioneconomicofinancieradel01-01-2026al30-06-2026pdf;2026-09-11
06707;Saladillo;Calendario futuro de deuda;Pendiente;;"Planilla de vencimientos futuros de capital e intereses, por contrato y fecha; separar lo ya pagado del año.";https://www.saladillo.gob.ar/?q=files/situacioneconomicofinancieradel01-01-2026al30-06-2026pdf;2026-09-11
06707;Saladillo;Deuda con proveedores vencida;Pendiente;;Antigüedad y vencimiento de facturas pendientes, conciliados con la deuda flotante. Pendiente no significa vencida.;https://www.saladillo.gob.ar/?q=files/situacioneconomicofinancieradel01-01-2026al30-06-2026pdf;2026-09-11
06707;Saladillo;Flujos fiscales mensuales;Pendiente;;"Ingresos percibidos y gastos devengados por mes, sin acumulación; necesarios para ajustar cada flujo por IPC.";https://www.saladillo.gob.ar/?q=files/situacioneconomicofinancieradel01-01-2026al30-06-2026pdf;2026-09-11
06707;Saladillo;Cierres fiscales anuales 2021–2025;Sin serie anual incorporada;;"CAIF de cierre anual 2021–2025 con los mismos organismos; no anualizar semestres.";https://www.saladillo.gob.ar/?q=files/situacioneconomicofinancieradel01-01-2026al30-06-2026pdf;2026-09-11
06707;Saladillo;Transferencias provinciales;Incorporado;2025-01 a 2026-07;;https://www.saladillo.gob.ar/?q=files/situacioneconomicofinancieradel01-01-2026al30-06-2026pdf;2026-09-11
06707;Saladillo;Empleo y salarios privados formales;Incorporado;2019-01 a 2025-12;;https://www.saladillo.gob.ar/?q=files/situacioneconomicofinancieradel01-01-2026al30-06-2026pdf;2026-09-11
06707;Saladillo;Población y condiciones de vida;Incorporado;Censo 2022;;https://www.saladillo.gob.ar/?q=files/situacioneconomicofinancieradel01-01-2026al30-06-2026pdf;2026-09-11
06707;Saladillo;Producto municipal;Incorporado;"2021–2023; precios 2004";;https://www.saladillo.gob.ar/?q=files/situacioneconomicofinancieradel01-01-2026al30-06-2026pdf;2026-09-11
06707;Saladillo;Delitos registrados;Incorporado;2024–2025;;https://www.saladillo.gob.ar/?q=files/situacioneconomicofinancieradel01-01-2026al30-06-2026pdf;2026-09-11
06707;Saladillo;Deuda de personas;Incorporado;2026-07;;https://www.saladillo.gob.ar/?q=files/situacioneconomicofinancieradel01-01-2026al30-06-2026pdf;2026-09-11
06707;Saladillo;Préstamos y depósitos bancarios;Incorporado;2024-12;;https://www.saladillo.gob.ar/?q=files/situacioneconomicofinancieradel01-01-2026al30-06-2026pdf;2026-09-11
06707;Saladillo;Empleo industrial;Incorporado;2025-12;;https://www.saladillo.gob.ar/?q=files/situacioneconomicofinancieradel01-01-2026al30-06-2026pdf;2026-09-11
06707;Saladillo;Desempleo, informalidad y pobreza por ingresos;Sin serie comparable para 135;;"Encuesta representativa del municipio con metodología y muestra; los datos por aglomerado no representan automáticamente cada partido.";https://www.saladillo.gob.ar/?q=files/situacioneconomicofinancieradel01-01-2026al30-06-2026pdf;2026-09-11
06721;Salliqueló;Cuenta fiscal comparable;Incorporado;enero–junio 2026;;https://salliquelo.gob.ar/tramites/detalle/4-estados-economicos-financieros;2026-09-11
06721;Salliqueló;Presupuesto original 2026;Pendiente;2026;"Ordenanza de presupuesto 2026 aprobada y total de erogaciones; identificar los organismos incluidos.";https://salliquelo.gob.ar/tramites/detalle/4-estados-economicos-financieros;2026-09-11
06721;Salliqueló;Presupuesto vigente 2026;Incorporado;2026-06-30;;https://salliquelo.gob.ar/tramites/detalle/4-estados-economicos-financieros;2026-09-11
06721;Salliqueló;Saldo de tesorería;Pendiente;;Estado de tesorería conciliado: bancos, efectivo, valores y fondos afectados. El saldo total no equivale a caja libre.;https://salliquelo.gob.ar/tramites/detalle/4-estados-economicos-financieros;2026-09-11
06721;Salliqueló;Caja libre;Pendiente;;Caja de libre disponibilidad conciliada, descontando fondos afectados y obligaciones exigibles.;https://salliquelo.gob.ar/tramites/detalle/4-estados-economicos-financieros;2026-09-11
06721;Salliqueló;Stock de deuda municipal;Pendiente;;"Planilla de deuda consolidada y flotante, contratos, moneda y corte; separar pasivos contables y evitar sumarlos dos veces.";https://salliquelo.gob.ar/tramites/detalle/4-estados-economicos-financieros;2026-09-11
06721;Salliqueló;Calendario futuro de deuda;Pendiente;;"Planilla de vencimientos futuros de capital e intereses, por contrato y fecha; separar lo ya pagado del año.";https://salliquelo.gob.ar/tramites/detalle/4-estados-economicos-financieros;2026-09-11
06721;Salliqueló;Deuda con proveedores vencida;Pendiente;;Antigüedad y vencimiento de facturas pendientes, conciliados con la deuda flotante. Pendiente no significa vencida.;https://salliquelo.gob.ar/tramites/detalle/4-estados-economicos-financieros;2026-09-11
06721;Salliqueló;Flujos fiscales mensuales;Pendiente;;"Ingresos percibidos y gastos devengados por mes, sin acumulación; necesarios para ajustar cada flujo por IPC.";https://salliquelo.gob.ar/tramites/detalle/4-estados-economicos-financieros;2026-09-11
06721;Salliqueló;Cierres fiscales anuales 2021–2025;Sin serie anual incorporada;;"CAIF de cierre anual 2021–2025 con los mismos organismos; no anualizar semestres.";https://salliquelo.gob.ar/tramites/detalle/4-estados-economicos-financieros;2026-09-11
06721;Salliqueló;Transferencias provinciales;Incorporado;2025-01 a 2026-07;;https://salliquelo.gob.ar/tramites/detalle/4-estados-economicos-financieros;2026-09-11
06721;Salliqueló;Empleo y salarios privados formales;Incorporado;2019-01 a 2025-12;;https://salliquelo.gob.ar/tramites/detalle/4-estados-economicos-financieros;2026-09-11
06721;Salliqueló;Población y condiciones de vida;Incorporado;Censo 2022;;https://salliquelo.gob.ar/tramites/detalle/4-estados-economicos-financieros;2026-09-11
06721;Salliqueló;Producto municipal;Incorporado;"2021–2023; precios 2004";;https://salliquelo.gob.ar/tramites/detalle/4-estados-economicos-financieros;2026-09-11
06721;Salliqueló;Delitos registrados;Incorporado;2024–2025;;https://salliquelo.gob.ar/tramites/detalle/4-estados-economicos-financieros;2026-09-11
06721;Salliqueló;Deuda de personas;Incorporado;2026-07;;https://salliquelo.gob.ar/tramites/detalle/4-estados-economicos-financieros;2026-09-11
06721;Salliqueló;Préstamos y depósitos bancarios;Incorporado;2024-12;;https://salliquelo.gob.ar/tramites/detalle/4-estados-economicos-financieros;2026-09-11
06721;Salliqueló;Empleo industrial;Incorporado;2025-12;;https://salliquelo.gob.ar/tramites/detalle/4-estados-economicos-financieros;2026-09-11
06721;Salliqueló;Desempleo, informalidad y pobreza por ingresos;Sin serie comparable para 135;;"Encuesta representativa del municipio con metodología y muestra; los datos por aglomerado no representan automáticamente cada partido.";https://salliquelo.gob.ar/tramites/detalle/4-estados-economicos-financieros;2026-09-11
06714;Salto;Cuenta fiscal comparable;Incorporado;enero–junio 2026;;https://salto.gob.ar/responsabilidad-fiscal/;2026-09-11
06714;Salto;Presupuesto original 2026;Pendiente;2026;"Ordenanza de presupuesto 2026 aprobada y total de erogaciones; identificar los organismos incluidos.";https://salto.gob.ar/responsabilidad-fiscal/;2026-09-11
06714;Salto;Presupuesto vigente 2026;Incorporado;2026-06-30;;https://salto.gob.ar/responsabilidad-fiscal/;2026-09-11
06714;Salto;Saldo de tesorería;Pendiente;;Estado de tesorería conciliado: bancos, efectivo, valores y fondos afectados. El saldo total no equivale a caja libre.;https://salto.gob.ar/responsabilidad-fiscal/;2026-09-11
06714;Salto;Caja libre;Pendiente;;Caja de libre disponibilidad conciliada, descontando fondos afectados y obligaciones exigibles.;https://salto.gob.ar/responsabilidad-fiscal/;2026-09-11
06714;Salto;Stock de deuda municipal;Pendiente;;"Planilla de deuda consolidada y flotante, contratos, moneda y corte; separar pasivos contables y evitar sumarlos dos veces.";https://salto.gob.ar/responsabilidad-fiscal/;2026-09-11
06714;Salto;Calendario futuro de deuda;Pendiente;;"Planilla de vencimientos futuros de capital e intereses, por contrato y fecha; separar lo ya pagado del año.";https://salto.gob.ar/responsabilidad-fiscal/;2026-09-11
06714;Salto;Deuda con proveedores vencida;Pendiente;;Antigüedad y vencimiento de facturas pendientes, conciliados con la deuda flotante. Pendiente no significa vencida.;https://salto.gob.ar/responsabilidad-fiscal/;2026-09-11
06714;Salto;Flujos fiscales mensuales;Pendiente;;"Ingresos percibidos y gastos devengados por mes, sin acumulación; necesarios para ajustar cada flujo por IPC.";https://salto.gob.ar/responsabilidad-fiscal/;2026-09-11
06714;Salto;Cierres fiscales anuales 2021–2025;Sin serie anual incorporada;;"CAIF de cierre anual 2021–2025 con los mismos organismos; no anualizar semestres.";https://salto.gob.ar/responsabilidad-fiscal/;2026-09-11
06714;Salto;Transferencias provinciales;Incorporado;2025-01 a 2026-07;;https://salto.gob.ar/responsabilidad-fiscal/;2026-09-11
06714;Salto;Empleo y salarios privados formales;Incorporado;2019-01 a 2025-12;;https://salto.gob.ar/responsabilidad-fiscal/;2026-09-11
06714;Salto;Población y condiciones de vida;Incorporado;Censo 2022;;https://salto.gob.ar/responsabilidad-fiscal/;2026-09-11
06714;Salto;Producto municipal;Incorporado;"2021–2023; precios 2004";;https://salto.gob.ar/responsabilidad-fiscal/;2026-09-11
06714;Salto;Delitos registrados;Incorporado;2024–2025;;https://salto.gob.ar/responsabilidad-fiscal/;2026-09-11
06714;Salto;Deuda de personas;Incorporado;2026-07;;https://salto.gob.ar/responsabilidad-fiscal/;2026-09-11
06714;Salto;Préstamos y depósitos bancarios;Incorporado;2024-12;;https://salto.gob.ar/responsabilidad-fiscal/;2026-09-11
06714;Salto;Empleo industrial;Incorporado;2025-12;;https://salto.gob.ar/responsabilidad-fiscal/;2026-09-11
06714;Salto;Desempleo, informalidad y pobreza por ingresos;Sin serie comparable para 135;;"Encuesta representativa del municipio con metodología y muestra; los datos por aglomerado no representan automáticamente cada partido.";https://salto.gob.ar/responsabilidad-fiscal/;2026-09-11
06728;San Andrés de Giles;Cuenta fiscal comparable;Incorporado;enero–junio 2026;;https://www.sanandresdegiles.gob.ar/?q=situacion-economica-financiera;2026-09-11
06728;San Andrés de Giles;Presupuesto original 2026;Pendiente;2026;"Ordenanza de presupuesto 2026 aprobada y total de erogaciones; identificar los organismos incluidos.";https://www.sanandresdegiles.gob.ar/?q=situacion-economica-financiera;2026-09-11
06728;San Andrés de Giles;Presupuesto vigente 2026;Incorporado;2026-06-30;;https://www.sanandresdegiles.gob.ar/?q=situacion-economica-financiera;2026-09-11
06728;San Andrés de Giles;Saldo de tesorería;Pendiente;;Estado de tesorería conciliado: bancos, efectivo, valores y fondos afectados. El saldo total no equivale a caja libre.;https://www.sanandresdegiles.gob.ar/?q=situacion-economica-financiera;2026-09-11
06728;San Andrés de Giles;Caja libre;Pendiente;;Caja de libre disponibilidad conciliada, descontando fondos afectados y obligaciones exigibles.;https://www.sanandresdegiles.gob.ar/?q=situacion-economica-financiera;2026-09-11
06728;San Andrés de Giles;Stock de deuda municipal;Pendiente;;"Planilla de deuda consolidada y flotante, contratos, moneda y corte; separar pasivos contables y evitar sumarlos dos veces.";https://www.sanandresdegiles.gob.ar/?q=situacion-economica-financiera;2026-09-11
06728;San Andrés de Giles;Calendario futuro de deuda;Pendiente;;"Planilla de vencimientos futuros de capital e intereses, por contrato y fecha; separar lo ya pagado del año.";https://www.sanandresdegiles.gob.ar/?q=situacion-economica-financiera;2026-09-11
06728;San Andrés de Giles;Deuda con proveedores vencida;Pendiente;;Antigüedad y vencimiento de facturas pendientes, conciliados con la deuda flotante. Pendiente no significa vencida.;https://www.sanandresdegiles.gob.ar/?q=situacion-economica-financiera;2026-09-11
06728;San Andrés de Giles;Flujos fiscales mensuales;Pendiente;;"Ingresos percibidos y gastos devengados por mes, sin acumulación; necesarios para ajustar cada flujo por IPC.";https://www.sanandresdegiles.gob.ar/?q=situacion-economica-financiera;2026-09-11
06728;San Andrés de Giles;Cierres fiscales anuales 2021–2025;Sin serie anual incorporada;;"CAIF de cierre anual 2021–2025 con los mismos organismos; no anualizar semestres.";https://www.sanandresdegiles.gob.ar/?q=situacion-economica-financiera;2026-09-11
06728;San Andrés de Giles;Transferencias provinciales;Incorporado;2025-01 a 2026-07;;https://www.sanandresdegiles.gob.ar/?q=situacion-economica-financiera;2026-09-11
06728;San Andrés de Giles;Empleo y salarios privados formales;Incorporado;2019-01 a 2025-12;;https://www.sanandresdegiles.gob.ar/?q=situacion-economica-financiera;2026-09-11
06728;San Andrés de Giles;Población y condiciones de vida;Incorporado;Censo 2022;;https://www.sanandresdegiles.gob.ar/?q=situacion-economica-financiera;2026-09-11
06728;San Andrés de Giles;Producto municipal;Incorporado;"2021–2023; precios 2004";;https://www.sanandresdegiles.gob.ar/?q=situacion-economica-financiera;2026-09-11
06728;San Andrés de Giles;Delitos registrados;Incorporado;2024–2025;;https://www.sanandresdegiles.gob.ar/?q=situacion-economica-financiera;2026-09-11
06728;San Andrés de Giles;Deuda de personas;Incorporado;2026-07;;https://www.sanandresdegiles.gob.ar/?q=situacion-economica-financiera;2026-09-11
06728;San Andrés de Giles;Préstamos y depósitos bancarios;Incorporado;2024-12;;https://www.sanandresdegiles.gob.ar/?q=situacion-economica-financiera;2026-09-11
06728;San Andrés de Giles;Empleo industrial;Incorporado;2025-12;;https://www.sanandresdegiles.gob.ar/?q=situacion-economica-financiera;2026-09-11
06728;San Andrés de Giles;Desempleo, informalidad y pobreza por ingresos;Sin serie comparable para 135;;"Encuesta representativa del municipio con metodología y muestra; los datos por aglomerado no representan automáticamente cada partido.";https://www.sanandresdegiles.gob.ar/?q=situacion-economica-financiera;2026-09-11
06735;San Antonio de Areco;Cuenta fiscal comparable;Pendiente;enero–junio 2026;Cuenta ahorro-inversión-financiamiento (CAIF) enero–junio 2026, o ejecuciones por carácter económico conciliadas que excluyan financiamiento.;https://areco.ar/transparencia/presupuestos/;2026-09-11
06735;San Antonio de Areco;Presupuesto original 2026;Incorporado;2026;;https://areco.ar/transparencia/presupuestos/;2026-09-11
06735;San Antonio de Areco;Presupuesto vigente 2026;Pendiente;2025-12-19;Crédito anual vigente 2026 y modificaciones, con fecha de corte y saldo inicial anual.;https://areco.ar/transparencia/presupuestos/;2026-09-11
06735;San Antonio de Areco;Saldo de tesorería;Pendiente;;Estado de tesorería conciliado: bancos, efectivo, valores y fondos afectados. El saldo total no equivale a caja libre.;https://areco.ar/transparencia/presupuestos/;2026-09-11
06735;San Antonio de Areco;Caja libre;Pendiente;;Caja de libre disponibilidad conciliada, descontando fondos afectados y obligaciones exigibles.;https://areco.ar/transparencia/presupuestos/;2026-09-11
06735;San Antonio de Areco;Stock de deuda municipal;Pendiente;;"Planilla de deuda consolidada y flotante, contratos, moneda y corte; separar pasivos contables y evitar sumarlos dos veces.";https://areco.ar/transparencia/presupuestos/;2026-09-11
06735;San Antonio de Areco;Calendario futuro de deuda;Pendiente;;"Planilla de vencimientos futuros de capital e intereses, por contrato y fecha; separar lo ya pagado del año.";https://areco.ar/transparencia/presupuestos/;2026-09-11
06735;San Antonio de Areco;Deuda con proveedores vencida;Pendiente;;Antigüedad y vencimiento de facturas pendientes, conciliados con la deuda flotante. Pendiente no significa vencida.;https://areco.ar/transparencia/presupuestos/;2026-09-11
06735;San Antonio de Areco;Flujos fiscales mensuales;Pendiente;;"Ingresos percibidos y gastos devengados por mes, sin acumulación; necesarios para ajustar cada flujo por IPC.";https://areco.ar/transparencia/presupuestos/;2026-09-11
06735;San Antonio de Areco;Cierres fiscales anuales 2021–2025;Sin serie anual incorporada;;"CAIF de cierre anual 2021–2025 con los mismos organismos; no anualizar semestres.";https://areco.ar/transparencia/presupuestos/;2026-09-11
06735;San Antonio de Areco;Transferencias provinciales;Incorporado;2025-01 a 2026-07;;https://areco.ar/transparencia/presupuestos/;2026-09-11
06735;San Antonio de Areco;Empleo y salarios privados formales;Incorporado;2019-01 a 2025-12;;https://areco.ar/transparencia/presupuestos/;2026-09-11
06735;San Antonio de Areco;Población y condiciones de vida;Incorporado;Censo 2022;;https://areco.ar/transparencia/presupuestos/;2026-09-11
06735;San Antonio de Areco;Producto municipal;Incorporado;"2021–2023; precios 2004";;https://areco.ar/transparencia/presupuestos/;2026-09-11
06735;San Antonio de Areco;Delitos registrados;Incorporado;2024–2025;;https://areco.ar/transparencia/presupuestos/;2026-09-11
06735;San Antonio de Areco;Deuda de personas;Incorporado;2026-07;;https://areco.ar/transparencia/presupuestos/;2026-09-11
06735;San Antonio de Areco;Préstamos y depósitos bancarios;Incorporado;2024-12;;https://areco.ar/transparencia/presupuestos/;2026-09-11
06735;San Antonio de Areco;Empleo industrial;Incorporado;2025-12;;https://areco.ar/transparencia/presupuestos/;2026-09-11
06735;San Antonio de Areco;Desempleo, informalidad y pobreza por ingresos;Sin serie comparable para 135;;"Encuesta representativa del municipio con metodología y muestra; los datos por aglomerado no representan automáticamente cada partido.";https://areco.ar/transparencia/presupuestos/;2026-09-11
06742;San Cayetano;Cuenta fiscal comparable;Incorporado;enero–junio 2026;;https://www.hcdsancayetano.gob.ar/situacion-economica-financiera.php;2026-09-11
06742;San Cayetano;Presupuesto original 2026;Pendiente;2026;"Ordenanza de presupuesto 2026 aprobada y total de erogaciones; identificar los organismos incluidos.";https://www.hcdsancayetano.gob.ar/situacion-economica-financiera.php;2026-09-11
06742;San Cayetano;Presupuesto vigente 2026;Incorporado;2026-06-30;;https://www.hcdsancayetano.gob.ar/situacion-economica-financiera.php;2026-09-11
06742;San Cayetano;Saldo de tesorería;Pendiente;;Estado de tesorería conciliado: bancos, efectivo, valores y fondos afectados. El saldo total no equivale a caja libre.;https://www.hcdsancayetano.gob.ar/situacion-economica-financiera.php;2026-09-11
06742;San Cayetano;Caja libre;Pendiente;;Caja de libre disponibilidad conciliada, descontando fondos afectados y obligaciones exigibles.;https://www.hcdsancayetano.gob.ar/situacion-economica-financiera.php;2026-09-11
06742;San Cayetano;Stock de deuda municipal;Pendiente;;"Planilla de deuda consolidada y flotante, contratos, moneda y corte; separar pasivos contables y evitar sumarlos dos veces.";https://www.hcdsancayetano.gob.ar/situacion-economica-financiera.php;2026-09-11
06742;San Cayetano;Calendario futuro de deuda;Pendiente;;"Planilla de vencimientos futuros de capital e intereses, por contrato y fecha; separar lo ya pagado del año.";https://www.hcdsancayetano.gob.ar/situacion-economica-financiera.php;2026-09-11
06742;San Cayetano;Deuda con proveedores vencida;Pendiente;;Antigüedad y vencimiento de facturas pendientes, conciliados con la deuda flotante. Pendiente no significa vencida.;https://www.hcdsancayetano.gob.ar/situacion-economica-financiera.php;2026-09-11
06742;San Cayetano;Flujos fiscales mensuales;Pendiente;;"Ingresos percibidos y gastos devengados por mes, sin acumulación; necesarios para ajustar cada flujo por IPC.";https://www.hcdsancayetano.gob.ar/situacion-economica-financiera.php;2026-09-11
06742;San Cayetano;Cierres fiscales anuales 2021–2025;Sin serie anual incorporada;;"CAIF de cierre anual 2021–2025 con los mismos organismos; no anualizar semestres.";https://www.hcdsancayetano.gob.ar/situacion-economica-financiera.php;2026-09-11
06742;San Cayetano;Transferencias provinciales;Incorporado;2025-01 a 2026-07;;https://www.hcdsancayetano.gob.ar/situacion-economica-financiera.php;2026-09-11
06742;San Cayetano;Empleo y salarios privados formales;Incorporado;2019-01 a 2025-12;;https://www.hcdsancayetano.gob.ar/situacion-economica-financiera.php;2026-09-11
06742;San Cayetano;Población y condiciones de vida;Incorporado;Censo 2022;;https://www.hcdsancayetano.gob.ar/situacion-economica-financiera.php;2026-09-11
06742;San Cayetano;Producto municipal;Incorporado;"2021–2023; precios 2004";;https://www.hcdsancayetano.gob.ar/situacion-economica-financiera.php;2026-09-11
06742;San Cayetano;Delitos registrados;Incorporado;2024–2025;;https://www.hcdsancayetano.gob.ar/situacion-economica-financiera.php;2026-09-11
06742;San Cayetano;Deuda de personas;Incorporado;2026-07;;https://www.hcdsancayetano.gob.ar/situacion-economica-financiera.php;2026-09-11
06742;San Cayetano;Préstamos y depósitos bancarios;Reservado o sin cifra de origen;2024-12;"Cifra publicada por localización BCRA/DPE; las reservas estadísticas no se completan con cero.";https://www.hcdsancayetano.gob.ar/situacion-economica-financiera.php;2026-09-11
06742;San Cayetano;Empleo industrial;Incorporado;2025-12;;https://www.hcdsancayetano.gob.ar/situacion-economica-financiera.php;2026-09-11
06742;San Cayetano;Desempleo, informalidad y pobreza por ingresos;Sin serie comparable para 135;;"Encuesta representativa del municipio con metodología y muestra; los datos por aglomerado no representan automáticamente cada partido.";https://www.hcdsancayetano.gob.ar/situacion-economica-financiera.php;2026-09-11
06749;San Fernando;Cuenta fiscal comparable;Pendiente;enero–junio 2026;Cuenta ahorro-inversión-financiamiento (CAIF) enero–junio 2026, o ejecuciones por carácter económico conciliadas que excluyan financiamiento.;https://www.sanfernando.gob.ar/situacion-economico-financiera;2026-09-11
06749;San Fernando;Presupuesto original 2026;Pendiente;2025;"Ordenanza de presupuesto 2026 aprobada y total de erogaciones; identificar los organismos incluidos.";https://www.sanfernando.gob.ar/situacion-economico-financiera;2026-09-11
06749;San Fernando;Presupuesto vigente 2026;Pendiente;2025-12-30;Crédito anual vigente 2026 y modificaciones, con fecha de corte y saldo inicial anual.;https://www.sanfernando.gob.ar/situacion-economico-financiera;2026-09-11
06749;San Fernando;Saldo de tesorería;Pendiente;;Estado de tesorería conciliado: bancos, efectivo, valores y fondos afectados. El saldo total no equivale a caja libre.;https://www.sanfernando.gob.ar/situacion-economico-financiera;2026-09-11
06749;San Fernando;Caja libre;Pendiente;;Caja de libre disponibilidad conciliada, descontando fondos afectados y obligaciones exigibles.;https://www.sanfernando.gob.ar/situacion-economico-financiera;2026-09-11
06749;San Fernando;Stock de deuda municipal;Pendiente;;"Planilla de deuda consolidada y flotante, contratos, moneda y corte; separar pasivos contables y evitar sumarlos dos veces.";https://www.sanfernando.gob.ar/situacion-economico-financiera;2026-09-11
06749;San Fernando;Calendario futuro de deuda;Pendiente;;"Planilla de vencimientos futuros de capital e intereses, por contrato y fecha; separar lo ya pagado del año.";https://www.sanfernando.gob.ar/situacion-economico-financiera;2026-09-11
06749;San Fernando;Deuda con proveedores vencida;Pendiente;;Antigüedad y vencimiento de facturas pendientes, conciliados con la deuda flotante. Pendiente no significa vencida.;https://www.sanfernando.gob.ar/situacion-economico-financiera;2026-09-11
06749;San Fernando;Flujos fiscales mensuales;Pendiente;;"Ingresos percibidos y gastos devengados por mes, sin acumulación; necesarios para ajustar cada flujo por IPC.";https://www.sanfernando.gob.ar/situacion-economico-financiera;2026-09-11
06749;San Fernando;Cierres fiscales anuales 2021–2025;Sin serie anual incorporada;;"CAIF de cierre anual 2021–2025 con los mismos organismos; no anualizar semestres.";https://www.sanfernando.gob.ar/situacion-economico-financiera;2026-09-11
06749;San Fernando;Transferencias provinciales;Incorporado;2025-01 a 2026-07;;https://www.sanfernando.gob.ar/situacion-economico-financiera;2026-09-11
06749;San Fernando;Empleo y salarios privados formales;Incorporado;2019-01 a 2025-12;;https://www.sanfernando.gob.ar/situacion-economico-financiera;2026-09-11
06749;San Fernando;Población y condiciones de vida;Incorporado;Censo 2022;;https://www.sanfernando.gob.ar/situacion-economico-financiera;2026-09-11
06749;San Fernando;Producto municipal;Incorporado;"2021–2023; precios 2004";;https://www.sanfernando.gob.ar/situacion-economico-financiera;2026-09-11
06749;San Fernando;Delitos registrados;Incorporado;2024–2025;;https://www.sanfernando.gob.ar/situacion-economico-financiera;2026-09-11
06749;San Fernando;Deuda de personas;Incorporado;2026-07;;https://www.sanfernando.gob.ar/situacion-economico-financiera;2026-09-11
06749;San Fernando;Préstamos y depósitos bancarios;Incorporado;2024-12;;https://www.sanfernando.gob.ar/situacion-economico-financiera;2026-09-11
06749;San Fernando;Empleo industrial;Incorporado;2025-12;;https://www.sanfernando.gob.ar/situacion-economico-financiera;2026-09-11
06749;San Fernando;Desempleo, informalidad y pobreza por ingresos;Sin serie comparable para 135;;"Encuesta representativa del municipio con metodología y muestra; los datos por aglomerado no representan automáticamente cada partido.";https://www.sanfernando.gob.ar/situacion-economico-financiera;2026-09-11
06756;San Isidro;Cuenta fiscal comparable;Incorporado;enero–junio 2026;;https://www.sanisidro.gob.ar/transparencia-si/situacion-economica-financiera;2026-09-11
06756;San Isidro;Presupuesto original 2026;Pendiente;2026;"Ordenanza de presupuesto 2026 aprobada y total de erogaciones; identificar los organismos incluidos.";https://www.sanisidro.gob.ar/transparencia-si/situacion-economica-financiera;2026-09-11
06756;San Isidro;Presupuesto vigente 2026;Incorporado;2026-03-31;;https://www.sanisidro.gob.ar/transparencia-si/situacion-economica-financiera;2026-09-11
06756;San Isidro;Saldo de tesorería;Pendiente;;Estado de tesorería conciliado: bancos, efectivo, valores y fondos afectados. El saldo total no equivale a caja libre.;https://www.sanisidro.gob.ar/transparencia-si/situacion-economica-financiera;2026-09-11
06756;San Isidro;Caja libre;Pendiente;;Caja de libre disponibilidad conciliada, descontando fondos afectados y obligaciones exigibles.;https://www.sanisidro.gob.ar/transparencia-si/situacion-economica-financiera;2026-09-11
06756;San Isidro;Stock de deuda municipal;Pendiente;;"Planilla de deuda consolidada y flotante, contratos, moneda y corte; separar pasivos contables y evitar sumarlos dos veces.";https://www.sanisidro.gob.ar/transparencia-si/situacion-economica-financiera;2026-09-11
06756;San Isidro;Calendario futuro de deuda;Pendiente;;"Planilla de vencimientos futuros de capital e intereses, por contrato y fecha; separar lo ya pagado del año.";https://www.sanisidro.gob.ar/transparencia-si/situacion-economica-financiera;2026-09-11
06756;San Isidro;Deuda con proveedores vencida;Pendiente;;Antigüedad y vencimiento de facturas pendientes, conciliados con la deuda flotante. Pendiente no significa vencida.;https://www.sanisidro.gob.ar/transparencia-si/situacion-economica-financiera;2026-09-11
06756;San Isidro;Flujos fiscales mensuales;Pendiente;;"Ingresos percibidos y gastos devengados por mes, sin acumulación; necesarios para ajustar cada flujo por IPC.";https://www.sanisidro.gob.ar/transparencia-si/situacion-economica-financiera;2026-09-11
06756;San Isidro;Cierres fiscales anuales 2021–2025;Sin serie anual incorporada;;"CAIF de cierre anual 2021–2025 con los mismos organismos; no anualizar semestres.";https://www.sanisidro.gob.ar/transparencia-si/situacion-economica-financiera;2026-09-11
06756;San Isidro;Transferencias provinciales;Incorporado;2025-01 a 2026-07;;https://www.sanisidro.gob.ar/transparencia-si/situacion-economica-financiera;2026-09-11
06756;San Isidro;Empleo y salarios privados formales;Incorporado;2019-01 a 2025-12;;https://www.sanisidro.gob.ar/transparencia-si/situacion-economica-financiera;2026-09-11
06756;San Isidro;Población y condiciones de vida;Incorporado;Censo 2022;;https://www.sanisidro.gob.ar/transparencia-si/situacion-economica-financiera;2026-09-11
06756;San Isidro;Producto municipal;Incorporado;"2021–2023; precios 2004";;https://www.sanisidro.gob.ar/transparencia-si/situacion-economica-financiera;2026-09-11
06756;San Isidro;Delitos registrados;Incorporado;2024–2025;;https://www.sanisidro.gob.ar/transparencia-si/situacion-economica-financiera;2026-09-11
06756;San Isidro;Deuda de personas;Incorporado;2026-07;;https://www.sanisidro.gob.ar/transparencia-si/situacion-economica-financiera;2026-09-11
06756;San Isidro;Préstamos y depósitos bancarios;Incorporado;2024-12;;https://www.sanisidro.gob.ar/transparencia-si/situacion-economica-financiera;2026-09-11
06756;San Isidro;Empleo industrial;Incorporado;2025-12;;https://www.sanisidro.gob.ar/transparencia-si/situacion-economica-financiera;2026-09-11
06756;San Isidro;Desempleo, informalidad y pobreza por ingresos;Sin serie comparable para 135;;"Encuesta representativa del municipio con metodología y muestra; los datos por aglomerado no representan automáticamente cada partido.";https://www.sanisidro.gob.ar/transparencia-si/situacion-economica-financiera;2026-09-11
06760;San Miguel;Cuenta fiscal comparable;Pendiente;enero–junio 2026;Cuenta ahorro-inversión-financiamiento (CAIF) enero–junio 2026, o ejecuciones por carácter económico conciliadas que excluyan financiamiento.;https://www.msm.gov.ar/areas-gestion-publica/gobierno-abierto/datos-abiertos/;2026-09-11
06760;San Miguel;Presupuesto original 2026;Incorporado;2026;;https://www.msm.gov.ar/areas-gestion-publica/gobierno-abierto/datos-abiertos/;2026-09-11
06760;San Miguel;Presupuesto vigente 2026;Pendiente;2026-04-09;Crédito anual vigente 2026 y modificaciones, con fecha de corte y saldo inicial anual.;https://www.msm.gov.ar/areas-gestion-publica/gobierno-abierto/datos-abiertos/;2026-09-11
06760;San Miguel;Saldo de tesorería;Pendiente;;Estado de tesorería conciliado: bancos, efectivo, valores y fondos afectados. El saldo total no equivale a caja libre.;https://www.msm.gov.ar/areas-gestion-publica/gobierno-abierto/datos-abiertos/;2026-09-11
06760;San Miguel;Caja libre;Pendiente;;Caja de libre disponibilidad conciliada, descontando fondos afectados y obligaciones exigibles.;https://www.msm.gov.ar/areas-gestion-publica/gobierno-abierto/datos-abiertos/;2026-09-11
06760;San Miguel;Stock de deuda municipal;Pendiente;;"Planilla de deuda consolidada y flotante, contratos, moneda y corte; separar pasivos contables y evitar sumarlos dos veces.";https://www.msm.gov.ar/areas-gestion-publica/gobierno-abierto/datos-abiertos/;2026-09-11
06760;San Miguel;Calendario futuro de deuda;Pendiente;;"Planilla de vencimientos futuros de capital e intereses, por contrato y fecha; separar lo ya pagado del año.";https://www.msm.gov.ar/areas-gestion-publica/gobierno-abierto/datos-abiertos/;2026-09-11
06760;San Miguel;Deuda con proveedores vencida;Pendiente;;Antigüedad y vencimiento de facturas pendientes, conciliados con la deuda flotante. Pendiente no significa vencida.;https://www.msm.gov.ar/areas-gestion-publica/gobierno-abierto/datos-abiertos/;2026-09-11
06760;San Miguel;Flujos fiscales mensuales;Pendiente;;"Ingresos percibidos y gastos devengados por mes, sin acumulación; necesarios para ajustar cada flujo por IPC.";https://www.msm.gov.ar/areas-gestion-publica/gobierno-abierto/datos-abiertos/;2026-09-11
06760;San Miguel;Cierres fiscales anuales 2021–2025;Sin serie anual incorporada;;"CAIF de cierre anual 2021–2025 con los mismos organismos; no anualizar semestres.";https://www.msm.gov.ar/areas-gestion-publica/gobierno-abierto/datos-abiertos/;2026-09-11
06760;San Miguel;Transferencias provinciales;Incorporado;2025-01 a 2026-07;;https://www.msm.gov.ar/areas-gestion-publica/gobierno-abierto/datos-abiertos/;2026-09-11
06760;San Miguel;Empleo y salarios privados formales;Incorporado;2019-01 a 2025-12;;https://www.msm.gov.ar/areas-gestion-publica/gobierno-abierto/datos-abiertos/;2026-09-11
06760;San Miguel;Población y condiciones de vida;Incorporado;Censo 2022;;https://www.msm.gov.ar/areas-gestion-publica/gobierno-abierto/datos-abiertos/;2026-09-11
06760;San Miguel;Producto municipal;Incorporado;"2021–2023; precios 2004";;https://www.msm.gov.ar/areas-gestion-publica/gobierno-abierto/datos-abiertos/;2026-09-11
06760;San Miguel;Delitos registrados;Incorporado;2024–2025;;https://www.msm.gov.ar/areas-gestion-publica/gobierno-abierto/datos-abiertos/;2026-09-11
06760;San Miguel;Deuda de personas;Incorporado;2026-07;;https://www.msm.gov.ar/areas-gestion-publica/gobierno-abierto/datos-abiertos/;2026-09-11
06760;San Miguel;Préstamos y depósitos bancarios;Incorporado;2024-12;;https://www.msm.gov.ar/areas-gestion-publica/gobierno-abierto/datos-abiertos/;2026-09-11
06760;San Miguel;Empleo industrial;Incorporado;2025-12;;https://www.msm.gov.ar/areas-gestion-publica/gobierno-abierto/datos-abiertos/;2026-09-11
06760;San Miguel;Desempleo, informalidad y pobreza por ingresos;Sin serie comparable para 135;;"Encuesta representativa del municipio con metodología y muestra; los datos por aglomerado no representan automáticamente cada partido.";https://www.msm.gov.ar/areas-gestion-publica/gobierno-abierto/datos-abiertos/;2026-09-11
06763;San Nicolás;Cuenta fiscal comparable;Pendiente;enero–junio 2026;Cuenta ahorro-inversión-financiamiento (CAIF) enero–junio 2026, o ejecuciones por carácter económico conciliadas que excluyan financiamiento.;https://www.sannicolasciudad.gob.ar/areas/economia-y-finanzas/presupuesto;2026-09-11
06763;San Nicolás;Presupuesto original 2026;Incorporado;2026;;https://www.sannicolasciudad.gob.ar/areas/economia-y-finanzas/presupuesto;2026-09-11
06763;San Nicolás;Presupuesto vigente 2026;Pendiente;2025-11-27;Crédito anual vigente 2026 y modificaciones, con fecha de corte y saldo inicial anual.;https://www.sannicolasciudad.gob.ar/areas/economia-y-finanzas/presupuesto;2026-09-11
06763;San Nicolás;Saldo de tesorería;Pendiente;;Estado de tesorería conciliado: bancos, efectivo, valores y fondos afectados. El saldo total no equivale a caja libre.;https://www.sannicolasciudad.gob.ar/areas/economia-y-finanzas/presupuesto;2026-09-11
06763;San Nicolás;Caja libre;Pendiente;;Caja de libre disponibilidad conciliada, descontando fondos afectados y obligaciones exigibles.;https://www.sannicolasciudad.gob.ar/areas/economia-y-finanzas/presupuesto;2026-09-11
06763;San Nicolás;Stock de deuda municipal;Pendiente;;"Planilla de deuda consolidada y flotante, contratos, moneda y corte; separar pasivos contables y evitar sumarlos dos veces.";https://www.sannicolasciudad.gob.ar/areas/economia-y-finanzas/presupuesto;2026-09-11
06763;San Nicolás;Calendario futuro de deuda;Pendiente;;"Planilla de vencimientos futuros de capital e intereses, por contrato y fecha; separar lo ya pagado del año.";https://www.sannicolasciudad.gob.ar/areas/economia-y-finanzas/presupuesto;2026-09-11
06763;San Nicolás;Deuda con proveedores vencida;Pendiente;;Antigüedad y vencimiento de facturas pendientes, conciliados con la deuda flotante. Pendiente no significa vencida.;https://www.sannicolasciudad.gob.ar/areas/economia-y-finanzas/presupuesto;2026-09-11
06763;San Nicolás;Flujos fiscales mensuales;Pendiente;;"Ingresos percibidos y gastos devengados por mes, sin acumulación; necesarios para ajustar cada flujo por IPC.";https://www.sannicolasciudad.gob.ar/areas/economia-y-finanzas/presupuesto;2026-09-11
06763;San Nicolás;Cierres fiscales anuales 2021–2025;Sin serie anual incorporada;;"CAIF de cierre anual 2021–2025 con los mismos organismos; no anualizar semestres.";https://www.sannicolasciudad.gob.ar/areas/economia-y-finanzas/presupuesto;2026-09-11
06763;San Nicolás;Transferencias provinciales;Incorporado;2025-01 a 2026-07;;https://www.sannicolasciudad.gob.ar/areas/economia-y-finanzas/presupuesto;2026-09-11
06763;San Nicolás;Empleo y salarios privados formales;Incorporado;2019-01 a 2025-12;;https://www.sannicolasciudad.gob.ar/areas/economia-y-finanzas/presupuesto;2026-09-11
06763;San Nicolás;Población y condiciones de vida;Incorporado;Censo 2022;;https://www.sannicolasciudad.gob.ar/areas/economia-y-finanzas/presupuesto;2026-09-11
06763;San Nicolás;Producto municipal;Incorporado;"2021–2023; precios 2004";;https://www.sannicolasciudad.gob.ar/areas/economia-y-finanzas/presupuesto;2026-09-11
06763;San Nicolás;Delitos registrados;Incorporado;2024–2025;;https://www.sannicolasciudad.gob.ar/areas/economia-y-finanzas/presupuesto;2026-09-11
06763;San Nicolás;Deuda de personas;Incorporado;2026-07;;https://www.sannicolasciudad.gob.ar/areas/economia-y-finanzas/presupuesto;2026-09-11
06763;San Nicolás;Préstamos y depósitos bancarios;Incorporado;2024-12;;https://www.sannicolasciudad.gob.ar/areas/economia-y-finanzas/presupuesto;2026-09-11
06763;San Nicolás;Empleo industrial;Incorporado;2025-12;;https://www.sannicolasciudad.gob.ar/areas/economia-y-finanzas/presupuesto;2026-09-11
06763;San Nicolás;Desempleo, informalidad y pobreza por ingresos;Sin serie comparable para 135;;"Encuesta representativa del municipio con metodología y muestra; los datos por aglomerado no representan automáticamente cada partido.";https://www.sannicolasciudad.gob.ar/areas/economia-y-finanzas/presupuesto;2026-09-11
06770;San Pedro;Cuenta fiscal comparable;Pendiente;enero–junio 2026;Cuenta ahorro-inversión-financiamiento (CAIF) enero–junio 2026, o ejecuciones por carácter económico conciliadas que excluyan financiamiento.;https://www.sanpedro.net.ar/datos_abiertos/presupuesto.php;2026-09-11
06770;San Pedro;Presupuesto original 2026;Pendiente;;"Ordenanza de presupuesto 2026 aprobada y total de erogaciones; identificar los organismos incluidos.";https://www.sanpedro.net.ar/datos_abiertos/presupuesto.php;2026-09-11
06770;San Pedro;Presupuesto vigente 2026;Pendiente;;Crédito anual vigente 2026 y modificaciones, con fecha de corte y saldo inicial anual.;https://www.sanpedro.net.ar/datos_abiertos/presupuesto.php;2026-09-11
06770;San Pedro;Saldo de tesorería;Pendiente;;Estado de tesorería conciliado: bancos, efectivo, valores y fondos afectados. El saldo total no equivale a caja libre.;https://www.sanpedro.net.ar/datos_abiertos/presupuesto.php;2026-09-11
06770;San Pedro;Caja libre;Pendiente;;Caja de libre disponibilidad conciliada, descontando fondos afectados y obligaciones exigibles.;https://www.sanpedro.net.ar/datos_abiertos/presupuesto.php;2026-09-11
06770;San Pedro;Stock de deuda municipal;Pendiente;;"Planilla de deuda consolidada y flotante, contratos, moneda y corte; separar pasivos contables y evitar sumarlos dos veces.";https://www.sanpedro.net.ar/datos_abiertos/presupuesto.php;2026-09-11
06770;San Pedro;Calendario futuro de deuda;Pendiente;;"Planilla de vencimientos futuros de capital e intereses, por contrato y fecha; separar lo ya pagado del año.";https://www.sanpedro.net.ar/datos_abiertos/presupuesto.php;2026-09-11
06770;San Pedro;Deuda con proveedores vencida;Pendiente;;Antigüedad y vencimiento de facturas pendientes, conciliados con la deuda flotante. Pendiente no significa vencida.;https://www.sanpedro.net.ar/datos_abiertos/presupuesto.php;2026-09-11
06770;San Pedro;Flujos fiscales mensuales;Pendiente;;"Ingresos percibidos y gastos devengados por mes, sin acumulación; necesarios para ajustar cada flujo por IPC.";https://www.sanpedro.net.ar/datos_abiertos/presupuesto.php;2026-09-11
06770;San Pedro;Cierres fiscales anuales 2021–2025;Sin serie anual incorporada;;"CAIF de cierre anual 2021–2025 con los mismos organismos; no anualizar semestres.";https://www.sanpedro.net.ar/datos_abiertos/presupuesto.php;2026-09-11
06770;San Pedro;Transferencias provinciales;Incorporado;2025-01 a 2026-07;;https://www.sanpedro.net.ar/datos_abiertos/presupuesto.php;2026-09-11
06770;San Pedro;Empleo y salarios privados formales;Incorporado;2019-01 a 2025-12;;https://www.sanpedro.net.ar/datos_abiertos/presupuesto.php;2026-09-11
06770;San Pedro;Población y condiciones de vida;Incorporado;Censo 2022;;https://www.sanpedro.net.ar/datos_abiertos/presupuesto.php;2026-09-11
06770;San Pedro;Producto municipal;Incorporado;"2021–2023; precios 2004";;https://www.sanpedro.net.ar/datos_abiertos/presupuesto.php;2026-09-11
06770;San Pedro;Delitos registrados;Incorporado;2024–2025;;https://www.sanpedro.net.ar/datos_abiertos/presupuesto.php;2026-09-11
06770;San Pedro;Deuda de personas;Incorporado;2026-07;;https://www.sanpedro.net.ar/datos_abiertos/presupuesto.php;2026-09-11
06770;San Pedro;Préstamos y depósitos bancarios;Incorporado;2024-12;;https://www.sanpedro.net.ar/datos_abiertos/presupuesto.php;2026-09-11
06770;San Pedro;Empleo industrial;Incorporado;2025-12;;https://www.sanpedro.net.ar/datos_abiertos/presupuesto.php;2026-09-11
06770;San Pedro;Desempleo, informalidad y pobreza por ingresos;Sin serie comparable para 135;;"Encuesta representativa del municipio con metodología y muestra; los datos por aglomerado no representan automáticamente cada partido.";https://www.sanpedro.net.ar/datos_abiertos/presupuesto.php;2026-09-11
06778;San Vicente;Cuenta fiscal comparable;Pendiente;enero–junio 2026;Cuenta ahorro-inversión-financiamiento (CAIF) enero–junio 2026, o ejecuciones por carácter económico conciliadas que excluyan financiamiento.;http://www.sanvicente.gob.ar/situacioneconomicofinanciera/;2026-09-11
06778;San Vicente;Presupuesto original 2026;Pendiente;;"Ordenanza de presupuesto 2026 aprobada y total de erogaciones; identificar los organismos incluidos.";http://www.sanvicente.gob.ar/situacioneconomicofinanciera/;2026-09-11
06778;San Vicente;Presupuesto vigente 2026;Pendiente;;Crédito anual vigente 2026 y modificaciones, con fecha de corte y saldo inicial anual.;http://www.sanvicente.gob.ar/situacioneconomicofinanciera/;2026-09-11
06778;San Vicente;Saldo de tesorería;Pendiente;;Estado de tesorería conciliado: bancos, efectivo, valores y fondos afectados. El saldo total no equivale a caja libre.;http://www.sanvicente.gob.ar/situacioneconomicofinanciera/;2026-09-11
06778;San Vicente;Caja libre;Pendiente;;Caja de libre disponibilidad conciliada, descontando fondos afectados y obligaciones exigibles.;http://www.sanvicente.gob.ar/situacioneconomicofinanciera/;2026-09-11
06778;San Vicente;Stock de deuda municipal;Pendiente;;"Planilla de deuda consolidada y flotante, contratos, moneda y corte; separar pasivos contables y evitar sumarlos dos veces.";http://www.sanvicente.gob.ar/situacioneconomicofinanciera/;2026-09-11
06778;San Vicente;Calendario futuro de deuda;Pendiente;;"Planilla de vencimientos futuros de capital e intereses, por contrato y fecha; separar lo ya pagado del año.";http://www.sanvicente.gob.ar/situacioneconomicofinanciera/;2026-09-11
06778;San Vicente;Deuda con proveedores vencida;Pendiente;;Antigüedad y vencimiento de facturas pendientes, conciliados con la deuda flotante. Pendiente no significa vencida.;http://www.sanvicente.gob.ar/situacioneconomicofinanciera/;2026-09-11
06778;San Vicente;Flujos fiscales mensuales;Pendiente;;"Ingresos percibidos y gastos devengados por mes, sin acumulación; necesarios para ajustar cada flujo por IPC.";http://www.sanvicente.gob.ar/situacioneconomicofinanciera/;2026-09-11
06778;San Vicente;Cierres fiscales anuales 2021–2025;Sin serie anual incorporada;;"CAIF de cierre anual 2021–2025 con los mismos organismos; no anualizar semestres.";http://www.sanvicente.gob.ar/situacioneconomicofinanciera/;2026-09-11
06778;San Vicente;Transferencias provinciales;Incorporado;2025-01 a 2026-07;;http://www.sanvicente.gob.ar/situacioneconomicofinanciera/;2026-09-11
06778;San Vicente;Empleo y salarios privados formales;Incorporado;2019-01 a 2025-12;;http://www.sanvicente.gob.ar/situacioneconomicofinanciera/;2026-09-11
06778;San Vicente;Población y condiciones de vida;Incorporado;Censo 2022;;http://www.sanvicente.gob.ar/situacioneconomicofinanciera/;2026-09-11
06778;San Vicente;Producto municipal;Incorporado;"2021–2023; precios 2004";;http://www.sanvicente.gob.ar/situacioneconomicofinanciera/;2026-09-11
06778;San Vicente;Delitos registrados;Incorporado;2024–2025;;http://www.sanvicente.gob.ar/situacioneconomicofinanciera/;2026-09-11
06778;San Vicente;Deuda de personas;Incorporado;2026-07;;http://www.sanvicente.gob.ar/situacioneconomicofinanciera/;2026-09-11
06778;San Vicente;Préstamos y depósitos bancarios;Incorporado;2024-12;;http://www.sanvicente.gob.ar/situacioneconomicofinanciera/;2026-09-11
06778;San Vicente;Empleo industrial;Incorporado;2025-12;;http://www.sanvicente.gob.ar/situacioneconomicofinanciera/;2026-09-11
06778;San Vicente;Desempleo, informalidad y pobreza por ingresos;Sin serie comparable para 135;;"Encuesta representativa del municipio con metodología y muestra; los datos por aglomerado no representan automáticamente cada partido.";http://www.sanvicente.gob.ar/situacioneconomicofinanciera/;2026-09-11
06784;Suipacha;Cuenta fiscal comparable;Pendiente;enero–junio 2026;Cuenta ahorro-inversión-financiamiento (CAIF) enero–junio 2026, o ejecuciones por carácter económico conciliadas que excluyan financiamiento.;https://suipacha.gob.ar/transparencia/;2026-09-11
06784;Suipacha;Presupuesto original 2026;Incorporado;2026;;https://suipacha.gob.ar/transparencia/;2026-09-11
06784;Suipacha;Presupuesto vigente 2026;Incorporado;2026-06-30;;https://suipacha.gob.ar/transparencia/;2026-09-11
06784;Suipacha;Saldo de tesorería;Pendiente;;Estado de tesorería conciliado: bancos, efectivo, valores y fondos afectados. El saldo total no equivale a caja libre.;https://suipacha.gob.ar/transparencia/;2026-09-11
06784;Suipacha;Caja libre;Pendiente;;Caja de libre disponibilidad conciliada, descontando fondos afectados y obligaciones exigibles.;https://suipacha.gob.ar/transparencia/;2026-09-11
06784;Suipacha;Stock de deuda municipal;Pendiente;;"Planilla de deuda consolidada y flotante, contratos, moneda y corte; separar pasivos contables y evitar sumarlos dos veces.";https://suipacha.gob.ar/transparencia/;2026-09-11
06784;Suipacha;Calendario futuro de deuda;Pendiente;;"Planilla de vencimientos futuros de capital e intereses, por contrato y fecha; separar lo ya pagado del año.";https://suipacha.gob.ar/transparencia/;2026-09-11
06784;Suipacha;Deuda con proveedores vencida;Pendiente;;Antigüedad y vencimiento de facturas pendientes, conciliados con la deuda flotante. Pendiente no significa vencida.;https://suipacha.gob.ar/transparencia/;2026-09-11
06784;Suipacha;Flujos fiscales mensuales;Pendiente;;"Ingresos percibidos y gastos devengados por mes, sin acumulación; necesarios para ajustar cada flujo por IPC.";https://suipacha.gob.ar/transparencia/;2026-09-11
06784;Suipacha;Cierres fiscales anuales 2021–2025;Sin serie anual incorporada;;"CAIF de cierre anual 2021–2025 con los mismos organismos; no anualizar semestres.";https://suipacha.gob.ar/transparencia/;2026-09-11
06784;Suipacha;Transferencias provinciales;Incorporado;2025-01 a 2026-07;;https://suipacha.gob.ar/transparencia/;2026-09-11
06784;Suipacha;Empleo y salarios privados formales;Incorporado;2019-01 a 2025-12;;https://suipacha.gob.ar/transparencia/;2026-09-11
06784;Suipacha;Población y condiciones de vida;Incorporado;Censo 2022;;https://suipacha.gob.ar/transparencia/;2026-09-11
06784;Suipacha;Producto municipal;Incorporado;"2021–2023; precios 2004";;https://suipacha.gob.ar/transparencia/;2026-09-11
06784;Suipacha;Delitos registrados;Incorporado;2024–2025;;https://suipacha.gob.ar/transparencia/;2026-09-11
06784;Suipacha;Deuda de personas;Incorporado;2026-07;;https://suipacha.gob.ar/transparencia/;2026-09-11
06784;Suipacha;Préstamos y depósitos bancarios;Reservado o sin cifra de origen;2024-12;"Cifra publicada por localización BCRA/DPE; las reservas estadísticas no se completan con cero.";https://suipacha.gob.ar/transparencia/;2026-09-11
06784;Suipacha;Empleo industrial;Incorporado;2025-12;;https://suipacha.gob.ar/transparencia/;2026-09-11
06784;Suipacha;Desempleo, informalidad y pobreza por ingresos;Sin serie comparable para 135;;"Encuesta representativa del municipio con metodología y muestra; los datos por aglomerado no representan automáticamente cada partido.";https://suipacha.gob.ar/transparencia/;2026-09-11
06791;Tandil;Cuenta fiscal comparable;Incorporado;enero–junio 2026;;https://autogestion.tandil.gov.ar/apex/f?p=174%3A13%3A%3A%3A%3A%3ACAT_DOC%3A5;2026-09-11
06791;Tandil;Presupuesto original 2026;Pendiente;2026;"Ordenanza de presupuesto 2026 aprobada y total de erogaciones; identificar los organismos incluidos.";https://autogestion.tandil.gov.ar/apex/f?p=174%3A13%3A%3A%3A%3A%3ACAT_DOC%3A5;2026-09-11
06791;Tandil;Presupuesto vigente 2026;Incorporado;2026-06-30;;https://autogestion.tandil.gov.ar/apex/f?p=174%3A13%3A%3A%3A%3A%3ACAT_DOC%3A5;2026-09-11
06791;Tandil;Saldo de tesorería;Pendiente;;Estado de tesorería conciliado: bancos, efectivo, valores y fondos afectados. El saldo total no equivale a caja libre.;https://autogestion.tandil.gov.ar/apex/f?p=174%3A13%3A%3A%3A%3A%3ACAT_DOC%3A5;2026-09-11
06791;Tandil;Caja libre;Pendiente;;Caja de libre disponibilidad conciliada, descontando fondos afectados y obligaciones exigibles.;https://autogestion.tandil.gov.ar/apex/f?p=174%3A13%3A%3A%3A%3A%3ACAT_DOC%3A5;2026-09-11
06791;Tandil;Stock de deuda municipal;Pendiente;;"Planilla de deuda consolidada y flotante, contratos, moneda y corte; separar pasivos contables y evitar sumarlos dos veces.";https://autogestion.tandil.gov.ar/apex/f?p=174%3A13%3A%3A%3A%3A%3ACAT_DOC%3A5;2026-09-11
06791;Tandil;Calendario futuro de deuda;Pendiente;;"Planilla de vencimientos futuros de capital e intereses, por contrato y fecha; separar lo ya pagado del año.";https://autogestion.tandil.gov.ar/apex/f?p=174%3A13%3A%3A%3A%3A%3ACAT_DOC%3A5;2026-09-11
06791;Tandil;Deuda con proveedores vencida;Pendiente;;Antigüedad y vencimiento de facturas pendientes, conciliados con la deuda flotante. Pendiente no significa vencida.;https://autogestion.tandil.gov.ar/apex/f?p=174%3A13%3A%3A%3A%3A%3ACAT_DOC%3A5;2026-09-11
06791;Tandil;Flujos fiscales mensuales;Pendiente;;"Ingresos percibidos y gastos devengados por mes, sin acumulación; necesarios para ajustar cada flujo por IPC.";https://autogestion.tandil.gov.ar/apex/f?p=174%3A13%3A%3A%3A%3A%3ACAT_DOC%3A5;2026-09-11
06791;Tandil;Cierres fiscales anuales 2021–2025;Sin serie anual incorporada;;"CAIF de cierre anual 2021–2025 con los mismos organismos; no anualizar semestres.";https://autogestion.tandil.gov.ar/apex/f?p=174%3A13%3A%3A%3A%3A%3ACAT_DOC%3A5;2026-09-11
06791;Tandil;Transferencias provinciales;Incorporado;2025-01 a 2026-07;;https://autogestion.tandil.gov.ar/apex/f?p=174%3A13%3A%3A%3A%3A%3ACAT_DOC%3A5;2026-09-11
06791;Tandil;Empleo y salarios privados formales;Incorporado;2019-01 a 2025-12;;https://autogestion.tandil.gov.ar/apex/f?p=174%3A13%3A%3A%3A%3A%3ACAT_DOC%3A5;2026-09-11
06791;Tandil;Población y condiciones de vida;Incorporado;Censo 2022;;https://autogestion.tandil.gov.ar/apex/f?p=174%3A13%3A%3A%3A%3A%3ACAT_DOC%3A5;2026-09-11
06791;Tandil;Producto municipal;Incorporado;"2021–2023; precios 2004";;https://autogestion.tandil.gov.ar/apex/f?p=174%3A13%3A%3A%3A%3A%3ACAT_DOC%3A5;2026-09-11
06791;Tandil;Delitos registrados;Incorporado;2024–2025;;https://autogestion.tandil.gov.ar/apex/f?p=174%3A13%3A%3A%3A%3A%3ACAT_DOC%3A5;2026-09-11
06791;Tandil;Deuda de personas;Incorporado;2026-07;;https://autogestion.tandil.gov.ar/apex/f?p=174%3A13%3A%3A%3A%3A%3ACAT_DOC%3A5;2026-09-11
06791;Tandil;Préstamos y depósitos bancarios;Incorporado;2024-12;;https://autogestion.tandil.gov.ar/apex/f?p=174%3A13%3A%3A%3A%3A%3ACAT_DOC%3A5;2026-09-11
06791;Tandil;Empleo industrial;Incorporado;2025-12;;https://autogestion.tandil.gov.ar/apex/f?p=174%3A13%3A%3A%3A%3A%3ACAT_DOC%3A5;2026-09-11
06791;Tandil;Desempleo, informalidad y pobreza por ingresos;Sin serie comparable para 135;;"Encuesta representativa del municipio con metodología y muestra; los datos por aglomerado no representan automáticamente cada partido.";https://autogestion.tandil.gov.ar/apex/f?p=174%3A13%3A%3A%3A%3A%3ACAT_DOC%3A5;2026-09-11
06798;Tapalqué;Cuenta fiscal comparable;Incorporado;enero–junio 2026;;https://www.municipiodetapalque.gob.ar/2026-transparencia;2026-09-11
06798;Tapalqué;Presupuesto original 2026;Pendiente;2026;"Ordenanza de presupuesto 2026 aprobada y total de erogaciones; identificar los organismos incluidos.";https://www.municipiodetapalque.gob.ar/2026-transparencia;2026-09-11
06798;Tapalqué;Presupuesto vigente 2026;Incorporado;2026-06-30;;https://www.municipiodetapalque.gob.ar/2026-transparencia;2026-09-11
06798;Tapalqué;Saldo de tesorería;Pendiente;;Estado de tesorería conciliado: bancos, efectivo, valores y fondos afectados. El saldo total no equivale a caja libre.;https://www.municipiodetapalque.gob.ar/2026-transparencia;2026-09-11
06798;Tapalqué;Caja libre;Pendiente;;Caja de libre disponibilidad conciliada, descontando fondos afectados y obligaciones exigibles.;https://www.municipiodetapalque.gob.ar/2026-transparencia;2026-09-11
06798;Tapalqué;Stock de deuda municipal;Pendiente;;"Planilla de deuda consolidada y flotante, contratos, moneda y corte; separar pasivos contables y evitar sumarlos dos veces.";https://www.municipiodetapalque.gob.ar/2026-transparencia;2026-09-11
06798;Tapalqué;Calendario futuro de deuda;Pendiente;;"Planilla de vencimientos futuros de capital e intereses, por contrato y fecha; separar lo ya pagado del año.";https://www.municipiodetapalque.gob.ar/2026-transparencia;2026-09-11
06798;Tapalqué;Deuda con proveedores vencida;Pendiente;;Antigüedad y vencimiento de facturas pendientes, conciliados con la deuda flotante. Pendiente no significa vencida.;https://www.municipiodetapalque.gob.ar/2026-transparencia;2026-09-11
06798;Tapalqué;Flujos fiscales mensuales;Pendiente;;"Ingresos percibidos y gastos devengados por mes, sin acumulación; necesarios para ajustar cada flujo por IPC.";https://www.municipiodetapalque.gob.ar/2026-transparencia;2026-09-11
06798;Tapalqué;Cierres fiscales anuales 2021–2025;Sin serie anual incorporada;;"CAIF de cierre anual 2021–2025 con los mismos organismos; no anualizar semestres.";https://www.municipiodetapalque.gob.ar/2026-transparencia;2026-09-11
06798;Tapalqué;Transferencias provinciales;Incorporado;2025-01 a 2026-07;;https://www.municipiodetapalque.gob.ar/2026-transparencia;2026-09-11
06798;Tapalqué;Empleo y salarios privados formales;Incorporado;2019-01 a 2025-12;;https://www.municipiodetapalque.gob.ar/2026-transparencia;2026-09-11
06798;Tapalqué;Población y condiciones de vida;Incorporado;Censo 2022;;https://www.municipiodetapalque.gob.ar/2026-transparencia;2026-09-11
06798;Tapalqué;Producto municipal;Incorporado;"2021–2023; precios 2004";;https://www.municipiodetapalque.gob.ar/2026-transparencia;2026-09-11
06798;Tapalqué;Delitos registrados;Incorporado;2024–2025;;https://www.municipiodetapalque.gob.ar/2026-transparencia;2026-09-11
06798;Tapalqué;Deuda de personas;Incorporado;2026-07;;https://www.municipiodetapalque.gob.ar/2026-transparencia;2026-09-11
06798;Tapalqué;Préstamos y depósitos bancarios;Reservado o sin cifra de origen;2024-12;"Cifra publicada por localización BCRA/DPE; las reservas estadísticas no se completan con cero.";https://www.municipiodetapalque.gob.ar/2026-transparencia;2026-09-11
06798;Tapalqué;Empleo industrial;Reservado o sin cifra de origen;2025-12;Dato sectorial OEDE publicado. No reconstruir celdas reservadas por diferencia.;https://www.municipiodetapalque.gob.ar/2026-transparencia;2026-09-11
06798;Tapalqué;Desempleo, informalidad y pobreza por ingresos;Sin serie comparable para 135;;"Encuesta representativa del municipio con metodología y muestra; los datos por aglomerado no representan automáticamente cada partido.";https://www.municipiodetapalque.gob.ar/2026-transparencia;2026-09-11
06805;Tigre;Cuenta fiscal comparable;Incorporado;enero–junio 2026;;https://www.tigre.gob.ar/gobierno/informacion_gestion;2026-09-11
06805;Tigre;Presupuesto original 2026;Incorporado;2026;;https://www.tigre.gob.ar/gobierno/informacion_gestion;2026-09-11
06805;Tigre;Presupuesto vigente 2026;Incorporado;2026-06-30;;https://www.tigre.gob.ar/gobierno/informacion_gestion;2026-09-11
06805;Tigre;Saldo de tesorería;Incorporado;2025-12-31;;https://www.tigre.gob.ar/gobierno/informacion_gestion;2026-09-11
06805;Tigre;Caja libre;Pendiente;;Caja de libre disponibilidad conciliada, descontando fondos afectados y obligaciones exigibles.;https://www.tigre.gob.ar/gobierno/informacion_gestion;2026-09-11
06805;Tigre;Stock de deuda municipal;Incorporado;2025-12-31;;https://www.tigre.gob.ar/gobierno/informacion_gestion;2026-09-11
06805;Tigre;Calendario futuro de deuda;Pendiente;;"Planilla de vencimientos futuros de capital e intereses, por contrato y fecha; separar lo ya pagado del año.";https://www.tigre.gob.ar/gobierno/informacion_gestion;2026-09-11
06805;Tigre;Deuda con proveedores vencida;Pendiente;;Antigüedad y vencimiento de facturas pendientes, conciliados con la deuda flotante. Pendiente no significa vencida.;https://www.tigre.gob.ar/gobierno/informacion_gestion;2026-09-11
06805;Tigre;Flujos fiscales mensuales;Pendiente;;"Ingresos percibidos y gastos devengados por mes, sin acumulación; necesarios para ajustar cada flujo por IPC.";https://www.tigre.gob.ar/gobierno/informacion_gestion;2026-09-11
06805;Tigre;Cierres fiscales anuales 2021–2025;Incorporado;2021, 2022, 2023, 2024, 2025;;https://www.tigre.gob.ar/gobierno/informacion_gestion;2026-09-11
06805;Tigre;Transferencias provinciales;Incorporado;2025-01 a 2026-07;;https://www.tigre.gob.ar/gobierno/informacion_gestion;2026-09-11
06805;Tigre;Empleo y salarios privados formales;Incorporado;2019-01 a 2025-12;;https://www.tigre.gob.ar/gobierno/informacion_gestion;2026-09-11
06805;Tigre;Población y condiciones de vida;Incorporado;Censo 2022;;https://www.tigre.gob.ar/gobierno/informacion_gestion;2026-09-11
06805;Tigre;Producto municipal;Incorporado;"2021–2023; precios 2004";;https://www.tigre.gob.ar/gobierno/informacion_gestion;2026-09-11
06805;Tigre;Delitos registrados;Incorporado;2024–2025;;https://www.tigre.gob.ar/gobierno/informacion_gestion;2026-09-11
06805;Tigre;Deuda de personas;Incorporado;2026-07;;https://www.tigre.gob.ar/gobierno/informacion_gestion;2026-09-11
06805;Tigre;Préstamos y depósitos bancarios;Incorporado;2024-12;;https://www.tigre.gob.ar/gobierno/informacion_gestion;2026-09-11
06805;Tigre;Empleo industrial;Incorporado;2025-12;;https://www.tigre.gob.ar/gobierno/informacion_gestion;2026-09-11
06805;Tigre;Desempleo, informalidad y pobreza por ingresos;Sin serie comparable para 135;;"Encuesta representativa del municipio con metodología y muestra; los datos por aglomerado no representan automáticamente cada partido.";https://www.tigre.gob.ar/gobierno/informacion_gestion;2026-09-11
06812;Tordillo;Cuenta fiscal comparable;Pendiente;enero–junio 2026;Cuenta ahorro-inversión-financiamiento (CAIF) enero–junio 2026, o ejecuciones por carácter económico conciliadas que excluyan financiamiento.;https://tordillomunicipio.com/;2026-09-11
06812;Tordillo;Presupuesto original 2026;Pendiente;;"Ordenanza de presupuesto 2026 aprobada y total de erogaciones; identificar los organismos incluidos.";https://tordillomunicipio.com/;2026-09-11
06812;Tordillo;Presupuesto vigente 2026;Pendiente;;Crédito anual vigente 2026 y modificaciones, con fecha de corte y saldo inicial anual.;https://tordillomunicipio.com/;2026-09-11
06812;Tordillo;Saldo de tesorería;Pendiente;;Estado de tesorería conciliado: bancos, efectivo, valores y fondos afectados. El saldo total no equivale a caja libre.;https://tordillomunicipio.com/;2026-09-11
06812;Tordillo;Caja libre;Pendiente;;Caja de libre disponibilidad conciliada, descontando fondos afectados y obligaciones exigibles.;https://tordillomunicipio.com/;2026-09-11
06812;Tordillo;Stock de deuda municipal;Pendiente;;"Planilla de deuda consolidada y flotante, contratos, moneda y corte; separar pasivos contables y evitar sumarlos dos veces.";https://tordillomunicipio.com/;2026-09-11
06812;Tordillo;Calendario futuro de deuda;Pendiente;;"Planilla de vencimientos futuros de capital e intereses, por contrato y fecha; separar lo ya pagado del año.";https://tordillomunicipio.com/;2026-09-11
06812;Tordillo;Deuda con proveedores vencida;Pendiente;;Antigüedad y vencimiento de facturas pendientes, conciliados con la deuda flotante. Pendiente no significa vencida.;https://tordillomunicipio.com/;2026-09-11
06812;Tordillo;Flujos fiscales mensuales;Pendiente;;"Ingresos percibidos y gastos devengados por mes, sin acumulación; necesarios para ajustar cada flujo por IPC.";https://tordillomunicipio.com/;2026-09-11
06812;Tordillo;Cierres fiscales anuales 2021–2025;Sin serie anual incorporada;;"CAIF de cierre anual 2021–2025 con los mismos organismos; no anualizar semestres.";https://tordillomunicipio.com/;2026-09-11
06812;Tordillo;Transferencias provinciales;Incorporado;2025-01 a 2026-07;;https://tordillomunicipio.com/;2026-09-11
06812;Tordillo;Empleo y salarios privados formales;Incorporado;2019-01 a 2025-12;;https://tordillomunicipio.com/;2026-09-11
06812;Tordillo;Población y condiciones de vida;Incorporado;Censo 2022;;https://tordillomunicipio.com/;2026-09-11
06812;Tordillo;Producto municipal;Incorporado;"2021–2023; precios 2004";;https://tordillomunicipio.com/;2026-09-11
06812;Tordillo;Delitos registrados;Incorporado;2024–2025;;https://tordillomunicipio.com/;2026-09-11
06812;Tordillo;Deuda de personas;Incorporado;2026-07;;https://tordillomunicipio.com/;2026-09-11
06812;Tordillo;Préstamos y depósitos bancarios;Reservado o sin cifra de origen;2024-12;"Cifra publicada por localización BCRA/DPE; las reservas estadísticas no se completan con cero.";https://tordillomunicipio.com/;2026-09-11
06812;Tordillo;Empleo industrial;Reservado o sin cifra de origen;2025-12;Dato sectorial OEDE publicado. No reconstruir celdas reservadas por diferencia.;https://tordillomunicipio.com/;2026-09-11
06812;Tordillo;Desempleo, informalidad y pobreza por ingresos;Sin serie comparable para 135;;"Encuesta representativa del municipio con metodología y muestra; los datos por aglomerado no representan automáticamente cada partido.";https://tordillomunicipio.com/;2026-09-11
06819;Tornquist;Cuenta fiscal comparable;Pendiente;enero–junio 2026;Cuenta ahorro-inversión-financiamiento (CAIF) enero–junio 2026, o ejecuciones por carácter económico conciliadas que excluyan financiamiento.;https://tornquist.gob.ar/gobierno-abierto;2026-09-11
06819;Tornquist;Presupuesto original 2026;Pendiente;;"Ordenanza de presupuesto 2026 aprobada y total de erogaciones; identificar los organismos incluidos.";https://tornquist.gob.ar/gobierno-abierto;2026-09-11
06819;Tornquist;Presupuesto vigente 2026;Pendiente;;Crédito anual vigente 2026 y modificaciones, con fecha de corte y saldo inicial anual.;https://tornquist.gob.ar/gobierno-abierto;2026-09-11
06819;Tornquist;Saldo de tesorería;Pendiente;;Estado de tesorería conciliado: bancos, efectivo, valores y fondos afectados. El saldo total no equivale a caja libre.;https://tornquist.gob.ar/gobierno-abierto;2026-09-11
06819;Tornquist;Caja libre;Pendiente;;Caja de libre disponibilidad conciliada, descontando fondos afectados y obligaciones exigibles.;https://tornquist.gob.ar/gobierno-abierto;2026-09-11
06819;Tornquist;Stock de deuda municipal;Pendiente;;"Planilla de deuda consolidada y flotante, contratos, moneda y corte; separar pasivos contables y evitar sumarlos dos veces.";https://tornquist.gob.ar/gobierno-abierto;2026-09-11
06819;Tornquist;Calendario futuro de deuda;Pendiente;;"Planilla de vencimientos futuros de capital e intereses, por contrato y fecha; separar lo ya pagado del año.";https://tornquist.gob.ar/gobierno-abierto;2026-09-11
06819;Tornquist;Deuda con proveedores vencida;Pendiente;;Antigüedad y vencimiento de facturas pendientes, conciliados con la deuda flotante. Pendiente no significa vencida.;https://tornquist.gob.ar/gobierno-abierto;2026-09-11
06819;Tornquist;Flujos fiscales mensuales;Pendiente;;"Ingresos percibidos y gastos devengados por mes, sin acumulación; necesarios para ajustar cada flujo por IPC.";https://tornquist.gob.ar/gobierno-abierto;2026-09-11
06819;Tornquist;Cierres fiscales anuales 2021–2025;Sin serie anual incorporada;;"CAIF de cierre anual 2021–2025 con los mismos organismos; no anualizar semestres.";https://tornquist.gob.ar/gobierno-abierto;2026-09-11
06819;Tornquist;Transferencias provinciales;Incorporado;2025-01 a 2026-07;;https://tornquist.gob.ar/gobierno-abierto;2026-09-11
06819;Tornquist;Empleo y salarios privados formales;Incorporado;2019-01 a 2025-12;;https://tornquist.gob.ar/gobierno-abierto;2026-09-11
06819;Tornquist;Población y condiciones de vida;Incorporado;Censo 2022;;https://tornquist.gob.ar/gobierno-abierto;2026-09-11
06819;Tornquist;Producto municipal;Incorporado;"2021–2023; precios 2004";;https://tornquist.gob.ar/gobierno-abierto;2026-09-11
06819;Tornquist;Delitos registrados;Incorporado;2024–2025;;https://tornquist.gob.ar/gobierno-abierto;2026-09-11
06819;Tornquist;Deuda de personas;Incorporado;2026-07;;https://tornquist.gob.ar/gobierno-abierto;2026-09-11
06819;Tornquist;Préstamos y depósitos bancarios;Incorporado;2024-12;;https://tornquist.gob.ar/gobierno-abierto;2026-09-11
06819;Tornquist;Empleo industrial;Incorporado;2025-12;;https://tornquist.gob.ar/gobierno-abierto;2026-09-11
06819;Tornquist;Desempleo, informalidad y pobreza por ingresos;Sin serie comparable para 135;;"Encuesta representativa del municipio con metodología y muestra; los datos por aglomerado no representan automáticamente cada partido.";https://tornquist.gob.ar/gobierno-abierto;2026-09-11
06826;Trenque Lauquen;Cuenta fiscal comparable;Incorporado;enero–junio 2026;;https://www.trenquelauquen.gov.ar/wordpress/wp-content/uploads/Situacion-Economica-Financiera-II%C2%B0-trimestre-2026.pdf;2026-09-11
06826;Trenque Lauquen;Presupuesto original 2026;Pendiente;2026;"Ordenanza de presupuesto 2026 aprobada y total de erogaciones; identificar los organismos incluidos.";https://www.trenquelauquen.gov.ar/wordpress/wp-content/uploads/Situacion-Economica-Financiera-II%C2%B0-trimestre-2026.pdf;2026-09-11
06826;Trenque Lauquen;Presupuesto vigente 2026;Incorporado;2026-06-30;;https://www.trenquelauquen.gov.ar/wordpress/wp-content/uploads/Situacion-Economica-Financiera-II%C2%B0-trimestre-2026.pdf;2026-09-11
06826;Trenque Lauquen;Saldo de tesorería;Pendiente;;Estado de tesorería conciliado: bancos, efectivo, valores y fondos afectados. El saldo total no equivale a caja libre.;https://www.trenquelauquen.gov.ar/wordpress/wp-content/uploads/Situacion-Economica-Financiera-II%C2%B0-trimestre-2026.pdf;2026-09-11
06826;Trenque Lauquen;Caja libre;Pendiente;;Caja de libre disponibilidad conciliada, descontando fondos afectados y obligaciones exigibles.;https://www.trenquelauquen.gov.ar/wordpress/wp-content/uploads/Situacion-Economica-Financiera-II%C2%B0-trimestre-2026.pdf;2026-09-11
06826;Trenque Lauquen;Stock de deuda municipal;Pendiente;;"Planilla de deuda consolidada y flotante, contratos, moneda y corte; separar pasivos contables y evitar sumarlos dos veces.";https://www.trenquelauquen.gov.ar/wordpress/wp-content/uploads/Situacion-Economica-Financiera-II%C2%B0-trimestre-2026.pdf;2026-09-11
06826;Trenque Lauquen;Calendario futuro de deuda;Pendiente;;"Planilla de vencimientos futuros de capital e intereses, por contrato y fecha; separar lo ya pagado del año.";https://www.trenquelauquen.gov.ar/wordpress/wp-content/uploads/Situacion-Economica-Financiera-II%C2%B0-trimestre-2026.pdf;2026-09-11
06826;Trenque Lauquen;Deuda con proveedores vencida;Pendiente;;Antigüedad y vencimiento de facturas pendientes, conciliados con la deuda flotante. Pendiente no significa vencida.;https://www.trenquelauquen.gov.ar/wordpress/wp-content/uploads/Situacion-Economica-Financiera-II%C2%B0-trimestre-2026.pdf;2026-09-11
06826;Trenque Lauquen;Flujos fiscales mensuales;Pendiente;;"Ingresos percibidos y gastos devengados por mes, sin acumulación; necesarios para ajustar cada flujo por IPC.";https://www.trenquelauquen.gov.ar/wordpress/wp-content/uploads/Situacion-Economica-Financiera-II%C2%B0-trimestre-2026.pdf;2026-09-11
06826;Trenque Lauquen;Cierres fiscales anuales 2021–2025;Sin serie anual incorporada;;"CAIF de cierre anual 2021–2025 con los mismos organismos; no anualizar semestres.";https://www.trenquelauquen.gov.ar/wordpress/wp-content/uploads/Situacion-Economica-Financiera-II%C2%B0-trimestre-2026.pdf;2026-09-11
06826;Trenque Lauquen;Transferencias provinciales;Incorporado;2025-01 a 2026-07;;https://www.trenquelauquen.gov.ar/wordpress/wp-content/uploads/Situacion-Economica-Financiera-II%C2%B0-trimestre-2026.pdf;2026-09-11
06826;Trenque Lauquen;Empleo y salarios privados formales;Incorporado;2019-01 a 2025-12;;https://www.trenquelauquen.gov.ar/wordpress/wp-content/uploads/Situacion-Economica-Financiera-II%C2%B0-trimestre-2026.pdf;2026-09-11
06826;Trenque Lauquen;Población y condiciones de vida;Incorporado;Censo 2022;;https://www.trenquelauquen.gov.ar/wordpress/wp-content/uploads/Situacion-Economica-Financiera-II%C2%B0-trimestre-2026.pdf;2026-09-11
06826;Trenque Lauquen;Producto municipal;Incorporado;"2021–2023; precios 2004";;https://www.trenquelauquen.gov.ar/wordpress/wp-content/uploads/Situacion-Economica-Financiera-II%C2%B0-trimestre-2026.pdf;2026-09-11
06826;Trenque Lauquen;Delitos registrados;Incorporado;2024–2025;;https://www.trenquelauquen.gov.ar/wordpress/wp-content/uploads/Situacion-Economica-Financiera-II%C2%B0-trimestre-2026.pdf;2026-09-11
06826;Trenque Lauquen;Deuda de personas;Incorporado;2026-07;;https://www.trenquelauquen.gov.ar/wordpress/wp-content/uploads/Situacion-Economica-Financiera-II%C2%B0-trimestre-2026.pdf;2026-09-11
06826;Trenque Lauquen;Préstamos y depósitos bancarios;Incorporado;2024-12;;https://www.trenquelauquen.gov.ar/wordpress/wp-content/uploads/Situacion-Economica-Financiera-II%C2%B0-trimestre-2026.pdf;2026-09-11
06826;Trenque Lauquen;Empleo industrial;Incorporado;2025-12;;https://www.trenquelauquen.gov.ar/wordpress/wp-content/uploads/Situacion-Economica-Financiera-II%C2%B0-trimestre-2026.pdf;2026-09-11
06826;Trenque Lauquen;Desempleo, informalidad y pobreza por ingresos;Sin serie comparable para 135;;"Encuesta representativa del municipio con metodología y muestra; los datos por aglomerado no representan automáticamente cada partido.";https://www.trenquelauquen.gov.ar/wordpress/wp-content/uploads/Situacion-Economica-Financiera-II%C2%B0-trimestre-2026.pdf;2026-09-11
06833;Tres Arroyos;Cuenta fiscal comparable;Incorporado;enero–junio 2026;;https://jitsi.tresarroyos.gov.ar/transparencia-fiscal;2026-09-11
06833;Tres Arroyos;Presupuesto original 2026;Pendiente;2026;"Ordenanza de presupuesto 2026 aprobada y total de erogaciones; identificar los organismos incluidos.";https://jitsi.tresarroyos.gov.ar/transparencia-fiscal;2026-09-11
06833;Tres Arroyos;Presupuesto vigente 2026;Incorporado;2026-06-30;;https://jitsi.tresarroyos.gov.ar/transparencia-fiscal;2026-09-11
06833;Tres Arroyos;Saldo de tesorería;Pendiente;;Estado de tesorería conciliado: bancos, efectivo, valores y fondos afectados. El saldo total no equivale a caja libre.;https://jitsi.tresarroyos.gov.ar/transparencia-fiscal;2026-09-11
06833;Tres Arroyos;Caja libre;Pendiente;;Caja de libre disponibilidad conciliada, descontando fondos afectados y obligaciones exigibles.;https://jitsi.tresarroyos.gov.ar/transparencia-fiscal;2026-09-11
06833;Tres Arroyos;Stock de deuda municipal;Pendiente;;"Planilla de deuda consolidada y flotante, contratos, moneda y corte; separar pasivos contables y evitar sumarlos dos veces.";https://jitsi.tresarroyos.gov.ar/transparencia-fiscal;2026-09-11
06833;Tres Arroyos;Calendario futuro de deuda;Pendiente;;"Planilla de vencimientos futuros de capital e intereses, por contrato y fecha; separar lo ya pagado del año.";https://jitsi.tresarroyos.gov.ar/transparencia-fiscal;2026-09-11
06833;Tres Arroyos;Deuda con proveedores vencida;Pendiente;;Antigüedad y vencimiento de facturas pendientes, conciliados con la deuda flotante. Pendiente no significa vencida.;https://jitsi.tresarroyos.gov.ar/transparencia-fiscal;2026-09-11
06833;Tres Arroyos;Flujos fiscales mensuales;Pendiente;;"Ingresos percibidos y gastos devengados por mes, sin acumulación; necesarios para ajustar cada flujo por IPC.";https://jitsi.tresarroyos.gov.ar/transparencia-fiscal;2026-09-11
06833;Tres Arroyos;Cierres fiscales anuales 2021–2025;Sin serie anual incorporada;;"CAIF de cierre anual 2021–2025 con los mismos organismos; no anualizar semestres.";https://jitsi.tresarroyos.gov.ar/transparencia-fiscal;2026-09-11
06833;Tres Arroyos;Transferencias provinciales;Incorporado;2025-01 a 2026-07;;https://jitsi.tresarroyos.gov.ar/transparencia-fiscal;2026-09-11
06833;Tres Arroyos;Empleo y salarios privados formales;Incorporado;2019-01 a 2025-12;;https://jitsi.tresarroyos.gov.ar/transparencia-fiscal;2026-09-11
06833;Tres Arroyos;Población y condiciones de vida;Incorporado;Censo 2022;;https://jitsi.tresarroyos.gov.ar/transparencia-fiscal;2026-09-11
06833;Tres Arroyos;Producto municipal;Incorporado;"2021–2023; precios 2004";;https://jitsi.tresarroyos.gov.ar/transparencia-fiscal;2026-09-11
06833;Tres Arroyos;Delitos registrados;Incorporado;2024–2025;;https://jitsi.tresarroyos.gov.ar/transparencia-fiscal;2026-09-11
06833;Tres Arroyos;Deuda de personas;Incorporado;2026-07;;https://jitsi.tresarroyos.gov.ar/transparencia-fiscal;2026-09-11
06833;Tres Arroyos;Préstamos y depósitos bancarios;Incorporado;2024-12;;https://jitsi.tresarroyos.gov.ar/transparencia-fiscal;2026-09-11
06833;Tres Arroyos;Empleo industrial;Incorporado;2025-12;;https://jitsi.tresarroyos.gov.ar/transparencia-fiscal;2026-09-11
06833;Tres Arroyos;Desempleo, informalidad y pobreza por ingresos;Sin serie comparable para 135;;"Encuesta representativa del municipio con metodología y muestra; los datos por aglomerado no representan automáticamente cada partido.";https://jitsi.tresarroyos.gov.ar/transparencia-fiscal;2026-09-11
06840;Tres de Febrero;Cuenta fiscal comparable;Incorporado;enero–junio 2026;;https://drive.google.com/uc?export=download&id=19FX8TPMQ9qoUFoJeo202Kqtvsg4MbS4H;2026-09-11
06840;Tres de Febrero;Presupuesto original 2026;Pendiente;2026;"Ordenanza de presupuesto 2026 aprobada y total de erogaciones; identificar los organismos incluidos.";https://drive.google.com/uc?export=download&id=19FX8TPMQ9qoUFoJeo202Kqtvsg4MbS4H;2026-09-11
06840;Tres de Febrero;Presupuesto vigente 2026;Incorporado;2026-06-30;;https://drive.google.com/uc?export=download&id=19FX8TPMQ9qoUFoJeo202Kqtvsg4MbS4H;2026-09-11
06840;Tres de Febrero;Saldo de tesorería;Pendiente;;Estado de tesorería conciliado: bancos, efectivo, valores y fondos afectados. El saldo total no equivale a caja libre.;https://drive.google.com/uc?export=download&id=19FX8TPMQ9qoUFoJeo202Kqtvsg4MbS4H;2026-09-11
06840;Tres de Febrero;Caja libre;Pendiente;;Caja de libre disponibilidad conciliada, descontando fondos afectados y obligaciones exigibles.;https://drive.google.com/uc?export=download&id=19FX8TPMQ9qoUFoJeo202Kqtvsg4MbS4H;2026-09-11
06840;Tres de Febrero;Stock de deuda municipal;Pendiente;;"Planilla de deuda consolidada y flotante, contratos, moneda y corte; separar pasivos contables y evitar sumarlos dos veces.";https://drive.google.com/uc?export=download&id=19FX8TPMQ9qoUFoJeo202Kqtvsg4MbS4H;2026-09-11
06840;Tres de Febrero;Calendario futuro de deuda;Pendiente;;"Planilla de vencimientos futuros de capital e intereses, por contrato y fecha; separar lo ya pagado del año.";https://drive.google.com/uc?export=download&id=19FX8TPMQ9qoUFoJeo202Kqtvsg4MbS4H;2026-09-11
06840;Tres de Febrero;Deuda con proveedores vencida;Pendiente;;Antigüedad y vencimiento de facturas pendientes, conciliados con la deuda flotante. Pendiente no significa vencida.;https://drive.google.com/uc?export=download&id=19FX8TPMQ9qoUFoJeo202Kqtvsg4MbS4H;2026-09-11
06840;Tres de Febrero;Flujos fiscales mensuales;Pendiente;;"Ingresos percibidos y gastos devengados por mes, sin acumulación; necesarios para ajustar cada flujo por IPC.";https://drive.google.com/uc?export=download&id=19FX8TPMQ9qoUFoJeo202Kqtvsg4MbS4H;2026-09-11
06840;Tres de Febrero;Cierres fiscales anuales 2021–2025;Sin serie anual incorporada;;"CAIF de cierre anual 2021–2025 con los mismos organismos; no anualizar semestres.";https://drive.google.com/uc?export=download&id=19FX8TPMQ9qoUFoJeo202Kqtvsg4MbS4H;2026-09-11
06840;Tres de Febrero;Transferencias provinciales;Incorporado;2025-01 a 2026-07;;https://drive.google.com/uc?export=download&id=19FX8TPMQ9qoUFoJeo202Kqtvsg4MbS4H;2026-09-11
06840;Tres de Febrero;Empleo y salarios privados formales;Incorporado;2019-01 a 2025-12;;https://drive.google.com/uc?export=download&id=19FX8TPMQ9qoUFoJeo202Kqtvsg4MbS4H;2026-09-11
06840;Tres de Febrero;Población y condiciones de vida;Incorporado;Censo 2022;;https://drive.google.com/uc?export=download&id=19FX8TPMQ9qoUFoJeo202Kqtvsg4MbS4H;2026-09-11
06840;Tres de Febrero;Producto municipal;Incorporado;"2021–2023; precios 2004";;https://drive.google.com/uc?export=download&id=19FX8TPMQ9qoUFoJeo202Kqtvsg4MbS4H;2026-09-11
06840;Tres de Febrero;Delitos registrados;Incorporado;2024–2025;;https://drive.google.com/uc?export=download&id=19FX8TPMQ9qoUFoJeo202Kqtvsg4MbS4H;2026-09-11
06840;Tres de Febrero;Deuda de personas;Incorporado;2026-07;;https://drive.google.com/uc?export=download&id=19FX8TPMQ9qoUFoJeo202Kqtvsg4MbS4H;2026-09-11
06840;Tres de Febrero;Préstamos y depósitos bancarios;Incorporado;2024-12;;https://drive.google.com/uc?export=download&id=19FX8TPMQ9qoUFoJeo202Kqtvsg4MbS4H;2026-09-11
06840;Tres de Febrero;Empleo industrial;Incorporado;2025-12;;https://drive.google.com/uc?export=download&id=19FX8TPMQ9qoUFoJeo202Kqtvsg4MbS4H;2026-09-11
06840;Tres de Febrero;Desempleo, informalidad y pobreza por ingresos;Sin serie comparable para 135;;"Encuesta representativa del municipio con metodología y muestra; los datos por aglomerado no representan automáticamente cada partido.";https://drive.google.com/uc?export=download&id=19FX8TPMQ9qoUFoJeo202Kqtvsg4MbS4H;2026-09-11
06847;Tres Lomas;Cuenta fiscal comparable;Incorporado;enero–junio 2026;;https://www.treslomas.gob.ar/?q=estado-economico;2026-09-11
06847;Tres Lomas;Presupuesto original 2026;Pendiente;2026;"Ordenanza de presupuesto 2026 aprobada y total de erogaciones; identificar los organismos incluidos.";https://www.treslomas.gob.ar/?q=estado-economico;2026-09-11
06847;Tres Lomas;Presupuesto vigente 2026;Incorporado;2026-06-30;;https://www.treslomas.gob.ar/?q=estado-economico;2026-09-11
06847;Tres Lomas;Saldo de tesorería;Pendiente;;Estado de tesorería conciliado: bancos, efectivo, valores y fondos afectados. El saldo total no equivale a caja libre.;https://www.treslomas.gob.ar/?q=estado-economico;2026-09-11
06847;Tres Lomas;Caja libre;Pendiente;;Caja de libre disponibilidad conciliada, descontando fondos afectados y obligaciones exigibles.;https://www.treslomas.gob.ar/?q=estado-economico;2026-09-11
06847;Tres Lomas;Stock de deuda municipal;Pendiente;;"Planilla de deuda consolidada y flotante, contratos, moneda y corte; separar pasivos contables y evitar sumarlos dos veces.";https://www.treslomas.gob.ar/?q=estado-economico;2026-09-11
06847;Tres Lomas;Calendario futuro de deuda;Pendiente;;"Planilla de vencimientos futuros de capital e intereses, por contrato y fecha; separar lo ya pagado del año.";https://www.treslomas.gob.ar/?q=estado-economico;2026-09-11
06847;Tres Lomas;Deuda con proveedores vencida;Pendiente;;Antigüedad y vencimiento de facturas pendientes, conciliados con la deuda flotante. Pendiente no significa vencida.;https://www.treslomas.gob.ar/?q=estado-economico;2026-09-11
06847;Tres Lomas;Flujos fiscales mensuales;Pendiente;;"Ingresos percibidos y gastos devengados por mes, sin acumulación; necesarios para ajustar cada flujo por IPC.";https://www.treslomas.gob.ar/?q=estado-economico;2026-09-11
06847;Tres Lomas;Cierres fiscales anuales 2021–2025;Sin serie anual incorporada;;"CAIF de cierre anual 2021–2025 con los mismos organismos; no anualizar semestres.";https://www.treslomas.gob.ar/?q=estado-economico;2026-09-11
06847;Tres Lomas;Transferencias provinciales;Incorporado;2025-01 a 2026-07;;https://www.treslomas.gob.ar/?q=estado-economico;2026-09-11
06847;Tres Lomas;Empleo y salarios privados formales;Incorporado;2019-01 a 2025-12;;https://www.treslomas.gob.ar/?q=estado-economico;2026-09-11
06847;Tres Lomas;Población y condiciones de vida;Incorporado;Censo 2022;;https://www.treslomas.gob.ar/?q=estado-economico;2026-09-11
06847;Tres Lomas;Producto municipal;Incorporado;"2021–2023; precios 2004";;https://www.treslomas.gob.ar/?q=estado-economico;2026-09-11
06847;Tres Lomas;Delitos registrados;Incorporado;2024–2025;;https://www.treslomas.gob.ar/?q=estado-economico;2026-09-11
06847;Tres Lomas;Deuda de personas;Incorporado;2026-07;;https://www.treslomas.gob.ar/?q=estado-economico;2026-09-11
06847;Tres Lomas;Préstamos y depósitos bancarios;Reservado o sin cifra de origen;2024-12;"Cifra publicada por localización BCRA/DPE; las reservas estadísticas no se completan con cero.";https://www.treslomas.gob.ar/?q=estado-economico;2026-09-11
06847;Tres Lomas;Empleo industrial;Incorporado;2025-12;;https://www.treslomas.gob.ar/?q=estado-economico;2026-09-11
06847;Tres Lomas;Desempleo, informalidad y pobreza por ingresos;Sin serie comparable para 135;;"Encuesta representativa del municipio con metodología y muestra; los datos por aglomerado no representan automáticamente cada partido.";https://www.treslomas.gob.ar/?q=estado-economico;2026-09-11
06854;25 de Mayo;Cuenta fiscal comparable;Incorporado;enero–junio 2026;;https://25demayo.gob.ar/informacion-economico-financiera-2/;2026-09-11
06854;25 de Mayo;Presupuesto original 2026;Pendiente;2026;"Ordenanza de presupuesto 2026 aprobada y total de erogaciones; identificar los organismos incluidos.";https://25demayo.gob.ar/informacion-economico-financiera-2/;2026-09-11
06854;25 de Mayo;Presupuesto vigente 2026;Incorporado;2026-03-31;;https://25demayo.gob.ar/informacion-economico-financiera-2/;2026-09-11
06854;25 de Mayo;Saldo de tesorería;Pendiente;;Estado de tesorería conciliado: bancos, efectivo, valores y fondos afectados. El saldo total no equivale a caja libre.;https://25demayo.gob.ar/informacion-economico-financiera-2/;2026-09-11
06854;25 de Mayo;Caja libre;Pendiente;;Caja de libre disponibilidad conciliada, descontando fondos afectados y obligaciones exigibles.;https://25demayo.gob.ar/informacion-economico-financiera-2/;2026-09-11
06854;25 de Mayo;Stock de deuda municipal;Pendiente;;"Planilla de deuda consolidada y flotante, contratos, moneda y corte; separar pasivos contables y evitar sumarlos dos veces.";https://25demayo.gob.ar/informacion-economico-financiera-2/;2026-09-11
06854;25 de Mayo;Calendario futuro de deuda;Pendiente;;"Planilla de vencimientos futuros de capital e intereses, por contrato y fecha; separar lo ya pagado del año.";https://25demayo.gob.ar/informacion-economico-financiera-2/;2026-09-11
06854;25 de Mayo;Deuda con proveedores vencida;Pendiente;;Antigüedad y vencimiento de facturas pendientes, conciliados con la deuda flotante. Pendiente no significa vencida.;https://25demayo.gob.ar/informacion-economico-financiera-2/;2026-09-11
06854;25 de Mayo;Flujos fiscales mensuales;Pendiente;;"Ingresos percibidos y gastos devengados por mes, sin acumulación; necesarios para ajustar cada flujo por IPC.";https://25demayo.gob.ar/informacion-economico-financiera-2/;2026-09-11
06854;25 de Mayo;Cierres fiscales anuales 2021–2025;Sin serie anual incorporada;;"CAIF de cierre anual 2021–2025 con los mismos organismos; no anualizar semestres.";https://25demayo.gob.ar/informacion-economico-financiera-2/;2026-09-11
06854;25 de Mayo;Transferencias provinciales;Incorporado;2025-01 a 2026-07;;https://25demayo.gob.ar/informacion-economico-financiera-2/;2026-09-11
06854;25 de Mayo;Empleo y salarios privados formales;Incorporado;2019-01 a 2025-12;;https://25demayo.gob.ar/informacion-economico-financiera-2/;2026-09-11
06854;25 de Mayo;Población y condiciones de vida;Incorporado;Censo 2022;;https://25demayo.gob.ar/informacion-economico-financiera-2/;2026-09-11
06854;25 de Mayo;Producto municipal;Incorporado;"2021–2023; precios 2004";;https://25demayo.gob.ar/informacion-economico-financiera-2/;2026-09-11
06854;25 de Mayo;Delitos registrados;Incorporado;2024–2025;;https://25demayo.gob.ar/informacion-economico-financiera-2/;2026-09-11
06854;25 de Mayo;Deuda de personas;Incorporado;2026-07;;https://25demayo.gob.ar/informacion-economico-financiera-2/;2026-09-11
06854;25 de Mayo;Préstamos y depósitos bancarios;Incorporado;2024-12;;https://25demayo.gob.ar/informacion-economico-financiera-2/;2026-09-11
06854;25 de Mayo;Empleo industrial;Incorporado;2025-12;;https://25demayo.gob.ar/informacion-economico-financiera-2/;2026-09-11
06854;25 de Mayo;Desempleo, informalidad y pobreza por ingresos;Sin serie comparable para 135;;"Encuesta representativa del municipio con metodología y muestra; los datos por aglomerado no representan automáticamente cada partido.";https://25demayo.gob.ar/informacion-economico-financiera-2/;2026-09-11
06861;Vicente López;Cuenta fiscal comparable;Pendiente;enero–junio 2026;Cuenta ahorro-inversión-financiamiento (CAIF) enero–junio 2026, o ejecuciones por carácter económico conciliadas que excluyan financiamiento.;https://www.vicentelopez.gov.ar/;2026-09-11
06861;Vicente López;Presupuesto original 2026;Incorporado;2026;;https://www.vicentelopez.gov.ar/;2026-09-11
06861;Vicente López;Presupuesto vigente 2026;Pendiente;2025-11-13;Crédito anual vigente 2026 y modificaciones, con fecha de corte y saldo inicial anual.;https://www.vicentelopez.gov.ar/;2026-09-11
06861;Vicente López;Saldo de tesorería;Pendiente;;Estado de tesorería conciliado: bancos, efectivo, valores y fondos afectados. El saldo total no equivale a caja libre.;https://www.vicentelopez.gov.ar/;2026-09-11
06861;Vicente López;Caja libre;Pendiente;;Caja de libre disponibilidad conciliada, descontando fondos afectados y obligaciones exigibles.;https://www.vicentelopez.gov.ar/;2026-09-11
06861;Vicente López;Stock de deuda municipal;Pendiente;;"Planilla de deuda consolidada y flotante, contratos, moneda y corte; separar pasivos contables y evitar sumarlos dos veces.";https://www.vicentelopez.gov.ar/;2026-09-11
06861;Vicente López;Calendario futuro de deuda;Pendiente;;"Planilla de vencimientos futuros de capital e intereses, por contrato y fecha; separar lo ya pagado del año.";https://www.vicentelopez.gov.ar/;2026-09-11
06861;Vicente López;Deuda con proveedores vencida;Pendiente;;Antigüedad y vencimiento de facturas pendientes, conciliados con la deuda flotante. Pendiente no significa vencida.;https://www.vicentelopez.gov.ar/;2026-09-11
06861;Vicente López;Flujos fiscales mensuales;Pendiente;;"Ingresos percibidos y gastos devengados por mes, sin acumulación; necesarios para ajustar cada flujo por IPC.";https://www.vicentelopez.gov.ar/;2026-09-11
06861;Vicente López;Cierres fiscales anuales 2021–2025;Sin serie anual incorporada;;"CAIF de cierre anual 2021–2025 con los mismos organismos; no anualizar semestres.";https://www.vicentelopez.gov.ar/;2026-09-11
06861;Vicente López;Transferencias provinciales;Incorporado;2025-01 a 2026-07;;https://www.vicentelopez.gov.ar/;2026-09-11
06861;Vicente López;Empleo y salarios privados formales;Incorporado;2019-01 a 2025-12;;https://www.vicentelopez.gov.ar/;2026-09-11
06861;Vicente López;Población y condiciones de vida;Incorporado;Censo 2022;;https://www.vicentelopez.gov.ar/;2026-09-11
06861;Vicente López;Producto municipal;Incorporado;"2021–2023; precios 2004";;https://www.vicentelopez.gov.ar/;2026-09-11
06861;Vicente López;Delitos registrados;Incorporado;2024–2025;;https://www.vicentelopez.gov.ar/;2026-09-11
06861;Vicente López;Deuda de personas;Incorporado;2026-07;;https://www.vicentelopez.gov.ar/;2026-09-11
06861;Vicente López;Préstamos y depósitos bancarios;Incorporado;2024-12;;https://www.vicentelopez.gov.ar/;2026-09-11
06861;Vicente López;Empleo industrial;Incorporado;2025-12;;https://www.vicentelopez.gov.ar/;2026-09-11
06861;Vicente López;Desempleo, informalidad y pobreza por ingresos;Sin serie comparable para 135;;"Encuesta representativa del municipio con metodología y muestra; los datos por aglomerado no representan automáticamente cada partido.";https://www.vicentelopez.gov.ar/;2026-09-11
06868;Villa Gesell;Cuenta fiscal comparable;Incorporado;enero–junio 2026;;https://www.gesell.gob.ar/info-util/transparencia-en-la-gestion.html;2026-09-11
06868;Villa Gesell;Presupuesto original 2026;Pendiente;2026;"Ordenanza de presupuesto 2026 aprobada y total de erogaciones; identificar los organismos incluidos.";https://www.gesell.gob.ar/info-util/transparencia-en-la-gestion.html;2026-09-11
06868;Villa Gesell;Presupuesto vigente 2026;Incorporado;2026-06-30;;https://www.gesell.gob.ar/info-util/transparencia-en-la-gestion.html;2026-09-11
06868;Villa Gesell;Saldo de tesorería;Pendiente;;Estado de tesorería conciliado: bancos, efectivo, valores y fondos afectados. El saldo total no equivale a caja libre.;https://www.gesell.gob.ar/info-util/transparencia-en-la-gestion.html;2026-09-11
06868;Villa Gesell;Caja libre;Pendiente;;Caja de libre disponibilidad conciliada, descontando fondos afectados y obligaciones exigibles.;https://www.gesell.gob.ar/info-util/transparencia-en-la-gestion.html;2026-09-11
06868;Villa Gesell;Stock de deuda municipal;Pendiente;;"Planilla de deuda consolidada y flotante, contratos, moneda y corte; separar pasivos contables y evitar sumarlos dos veces.";https://www.gesell.gob.ar/info-util/transparencia-en-la-gestion.html;2026-09-11
06868;Villa Gesell;Calendario futuro de deuda;Pendiente;;"Planilla de vencimientos futuros de capital e intereses, por contrato y fecha; separar lo ya pagado del año.";https://www.gesell.gob.ar/info-util/transparencia-en-la-gestion.html;2026-09-11
06868;Villa Gesell;Deuda con proveedores vencida;Pendiente;;Antigüedad y vencimiento de facturas pendientes, conciliados con la deuda flotante. Pendiente no significa vencida.;https://www.gesell.gob.ar/info-util/transparencia-en-la-gestion.html;2026-09-11
06868;Villa Gesell;Flujos fiscales mensuales;Pendiente;;"Ingresos percibidos y gastos devengados por mes, sin acumulación; necesarios para ajustar cada flujo por IPC.";https://www.gesell.gob.ar/info-util/transparencia-en-la-gestion.html;2026-09-11
06868;Villa Gesell;Cierres fiscales anuales 2021–2025;Sin serie anual incorporada;;"CAIF de cierre anual 2021–2025 con los mismos organismos; no anualizar semestres.";https://www.gesell.gob.ar/info-util/transparencia-en-la-gestion.html;2026-09-11
06868;Villa Gesell;Transferencias provinciales;Incorporado;2025-01 a 2026-07;;https://www.gesell.gob.ar/info-util/transparencia-en-la-gestion.html;2026-09-11
06868;Villa Gesell;Empleo y salarios privados formales;Incorporado;2019-01 a 2025-12;;https://www.gesell.gob.ar/info-util/transparencia-en-la-gestion.html;2026-09-11
06868;Villa Gesell;Población y condiciones de vida;Incorporado;Censo 2022;;https://www.gesell.gob.ar/info-util/transparencia-en-la-gestion.html;2026-09-11
06868;Villa Gesell;Producto municipal;Incorporado;"2021–2023; precios 2004";;https://www.gesell.gob.ar/info-util/transparencia-en-la-gestion.html;2026-09-11
06868;Villa Gesell;Delitos registrados;Incorporado;2024–2025;;https://www.gesell.gob.ar/info-util/transparencia-en-la-gestion.html;2026-09-11
06868;Villa Gesell;Deuda de personas;Incorporado;2026-07;;https://www.gesell.gob.ar/info-util/transparencia-en-la-gestion.html;2026-09-11
06868;Villa Gesell;Préstamos y depósitos bancarios;Incorporado;2024-12;;https://www.gesell.gob.ar/info-util/transparencia-en-la-gestion.html;2026-09-11
06868;Villa Gesell;Empleo industrial;Incorporado;2025-12;;https://www.gesell.gob.ar/info-util/transparencia-en-la-gestion.html;2026-09-11
06868;Villa Gesell;Desempleo, informalidad y pobreza por ingresos;Sin serie comparable para 135;;"Encuesta representativa del municipio con metodología y muestra; los datos por aglomerado no representan automáticamente cada partido.";https://www.gesell.gob.ar/info-util/transparencia-en-la-gestion.html;2026-09-11
06875;Villarino;Cuenta fiscal comparable;Pendiente;enero–junio 2026;Cuenta ahorro-inversión-financiamiento (CAIF) enero–junio 2026, o ejecuciones por carácter económico conciliadas que excluyan financiamiento.;https://www.villarino.gob.ar/economia/;2026-09-11
06875;Villarino;Presupuesto original 2026;Pendiente;;"Ordenanza de presupuesto 2026 aprobada y total de erogaciones; identificar los organismos incluidos.";https://www.villarino.gob.ar/economia/;2026-09-11
06875;Villarino;Presupuesto vigente 2026;Pendiente;;Crédito anual vigente 2026 y modificaciones, con fecha de corte y saldo inicial anual.;https://www.villarino.gob.ar/economia/;2026-09-11
06875;Villarino;Saldo de tesorería;Pendiente;;Estado de tesorería conciliado: bancos, efectivo, valores y fondos afectados. El saldo total no equivale a caja libre.;https://www.villarino.gob.ar/economia/;2026-09-11
06875;Villarino;Caja libre;Pendiente;;Caja de libre disponibilidad conciliada, descontando fondos afectados y obligaciones exigibles.;https://www.villarino.gob.ar/economia/;2026-09-11
06875;Villarino;Stock de deuda municipal;Pendiente;;"Planilla de deuda consolidada y flotante, contratos, moneda y corte; separar pasivos contables y evitar sumarlos dos veces.";https://www.villarino.gob.ar/economia/;2026-09-11
06875;Villarino;Calendario futuro de deuda;Pendiente;;"Planilla de vencimientos futuros de capital e intereses, por contrato y fecha; separar lo ya pagado del año.";https://www.villarino.gob.ar/economia/;2026-09-11
06875;Villarino;Deuda con proveedores vencida;Pendiente;;Antigüedad y vencimiento de facturas pendientes, conciliados con la deuda flotante. Pendiente no significa vencida.;https://www.villarino.gob.ar/economia/;2026-09-11
06875;Villarino;Flujos fiscales mensuales;Pendiente;;"Ingresos percibidos y gastos devengados por mes, sin acumulación; necesarios para ajustar cada flujo por IPC.";https://www.villarino.gob.ar/economia/;2026-09-11
06875;Villarino;Cierres fiscales anuales 2021–2025;Sin serie anual incorporada;;"CAIF de cierre anual 2021–2025 con los mismos organismos; no anualizar semestres.";https://www.villarino.gob.ar/economia/;2026-09-11
06875;Villarino;Transferencias provinciales;Incorporado;2025-01 a 2026-07;;https://www.villarino.gob.ar/economia/;2026-09-11
06875;Villarino;Empleo y salarios privados formales;Incorporado;2019-01 a 2025-12;;https://www.villarino.gob.ar/economia/;2026-09-11
06875;Villarino;Población y condiciones de vida;Incorporado;Censo 2022;;https://www.villarino.gob.ar/economia/;2026-09-11
06875;Villarino;Producto municipal;Incorporado;"2021–2023; precios 2004";;https://www.villarino.gob.ar/economia/;2026-09-11
06875;Villarino;Delitos registrados;Incorporado;2024–2025;;https://www.villarino.gob.ar/economia/;2026-09-11
06875;Villarino;Deuda de personas;Incorporado;2026-07;;https://www.villarino.gob.ar/economia/;2026-09-11
06875;Villarino;Préstamos y depósitos bancarios;Incorporado;2024-12;;https://www.villarino.gob.ar/economia/;2026-09-11
06875;Villarino;Empleo industrial;Incorporado;2025-12;;https://www.villarino.gob.ar/economia/;2026-09-11
06875;Villarino;Desempleo, informalidad y pobreza por ingresos;Sin serie comparable para 135;;"Encuesta representativa del municipio con metodología y muestra; los datos por aglomerado no representan automáticamente cada partido.";https://www.villarino.gob.ar/economia/;2026-09-11
06882;Zárate;Cuenta fiscal comparable;Incorporado;enero–junio 2026;;https://zarate.gob.ar/transparencia/;2026-09-11
06882;Zárate;Presupuesto original 2026;Pendiente;2026;"Ordenanza de presupuesto 2026 aprobada y total de erogaciones; identificar los organismos incluidos.";https://zarate.gob.ar/transparencia/;2026-09-11
06882;Zárate;Presupuesto vigente 2026;Incorporado;2026-06-30;;https://zarate.gob.ar/transparencia/;2026-09-11
06882;Zárate;Saldo de tesorería;Pendiente;;Estado de tesorería conciliado: bancos, efectivo, valores y fondos afectados. El saldo total no equivale a caja libre.;https://zarate.gob.ar/transparencia/;2026-09-11
06882;Zárate;Caja libre;Pendiente;;Caja de libre disponibilidad conciliada, descontando fondos afectados y obligaciones exigibles.;https://zarate.gob.ar/transparencia/;2026-09-11
06882;Zárate;Stock de deuda municipal;Pendiente;;"Planilla de deuda consolidada y flotante, contratos, moneda y corte; separar pasivos contables y evitar sumarlos dos veces.";https://zarate.gob.ar/transparencia/;2026-09-11
06882;Zárate;Calendario futuro de deuda;Pendiente;;"Planilla de vencimientos futuros de capital e intereses, por contrato y fecha; separar lo ya pagado del año.";https://zarate.gob.ar/transparencia/;2026-09-11
06882;Zárate;Deuda con proveedores vencida;Pendiente;;Antigüedad y vencimiento de facturas pendientes, conciliados con la deuda flotante. Pendiente no significa vencida.;https://zarate.gob.ar/transparencia/;2026-09-11
06882;Zárate;Flujos fiscales mensuales;Pendiente;;"Ingresos percibidos y gastos devengados por mes, sin acumulación; necesarios para ajustar cada flujo por IPC.";https://zarate.gob.ar/transparencia/;2026-09-11
06882;Zárate;Cierres fiscales anuales 2021–2025;Sin serie anual incorporada;;"CAIF de cierre anual 2021–2025 con los mismos organismos; no anualizar semestres.";https://zarate.gob.ar/transparencia/;2026-09-11
06882;Zárate;Transferencias provinciales;Incorporado;2025-01 a 2026-07;;https://zarate.gob.ar/transparencia/;2026-09-11
06882;Zárate;Empleo y salarios privados formales;Incorporado;2019-01 a 2025-12;;https://zarate.gob.ar/transparencia/;2026-09-11
06882;Zárate;Población y condiciones de vida;Incorporado;Censo 2022;;https://zarate.gob.ar/transparencia/;2026-09-11
06882;Zárate;Producto municipal;Incorporado;"2021–2023; precios 2004";;https://zarate.gob.ar/transparencia/;2026-09-11
06882;Zárate;Delitos registrados;Incorporado;2024–2025;;https://zarate.gob.ar/transparencia/;2026-09-11
06882;Zárate;Deuda de personas;Incorporado;2026-07;;https://zarate.gob.ar/transparencia/;2026-09-11
06882;Zárate;Préstamos y depósitos bancarios;Incorporado;2024-12;;https://zarate.gob.ar/transparencia/;2026-09-11
06882;Zárate;Empleo industrial;Incorporado;2025-12;;https://zarate.gob.ar/transparencia/;2026-09-11
06882;Zárate;Desempleo, informalidad y pobreza por ingresos;Sin serie comparable para 135;;"Encuesta representativa del municipio con metodología y muestra; los datos por aglomerado no representan automáticamente cada partido.";https://zarate.gob.ar/transparencia/;2026-09-11
